score_col,mode_family,ap_rank_preserving_by_design,threshold,cal_balanced,cal_precision,cal_recall,cal_unknown_reject,cal_num_accepted,cal_unknown_false_accept,cal_background_false_accepts,cal_tp_known,cal_AP50,cal_AP75,cal_AP,stream_hash,acceptance_mask_hash,canonical_stream,alpha,gamma,beta
raw_score,raw,True,0.00217759562656275,0.33447874203126515,0.154561985239063,0.832613079804091,0.7702702702702703,18698,901,14113,2890,0.6812417878942949,0.5363208931379845,0.49931802281922294,ea961a57f72b3fd3466a7cceac5d1fe0b7a650c052e219dcf16ff30cb4e37550,f3da4e24bc16bfb1bf02eb95638ea827c04fd5b607012859fc2bd493bb139a65,raw_score,,,
raw_score,raw,True,0.0064867450855672,0.44255149392072585,0.22886250601636451,0.8219533275713051,0.8383477817440081,12466,634,8456,2853,0.6812417878942949,0.5363208931379845,0.49931802281922294,ea961a57f72b3fd3466a7cceac5d1fe0b7a650c052e219dcf16ff30cb4e37550,a8ede41bdd27ee6af92451ec4518485d61c77825638dfaea55ab3ca222f9b8d5,raw_score,,,
raw_score,raw,True,0.0266128741204738,0.5940303664965592,0.3695187165775401,0.7963123019302795,0.9189189189189189,7480,318,4125,2764,0.6812417878942949,0.5363208931379845,0.49931802281922294,ea961a57f72b3fd3466a7cceac5d1fe0b7a650c052e219dcf16ff30cb4e37550,883b80aa846c0f1db1e800b9a856262335dce13db8e11e9b9aa2b89f19446065,raw_score,,,
raw_score,raw,True,0.05,0.6629963915307291,0.4579312679871339,0.7793143186401613,0.9451810300866905,5907,215,2787,2705,0.6812417878942949,0.5363208931379845,0.49931802281922294,ea961a57f72b3fd3466a7cceac5d1fe0b7a650c052e219dcf16ff30cb4e37550,14ee221de610d7f6866a388605a4e91523b35604a892e5b6721d283413d9651f,raw_score,,,
raw_score,raw,True,0.0806800574064254,0.7039499055019918,0.5271706436735513,0.7574186113511956,0.9574196838347782,4987,167,2033,2629,0.6812417878942949,0.5363208931379845,0.49931802281922294,ea961a57f72b3fd3466a7cceac5d1fe0b7a650c052e219dcf16ff30cb4e37550,663aa4c0cd732fef9cc761098b728639037181b6a7b835f094813925d78df7b0,raw_score,,,
raw_score,raw,True,0.1,0.7211557580864212,0.5608648648648649,0.7473350619418035,0.9625191228964813,4625,147,1738,2594,0.6812417878942949,0.5363208931379845,0.49931802281922294,ea961a57f72b3fd3466a7cceac5d1fe0b7a650c052e219dcf16ff30cb4e37550,bacb69136e14e63c85f52e5f07093f0d00f8b55689090e5b376015dd7da4aa2c,raw_score,,,
raw_score,raw,True,0.15,0.7487523681464991,0.6288737717309146,0.7191011235955056,0.9747577766445691,3969,99,1261,2496,0.6812417878942949,0.5363208931379845,0.49931802281922294,ea961a57f72b3fd3466a7cceac5d1fe0b7a650c052e219dcf16ff30cb4e37550,beafa208e2bcfb8400ecc202cf124c329791dce848b560632fbda5e433370b48,raw_score,,,
raw_score,raw,True,0.2,0.7624136039927157,0.6757888857860933,0.6972054163065399,0.9796022437531872,3581,80,985,2420,0.6812417878942949,0.5363208931379845,0.49931802281922294,ea961a57f72b3fd3466a7cceac5d1fe0b7a650c052e219dcf16ff30cb4e37550,3990d98649635ec8da60f12fc59c645dbe0b288404d1a37a9354848077c8c8e2,raw_score,,,
raw_score,raw,True,0.25,0.7704416497458977,0.7187211804488165,0.6735811005473927,0.982406935237124,3253,69,761,2338,0.6812417878942949,0.5363208931379845,0.49931802281922294,ea961a57f72b3fd3466a7cceac5d1fe0b7a650c052e219dcf16ff30cb4e37550,6515b2aae2e275ba4a84521ca08cf39fdb3060964da361681e43078285fce329,raw_score,,,
raw_score,raw,True,0.3,0.7735870556061988,0.7515775489870475,0.6519734946701239,0.9864864864864865,3011,53,625,2263,0.6812417878942949,0.5363208931379845,0.49931802281922294,ea961a57f72b3fd3466a7cceac5d1fe0b7a650c052e219dcf16ff30cb4e37550,dd92d09590cebb400ce699ee4711968cf92ee85cd228092ced97e3395308383a,raw_score,,,
raw_score,raw,True,0.35,0.7730552052979055,0.7794012829650748,0.6300777873811582,0.9895461499235084,2806,41,517,2187,0.6812417878942949,0.5363208931379845,0.49931802281922294,ea961a57f72b3fd3466a7cceac5d1fe0b7a650c052e219dcf16ff30cb4e37550,14087a1b695839ce8faf5683a28b0289d2c5fcbd45f6bc2ec2b80a028e5096b2,raw_score,,,
raw_score,raw,True,0.4,0.7698524377826896,0.8086989992301771,0.6053010659752233,0.9918408975012749,2598,32,417,2101,0.6812417878942949,0.5363208931379845,0.49931802281922294,ea961a57f72b3fd3466a7cceac5d1fe0b7a650c052e219dcf16ff30cb4e37550,491f9466583090807b60f172d50fb78f4aa464d484b7e5ea85e0939703531c51,raw_score,,,
raw_score,raw,True,0.4293421804904938,0.7663824988515954,0.822373696872494,0.5908959953903774,0.9938806731259562,2494,24,371,2051,0.6812417878942949,0.5363208931379845,0.49931802281922294,ea961a57f72b3fd3466a7cceac5d1fe0b7a650c052e219dcf16ff30cb4e37550,a9524fd418103e49f05d8d600319a67281a5b2d45627eed51af5904d4b0e57d2,raw_score,,,
raw_score,raw,True,0.5,0.7522738993763823,0.8534521158129176,0.5520023048112935,0.9954105048444671,2245,18,269,1916,0.6812417878942949,0.5363208931379845,0.49931802281922294,ea961a57f72b3fd3466a7cceac5d1fe0b7a650c052e219dcf16ff30cb4e37550,cb94eaf9527b44781823f6da94fd697164e694230ffef61ef1fa3b3779820cb5,raw_score,,,
raw_score,raw,True,0.6,0.7173318108423282,0.8911780243000528,0.4860270815326995,0.9974502804691484,1893,10,167,1687,0.6812417878942949,0.5363208931379845,0.49931802281922294,ea961a57f72b3fd3466a7cceac5d1fe0b7a650c052e219dcf16ff30cb4e37550,da8bfa7a5b238efa8983903524acd5369a4739a9b248aee0385abb3c93e5521a,raw_score,,,
raw_score,raw,True,0.7,0.6717934084590688,0.9348387096774193,0.41745894554883317,0.9994900560938297,1550,2,84,1449,0.6812417878942949,0.5363208931379845,0.49931802281922294,ea961a57f72b3fd3466a7cceac5d1fe0b7a650c052e219dcf16ff30cb4e37550,fbd689b4141af1b2f8fbf107e3ae268edd2a4918daae91e6d15316b48db6c3d8,raw_score,,,
raw_score,raw,True,0.7869471609592438,0.6078465707561458,0.9615076182838813,0.3454335926246039,0.9994900560938297,1247,2,37,1199,0.6812417878942949,0.5363208931379845,0.49931802281922294,ea961a57f72b3fd3466a7cceac5d1fe0b7a650c052e219dcf16ff30cb4e37550,c5dda26ae0500bb3ba5b3c758864c57c6d36e3666df1480ee46ea4d19d5c0ec5,raw_score,,,
raw_score,raw,True,0.8,0.5915626134454491,0.9645868465430016,0.3295880149812734,0.9994900560938297,1186,2,32,1144,0.6812417878942949,0.5363208931379845,0.49931802281922294,ea961a57f72b3fd3466a7cceac5d1fe0b7a650c052e219dcf16ff30cb4e37550,9e8627e6f4624bfe47058ea02d87f66630275a63c2d3bfb88c81701ff701f8fc,raw_score,,,
raw_score,raw,True,0.9,0.3922734026745914,0.9871794871794872,0.17747046960530108,1.0,624,0,7,616,0.6812417878942949,0.5363208931379845,0.49931802281922294,ea961a57f72b3fd3466a7cceac5d1fe0b7a650c052e219dcf16ff30cb4e37550,aad86e56682a31155f7ae158e781b9abe0a71809428f9e0f7e9cffb9807f55cd,raw_score,,,
raw_score,raw,True,0.9802049994468688,0.0008638065073423554,1.0,0.0002881014116969173,1.0,1,0,0,1,0.6812417878942949,0.5363208931379845,0.49931802281922294,ea961a57f72b3fd3466a7cceac5d1fe0b7a650c052e219dcf16ff30cb4e37550,d09a8e0a3d4c38c9f7ca032a9064384fe070f42bfd3a47dba82f69a10326d101,raw_score,,,
geometry_risk_score,geometry,False,0.032272544397357786,0.3355391189768921,0.15493635682960744,0.8346297896859695,0.776134625191229,18698,878,14243,2897,0.6812417878942949,0.5363208931379845,0.49931802281922294,89ef7c82118803fcdbef3b4ef751fab181dcba43a975b4cadbbe78835903819c,cc65a5d47b7574b6e4b5379e107fe431d3db27fcc675458a4229ae4bb1874e7c,geometry_risk_score,,,
geometry_risk_score,geometry,False,0.05,0.3925640547393851,0.1916550209622679,0.8297320656871219,0.8202447730749618,15027,705,10902,2880,0.6812417878942949,0.5363208931379845,0.49931802281922294,89ef7c82118803fcdbef3b4ef751fab181dcba43a975b4cadbbe78835903819c,890863b68da6b835c70c6e4b875665ca0b85a8f8bc2d01cda8259ee9ca557f5a,geometry_risk_score,,,
geometry_risk_score,geometry,False,0.07263651035103762,0.4451672486068831,0.22926359698379592,0.8233938346297897,0.8600203977562468,12466,549,8638,2858,0.6812417878942949,0.5363208931379845,0.49931802281922294,89ef7c82118803fcdbef3b4ef751fab181dcba43a975b4cadbbe78835903819c,574cb35a5518b3493252a534741001b6150d5be392833cd73114db21d29d4f10,geometry_risk_score,,,
geometry_risk_score,geometry,False,0.1,0.4924906954831607,0.2671239312223997,0.819072313454336,0.887302396736359,10643,442,7003,2843,0.6812417878942949,0.5363208931379845,0.49931802281922294,89ef7c82118803fcdbef3b4ef751fab181dcba43a975b4cadbbe78835903819c,04cbe583bcc5865dd587e01e16e6ff4de8e038dcdf8de122e70b3cc20a4adb5c,geometry_risk_score,,,
geometry_risk_score,geometry,False,0.15,0.5549028947830543,0.3241586677460391,0.8075482569864593,0.9232534421213666,8647,301,5264,2803,0.6812417878942949,0.5363208931379845,0.49931802281922294,89ef7c82118803fcdbef3b4ef751fab181dcba43a975b4cadbbe78835903819c,b94947a6f15e4c78b5b01b5b30fc37b978466532aaada2e833308ed35111f9d2,geometry_risk_score,,,
geometry_risk_score,geometry,False,0.2,0.5973974030067682,0.36939701173959444,0.797752808988764,0.9423763386027537,7496,226,4278,2769,0.6812417878942949,0.5363208931379845,0.49931802281922294,89ef7c82118803fcdbef3b4ef751fab181dcba43a975b4cadbbe78835903819c,9bbbe51034035fa6fd01c825cbb9b5b0606e093dfb32126cd2121f8177619fcf,geometry_risk_score,,,
geometry_risk_score,geometry,False,0.2009569534938995,0.5980855836244314,0.37018716577540106,0.797752808988764,0.9423763386027537,7480,226,4262,2769,0.6812417878942949,0.5363208931379845,0.49931802281922294,89ef7c82118803fcdbef3b4ef751fab181dcba43a975b4cadbbe78835903819c,dc22e60280ca29f67fc139856d8f5c91270ca7d78898ffad53c46d75688442be,geometry_risk_score,,,
geometry_risk_score,geometry,False,0.25,0.6336463421137712,0.41283438533213107,0.7914145779314319,0.9535951045385007,6654,182,3525,2747,0.6812417878942949,0.5363208931379845,0.49931802281922294,89ef7c82118803fcdbef3b4ef751fab181dcba43a975b4cadbbe78835903819c,4fece4694cb3b178a147ff3f461868fd99f9ea3ab6aee47126103c9739a2db77,geometry_risk_score,,,
geometry_risk_score,geometry,False,0.3,0.6613233802836199,0.45099667774086377,0.7821953327571305,0.9609892911779704,6020,153,2974,2715,0.6812417878942949,0.5363208931379845,0.49931802281922294,89ef7c82118803fcdbef3b4ef751fab181dcba43a975b4cadbbe78835903819c,1260702c816b220014b557ca37cac887e4a2e233f9d0907bc6c8f350c475406b,geometry_risk_score,,,
geometry_risk_score,geometry,False,0.35,0.6854591207308318,0.4880930739865479,0.773552290406223,0.9660887302396737,5501,133,2525,2685,0.6812417878942949,0.5363208931379845,0.49931802281922294,89ef7c82118803fcdbef3b4ef751fab181dcba43a975b4cadbbe78835903819c,9c9c4b469048781a5e435eb48da60e8667fbc1aa83f65cceeb79bbce6edd7e94,geometry_risk_score,,,
geometry_risk_score,geometry,False,0.4,0.7033288457783134,0.5199293147457295,0.762892538173437,0.9696583375828659,5093,119,2186,2648,0.6812417878942949,0.5363208931379845,0.49931802281922294,89ef7c82118803fcdbef3b4ef751fab181dcba43a975b4cadbbe78835903819c,dc467cc8bf2a9399535d77b20acc300db913a3482b717de57bfed8d1dee9eae3,geometry_risk_score,,,
geometry_risk_score,geometry,False,0.41484326940705507,0.7087083525757859,0.5295768999398436,0.7608758282915586,0.9704232534421213,4987,116,2090,2641,0.6812417878942949,0.5363208931379845,0.49931802281922294,89ef7c82118803fcdbef3b4ef751fab181dcba43a975b4cadbbe78835903819c,10a6a039d78da8ae3763b988c6b670b7250f6b634cf4024ec4f43f0ec3cc9b8a,geometry_risk_score,,,
geometry_risk_score,geometry,False,0.5,0.7325184160882217,0.579443447037702,0.7438778450014405,0.9752677205507394,4456,97,1659,2582,0.6812417878942949,0.5363208931379845,0.49931802281922294,89ef7c82118803fcdbef3b4ef751fab181dcba43a975b4cadbbe78835903819c,2f63e952c09e2abed458bc126446f60f1688196f52dbd3301f20810998b22a1b,geometry_risk_score,,,
geometry_risk_score,geometry,False,0.6,0.7544729929990247,0.6358102967283794,0.7222702391241717,0.9813870474247832,3943,73,1265,2507,0.6812417878942949,0.5363208931379845,0.49931802281922294,89ef7c82118803fcdbef3b4ef751fab181dcba43a975b4cadbbe78835903819c,45e1bde443e96d1b36cb46e50d01f270aa881c84fffe97ab543b9acc5e4a8c4b,geometry_risk_score,,,
geometry_risk_score,geometry,False,0.7,0.7710922461775156,0.6926382125465482,0.6966292134831461,0.9887812340642529,3491,44,940,2418,0.6812417878942949,0.5363208931379845,0.49931802281922294,89ef7c82118803fcdbef3b4ef751fab181dcba43a975b4cadbbe78835903819c,6bece2ee4bba7025613215a77cad2cfd674475db035ea99cb3d880bd524a5e85,geometry_risk_score,,,
geometry_risk_score,geometry,False,0.8,0.7805340064013896,0.7598137059214903,0.6580236243157591,0.9923508414074452,3006,30,625,2284,0.6812417878942949,0.5363208931379845,0.49931802281922294,89ef7c82118803fcdbef3b4ef751fab181dcba43a975b4cadbbe78835903819c,6fb30dd10bf0f000d4aad6417c60dc9674a0aa083169edd99c7aff3799ed9fa2,geometry_risk_score,,,
geometry_risk_score,geometry,False,0.8911318135878817,0.7732412567862117,0.8311948676824379,0.5972342264477096,0.9977052524222335,2494,9,367,2073,0.6812417878942949,0.5363208931379845,0.49931802281922294,89ef7c82118803fcdbef3b4ef751fab181dcba43a975b4cadbbe78835903819c,dd4690d22972a5f317f27a5b934c7717f4e4cb99bc911c0bf0142a66f800087f,geometry_risk_score,,,
geometry_risk_score,geometry,False,0.9,0.7695507332460894,0.8370947886746,0.5877268798617113,0.9977052524222335,2437,9,346,2040,0.6812417878942949,0.5363208931379845,0.49931802281922294,89ef7c82118803fcdbef3b4ef751fab181dcba43a975b4cadbbe78835903819c,f2f457570d453cca48209914229145b43eb0895cc2b49dd406225c48d8f33a12,geometry_risk_score,,,
geometry_risk_score,geometry,False,0.9829988571397295,0.6074736977598856,0.9607056936647955,0.34514549121290694,0.9997450280469148,1247,1,40,1198,0.6812417878942949,0.5363208931379845,0.49931802281922294,89ef7c82118803fcdbef3b4ef751fab181dcba43a975b4cadbbe78835903819c,d1d94176accc570e4f8c836c878a6de4f1a447fd2cd1623efa2ffc11eb8d7b63,geometry_risk_score,,,
geometry_risk_score,geometry,False,0.9996739054189633,0.0008638065073423554,1.0,0.0002881014116969173,1.0,1,0,0,1,0.6812417878942949,0.5363208931379845,0.49931802281922294,89ef7c82118803fcdbef3b4ef751fab181dcba43a975b4cadbbe78835903819c,d09a8e0a3d4c38c9f7ca032a9064384fe070f42bfd3a47dba82f69a10326d101,geometry_risk_score,,,
geometry_alpha_0p050,alpha_blend,False,0.0037795213461961795,0.33485263630192463,0.15466894855064714,0.8331892826274849,0.773074961754207,18698,890,14146,2892,0.6812417878942949,0.5363208931379845,0.49931802281922294,5aced0540b0c98c2885e1a4c2403d91a6b215a8d365cc482f0c8afde3968dd2b,5a591aa21523ccfa28ec92e116b49ced8d1e7cf78ce943a50a6f37f11b01d18e,geometry_alpha_0p050,0.05,,
geometry_alpha_0p050,alpha_blend,False,0.009867979768485625,0.44334933898011303,0.22902294240333707,0.8225295303946989,0.8442121366649669,12466,611,8500,2855,0.6812417878942949,0.5363208931379845,0.49931802281922294,5aced0540b0c98c2885e1a4c2403d91a6b215a8d365cc482f0c8afde3968dd2b,5771199f79771657daa2faca37c561e8363aebb0df72d7f555795e489de7173f,geometry_alpha_0p050,0.05,,
geometry_alpha_0p050,alpha_blend,False,0.03541771182828475,0.5954839946553725,0.3700534759358289,0.7974647075770671,0.9245283018867925,7480,296,4155,2768,0.6812417878942949,0.5363208931379845,0.49931802281922294,5aced0540b0c98c2885e1a4c2403d91a6b215a8d365cc482f0c8afde3968dd2b,cdc5af7b925ebcd114e5ba0e350244677d13aa7656df60942fc57d73ac75953e,geometry_alpha_0p050,0.05,,
geometry_alpha_0p050,alpha_blend,False,0.05,0.6368338372768022,0.4208256315465188,0.7870930567559781,0.9398266190719021,6492,236,3304,2732,0.6812417878942949,0.5363208931379845,0.49931802281922294,5aced0540b0c98c2885e1a4c2403d91a6b215a8d365cc482f0c8afde3968dd2b,e28ca09c715ec8c1d5990a1283150a84f7fb77002b70f7155a88720018600176,geometry_alpha_0p050,0.05,,
geometry_alpha_0p050,alpha_blend,False,0.09731481218599089,0.7056864149173568,0.5285742931622218,0.759435321233074,0.9592044875063743,4987,160,2031,2636,0.6812417878942949,0.5363208931379845,0.49931802281922294,5aced0540b0c98c2885e1a4c2403d91a6b215a8d365cc482f0c8afde3968dd2b,ae51541f73e43767ccdb6e85dcfeb6aaea9c2e6f2c079b26fe17532bf959d0f9,geometry_alpha_0p050,0.05,,
geometry_alpha_0p050,alpha_blend,False,0.1,0.7074128030234951,0.5331166192604633,0.7559781042927111,0.9594594594594594,4922,159,1984,2624,0.6812417878942949,0.5363208931379845,0.49931802281922294,5aced0540b0c98c2885e1a4c2403d91a6b215a8d365cc482f0c8afde3968dd2b,855f461d544b13868430cfc5029e8b3db0dd7a5270f7e399a3686d97e1bfeb72,geometry_alpha_0p050,0.05,,
geometry_alpha_0p050,alpha_blend,False,0.15,0.7395989158694848,0.6038635821607441,0.7294727744165946,0.971443141254462,4193,112,1428,2532,0.6812417878942949,0.5363208931379845,0.49931802281922294,5aced0540b0c98c2885e1a4c2403d91a6b215a8d365cc482f0c8afde3968dd2b,b3d1bd0d9831ba695857a4ebc57706418b03e6a526e6efba0ab5cc8b229132a5,geometry_alpha_0p050,0.05,,
geometry_alpha_0p050,alpha_blend,False,0.2,0.7560363099266161,0.6547109207708779,0.7046960530106597,0.9788373278939316,3736,83,1104,2446,0.6812417878942949,0.5363208931379845,0.49931802281922294,5aced0540b0c98c2885e1a4c2403d91a6b215a8d365cc482f0c8afde3968dd2b,c2fd64e32a56db301a17fffa48bcd0d9e928d04e5d648b8ce48381d747cf4b65,geometry_alpha_0p050,0.05,,
geometry_alpha_0p050,alpha_blend,False,0.25,0.7668763512092064,0.6988519281719164,0.6839527513684817,0.9813870474247832,3397,73,860,2374,0.6812417878942949,0.5363208931379845,0.49931802281922294,5aced0540b0c98c2885e1a4c2403d91a6b215a8d365cc482f0c8afde3968dd2b,85fabd74e82b631492887a0f59d4e546713fb8ac95f54338f2ef9bc9c7aa722d,geometry_alpha_0p050,0.05,,
geometry_alpha_0p050,alpha_blend,False,0.3,0.7740379323515258,0.7386983007374158,0.6637856525496975,0.9847016828148903,3119,60,681,2304,0.6812417878942949,0.5363208931379845,0.49931802281922294,5aced0540b0c98c2885e1a4c2403d91a6b215a8d365cc482f0c8afde3968dd2b,325b42f44c32444540badbf3a5339ea59a183be908bb9d5b549741c4bb932fd8,geometry_alpha_0p050,0.05,,
geometry_alpha_0p050,alpha_blend,False,0.35,0.7723742397040583,0.763573883161512,0.6401613367905503,0.9877613462519123,2910,48,573,2222,0.6812417878942949,0.5363208931379845,0.49931802281922294,5aced0540b0c98c2885e1a4c2403d91a6b215a8d365cc482f0c8afde3968dd2b,535b766e3293d3bc7390a28ec26515c22f2a1d02ce63e97c01d0796b2f280ff3,geometry_alpha_0p050,0.05,,
geometry_alpha_0p050,alpha_blend,False,0.4,0.7720952783213351,0.7972418934029072,0.6162489196197062,0.9915859255481897,2683,33,459,2139,0.6812417878942949,0.5363208931379845,0.49931802281922294,5aced0540b0c98c2885e1a4c2403d91a6b215a8d365cc482f0c8afde3968dd2b,1a10354e43065d4493d34c8b2341e748564e2335e6201e3e6e3e5ef620b4e729,geometry_alpha_0p050,0.05,,
geometry_alpha_0p050,alpha_blend,False,0.4520086187729247,0.7666600829648664,0.8227746591820368,0.5911840968020743,0.9938806731259562,2494,24,370,2052,0.6812417878942949,0.5363208931379845,0.49931802281922294,5aced0540b0c98c2885e1a4c2403d91a6b215a8d365cc482f0c8afde3968dd2b,5c6ddceb3ead05b0877e0594cde14de59dfaa55d1cd77fe7d1b427b2a2231ff5,geometry_alpha_0p050,0.05,,
geometry_alpha_0p050,alpha_blend,False,0.5,0.7574441065268739,0.8450582649978421,0.5641025641025641,0.9954105048444671,2317,18,297,1958,0.6812417878942949,0.5363208931379845,0.49931802281922294,5aced0540b0c98c2885e1a4c2403d91a6b215a8d365cc482f0c8afde3968dd2b,09ad5588e0727d83c32a31c7b19d8d02237176b14a8c69e26417369ce0cf53bf,geometry_alpha_0p050,0.05,,
geometry_alpha_0p050,alpha_blend,False,0.6,0.7257941235705048,0.8860500766479305,0.4995678478824546,0.9969403365629781,1957,12,179,1734,0.6812417878942949,0.5363208931379845,0.49931802281922294,5aced0540b0c98c2885e1a4c2403d91a6b215a8d365cc482f0c8afde3968dd2b,828e0981033c044254fa6f6e607932f2f7f78efe853a8f166d5db9968e042172,geometry_alpha_0p050,0.05,,
geometry_alpha_0p050,alpha_blend,False,0.7,0.6786777400139998,0.9308176100628931,0.4263900893114376,0.9992350841407445,1590,3,90,1480,0.6812417878942949,0.5363208931379845,0.49931802281922294,5aced0540b0c98c2885e1a4c2403d91a6b215a8d365cc482f0c8afde3968dd2b,278c58e496e73a5c5140f9e8db2b84cf9190bbf81fe3305c2aae32257944cdca,geometry_alpha_0p050,0.05,,
geometry_alpha_0p050,alpha_blend,False,0.7967589178910424,0.6078465707561458,0.9615076182838813,0.3454335926246039,0.9994900560938297,1247,2,37,1199,0.6812417878942949,0.5363208931379845,0.49931802281922294,5aced0540b0c98c2885e1a4c2403d91a6b215a8d365cc482f0c8afde3968dd2b,c5dda26ae0500bb3ba5b3c758864c57c6d36e3666df1480ee46ea4d19d5c0ec5,geometry_alpha_0p050,0.05,,
geometry_alpha_0p050,alpha_blend,False,0.8,0.6033014365013176,0.961038961038961,0.3411120714491501,0.9994900560938297,1232,2,37,1184,0.6812417878942949,0.5363208931379845,0.49931802281922294,5aced0540b0c98c2885e1a4c2403d91a6b215a8d365cc482f0c8afde3968dd2b,aff59b58e63425712c1fde8f088995a61b7fec9105d5d8fe50f35c3bbdb2d2e1,geometry_alpha_0p050,0.05,,
geometry_alpha_0p050,alpha_blend,False,0.9,0.4084919472913617,0.9878603945371776,0.18755401901469318,1.0,659,0,7,651,0.6812417878942949,0.5363208931379845,0.49931802281922294,5aced0540b0c98c2885e1a4c2403d91a6b215a8d365cc482f0c8afde3968dd2b,7c8c195903ad83b6cbdcaa81e87ad961fb89e920870439579cbe3970b25f0e70,geometry_alpha_0p050,0.05,,
geometry_alpha_0p050,alpha_blend,False,0.9811784447454734,0.0008638065073423554,1.0,0.0002881014116969173,1.0,1,0,0,1,0.6812417878942949,0.5363208931379845,0.49931802281922294,5aced0540b0c98c2885e1a4c2403d91a6b215a8d365cc482f0c8afde3968dd2b,d09a8e0a3d4c38c9f7ca032a9064384fe070f42bfd3a47dba82f69a10326d101,geometry_alpha_0p050,0.05,,
geometry_alpha_0p100,alpha_blend,False,0.005332005353264295,0.33505075357903646,0.15477591186223125,0.8337654854508787,0.773074961754207,18698,890,14166,2894,0.6812417878942949,0.5363208931379845,0.49931802281922294,65b89e03651f0b879e8cee3c478506648d6c74db02c7f01a6d694d03690a23c1,2b9191b8e81560d3cd0676aca07bffc2401f2a3a870912acdce6f04b8c0e2015,geometry_alpha_0p100,0.1,,
geometry_alpha_0p100,alpha_blend,False,0.01318816761354565,0.44361794792263354,0.22910316059682337,0.8228176318063959,0.8457419683834778,12466,605,8522,2856,0.6812417878942949,0.5363208931379845,0.49931802281922294,65b89e03651f0b879e8cee3c478506648d6c74db02c7f01a6d694d03690a23c1,dd74a8ad74de2c50fe94c3602618f2f229e9118970b4f58c15b493a11c3b01bf,geometry_alpha_0p100,0.1,,
geometry_alpha_0p100,alpha_blend,False,0.04407129152939217,0.5958068939559544,0.3699197860962567,0.7971766061653702,0.9280979092299847,7480,282,4173,2767,0.6812417878942949,0.5363208931379845,0.49931802281922294,65b89e03651f0b879e8cee3c478506648d6c74db02c7f01a6d694d03690a23c1,43dc2e22a18474901f03d74fa5ce0e5202553fdd5b354a8c07801fe12b37df29,geometry_alpha_0p100,0.1,,
geometry_alpha_0p100,alpha_blend,False,0.05,0.6119616852203971,0.3888027076575941,0.7942955920484011,0.9334523202447731,7091,261,3832,2757,0.6812417878942949,0.5363208931379845,0.49931802281922294,65b89e03651f0b879e8cee3c478506648d6c74db02c7f01a6d694d03690a23c1,0ef52294b33efdd7a4009a22c675019504887ac634d2b9049f793f1a787403f4,geometry_alpha_0p100,0.1,,
geometry_alpha_0p100,alpha_blend,False,0.1,0.6936773538871437,0.5061892972767092,0.7657735522904062,0.9584395716471188,5251,163,2262,2658,0.6812417878942949,0.5363208931379845,0.49931802281922294,65b89e03651f0b879e8cee3c478506648d6c74db02c7f01a6d694d03690a23c1,19e9418e1711570104eb77d6e1b7cadef56d8e5760b5c984ff95e2f8b7cbbe6b,geometry_alpha_0p100,0.1,,
geometry_alpha_0p100,alpha_blend,False,0.11294361811919548,0.706595939682339,0.5289753358732705,0.7600115240564679,0.962009178990311,4987,149,2042,2638,0.6812417878942949,0.5363208931379845,0.49931802281922294,65b89e03651f0b879e8cee3c478506648d6c74db02c7f01a6d694d03690a23c1,bae774cabd0f12ddc3fd7058a84eae7fbe1a7099d43b6be5965d54f00478a46c,geometry_alpha_0p100,0.1,,
geometry_alpha_0p100,alpha_blend,False,0.15,0.7313166277446109,0.5810383747178329,0.7415730337078652,0.96838347781744,4430,124,1597,2574,0.6812417878942949,0.5363208931379845,0.49931802281922294,65b89e03651f0b879e8cee3c478506648d6c74db02c7f01a6d694d03690a23c1,faba09fe65642e95297becd6cbc8d9bcca691b2ea3bb645b3d6b55177dac0ddd,geometry_alpha_0p100,0.1,,
geometry_alpha_0p100,alpha_blend,False,0.2,0.7516238992171568,0.6353661648379688,0.7173725151253241,0.9770525242223356,3919,90,1228,2490,0.6812417878942949,0.5363208931379845,0.49931802281922294,65b89e03651f0b879e8cee3c478506648d6c74db02c7f01a6d694d03690a23c1,f40110c422e2ef97de76fcf6e2f1ef0e2980cef2459c50bfccc1a1cc151e043f,geometry_alpha_0p100,0.1,,
geometry_alpha_0p100,alpha_blend,False,0.25,0.764318909588246,0.679382889200561,0.6977816191299338,0.9803671596124426,3565,77,972,2422,0.6812417878942949,0.5363208931379845,0.49931802281922294,65b89e03651f0b879e8cee3c478506648d6c74db02c7f01a6d694d03690a23c1,4b1649347d5545b789167692d06db418fe5dc7999f9652b7f6cd68747b31f483,geometry_alpha_0p100,0.1,,
geometry_alpha_0p100,alpha_blend,False,0.3,0.7720378840511593,0.7215541165587419,0.6741573033707865,0.9836817950025497,3243,64,756,2340,0.6812417878942949,0.5363208931379845,0.49931802281922294,65b89e03651f0b879e8cee3c478506648d6c74db02c7f01a6d694d03690a23c1,c075f8bb69444e5eb88ab17891324334cfc459780203a2221f5518603dd1b941,geometry_alpha_0p100,0.1,,
geometry_alpha_0p100,alpha_blend,False,0.35,0.7738199540415172,0.7514105542648523,0.6522615960818208,0.9872514023457419,3013,50,625,2264,0.6812417878942949,0.5363208931379845,0.49931802281922294,65b89e03651f0b879e8cee3c478506648d6c74db02c7f01a6d694d03690a23c1,83a9d8054ae1e36cda097a1fe022c8d7822cff22ccaa460f0e13944f6fa8196a,geometry_alpha_0p100,0.1,,
geometry_alpha_0p100,alpha_blend,False,0.4,0.7743305609496496,0.7829512893982808,0.6297896859694613,0.9908210096889343,2792,36,512,2186,0.6812417878942949,0.5363208931379845,0.49931802281922294,65b89e03651f0b879e8cee3c478506648d6c74db02c7f01a6d694d03690a23c1,cf333ddebad8e3cbe3b99e4511205446a9e4daad0ff49b24b38fa7c0c612532e,geometry_alpha_0p100,0.1,,
geometry_alpha_0p100,alpha_blend,False,0.4746499877442929,0.7675937427868983,0.8239775461106656,0.592048401037165,0.9943906170321265,2494,22,369,2055,0.6812417878942949,0.5363208931379845,0.49931802281922294,65b89e03651f0b879e8cee3c478506648d6c74db02c7f01a6d694d03690a23c1,b2ebd624a01c8e8098df0bd76573e04ebe69dcd66204e0779db48ba58a0ce581,geometry_alpha_0p100,0.1,,
geometry_alpha_0p100,alpha_blend,False,0.5,0.7626443410126559,0.8366067697450899,0.5767790262172284,0.9954105048444671,2393,18,327,2002,0.6812417878942949,0.5363208931379845,0.49931802281922294,65b89e03651f0b879e8cee3c478506648d6c74db02c7f01a6d694d03690a23c1,1d4fc0046cbccc4d7da5707f68f3f271af4ccfaac75e56086b061cdf8b476bd1,geometry_alpha_0p100,0.1,,
geometry_alpha_0p100,alpha_blend,False,0.6,0.7343099700757297,0.8796844181459567,0.5139729184673005,0.9969403365629781,2028,12,195,1784,0.6812417878942949,0.5363208931379845,0.49931802281922294,65b89e03651f0b879e8cee3c478506648d6c74db02c7f01a6d694d03690a23c1,c4a1245f65485d6734078347df99353ced8cdcadb0409bd9cc8a94a08b9c2e5e,geometry_alpha_0p100,0.1,,
geometry_alpha_0p100,alpha_blend,False,0.7,0.6854626147998304,0.9210206561360875,0.43676174013252667,0.9987251402345741,1646,5,104,1516,0.6812417878942949,0.5363208931379845,0.49931802281922294,65b89e03651f0b879e8cee3c478506648d6c74db02c7f01a6d694d03690a23c1,f2a74044998809111517a4f0f5636ecaac7d56f9ac4731c307904116adac554d,geometry_alpha_0p100,0.1,,
geometry_alpha_0p100,alpha_blend,False,0.8,0.615101366194531,0.9585289514866979,0.3529242293287237,0.9994900560938297,1278,2,41,1225,0.6812417878942949,0.5363208931379845,0.49931802281922294,65b89e03651f0b879e8cee3c478506648d6c74db02c7f01a6d694d03690a23c1,3fa9552ccfc0d778d1752e51271c4d9b8f16a38227e4bc1107377df788bc8855,geometry_alpha_0p100,0.1,,
geometry_alpha_0p100,alpha_blend,False,0.8065470117788652,0.6078465707561458,0.9615076182838813,0.3454335926246039,0.9994900560938297,1247,2,37,1199,0.6812417878942949,0.5363208931379845,0.49931802281922294,65b89e03651f0b879e8cee3c478506648d6c74db02c7f01a6d694d03690a23c1,c5dda26ae0500bb3ba5b3c758864c57c6d36e3666df1480ee46ea4d19d5c0ec5,geometry_alpha_0p100,0.1,,
geometry_alpha_0p100,alpha_blend,False,0.9,0.4232673267326733,0.987012987012987,0.19706136560069146,1.0,693,0,8,684,0.6812417878942949,0.5363208931379845,0.49931802281922294,65b89e03651f0b879e8cee3c478506648d6c74db02c7f01a6d694d03690a23c1,99891cb502e57178e259101c41b669943b18151598e5101193cf59c7990de021,geometry_alpha_0p100,0.1,,
geometry_alpha_0p100,alpha_blend,False,0.9821518900440782,0.0008638065073423554,1.0,0.0002881014116969173,1.0,1,0,0,1,0.6812417878942949,0.5363208931379845,0.49931802281922294,65b89e03651f0b879e8cee3c478506648d6c74db02c7f01a6d694d03690a23c1,d09a8e0a3d4c38c9f7ca032a9064384fe070f42bfd3a47dba82f69a10326d101,geometry_alpha_0p100,0.1,,
geometry_alpha_0p200,alpha_blend,False,0.008331995887371758,0.3354914241689646,0.15493635682960744,0.8346297896859695,0.7753697093319735,18698,881,14194,2897,0.6812417878942949,0.5363208931379845,0.49931802281922294,163c1085336e0344a54c56d31394c4a4e364e38a220ff1a30dcaa372b14701cc,d073a3a6a906fdb4c0d25613a5cab7c455e9fb6c485b2be12d71533107575a35,geometry_alpha_0p200,0.2,,
geometry_alpha_0p200,alpha_blend,False,0.019930543917263163,0.44392095637126056,0.22910316059682337,0.8228176318063959,0.8490566037735849,12466,592,8548,2856,0.6812417878942949,0.5363208931379845,0.49931802281922294,163c1085336e0344a54c56d31394c4a4e364e38a220ff1a30dcaa372b14701cc,d75cc379f27088ac9196c58be1faa9a5c0d3f98a6fe375a076ce850c196e5b70,geometry_alpha_0p200,0.2,,
geometry_alpha_0p200,alpha_blend,False,0.05,0.5680284872533912,0.33908604764219735,0.8038029386343993,0.9189189189189189,8228,318,4843,2790,0.6812417878942949,0.5363208931379845,0.49931802281922294,163c1085336e0344a54c56d31394c4a4e364e38a220ff1a30dcaa372b14701cc,76f02e63f8413cd5f9eddfb86f0f4b64a6a229f9d5db95291097426a668c7496,geometry_alpha_0p200,0.2,,
geometry_alpha_0p200,alpha_blend,False,0.061770777794542535,0.5970480036610732,0.37032085561497324,0.798040910400461,0.9334523202447731,7480,261,4199,2770,0.6812417878942949,0.5363208931379845,0.49931802281922294,163c1085336e0344a54c56d31394c4a4e364e38a220ff1a30dcaa372b14701cc,5032a8ce55264ca79f91b50c71d92d6e65e1b5ac28b195cbb4fab7159d6102de,geometry_alpha_0p200,0.2,,
geometry_alpha_0p200,alpha_blend,False,0.1,0.6623389838161223,0.454850621013763,0.780754825698646,0.952320244773075,5958,187,2873,2710,0.6812417878942949,0.5363208931379845,0.49931802281922294,163c1085336e0344a54c56d31394c4a4e364e38a220ff1a30dcaa372b14701cc,fa5c5fd0fc100d86921356fad614938bfd128ee6ab61452094a8db69bdd53c2a,geometry_alpha_0p200,0.2,,
geometry_alpha_0p200,alpha_blend,False,0.14581437623568538,0.707569447560921,0.5295768999398436,0.7608758282915586,0.9640489546149924,4987,141,2052,2641,0.6812417878942949,0.5363208931379845,0.49931802281922294,163c1085336e0344a54c56d31394c4a4e364e38a220ff1a30dcaa372b14701cc,1a7ed0c97f3a01489893ca74856dfc84ea5e831b0beb08d88e50fd247412caac,geometry_alpha_0p200,0.2,,
geometry_alpha_0p200,alpha_blend,False,0.15,0.7104693870472675,0.5348884381338742,0.759723422644771,0.9645588985211627,4930,139,2002,2637,0.6812417878942949,0.5363208931379845,0.49931802281922294,163c1085336e0344a54c56d31394c4a4e364e38a220ff1a30dcaa372b14701cc,4e3f753dfbd42eca6d24546cbf08d0d2fa98ed0f681007fd16d10106e5451aa0,geometry_alpha_0p200,0.2,,
geometry_alpha_0p200,alpha_blend,False,0.2,0.7362489268572038,0.5919075144508671,0.7375396139441083,0.971443141254462,4325,112,1523,2560,0.6812417878942949,0.5363208931379845,0.49931802281922294,163c1085336e0344a54c56d31394c4a4e364e38a220ff1a30dcaa372b14701cc,868772001c94a525174eb2a7cc228ea1ada926ab4e02d6fe8380f6b40ff52dbf,geometry_alpha_0p200,0.2,,
geometry_alpha_0p200,alpha_blend,False,0.25,0.7542557513505114,0.6423395445134575,0.7150677038317488,0.9783273839877613,3864,85,1194,2482,0.6812417878942949,0.5363208931379845,0.49931802281922294,163c1085336e0344a54c56d31394c4a4e364e38a220ff1a30dcaa372b14701cc,ab5c24a44e2bfdd17f5413757c18826f9c1f2d6746d99bcd277b91fbd75e020c,geometry_alpha_0p200,0.2,,
geometry_alpha_0p200,alpha_blend,False,0.3,0.7660113477325766,0.6822403602589361,0.6983578219533275,0.9816420193778684,3553,72,964,2424,0.6812417878942949,0.5363208931379845,0.49931802281922294,163c1085336e0344a54c56d31394c4a4e364e38a220ff1a30dcaa372b14701cc,95dbc8ad6042363c41c07ab5483fea6bf149022395fcc311d56a91c27bcb164f,geometry_alpha_0p200,0.2,,
geometry_alpha_0p200,alpha_blend,False,0.35,0.7726934984220166,0.7225308641975309,0.6744454047824834,0.9844467108618052,3240,61,757,2341,0.6812417878942949,0.5363208931379845,0.49931802281922294,163c1085336e0344a54c56d31394c4a4e364e38a220ff1a30dcaa372b14701cc,ac66557bc2553b161d9fa18c7c8adfe8a825918d8f1a9a1bd5aaba897cab905b,geometry_alpha_0p200,0.2,,
geometry_alpha_0p200,alpha_blend,False,0.4,0.7742650905017143,0.75199203187251,0.6525496974935178,0.9877613462519123,3012,48,625,2265,0.6812417878942949,0.5363208931379845,0.49931802281922294,163c1085336e0344a54c56d31394c4a4e364e38a220ff1a30dcaa372b14701cc,6b1883f6ea84da67d470da3226fb268fded0fb27b02c8fe699149c3b3e82c6ac,geometry_alpha_0p200,0.2,,
geometry_alpha_0p200,alpha_blend,False,0.5,0.7705240557765053,0.8132038834951456,0.6032843560933449,0.9938806731259562,2575,24,407,2094,0.6812417878942949,0.5363208931379845,0.49931802281922294,163c1085336e0344a54c56d31394c4a4e364e38a220ff1a30dcaa372b14701cc,d904c356936cab3085a2425576d64acb736874f376f0b75ff13dc25b7b8acf50,geometry_alpha_0p200,0.2,,
geometry_alpha_0p200,alpha_blend,False,0.5207824486798164,0.7685271394886628,0.8251804330392943,0.5929127052722558,0.9949005609382968,2494,20,368,2058,0.6812417878942949,0.5363208931379845,0.49931802281922294,163c1085336e0344a54c56d31394c4a4e364e38a220ff1a30dcaa372b14701cc,625892f5435b3a46d63894d4b5ca5bf5ce91bd21ea945147aa3c59cfd930b43a,geometry_alpha_0p200,0.2,,
geometry_alpha_0p200,alpha_blend,False,0.6,0.7485835641999832,0.8661744347023534,0.5407663497551138,0.9961754207037226,2167,15,236,1877,0.6812417878942949,0.5363208931379845,0.49931802281922294,163c1085336e0344a54c56d31394c4a4e364e38a220ff1a30dcaa372b14701cc,5d650e46d8d05807da224794f09882ccaa74dc1c1cd2366eee74fae14f20cc05,geometry_alpha_0p200,0.2,,
geometry_alpha_0p200,alpha_blend,False,0.7,0.7021514930723489,0.9090392268334281,0.4606741573033708,0.9982151963284038,1759,7,131,1599,0.6812417878942949,0.5363208931379845,0.49931802281922294,163c1085336e0344a54c56d31394c4a4e364e38a220ff1a30dcaa372b14701cc,ad88e36f1817b8d322098b17aab33e6899eefbf5e631eb44957631eaebc0b096,geometry_alpha_0p200,0.2,,
geometry_alpha_0p200,alpha_blend,False,0.8,0.6319504077143853,0.9526276831976314,0.3707865168539326,0.9994900560938297,1351,2,50,1287,0.6812417878942949,0.5363208931379845,0.49931802281922294,163c1085336e0344a54c56d31394c4a4e364e38a220ff1a30dcaa372b14701cc,b5b5d8e96f65772c9bb447969ca68c09e96a04891969b20787d5f20b95e58ab4,geometry_alpha_0p200,0.2,,
geometry_alpha_0p200,alpha_blend,False,0.8261418357176231,0.6078465707561458,0.9615076182838813,0.3454335926246039,0.9994900560938297,1247,2,37,1199,0.6812417878942949,0.5363208931379845,0.49931802281922294,163c1085336e0344a54c56d31394c4a4e364e38a220ff1a30dcaa372b14701cc,c5dda26ae0500bb3ba5b3c758864c57c6d36e3666df1480ee46ea4d19d5c0ec5,geometry_alpha_0p200,0.2,,
geometry_alpha_0p200,alpha_blend,False,0.9,0.45905558876270175,0.9846153846153847,0.2212618841832325,1.0,780,0,10,768,0.6812417878942949,0.5363208931379845,0.49931802281922294,163c1085336e0344a54c56d31394c4a4e364e38a220ff1a30dcaa372b14701cc,7257495c2ff9c773285128dbc1535e0715a6f9784a7b497f48275d758a180846,geometry_alpha_0p200,0.2,,
geometry_alpha_0p200,alpha_blend,False,0.9840987806412878,0.0008638065073423554,1.0,0.0002881014116969173,1.0,1,0,0,1,0.6812417878942949,0.5363208931379845,0.49931802281922294,163c1085336e0344a54c56d31394c4a4e364e38a220ff1a30dcaa372b14701cc,d09a8e0a3d4c38c9f7ca032a9064384fe070f42bfd3a47dba82f69a10326d101,geometry_alpha_0p200,0.2,,
geometry_alpha_0p400,alpha_blend,False,0.01436934581450362,0.33562234740081354,0.15498983848539952,0.8349178910976663,0.7758796532381438,18698,879,14211,2898,0.6812417878942949,0.5363208931379845,0.49931802281922294,71d15a5a7d4943464448052e56105617bc6f63100e11ce68b2065f2b8c78c26c,77ef9d7cacd78e0163a9dc0079cd87fa847de57993826c57bab1ce9da4a23cc8,geometry_alpha_0p400,0.4,,
geometry_alpha_0p400,alpha_blend,False,0.03314692590636276,0.44442931373152234,0.22910316059682337,0.8228176318063959,0.8546659867414584,12466,570,8591,2856,0.6812417878942949,0.5363208931379845,0.49931802281922294,71d15a5a7d4943464448052e56105617bc6f63100e11ce68b2065f2b8c78c26c,cf31219a1a6dfa07319aad687eb9593f2c1a59c9103c42fccb30709b726c7ab6,geometry_alpha_0p400,0.4,,
geometry_alpha_0p400,alpha_blend,False,0.05,0.5043741038275812,0.27788131436978913,0.8161912993373668,0.8895971443141254,10195,433,6582,2833,0.6812417878942949,0.5363208931379845,0.49931802281922294,71d15a5a7d4943464448052e56105617bc6f63100e11ce68b2065f2b8c78c26c,27a6986b0c203d98fadd32c42f405e99bd6d2ee418d8919772a92dabce70911d,geometry_alpha_0p400,0.4,,
geometry_alpha_0p400,alpha_blend,False,0.09700228377059943,0.5975704353485921,0.37018716577540106,0.797752808988764,0.9385517593064763,7480,241,4228,2769,0.6812417878942949,0.5363208931379845,0.49931802281922294,71d15a5a7d4943464448052e56105617bc6f63100e11ce68b2065f2b8c78c26c,0a2cfcaaba1e64f2419cd170fd4d3bc18c6bd1437f162a90d1f868b3d210791d,geometry_alpha_0p400,0.4,,
geometry_alpha_0p400,alpha_blend,False,0.1,0.6027720365688577,0.3759000135851107,0.7971766061653702,0.9413564507904131,7361,230,4124,2767,0.6812417878942949,0.5363208931379845,0.49931802281922294,71d15a5a7d4943464448052e56105617bc6f63100e11ce68b2065f2b8c78c26c,9cb0f6203ab23e469d31b525834336730fc00e2300407e9416c9c6024cb62a2f,geometry_alpha_0p400,0.4,,
geometry_alpha_0p400,alpha_blend,False,0.15,0.662467580102353,0.4541645718116306,0.780754825698646,0.9561448240693524,5967,172,2903,2710,0.6812417878942949,0.5363208931379845,0.49931802281922294,71d15a5a7d4943464448052e56105617bc6f63100e11ce68b2065f2b8c78c26c,3862810b67e8904303a8a7b837f45e93bb89e27465a8306675dba93f5dd9ea5d,geometry_alpha_0p400,0.4,,
geometry_alpha_0p400,alpha_blend,False,0.2,0.699636569011291,0.5144575975160101,0.7637568424085278,0.9663437021927588,5153,132,2217,2651,0.6812417878942949,0.5363208931379845,0.49931802281922294,71d15a5a7d4943464448052e56105617bc6f63100e11ce68b2065f2b8c78c26c,d72044b4f8fdf37647364b9810163d43d020e3bd268b6d96662fb4c84f303980,geometry_alpha_0p400,0.4,,
geometry_alpha_0p400,alpha_blend,False,0.21275727172163475,0.7077575983492858,0.5291758572287949,0.7602996254681648,0.9673635900050994,4987,128,2074,2639,0.6812417878942949,0.5363208931379845,0.49931802281922294,71d15a5a7d4943464448052e56105617bc6f63100e11ce68b2065f2b8c78c26c,c41428619906f675c30740fa8dcff410e21a909f5a163598b6b8abee23a0a81f,geometry_alpha_0p400,0.4,,
geometry_alpha_0p400,alpha_blend,False,0.25,0.7263091710561026,0.56589821661592,0.7496398732353788,0.971443141254462,4598,112,1754,2602,0.6812417878942949,0.5363208931379845,0.49931802281922294,71d15a5a7d4943464448052e56105617bc6f63100e11ce68b2065f2b8c78c26c,e301c1778b6577abd44559d919008e725c9561f909552ec8a2ffbfe39b1b8797,geometry_alpha_0p400,0.4,,
geometry_alpha_0p400,alpha_blend,False,0.3,0.7436023068981797,0.6088207094918504,0.7317775857101699,0.9752677205507394,4172,97,1420,2540,0.6812417878942949,0.5363208931379845,0.49931802281922294,71d15a5a7d4943464448052e56105617bc6f63100e11ce68b2065f2b8c78c26c,04af54bd3662540994d6625c6ba1e7c369b9c8a431d3822af7bdf4d7dbf55b62,geometry_alpha_0p400,0.4,,
geometry_alpha_0p400,alpha_blend,False,0.35,0.7582791865612871,0.6518303924150646,0.7130509939498704,0.9806221315655278,3797,76,1146,2475,0.6812417878942949,0.5363208931379845,0.49931802281922294,71d15a5a7d4943464448052e56105617bc6f63100e11ce68b2065f2b8c78c26c,9a66733f458971a323304d640b97ff8199d079cc0f9aa91aa4940cca4a3a3a2e,geometry_alpha_0p400,0.4,,
geometry_alpha_0p400,alpha_blend,False,0.4,0.7674537450412574,0.6849392483752472,0.6983578219533275,0.9831718510963794,3539,66,957,2424,0.6812417878942949,0.5363208931379845,0.49931802281922294,71d15a5a7d4943464448052e56105617bc6f63100e11ce68b2065f2b8c78c26c,65a72bb619c496fc10a4f6cfc26aeaf98c8af99918f1c0dd33b2ee4aa074bb62,geometry_alpha_0p400,0.4,,
geometry_alpha_0p400,alpha_blend,False,0.5,0.7765518225491905,0.7549867021276596,0.6542783059636992,0.9898011218765935,3008,40,626,2271,0.6812417878942949,0.5363208931379845,0.49931802281922294,71d15a5a7d4943464448052e56105617bc6f63100e11ce68b2065f2b8c78c26c,0e671fbddc0afc7074e18c77ff5ed74776fe9f08ac638dd34ea6edada7e26db3,geometry_alpha_0p400,0.4,,
geometry_alpha_0p400,alpha_blend,False,0.6,0.770458934432257,0.8184675834970531,0.6001152405646788,0.9943906170321265,2545,22,389,2083,0.6812417878942949,0.5363208931379845,0.49931802281922294,71d15a5a7d4943464448052e56105617bc6f63100e11ce68b2065f2b8c78c26c,90fd0d10b063c2686d65d71c431d2529144a9a77445cea49094104bc8e8b2fa0,geometry_alpha_0p400,0.4,,
geometry_alpha_0p400,alpha_blend,False,0.6133215827054312,0.769912667380719,0.8271852445870088,0.5943532123307405,0.9949005609382968,2494,20,364,2063,0.6812417878942949,0.5363208931379845,0.49931802281922294,71d15a5a7d4943464448052e56105617bc6f63100e11ce68b2065f2b8c78c26c,01e1cf2cbb588476a88aea3d30c17fba867d97e82276e4a166faf2c306a8d1c1,geometry_alpha_0p400,0.4,,
geometry_alpha_0p400,alpha_blend,False,0.7,0.7410415739925164,0.8780135004821601,0.5246326707000865,0.9966853646098929,2074,13,205,1821,0.6812417878942949,0.5363208931379845,0.49931802281922294,71d15a5a7d4943464448052e56105617bc6f63100e11ce68b2065f2b8c78c26c,636dafd389c3154f228f941329700a14c2a49d401af229fc2842e83fa3ca36ff,geometry_alpha_0p400,0.4,,
geometry_alpha_0p400,alpha_blend,False,0.8,0.6790888665367968,0.934301958307012,0.4261019878997407,0.9994900560938297,1583,2,85,1479,0.6812417878942949,0.5363208931379845,0.49931802281922294,71d15a5a7d4943464448052e56105617bc6f63100e11ce68b2065f2b8c78c26c,3d012863ffb25fa3fee95c8bece24e7783767d197348594983b26fa636aa6c16,geometry_alpha_0p400,0.4,,
geometry_alpha_0p400,alpha_blend,False,0.8646437362682722,0.6078465707561458,0.9615076182838813,0.3454335926246039,0.9994900560938297,1247,2,37,1199,0.6812417878942949,0.5363208931379845,0.49931802281922294,71d15a5a7d4943464448052e56105617bc6f63100e11ce68b2065f2b8c78c26c,479bbe372c1d3db8466be1ce3b7001de9a5c37a25fe2115d18ebf9615b1b1385,geometry_alpha_0p400,0.4,,
geometry_alpha_0p400,alpha_blend,False,0.9,0.5289630617345485,0.9754098360655737,0.2742725439354653,0.9997450280469148,976,1,20,952,0.6812417878942949,0.5363208931379845,0.49931802281922294,71d15a5a7d4943464448052e56105617bc6f63100e11ce68b2065f2b8c78c26c,31a6d91e37166322488bc2bee4b2cf9f9f7bd454ef2b0b8fe089fd5536888caa,geometry_alpha_0p400,0.4,,
geometry_alpha_0p400,alpha_blend,False,0.9879925618357066,0.0008638065073423554,1.0,0.0002881014116969173,1.0,1,0,0,1,0.6812417878942949,0.5363208931379845,0.49931802281922294,71d15a5a7d4943464448052e56105617bc6f63100e11ce68b2065f2b8c78c26c,d09a8e0a3d4c38c9f7ca032a9064384fe070f42bfd3a47dba82f69a10326d101,geometry_alpha_0p400,0.4,,
geometry_alpha_0p600,alpha_blend,False,0.020348667082093687,0.3355391189768921,0.15493635682960744,0.8346297896859695,0.776134625191229,18698,878,14227,2897,0.6812417878942949,0.5363208931379845,0.49931802281922294,cada61f9be6cbc8a7e4cb1069bdf26f59b1bf14e49644dc2e884b2f197883fec,0900ddf695f832b5ccf290df4b679ef3f2d1b53420e518cd92162bbc576a0501,geometry_alpha_0p600,0.6,,
geometry_alpha_0p600,alpha_blend,False,0.04637415924237737,0.44487026624727166,0.22926359698379592,0.8233938346297897,0.8567057623661397,12466,562,8611,2858,0.6812417878942949,0.5363208931379845,0.49931802281922294,cada61f9be6cbc8a7e4cb1069bdf26f59b1bf14e49644dc2e884b2f197883fec,eba9fad49bf286f17bd182b71e877c0ed873b44599147654888c019b9535c969,geometry_alpha_0p600,0.6,,
geometry_alpha_0p600,alpha_blend,False,0.05,0.4557932326777222,0.23763530391340548,0.822241428983002,0.8638449770525243,12010,534,8204,2854,0.6812417878942949,0.5363208931379845,0.49931802281922294,cada61f9be6cbc8a7e4cb1069bdf26f59b1bf14e49644dc2e884b2f197883fec,198a24d431f17f325d63c36fa6296bc6fcf9d7b9799ad88d9f19abbfc214b2c7,geometry_alpha_0p600,0.6,,
geometry_alpha_0p600,alpha_blend,False,0.1,0.558312428175865,0.32798594847775175,0.8069720541630654,0.9214686384497706,8540,308,5156,2801,0.6812417878942949,0.5363208931379845,0.49931802281922294,cada61f9be6cbc8a7e4cb1069bdf26f59b1bf14e49644dc2e884b2f197883fec,6a46d9e626eb7fbe21b0ac22f2a1562b2a0cc56bcfb05c7ff6ebf48d2030cdf6,geometry_alpha_0p600,0.6,,
geometry_alpha_0p600,alpha_blend,False,0.13206594517779718,0.5982202330976437,0.3704545454545455,0.7983290118121579,0.9408465068842428,7480,232,4240,2771,0.6812417878942949,0.5363208931379845,0.49931802281922294,cada61f9be6cbc8a7e4cb1069bdf26f59b1bf14e49644dc2e884b2f197883fec,8e5d2f0ad01fa7f9328c50f5aa08dbab7c4ff76ca4beead98ad097b4d54e912e,geometry_alpha_0p600,0.6,,
geometry_alpha_0p600,alpha_blend,False,0.15,0.6181905687424936,0.3939480445332572,0.7951598962834918,0.9462009178990312,7006,211,3818,2760,0.6812417878942949,0.5363208931379845,0.49931802281922294,cada61f9be6cbc8a7e4cb1069bdf26f59b1bf14e49644dc2e884b2f197883fec,93f269c195a7f942335561c65529285f6bbf91cfff30c1fa8a76ffa989b2f59b,geometry_alpha_0p600,0.6,,
geometry_alpha_0p600,alpha_blend,False,0.2,0.6611750325167667,0.4515055731159541,0.7819072313454336,0.9581845996940337,6011,164,2949,2714,0.6812417878942949,0.5363208931379845,0.49931802281922294,cada61f9be6cbc8a7e4cb1069bdf26f59b1bf14e49644dc2e884b2f197883fec,769b12c2b905900aa79397ea1e51860ef4ed6fa024bed5be575ded6945298542,geometry_alpha_0p600,0.6,,
geometry_alpha_0p600,alpha_blend,False,0.25,0.6936162962738404,0.5031149707381537,0.7677902621722846,0.9660887302396737,5297,133,2348,2665,0.6812417878942949,0.5363208931379845,0.49931802281922294,cada61f9be6cbc8a7e4cb1069bdf26f59b1bf14e49644dc2e884b2f197883fec,8786330e40be27c3a55b5ce2d170c411f032a778138130447254cdc0cd42ba03,geometry_alpha_0p600,0.6,,
geometry_alpha_0p600,alpha_blend,False,0.2806746157642359,0.7082331634602893,0.5293763785843192,0.7605877268798618,0.9688934217236104,4987,122,2079,2640,0.6812417878942949,0.5363208931379845,0.49931802281922294,cada61f9be6cbc8a7e4cb1069bdf26f59b1bf14e49644dc2e884b2f197883fec,6bb615545f8a710e1500fa5575056b9662312e7e2687d413e7c6c1c9749716e0,geometry_alpha_0p600,0.6,,
geometry_alpha_0p600,alpha_blend,False,0.3,0.7177476860222496,0.546530951391774,0.7579948141745895,0.9701682814890362,4814,117,1929,2631,0.6812417878942949,0.5363208931379845,0.49931802281922294,cada61f9be6cbc8a7e4cb1069bdf26f59b1bf14e49644dc2e884b2f197883fec,1e2236407490399165eed4b08a4eb3e727d8039dfda658609eb48322b156c8ee,geometry_alpha_0p600,0.6,,
geometry_alpha_0p600,alpha_blend,False,0.35,0.73473804048953,0.5848842487517022,0.742437337942956,0.9742478327383988,4406,101,1606,2577,0.6812417878942949,0.5363208931379845,0.49931802281922294,cada61f9be6cbc8a7e4cb1069bdf26f59b1bf14e49644dc2e884b2f197883fec,5d9dc87aff6abd54a06a01f12e648802442d87ee1af03cb8b1c4d55f7c6c549e,geometry_alpha_0p600,0.6,,
geometry_alpha_0p600,alpha_blend,False,0.4,0.7491591463482798,0.6215883943939021,0.728320368769807,0.977817440081591,4067,87,1342,2528,0.6812417878942949,0.5363208931379845,0.49931802281922294,cada61f9be6cbc8a7e4cb1069bdf26f59b1bf14e49644dc2e884b2f197883fec,92f8aa6050cbd111eb32da039aa90e20949fd9a6ee66a08be3ac41a64f4f34ce,geometry_alpha_0p600,0.6,,
geometry_alpha_0p600,alpha_blend,False,0.5,0.7681964644845496,0.6868085106382978,0.6974935177182369,0.9847016828148903,3525,60,954,2421,0.6812417878942949,0.5363208931379845,0.49931802281922294,cada61f9be6cbc8a7e4cb1069bdf26f59b1bf14e49644dc2e884b2f197883fec,b3fa635d571969dd7b3bf56aca699783fb8ca33c81ffa3ffadb33a40375cfad5,geometry_alpha_0p600,0.6,,
geometry_alpha_0p600,alpha_blend,False,0.6,0.7790844685363659,0.75891963987996,0.6557188130221838,0.99209586945436,2999,31,621,2276,0.6812417878942949,0.5363208931379845,0.49931802281922294,cada61f9be6cbc8a7e4cb1069bdf26f59b1bf14e49644dc2e884b2f197883fec,8daf0ab774ba152ec5ffb17bce0d5a58da105376709df4f7661cb13d65e0ae98,geometry_alpha_0p600,0.6,,
geometry_alpha_0p600,alpha_blend,False,0.7,0.772080857593014,0.8247422680412371,0.599250936329588,0.9956654767975522,2522,17,377,2080,0.6812417878942949,0.5363208931379845,0.49931802281922294,cada61f9be6cbc8a7e4cb1069bdf26f59b1bf14e49644dc2e884b2f197883fec,3bf301e0be996bc866fdc9a5e8653c28db0be900d6d249dcbb279dc741eea3cb,geometry_alpha_0p600,0.6,,
geometry_alpha_0p600,alpha_blend,False,0.706822101712178,0.7711728870663751,0.8287890938251804,0.5955056179775281,0.9956654767975522,2494,17,364,2067,0.6812417878942949,0.5363208931379845,0.49931802281922294,cada61f9be6cbc8a7e4cb1069bdf26f59b1bf14e49644dc2e884b2f197883fec,3222434100ae0b88d2989ee643156042e748196a59bad5f876033bab0ed75df8,geometry_alpha_0p600,0.6,,
geometry_alpha_0p600,alpha_blend,False,0.8,0.7310369963766475,0.8929117797042325,0.5044655718813023,0.998470168281489,1961,6,176,1751,0.6812417878942949,0.5363208931379845,0.49931802281922294,cada61f9be6cbc8a7e4cb1069bdf26f59b1bf14e49644dc2e884b2f197883fec,298ab244aef95c7385083475fff21f684b77435bdbaf810e19575aa4e251482d,geometry_alpha_0p600,0.6,,
geometry_alpha_0p600,alpha_blend,False,0.9,0.615236528983503,0.9592795614722005,0.3529242293287237,0.9997450280469148,1277,1,41,1225,0.6812417878942949,0.5363208931379845,0.49931802281922294,cada61f9be6cbc8a7e4cb1069bdf26f59b1bf14e49644dc2e884b2f197883fec,a4ec540c53b5defb8875dbdeb9a79b3f9fbadbe2e16c57ebf564530b113cd5c1,geometry_alpha_0p600,0.6,,
geometry_alpha_0p600,alpha_blend,False,0.9035281106991794,0.6086861901971599,0.9631114675220529,0.3460097954479977,0.9997450280469148,1247,1,37,1201,0.6812417878942949,0.5363208931379845,0.49931802281922294,cada61f9be6cbc8a7e4cb1069bdf26f59b1bf14e49644dc2e884b2f197883fec,b946dff460ddf8fa3b501278004f6de9a99b81fcd1299c8a60b26ff7066c7750,geometry_alpha_0p600,0.6,,
geometry_alpha_0p600,alpha_blend,False,0.9918863430301255,0.0008638065073423554,1.0,0.0002881014116969173,1.0,1,0,0,1,0.6812417878942949,0.5363208931379845,0.49931802281922294,cada61f9be6cbc8a7e4cb1069bdf26f59b1bf14e49644dc2e884b2f197883fec,d09a8e0a3d4c38c9f7ca032a9064384fe070f42bfd3a47dba82f69a10326d101,geometry_alpha_0p600,0.6,,
geometry_alpha_0p800,alpha_blend,False,0.026311615722632173,0.3355708708388647,0.15493635682960744,0.8346297896859695,0.7766445690973993,18698,876,14236,2897,0.6812417878942949,0.5363208931379845,0.49931802281922294,3f79580f696b42b7610ad2991a9cd8ef0573ddbc11058fe39c808fe0d62cf40c,e78901248cb4966876f47221f06ad84f808c2043d3376b2d7ccddb2d7425bd06,geometry_alpha_0p800,0.8,,
geometry_alpha_0p800,alpha_blend,False,0.05,0.42072048577603005,0.21131325034985637,0.8265629501584558,0.8414074451810301,13577,622,9606,2869,0.6812417878942949,0.5363208931379845,0.49931802281922294,3f79580f696b42b7610ad2991a9cd8ef0573ddbc11058fe39c808fe0d62cf40c,2bf0d16f3eb07437f2cdb4eda7598290bf5d959dd417e783acbcc46577d86522,geometry_alpha_0p800,0.8,,
geometry_alpha_0p800,alpha_blend,False,0.05948357421532976,0.4450075708118935,0.22926359698379592,0.8233938346297897,0.8582355940846507,12466,556,8628,2858,0.6812417878942949,0.5363208931379845,0.49931802281922294,3f79580f696b42b7610ad2991a9cd8ef0573ddbc11058fe39c808fe0d62cf40c,206c209d22f408376c686915cb497c8324d8dcf4a513837fe9a46851109ce29b,geometry_alpha_0p800,0.8,,
geometry_alpha_0p800,alpha_blend,False,0.1,0.5224392307059202,0.2936830055156624,0.8130221838087006,0.903110657827639,9609,380,6086,2822,0.6812417878942949,0.5363208931379845,0.49931802281922294,3f79580f696b42b7610ad2991a9cd8ef0573ddbc11058fe39c808fe0d62cf40c,b6303f4ebbcf6d0a80f228df8fb2710149763018b71f35db54a2d66bb3964bc9,geometry_alpha_0p800,0.8,,
geometry_alpha_0p800,alpha_blend,False,0.15,0.5817710507528615,0.3519595448798989,0.8020743301642178,0.9357470678225395,7910,252,4622,2784,0.6812417878942949,0.5363208931379845,0.49931802281922294,3f79580f696b42b7610ad2991a9cd8ef0573ddbc11058fe39c808fe0d62cf40c,9cf02d5a34ab58ba254299dbde1dd7be331529b949328e373dea04224856b2ff,geometry_alpha_0p800,0.8,,
geometry_alpha_0p800,alpha_blend,False,0.1667414559874114,0.5982216099494456,0.37032085561497324,0.798040910400461,0.9421213666496685,7480,227,4255,2770,0.6812417878942949,0.5363208931379845,0.49931802281922294,3f79580f696b42b7610ad2991a9cd8ef0573ddbc11058fe39c808fe0d62cf40c,48c567a3956ba496ea3c0971759b0024eb0f241cab8131f29a26a47af8ef86e9,geometry_alpha_0p800,0.8,,
geometry_alpha_0p800,alpha_blend,False,0.2,0.6278727985924261,0.40575221238938053,0.7925669835782195,0.950790413054564,6780,193,3630,2751,0.6812417878942949,0.5363208931379845,0.49931802281922294,3f79580f696b42b7610ad2991a9cd8ef0573ddbc11058fe39c808fe0d62cf40c,a533b6be5c8e5173eb759a73e8eb08b3fe007798eedfccfb9666a257841f173f,geometry_alpha_0p800,0.8,,
geometry_alpha_0p800,alpha_blend,False,0.25,0.6621414959309343,0.45202062198569765,0.7830596369922213,0.960224375318715,6013,156,2959,2718,0.6812417878942949,0.5363208931379845,0.49931802281922294,3f79580f696b42b7610ad2991a9cd8ef0573ddbc11058fe39c808fe0d62cf40c,faeb3635f95ab818ba138b5ca0cbdc277ded560950ef719851076066f628fcde,geometry_alpha_0p800,0.8,,
geometry_alpha_0p800,alpha_blend,False,0.3,0.6881494264628951,0.4932743688962594,0.7712474791126477,0.9655787863335034,5427,135,2459,2677,0.6812417878942949,0.5363208931379845,0.49931802281922294,3f79580f696b42b7610ad2991a9cd8ef0573ddbc11058fe39c808fe0d62cf40c,a1ab4a1cbeaae44821d76d9d9347fd3a7c8e1a7866afa481feb3f9daada90e2a,geometry_alpha_0p800,0.8,,
geometry_alpha_0p800,alpha_blend,False,0.34743913898041334,0.7082116404256474,0.5291758572287949,0.7602996254681648,0.969913309535951,4987,118,2088,2639,0.6812417878942949,0.5363208931379845,0.49931802281922294,3f79580f696b42b7610ad2991a9cd8ef0573ddbc11058fe39c808fe0d62cf40c,9eaf3c8843d34046215e51f28bf42942c4809553e2367d7cc7ea0f39d19e61d2,geometry_alpha_0p800,0.8,,
geometry_alpha_0p800,alpha_blend,False,0.35,0.7094173920290517,0.5311996779388084,0.7602996254681648,0.969913309535951,4968,118,2069,2639,0.6812417878942949,0.5363208931379845,0.49931802281922294,3f79580f696b42b7610ad2991a9cd8ef0573ddbc11058fe39c808fe0d62cf40c,af718832954e83491a4c5a787854963eda4be1aa95e3aafeaaf6b91811c46372,geometry_alpha_0p800,0.8,,
geometry_alpha_0p800,alpha_blend,False,0.4,0.7277048178673994,0.5677503818459524,0.7496398732353788,0.9734829168791433,4583,104,1754,2602,0.6812417878942949,0.5363208931379845,0.49931802281922294,3f79580f696b42b7610ad2991a9cd8ef0573ddbc11058fe39c808fe0d62cf40c,24139201d751cdfa389afeb47a851ffa0e9db8024e1e00da880ffe39ad7b86e9,geometry_alpha_0p800,0.8,,
geometry_alpha_0p800,alpha_blend,False,0.5,0.7520632882819334,0.6294721040780585,0.7248631518294439,0.9796022437531872,3997,80,1298,2516,0.6812417878942949,0.5363208931379845,0.49931802281922294,3f79580f696b42b7610ad2991a9cd8ef0573ddbc11058fe39c808fe0d62cf40c,8b8a577c7d6680845d26db12f9688c8fa1d57c52c304c35b39d4bf9331a4a671,geometry_alpha_0p800,0.8,,
geometry_alpha_0p800,alpha_blend,False,0.6,0.7698424226262289,0.6899600684540788,0.696917314894843,0.9875063742988271,3506,49,947,2419,0.6812417878942949,0.5363208931379845,0.49931802281922294,3f79580f696b42b7610ad2991a9cd8ef0573ddbc11058fe39c808fe0d62cf40c,22e699eceaaf404fda539e4e7cc95568508aef12f6105eb022dfb539f6f9c58b,geometry_alpha_0p800,0.8,,
geometry_alpha_0p800,alpha_blend,False,0.7,0.78025827183519,0.7603333333333333,0.6571593200806684,0.99209586945436,3000,31,620,2281,0.6812417878942949,0.5363208931379845,0.49931802281922294,3f79580f696b42b7610ad2991a9cd8ef0573ddbc11058fe39c808fe0d62cf40c,7413ccf1ef8882f5c5410b05da1a1bb45d91099a7df148d345a5187bd87d215b,geometry_alpha_0p800,0.8,,
geometry_alpha_0p800,alpha_blend,False,0.7977422340434864,0.7713257568258495,0.8287890938251804,0.5955056179775281,0.9964303926568078,2494,14,366,2067,0.6812417878942949,0.5363208931379845,0.49931802281922294,3f79580f696b42b7610ad2991a9cd8ef0573ddbc11058fe39c808fe0d62cf40c,d554bd0a5da80dcb852a2f4d163a8a0a1337ce8c7609340714fb03e0083e79f4,geometry_alpha_0p800,0.8,,
geometry_alpha_0p800,alpha_blend,False,0.8,0.7708655286827611,0.830378726833199,0.5937770095073466,0.9966853646098929,2482,13,361,2061,0.6812417878942949,0.5363208931379845,0.49931802281922294,3f79580f696b42b7610ad2991a9cd8ef0573ddbc11058fe39c808fe0d62cf40c,51dea961066c8251e2db50558f14d0cffab65262cc28d6ba933bfe618d27b011,geometry_alpha_0p800,0.8,,
geometry_alpha_0p800,alpha_blend,False,0.9,0.702170988593233,0.9185441941074524,0.4580812445980985,0.9992350841407445,1731,3,117,1590,0.6812417878942949,0.5363208931379845,0.49931802281922294,3f79580f696b42b7610ad2991a9cd8ef0573ddbc11058fe39c808fe0d62cf40c,5c1fcc90e3840c5d259a9f108327e6fa280411b92f8a15df671108a2ccca11e1,geometry_alpha_0p800,0.8,,
geometry_alpha_0p800,alpha_blend,False,0.9433802920597995,0.6086861901971599,0.9631114675220529,0.3460097954479977,0.9997450280469148,1247,1,37,1201,0.6812417878942949,0.5363208931379845,0.49931802281922294,3f79580f696b42b7610ad2991a9cd8ef0573ddbc11058fe39c808fe0d62cf40c,02a61fb6080fa2397c48733bd7f79ea85dc8d14215f4889242b0b916d48133f0,geometry_alpha_0p800,0.8,,
geometry_alpha_0p800,alpha_blend,False,0.9957801242245444,0.0008638065073423554,1.0,0.0002881014116969173,1.0,1,0,0,1,0.6812417878942949,0.5363208931379845,0.49931802281922294,3f79580f696b42b7610ad2991a9cd8ef0573ddbc11058fe39c808fe0d62cf40c,d09a8e0a3d4c38c9f7ca032a9064384fe070f42bfd3a47dba82f69a10326d101,geometry_alpha_0p800,0.8,,
geometry_alpha_1p000,alpha_blend,False,0.032272544397357786,0.3355391189768921,0.15493635682960744,0.8346297896859695,0.776134625191229,18698,878,14243,2897,0.6812417878942949,0.5363208931379845,0.49931802281922294,89ef7c82118803fcdbef3b4ef751fab181dcba43a975b4cadbbe78835903819c,cc65a5d47b7574b6e4b5379e107fe431d3db27fcc675458a4229ae4bb1874e7c,geometry_risk_score,1.0,,
geometry_alpha_1p000,alpha_blend,False,0.05,0.3925640547393851,0.1916550209622679,0.8297320656871219,0.8202447730749618,15027,705,10902,2880,0.6812417878942949,0.5363208931379845,0.49931802281922294,89ef7c82118803fcdbef3b4ef751fab181dcba43a975b4cadbbe78835903819c,890863b68da6b835c70c6e4b875665ca0b85a8f8bc2d01cda8259ee9ca557f5a,geometry_risk_score,1.0,,
geometry_alpha_1p000,alpha_blend,False,0.07263651035103762,0.4451672486068831,0.22926359698379592,0.8233938346297897,0.8600203977562468,12466,549,8638,2858,0.6812417878942949,0.5363208931379845,0.49931802281922294,89ef7c82118803fcdbef3b4ef751fab181dcba43a975b4cadbbe78835903819c,574cb35a5518b3493252a534741001b6150d5be392833cd73114db21d29d4f10,geometry_risk_score,1.0,,
geometry_alpha_1p000,alpha_blend,False,0.1,0.4924906954831607,0.2671239312223997,0.819072313454336,0.887302396736359,10643,442,7003,2843,0.6812417878942949,0.5363208931379845,0.49931802281922294,89ef7c82118803fcdbef3b4ef751fab181dcba43a975b4cadbbe78835903819c,04cbe583bcc5865dd587e01e16e6ff4de8e038dcdf8de122e70b3cc20a4adb5c,geometry_risk_score,1.0,,
geometry_alpha_1p000,alpha_blend,False,0.15,0.5549028947830543,0.3241586677460391,0.8075482569864593,0.9232534421213666,8647,301,5264,2803,0.6812417878942949,0.5363208931379845,0.49931802281922294,89ef7c82118803fcdbef3b4ef751fab181dcba43a975b4cadbbe78835903819c,b94947a6f15e4c78b5b01b5b30fc37b978466532aaada2e833308ed35111f9d2,geometry_risk_score,1.0,,
geometry_alpha_1p000,alpha_blend,False,0.2,0.5973974030067682,0.36939701173959444,0.797752808988764,0.9423763386027537,7496,226,4278,2769,0.6812417878942949,0.5363208931379845,0.49931802281922294,89ef7c82118803fcdbef3b4ef751fab181dcba43a975b4cadbbe78835903819c,9bbbe51034035fa6fd01c825cbb9b5b0606e093dfb32126cd2121f8177619fcf,geometry_risk_score,1.0,,
geometry_alpha_1p000,alpha_blend,False,0.2009569534938995,0.5980855836244314,0.37018716577540106,0.797752808988764,0.9423763386027537,7480,226,4262,2769,0.6812417878942949,0.5363208931379845,0.49931802281922294,89ef7c82118803fcdbef3b4ef751fab181dcba43a975b4cadbbe78835903819c,dc22e60280ca29f67fc139856d8f5c91270ca7d78898ffad53c46d75688442be,geometry_risk_score,1.0,,
geometry_alpha_1p000,alpha_blend,False,0.25,0.6336463421137712,0.41283438533213107,0.7914145779314319,0.9535951045385007,6654,182,3525,2747,0.6812417878942949,0.5363208931379845,0.49931802281922294,89ef7c82118803fcdbef3b4ef751fab181dcba43a975b4cadbbe78835903819c,4fece4694cb3b178a147ff3f461868fd99f9ea3ab6aee47126103c9739a2db77,geometry_risk_score,1.0,,
geometry_alpha_1p000,alpha_blend,False,0.3,0.6613233802836199,0.45099667774086377,0.7821953327571305,0.9609892911779704,6020,153,2974,2715,0.6812417878942949,0.5363208931379845,0.49931802281922294,89ef7c82118803fcdbef3b4ef751fab181dcba43a975b4cadbbe78835903819c,1260702c816b220014b557ca37cac887e4a2e233f9d0907bc6c8f350c475406b,geometry_risk_score,1.0,,
geometry_alpha_1p000,alpha_blend,False,0.35,0.6854591207308318,0.4880930739865479,0.773552290406223,0.9660887302396737,5501,133,2525,2685,0.6812417878942949,0.5363208931379845,0.49931802281922294,89ef7c82118803fcdbef3b4ef751fab181dcba43a975b4cadbbe78835903819c,9c9c4b469048781a5e435eb48da60e8667fbc1aa83f65cceeb79bbce6edd7e94,geometry_risk_score,1.0,,
geometry_alpha_1p000,alpha_blend,False,0.4,0.7033288457783134,0.5199293147457295,0.762892538173437,0.9696583375828659,5093,119,2186,2648,0.6812417878942949,0.5363208931379845,0.49931802281922294,89ef7c82118803fcdbef3b4ef751fab181dcba43a975b4cadbbe78835903819c,dc467cc8bf2a9399535d77b20acc300db913a3482b717de57bfed8d1dee9eae3,geometry_risk_score,1.0,,
geometry_alpha_1p000,alpha_blend,False,0.41484326940705507,0.7087083525757859,0.5295768999398436,0.7608758282915586,0.9704232534421213,4987,116,2090,2641,0.6812417878942949,0.5363208931379845,0.49931802281922294,89ef7c82118803fcdbef3b4ef751fab181dcba43a975b4cadbbe78835903819c,10a6a039d78da8ae3763b988c6b670b7250f6b634cf4024ec4f43f0ec3cc9b8a,geometry_risk_score,1.0,,
geometry_alpha_1p000,alpha_blend,False,0.5,0.7325184160882217,0.579443447037702,0.7438778450014405,0.9752677205507394,4456,97,1659,2582,0.6812417878942949,0.5363208931379845,0.49931802281922294,89ef7c82118803fcdbef3b4ef751fab181dcba43a975b4cadbbe78835903819c,2f63e952c09e2abed458bc126446f60f1688196f52dbd3301f20810998b22a1b,geometry_risk_score,1.0,,
geometry_alpha_1p000,alpha_blend,False,0.6,0.7544729929990247,0.6358102967283794,0.7222702391241717,0.9813870474247832,3943,73,1265,2507,0.6812417878942949,0.5363208931379845,0.49931802281922294,89ef7c82118803fcdbef3b4ef751fab181dcba43a975b4cadbbe78835903819c,45e1bde443e96d1b36cb46e50d01f270aa881c84fffe97ab543b9acc5e4a8c4b,geometry_risk_score,1.0,,
geometry_alpha_1p000,alpha_blend,False,0.7,0.7710922461775156,0.6926382125465482,0.6966292134831461,0.9887812340642529,3491,44,940,2418,0.6812417878942949,0.5363208931379845,0.49931802281922294,89ef7c82118803fcdbef3b4ef751fab181dcba43a975b4cadbbe78835903819c,6bece2ee4bba7025613215a77cad2cfd674475db035ea99cb3d880bd524a5e85,geometry_risk_score,1.0,,
geometry_alpha_1p000,alpha_blend,False,0.8,0.7805340064013896,0.7598137059214903,0.6580236243157591,0.9923508414074452,3006,30,625,2284,0.6812417878942949,0.5363208931379845,0.49931802281922294,89ef7c82118803fcdbef3b4ef751fab181dcba43a975b4cadbbe78835903819c,6fb30dd10bf0f000d4aad6417c60dc9674a0aa083169edd99c7aff3799ed9fa2,geometry_risk_score,1.0,,
geometry_alpha_1p000,alpha_blend,False,0.8911318135878817,0.7732412567862117,0.8311948676824379,0.5972342264477096,0.9977052524222335,2494,9,367,2073,0.6812417878942949,0.5363208931379845,0.49931802281922294,89ef7c82118803fcdbef3b4ef751fab181dcba43a975b4cadbbe78835903819c,dd4690d22972a5f317f27a5b934c7717f4e4cb99bc911c0bf0142a66f800087f,geometry_risk_score,1.0,,
geometry_alpha_1p000,alpha_blend,False,0.9,0.7695507332460894,0.8370947886746,0.5877268798617113,0.9977052524222335,2437,9,346,2040,0.6812417878942949,0.5363208931379845,0.49931802281922294,89ef7c82118803fcdbef3b4ef751fab181dcba43a975b4cadbbe78835903819c,f2f457570d453cca48209914229145b43eb0895cc2b49dd406225c48d8f33a12,geometry_risk_score,1.0,,
geometry_alpha_1p000,alpha_blend,False,0.9829988571397295,0.6074736977598856,0.9607056936647955,0.34514549121290694,0.9997450280469148,1247,1,40,1198,0.6812417878942949,0.5363208931379845,0.49931802281922294,89ef7c82118803fcdbef3b4ef751fab181dcba43a975b4cadbbe78835903819c,d1d94176accc570e4f8c836c878a6de4f1a447fd2cd1623efa2ffc11eb8d7b63,geometry_risk_score,1.0,,
geometry_alpha_1p000,alpha_blend,False,0.9996739054189633,0.0008638065073423554,1.0,0.0002881014116969173,1.0,1,0,0,1,0.6812417878942949,0.5363208931379845,0.49931802281922294,89ef7c82118803fcdbef3b4ef751fab181dcba43a975b4cadbbe78835903819c,d09a8e0a3d4c38c9f7ca032a9064384fe070f42bfd3a47dba82f69a10326d101,geometry_risk_score,1.0,,
class_reliability_gamma_0p250,class_scaled_raw,True,0.0019595873547934564,0.3344947633770444,0.154561985239063,0.832613079804091,0.7705252422233555,18698,900,14114,2890,0.6812417878942949,0.5363208931379845,0.49931802281922294,bf10a0076b757fd51cc948519a47a2d6d37c76d334d1759e976c3d430e791d7a,cad0c3150998ef58d126b1ae38db9f9e0badc2af2fbb99d97f3cdae3784687ac,class_reliability_gamma_0p250,,0.25,
class_reliability_gamma_0p250,class_scaled_raw,True,0.0058375426460053025,0.44283081378982897,0.22902294240333707,0.8225295303946989,0.8386027536970933,12466,633,8456,2855,0.6812417878942949,0.5363208931379845,0.49931802281922294,bf10a0076b757fd51cc948519a47a2d6d37c76d334d1759e976c3d430e791d7a,4046c3135cc5a44b2449e48a175e22a76adeec2e41c339ea12fda6c82fcb0291,class_reliability_gamma_0p250,,0.25,
class_reliability_gamma_0p250,class_scaled_raw,True,0.02427641606463329,0.5944741283202647,0.3697860962566845,0.7968885047536733,0.9196838347781744,7480,315,4131,2766,0.6812417878942949,0.5363208931379845,0.49931802281922294,bf10a0076b757fd51cc948519a47a2d6d37c76d334d1759e976c3d430e791d7a,3f661d49ac171728bbadd0e6ae77612d9175d1fc629f20158872fc6cae29bf7c,class_reliability_gamma_0p250,,0.25,
class_reliability_gamma_0p250,class_scaled_raw,True,0.05,0.6710628496148369,0.4696758452422447,0.7764333045231921,0.9492605813360531,5738,199,2653,2695,0.6812417878942949,0.5363208931379845,0.49931802281922294,bf10a0076b757fd51cc948519a47a2d6d37c76d334d1759e976c3d430e791d7a,a84b8fb50e21d02cb83c4de9ed4dbe3e377baced30e722f483b415a77413b967,class_reliability_gamma_0p250,,0.25,
class_reliability_gamma_0p250,class_scaled_raw,True,0.0735267449180483,0.7051902862551086,0.528173250451173,0.7588591184096802,0.958694543600204,4987,162,2030,2634,0.6812417878942949,0.5363208931379845,0.49931802281922294,bf10a0076b757fd51cc948519a47a2d6d37c76d334d1759e976c3d430e791d7a,78c985372d95bf4ef05fa72fa4d5ac35867d853db9d1be87435c309d06d453bc,class_reliability_gamma_0p250,,0.25,
class_reliability_gamma_0p250,class_scaled_raw,True,0.1,0.7287174910049148,0.5762522361359571,0.742437337942956,0.966598674145844,4472,131,1624,2577,0.6812417878942949,0.5363208931379845,0.49931802281922294,bf10a0076b757fd51cc948519a47a2d6d37c76d334d1759e976c3d430e791d7a,3e477e5f69ed11d2098e17defe2b2e8c2d3552a51a57782b6df90ee5333f6daf,class_reliability_gamma_0p250,,0.25,
class_reliability_gamma_0p250,class_scaled_raw,True,0.15,0.7525097640567742,0.6416515190859517,0.7118985883030827,0.9770525242223356,3851,90,1181,2471,0.6812417878942949,0.5363208931379845,0.49931802281922294,bf10a0076b757fd51cc948519a47a2d6d37c76d334d1759e976c3d430e791d7a,126da3885ead58857ac3e9265335c65fe4676f312a957cc8494d12aafd81a9f0,class_reliability_gamma_0p250,,0.25,
class_reliability_gamma_0p250,class_scaled_raw,True,0.2,0.7677402946963813,0.694090382387022,0.6902909824258139,0.9821519632840388,3452,70,897,2396,0.6812417878942949,0.5363208931379845,0.49931802281922294,bf10a0076b757fd51cc948519a47a2d6d37c76d334d1759e976c3d430e791d7a,b2dcc9b88875633e1d526203972d6bce7de9330f181370776e1d701b8545ccae,class_reliability_gamma_0p250,,0.25,
class_reliability_gamma_0p250,class_scaled_raw,True,0.25,0.7722291649374038,0.7322335025380711,0.6649380581964852,0.9849566547679756,3152,59,708,2308,0.6812417878942949,0.5363208931379845,0.49931802281922294,bf10a0076b757fd51cc948519a47a2d6d37c76d334d1759e976c3d430e791d7a,0260851844438bf8ee2cd3359253e5426afbac11dcfe5435ea8e646d7fb76b36,class_reliability_gamma_0p250,,0.25,
class_reliability_gamma_0p250,class_scaled_raw,True,0.3,0.7737499643412113,0.766287487073423,0.6404494382022472,0.9892911779704232,2901,42,571,2223,0.6812417878942949,0.5363208931379845,0.49931802281922294,bf10a0076b757fd51cc948519a47a2d6d37c76d334d1759e976c3d430e791d7a,cfcb3ce43fbc8708de79cced02123929c7293fe4dcd3ae3bbd90150ea0480209,class_reliability_gamma_0p250,,0.25,
class_reliability_gamma_0p250,class_scaled_raw,True,0.35,0.7715915931018696,0.796420581655481,0.6153846153846154,0.9926058133605303,2682,29,459,2136,0.6812417878942949,0.5363208931379845,0.49931802281922294,bf10a0076b757fd51cc948519a47a2d6d37c76d334d1759e976c3d430e791d7a,72fcbf2c18374b20a33176a8d4fa569a70a3c2a41e7ea2acc8f6d32a27b6096a,class_reliability_gamma_0p250,,0.25,
class_reliability_gamma_0p250,class_scaled_raw,True,0.39706171017317327,0.7673162940358031,0.8235765838011226,0.5917602996254682,0.9943906170321265,2494,22,370,2054,0.6812417878942949,0.5363208931379845,0.49931802281922294,bf10a0076b757fd51cc948519a47a2d6d37c76d334d1759e976c3d430e791d7a,116bc50ad0b80d7305b199704cd1d732bf2969e4bb395bd652aef5533e0effaf,class_reliability_gamma_0p250,,0.25,
class_reliability_gamma_0p250,class_scaled_raw,True,0.4,0.7664316867836496,0.825,0.5894554883318929,0.9943906170321265,2480,22,364,2046,0.6812417878942949,0.5363208931379845,0.49931802281922294,bf10a0076b757fd51cc948519a47a2d6d37c76d334d1759e976c3d430e791d7a,1bb1dfbb7dd1591961033888a67bff6afa811a261bb1f264f88aaea7103d362a,class_reliability_gamma_0p250,,0.25,
class_reliability_gamma_0p250,class_scaled_raw,True,0.5,0.7442408852241346,0.8715769593956563,0.5318352059925093,0.9966853646098929,2118,13,223,1846,0.6812417878942949,0.5363208931379845,0.49931802281922294,bf10a0076b757fd51cc948519a47a2d6d37c76d334d1759e976c3d430e791d7a,4fdcd1b83307852f71c308b0d1c11f4cd8f9a9b2719ba5cfb709bd32d630dd3a,class_reliability_gamma_0p250,,0.25,
class_reliability_gamma_0p250,class_scaled_raw,True,0.6,0.701519937473851,0.9108571428571428,0.4592336502448862,0.9989801121876594,1750,4,132,1594,0.6812417878942949,0.5363208931379845,0.49931802281922294,bf10a0076b757fd51cc948519a47a2d6d37c76d334d1759e976c3d430e791d7a,83575b435312433afd43e22faf90435d7349c8a65d765bed2c426eed6133eef6,class_reliability_gamma_0p250,,0.25,
class_reliability_gamma_0p250,class_scaled_raw,True,0.7,0.6371853592683362,0.9485134155184917,0.37683664649956783,0.9997450280469148,1379,1,58,1308,0.6812417878942949,0.5363208931379845,0.49931802281922294,bf10a0076b757fd51cc948519a47a2d6d37c76d334d1759e976c3d430e791d7a,a3c1c169cbae1508e2275cd5f909325a7a9611e38805aeeeab391abcaf9984ce,class_reliability_gamma_0p250,,0.25,
class_reliability_gamma_0p250,class_scaled_raw,True,0.7368901803236887,0.605855126613386,0.9574979951884522,0.3439930855661193,0.9997450280469148,1247,1,43,1194,0.6812417878942949,0.5363208931379845,0.49931802281922294,bf10a0076b757fd51cc948519a47a2d6d37c76d334d1759e976c3d430e791d7a,b3d416b57dd9c83febf3d6a72b3f3c50696bedf1acf44883836620f38b563892,class_reliability_gamma_0p250,,0.25,
class_reliability_gamma_0p250,class_scaled_raw,True,0.8,0.5253529999358525,0.9751552795031055,0.2713915298184961,0.9997450280469148,966,1,20,942,0.6812417878942949,0.5363208931379845,0.49931802281922294,bf10a0076b757fd51cc948519a47a2d6d37c76d334d1759e976c3d430e791d7a,4796b05ca1f131afae9a8ac7d6eaecb2d54109fd3af8f31f7efb98f3728e8c40,class_reliability_gamma_0p250,,0.25,
class_reliability_gamma_0p250,class_scaled_raw,True,0.9,0.22783882783882786,0.9936102236421726,0.08959953903774129,1.0,313,0,2,311,0.6812417878942949,0.5363208931379845,0.49931802281922294,bf10a0076b757fd51cc948519a47a2d6d37c76d334d1759e976c3d430e791d7a,38aef9a6a38e9c805e82f5ed79cd401ff2e2ad0fd289e3915c9be29b9f37ac27,class_reliability_gamma_0p250,,0.25,
class_reliability_gamma_0p250,class_scaled_raw,True,0.967014729976654,0.0008638065073423554,1.0,0.0002881014116969173,1.0,1,0,0,1,0.6812417878942949,0.5363208931379845,0.49931802281922294,bf10a0076b757fd51cc948519a47a2d6d37c76d334d1759e976c3d430e791d7a,057a9de7fd51429bc22cfbf2bc1fbedb2679187d689b7de4b5b252bd745a2fcb,class_reliability_gamma_0p250,,0.25,
class_reliability_gamma_0p500,class_scaled_raw,True,0.0017565428127101737,0.33459375217819465,0.15461546689485506,0.8329011812157879,0.7705252422233555,18698,900,14113,2891,0.6812417878942949,0.5363208931379845,0.49931802281922294,f4c4afe2a70643b751a90e4561f2ea31a50796d6aa56cb80ab48363def30cc30,fb1acfd666d4e7c9aa9dc65ccc9a207261b0fe4a018921a63ee8f3a15704fec8,class_reliability_gamma_0p500,,0.5,
class_reliability_gamma_0p500,class_scaled_raw,True,0.005260816425215153,0.44282128023318496,0.2289427242098508,0.822241428983002,0.8398776134625191,12466,628,8462,2854,0.6812417878942949,0.5363208931379845,0.49931802281922294,f4c4afe2a70643b751a90e4561f2ea31a50796d6aa56cb80ab48363def30cc30,217cdd13ccd998e1513b156e7b6d6562994584cf91d71bef8d56288184c82816,class_reliability_gamma_0p500,,0.5,
class_reliability_gamma_0p500,class_scaled_raw,True,0.022235750414779012,0.5938972360063705,0.3693850267379679,0.7960242005185826,0.9191738908720041,7480,317,4134,2763,0.6812417878942949,0.5363208931379845,0.49931802281922294,f4c4afe2a70643b751a90e4561f2ea31a50796d6aa56cb80ab48363def30cc30,cd6b2f8aebd13d6219f50d77177db5b45d2cad530d801a6d0cb8c60411fb8b6b,class_reliability_gamma_0p500,,0.5,
class_reliability_gamma_0p500,class_scaled_raw,True,0.05,0.6795942385836788,0.4834986474301172,0.7723998847594353,0.9510453850076491,5545,192,2492,2681,0.6812417878942949,0.5363208931379845,0.49931802281922294,f4c4afe2a70643b751a90e4561f2ea31a50796d6aa56cb80ab48363def30cc30,c0659cc7d3dd0eb4ff4863384eabaf655bbaaf385b36b0c8628f7859615717bc,class_reliability_gamma_0p500,,0.5,
class_reliability_gamma_0p500,class_scaled_raw,True,0.0665928585089015,0.7054658688294649,0.528173250451173,0.7588591184096802,0.960224375318715,4987,156,2039,2634,0.6812417878942949,0.5363208931379845,0.49931802281922294,f4c4afe2a70643b751a90e4561f2ea31a50796d6aa56cb80ab48363def30cc30,680e4651aa9331a872e28e30b177d016920f1fc271903c3b26505dd6e8a5d3c4,class_reliability_gamma_0p500,,0.5,
class_reliability_gamma_0p500,class_scaled_raw,True,0.1,0.7343705996237075,0.5894833948339483,0.7363872082973206,0.9701682814890362,4336,117,1536,2556,0.6812417878942949,0.5363208931379845,0.49931802281922294,f4c4afe2a70643b751a90e4561f2ea31a50796d6aa56cb80ab48363def30cc30,0e582fe5ea5843825f0cce5084b8aec371a1d7a326a0c0d843b80323352d79ac,class_reliability_gamma_0p500,,0.5,
class_reliability_gamma_0p500,class_scaled_raw,True,0.15,0.7581029133260627,0.6585103522452272,0.7055603572457505,0.9790922998470168,3719,82,1087,2449,0.6812417878942949,0.5363208931379845,0.49931802281922294,f4c4afe2a70643b751a90e4561f2ea31a50796d6aa56cb80ab48363def30cc30,6d760ba9623e8b3a638def5c0a2b6986f5ee4e345641486545a3c94611fcdb93,class_reliability_gamma_0p500,,0.5,
class_reliability_gamma_0p500,class_scaled_raw,True,0.2,0.7689741006597572,0.7047619047619048,0.6822241428983002,0.9836817950025497,3360,64,842,2368,0.6812417878942949,0.5363208931379845,0.49931802281922294,f4c4afe2a70643b751a90e4561f2ea31a50796d6aa56cb80ab48363def30cc30,592f6ecfd70b9fdb890a51a7c669ace6ddc31eb019972dd7e35c4d0f1c0b2e85,class_reliability_gamma_0p500,,0.5,
class_reliability_gamma_0p500,class_scaled_raw,True,0.25,0.773144931468675,0.7476112026359143,0.6537021031403054,0.9872514023457419,3035,50,645,2269,0.6812417878942949,0.5363208931379845,0.49931802281922294,f4c4afe2a70643b751a90e4561f2ea31a50796d6aa56cb80ab48363def30cc30,2a128b12efb56f0f553b1ecd13fda387c606bd197e1542120678759179861b73,class_reliability_gamma_0p500,,0.5,
class_reliability_gamma_0p500,class_scaled_raw,True,0.3,0.772856158320155,0.7819683908045977,0.627196773264189,0.9915859255481897,2784,33,514,2177,0.6812417878942949,0.5363208931379845,0.49931802281922294,f4c4afe2a70643b751a90e4561f2ea31a50796d6aa56cb80ab48363def30cc30,cd6e2a9003f595c152f710a77d9af5050182b2dbd82f354e4fb43a2cfec22c73,class_reliability_gamma_0p500,,0.5,
class_reliability_gamma_0p500,class_scaled_raw,True,0.35,0.7691179101908595,0.8118195956454122,0.6015557476231633,0.993625701172871,2572,25,406,2088,0.6812417878942949,0.5363208931379845,0.49931802281922294,f4c4afe2a70643b751a90e4561f2ea31a50796d6aa56cb80ab48363def30cc30,5c9b16b74b49af42436d9f565359be5c2986c8a4433ca0f9ecbbbb4c9feed116,class_reliability_gamma_0p500,,0.5,
class_reliability_gamma_0p500,class_scaled_raw,True,0.36722888878675547,0.767694990352684,0.8239775461106656,0.592048401037165,0.9949005609382968,2494,20,372,2055,0.6812417878942949,0.5363208931379845,0.49931802281922294,f4c4afe2a70643b751a90e4561f2ea31a50796d6aa56cb80ab48363def30cc30,cafecc7e93502d85285877dc2d1a87943394207c9a746a8f39fd1f0bf76b15cf,class_reliability_gamma_0p500,,0.5,
class_reliability_gamma_0p500,class_scaled_raw,True,0.4,0.7621189966355555,0.8392255892255892,0.5744742149236531,0.9959204487506375,2376,16,322,1994,0.6812417878942949,0.5363208931379845,0.49931802281922294,f4c4afe2a70643b751a90e4561f2ea31a50796d6aa56cb80ab48363def30cc30,e4e2cd6bb06336f3f97587d57e99bddf03be0e36ac94c081d12add0d5ea9374e,class_reliability_gamma_0p500,,0.5,
class_reliability_gamma_0p500,class_scaled_raw,True,0.5,0.7288489265942333,0.8855696202531645,0.5038893690579084,0.9977052524222335,1975,9,187,1749,0.6812417878942949,0.5363208931379845,0.49931802281922294,f4c4afe2a70643b751a90e4561f2ea31a50796d6aa56cb80ab48363def30cc30,46b0a65818559619b488dc73281912e5dda3a9e2512ab47d47d5860b89b32d21,class_reliability_gamma_0p500,,0.5,
class_reliability_gamma_0p500,class_scaled_raw,True,0.6,0.6762236059911026,0.9225,0.42523768366465,0.9992350841407445,1600,3,108,1476,0.6812417878942949,0.5363208931379845,0.49931802281922294,f4c4afe2a70643b751a90e4561f2ea31a50796d6aa56cb80ab48363def30cc30,0730b51d3e081d64e9d8fc0f9869f91fdad8abbe04725cf732d2b92886489d03,class_reliability_gamma_0p500,,0.5,
class_reliability_gamma_0p500,class_scaled_raw,True,0.6956586611615911,0.6046397599003555,0.9550922213311949,0.34312878133102853,0.9997450280469148,1247,1,47,1191,0.6812417878942949,0.5363208931379845,0.49931802281922294,f4c4afe2a70643b751a90e4561f2ea31a50796d6aa56cb80ab48363def30cc30,a6b9abfeedd13e6d58c9dcbefe5f1e031cdef62ea41fa27536039f51f7c8a362,class_reliability_gamma_0p500,,0.5,
class_reliability_gamma_0p500,class_scaled_raw,True,0.7,0.601396366563077,0.9554655870445344,0.3399596658023624,0.9997450280469148,1235,1,46,1180,0.6812417878942949,0.5363208931379845,0.49931802281922294,f4c4afe2a70643b751a90e4561f2ea31a50796d6aa56cb80ab48363def30cc30,2d009f566fc0cc69004d2e1dc639edb86b8aa739b751afd1e24e027ee257419d,class_reliability_gamma_0p500,,0.5,
class_reliability_gamma_0p500,class_scaled_raw,True,0.8,0.4524160057565757,0.9791937581274383,0.21694036300777875,0.9997450280469148,769,1,14,753,0.6812417878942949,0.5363208931379845,0.49931802281922294,f4c4afe2a70643b751a90e4561f2ea31a50796d6aa56cb80ab48363def30cc30,2fd8dd69986c61885612af708a24ece59adf0b82d21607df027110de4cc6bad6,class_reliability_gamma_0p500,,0.5,
class_reliability_gamma_0p500,class_scaled_raw,True,0.9,0.03873140611843952,1.0,0.013252664938058196,1.0,46,0,0,46,0.6812417878942949,0.5363208931379845,0.49931802281922294,f4c4afe2a70643b751a90e4561f2ea31a50796d6aa56cb80ab48363def30cc30,168dec186b953ffd8d3bb0c1c6e0c67258eea596fa2f9e750ddb584419e73587,class_reliability_gamma_0p500,,0.5,
class_reliability_gamma_0p500,class_scaled_raw,True,0.967014729976654,0.0008638065073423554,1.0,0.0002881014116969173,1.0,1,0,0,1,0.6812417878942949,0.5363208931379845,0.49931802281922294,f4c4afe2a70643b751a90e4561f2ea31a50796d6aa56cb80ab48363def30cc30,057a9de7fd51429bc22cfbf2bc1fbedb2679187d689b7de4b5b252bd745a2fcb,class_reliability_gamma_0p500,,0.5,
class_reliability_gamma_0p750,class_scaled_raw,True,0.0015763899459071717,0.3347756502437885,0.1547224302064392,0.8334773840391818,0.7702702702702703,18698,901,14120,2893,0.6812417878942949,0.5363208931379845,0.49931802281922294,5bcef247a59753183f278f0a49732fadbfeb7797f2703a6662617682f49b5223,38cc5f25c88536830d1105eb94c671a5920e24585f46834d07b7144ee5100ae9,class_reliability_gamma_0p750,,0.75,
class_reliability_gamma_0p750,class_scaled_raw,True,0.004758554142208056,0.4426224917692038,0.22886250601636451,0.8219533275713051,0.8391126976032637,12466,631,8466,2853,0.6812417878942949,0.5363208931379845,0.49931802281922294,5bcef247a59753183f278f0a49732fadbfeb7797f2703a6662617682f49b5223,b85f504c888a039b94968c48f833b2a8667487abb19ce871dd2f3ed0ae1251b9,class_reliability_gamma_0p750,,0.75,
class_reliability_gamma_0p750,class_scaled_raw,True,0.020363808710965284,0.5935953111601451,0.36911764705882355,0.7954479976951887,0.9194288628250893,7480,316,4136,2761,0.6812417878942949,0.5363208931379845,0.49931802281922294,5bcef247a59753183f278f0a49732fadbfeb7797f2703a6662617682f49b5223,47083107a5e4f261ff21b84ba0e1cf5af2b8eb3604d20b43823752b6707d6643,class_reliability_gamma_0p750,,0.75,
class_reliability_gamma_0p750,class_scaled_raw,True,0.05,0.6871383831778918,0.4959062151097879,0.7677902621722846,0.9551249362570118,5374,176,2363,2665,0.6812417878942949,0.5363208931379845,0.49931802281922294,5bcef247a59753183f278f0a49732fadbfeb7797f2703a6662617682f49b5223,e7a2cecea3668936f5c91653ce0e8cad6dde750765f0a760daaad97823690eb8,class_reliability_gamma_0p750,,0.75,
class_reliability_gamma_0p750,class_scaled_raw,True,0.06128419592046612,0.7059431679202205,0.5283737718066974,0.7591472198213771,0.9617542070372259,4987,150,2045,2635,0.6812417878942949,0.5363208931379845,0.49931802281922294,5bcef247a59753183f278f0a49732fadbfeb7797f2703a6662617682f49b5223,8df850662fc48c372b078e09cff943a08bc6b4301ab09c22c791f5e66f19f028,class_reliability_gamma_0p750,,0.75,
class_reliability_gamma_0p750,class_scaled_raw,True,0.1,0.7386938224157898,0.601568068424804,0.7294727744165946,0.9727180010198878,4209,107,1448,2532,0.6812417878942949,0.5363208931379845,0.49931802281922294,5bcef247a59753183f278f0a49732fadbfeb7797f2703a6662617682f49b5223,6e976fad7a6c81318d81588c5e68eacbbc993f7fcdfe2bc3c0f56a0a76e7914b,class_reliability_gamma_0p750,,0.75,
class_reliability_gamma_0p750,class_scaled_raw,True,0.15,0.7604172126421721,0.6709211986681465,0.6966292134831461,0.9811320754716981,3604,74,1018,2418,0.6812417878942949,0.5363208931379845,0.49931802281922294,5bcef247a59753183f278f0a49732fadbfeb7797f2703a6662617682f49b5223,6aec0ab676017c1c2bb70a2ce818a5974522d46ad739f07619cb23bb8a2d846b,class_reliability_gamma_0p750,,0.75,
class_reliability_gamma_0p750,class_scaled_raw,True,0.2,0.768791403045532,0.716,0.6704119850187266,0.9862315145334013,3250,54,787,2327,0.6812417878942949,0.5363208931379845,0.49931802281922294,5bcef247a59753183f278f0a49732fadbfeb7797f2703a6662617682f49b5223,7a0360d012f7195a84f0d0f3839065f0969584e7fbee551002c6b23abe56ac57,class_reliability_gamma_0p750,,0.75,
class_reliability_gamma_0p750,class_scaled_raw,True,0.25,0.7734616888419349,0.7628336755646817,0.6421780466724287,0.9895461499235084,2922,41,585,2229,0.6812417878942949,0.5363208931379845,0.49931802281922294,5bcef247a59753183f278f0a49732fadbfeb7797f2703a6662617682f49b5223,846c2fc64fb757b1614cf22cb185da2a1e93fbe64f003cc87068547b806c3385,class_reliability_gamma_0p750,,0.75,
class_reliability_gamma_0p750,class_scaled_raw,True,0.3,0.7699434162479314,0.7921306607275427,0.6148084125612215,0.9926058133605303,2694,29,475,2134,0.6812417878942949,0.5363208931379845,0.49931802281922294,5bcef247a59753183f278f0a49732fadbfeb7797f2703a6662617682f49b5223,5846e7dd5df3f9b43100a5639f1c339dec765e68985028cb3bacbcebf8c78d3b,class_reliability_gamma_0p750,,0.75,
class_reliability_gamma_0p750,class_scaled_raw,True,0.3422379158935014,0.7667357737717874,0.822373696872494,0.5908959953903774,0.9956654767975522,2494,17,380,2051,0.6812417878942949,0.5363208931379845,0.49931802281922294,5bcef247a59753183f278f0a49732fadbfeb7797f2703a6662617682f49b5223,c93c29cfc9d0f6096e16a84ec3440d2eeb2666e865476361e4a1fa87a966937f,class_reliability_gamma_0p750,,0.75,
class_reliability_gamma_0p750,class_scaled_raw,True,0.35,0.7653307181147015,0.8259634888438134,0.5865744742149237,0.9956654767975522,2465,17,368,2036,0.6812417878942949,0.5363208931379845,0.49931802281922294,5bcef247a59753183f278f0a49732fadbfeb7797f2703a6662617682f49b5223,5fd7ecf978a99ff7695d98ca9b00b76ede9a3122b3c44f029f9a8e6afc6bbabe,class_reliability_gamma_0p750,,0.75,
class_reliability_gamma_0p750,class_scaled_raw,True,0.4,0.753235176620669,0.8492063492063492,0.5548833189282627,0.9969403365629781,2268,12,292,1926,0.6812417878942949,0.5363208931379845,0.49931802281922294,5bcef247a59753183f278f0a49732fadbfeb7797f2703a6662617682f49b5223,c46dc6537ee0135b0b00a8261806726861f18c41725b7eaa7727fdd7b1cc9800,class_reliability_gamma_0p750,,0.75,
class_reliability_gamma_0p750,class_scaled_raw,True,0.5,0.7100644274197567,0.8960826985854189,0.47450302506482284,0.998470168281489,1838,6,162,1647,0.6812417878942949,0.5363208931379845,0.49931802281922294,5bcef247a59753183f278f0a49732fadbfeb7797f2703a6662617682f49b5223,03c3c2d84e72d94c1d5fe2dd190301790405127529a470094a5624e81883a49f,class_reliability_gamma_0p750,,0.75,
class_reliability_gamma_0p750,class_scaled_raw,True,0.6,0.6537127958107352,0.9318028359216746,0.3975799481417459,0.9992350841407445,1481,3,85,1380,0.6812417878942949,0.5363208931379845,0.49931802281922294,5bcef247a59753183f278f0a49732fadbfeb7797f2703a6662617682f49b5223,3abbd70004b836a9b3ec5b6130d11c51cf3efc8065917b8293e2c3a67590dae7,class_reliability_gamma_0p750,,0.75,
class_reliability_gamma_0p750,class_scaled_raw,True,0.6605154964560769,0.6022053197048687,0.95028067361668,0.341400172860847,0.9997450280469148,1247,1,52,1185,0.6812417878942949,0.5363208931379845,0.49931802281922294,5bcef247a59753183f278f0a49732fadbfeb7797f2703a6662617682f49b5223,564c121744929463f53e8c01458e81367fbe1c8922a45d2f6436763e751cc4fb,class_reliability_gamma_0p750,,0.75,
class_reliability_gamma_0p750,class_scaled_raw,True,0.7,0.5585239968980017,0.9586397058823529,0.3004897723998848,0.9997450280469148,1088,1,38,1043,0.6812417878942949,0.5363208931379845,0.49931802281922294,5bcef247a59753183f278f0a49732fadbfeb7797f2703a6662617682f49b5223,a1846b69097abab8fdb5ec323c072020f916fd137b2ced48ba0e36cdd7173306,class_reliability_gamma_0p750,,0.75,
class_reliability_gamma_0p750,class_scaled_raw,True,0.8,0.38707613563659626,0.9869494290375204,0.17430135407663497,1.0,613,0,8,605,0.6812417878942949,0.5363208931379845,0.49931802281922294,5bcef247a59753183f278f0a49732fadbfeb7797f2703a6662617682f49b5223,e48e2592a79d255ad642837fe78ac0c11e0aa8a9e2256300c557e03f90beee3a,class_reliability_gamma_0p750,,0.75,
class_reliability_gamma_0p750,class_scaled_raw,True,0.9,0.017089148390771858,1.0,0.005762028233938346,1.0,20,0,0,20,0.6812417878942949,0.5363208931379845,0.49931802281922294,5bcef247a59753183f278f0a49732fadbfeb7797f2703a6662617682f49b5223,4daba5f33f5f984d91eaba920b05db2a7e93f36156c806a2e8a2bd52e2fd4fbb,class_reliability_gamma_0p750,,0.75,
class_reliability_gamma_0p750,class_scaled_raw,True,0.967014729976654,0.0008638065073423554,1.0,0.0002881014116969173,1.0,1,0,0,1,0.6812417878942949,0.5363208931379845,0.49931802281922294,5bcef247a59753183f278f0a49732fadbfeb7797f2703a6662617682f49b5223,057a9de7fd51429bc22cfbf2bc1fbedb2679187d689b7de4b5b252bd745a2fcb,class_reliability_gamma_0p750,,0.75,
class_reliability_gamma_1p000,class_scaled_raw,True,0.0014210110044776847,0.33485853143897354,0.15477591186223125,0.8337654854508787,0.7700152983171851,18698,902,14123,2894,0.6812417878942949,0.5363208931379845,0.49931802281922294,edf9c72856505b2e944d5b97ca9d1521f29c88b15bc5cb7805f5623cf33e7a1d,5eba3bfa64a50fa2bdecdc352703156a657c7e2094cb36424a31060b7d56ba56,class_reliability_gamma_1p000,,1.0,
class_reliability_gamma_1p000,class_scaled_raw,True,0.004288400390589775,0.44279764799813126,0.2289427242098508,0.822241428983002,0.839622641509434,12466,629,8473,2854,0.6812417878942949,0.5363208931379845,0.49931802281922294,edf9c72856505b2e944d5b97ca9d1521f29c88b15bc5cb7805f5623cf33e7a1d,7daa9b0f44ac916e8d06d6dfce6ff4c192768c4d0087bf9ee156c33e7eeba090,class_reliability_gamma_1p000,,1.0,
class_reliability_gamma_1p000,class_scaled_raw,True,0.01854205402205308,0.5936034068404396,0.3689839572192513,0.7951598962834918,0.920703722590515,7480,311,4144,2760,0.6812417878942949,0.5363208931379845,0.49931802281922294,edf9c72856505b2e944d5b97ca9d1521f29c88b15bc5cb7805f5623cf33e7a1d,a652fdcf7e79a4bbeff2e720db541c5d1e2240a04ca227e55478d7b8f0fa195f,class_reliability_gamma_1p000,,1.0,
class_reliability_gamma_1p000,class_scaled_raw,True,0.05,0.6949484631242115,0.5088291746641075,0.7637568424085278,0.9594594594594594,5210,159,2233,2651,0.6812417878942949,0.5363208931379845,0.49931802281922294,edf9c72856505b2e944d5b97ca9d1521f29c88b15bc5cb7805f5623cf33e7a1d,a44666acddd0f22522ad544e76de5a10b32ab6532bf7e47551a8c6d8449bbdf4,class_reliability_gamma_1p000,,1.0,
class_reliability_gamma_1p000,class_scaled_raw,True,0.056502813691908016,0.7053160258887514,0.5275716863846,0.7579948141745895,0.9627740948495666,4987,146,2055,2631,0.6812417878942949,0.5363208931379845,0.49931802281922294,edf9c72856505b2e944d5b97ca9d1521f29c88b15bc5cb7805f5623cf33e7a1d,6fa5db7775d36b5a715f7def2233bb0dfb5acd67e4dc1df8020db5d8dedf0d72,class_reliability_gamma_1p000,,1.0,
class_reliability_gamma_1p000,class_scaled_raw,True,0.1,0.7440736403518755,0.6153846153846154,0.7237107461826563,0.9755226925038246,4082,96,1360,2512,0.6812417878942949,0.5363208931379845,0.49931802281922294,edf9c72856505b2e944d5b97ca9d1521f29c88b15bc5cb7805f5623cf33e7a1d,93850ed7fe0f0f3c564c9215531f6368a7c5c1dbf52caf8d037274b0156cec04,class_reliability_gamma_1p000,,1.0,
class_reliability_gamma_1p000,class_scaled_raw,True,0.15,0.7626022510591709,0.6824671616219303,0.6885623739556324,0.9839367669556349,3502,63,957,2390,0.6812417878942949,0.5363208931379845,0.49931802281922294,edf9c72856505b2e944d5b97ca9d1521f29c88b15bc5cb7805f5623cf33e7a1d,962b4df3788430a65ee1a63267480a640171632cfda2e573b3611685f5f07c03,class_reliability_gamma_1p000,,1.0,
class_reliability_gamma_1p000,class_scaled_raw,True,0.2,0.7693179874059676,0.731496315283563,0.6577355229040622,0.9880163182049975,3121,47,715,2283,0.6812417878942949,0.5363208931379845,0.49931802281922294,edf9c72856505b2e944d5b97ca9d1521f29c88b15bc5cb7805f5623cf33e7a1d,5dd7b87bf6a52df8f02507ee01e9536839738982443f53e48aefc843bf5ea073,class_reliability_gamma_1p000,,1.0,
class_reliability_gamma_1p000,class_scaled_raw,True,0.25,0.7710961134236942,0.7748579545454546,0.6286372803226736,0.9908210096889343,2816,36,539,2182,0.6812417878942949,0.5363208931379845,0.49931802281922294,edf9c72856505b2e944d5b97ca9d1521f29c88b15bc5cb7805f5623cf33e7a1d,a4bb84ebe3e7e3a743f97315d09bbc001508affa21b2ba59a00f3989bb93629f,class_reliability_gamma_1p000,,1.0,
class_reliability_gamma_1p000,class_scaled_raw,True,0.3,0.765088219226177,0.8055987558320373,0.5969461250360126,0.9954105048444671,2572,18,429,2072,0.6812417878942949,0.5363208931379845,0.49931802281922294,edf9c72856505b2e944d5b97ca9d1521f29c88b15bc5cb7805f5623cf33e7a1d,e2501108fe867e22071f39f5b3233f233f3ad522995524405179e81de1d4ac14,class_reliability_gamma_1p000,,1.0,
class_reliability_gamma_1p000,class_scaled_raw,True,0.31751338164731496,0.762838696816447,0.8167602245388933,0.5868625756266206,0.9956654767975522,2494,17,388,2037,0.6812417878942949,0.5363208931379845,0.49931802281922294,edf9c72856505b2e944d5b97ca9d1521f29c88b15bc5cb7805f5623cf33e7a1d,ee047bb2af549e9291097a2273c8209b0a3f253f1862580683781f573744ce70,class_reliability_gamma_1p000,,1.0,
class_reliability_gamma_1p000,class_scaled_raw,True,0.35,0.7550056203941254,0.8340425531914893,0.564678766925958,0.9964303926568078,2350,14,334,1960,0.6812417878942949,0.5363208931379845,0.49931802281922294,edf9c72856505b2e944d5b97ca9d1521f29c88b15bc5cb7805f5623cf33e7a1d,0d54797d5fcc6aa819f0c909d2b2e84c26718d42f5b92e6d985e2000a2aabd65,class_reliability_gamma_1p000,,1.0,
class_reliability_gamma_1p000,class_scaled_raw,True,0.4,0.7365344449559957,0.8545369504209541,0.526361279170268,0.9969403365629781,2138,12,265,1827,0.6812417878942949,0.5363208931379845,0.49931802281922294,edf9c72856505b2e944d5b97ca9d1521f29c88b15bc5cb7805f5623cf33e7a1d,744184504cb4d48603905fb88aaf8ba37ebcc55d9a18a36e1a11f4ab6339a500,class_reliability_gamma_1p000,,1.0,
class_reliability_gamma_1p000,class_scaled_raw,True,0.5,0.6949540705663667,0.8994860079954312,0.45375972342264476,0.9987251402345741,1751,5,153,1575,0.6812417878942949,0.5363208931379845,0.49931802281922294,edf9c72856505b2e944d5b97ca9d1521f29c88b15bc5cb7805f5623cf33e7a1d,88bafdd0b4bce5cba21897ef993f4409e5aef3880679f7f9ac339f4539af8e1a,class_reliability_gamma_1p000,,1.0,
class_reliability_gamma_1p000,class_scaled_raw,True,0.6,0.6234130158201856,0.9383815887156645,0.3641601843849035,0.9994900560938297,1347,2,71,1264,0.6812417878942949,0.5363208931379845,0.49931802281922294,edf9c72856505b2e944d5b97ca9d1521f29c88b15bc5cb7805f5623cf33e7a1d,2b41a37a086184e0252d6c0e3a16da8e87e66d962952e4538e184f211be6ca71,class_reliability_gamma_1p000,,1.0,
class_reliability_gamma_1p000,class_scaled_raw,True,0.6270463622478549,0.6001728351651849,0.946271050521251,0.3399596658023624,0.9997450280469148,1247,1,58,1180,0.6812417878942949,0.5363208931379845,0.49931802281922294,edf9c72856505b2e944d5b97ca9d1521f29c88b15bc5cb7805f5623cf33e7a1d,a52526ed3f15b8e68119f11467411cdfb7a677148b584d01f6b8b052ea19e05b,class_reliability_gamma_1p000,,1.0,
class_reliability_gamma_1p000,class_scaled_raw,True,0.7,0.5218617415094242,0.9688796680497925,0.2690867185249208,0.9997450280469148,964,1,25,934,0.6812417878942949,0.5363208931379845,0.49931802281922294,edf9c72856505b2e944d5b97ca9d1521f29c88b15bc5cb7805f5623cf33e7a1d,1947247151298281f0644b3b73919f82ea780255ee54128b5efd84a1a3d033a7,class_reliability_gamma_1p000,,1.0,
class_reliability_gamma_1p000,class_scaled_raw,True,0.8,0.2965357967667437,0.9930394431554525,0.12330740420628061,1.0,431,0,3,428,0.6812417878942949,0.5363208931379845,0.49931802281922294,edf9c72856505b2e944d5b97ca9d1521f29c88b15bc5cb7805f5623cf33e7a1d,4543b4781731dfbc2aae27178d13f5eaedfe1561ee279dad382469adad4dd489,class_reliability_gamma_1p000,,1.0,
class_reliability_gamma_1p000,class_scaled_raw,True,0.9,0.017089148390771858,1.0,0.005762028233938346,1.0,20,0,0,20,0.6812417878942949,0.5363208931379845,0.49931802281922294,edf9c72856505b2e944d5b97ca9d1521f29c88b15bc5cb7805f5623cf33e7a1d,4daba5f33f5f984d91eaba920b05db2a7e93f36156c806a2e8a2bd52e2fd4fbb,class_reliability_gamma_1p000,,1.0,
class_reliability_gamma_1p000,class_scaled_raw,True,0.967014729976654,0.0008638065073423554,1.0,0.0002881014116969173,1.0,1,0,0,1,0.6812417878942949,0.5363208931379845,0.49931802281922294,edf9c72856505b2e944d5b97ca9d1521f29c88b15bc5cb7805f5623cf33e7a1d,057a9de7fd51429bc22cfbf2bc1fbedb2679187d689b7de4b5b252bd745a2fcb,class_reliability_gamma_1p000,,1.0,
raw_light_geom_gate_0p050,light_geometry_gate,False,0.0020731553728560743,0.33447874203126515,0.154561985239063,0.832613079804091,0.7702702702702703,18698,901,14113,2890,0.6812417878942949,0.5363208931379845,0.49931802281922294,f82f7641f968638e94b8a1412cd6c72a6a64a65a74f318105dce09bd8f53d09d,d9c01f36a5e3c7e777be7aad3b8173b05fb2bc340689afaa3e87775f066f6687,raw_light_geom_gate_0p050,,,0.05
raw_light_geom_gate_0p050,light_geometry_gate,False,0.0061897058959396395,0.442575171729562,0.22886250601636451,0.8219533275713051,0.8386027536970933,12466,633,8457,2853,0.6812417878942949,0.5363208931379845,0.49931802281922294,f82f7641f968638e94b8a1412cd6c72a6a64a65a74f318105dce09bd8f53d09d,1ec07b59ac5ac12c7d8783752bc122d090026970617ea45a8e7a17e1ce7468c3,raw_light_geom_gate_0p050,,,0.05
raw_light_geom_gate_0p050,light_geometry_gate,False,0.025512203175511835,0.5940303664965592,0.3695187165775401,0.7963123019302795,0.9189189189189189,7480,318,4127,2764,0.6812417878942949,0.5363208931379845,0.49931802281922294,f82f7641f968638e94b8a1412cd6c72a6a64a65a74f318105dce09bd8f53d09d,675a37ce0b1b3f9e5170ec80640ee7d886ecd237bcc8e1cc73f3e5091b1516ab,raw_light_geom_gate_0p050,,,0.05
raw_light_geom_gate_0p050,light_geometry_gate,False,0.05,0.6662408888317819,0.46257920876862474,0.7781619129933737,0.9469658337582866,5839,208,2736,2701,0.6812417878942949,0.5363208931379845,0.49931802281922294,f82f7641f968638e94b8a1412cd6c72a6a64a65a74f318105dce09bd8f53d09d,d537600bcb5396b011120d37ed77282a433bb7476d1c816827e98076ed760bb6,raw_light_geom_gate_0p050,,,0.05
raw_light_geom_gate_0p050,light_geometry_gate,False,0.07831956347739577,0.7041979884185361,0.5273711650290756,0.7577067127628926,0.9576746557878634,4987,166,2033,2630,0.6812417878942949,0.5363208931379845,0.49931802281922294,f82f7641f968638e94b8a1412cd6c72a6a64a65a74f318105dce09bd8f53d09d,e545205b525667c4dc7657778b6335e60d94e7555b007c1acf440d7cfded5058,raw_light_geom_gate_0p050,,,0.05
raw_light_geom_gate_0p050,light_geometry_gate,False,0.1,0.7242759981111501,0.5661861074705111,0.7467588591184097,0.9645588985211627,4578,139,1702,2592,0.6812417878942949,0.5363208931379845,0.49931802281922294,f82f7641f968638e94b8a1412cd6c72a6a64a65a74f318105dce09bd8f53d09d,f0a0fa2262cb9a306ef3903233e65cfacebcc4a6259b2a50c06c2fe13dafab0b,raw_light_geom_gate_0p050,,,0.05
raw_light_geom_gate_0p050,light_geometry_gate,False,0.15,0.7495341115383778,0.6312056737588653,0.717948717948718,0.9752677205507394,3948,97,1246,2492,0.6812417878942949,0.5363208931379845,0.49931802281922294,f82f7641f968638e94b8a1412cd6c72a6a64a65a74f318105dce09bd8f53d09d,7772f19a3584901e6e17c80db94eb245d045e05d94cdd22c2b2e7a2881e1aecf,raw_light_geom_gate_0p050,,,0.05
raw_light_geom_gate_0p050,light_geometry_gate,False,0.2,0.7636763169242813,0.6798986486486487,0.6957649092480553,0.9801121876593575,3552,78,965,2415,0.6812417878942949,0.5363208931379845,0.49931802281922294,f82f7641f968638e94b8a1412cd6c72a6a64a65a74f318105dce09bd8f53d09d,e9c668fa92a117df45209a750409d8f1a3d7013ca465190bd97701a9483d4745,raw_light_geom_gate_0p050,,,0.05
raw_light_geom_gate_0p050,light_geometry_gate,False,0.25,0.7712564248698818,0.7215698393077874,0.672716796312302,0.9829168791432943,3236,67,752,2335,0.6812417878942949,0.5363208931379845,0.49931802281922294,f82f7641f968638e94b8a1412cd6c72a6a64a65a74f318105dce09bd8f53d09d,db0c28e6519d8b14830fde7f9a3431eeb21239009c3c26e4a1130308396fcd77,raw_light_geom_gate_0p050,,,0.05
raw_light_geom_gate_0p050,light_geometry_gate,False,0.3,0.7738397787726214,0.752913752913753,0.65139729184673,0.9867414584395716,3003,52,620,2261,0.6812417878942949,0.5363208931379845,0.49931802281922294,f82f7641f968638e94b8a1412cd6c72a6a64a65a74f318105dce09bd8f53d09d,30ea5a078df63c5281fd7fd0068de70bf0acf64801025801b2b40b54f059df6f,raw_light_geom_gate_0p050,,,0.05
raw_light_geom_gate_0p050,light_geometry_gate,False,0.35,0.7735595990849152,0.7819548872180451,0.6292134831460674,0.9900560938296787,2793,39,510,2184,0.6812417878942949,0.5363208931379845,0.49931802281922294,f82f7641f968638e94b8a1412cd6c72a6a64a65a74f318105dce09bd8f53d09d,804c9c79e01842c2cf85733e606a5c6af64c969ada73fcefe3dca7b23ae3271e,raw_light_geom_gate_0p050,,,0.05
raw_light_geom_gate_0p050,light_geometry_gate,False,0.4,0.7697141592848578,0.8099652375434531,0.6041486603284356,0.9923508414074452,2589,30,414,2097,0.6812417878942949,0.5363208931379845,0.49931802281922294,f82f7641f968638e94b8a1412cd6c72a6a64a65a74f318105dce09bd8f53d09d,3133b145698ea330ce89b9ec52d07a41334dc9db5a6a15f733fb874e4d587d5b,raw_light_geom_gate_0p050,,,0.05
raw_light_geom_gate_0p050,light_geometry_gate,False,0.42670289130136546,0.7663824988515954,0.822373696872494,0.5908959953903774,0.9938806731259562,2494,24,371,2051,0.6812417878942949,0.5363208931379845,0.49931802281922294,f82f7641f968638e94b8a1412cd6c72a6a64a65a74f318105dce09bd8f53d09d,707f28dc9569003198c648d1fc8ac7830d1fc03a3bfe9edd69267b62fc8ad1d0,raw_light_geom_gate_0p050,,,0.05
raw_light_geom_gate_0p050,light_geometry_gate,False,0.5,0.7516886485876821,0.8542691104157354,0.550561797752809,0.9959204487506375,2237,16,268,1911,0.6812417878942949,0.5363208931379845,0.49931802281922294,f82f7641f968638e94b8a1412cd6c72a6a64a65a74f318105dce09bd8f53d09d,0d49debdb9d42e9e9d918aa3e587ca088f6321f6a06b8743015a9788eaa6d797,raw_light_geom_gate_0p050,,,0.05
raw_light_geom_gate_0p050,light_geometry_gate,False,0.6,0.7170917387711233,0.892006352567496,0.4854508787093057,0.9974502804691484,1889,10,166,1685,0.6812417878942949,0.5363208931379845,0.49931802281922294,f82f7641f968638e94b8a1412cd6c72a6a64a65a74f318105dce09bd8f53d09d,b96122b14337cc1ff832312fae86b70411df4511bcb8619fcd8e2efe8634e8e3,raw_light_geom_gate_0p050,,,0.05
raw_light_geom_gate_0p050,light_geometry_gate,False,0.7,0.6715373971269042,0.9347966429954809,0.4171708441371363,0.9994900560938297,1549,2,84,1448,0.6812417878942949,0.5363208931379845,0.49931802281922294,f82f7641f968638e94b8a1412cd6c72a6a64a65a74f318105dce09bd8f53d09d,a185c85f7c77413e4836426fecea02d58a606148de6fd3a17e24391887eea720,raw_light_geom_gate_0p050,,,0.05
raw_light_geom_gate_0p050,light_geometry_gate,False,0.7862913797775903,0.6078465707561458,0.9615076182838813,0.3454335926246039,0.9994900560938297,1247,2,37,1199,0.6812417878942949,0.5363208931379845,0.49931802281922294,f82f7641f968638e94b8a1412cd6c72a6a64a65a74f318105dce09bd8f53d09d,c5dda26ae0500bb3ba5b3c758864c57c6d36e3666df1480ee46ea4d19d5c0ec5,raw_light_geom_gate_0p050,,,0.05
raw_light_geom_gate_0p050,light_geometry_gate,False,0.8,0.5903084165975367,0.9644670050761421,0.32843560933448573,0.9994900560938297,1182,2,32,1140,0.6812417878942949,0.5363208931379845,0.49931802281922294,f82f7641f968638e94b8a1412cd6c72a6a64a65a74f318105dce09bd8f53d09d,50698f6b785f8e3e5570158212e809894ba812d40a26720d8e18f664af768016,raw_light_geom_gate_0p050,,,0.05
raw_light_geom_gate_0p050,light_geometry_gate,False,0.9,0.39180293055850496,0.9871589085072231,0.17718236819360414,1.0,623,0,7,615,0.6812417878942949,0.5363208931379845,0.49931802281922294,f82f7641f968638e94b8a1412cd6c72a6a64a65a74f318105dce09bd8f53d09d,a956779e6ed5da68477000d3503769dc8e663af16d4e054f3f7bfdfdaa9c087a,raw_light_geom_gate_0p050,,,0.05
raw_light_geom_gate_0p050,light_geometry_gate,False,0.9801890174699375,0.0008638065073423554,1.0,0.0002881014116969173,1.0,1,0,0,1,0.6812417878942949,0.5363208931379845,0.49931802281922294,f82f7641f968638e94b8a1412cd6c72a6a64a65a74f318105dce09bd8f53d09d,d09a8e0a3d4c38c9f7ca032a9064384fe070f42bfd3a47dba82f69a10326d101,raw_light_geom_gate_0p050,,,0.05
raw_light_geom_gate_0p100,light_geometry_gate,False,0.0019675304865836548,0.33447874203126515,0.154561985239063,0.832613079804091,0.7702702702702703,18698,901,14113,2890,0.6812417878942949,0.5363208931379845,0.49931802281922294,396a9f9461bd26a4dd3889b0df3e6f4b529b95d9a60b819deded34411f5c21e4,faf07bbd0738a71cba2327334dff87fb03169a2e66d3e9f1a3ca4662fb5a50a7,raw_light_geom_gate_0p100,,,0.1
raw_light_geom_gate_0p100,light_geometry_gate,False,0.005886492421992959,0.442575171729562,0.22886250601636451,0.8219533275713051,0.8386027536970933,12466,633,8457,2853,0.6812417878942949,0.5363208931379845,0.49931802281922294,396a9f9461bd26a4dd3889b0df3e6f4b529b95d9a60b819deded34411f5c21e4,84de5b7e0c7006a810ec85fb6f27b07a0558ab8cee58ebc8db91685ea2ed9b3f,raw_light_geom_gate_0p100,,,0.1
raw_light_geom_gate_0p100,light_geometry_gate,False,0.02442117593161982,0.5940303664965592,0.3695187165775401,0.7963123019302795,0.9189189189189189,7480,318,4128,2764,0.6812417878942949,0.5363208931379845,0.49931802281922294,396a9f9461bd26a4dd3889b0df3e6f4b529b95d9a60b819deded34411f5c21e4,fe9c207837a2fa9394b93ed4dc5dcc3e954504d3f42cd60a01f6377c403658fc,raw_light_geom_gate_0p100,,,0.1
raw_light_geom_gate_0p100,light_geometry_gate,False,0.05,0.6688123478147017,0.4671064051379969,0.7752808988764045,0.9479857215706272,5761,204,2672,2691,0.6812417878942949,0.5363208931379845,0.49931802281922294,396a9f9461bd26a4dd3889b0df3e6f4b529b95d9a60b819deded34411f5c21e4,656702c24aa07bdce9017e1e08c30e1226e85e662a3104543133d7496533dd31,raw_light_geom_gate_0p100,,,0.1
raw_light_geom_gate_0p100,light_geometry_gate,False,0.07579848817669858,0.704400096656856,0.5275716863846,0.7579948141745895,0.9576746557878634,4987,166,2032,2631,0.6812417878942949,0.5363208931379845,0.49931802281922294,396a9f9461bd26a4dd3889b0df3e6f4b529b95d9a60b819deded34411f5c21e4,5dc05c01d8856da2edcd2909dc9f930e32b8f24e80447dc295c4f6b606fe2fa6,raw_light_geom_gate_0p100,,,0.1
raw_light_geom_gate_0p100,light_geometry_gate,False,0.1,0.725868116906533,0.5704505300353356,0.7441659464131374,0.965068842427333,4528,137,1666,2583,0.6812417878942949,0.5363208931379845,0.49931802281922294,396a9f9461bd26a4dd3889b0df3e6f4b529b95d9a60b819deded34411f5c21e4,7f1650647c0607a8862125114f21da0dc7959007e77882319583f88bad2ea2e6,raw_light_geom_gate_0p100,,,0.1
raw_light_geom_gate_0p100,light_geometry_gate,False,0.15,0.7507789747461581,0.6352249488752556,0.7159320080668395,0.9757776644569097,3912,95,1219,2485,0.6812417878942949,0.5363208931379845,0.49931802281922294,396a9f9461bd26a4dd3889b0df3e6f4b529b95d9a60b819deded34411f5c21e4,00b451168d2831476959ca25e9a4f5e61cdc242144e184f83302dcc8e7966888,raw_light_geom_gate_0p100,,,0.1
raw_light_geom_gate_0p100,light_geometry_gate,False,0.2,0.7644264357881387,0.6835083735452739,0.6937481993661769,0.9803671596124426,3523,77,946,2408,0.6812417878942949,0.5363208931379845,0.49931802281922294,396a9f9461bd26a4dd3889b0df3e6f4b529b95d9a60b819deded34411f5c21e4,e7ca611984e09ca0a326e5711cfe64bda48416d2bdd66794c42055dfc45717bd,raw_light_geom_gate_0p100,,,0.1
raw_light_geom_gate_0p100,light_geometry_gate,False,0.25,0.7721598644658234,0.7246737103791174,0.6718524920772112,0.9834268230494646,3218,65,741,2332,0.6812417878942949,0.5363208931379845,0.49931802281922294,396a9f9461bd26a4dd3889b0df3e6f4b529b95d9a60b819deded34411f5c21e4,b7db25d099057d99ef243f64fb0949ede8699e90ce2bb010835d3b65327adff8,raw_light_geom_gate_0p100,,,0.1
raw_light_geom_gate_0p100,light_geometry_gate,False,0.3,0.7738037119314612,0.7536715620827771,0.6505329876116392,0.9872514023457419,2996,50,619,2258,0.6812417878942949,0.5363208931379845,0.49931802281922294,396a9f9461bd26a4dd3889b0df3e6f4b529b95d9a60b819deded34411f5c21e4,e342a8aa499ff6c9a087892f1eeb135e22ae944c06a68b5e6a05c04b8649b8b9,raw_light_geom_gate_0p100,,,0.1
raw_light_geom_gate_0p100,light_geometry_gate,False,0.35,0.7732658443090163,0.7837351565311264,0.6274848746758859,0.9900560938296787,2779,39,503,2178,0.6812417878942949,0.5363208931379845,0.49931802281922294,396a9f9461bd26a4dd3889b0df3e6f4b529b95d9a60b819deded34411f5c21e4,f5f3aee4af408253dc2be89454c83cf872982ffc9483474ba23a322b01aa3de9,raw_light_geom_gate_0p100,,,0.1
raw_light_geom_gate_0p100,light_geometry_gate,False,0.4,0.7690957420794324,0.809984520123839,0.602996254681648,0.9923508414074452,2584,30,413,2093,0.6812417878942949,0.5363208931379845,0.49931802281922294,396a9f9461bd26a4dd3889b0df3e6f4b529b95d9a60b819deded34411f5c21e4,2dec4e2e988093dd88e59cceef102c7118595c5ad6784423b65bc2c255caa061,raw_light_geom_gate_0p100,,,0.1
raw_light_geom_gate_0p100,light_geometry_gate,False,0.4242499833284977,0.7663824988515954,0.822373696872494,0.5908959953903774,0.9938806731259562,2494,24,371,2051,0.6812417878942949,0.5363208931379845,0.49931802281922294,396a9f9461bd26a4dd3889b0df3e6f4b529b95d9a60b819deded34411f5c21e4,782207d5060c40e0db11de70618ba957cf045dcec95a85ddd89fef7b45c94558,raw_light_geom_gate_0p100,,,0.1
raw_light_geom_gate_0p100,light_geometry_gate,False,0.5,0.7515963065942445,0.857399910031489,0.5491212906943244,0.9959204487506375,2223,16,259,1906,0.6812417878942949,0.5363208931379845,0.49931802281922294,396a9f9461bd26a4dd3889b0df3e6f4b529b95d9a60b819deded34411f5c21e4,794bbe52b8efc3b3a3a774e4aad175a55297df9d192dc21ed177e6ac296d1c98,raw_light_geom_gate_0p100,,,0.1
raw_light_geom_gate_0p100,light_geometry_gate,False,0.6,0.7160825701987898,0.8921933085501859,0.4840103716508211,0.9974502804691484,1883,10,165,1680,0.6812417878942949,0.5363208931379845,0.49931802281922294,396a9f9461bd26a4dd3889b0df3e6f4b529b95d9a60b819deded34411f5c21e4,b9e9ef00a7f81a7aec4c7061661cf27b9ab2b6c24510cfa585d3e5cc52cd357f,raw_light_geom_gate_0p100,,,0.1
raw_light_geom_gate_0p100,light_geometry_gate,False,0.7,0.6713850486792746,0.9353587588881707,0.41688274272543935,0.9994900560938297,1547,2,83,1447,0.6812417878942949,0.5363208931379845,0.49931802281922294,396a9f9461bd26a4dd3889b0df3e6f4b529b95d9a60b819deded34411f5c21e4,53cce7299b15ad6ac0521befe3de1e13962e0a978b89645394461951b8eb2d6e,raw_light_geom_gate_0p100,,,0.1
raw_light_geom_gate_0p100,light_geometry_gate,False,0.7856119355519611,0.6078465707561458,0.9615076182838813,0.3454335926246039,0.9994900560938297,1247,2,37,1199,0.6812417878942949,0.5363208931379845,0.49931802281922294,396a9f9461bd26a4dd3889b0df3e6f4b529b95d9a60b819deded34411f5c21e4,c5dda26ae0500bb3ba5b3c758864c57c6d36e3666df1480ee46ea4d19d5c0ec5,raw_light_geom_gate_0p100,,,0.1
raw_light_geom_gate_0p100,light_geometry_gate,False,0.8,0.5891525815997776,0.9651656754460493,0.3272832036876981,0.9994900560938297,1177,2,31,1136,0.6812417878942949,0.5363208931379845,0.49931802281922294,396a9f9461bd26a4dd3889b0df3e6f4b529b95d9a60b819deded34411f5c21e4,458df630f1cb58093f4b73aca3b562ac5596bbf13d2f17a74898fe15ce7de08d,raw_light_geom_gate_0p100,,,0.1
raw_light_geom_gate_0p100,light_geometry_gate,False,0.9,0.39038911333191584,0.9870967741935484,0.1763180639585134,1.0,620,0,7,612,0.6812417878942949,0.5363208931379845,0.49931802281922294,396a9f9461bd26a4dd3889b0df3e6f4b529b95d9a60b819deded34411f5c21e4,914b3dbeafa1f2a1d37b5b3b36afd538e4cf0ced7432b3ea352708ad1d2ad4d3,raw_light_geom_gate_0p100,,,0.1
raw_light_geom_gate_0p100,light_geometry_gate,False,0.9801730354930063,0.0008638065073423554,1.0,0.0002881014116969173,1.0,1,0,0,1,0.6812417878942949,0.5363208931379845,0.49931802281922294,396a9f9461bd26a4dd3889b0df3e6f4b529b95d9a60b819deded34411f5c21e4,d09a8e0a3d4c38c9f7ca032a9064384fe070f42bfd3a47dba82f69a10326d101,raw_light_geom_gate_0p100,,,0.1
raw_light_geom_gate_0p200,light_geometry_gate,False,0.00175854254566064,0.33447874203126515,0.154561985239063,0.832613079804091,0.7702702702702703,18698,901,14113,2890,0.6812417878942949,0.5363208931379845,0.49931802281922294,74d6ac1c9b8ffe0d7bc681143173dc51f253b6cd96b4191a50aa0755751ca25f,f025da8ffce6721b8a1598b71d48ef96f0247d61a5e8785bab19b9bd61c4c6ff,raw_light_geom_gate_0p200,,,0.2
raw_light_geom_gate_0p200,light_geometry_gate,False,0.005277328146659697,0.442575171729562,0.22886250601636451,0.8219533275713051,0.8386027536970933,12466,633,8459,2853,0.6812417878942949,0.5363208931379845,0.49931802281922294,74d6ac1c9b8ffe0d7bc681143173dc51f253b6cd96b4191a50aa0755751ca25f,3cabc64147eae11b59d0c77dacf38f79d3239364d9c47aa2ce5ce10a93be3bf1,raw_light_geom_gate_0p200,,,0.2
raw_light_geom_gate_0p200,light_geometry_gate,False,0.0223161106808847,0.5941368474174904,0.3695187165775401,0.7963123019302795,0.9196838347781744,7480,315,4133,2764,0.6812417878942949,0.5363208931379845,0.49931802281922294,74d6ac1c9b8ffe0d7bc681143173dc51f253b6cd96b4191a50aa0755751ca25f,6139693a08ae354cd651f8395b3161db9666df6b34faede94b596ccf8cc96144,raw_light_geom_gate_0p200,,,0.2
raw_light_geom_gate_0p200,light_geometry_gate,False,0.05,0.6770861900726558,0.4791146019278829,0.7732641889945261,0.9520652728199898,5602,188,2546,2684,0.6812417878942949,0.5363208931379845,0.49931802281922294,74d6ac1c9b8ffe0d7bc681143173dc51f253b6cd96b4191a50aa0755751ca25f,bfab204aa6ac9e900b48abaddd0d723418d9da4a4ca895a0c992f4f5171dba81,raw_light_geom_gate_0p200,,,0.2
raw_light_geom_gate_0p200,light_geometry_gate,False,0.07099603031946843,0.7046481649030235,0.5277722077401243,0.7582829155862864,0.9579296277409485,4987,165,2033,2632,0.6812417878942949,0.5363208931379845,0.49931802281922294,74d6ac1c9b8ffe0d7bc681143173dc51f253b6cd96b4191a50aa0755751ca25f,3c63fd632246a6960645e3e7178ed5be0b599d65aaa5fdec9fe3d9fe99656dc3,raw_light_geom_gate_0p200,,,0.2
raw_light_geom_gate_0p200,light_geometry_gate,False,0.1,0.7294899528226002,0.5786630654962863,0.7407087294727744,0.9668536460989291,4443,130,1603,2571,0.6812417878942949,0.5363208931379845,0.49931802281922294,74d6ac1c9b8ffe0d7bc681143173dc51f253b6cd96b4191a50aa0755751ca25f,2f8e7f3b3ea4369e4125cc9222288df64f67e7f3c1fe75607df55fb6f21e2b87,raw_light_geom_gate_0p200,,,0.2
raw_light_geom_gate_0p200,light_geometry_gate,False,0.15,0.7540234581459054,0.6437857514300572,0.7133390953615673,0.9770525242223356,3846,90,1170,2476,0.6812417878942949,0.5363208931379845,0.49931802281922294,74d6ac1c9b8ffe0d7bc681143173dc51f253b6cd96b4191a50aa0755751ca25f,c20b8fc2b580307bbf98b41868a6b2c38bd7df4896cece0e06b5c9709ffdd7ef,raw_light_geom_gate_0p200,,,0.2
raw_light_geom_gate_0p200,light_geometry_gate,False,0.2,0.7652143727986995,0.6883974727168294,0.6905790838375108,0.9806221315655278,3482,76,918,2397,0.6812417878942949,0.5363208931379845,0.49931802281922294,74d6ac1c9b8ffe0d7bc681143173dc51f253b6cd96b4191a50aa0755751ca25f,6218f515d04241fd9734b1571a872abe67c97f1ea08302591528c83da4d3cad3,raw_light_geom_gate_0p200,,,0.2
raw_light_geom_gate_0p200,light_geometry_gate,False,0.25,0.7736069542964576,0.730817610062893,0.6695476807836358,0.98419173890872,3180,62,715,2324,0.6812417878942949,0.5363208931379845,0.49931802281922294,74d6ac1c9b8ffe0d7bc681143173dc51f253b6cd96b4191a50aa0755751ca25f,0bec2ce4ed9da8f3baf20ec032146a94b0b0fd141ec930e0d54653fd4fa1646b,raw_light_geom_gate_0p200,,,0.2
raw_light_geom_gate_0p200,light_geometry_gate,False,0.3,0.7749695683450595,0.75944669365722,0.6485162777297608,0.9877613462519123,2964,48,597,2251,0.6812417878942949,0.5363208931379845,0.49931802281922294,74d6ac1c9b8ffe0d7bc681143173dc51f253b6cd96b4191a50aa0755751ca25f,708fa03692407a2a1c9fb8c781c6ef30aa80d6fe35272f8943debc10f2530125,raw_light_geom_gate_0p200,,,0.2
raw_light_geom_gate_0p200,light_geometry_gate,False,0.35,0.7742252836914929,0.7901639344262295,0.6248919619706137,0.9910759816420194,2745,35,484,2169,0.6812417878942949,0.5363208931379845,0.49931802281922294,74d6ac1c9b8ffe0d7bc681143173dc51f253b6cd96b4191a50aa0755751ca25f,ae0133f272e848999b2f84e0441c366a33d3171ccbb2be449c979055d841a80b,raw_light_geom_gate_0p200,,,0.2
raw_light_geom_gate_0p200,light_geometry_gate,False,0.4,0.768961485770786,0.8137446310035142,0.6004033419763757,0.9931157572667006,2561,27,401,2084,0.6812417878942949,0.5363208931379845,0.49931802281922294,74d6ac1c9b8ffe0d7bc681143173dc51f253b6cd96b4191a50aa0755751ca25f,5292ebd767e37af181d0a42149d188c69d312eb0f2dbd5f7cf3756e95c88a90a,raw_light_geom_gate_0p200,,,0.2
raw_light_geom_gate_0p200,light_geometry_gate,False,0.4191396121834324,0.7672656779352354,0.8235765838011226,0.5917602996254682,0.9941356450790413,2494,23,369,2054,0.6812417878942949,0.5363208931379845,0.49931802281922294,74d6ac1c9b8ffe0d7bc681143173dc51f253b6cd96b4191a50aa0755751ca25f,42e3d07bfab7ba1c1603dc3eed2f80e76a212c04f13d53a25918de380f72cb8c,raw_light_geom_gate_0p200,,,0.2
raw_light_geom_gate_0p200,light_geometry_gate,False,0.5,0.7509124589721807,0.8603807796917498,0.5468164794007491,0.9959204487506375,2206,16,252,1898,0.6812417878942949,0.5363208931379845,0.49931802281922294,74d6ac1c9b8ffe0d7bc681143173dc51f253b6cd96b4191a50aa0755751ca25f,54f11c6b982d1dcd34ca2a2b4c023939b64acacb2513b3f051737cf55f90fe4f,raw_light_geom_gate_0p200,,,0.2
raw_light_geom_gate_0p200,light_geometry_gate,False,0.6,0.7151765100840509,0.8946524064171123,0.48199366176894265,0.9977052524222335,1870,9,162,1673,0.6812417878942949,0.5363208931379845,0.49931802281922294,74d6ac1c9b8ffe0d7bc681143173dc51f253b6cd96b4191a50aa0755751ca25f,132ea74553d71d56bcf57fb31719d3f243bd3e04bd9fcbc7befcbb65e3c1dc6d,raw_light_geom_gate_0p200,,,0.2
raw_light_geom_gate_0p200,light_geometry_gate,False,0.7,0.6707193957496586,0.9358392741412832,0.4160184384903486,0.9994900560938297,1543,2,82,1444,0.6812417878942949,0.5363208931379845,0.49931802281922294,74d6ac1c9b8ffe0d7bc681143173dc51f253b6cd96b4191a50aa0755751ca25f,64442d4a77f070518f652c519170a3a966aed489ec3bf69c9a9d21db633af1f9,raw_light_geom_gate_0p200,,,0.2
raw_light_geom_gate_0p200,light_geometry_gate,False,0.7842530471007028,0.6078465707561458,0.9615076182838813,0.3454335926246039,0.9994900560938297,1247,2,37,1199,0.6812417878942949,0.5363208931379845,0.49931802281922294,74d6ac1c9b8ffe0d7bc681143173dc51f253b6cd96b4191a50aa0755751ca25f,c5dda26ae0500bb3ba5b3c758864c57c6d36e3666df1480ee46ea4d19d5c0ec5,raw_light_geom_gate_0p200,,,0.2
raw_light_geom_gate_0p200,light_geometry_gate,False,0.8,0.5885224044553128,0.9651063829787234,0.3267070008643042,0.9994900560938297,1175,2,31,1134,0.6812417878942949,0.5363208931379845,0.49931802281922294,74d6ac1c9b8ffe0d7bc681143173dc51f253b6cd96b4191a50aa0755751ca25f,6d07b4a6cd1c30e26915b880a28f9ea45540f1250d01a377999d1aa38b5aca1b,raw_light_geom_gate_0p200,,,0.2
raw_light_geom_gate_0p200,light_geometry_gate,False,0.9,0.39008299638220906,0.9902755267423015,0.1760299625468165,1.0,617,0,5,611,0.6812417878942949,0.5363208931379845,0.49931802281922294,74d6ac1c9b8ffe0d7bc681143173dc51f253b6cd96b4191a50aa0755751ca25f,3075cb0a85a385c1cbc862596bb76a86a87faf8de71dbe117c86c2631994c4f5,raw_light_geom_gate_0p200,,,0.2
raw_light_geom_gate_0p200,light_geometry_gate,False,0.980141071539144,0.0008638065073423554,1.0,0.0002881014116969173,1.0,1,0,0,1,0.6812417878942949,0.5363208931379845,0.49931802281922294,74d6ac1c9b8ffe0d7bc681143173dc51f253b6cd96b4191a50aa0755751ca25f,d09a8e0a3d4c38c9f7ca032a9064384fe070f42bfd3a47dba82f69a10326d101,raw_light_geom_gate_0p200,,,0.2
