image_id,split
lvis_000000000139,test
lvis_000000000285,test
lvis_000000000632,calibration
lvis_000000000724,calibration
lvis_000000000776,test
lvis_000000000785,test
lvis_000000000802,calibration
lvis_000000000872,test
lvis_000000000885,test
lvis_000000001000,test
lvis_000000001268,calibration
lvis_000000001296,test
lvis_000000001353,test
lvis_000000001425,test
lvis_000000001490,test
lvis_000000001503,test
lvis_000000001532,test
lvis_000000001584,calibration
lvis_000000001675,calibration
lvis_000000001761,test
lvis_000000001818,test
lvis_000000001993,test
lvis_000000002006,calibration
lvis_000000002149,calibration
lvis_000000002153,test
lvis_000000002157,test
lvis_000000002261,test
lvis_000000002299,calibration
lvis_000000002431,test
lvis_000000002473,test
lvis_000000002532,test
lvis_000000002587,test
lvis_000000002592,test
lvis_000000002685,test
lvis_000000002923,test
lvis_000000003156,test
lvis_000000003255,test
lvis_000000003501,test
lvis_000000003553,test
lvis_000000003661,test
lvis_000000003845,test
lvis_000000003934,calibration
lvis_000000004134,calibration
lvis_000000004395,test
lvis_000000004495,test
lvis_000000004765,test
lvis_000000004795,test
lvis_000000005001,test
lvis_000000005037,calibration
lvis_000000005060,calibration
lvis_000000005193,test
lvis_000000005477,test
lvis_000000005503,test
lvis_000000005529,test
lvis_000000005586,test
lvis_000000005600,test
lvis_000000005992,calibration
lvis_000000006012,test
lvis_000000006040,test
lvis_000000006213,test
lvis_000000006460,test
lvis_000000006471,test
lvis_000000006614,test
lvis_000000006723,test
lvis_000000006763,test
lvis_000000006771,test
lvis_000000006818,calibration
lvis_000000006894,calibration
lvis_000000006954,calibration
lvis_000000007088,calibration
lvis_000000007108,test
lvis_000000007278,test
lvis_000000007281,test
lvis_000000007386,test
lvis_000000007511,test
lvis_000000007574,calibration
lvis_000000007784,test
lvis_000000007795,test
lvis_000000007816,test
lvis_000000007818,test
lvis_000000007888,test
lvis_000000007977,test
lvis_000000007991,test
lvis_000000008021,test
lvis_000000008211,test
lvis_000000008277,test
lvis_000000008532,test
lvis_000000008629,test
lvis_000000008690,calibration
lvis_000000008762,test
lvis_000000008844,test
lvis_000000008899,test
lvis_000000009378,test
lvis_000000009400,test
lvis_000000009448,test
lvis_000000009483,calibration
lvis_000000009590,test
lvis_000000009769,test
lvis_000000009772,test
lvis_000000009891,test
lvis_000000009914,test
lvis_000000010092,test
lvis_000000010363,test
lvis_000000010583,calibration
lvis_000000010707,calibration
lvis_000000010764,test
lvis_000000010977,test
lvis_000000010995,test
lvis_000000011051,test
lvis_000000011122,test
lvis_000000011149,test
lvis_000000011197,calibration
lvis_000000011511,test
lvis_000000011615,test
lvis_000000011699,calibration
lvis_000000011760,test
lvis_000000011813,test
lvis_000000012062,calibration
lvis_000000012120,test
lvis_000000012280,test
lvis_000000012576,test
lvis_000000012639,test
lvis_000000012667,calibration
lvis_000000012670,test
lvis_000000012748,test
lvis_000000013004,calibration
lvis_000000013177,test
lvis_000000013201,calibration
lvis_000000013291,test
lvis_000000013348,calibration
lvis_000000013546,test
lvis_000000013597,test
lvis_000000013659,test
lvis_000000013729,test
lvis_000000013774,test
lvis_000000013923,calibration
lvis_000000014007,test
lvis_000000014038,calibration
lvis_000000014226,test
lvis_000000014380,calibration
lvis_000000014439,calibration
lvis_000000014473,calibration
lvis_000000014831,test
lvis_000000014888,calibration
lvis_000000015079,test
lvis_000000015254,test
lvis_000000015272,test
lvis_000000015278,calibration
lvis_000000015335,test
lvis_000000015338,test
lvis_000000015440,calibration
lvis_000000015497,test
lvis_000000015517,calibration
lvis_000000015597,test
lvis_000000015660,test
lvis_000000015746,test
lvis_000000015751,test
lvis_000000015956,test
lvis_000000016010,test
lvis_000000016228,test
lvis_000000016249,test
lvis_000000016439,test
lvis_000000016451,test
lvis_000000016502,test
lvis_000000016598,test
lvis_000000016958,test
lvis_000000017029,test
lvis_000000017031,test
lvis_000000017115,test
lvis_000000017178,test
lvis_000000017182,test
lvis_000000017207,test
lvis_000000017379,test
lvis_000000017436,test
lvis_000000017627,test
lvis_000000017714,test
lvis_000000017899,test
lvis_000000017905,test
lvis_000000017959,test
lvis_000000018150,test
lvis_000000018193,test
lvis_000000018380,test
lvis_000000018491,calibration
lvis_000000018519,test
lvis_000000018575,test
lvis_000000018737,calibration
lvis_000000018770,test
lvis_000000018833,test
lvis_000000018837,calibration
lvis_000000019042,calibration
lvis_000000019109,calibration
lvis_000000019221,test
lvis_000000019402,test
lvis_000000019432,calibration
lvis_000000019742,test
lvis_000000019786,test
lvis_000000019924,test
lvis_000000020059,calibration
lvis_000000020107,test
lvis_000000020247,test
lvis_000000020333,calibration
lvis_000000020553,test
lvis_000000020571,test
lvis_000000020992,test
lvis_000000021167,calibration
lvis_000000021465,calibration
lvis_000000021503,calibration
lvis_000000021604,test
lvis_000000021839,test
lvis_000000021879,test
lvis_000000021903,test
lvis_000000022192,test
lvis_000000022371,test
lvis_000000022396,test
lvis_000000022479,test
lvis_000000022589,test
lvis_000000022623,test
lvis_000000022705,test
lvis_000000022755,test
lvis_000000022892,test
lvis_000000022935,test
lvis_000000022969,test
lvis_000000023023,test
lvis_000000023034,test
lvis_000000023126,test
lvis_000000023230,test
lvis_000000023272,calibration
lvis_000000023359,test
lvis_000000023666,test
lvis_000000023751,test
lvis_000000023781,calibration
lvis_000000023899,test
lvis_000000023937,calibration
lvis_000000024021,test
lvis_000000024027,calibration
lvis_000000024144,test
lvis_000000024243,test
lvis_000000024567,test
lvis_000000024610,test
lvis_000000024919,calibration
lvis_000000025057,test
lvis_000000025096,test
lvis_000000025139,calibration
lvis_000000025181,test
lvis_000000025228,calibration
lvis_000000025386,calibration
lvis_000000025393,test
lvis_000000025394,test
lvis_000000025424,test
lvis_000000025560,test
lvis_000000025593,calibration
lvis_000000025603,test
lvis_000000025986,test
lvis_000000026204,test
lvis_000000026465,test
lvis_000000026564,test
lvis_000000026690,test
lvis_000000026926,test
lvis_000000026941,test
lvis_000000027186,test
lvis_000000027620,test
lvis_000000027696,test
lvis_000000027768,calibration
lvis_000000027932,test
lvis_000000027972,calibration
lvis_000000027982,test
lvis_000000028285,test
lvis_000000028449,test
lvis_000000028452,test
lvis_000000028809,test
lvis_000000028993,test
lvis_000000029187,test
lvis_000000029393,test
lvis_000000029397,test
lvis_000000029596,calibration
lvis_000000029640,calibration
lvis_000000029675,calibration
lvis_000000029984,calibration
lvis_000000030213,test
lvis_000000030494,calibration
lvis_000000030504,test
lvis_000000030675,calibration
lvis_000000030785,test
lvis_000000030828,test
lvis_000000031050,calibration
lvis_000000031093,test
lvis_000000031118,calibration
lvis_000000031217,test
lvis_000000031248,test
lvis_000000031269,test
lvis_000000031296,test
lvis_000000031322,test
lvis_000000031620,test
lvis_000000031735,test
lvis_000000031749,test
lvis_000000031817,test
lvis_000000032038,test
lvis_000000032081,test
lvis_000000032285,test
lvis_000000032334,test
lvis_000000032570,test
lvis_000000032610,test
lvis_000000032735,calibration
lvis_000000032811,test
lvis_000000032817,test
lvis_000000032861,test
lvis_000000032887,calibration
lvis_000000032901,test
lvis_000000032941,test
lvis_000000033005,calibration
lvis_000000033104,test
lvis_000000033109,test
lvis_000000033114,test
lvis_000000033221,test
lvis_000000033368,calibration
lvis_000000033638,calibration
lvis_000000033707,calibration
lvis_000000033759,test
lvis_000000033854,test
lvis_000000034071,test
lvis_000000034139,test
lvis_000000034205,test
lvis_000000034257,test
lvis_000000034417,test
lvis_000000034452,test
lvis_000000034760,test
lvis_000000034873,test
lvis_000000035062,test
lvis_000000035197,test
lvis_000000035279,test
lvis_000000035326,test
lvis_000000035682,test
lvis_000000035770,test
lvis_000000035963,calibration
lvis_000000036494,test
lvis_000000036539,test
lvis_000000036660,test
lvis_000000036678,test
lvis_000000036844,calibration
lvis_000000036861,calibration
lvis_000000036936,test
lvis_000000037670,calibration
lvis_000000037689,test
lvis_000000037740,calibration
lvis_000000037751,test
lvis_000000037777,test
lvis_000000037988,test
lvis_000000038048,test
lvis_000000038070,test
lvis_000000038118,test
lvis_000000038210,test
lvis_000000038576,test
lvis_000000038678,test
lvis_000000038825,test
lvis_000000038829,test
lvis_000000039405,calibration
lvis_000000039477,test
lvis_000000039480,test
lvis_000000039484,calibration
lvis_000000039551,test
lvis_000000039670,test
lvis_000000039769,calibration
lvis_000000039785,test
lvis_000000039914,calibration
lvis_000000039951,test
lvis_000000039956,calibration
lvis_000000040036,test
lvis_000000040083,test
lvis_000000040471,calibration
lvis_000000040757,test
lvis_000000041488,test
lvis_000000041633,test
lvis_000000041635,test
lvis_000000041872,test
lvis_000000041888,calibration
lvis_000000041990,test
lvis_000000042070,calibration
lvis_000000042102,test
lvis_000000042178,test
lvis_000000042276,calibration
lvis_000000042296,test
lvis_000000042528,calibration
lvis_000000042563,test
lvis_000000042628,test
lvis_000000042888,test
lvis_000000042889,test
lvis_000000043314,test
lvis_000000043435,test
lvis_000000043581,test
lvis_000000043737,calibration
lvis_000000043816,test
lvis_000000044068,test
lvis_000000044195,test
lvis_000000044260,test
lvis_000000044279,test
lvis_000000044590,calibration
lvis_000000044652,test
lvis_000000044699,test
lvis_000000044877,test
lvis_000000045070,test
lvis_000000045090,test
lvis_000000045229,test
lvis_000000045472,test
lvis_000000045550,calibration
lvis_000000045596,test
lvis_000000045728,test
lvis_000000046031,test
lvis_000000046048,test
lvis_000000046252,test
lvis_000000046378,test
lvis_000000046463,test
lvis_000000046497,test
lvis_000000046804,test
lvis_000000046872,test
lvis_000000047010,test
lvis_000000047112,test
lvis_000000047121,test
lvis_000000047571,calibration
lvis_000000047585,test
lvis_000000047740,test
lvis_000000047769,test
lvis_000000047801,test
lvis_000000047819,test
lvis_000000047828,test
lvis_000000048153,test
lvis_000000048396,test
lvis_000000048504,test
lvis_000000048555,test
lvis_000000048564,calibration
lvis_000000048924,calibration
lvis_000000049060,test
lvis_000000049091,calibration
lvis_000000049259,calibration
lvis_000000049269,test
lvis_000000049759,test
lvis_000000049761,calibration
lvis_000000049810,test
lvis_000000050006,test
lvis_000000050145,test
lvis_000000050149,test
lvis_000000050165,test
lvis_000000050326,test
lvis_000000050331,test
lvis_000000050380,test
lvis_000000050638,test
lvis_000000050679,test
lvis_000000050811,test
lvis_000000050828,calibration
lvis_000000050844,test
lvis_000000050896,test
lvis_000000050943,test
lvis_000000051008,calibration
lvis_000000051309,test
lvis_000000051314,test
lvis_000000051326,calibration
lvis_000000051598,test
lvis_000000051610,test
lvis_000000051712,test
lvis_000000051738,calibration
lvis_000000051938,test
lvis_000000051961,test
lvis_000000051976,calibration
lvis_000000052007,calibration
lvis_000000052017,calibration
lvis_000000052412,calibration
lvis_000000052413,test
lvis_000000052462,test
lvis_000000052507,calibration
lvis_000000052565,test
lvis_000000052591,test
lvis_000000052891,test
lvis_000000052996,test
lvis_000000053505,test
lvis_000000053529,test
lvis_000000053624,test
lvis_000000053626,test
lvis_000000053909,test
lvis_000000053994,test
lvis_000000054123,test
lvis_000000054164,test
lvis_000000054592,test
lvis_000000054593,test
lvis_000000054605,test
lvis_000000054628,test
lvis_000000054654,test
lvis_000000054931,test
lvis_000000054967,test
lvis_000000055002,test
lvis_000000055022,test
lvis_000000055072,test
lvis_000000055150,test
lvis_000000055167,test
lvis_000000055299,calibration
lvis_000000055528,test
lvis_000000055950,calibration
lvis_000000056127,test
lvis_000000056288,test
lvis_000000056344,test
lvis_000000056350,test
lvis_000000056545,test
lvis_000000057027,test
lvis_000000057149,test
lvis_000000057150,calibration
lvis_000000057232,test
lvis_000000057238,test
lvis_000000057244,calibration
lvis_000000057597,calibration
lvis_000000057672,test
lvis_000000057725,test
lvis_000000057760,calibration
lvis_000000058029,calibration
lvis_000000058111,test
lvis_000000058350,test
lvis_000000058384,test
lvis_000000058393,test
lvis_000000058539,test
lvis_000000058636,calibration
lvis_000000058655,calibration
lvis_000000058705,test
lvis_000000059044,test
lvis_000000059386,test
lvis_000000059598,calibration
lvis_000000059635,test
lvis_000000059920,test
lvis_000000060052,test
lvis_000000060090,test
lvis_000000060102,test
lvis_000000060347,test
lvis_000000060363,calibration
lvis_000000060449,test
lvis_000000060507,test
lvis_000000060770,test
lvis_000000060823,calibration
lvis_000000060835,test
lvis_000000060855,test
lvis_000000060886,test
lvis_000000060899,test
lvis_000000060932,test
lvis_000000061108,test
lvis_000000061171,test
lvis_000000061268,test
lvis_000000061333,test
lvis_000000061418,test
lvis_000000061471,test
lvis_000000061584,test
lvis_000000061658,test
lvis_000000061747,test
lvis_000000061960,test
lvis_000000062025,test
lvis_000000062353,calibration
lvis_000000062355,test
lvis_000000062554,test
lvis_000000062692,test
lvis_000000062808,test
lvis_000000063047,test
lvis_000000063154,test
lvis_000000063552,test
lvis_000000063602,test
lvis_000000063740,test
lvis_000000063965,test
lvis_000000064084,test
lvis_000000064359,test
lvis_000000064462,calibration
lvis_000000064495,test
lvis_000000064499,test
lvis_000000064523,calibration
lvis_000000064574,test
lvis_000000064718,test
lvis_000000064868,test
lvis_000000064898,test
lvis_000000065074,calibration
lvis_000000065288,test
lvis_000000065350,test
lvis_000000065455,test
lvis_000000065485,test
lvis_000000065736,calibration
lvis_000000065798,test
lvis_000000066038,test
lvis_000000066135,calibration
lvis_000000066231,test
lvis_000000066523,test
lvis_000000066561,test
lvis_000000066635,test
lvis_000000066706,test
lvis_000000066771,test
lvis_000000066817,test
lvis_000000066841,test
lvis_000000066886,test
lvis_000000066926,calibration
lvis_000000067180,test
lvis_000000067213,test
lvis_000000067310,test
lvis_000000067315,test
lvis_000000067406,calibration
lvis_000000067534,test
lvis_000000067616,test
lvis_000000067896,test
lvis_000000068078,test
lvis_000000068093,test
lvis_000000068286,test
lvis_000000068387,test
lvis_000000068409,test
lvis_000000068628,calibration
lvis_000000068765,test
lvis_000000068833,test
lvis_000000068933,test
lvis_000000069106,test
lvis_000000069138,test
lvis_000000069213,test
lvis_000000069224,test
lvis_000000069356,calibration
lvis_000000069795,calibration
lvis_000000070048,test
lvis_000000070158,test
lvis_000000070229,test
lvis_000000070254,test
lvis_000000070739,calibration
lvis_000000070774,test
lvis_000000071226,test
lvis_000000071451,test
lvis_000000071711,test
lvis_000000071756,test
lvis_000000071877,test
lvis_000000071938,test
lvis_000000072281,test
lvis_000000072795,test
lvis_000000072813,test
lvis_000000072852,test
lvis_000000073118,calibration
lvis_000000073153,test
lvis_000000073326,test
lvis_000000073533,test
lvis_000000073702,test
lvis_000000073946,test
lvis_000000074058,calibration
lvis_000000074092,test
lvis_000000074200,test
lvis_000000074209,test
lvis_000000074256,calibration
lvis_000000074457,calibration
lvis_000000074646,test
lvis_000000074733,calibration
lvis_000000074860,test
lvis_000000075393,test
lvis_000000075456,test
lvis_000000075612,calibration
lvis_000000076211,test
lvis_000000076261,test
lvis_000000076416,test
lvis_000000076417,test
lvis_000000076468,calibration
lvis_000000076547,test
lvis_000000076625,test
lvis_000000076731,test
lvis_000000077396,calibration
lvis_000000077460,test
lvis_000000077595,test
lvis_000000078032,test
lvis_000000078170,test
lvis_000000078266,calibration
lvis_000000078404,test
lvis_000000078420,test
lvis_000000078426,calibration
lvis_000000078565,test
lvis_000000078748,test
lvis_000000078823,test
lvis_000000078843,test
lvis_000000078915,test
lvis_000000078959,test
lvis_000000079014,calibration
lvis_000000079031,test
lvis_000000079034,test
lvis_000000079144,test
lvis_000000079188,test
lvis_000000079229,test
lvis_000000079408,test
lvis_000000079565,test
lvis_000000079588,test
lvis_000000079651,test
lvis_000000079837,test
lvis_000000079969,test
lvis_000000080022,test
lvis_000000080057,test
lvis_000000080153,calibration
lvis_000000080273,test
lvis_000000080274,test
lvis_000000080340,test
lvis_000000080413,test
lvis_000000080659,test
lvis_000000080666,test
lvis_000000080671,test
lvis_000000080932,test
lvis_000000080949,test
lvis_000000081061,test
lvis_000000081394,test
lvis_000000081594,test
lvis_000000081738,test
lvis_000000081766,calibration
lvis_000000081988,calibration
lvis_000000082085,test
lvis_000000082180,test
lvis_000000082688,test
lvis_000000082696,test
lvis_000000082715,test
lvis_000000082765,calibration
lvis_000000082807,test
lvis_000000082812,calibration
lvis_000000082821,calibration
lvis_000000082846,test
lvis_000000082986,test
lvis_000000083113,test
lvis_000000083172,test
lvis_000000083531,test
lvis_000000083540,calibration
lvis_000000084031,test
lvis_000000084170,test
lvis_000000084241,test
lvis_000000084270,test
lvis_000000084362,calibration
lvis_000000084431,test
lvis_000000084477,test
lvis_000000084492,test
lvis_000000084650,test
lvis_000000084664,test
lvis_000000084674,test
lvis_000000084752,test
lvis_000000085089,test
lvis_000000085157,test
lvis_000000085195,calibration
lvis_000000085329,test
lvis_000000085376,test
lvis_000000085478,test
lvis_000000085576,test
lvis_000000085665,test
lvis_000000085682,test
lvis_000000085772,calibration
lvis_000000085823,test
lvis_000000085911,calibration
lvis_000000086220,test
lvis_000000086483,calibration
lvis_000000086582,test
lvis_000000086755,test
lvis_000000086956,test
lvis_000000087038,test
lvis_000000087144,calibration
lvis_000000087244,test
lvis_000000087470,test
lvis_000000087476,calibration
lvis_000000087742,test
lvis_000000087875,calibration
lvis_000000088040,test
lvis_000000088218,test
lvis_000000088250,test
lvis_000000088265,test
lvis_000000088269,test
lvis_000000088345,test
lvis_000000088432,test
lvis_000000088462,calibration
lvis_000000088485,test
lvis_000000088848,test
lvis_000000088951,test
lvis_000000088970,test
lvis_000000089045,test
lvis_000000089078,test
lvis_000000089271,test
lvis_000000089296,test
lvis_000000089556,test
lvis_000000089648,test
lvis_000000089670,test
lvis_000000089697,calibration
lvis_000000089761,test
lvis_000000089880,test
lvis_000000090003,calibration
lvis_000000090062,test
lvis_000000090108,calibration
lvis_000000090155,test
lvis_000000090208,calibration
lvis_000000090284,test
lvis_000000090631,test
lvis_000000090891,test
lvis_000000090956,test
lvis_000000091406,test
lvis_000000091495,test
lvis_000000091500,test
lvis_000000091615,test
lvis_000000091619,test
lvis_000000091654,test
lvis_000000091779,test
lvis_000000091921,test
lvis_000000092053,test
lvis_000000092091,test
lvis_000000092124,test
lvis_000000092177,test
lvis_000000092416,test
lvis_000000092660,test
lvis_000000092839,test
lvis_000000092939,test
lvis_000000093154,test
lvis_000000093261,calibration
lvis_000000093353,calibration
lvis_000000093437,calibration
lvis_000000093717,test
lvis_000000093965,test
lvis_000000094157,calibration
lvis_000000094185,test
lvis_000000094326,test
lvis_000000094336,test
lvis_000000094614,test
lvis_000000094751,test
lvis_000000094852,test
lvis_000000094871,test
lvis_000000094944,test
lvis_000000095069,test
lvis_000000095155,test
lvis_000000095707,calibration
lvis_000000095786,test
lvis_000000095843,calibration
lvis_000000095862,test
lvis_000000095899,calibration
lvis_000000096001,test
lvis_000000096427,calibration
lvis_000000096493,test
lvis_000000096549,test
lvis_000000096825,test
lvis_000000096960,test
lvis_000000097022,calibration
lvis_000000097230,test
lvis_000000097278,calibration
lvis_000000097337,test
lvis_000000097585,test
lvis_000000097679,test
lvis_000000097924,test
lvis_000000097988,test
lvis_000000097994,test
lvis_000000098018,test
lvis_000000098261,test
lvis_000000098287,test
lvis_000000098392,test
lvis_000000098497,test
lvis_000000098520,test
lvis_000000098633,test
lvis_000000098716,test
lvis_000000098839,test
lvis_000000098853,test
lvis_000000099024,test
lvis_000000099039,calibration
lvis_000000099053,test
lvis_000000099054,test
lvis_000000099114,test
lvis_000000099182,test
lvis_000000099242,test
lvis_000000099428,test
lvis_000000099810,test
lvis_000000100238,test
lvis_000000100274,test
lvis_000000100283,test
lvis_000000100428,test
lvis_000000100489,test
lvis_000000100510,test
lvis_000000100582,test
lvis_000000100624,test
lvis_000000100723,calibration
lvis_000000101022,test
lvis_000000101068,test
lvis_000000101420,test
lvis_000000101762,test
lvis_000000101780,test
lvis_000000101787,test
lvis_000000101884,test
lvis_000000102331,test
lvis_000000102356,test
lvis_000000102411,test
lvis_000000102644,test
lvis_000000102707,test
lvis_000000102805,test
lvis_000000102820,test
lvis_000000103548,test
lvis_000000103585,test
lvis_000000103723,test
lvis_000000104119,test
lvis_000000104198,calibration
lvis_000000104424,calibration
lvis_000000104455,test
lvis_000000104572,test
lvis_000000104603,test
lvis_000000104612,test
lvis_000000104619,test
lvis_000000104666,test
lvis_000000104669,calibration
lvis_000000104782,test
lvis_000000104803,test
lvis_000000105014,test
lvis_000000105249,test
lvis_000000105264,calibration
lvis_000000105335,calibration
lvis_000000105455,test
lvis_000000105912,test
lvis_000000105923,test
lvis_000000106048,test
lvis_000000106235,test
lvis_000000106266,test
lvis_000000106281,calibration
lvis_000000106330,calibration
lvis_000000106389,test
lvis_000000106563,test
lvis_000000106757,test
lvis_000000106881,test
lvis_000000106912,test
lvis_000000107087,test
lvis_000000107094,test
lvis_000000107226,calibration
lvis_000000107339,test
lvis_000000107554,calibration
lvis_000000107851,test
lvis_000000108026,test
lvis_000000108244,test
lvis_000000108253,calibration
lvis_000000108440,test
lvis_000000108495,test
lvis_000000108503,test
lvis_000000108864,test
lvis_000000109055,test
lvis_000000109118,test
lvis_000000109313,test
lvis_000000109441,test
lvis_000000109798,test
lvis_000000109827,test
lvis_000000109900,calibration
lvis_000000109916,test
lvis_000000109976,test
lvis_000000109992,test
lvis_000000110042,test
lvis_000000110211,test
lvis_000000110282,test
lvis_000000110359,test
lvis_000000110449,test
lvis_000000110638,calibration
lvis_000000110721,test
lvis_000000110784,test
lvis_000000110884,test
lvis_000000110972,test
lvis_000000110999,test
lvis_000000111036,calibration
lvis_000000111086,test
lvis_000000111179,test
lvis_000000111207,test
lvis_000000111609,calibration
lvis_000000111951,test
lvis_000000112110,test
lvis_000000112298,test
lvis_000000112378,test
lvis_000000112626,test
lvis_000000112634,calibration
lvis_000000112798,test
lvis_000000112997,test
lvis_000000113051,test
lvis_000000113235,test
lvis_000000113354,test
lvis_000000113403,test
lvis_000000113589,calibration
lvis_000000113720,test
lvis_000000113867,test
lvis_000000114049,test
lvis_000000114770,test
lvis_000000114871,calibration
lvis_000000114884,test
lvis_000000114907,test
lvis_000000115118,test
lvis_000000115245,test
lvis_000000115870,test
lvis_000000115885,test
lvis_000000115898,calibration
lvis_000000115946,test
lvis_000000116068,test
lvis_000000116206,test
lvis_000000116208,test
lvis_000000116362,test
lvis_000000116439,test
lvis_000000116479,test
lvis_000000116589,test
lvis_000000116825,test
lvis_000000117197,calibration
lvis_000000117374,test
lvis_000000117425,test
lvis_000000117492,test
lvis_000000117525,test
lvis_000000117645,calibration
lvis_000000117719,test
lvis_000000117744,test
lvis_000000117908,calibration
lvis_000000117914,test
lvis_000000118209,test
lvis_000000118367,test
lvis_000000118405,test
lvis_000000118515,test
lvis_000000118594,test
lvis_000000118921,test
lvis_000000119038,test
lvis_000000119088,calibration
lvis_000000119233,test
lvis_000000119365,calibration
lvis_000000119445,test
lvis_000000119452,test
lvis_000000119516,test
lvis_000000119641,test
lvis_000000119677,test
lvis_000000119828,test
lvis_000000119911,test
lvis_000000119995,test
lvis_000000120420,test
lvis_000000120572,test
lvis_000000120584,test
lvis_000000120777,test
lvis_000000120853,test
lvis_000000121031,test
lvis_000000121153,test
lvis_000000121242,test
lvis_000000121417,test
lvis_000000121497,test
lvis_000000121506,test
lvis_000000121586,test
lvis_000000121591,test
lvis_000000121673,test
lvis_000000121744,test
lvis_000000122046,test
lvis_000000122166,test
lvis_000000122217,test
lvis_000000122606,test
lvis_000000122672,test
lvis_000000122745,test
lvis_000000122927,test
lvis_000000122962,test
lvis_000000122969,calibration
lvis_000000123131,test
lvis_000000123213,test
lvis_000000123321,test
lvis_000000123480,test
lvis_000000123585,calibration
lvis_000000123633,test
lvis_000000124277,test
lvis_000000124442,calibration
lvis_000000124636,test
lvis_000000124659,calibration
lvis_000000124798,test
lvis_000000124975,test
lvis_000000125062,calibration
lvis_000000125072,test
lvis_000000125129,test
lvis_000000125211,test
lvis_000000125245,test
lvis_000000125257,test
lvis_000000125405,test
lvis_000000125472,test
lvis_000000125572,test
lvis_000000125778,test
lvis_000000125806,test
lvis_000000125850,test
lvis_000000125936,calibration
lvis_000000125952,test
lvis_000000126107,test
lvis_000000126110,calibration
lvis_000000126137,test
lvis_000000126216,test
lvis_000000126226,test
lvis_000000126592,calibration
lvis_000000127092,test
lvis_000000127135,test
lvis_000000127182,test
lvis_000000127263,test
lvis_000000127270,test
lvis_000000127394,test
lvis_000000127476,calibration
lvis_000000127494,test
lvis_000000127517,test
lvis_000000127530,test
lvis_000000127624,test
lvis_000000127660,test
lvis_000000127955,test
lvis_000000127987,test
lvis_000000128051,test
lvis_000000128112,test
lvis_000000128148,calibration
lvis_000000128372,test
lvis_000000128476,test
lvis_000000128598,test
lvis_000000128654,test
lvis_000000128658,test
lvis_000000128675,calibration
lvis_000000128699,calibration
lvis_000000128748,calibration
lvis_000000129054,test
lvis_000000129062,test
lvis_000000129113,test
lvis_000000129135,test
lvis_000000129322,test
lvis_000000129416,test
lvis_000000129492,calibration
lvis_000000129756,test
lvis_000000129812,test
lvis_000000129945,test
lvis_000000130386,test
lvis_000000130465,test
lvis_000000130566,test
lvis_000000130579,test
lvis_000000130586,calibration
lvis_000000130599,test
lvis_000000130613,test
lvis_000000130699,test
lvis_000000130826,test
lvis_000000131131,test
lvis_000000131138,test
lvis_000000131273,test
lvis_000000131379,test
lvis_000000131386,test
lvis_000000131431,test
lvis_000000131444,test
lvis_000000131556,test
lvis_000000131938,test
lvis_000000132116,test
lvis_000000132329,test
lvis_000000132375,test
lvis_000000132408,calibration
lvis_000000132544,calibration
lvis_000000132587,test
lvis_000000132622,test
lvis_000000132703,test
lvis_000000132796,test
lvis_000000132931,test
lvis_000000133000,test
lvis_000000133087,test
lvis_000000133233,test
lvis_000000133244,calibration
lvis_000000133343,test
lvis_000000133418,test
lvis_000000133567,test
lvis_000000133631,calibration
lvis_000000133645,calibration
lvis_000000133778,calibration
lvis_000000133819,calibration
lvis_000000133969,test
lvis_000000134034,calibration
lvis_000000134096,test
lvis_000000134112,test
lvis_000000134322,test
lvis_000000134689,test
lvis_000000134722,test
lvis_000000134856,test
lvis_000000134882,test
lvis_000000134886,test
lvis_000000135410,test
lvis_000000135561,test
lvis_000000135604,test
lvis_000000135670,test
lvis_000000135673,test
lvis_000000135872,calibration
lvis_000000135890,calibration
lvis_000000135902,test
lvis_000000136033,calibration
lvis_000000136334,test
lvis_000000136355,test
lvis_000000136466,test
lvis_000000136600,test
lvis_000000136633,test
lvis_000000136715,test
lvis_000000136772,calibration
lvis_000000136915,test
lvis_000000137106,test
lvis_000000137246,test
lvis_000000137294,test
lvis_000000137576,test
lvis_000000137727,test
lvis_000000137950,test
lvis_000000138115,test
lvis_000000138241,test
lvis_000000138492,test
lvis_000000138550,test
lvis_000000138639,test
lvis_000000138819,calibration
lvis_000000138856,test
lvis_000000138954,test
lvis_000000138979,test
lvis_000000139077,test
lvis_000000139099,test
lvis_000000139260,test
lvis_000000139684,calibration
lvis_000000139871,test
lvis_000000139872,test
lvis_000000139883,test
lvis_000000140076,test
lvis_000000140203,calibration
lvis_000000140270,calibration
lvis_000000140286,calibration
lvis_000000140420,test
lvis_000000140439,test
lvis_000000140556,test
lvis_000000140583,test
lvis_000000140640,test
lvis_000000140658,calibration
lvis_000000140840,test
lvis_000000140929,test
lvis_000000140987,test
lvis_000000141328,test
lvis_000000141597,test
lvis_000000141671,test
lvis_000000141821,test
lvis_000000142092,test
lvis_000000142238,test
lvis_000000142324,calibration
lvis_000000142472,test
lvis_000000142585,calibration
lvis_000000142620,test
lvis_000000142790,test
lvis_000000142971,test
lvis_000000143068,test
lvis_000000143556,test
lvis_000000143572,test
lvis_000000143931,test
lvis_000000143961,test
lvis_000000143998,test
lvis_000000144003,test
lvis_000000144114,test
lvis_000000144300,test
lvis_000000144333,test
lvis_000000144706,calibration
lvis_000000144784,calibration
lvis_000000144798,test
lvis_000000144932,test
lvis_000000144984,test
lvis_000000145020,test
lvis_000000145591,test
lvis_000000145597,test
lvis_000000145620,test
lvis_000000145665,test
lvis_000000145781,test
lvis_000000146155,test
lvis_000000146358,test
lvis_000000146363,test
lvis_000000146457,test
lvis_000000146489,test
lvis_000000146498,test
lvis_000000146667,test
lvis_000000146825,calibration
lvis_000000146831,calibration
lvis_000000147205,test
lvis_000000147223,calibration
lvis_000000147338,test
lvis_000000147415,test
lvis_000000147498,calibration
lvis_000000147518,calibration
lvis_000000147725,test
lvis_000000147729,test
lvis_000000147740,test
lvis_000000147745,test
lvis_000000148508,test
lvis_000000148620,test
lvis_000000148662,test
lvis_000000148707,test
lvis_000000148719,test
lvis_000000148730,test
lvis_000000148739,test
lvis_000000148783,calibration
lvis_000000148957,calibration
lvis_000000148999,test
lvis_000000149222,calibration
lvis_000000149375,test
lvis_000000149406,test
lvis_000000149568,calibration
lvis_000000149622,test
lvis_000000149770,test
lvis_000000150224,test
lvis_000000150265,test
lvis_000000150417,test
lvis_000000150638,test
lvis_000000150649,test
lvis_000000150726,test
lvis_000000150930,calibration
lvis_000000151000,test
lvis_000000151051,calibration
lvis_000000151480,test
lvis_000000151516,test
lvis_000000151629,test
lvis_000000151657,test
lvis_000000151662,test
lvis_000000151820,test
lvis_000000151857,test
lvis_000000151938,test
lvis_000000151962,test
lvis_000000152120,test
lvis_000000152214,test
lvis_000000152465,test
lvis_000000152686,test
lvis_000000152740,test
lvis_000000152771,test
lvis_000000152870,calibration
lvis_000000153011,test
lvis_000000153217,test
lvis_000000153229,test
lvis_000000153299,test
lvis_000000153343,calibration
lvis_000000153510,test
lvis_000000153527,test
lvis_000000153529,test
lvis_000000153568,test
lvis_000000153632,test
lvis_000000153669,test
lvis_000000153782,test
lvis_000000153797,test
lvis_000000154000,test
lvis_000000154004,test
lvis_000000154087,calibration
lvis_000000154213,test
lvis_000000154339,test
lvis_000000154358,calibration
lvis_000000154425,test
lvis_000000154431,test
lvis_000000154644,calibration
lvis_000000154705,test
lvis_000000154718,test
lvis_000000154947,calibration
lvis_000000155051,test
lvis_000000155145,calibration
lvis_000000155154,test
lvis_000000155179,test
lvis_000000155291,test
lvis_000000155341,test
lvis_000000155443,test
lvis_000000155451,test
lvis_000000155571,test
lvis_000000156071,test
lvis_000000156076,test
lvis_000000156278,calibration
lvis_000000156292,test
lvis_000000156372,test
lvis_000000156643,calibration
lvis_000000156924,test
lvis_000000157046,calibration
lvis_000000157098,test
lvis_000000157124,test
lvis_000000157138,test
lvis_000000157213,test
lvis_000000157365,test
lvis_000000157390,test
lvis_000000157418,test
lvis_000000157601,test
lvis_000000157756,test
lvis_000000157767,calibration
lvis_000000157807,test
lvis_000000157847,test
lvis_000000157928,test
lvis_000000158227,calibration
lvis_000000158548,test
lvis_000000158660,test
lvis_000000158744,test
lvis_000000158945,test
lvis_000000158956,calibration
lvis_000000159112,test
lvis_000000159282,calibration
lvis_000000159311,test
lvis_000000159399,calibration
lvis_000000159458,test
lvis_000000159684,test
lvis_000000159791,test
lvis_000000159977,calibration
lvis_000000160012,test
lvis_000000160556,test
lvis_000000160666,calibration
lvis_000000160728,test
lvis_000000160772,test
lvis_000000160864,test
lvis_000000161008,test
lvis_000000161032,test
lvis_000000161044,test
lvis_000000161128,test
lvis_000000161397,test
lvis_000000161609,calibration
lvis_000000161642,test
lvis_000000161781,test
lvis_000000161799,calibration
lvis_000000161820,test
lvis_000000161861,test
lvis_000000161875,calibration
lvis_000000161879,test
lvis_000000161925,test
lvis_000000161978,calibration
lvis_000000162035,test
lvis_000000162092,test
lvis_000000162130,test
lvis_000000162366,test
lvis_000000162415,test
lvis_000000162543,test
lvis_000000162581,test
lvis_000000162732,test
lvis_000000162858,test
lvis_000000163057,test
lvis_000000163117,test
lvis_000000163118,test
lvis_000000163155,test
lvis_000000163257,test
lvis_000000163258,test
lvis_000000163290,calibration
lvis_000000163314,test
lvis_000000163562,test
lvis_000000163611,calibration
lvis_000000163640,test
lvis_000000163682,test
lvis_000000163746,test
lvis_000000163951,test
lvis_000000164115,calibration
lvis_000000164363,test
lvis_000000164602,calibration
lvis_000000164637,test
lvis_000000164883,test
lvis_000000164885,calibration
lvis_000000164969,test
lvis_000000165039,calibration
lvis_000000165257,test
lvis_000000165336,test
lvis_000000165351,calibration
lvis_000000165500,test
lvis_000000165518,test
lvis_000000165681,test
lvis_000000165713,test
lvis_000000165831,test
lvis_000000166165,calibration
lvis_000000166166,test
lvis_000000166259,calibration
lvis_000000166277,calibration
lvis_000000166287,test
lvis_000000166391,test
lvis_000000166426,test
lvis_000000166478,test
lvis_000000166509,calibration
lvis_000000166521,test
lvis_000000166563,test
lvis_000000166642,test
lvis_000000166664,test
lvis_000000166747,test
lvis_000000166768,test
lvis_000000166918,test
lvis_000000167067,test
lvis_000000167122,test
lvis_000000167128,test
lvis_000000167159,test
lvis_000000167240,test
lvis_000000167353,test
lvis_000000167486,test
lvis_000000167540,calibration
lvis_000000167572,test
lvis_000000167898,test
lvis_000000167902,test
lvis_000000168330,test
lvis_000000168337,test
lvis_000000168458,test
lvis_000000168593,calibration
lvis_000000168619,test
lvis_000000168883,test
lvis_000000168974,test
lvis_000000169076,test
lvis_000000169169,test
lvis_000000169356,test
lvis_000000169996,test
lvis_000000170099,calibration
lvis_000000170116,test
lvis_000000170191,test
lvis_000000170278,test
lvis_000000170474,calibration
lvis_000000170545,calibration
lvis_000000170595,calibration
lvis_000000170613,calibration
lvis_000000170670,test
lvis_000000170739,test
lvis_000000170893,test
lvis_000000170955,test
lvis_000000171050,test
lvis_000000171190,test
lvis_000000171298,test
lvis_000000171382,test
lvis_000000171611,test
lvis_000000171740,calibration
lvis_000000171757,test
lvis_000000171788,test
lvis_000000172083,test
lvis_000000172330,test
lvis_000000172396,test
lvis_000000172547,test
lvis_000000172571,test
lvis_000000172595,test
lvis_000000172617,test
lvis_000000172648,test
lvis_000000172649,test
lvis_000000172856,calibration
lvis_000000172877,calibration
lvis_000000172935,test
lvis_000000172946,calibration
lvis_000000172977,test
lvis_000000173004,test
lvis_000000173008,test
lvis_000000173033,calibration
lvis_000000173044,calibration
lvis_000000173057,calibration
lvis_000000173091,calibration
lvis_000000173183,test
lvis_000000173302,test
lvis_000000173371,test
lvis_000000173383,test
lvis_000000173799,calibration
lvis_000000173830,test
lvis_000000174004,test
lvis_000000174018,test
lvis_000000174123,test
lvis_000000174231,calibration
lvis_000000174371,calibration
lvis_000000174482,test
lvis_000000175251,test
lvis_000000175364,test
lvis_000000175387,test
lvis_000000175438,test
lvis_000000175443,test
lvis_000000175535,test
lvis_000000176037,test
lvis_000000176232,calibration
lvis_000000176446,test
lvis_000000176606,test
lvis_000000176634,test
lvis_000000176701,test
lvis_000000176778,test
lvis_000000176799,test
lvis_000000176847,test
lvis_000000176857,test
lvis_000000176901,test
lvis_000000177015,test
lvis_000000177065,test
lvis_000000177213,calibration
lvis_000000177357,test
lvis_000000177383,test
lvis_000000177489,test
lvis_000000177539,test
lvis_000000177714,test
lvis_000000177861,test
lvis_000000177893,test
lvis_000000177934,test
lvis_000000177935,test
lvis_000000178028,test
lvis_000000178469,test
lvis_000000178618,test
lvis_000000178744,test
lvis_000000178982,test
lvis_000000179112,test
lvis_000000179141,test
lvis_000000179174,calibration
lvis_000000179214,test
lvis_000000179265,test
lvis_000000179285,test
lvis_000000179392,calibration
lvis_000000179487,calibration
lvis_000000179642,test
lvis_000000179653,test
lvis_000000179765,test
lvis_000000179898,test
lvis_000000180011,test
lvis_000000180101,test
lvis_000000180135,test
lvis_000000180188,test
lvis_000000180296,calibration
lvis_000000180383,test
lvis_000000180487,calibration
lvis_000000180560,test
lvis_000000180751,calibration
lvis_000000180792,test
lvis_000000180798,calibration
lvis_000000180878,test
lvis_000000181303,test
lvis_000000181421,calibration
lvis_000000181499,test
lvis_000000181542,test
lvis_000000181666,test
lvis_000000181753,test
lvis_000000181796,test
lvis_000000181816,test
lvis_000000181859,test
lvis_000000181969,test
lvis_000000182021,calibration
lvis_000000182155,test
lvis_000000182162,test
lvis_000000182202,test
lvis_000000182417,test
lvis_000000182441,test
lvis_000000182611,test
lvis_000000182805,test
lvis_000000182923,test
lvis_000000183049,test
lvis_000000183104,test
lvis_000000183127,calibration
lvis_000000183246,test
lvis_000000183391,test
lvis_000000183437,test
lvis_000000183500,test
lvis_000000183648,calibration
lvis_000000183675,test
lvis_000000183709,test
lvis_000000183716,calibration
lvis_000000183965,test
lvis_000000184321,test
lvis_000000184324,test
lvis_000000184338,calibration
lvis_000000184384,calibration
lvis_000000184400,test
lvis_000000184611,calibration
lvis_000000184762,test
lvis_000000184791,test
lvis_000000184978,test
lvis_000000185157,test
lvis_000000185250,test
lvis_000000185292,test
lvis_000000185409,test
lvis_000000185472,test
lvis_000000185473,calibration
lvis_000000185599,calibration
lvis_000000185802,test
lvis_000000185890,test
lvis_000000185950,test
lvis_000000186042,calibration
lvis_000000186282,test
lvis_000000186296,test
lvis_000000186345,calibration
lvis_000000186422,calibration
lvis_000000186449,test
lvis_000000186624,test
lvis_000000186632,test
lvis_000000186637,test
lvis_000000186873,test
lvis_000000186929,calibration
lvis_000000186938,calibration
lvis_000000186980,test
lvis_000000187055,calibration
lvis_000000187144,calibration
lvis_000000187236,test
lvis_000000187243,test
lvis_000000187249,test
lvis_000000187271,test
lvis_000000187362,test
lvis_000000187513,test
lvis_000000187585,test
lvis_000000187734,test
lvis_000000187745,test
lvis_000000187990,calibration
lvis_000000188296,calibration
lvis_000000188439,test
lvis_000000188465,test
lvis_000000188592,test
lvis_000000188689,test
lvis_000000188906,test
lvis_000000189078,test
lvis_000000189213,test
lvis_000000189226,test
lvis_000000189310,calibration
lvis_000000189436,test
lvis_000000189451,test
lvis_000000189475,test
lvis_000000189698,test
lvis_000000189752,test
lvis_000000189775,test
lvis_000000189806,test
lvis_000000189820,test
lvis_000000189828,test
lvis_000000190007,test
lvis_000000190140,calibration
lvis_000000190236,test
lvis_000000190307,calibration
lvis_000000190637,calibration
lvis_000000190648,test
lvis_000000190676,test
lvis_000000190753,test
lvis_000000190756,test
lvis_000000190841,calibration
lvis_000000190853,test
lvis_000000190923,calibration
lvis_000000191013,test
lvis_000000191288,test
lvis_000000191471,test
lvis_000000191580,calibration
lvis_000000191614,test
lvis_000000191672,test
lvis_000000191761,test
lvis_000000191845,calibration
lvis_000000192047,calibration
lvis_000000192191,test
lvis_000000192607,test
lvis_000000192670,test
lvis_000000192699,test
lvis_000000192716,test
lvis_000000192871,test
lvis_000000192904,test
lvis_000000192964,test
lvis_000000193162,test
lvis_000000193181,test
lvis_000000193245,test
lvis_000000193348,test
lvis_000000193429,test
lvis_000000193494,test
lvis_000000193674,test
lvis_000000193717,test
lvis_000000193743,calibration
lvis_000000193884,calibration
lvis_000000193926,test
lvis_000000194216,test
lvis_000000194471,test
lvis_000000194506,calibration
lvis_000000194716,test
lvis_000000194724,test
lvis_000000194746,test
lvis_000000194832,test
lvis_000000194875,test
lvis_000000194940,test
lvis_000000195045,calibration
lvis_000000195165,test
lvis_000000195754,test
lvis_000000195842,calibration
lvis_000000195918,calibration
lvis_000000196009,calibration
lvis_000000196141,test
lvis_000000196185,test
lvis_000000196442,test
lvis_000000196754,test
lvis_000000196759,calibration
lvis_000000196843,test
lvis_000000197004,test
lvis_000000197022,test
lvis_000000197388,test
lvis_000000197528,test
lvis_000000197658,calibration
lvis_000000197796,test
lvis_000000197870,test
lvis_000000198489,test
lvis_000000198510,test
lvis_000000198641,test
lvis_000000198805,test
lvis_000000198915,calibration
lvis_000000198928,test
lvis_000000198960,test
lvis_000000199055,calibration
lvis_000000199236,calibration
lvis_000000199310,test
lvis_000000199395,test
lvis_000000199442,calibration
lvis_000000199551,test
lvis_000000199681,test
lvis_000000199771,test
lvis_000000199977,test
lvis_000000200152,test
lvis_000000200162,calibration
lvis_000000200252,test
lvis_000000200421,calibration
lvis_000000200667,test
lvis_000000200839,calibration
lvis_000000200961,test
lvis_000000201025,test
lvis_000000201072,calibration
lvis_000000201148,test
lvis_000000201418,calibration
lvis_000000201426,test
lvis_000000201646,test
lvis_000000201676,test
lvis_000000201775,test
lvis_000000201934,test
lvis_000000202001,test
lvis_000000202228,test
lvis_000000202339,test
lvis_000000202445,test
lvis_000000203095,test
lvis_000000203294,test
lvis_000000203317,test
lvis_000000203389,calibration
lvis_000000203488,calibration
lvis_000000203546,calibration
lvis_000000203580,calibration
lvis_000000203629,test
lvis_000000203639,test
lvis_000000203864,test
lvis_000000203931,test
lvis_000000204186,test
lvis_000000204329,test
lvis_000000204871,test
lvis_000000205105,test
lvis_000000205282,test
lvis_000000205289,test
lvis_000000205324,test
lvis_000000205333,test
lvis_000000205401,test
lvis_000000205514,test
lvis_000000205542,calibration
lvis_000000205647,test
lvis_000000205776,test
lvis_000000205834,test
lvis_000000206025,test
lvis_000000206027,test
lvis_000000206135,test
lvis_000000206218,test
lvis_000000206271,calibration
lvis_000000206411,calibration
lvis_000000206487,test
lvis_000000206579,test
lvis_000000206831,test
lvis_000000206838,test
lvis_000000206994,test
lvis_000000207306,test
lvis_000000207538,test
lvis_000000207585,test
lvis_000000207728,test
lvis_000000207844,test
lvis_000000208208,test
lvis_000000208363,calibration
lvis_000000208423,calibration
lvis_000000208901,test
lvis_000000209142,test
lvis_000000209222,test
lvis_000000209530,test
lvis_000000209613,test
lvis_000000209747,test
lvis_000000209753,test
lvis_000000209757,test
lvis_000000209829,test
lvis_000000209972,test
lvis_000000210030,test
lvis_000000210032,test
lvis_000000210099,test
lvis_000000210230,test
lvis_000000210273,test
lvis_000000210299,test
lvis_000000210388,calibration
lvis_000000210394,test
lvis_000000210502,test
lvis_000000210520,test
lvis_000000210708,test
lvis_000000210789,test
lvis_000000210855,test
lvis_000000210915,calibration
lvis_000000211042,test
lvis_000000211069,test
lvis_000000211120,test
lvis_000000211674,test
lvis_000000211825,test
lvis_000000212072,test
lvis_000000212166,test
lvis_000000212226,test
lvis_000000212453,calibration
lvis_000000212559,test
lvis_000000212573,calibration
lvis_000000212800,test
lvis_000000212895,calibration
lvis_000000213033,test
lvis_000000213035,calibration
lvis_000000213086,calibration
lvis_000000213171,test
lvis_000000213224,calibration
lvis_000000213255,test
lvis_000000213422,test
lvis_000000213445,calibration
lvis_000000213547,test
lvis_000000213593,test
lvis_000000213605,test
lvis_000000213816,test
lvis_000000213830,test
lvis_000000213935,test
lvis_000000214192,test
lvis_000000214200,calibration
lvis_000000214205,calibration
lvis_000000214224,test
lvis_000000214539,test
lvis_000000214703,test
lvis_000000214720,test
lvis_000000214753,calibration
lvis_000000214869,test
lvis_000000215072,test
lvis_000000215114,test
lvis_000000215245,test
lvis_000000215259,test
lvis_000000215644,test
lvis_000000215723,calibration
lvis_000000215778,test
lvis_000000216277,test
lvis_000000216296,test
lvis_000000216419,test
lvis_000000216497,test
lvis_000000216516,test
lvis_000000216636,test
lvis_000000216739,test
lvis_000000217060,test
lvis_000000217219,test
lvis_000000217285,test
lvis_000000217400,test
lvis_000000217425,test
lvis_000000217614,calibration
lvis_000000217753,test
lvis_000000217872,test
lvis_000000217948,test
lvis_000000217957,test
lvis_000000218091,test
lvis_000000218249,test
lvis_000000218362,test
lvis_000000218424,test
lvis_000000218439,calibration
lvis_000000218997,calibration
lvis_000000219271,test
lvis_000000219283,test
lvis_000000219440,test
lvis_000000219485,test
lvis_000000219578,test
lvis_000000220310,test
lvis_000000220584,test
lvis_000000220732,test
lvis_000000220764,test
lvis_000000220858,test
lvis_000000221017,test
lvis_000000221155,test
lvis_000000221213,test
lvis_000000221281,test
lvis_000000221291,test
lvis_000000221502,test
lvis_000000221693,calibration
lvis_000000221708,test
lvis_000000221754,test
lvis_000000221872,test
lvis_000000222094,test
lvis_000000222118,test
lvis_000000222235,test
lvis_000000222299,test
lvis_000000222317,test
lvis_000000222455,test
lvis_000000222458,test
lvis_000000222559,test
lvis_000000222735,test
lvis_000000222825,calibration
lvis_000000222863,calibration
lvis_000000222991,test
lvis_000000223090,test
lvis_000000223130,test
lvis_000000223182,calibration
lvis_000000223188,calibration
lvis_000000223738,test
lvis_000000223747,test
lvis_000000223789,test
lvis_000000223955,test
lvis_000000223959,test
lvis_000000224051,test
lvis_000000224093,test
lvis_000000224119,test
lvis_000000224200,test
lvis_000000224222,test
lvis_000000224337,test
lvis_000000224664,test
lvis_000000224675,test
lvis_000000224724,test
lvis_000000224807,test
lvis_000000225184,test
lvis_000000225405,test
lvis_000000225532,calibration
lvis_000000225670,test
lvis_000000225757,test
lvis_000000225946,test
lvis_000000226058,test
lvis_000000226111,test
lvis_000000226130,calibration
lvis_000000226147,test
lvis_000000226154,test
lvis_000000226171,test
lvis_000000226408,test
lvis_000000226417,calibration
lvis_000000226592,test
lvis_000000226662,test
lvis_000000226802,test
lvis_000000226883,calibration
lvis_000000226903,test
lvis_000000226984,test
lvis_000000227044,test
lvis_000000227187,calibration
lvis_000000227399,calibration
lvis_000000227478,test
lvis_000000227482,test
lvis_000000227491,test
lvis_000000227511,calibration
lvis_000000227686,test
lvis_000000227765,calibration
lvis_000000227898,test
lvis_000000227985,calibration
lvis_000000228144,test
lvis_000000228214,test
lvis_000000228436,calibration
lvis_000000228771,calibration
lvis_000000228942,test
lvis_000000228981,test
lvis_000000229111,calibration
lvis_000000229216,test
lvis_000000229221,test
lvis_000000229311,test
lvis_000000229358,test
lvis_000000229553,test
lvis_000000229601,test
lvis_000000229659,test
lvis_000000229747,test
lvis_000000229753,calibration
lvis_000000229849,test
lvis_000000229858,test
lvis_000000229948,calibration
lvis_000000229997,test
lvis_000000230008,test
lvis_000000230166,test
lvis_000000230362,calibration
lvis_000000230450,test
lvis_000000230819,test
lvis_000000230983,test
lvis_000000230993,test
lvis_000000231088,test
lvis_000000231097,test
lvis_000000231125,test
lvis_000000231169,test
lvis_000000231237,test
lvis_000000231339,test
lvis_000000231508,test
lvis_000000231527,test
lvis_000000231549,test
lvis_000000231580,test
lvis_000000231747,test
lvis_000000231822,calibration
lvis_000000231831,test
lvis_000000231879,test
lvis_000000232088,calibration
lvis_000000232244,test
lvis_000000232348,test
lvis_000000232489,test
lvis_000000232538,test
lvis_000000232563,test
lvis_000000232646,test
lvis_000000232649,test
lvis_000000232684,test
lvis_000000232692,test
lvis_000000233033,test
lvis_000000233139,calibration
lvis_000000233238,test
lvis_000000233370,test
lvis_000000233567,test
lvis_000000233727,test
lvis_000000233771,calibration
lvis_000000233825,calibration
lvis_000000234366,calibration
lvis_000000234413,test
lvis_000000234526,calibration
lvis_000000234607,calibration
lvis_000000234660,test
lvis_000000234757,calibration
lvis_000000234779,test
lvis_000000234807,test
lvis_000000235057,test
lvis_000000235064,test
lvis_000000235241,test
lvis_000000235252,calibration
lvis_000000235399,test
lvis_000000235778,test
lvis_000000235784,test
lvis_000000235836,test
lvis_000000235857,calibration
lvis_000000236166,calibration
lvis_000000236308,test
lvis_000000236412,test
lvis_000000236426,test
lvis_000000236592,calibration
lvis_000000236599,calibration
lvis_000000236690,test
lvis_000000236721,test
lvis_000000236730,test
lvis_000000236784,test
lvis_000000236845,test
lvis_000000236914,test
lvis_000000237071,test
lvis_000000237118,test
lvis_000000237316,test
lvis_000000237517,test
lvis_000000237864,test
lvis_000000237928,test
lvis_000000237984,calibration
lvis_000000238013,test
lvis_000000238039,test
lvis_000000238410,test
lvis_000000238866,test
lvis_000000239041,test
lvis_000000239274,calibration
lvis_000000239318,test
lvis_000000239347,test
lvis_000000239537,calibration
lvis_000000239627,test
lvis_000000239717,test
lvis_000000239773,test
lvis_000000239843,calibration
lvis_000000239857,test
lvis_000000240023,calibration
lvis_000000240049,test
lvis_000000240250,calibration
lvis_000000240754,test
lvis_000000240767,calibration
lvis_000000240940,test
lvis_000000241297,test
lvis_000000241319,test
lvis_000000241326,test
lvis_000000241602,calibration
lvis_000000241668,test
lvis_000000241677,test
lvis_000000242060,test
lvis_000000242287,calibration
lvis_000000242411,test
lvis_000000242678,test
lvis_000000242724,test
lvis_000000242934,test
lvis_000000242946,test
lvis_000000243034,test
lvis_000000243075,calibration
lvis_000000243148,test
lvis_000000243199,test
lvis_000000243204,test
lvis_000000243344,calibration
lvis_000000243495,test
lvis_000000243626,test
lvis_000000243867,test
lvis_000000243989,test
lvis_000000244019,test
lvis_000000244099,test
lvis_000000244181,test
lvis_000000244379,test
lvis_000000244411,test
lvis_000000244496,test
lvis_000000244592,test
lvis_000000244750,test
lvis_000000244833,test
lvis_000000245026,test
lvis_000000245102,test
lvis_000000245173,calibration
lvis_000000245311,test
lvis_000000245320,test
lvis_000000245448,calibration
lvis_000000245513,test
lvis_000000245576,test
lvis_000000245651,test
lvis_000000245764,test
lvis_000000245915,test
lvis_000000246308,test
lvis_000000246436,test
lvis_000000246454,calibration
lvis_000000246522,test
lvis_000000246883,test
lvis_000000246963,test
lvis_000000246968,calibration
lvis_000000247806,test
lvis_000000247838,calibration
lvis_000000247917,test
lvis_000000248111,test
lvis_000000248112,calibration
lvis_000000248284,test
lvis_000000248314,test
lvis_000000248334,calibration
lvis_000000248400,test
lvis_000000248616,test
lvis_000000248631,test
lvis_000000248752,test
lvis_000000248810,test
lvis_000000248980,calibration
lvis_000000249025,test
lvis_000000249129,test
lvis_000000249180,test
lvis_000000249219,test
lvis_000000249550,test
lvis_000000249643,test
lvis_000000249786,calibration
lvis_000000250127,test
lvis_000000250137,test
lvis_000000250205,calibration
lvis_000000250282,test
lvis_000000250619,test
lvis_000000250758,test
lvis_000000250766,test
lvis_000000250901,test
lvis_000000251065,test
lvis_000000251119,calibration
lvis_000000251140,calibration
lvis_000000251537,calibration
lvis_000000251572,calibration
lvis_000000251824,calibration
lvis_000000252216,test
lvis_000000252219,test
lvis_000000252294,test
lvis_000000252332,calibration
lvis_000000252507,calibration
lvis_000000252559,test
lvis_000000252701,calibration
lvis_000000252716,test
lvis_000000252776,test
lvis_000000253002,test
lvis_000000253386,calibration
lvis_000000253433,test
lvis_000000253452,test
lvis_000000253695,test
lvis_000000253742,test
lvis_000000253819,test
lvis_000000253835,test
lvis_000000254016,calibration
lvis_000000254368,test
lvis_000000254516,test
lvis_000000254814,test
lvis_000000255165,test
lvis_000000255401,test
lvis_000000255483,test
lvis_000000255536,test
lvis_000000255664,calibration
lvis_000000255718,test
lvis_000000255747,test
lvis_000000255749,test
lvis_000000255824,test
lvis_000000255912,test
lvis_000000255917,test
lvis_000000255965,test
lvis_000000256192,test
lvis_000000256195,test
lvis_000000256407,test
lvis_000000256518,calibration
lvis_000000256775,test
lvis_000000256868,test
lvis_000000256916,test
lvis_000000256941,calibration
lvis_000000257084,test
lvis_000000257169,test
lvis_000000257370,test
lvis_000000257478,test
lvis_000000257566,test
lvis_000000257624,test
lvis_000000257865,test
lvis_000000257896,test
lvis_000000258388,test
lvis_000000258541,test
lvis_000000258793,test
lvis_000000258883,test
lvis_000000258911,test
lvis_000000259097,test
lvis_000000259382,test
lvis_000000259571,test
lvis_000000259597,test
lvis_000000259625,test
lvis_000000259640,test
lvis_000000259690,test
lvis_000000259830,calibration
lvis_000000259854,calibration
lvis_000000260105,test
lvis_000000260106,test
lvis_000000260261,test
lvis_000000260266,calibration
lvis_000000260470,test
lvis_000000260657,calibration
lvis_000000260925,test
lvis_000000261036,test
lvis_000000261061,test
lvis_000000261097,test
lvis_000000261116,test
lvis_000000261161,test
lvis_000000261318,test
lvis_000000261535,test
lvis_000000261706,test
lvis_000000261712,test
lvis_000000261732,test
lvis_000000261796,test
lvis_000000261888,test
lvis_000000261982,test
lvis_000000262048,test
lvis_000000262227,test
lvis_000000262440,test
lvis_000000262487,test
lvis_000000262587,test
lvis_000000262631,test
lvis_000000262682,test
lvis_000000262895,test
lvis_000000262938,calibration
lvis_000000263068,test
lvis_000000263299,test
lvis_000000263403,test
lvis_000000263425,test
lvis_000000263463,test
lvis_000000263474,test
lvis_000000263594,test
lvis_000000263644,test
lvis_000000263679,test
lvis_000000263796,test
lvis_000000263860,test
lvis_000000263966,test
lvis_000000263969,test
lvis_000000264335,test
lvis_000000264441,test
lvis_000000264535,test
lvis_000000264968,test
lvis_000000265108,test
lvis_000000265518,test
lvis_000000265777,test
lvis_000000265816,test
lvis_000000266082,test
lvis_000000266206,test
lvis_000000266400,test
lvis_000000266409,test
lvis_000000266768,calibration
lvis_000000266892,calibration
lvis_000000266981,test
lvis_000000267169,test
lvis_000000267191,test
lvis_000000267300,test
lvis_000000267351,test
lvis_000000267434,test
lvis_000000267537,test
lvis_000000267670,test
lvis_000000267903,calibration
lvis_000000267933,test
lvis_000000267940,test
lvis_000000267946,test
lvis_000000268000,test
lvis_000000268375,test
lvis_000000268378,test
lvis_000000268729,test
lvis_000000268831,calibration
lvis_000000268996,test
lvis_000000269113,calibration
lvis_000000269121,test
lvis_000000269196,test
lvis_000000269314,test
lvis_000000269316,test
lvis_000000269632,test
lvis_000000269682,test
lvis_000000269866,test
lvis_000000269932,test
lvis_000000269942,test
lvis_000000270066,calibration
lvis_000000270122,test
lvis_000000270244,test
lvis_000000270297,test
lvis_000000270386,test
lvis_000000270402,calibration
lvis_000000270474,test
lvis_000000270677,calibration
lvis_000000270705,test
lvis_000000270883,test
lvis_000000270908,test
lvis_000000271116,test
lvis_000000271402,test
lvis_000000271457,calibration
lvis_000000271471,test
lvis_000000271728,test
lvis_000000271997,calibration
lvis_000000272049,test
lvis_000000272136,test
lvis_000000272148,test
lvis_000000272212,calibration
lvis_000000272364,calibration
lvis_000000272416,calibration
lvis_000000272566,test
lvis_000000273132,test
lvis_000000273198,test
lvis_000000273232,calibration
lvis_000000273420,calibration
lvis_000000273493,test
lvis_000000273551,test
lvis_000000273617,test
lvis_000000273642,test
lvis_000000273711,calibration
lvis_000000273712,calibration
lvis_000000273715,test
lvis_000000273760,calibration
lvis_000000274066,calibration
lvis_000000274219,test
lvis_000000274272,test
lvis_000000274411,test
lvis_000000274460,test
lvis_000000274687,test
lvis_000000274708,calibration
lvis_000000275058,test
lvis_000000275198,test
lvis_000000275392,test
lvis_000000275727,test
lvis_000000275749,calibration
lvis_000000275791,calibration
lvis_000000276018,test
lvis_000000276024,calibration
lvis_000000276055,test
lvis_000000276284,test
lvis_000000276285,test
lvis_000000276434,test
lvis_000000276707,test
lvis_000000276720,test
lvis_000000276804,test
lvis_000000276921,test
lvis_000000277005,calibration
lvis_000000277020,test
lvis_000000277051,test
lvis_000000277197,test
lvis_000000277584,test
lvis_000000277689,test
lvis_000000278006,calibration
lvis_000000278353,test
lvis_000000278463,calibration
lvis_000000278705,test
lvis_000000278749,test
lvis_000000278848,test
lvis_000000278973,calibration
lvis_000000279145,calibration
lvis_000000279278,test
lvis_000000279541,test
lvis_000000279714,test
lvis_000000279730,calibration
lvis_000000279769,test
lvis_000000279774,test
lvis_000000279887,test
lvis_000000279927,test
lvis_000000280325,test
lvis_000000280710,test
lvis_000000280779,calibration
lvis_000000280891,test
lvis_000000280918,test
lvis_000000280930,test
lvis_000000281032,test
lvis_000000281179,test
lvis_000000281409,test
lvis_000000281414,test
lvis_000000281447,test
lvis_000000281687,test
lvis_000000281693,test
lvis_000000281754,test
lvis_000000281759,test
lvis_000000281929,test
lvis_000000282037,test
lvis_000000282046,test
lvis_000000282296,test
lvis_000000282298,test
lvis_000000282912,calibration
lvis_000000283037,calibration
lvis_000000283038,calibration
lvis_000000283070,test
lvis_000000283113,test
lvis_000000283268,test
lvis_000000283318,test
lvis_000000283412,test
lvis_000000283520,test
lvis_000000283717,test
lvis_000000283785,test
lvis_000000284106,test
lvis_000000284279,test
lvis_000000284282,test
lvis_000000284296,test
lvis_000000284445,test
lvis_000000284623,test
lvis_000000284698,test
lvis_000000284725,test
lvis_000000284743,test
lvis_000000284762,test
lvis_000000284764,test
lvis_000000284991,test
lvis_000000285047,test
lvis_000000285349,test
lvis_000000285788,test
lvis_000000285894,calibration
lvis_000000286182,calibration
lvis_000000286422,test
lvis_000000286458,test
lvis_000000286503,calibration
lvis_000000286507,test
lvis_000000286523,test
lvis_000000286553,test
lvis_000000286660,test
lvis_000000286708,test
lvis_000000286849,test
lvis_000000286907,test
lvis_000000286908,test
lvis_000000286994,test
lvis_000000287291,test
lvis_000000287347,test
lvis_000000287527,test
lvis_000000287545,test
lvis_000000287649,test
lvis_000000287667,test
lvis_000000287714,calibration
lvis_000000287874,test
lvis_000000287959,calibration
lvis_000000288042,test
lvis_000000288062,test
lvis_000000288391,test
lvis_000000288430,calibration
lvis_000000288584,test
lvis_000000288685,test
lvis_000000288762,test
lvis_000000288862,calibration
lvis_000000288882,calibration
lvis_000000289059,test
lvis_000000289222,test
lvis_000000289229,test
lvis_000000289343,test
lvis_000000289393,test
lvis_000000289415,test
lvis_000000289417,test
lvis_000000289516,calibration
lvis_000000289586,calibration
lvis_000000289594,calibration
lvis_000000289659,test
lvis_000000289702,test
lvis_000000289741,test
lvis_000000289938,test
lvis_000000289960,test
lvis_000000289992,calibration
lvis_000000290081,test
lvis_000000290163,test
lvis_000000290179,calibration
lvis_000000290248,test
lvis_000000290293,test
lvis_000000290592,test
lvis_000000290619,calibration
lvis_000000290768,test
lvis_000000290771,test
lvis_000000290833,test
lvis_000000290843,test
lvis_000000291490,test
lvis_000000291551,test
lvis_000000291619,test
lvis_000000291634,test
lvis_000000291664,test
lvis_000000291791,test
lvis_000000291861,test
lvis_000000292005,test
lvis_000000292024,test
lvis_000000292060,test
lvis_000000292082,calibration
lvis_000000292155,test
lvis_000000292225,test
lvis_000000292236,test
lvis_000000292330,test
lvis_000000292415,test
lvis_000000292446,test
lvis_000000292456,test
lvis_000000292488,test
lvis_000000292908,calibration
lvis_000000292997,test
lvis_000000293044,calibration
lvis_000000293071,test
lvis_000000293200,test
lvis_000000293245,test
lvis_000000293300,test
lvis_000000293324,test
lvis_000000293390,test
lvis_000000293474,test
lvis_000000293625,calibration
lvis_000000293794,test
lvis_000000293804,test
lvis_000000293858,calibration
lvis_000000294162,calibration
lvis_000000294163,calibration
lvis_000000294350,test
lvis_000000294695,test
lvis_000000294783,test
lvis_000000294831,test
lvis_000000294855,calibration
lvis_000000295138,test
lvis_000000295231,test
lvis_000000295316,test
lvis_000000295420,test
lvis_000000295478,calibration
lvis_000000295713,test
lvis_000000295797,test
lvis_000000295809,test
lvis_000000296222,calibration
lvis_000000296224,test
lvis_000000296231,calibration
lvis_000000296284,test
lvis_000000296317,test
lvis_000000296634,test
lvis_000000296649,test
lvis_000000296657,calibration
lvis_000000296969,test
lvis_000000297022,calibration
lvis_000000297084,test
lvis_000000297085,test
lvis_000000297147,test
lvis_000000297343,test
lvis_000000297353,calibration
lvis_000000297396,test
lvis_000000297427,test
lvis_000000297562,test
lvis_000000297578,calibration
lvis_000000297595,test
lvis_000000297681,test
lvis_000000297698,calibration
lvis_000000297830,test
lvis_000000298251,test
lvis_000000298396,test
lvis_000000298697,test
lvis_000000298738,calibration
lvis_000000298904,test
lvis_000000298994,test
lvis_000000299355,calibration
lvis_000000299553,test
lvis_000000299609,test
lvis_000000299720,test
lvis_000000299887,test
lvis_000000300039,test
lvis_000000300155,test
lvis_000000300233,test
lvis_000000300276,test
lvis_000000300341,test
lvis_000000300659,test
lvis_000000300842,test
lvis_000000300913,test
lvis_000000301061,test
lvis_000000301135,test
lvis_000000301376,test
lvis_000000301421,test
lvis_000000301563,test
lvis_000000301718,test
lvis_000000301867,test
lvis_000000301981,calibration
lvis_000000302030,test
lvis_000000302107,test
lvis_000000302165,test
lvis_000000302452,test
lvis_000000302536,calibration
lvis_000000302760,test
lvis_000000302882,test
lvis_000000302990,calibration
lvis_000000303305,calibration
lvis_000000303499,test
lvis_000000303566,test
lvis_000000303653,calibration
lvis_000000303713,test
lvis_000000303818,test
lvis_000000303863,test
lvis_000000303893,test
lvis_000000303908,calibration
lvis_000000304180,test
lvis_000000304291,test
lvis_000000304365,test
lvis_000000304396,test
lvis_000000304404,test
lvis_000000304545,test
lvis_000000304560,calibration
lvis_000000304812,calibration
lvis_000000304817,test
lvis_000000304984,test
lvis_000000305309,test
lvis_000000305317,test
lvis_000000305343,test
lvis_000000305609,test
lvis_000000305695,test
lvis_000000306136,test
lvis_000000306139,test
lvis_000000306437,test
lvis_000000306582,test
lvis_000000306700,test
lvis_000000306733,calibration
lvis_000000306893,test
lvis_000000307074,calibration
lvis_000000307145,test
lvis_000000307172,calibration
lvis_000000307598,test
lvis_000000307658,test
lvis_000000308165,test
lvis_000000308193,test
lvis_000000308328,calibration
lvis_000000308391,calibration
lvis_000000308394,test
lvis_000000308430,test
lvis_000000308466,test
lvis_000000308476,calibration
lvis_000000308531,calibration
lvis_000000308545,test
lvis_000000308587,test
lvis_000000308631,test
lvis_000000308753,test
lvis_000000308793,test
lvis_000000308799,test
lvis_000000309173,calibration
lvis_000000309391,test
lvis_000000309452,test
lvis_000000309467,test
lvis_000000309484,test
lvis_000000309495,test
lvis_000000309655,test
lvis_000000309678,test
lvis_000000309938,calibration
lvis_000000309964,calibration
lvis_000000310072,test
lvis_000000310200,test
lvis_000000310622,calibration
lvis_000000310862,test
lvis_000000310980,calibration
lvis_000000311002,test
lvis_000000311081,test
lvis_000000311180,test
lvis_000000311190,calibration
lvis_000000311295,test
lvis_000000311303,test
lvis_000000311392,test
lvis_000000311394,test
lvis_000000311518,calibration
lvis_000000311789,calibration
lvis_000000311883,test
lvis_000000311909,test
lvis_000000311928,test
lvis_000000311950,test
lvis_000000312192,test
lvis_000000312213,test
lvis_000000312237,test
lvis_000000312263,test
lvis_000000312278,test
lvis_000000312340,calibration
lvis_000000312406,test
lvis_000000312421,test
lvis_000000312489,test
lvis_000000312549,calibration
lvis_000000312552,test
lvis_000000312586,test
lvis_000000312720,test
lvis_000000313034,test
lvis_000000313130,calibration
lvis_000000313182,test
lvis_000000313454,calibration
lvis_000000313562,test
lvis_000000313588,test
lvis_000000313783,test
lvis_000000314034,test
lvis_000000314177,test
lvis_000000314182,test
lvis_000000314251,test
lvis_000000314264,test
lvis_000000314294,test
lvis_000000314541,test
lvis_000000314709,test
lvis_000000314914,test
lvis_000000315001,test
lvis_000000315187,calibration
lvis_000000315219,test
lvis_000000315257,test
lvis_000000315450,test
lvis_000000315492,calibration
lvis_000000316015,test
lvis_000000316054,test
lvis_000000316404,calibration
lvis_000000316666,test
lvis_000000317024,test
lvis_000000317433,calibration
lvis_000000317999,test
lvis_000000318080,test
lvis_000000318114,test
lvis_000000318138,test
lvis_000000318238,test
lvis_000000318455,test
lvis_000000318908,test
lvis_000000319100,test
lvis_000000319184,test
lvis_000000319369,test
lvis_000000319534,calibration
lvis_000000319607,test
lvis_000000319617,test
lvis_000000319696,test
lvis_000000319721,test
lvis_000000319935,calibration
lvis_000000320232,test
lvis_000000320425,test
lvis_000000320490,test
lvis_000000320554,calibration
lvis_000000320632,test
lvis_000000320642,calibration
lvis_000000320664,test
lvis_000000320696,test
lvis_000000320706,test
lvis_000000320743,test
lvis_000000321118,test
lvis_000000321214,test
lvis_000000321333,test
lvis_000000321557,test
lvis_000000321790,test
lvis_000000321887,test
lvis_000000322163,test
lvis_000000322211,test
lvis_000000322352,calibration
lvis_000000322429,test
lvis_000000322574,test
lvis_000000322610,calibration
lvis_000000322724,test
lvis_000000322829,test
lvis_000000322844,test
lvis_000000322864,calibration
lvis_000000322895,test
lvis_000000322944,test
lvis_000000322959,test
lvis_000000322968,test
lvis_000000323151,calibration
lvis_000000323202,test
lvis_000000323263,test
lvis_000000323355,test
lvis_000000323496,test
lvis_000000323571,test
lvis_000000323709,test
lvis_000000323751,test
lvis_000000323799,test
lvis_000000323828,calibration
lvis_000000323895,calibration
lvis_000000324158,test
lvis_000000324258,test
lvis_000000324614,test
lvis_000000324715,test
lvis_000000324818,test
lvis_000000324927,test
lvis_000000325031,test
lvis_000000325114,test
lvis_000000325306,test
lvis_000000325347,calibration
lvis_000000325483,test
lvis_000000325527,test
lvis_000000325838,calibration
lvis_000000325991,calibration
lvis_000000326082,calibration
lvis_000000326128,test
lvis_000000326174,test
lvis_000000326248,calibration
lvis_000000326462,test
lvis_000000326541,test
lvis_000000326542,test
lvis_000000326627,test
lvis_000000326970,test
lvis_000000327306,test
lvis_000000327592,calibration
lvis_000000327601,test
lvis_000000327605,test
lvis_000000327617,test
lvis_000000327701,test
lvis_000000327769,test
lvis_000000327780,test
lvis_000000327890,test
lvis_000000328030,test
lvis_000000328117,test
lvis_000000328238,test
lvis_000000328286,calibration
lvis_000000328337,test
lvis_000000328430,test
lvis_000000328601,test
lvis_000000328683,test
lvis_000000328959,test
lvis_000000329041,test
lvis_000000329080,test
lvis_000000329219,test
lvis_000000329319,test
lvis_000000329323,test
lvis_000000329447,test
lvis_000000329455,test
lvis_000000329456,test
lvis_000000329542,test
lvis_000000329614,test
lvis_000000329827,test
lvis_000000330369,calibration
lvis_000000330396,test
lvis_000000330554,test
lvis_000000330790,test
lvis_000000330818,calibration
lvis_000000331075,test
lvis_000000331280,test
lvis_000000331317,test
lvis_000000331352,test
lvis_000000331569,test
lvis_000000331604,test
lvis_000000331799,calibration
lvis_000000331817,test
lvis_000000332318,test
lvis_000000332351,calibration
lvis_000000332455,test
lvis_000000332570,test
lvis_000000332845,test
lvis_000000332901,test
lvis_000000333069,test
lvis_000000333237,calibration
lvis_000000333402,test
lvis_000000333697,test
lvis_000000333745,test
lvis_000000333772,test
lvis_000000333956,test
lvis_000000334006,calibration
lvis_000000334309,test
lvis_000000334371,test
lvis_000000334399,test
lvis_000000334417,test
lvis_000000334483,test
lvis_000000334521,test
lvis_000000334530,test
lvis_000000334555,test
lvis_000000334719,test
lvis_000000334767,test
lvis_000000334977,test
lvis_000000335081,test
lvis_000000335177,test
lvis_000000335328,test
lvis_000000335427,test
lvis_000000335450,test
lvis_000000335529,test
lvis_000000335658,test
lvis_000000335800,test
lvis_000000335954,test
lvis_000000336053,calibration
lvis_000000336209,calibration
lvis_000000336232,test
lvis_000000336265,test
lvis_000000336309,test
lvis_000000336356,test
lvis_000000336587,calibration
lvis_000000336628,test
lvis_000000336658,test
lvis_000000337055,test
lvis_000000337498,test
lvis_000000337987,test
lvis_000000338191,test
lvis_000000338219,calibration
lvis_000000338304,test
lvis_000000338325,test
lvis_000000338428,test
lvis_000000338532,test
lvis_000000338560,test
lvis_000000338624,test
lvis_000000338625,test
lvis_000000338718,test
lvis_000000338901,test
lvis_000000338905,test
lvis_000000338986,test
lvis_000000339442,test
lvis_000000339823,test
lvis_000000339870,test
lvis_000000340015,test
lvis_000000340175,calibration
lvis_000000340272,test
lvis_000000340451,test
lvis_000000340697,calibration
lvis_000000340894,test
lvis_000000340930,test
lvis_000000341058,test
lvis_000000341094,test
lvis_000000341196,test
lvis_000000341469,test
lvis_000000341681,test
lvis_000000341719,test
lvis_000000341828,test
lvis_000000341921,test
lvis_000000341973,test
lvis_000000342006,test
lvis_000000342128,calibration
lvis_000000342186,test
lvis_000000342295,test
lvis_000000342367,test
lvis_000000342397,calibration
lvis_000000342971,test
lvis_000000343076,test
lvis_000000343149,test
lvis_000000343218,test
lvis_000000343315,test
lvis_000000343453,test
lvis_000000343466,test
lvis_000000343496,test
lvis_000000343524,calibration
lvis_000000343561,test
lvis_000000343706,test
lvis_000000343803,test
lvis_000000343934,calibration
lvis_000000343937,test
lvis_000000343976,test
lvis_000000344029,test
lvis_000000344059,test
lvis_000000344100,calibration
lvis_000000344268,test
lvis_000000344611,test
lvis_000000344614,test
lvis_000000344621,calibration
lvis_000000344795,test
lvis_000000344816,calibration
lvis_000000344888,test
lvis_000000344909,test
lvis_000000345027,test
lvis_000000345252,test
lvis_000000345261,test
lvis_000000345356,test
lvis_000000345361,test
lvis_000000345385,test
lvis_000000345397,calibration
lvis_000000345466,test
lvis_000000345469,test
lvis_000000345941,test
lvis_000000346232,test
lvis_000000346638,calibration
lvis_000000346703,test
lvis_000000346707,test
lvis_000000346905,test
lvis_000000346968,test
lvis_000000347163,test
lvis_000000347174,calibration
lvis_000000347254,calibration
lvis_000000347265,test
lvis_000000347335,test
lvis_000000347370,calibration
lvis_000000347456,test
lvis_000000347544,test
lvis_000000347664,calibration
lvis_000000347693,calibration
lvis_000000347930,test
lvis_000000348012,calibration
lvis_000000348045,test
lvis_000000348216,test
lvis_000000348243,test
lvis_000000348481,test
lvis_000000348488,calibration
lvis_000000348708,test
lvis_000000348881,test
lvis_000000349152,test
lvis_000000349184,test
lvis_000000349302,test
lvis_000000349480,calibration
lvis_000000349594,test
lvis_000000349678,calibration
lvis_000000349837,calibration
lvis_000000349860,test
lvis_000000350002,test
lvis_000000350003,test
lvis_000000350019,test
lvis_000000350023,calibration
lvis_000000350054,calibration
lvis_000000350122,test
lvis_000000350148,test
lvis_000000350388,test
lvis_000000350405,test
lvis_000000350488,test
lvis_000000350607,test
lvis_000000350679,calibration
lvis_000000350833,calibration
lvis_000000351096,test
lvis_000000351331,test
lvis_000000351362,calibration
lvis_000000351530,test
lvis_000000351559,calibration
lvis_000000351589,calibration
lvis_000000351609,test
lvis_000000351810,test
lvis_000000351823,test
lvis_000000352491,test
lvis_000000352582,calibration
lvis_000000352584,test
lvis_000000352618,test
lvis_000000352684,test
lvis_000000352760,test
lvis_000000352900,test
lvis_000000353027,calibration
lvis_000000353051,calibration
lvis_000000353096,test
lvis_000000353180,calibration
lvis_000000353518,test
lvis_000000353970,test
lvis_000000354072,test
lvis_000000354307,test
lvis_000000354547,test
lvis_000000354753,test
lvis_000000354829,test
lvis_000000355169,test
lvis_000000355240,test
lvis_000000355257,test
lvis_000000355325,test
lvis_000000355610,test
lvis_000000355677,calibration
lvis_000000355817,test
lvis_000000355905,calibration
lvis_000000356094,test
lvis_000000356125,test
lvis_000000356169,test
lvis_000000356248,test
lvis_000000356261,test
lvis_000000356347,calibration
lvis_000000356387,test
lvis_000000356424,test
lvis_000000356427,test
lvis_000000356428,test
lvis_000000356432,calibration
lvis_000000356498,test
lvis_000000356505,calibration
lvis_000000356531,test
lvis_000000356612,test
lvis_000000356968,calibration
lvis_000000357060,calibration
lvis_000000357081,test
lvis_000000357238,test
lvis_000000357430,test
lvis_000000357459,test
lvis_000000357501,test
lvis_000000357567,test
lvis_000000357737,test
lvis_000000357742,test
lvis_000000357748,test
lvis_000000357816,test
lvis_000000357888,calibration
lvis_000000357903,calibration
lvis_000000357941,test
lvis_000000357978,test
lvis_000000358195,test
lvis_000000358427,test
lvis_000000358525,test
lvis_000000358923,test
lvis_000000359135,test
lvis_000000359219,calibration
lvis_000000359540,calibration
lvis_000000359677,test
lvis_000000359781,test
lvis_000000359833,calibration
lvis_000000359855,test
lvis_000000359937,test
lvis_000000360097,test
lvis_000000360137,calibration
lvis_000000360325,test
lvis_000000360393,test
lvis_000000360564,test
lvis_000000360661,test
lvis_000000360943,calibration
lvis_000000360951,test
lvis_000000360960,test
lvis_000000361103,test
lvis_000000361142,test
lvis_000000361147,calibration
lvis_000000361180,test
lvis_000000361238,calibration
lvis_000000361268,test
lvis_000000361506,calibration
lvis_000000361551,test
lvis_000000361571,test
lvis_000000361586,test
lvis_000000361621,test
lvis_000000361730,test
lvis_000000361919,calibration
lvis_000000362434,test
lvis_000000362520,test
lvis_000000362682,test
lvis_000000362716,test
lvis_000000363072,test
lvis_000000363188,calibration
lvis_000000363207,test
lvis_000000363461,calibration
lvis_000000363666,test
lvis_000000363784,test
lvis_000000363840,calibration
lvis_000000363875,test
lvis_000000364102,test
lvis_000000364126,test
lvis_000000364166,test
lvis_000000364297,test
lvis_000000364322,test
lvis_000000364557,test
lvis_000000364587,test
lvis_000000364636,calibration
lvis_000000364884,test
lvis_000000365095,test
lvis_000000365098,test
lvis_000000365207,test
lvis_000000365208,test
lvis_000000365385,test
lvis_000000365387,test
lvis_000000365521,test
lvis_000000365642,calibration
lvis_000000365655,test
lvis_000000365745,test
lvis_000000365766,calibration
lvis_000000365886,calibration
lvis_000000366141,test
lvis_000000366178,test
lvis_000000366199,test
lvis_000000366225,calibration
lvis_000000366611,test
lvis_000000366711,test
lvis_000000366884,test
lvis_000000367082,test
lvis_000000367095,test
lvis_000000367195,test
lvis_000000367228,test
lvis_000000367386,calibration
lvis_000000367569,test
lvis_000000367680,test
lvis_000000367818,test
lvis_000000368038,test
lvis_000000368212,test
lvis_000000368294,test
lvis_000000368335,test
lvis_000000368456,test
lvis_000000368684,test
lvis_000000368752,test
lvis_000000368900,calibration
lvis_000000368940,test
lvis_000000368961,test
lvis_000000368982,test
lvis_000000369037,test
lvis_000000369081,test
lvis_000000369310,calibration
lvis_000000369323,test
lvis_000000369370,calibration
lvis_000000369442,test
lvis_000000369503,test
lvis_000000369541,test
lvis_000000369675,test
lvis_000000369751,test
lvis_000000369757,test
lvis_000000369771,test
lvis_000000369812,calibration
lvis_000000370042,test
lvis_000000370208,test
lvis_000000370270,test
lvis_000000370375,test
lvis_000000370478,test
lvis_000000370486,test
lvis_000000370677,test
lvis_000000370711,test
lvis_000000370813,test
lvis_000000370818,calibration
lvis_000000370900,test
lvis_000000370999,test
lvis_000000371042,calibration
lvis_000000371472,calibration
lvis_000000371529,test
lvis_000000371552,test
lvis_000000371677,test
lvis_000000371699,test
lvis_000000371749,test
lvis_000000372203,test
lvis_000000372260,test
lvis_000000372307,test
lvis_000000372317,test
lvis_000000372349,calibration
lvis_000000372466,calibration
lvis_000000372577,test
lvis_000000372718,test
lvis_000000372819,test
lvis_000000373315,test
lvis_000000373353,test
lvis_000000373382,test
lvis_000000373705,test
lvis_000000374052,test
lvis_000000374083,calibration
lvis_000000374369,test
lvis_000000374545,test
lvis_000000374551,test
lvis_000000374727,test
lvis_000000374982,calibration
lvis_000000375015,calibration
lvis_000000375078,test
lvis_000000375278,calibration
lvis_000000375430,test
lvis_000000375469,test
lvis_000000375493,test
lvis_000000375763,test
lvis_000000376093,test
lvis_000000376112,test
lvis_000000376206,test
lvis_000000376264,test
lvis_000000376278,calibration
lvis_000000376284,calibration
lvis_000000376307,test
lvis_000000376310,test
lvis_000000376322,test
lvis_000000376365,calibration
lvis_000000376442,calibration
lvis_000000376478,test
lvis_000000376625,calibration
lvis_000000376856,test
lvis_000000376900,calibration
lvis_000000377000,test
lvis_000000377113,test
lvis_000000377239,test
lvis_000000377368,test
lvis_000000377393,test
lvis_000000377486,test
lvis_000000377497,calibration
lvis_000000377575,test
lvis_000000377588,test
lvis_000000377635,test
lvis_000000377670,test
lvis_000000377723,test
lvis_000000377814,test
lvis_000000377882,test
lvis_000000377946,test
lvis_000000378099,test
lvis_000000378116,test
lvis_000000378139,test
lvis_000000378244,test
lvis_000000378284,test
lvis_000000378453,test
lvis_000000378454,test
lvis_000000378515,test
lvis_000000378605,test
lvis_000000378673,calibration
lvis_000000378873,test
lvis_000000379332,test
lvis_000000379441,test
lvis_000000379453,test
lvis_000000379476,calibration
lvis_000000379533,test
lvis_000000379800,test
lvis_000000379842,test
lvis_000000380203,test
lvis_000000380706,test
lvis_000000380711,test
lvis_000000380913,test
lvis_000000381360,test
lvis_000000381587,test
lvis_000000381639,test
lvis_000000381971,calibration
lvis_000000382009,test
lvis_000000382030,test
lvis_000000382088,calibration
lvis_000000382111,test
lvis_000000382122,test
lvis_000000382125,test
lvis_000000382696,test
lvis_000000382734,calibration
lvis_000000382743,test
lvis_000000383289,calibration
lvis_000000383337,calibration
lvis_000000383339,test
lvis_000000383384,test
lvis_000000383386,test
lvis_000000383443,test
lvis_000000383606,calibration
lvis_000000383621,test
lvis_000000383676,test
lvis_000000383838,test
lvis_000000383842,test
lvis_000000383921,test
lvis_000000384136,test
lvis_000000384350,test
lvis_000000384468,test
lvis_000000384513,test
lvis_000000384527,calibration
lvis_000000384616,test
lvis_000000384651,test
lvis_000000384661,test
lvis_000000384666,test
lvis_000000384670,calibration
lvis_000000384808,calibration
lvis_000000384850,test
lvis_000000384949,test
lvis_000000385029,calibration
lvis_000000385190,calibration
lvis_000000385205,test
lvis_000000385719,test
lvis_000000385997,test
lvis_000000386134,test
lvis_000000386210,test
lvis_000000386277,test
lvis_000000386352,test
lvis_000000386457,test
lvis_000000386879,test
lvis_000000386912,test
lvis_000000387098,test
lvis_000000387148,calibration
lvis_000000387383,test
lvis_000000387387,calibration
lvis_000000387916,test
lvis_000000388056,test
lvis_000000388215,test
lvis_000000388258,test
lvis_000000388846,test
lvis_000000388903,calibration
lvis_000000388927,test
lvis_000000389109,test
lvis_000000389197,test
lvis_000000389315,test
lvis_000000389316,test
lvis_000000389381,test
lvis_000000389451,test
lvis_000000389532,calibration
lvis_000000389566,test
lvis_000000389684,test
lvis_000000389804,test
lvis_000000389812,calibration
lvis_000000389933,calibration
lvis_000000390246,test
lvis_000000390301,test
lvis_000000390555,calibration
lvis_000000390826,test
lvis_000000390902,test
lvis_000000391140,test
lvis_000000391144,test
lvis_000000391290,calibration
lvis_000000391375,test
lvis_000000391648,test
lvis_000000391722,test
lvis_000000392228,test
lvis_000000392481,calibration
lvis_000000392722,test
lvis_000000392818,calibration
lvis_000000392933,test
lvis_000000393014,calibration
lvis_000000393056,calibration
lvis_000000393093,test
lvis_000000393115,test
lvis_000000393226,test
lvis_000000393282,test
lvis_000000393469,test
lvis_000000393569,calibration
lvis_000000393838,test
lvis_000000394199,test
lvis_000000394206,calibration
lvis_000000394275,calibration
lvis_000000394328,calibration
lvis_000000394510,test
lvis_000000394559,test
lvis_000000394611,test
lvis_000000394677,test
lvis_000000394940,test
lvis_000000395180,test
lvis_000000395343,test
lvis_000000395388,calibration
lvis_000000395575,test
lvis_000000395633,calibration
lvis_000000395701,test
lvis_000000395801,test
lvis_000000395903,calibration
lvis_000000396200,test
lvis_000000396205,calibration
lvis_000000396274,test
lvis_000000396338,calibration
lvis_000000396518,test
lvis_000000396526,test
lvis_000000396568,test
lvis_000000396580,test
lvis_000000396729,test
lvis_000000396863,test
lvis_000000396903,test
lvis_000000397133,test
lvis_000000397279,test
lvis_000000397303,calibration
lvis_000000397327,test
lvis_000000397351,test
lvis_000000397354,calibration
lvis_000000397639,calibration
lvis_000000397681,calibration
lvis_000000398028,test
lvis_000000398203,calibration
lvis_000000398237,test
lvis_000000398377,test
lvis_000000398438,test
lvis_000000398652,test
lvis_000000398742,test
lvis_000000398810,test
lvis_000000398905,test
lvis_000000399205,test
lvis_000000399296,calibration
lvis_000000399462,test
lvis_000000399560,calibration
lvis_000000399655,test
lvis_000000399764,test
lvis_000000400044,test
lvis_000000400082,test
lvis_000000400161,calibration
lvis_000000400367,test
lvis_000000400573,test
lvis_000000400794,test
lvis_000000400803,test
lvis_000000400815,calibration
lvis_000000400922,calibration
lvis_000000401244,calibration
lvis_000000401250,test
lvis_000000401446,calibration
lvis_000000401862,test
lvis_000000401991,test
lvis_000000402096,test
lvis_000000402118,test
lvis_000000402334,calibration
lvis_000000402346,calibration
lvis_000000402433,test
lvis_000000402473,test
lvis_000000402519,calibration
lvis_000000402615,test
lvis_000000402720,test
lvis_000000402765,test
lvis_000000402774,test
lvis_000000402783,test
lvis_000000402992,calibration
lvis_000000403122,test
lvis_000000403353,test
lvis_000000403385,test
lvis_000000403565,test
lvis_000000403584,calibration
lvis_000000403817,calibration
lvis_000000404128,test
lvis_000000404191,test
lvis_000000404249,test
lvis_000000404479,test
lvis_000000404484,test
lvis_000000404534,test
lvis_000000404568,test
lvis_000000404601,test
lvis_000000404678,test
lvis_000000404805,test
lvis_000000404839,test
lvis_000000404922,test
lvis_000000404923,calibration
lvis_000000405195,test
lvis_000000405205,test
lvis_000000405249,test
lvis_000000405279,calibration
lvis_000000405306,test
lvis_000000405432,calibration
lvis_000000405691,test
lvis_000000405970,test
lvis_000000405972,test
lvis_000000406129,test
lvis_000000406417,test
lvis_000000406570,test
lvis_000000406611,test
lvis_000000406997,calibration
lvis_000000407002,test
lvis_000000407083,test
lvis_000000407298,test
lvis_000000407403,test
lvis_000000407518,test
lvis_000000407524,test
lvis_000000407574,test
lvis_000000407614,test
lvis_000000407646,test
lvis_000000407650,test
lvis_000000407825,test
lvis_000000407868,calibration
lvis_000000407943,test
lvis_000000407960,test
lvis_000000408112,test
lvis_000000408120,calibration
lvis_000000408696,test
lvis_000000408774,test
lvis_000000408830,calibration
lvis_000000409198,test
lvis_000000409211,test
lvis_000000409268,test
lvis_000000409358,test
lvis_000000409424,test
lvis_000000409475,calibration
lvis_000000409542,test
lvis_000000409630,calibration
lvis_000000409867,test
lvis_000000410221,test
lvis_000000410428,test
lvis_000000410456,calibration
lvis_000000410487,calibration
lvis_000000410496,calibration
lvis_000000410510,test
lvis_000000410612,test
lvis_000000410650,calibration
lvis_000000410712,calibration
lvis_000000410735,calibration
lvis_000000410878,calibration
lvis_000000410880,test
lvis_000000410934,test
lvis_000000411530,test
lvis_000000411665,calibration
lvis_000000411754,test
lvis_000000411774,test
lvis_000000411817,test
lvis_000000411938,test
lvis_000000411953,test
lvis_000000412240,test
lvis_000000412286,test
lvis_000000412362,calibration
lvis_000000412531,calibration
lvis_000000412887,test
lvis_000000412894,calibration
lvis_000000413247,calibration
lvis_000000413395,test
lvis_000000413404,test
lvis_000000413552,test
lvis_000000413689,test
lvis_000000414034,test
lvis_000000414133,calibration
lvis_000000414170,test
lvis_000000414261,test
lvis_000000414340,test
lvis_000000414385,calibration
lvis_000000414510,calibration
lvis_000000414638,test
lvis_000000414673,test
lvis_000000414676,test
lvis_000000414795,test
lvis_000000415194,test
lvis_000000415238,test
lvis_000000415536,test
lvis_000000415716,test
lvis_000000415727,test
lvis_000000415741,test
lvis_000000415748,test
lvis_000000415882,test
lvis_000000415990,test
lvis_000000416104,test
lvis_000000416170,test
lvis_000000416256,test
lvis_000000416269,test
lvis_000000416330,test
lvis_000000416343,test
lvis_000000416451,test
lvis_000000416534,test
lvis_000000416745,calibration
lvis_000000416758,test
lvis_000000416837,test
lvis_000000416885,test
lvis_000000416991,test
lvis_000000417043,test
lvis_000000417085,test
lvis_000000417249,test
lvis_000000417285,calibration
lvis_000000417465,test
lvis_000000417608,test
lvis_000000417632,test
lvis_000000417779,test
lvis_000000417876,test
lvis_000000417911,test
lvis_000000418062,calibration
lvis_000000418281,test
lvis_000000418696,test
lvis_000000418959,test
lvis_000000418961,test
lvis_000000419096,test
lvis_000000419098,calibration
lvis_000000419201,test
lvis_000000419312,calibration
lvis_000000419379,test
lvis_000000419408,test
lvis_000000419601,test
lvis_000000419653,test
lvis_000000419882,test
lvis_000000419974,test
lvis_000000420069,test
lvis_000000420230,test
lvis_000000420281,test
lvis_000000420472,test
lvis_000000420840,test
lvis_000000420916,calibration
lvis_000000421060,test
lvis_000000421455,calibration
lvis_000000421757,test
lvis_000000421834,test
lvis_000000421923,test
lvis_000000422670,test
lvis_000000422706,test
lvis_000000422836,calibration
lvis_000000422886,test
lvis_000000422998,calibration
lvis_000000423104,test
lvis_000000423123,test
lvis_000000423229,test
lvis_000000423506,test
lvis_000000423519,calibration
lvis_000000423617,test
lvis_000000423798,test
lvis_000000423944,test
lvis_000000423971,calibration
lvis_000000424135,test
lvis_000000424162,test
lvis_000000424349,test
lvis_000000424521,test
lvis_000000424545,test
lvis_000000424551,test
lvis_000000424642,test
lvis_000000424721,calibration
lvis_000000424776,test
lvis_000000424975,test
lvis_000000425221,test
lvis_000000425226,test
lvis_000000425227,test
lvis_000000425361,test
lvis_000000425390,calibration
lvis_000000425702,test
lvis_000000425906,test
lvis_000000425925,test
lvis_000000426166,test
lvis_000000426203,test
lvis_000000426241,calibration
lvis_000000426253,test
lvis_000000426268,calibration
lvis_000000426297,test
lvis_000000426329,calibration
lvis_000000426372,calibration
lvis_000000426376,test
lvis_000000426795,test
lvis_000000426836,test
lvis_000000427034,calibration
lvis_000000427055,calibration
lvis_000000427077,test
lvis_000000427160,calibration
lvis_000000427256,test
lvis_000000427338,calibration
lvis_000000427500,test
lvis_000000427649,test
lvis_000000427655,calibration
lvis_000000427997,test
lvis_000000428111,test
lvis_000000428218,test
lvis_000000428280,test
lvis_000000428454,test
lvis_000000428562,test
lvis_000000428867,test
lvis_000000429011,test
lvis_000000429109,test
lvis_000000429281,test
lvis_000000429530,test
lvis_000000429598,test
lvis_000000429623,test
lvis_000000429690,test
lvis_000000429718,test
lvis_000000429761,test
lvis_000000430048,test
lvis_000000430056,test
lvis_000000430073,test
lvis_000000430286,test
lvis_000000430377,test
lvis_000000430871,test
lvis_000000430875,test
lvis_000000430961,test
lvis_000000430973,test
lvis_000000431140,test
lvis_000000431545,test
lvis_000000431568,test
lvis_000000431693,test
lvis_000000431727,test
lvis_000000431848,calibration
lvis_000000431876,test
lvis_000000431896,test
lvis_000000432085,test
lvis_000000432468,test
lvis_000000432553,test
lvis_000000432898,test
lvis_000000433103,test
lvis_000000433134,test
lvis_000000433192,calibration
lvis_000000433204,test
lvis_000000433243,test
lvis_000000433374,test
lvis_000000433515,test
lvis_000000433774,test
lvis_000000433915,calibration
lvis_000000433980,test
lvis_000000434204,calibration
lvis_000000434230,test
lvis_000000434247,test
lvis_000000434297,test
lvis_000000434459,calibration
lvis_000000434479,test
lvis_000000434548,test
lvis_000000434996,test
lvis_000000435003,test
lvis_000000435081,calibration
lvis_000000435205,test
lvis_000000435206,test
lvis_000000435208,calibration
lvis_000000435299,test
lvis_000000435880,test
lvis_000000436315,calibration
lvis_000000436551,test
lvis_000000436617,test
lvis_000000436738,test
lvis_000000436883,test
lvis_000000437110,test
lvis_000000437205,test
lvis_000000437239,test
lvis_000000437331,test
lvis_000000437351,calibration
lvis_000000437392,test
lvis_000000437514,test
lvis_000000437898,test
lvis_000000438017,test
lvis_000000438226,test
lvis_000000438269,calibration
lvis_000000438304,calibration
lvis_000000438774,test
lvis_000000438862,test
lvis_000000438876,test
lvis_000000438907,test
lvis_000000438955,test
lvis_000000439180,test
lvis_000000439290,calibration
lvis_000000439426,test
lvis_000000439522,test
lvis_000000439525,test
lvis_000000439593,test
lvis_000000439623,test
lvis_000000439715,test
lvis_000000439773,test
lvis_000000439854,test
lvis_000000439994,test
lvis_000000440171,calibration
lvis_000000440184,test
lvis_000000440336,test
lvis_000000440475,calibration
lvis_000000440507,test
lvis_000000440508,test
lvis_000000440617,calibration
lvis_000000441247,test
lvis_000000441286,test
lvis_000000441442,test
lvis_000000441468,calibration
lvis_000000441491,test
lvis_000000441543,test
lvis_000000441553,test
lvis_000000441586,test
lvis_000000442009,calibration
lvis_000000442161,test
lvis_000000442306,test
lvis_000000442323,calibration
lvis_000000442456,test
lvis_000000442463,test
lvis_000000442480,test
lvis_000000442661,test
lvis_000000442746,test
lvis_000000442822,calibration
lvis_000000442836,test
lvis_000000442993,test
lvis_000000443303,calibration
lvis_000000443426,test
lvis_000000443498,test
lvis_000000443844,calibration
lvis_000000443969,test
lvis_000000444142,test
lvis_000000444275,test
lvis_000000444879,test
lvis_000000445248,test
lvis_000000445365,calibration
lvis_000000445439,test
lvis_000000445602,calibration
lvis_000000445658,test
lvis_000000445675,test
lvis_000000445722,test
lvis_000000445792,test
lvis_000000445834,calibration
lvis_000000445846,test
lvis_000000445999,calibration
lvis_000000446005,test
lvis_000000446117,test
lvis_000000446206,test
lvis_000000446207,calibration
lvis_000000446522,test
lvis_000000446574,test
lvis_000000446651,test
lvis_000000446703,test
lvis_000000447088,test
lvis_000000447169,test
lvis_000000447187,calibration
lvis_000000447200,test
lvis_000000447313,test
lvis_000000447314,calibration
lvis_000000447342,test
lvis_000000447465,test
lvis_000000447522,test
lvis_000000447611,test
lvis_000000447789,test
lvis_000000447917,test
lvis_000000448076,calibration
lvis_000000448256,test
lvis_000000448263,test
lvis_000000448365,test
lvis_000000448410,test
lvis_000000448448,test
lvis_000000448810,test
lvis_000000449190,calibration
lvis_000000449198,test
lvis_000000449312,calibration
lvis_000000449406,test
lvis_000000449432,test
lvis_000000449579,calibration
lvis_000000449603,calibration
lvis_000000449661,test
lvis_000000449909,test
lvis_000000449996,test
lvis_000000450075,calibration
lvis_000000450100,test
lvis_000000450202,calibration
lvis_000000450303,test
lvis_000000450399,test
lvis_000000450439,test
lvis_000000450488,test
lvis_000000450559,test
lvis_000000450686,test
lvis_000000450758,test
lvis_000000451043,test
lvis_000000451084,test
lvis_000000451090,test
lvis_000000451144,test
lvis_000000451150,test
lvis_000000451155,test
lvis_000000451308,calibration
lvis_000000451435,test
lvis_000000451571,test
lvis_000000451693,test
lvis_000000451714,test
lvis_000000451879,calibration
lvis_000000452084,calibration
lvis_000000452122,test
lvis_000000452321,calibration
lvis_000000452515,test
lvis_000000452784,calibration
lvis_000000452793,calibration
lvis_000000452891,calibration
lvis_000000453001,test
lvis_000000453040,test
lvis_000000453166,calibration
lvis_000000453302,test
lvis_000000453341,test
lvis_000000453584,test
lvis_000000453634,test
lvis_000000453708,test
lvis_000000453722,test
lvis_000000453841,test
lvis_000000453860,test
lvis_000000453981,test
lvis_000000454067,test
lvis_000000454404,test
lvis_000000454661,test
lvis_000000454750,test
lvis_000000454798,test
lvis_000000454978,test
lvis_000000455085,test
lvis_000000455157,test
lvis_000000455219,test
lvis_000000455267,calibration
lvis_000000455301,test
lvis_000000455352,calibration
lvis_000000455448,test
lvis_000000455555,test
lvis_000000455597,calibration
lvis_000000455624,test
lvis_000000455716,test
lvis_000000455872,test
lvis_000000455937,test
lvis_000000455981,test
lvis_000000456015,test
lvis_000000456143,test
lvis_000000456292,test
lvis_000000456303,test
lvis_000000456394,test
lvis_000000456496,test
lvis_000000456559,test
lvis_000000456662,test
lvis_000000456865,test
lvis_000000457078,test
lvis_000000457262,calibration
lvis_000000457559,calibration
lvis_000000457848,calibration
lvis_000000457884,test
lvis_000000458045,test
lvis_000000458054,calibration
lvis_000000458109,test
lvis_000000458223,test
lvis_000000458255,test
lvis_000000458325,test
lvis_000000458410,test
lvis_000000458663,calibration
lvis_000000458702,test
lvis_000000458755,calibration
lvis_000000458768,calibration
lvis_000000458790,test
lvis_000000458992,test
lvis_000000459153,test
lvis_000000459195,test
lvis_000000459272,calibration
lvis_000000459396,test
lvis_000000459437,test
lvis_000000459467,test
lvis_000000459500,test
lvis_000000459634,test
lvis_000000459662,test
lvis_000000459757,calibration
lvis_000000459809,test
lvis_000000459887,calibration
lvis_000000459954,test
lvis_000000460147,calibration
lvis_000000460160,calibration
lvis_000000460229,calibration
lvis_000000460333,calibration
lvis_000000460347,test
lvis_000000460379,test
lvis_000000460494,test
lvis_000000460682,test
lvis_000000460683,test
lvis_000000460841,test
lvis_000000460927,test
lvis_000000460929,test
lvis_000000460967,test
lvis_000000461009,test
lvis_000000461036,test
lvis_000000461275,test
lvis_000000461405,test
lvis_000000461573,test
lvis_000000461751,test
lvis_000000462031,test
lvis_000000462371,test
lvis_000000462576,calibration
lvis_000000462614,test
lvis_000000462629,test
lvis_000000462643,test
lvis_000000462728,test
lvis_000000462756,test
lvis_000000462904,test
lvis_000000463037,test
lvis_000000463174,calibration
lvis_000000463199,calibration
lvis_000000463283,test
lvis_000000463522,calibration
lvis_000000463527,calibration
lvis_000000463542,calibration
lvis_000000463618,test
lvis_000000463647,test
lvis_000000463690,calibration
lvis_000000463730,test
lvis_000000463802,test
lvis_000000463842,test
lvis_000000463849,test
lvis_000000463918,test
lvis_000000464089,test
lvis_000000464144,calibration
lvis_000000464251,test
lvis_000000464358,test
lvis_000000464476,calibration
lvis_000000464522,test
lvis_000000464689,test
lvis_000000464786,test
lvis_000000464824,test
lvis_000000464872,test
lvis_000000465129,test
lvis_000000465179,test
lvis_000000465180,test
lvis_000000465430,calibration
lvis_000000465549,test
lvis_000000465585,test
lvis_000000465675,test
lvis_000000465718,test
lvis_000000465806,test
lvis_000000465822,calibration
lvis_000000465836,test
lvis_000000466085,test
lvis_000000466125,test
lvis_000000466156,test
lvis_000000466256,test
lvis_000000466339,test
lvis_000000466416,test
lvis_000000466567,test
lvis_000000466602,test
lvis_000000466835,test
lvis_000000466986,test
lvis_000000467176,test
lvis_000000467315,test
lvis_000000467511,calibration
lvis_000000467776,test
lvis_000000467848,test
lvis_000000468124,test
lvis_000000468233,test
lvis_000000468245,calibration
lvis_000000468332,test
lvis_000000468501,calibration
lvis_000000468505,calibration
lvis_000000468577,test
lvis_000000468632,test
lvis_000000468925,test
lvis_000000468954,test
lvis_000000468965,test
lvis_000000469067,calibration
lvis_000000469174,calibration
lvis_000000469192,test
lvis_000000469246,test
lvis_000000469652,calibration
lvis_000000469828,test
lvis_000000470121,calibration
lvis_000000470173,test
lvis_000000470773,calibration
lvis_000000470779,test
lvis_000000470924,test
lvis_000000470952,test
lvis_000000471023,calibration
lvis_000000471087,test
lvis_000000471450,calibration
lvis_000000471567,test
lvis_000000471756,test
lvis_000000471789,test
lvis_000000471869,test
lvis_000000471893,calibration
lvis_000000471991,test
lvis_000000472030,test
lvis_000000472046,calibration
lvis_000000472298,test
lvis_000000472375,calibration
lvis_000000472623,test
lvis_000000472678,test
lvis_000000473015,test
lvis_000000473118,calibration
lvis_000000473121,calibration
lvis_000000473219,test
lvis_000000473237,test
lvis_000000473406,test
lvis_000000473821,test
lvis_000000473869,test
lvis_000000473974,calibration
lvis_000000474021,calibration
lvis_000000474028,test
lvis_000000474039,test
lvis_000000474078,test
lvis_000000474095,test
lvis_000000474164,test
lvis_000000474167,test
lvis_000000474170,calibration
lvis_000000474293,test
lvis_000000474344,test
lvis_000000474452,test
lvis_000000474786,test
lvis_000000474854,test
lvis_000000474881,test
lvis_000000475064,test
lvis_000000475150,calibration
lvis_000000475191,test
lvis_000000475223,test
lvis_000000475365,test
lvis_000000475387,test
lvis_000000475484,test
lvis_000000475572,test
lvis_000000475678,test
lvis_000000475732,test
lvis_000000475779,test
lvis_000000475904,test
lvis_000000476119,calibration
lvis_000000476215,test
lvis_000000476258,test
lvis_000000476415,test
lvis_000000476491,test
lvis_000000476514,test
lvis_000000476704,test
lvis_000000476770,test
lvis_000000476787,test
lvis_000000476810,test
lvis_000000477118,test
lvis_000000477227,test
lvis_000000477288,test
lvis_000000477441,test
lvis_000000477623,test
lvis_000000477689,calibration
lvis_000000477805,test
lvis_000000477955,test
lvis_000000478136,test
lvis_000000478286,test
lvis_000000478393,test
lvis_000000478420,test
lvis_000000478474,test
lvis_000000478721,test
lvis_000000478862,calibration
lvis_000000479030,test
lvis_000000479099,test
lvis_000000479126,test
lvis_000000479155,test
lvis_000000479248,test
lvis_000000479448,calibration
lvis_000000479596,test
lvis_000000479732,test
lvis_000000479912,test
lvis_000000479953,test
lvis_000000480021,test
lvis_000000480122,test
lvis_000000480212,test
lvis_000000480275,test
lvis_000000480842,test
lvis_000000480936,test
lvis_000000480944,test
lvis_000000480985,test
lvis_000000481159,test
lvis_000000481386,test
lvis_000000481390,test
lvis_000000481404,test
lvis_000000481413,test
lvis_000000481480,calibration
lvis_000000481567,calibration
lvis_000000481573,test
lvis_000000481582,test
lvis_000000482100,test
lvis_000000482275,test
lvis_000000482319,calibration
lvis_000000482436,test
lvis_000000482477,test
lvis_000000482487,test
lvis_000000482585,calibration
lvis_000000482719,test
lvis_000000482735,test
lvis_000000482800,test
lvis_000000482917,calibration
lvis_000000482970,test
lvis_000000482978,test
lvis_000000483050,test
lvis_000000483531,test
lvis_000000483667,test
lvis_000000483999,test
lvis_000000484029,calibration
lvis_000000484296,test
lvis_000000484351,test
lvis_000000484404,test
lvis_000000484415,test
lvis_000000484760,test
lvis_000000484893,test
lvis_000000484978,test
lvis_000000485027,test
lvis_000000485071,test
lvis_000000485130,test
lvis_000000485237,test
lvis_000000485424,test
lvis_000000485480,test
lvis_000000485802,test
lvis_000000485844,test
lvis_000000485895,test
lvis_000000485972,test
lvis_000000486040,calibration
lvis_000000486046,calibration
lvis_000000486104,calibration
lvis_000000486112,test
lvis_000000486438,test
lvis_000000486479,test
lvis_000000486573,test
lvis_000000487583,test
lvis_000000488075,test
lvis_000000488166,calibration
lvis_000000488251,calibration
lvis_000000488270,test
lvis_000000488385,test
lvis_000000488592,test
lvis_000000488664,test
lvis_000000488673,calibration
lvis_000000488710,test
lvis_000000488736,test
lvis_000000489014,test
lvis_000000489046,test
lvis_000000489091,test
lvis_000000489305,test
lvis_000000489339,calibration
lvis_000000489611,test
lvis_000000489764,test
lvis_000000489842,test
lvis_000000489924,calibration
lvis_000000490125,calibration
lvis_000000490171,test
lvis_000000490413,test
lvis_000000490470,test
lvis_000000490515,test
lvis_000000490936,calibration
lvis_000000491008,test
lvis_000000491071,test
lvis_000000491090,test
lvis_000000491130,test
lvis_000000491213,test
lvis_000000491216,calibration
lvis_000000491366,test
lvis_000000491464,test
lvis_000000491470,test
lvis_000000491497,test
lvis_000000491613,test
lvis_000000491683,test
lvis_000000491725,test
lvis_000000491757,calibration
lvis_000000491867,test
lvis_000000492077,test
lvis_000000492110,calibration
lvis_000000492282,test
lvis_000000492284,test
lvis_000000492362,test
lvis_000000492758,test
lvis_000000492878,test
lvis_000000492905,calibration
lvis_000000492937,test
lvis_000000492968,calibration
lvis_000000492992,test
lvis_000000493019,calibration
lvis_000000493284,test
lvis_000000493286,test
lvis_000000493334,test
lvis_000000493442,test
lvis_000000493566,test
lvis_000000493613,calibration
lvis_000000493772,test
lvis_000000493799,test
lvis_000000493864,test
lvis_000000493905,test
lvis_000000494188,test
lvis_000000494427,test
lvis_000000494634,test
lvis_000000494759,calibration
lvis_000000494863,calibration
lvis_000000494869,test
lvis_000000494913,test
lvis_000000495054,calibration
lvis_000000495146,calibration
lvis_000000495448,test
lvis_000000495732,test
lvis_000000496409,test
lvis_000000496571,test
lvis_000000496597,calibration
lvis_000000496722,test
lvis_000000496854,test
lvis_000000496954,test
lvis_000000497344,test
lvis_000000497568,test
lvis_000000497599,calibration
lvis_000000497628,calibration
lvis_000000497867,test
lvis_000000498032,test
lvis_000000498286,test
lvis_000000498463,test
lvis_000000498709,test
lvis_000000498747,test
lvis_000000498807,test
lvis_000000498857,test
lvis_000000498919,test
lvis_000000499031,test
lvis_000000499109,calibration
lvis_000000499181,test
lvis_000000499266,calibration
lvis_000000499313,test
lvis_000000499622,test
lvis_000000499768,test
lvis_000000499775,test
lvis_000000500049,test
lvis_000000500211,calibration
lvis_000000500257,test
lvis_000000500270,test
lvis_000000500423,test
lvis_000000500464,test
lvis_000000500477,test
lvis_000000500478,test
lvis_000000500565,test
lvis_000000500613,test
lvis_000000500663,test
lvis_000000500716,calibration
lvis_000000500826,test
lvis_000000501005,test
lvis_000000501023,test
lvis_000000501243,test
lvis_000000501368,test
lvis_000000501523,test
lvis_000000502136,calibration
lvis_000000502168,calibration
lvis_000000502229,test
lvis_000000502336,test
lvis_000000502347,calibration
lvis_000000502599,test
lvis_000000502732,test
lvis_000000502737,test
lvis_000000502910,test
lvis_000000503755,test
lvis_000000503823,test
lvis_000000503841,test
lvis_000000503855,test
lvis_000000504000,test
lvis_000000504074,test
lvis_000000504389,test
lvis_000000504415,test
lvis_000000504439,test
lvis_000000504580,test
lvis_000000504589,test
lvis_000000504635,test
lvis_000000504711,test
lvis_000000505169,test
lvis_000000505451,test
lvis_000000505565,test
lvis_000000505573,test
lvis_000000505638,test
lvis_000000505789,test
lvis_000000505942,test
lvis_000000506004,test
lvis_000000506178,test
lvis_000000506279,calibration
lvis_000000506310,calibration
lvis_000000506454,test
lvis_000000506656,test
lvis_000000506707,test
lvis_000000506933,test
lvis_000000507015,test
lvis_000000507037,calibration
lvis_000000507042,test
lvis_000000507081,test
lvis_000000507223,test
lvis_000000507235,test
lvis_000000507473,test
lvis_000000507575,test
lvis_000000507667,test
lvis_000000507797,test
lvis_000000507893,calibration
lvis_000000507975,test
lvis_000000508101,test
lvis_000000508312,test
lvis_000000508370,test
lvis_000000508482,test
lvis_000000508586,test
lvis_000000508602,test
lvis_000000508639,test
lvis_000000508730,test
lvis_000000508917,test
lvis_000000509008,test
lvis_000000509014,test
lvis_000000509131,test
lvis_000000509258,test
lvis_000000509260,calibration
lvis_000000509403,test
lvis_000000509451,calibration
lvis_000000509656,test
lvis_000000509699,calibration
lvis_000000509719,test
lvis_000000509735,test
lvis_000000509824,test
lvis_000000510095,test
lvis_000000510329,test
lvis_000000511076,test
lvis_000000511321,test
lvis_000000511384,test
lvis_000000511398,test
lvis_000000511453,test
lvis_000000511599,test
lvis_000000511647,test
lvis_000000511760,test
lvis_000000511999,calibration
lvis_000000512194,test
lvis_000000512248,test
lvis_000000512330,calibration
lvis_000000512403,test
lvis_000000512476,test
lvis_000000512564,test
lvis_000000512648,test
lvis_000000512657,calibration
lvis_000000512776,test
lvis_000000512836,calibration
lvis_000000512929,calibration
lvis_000000512985,test
lvis_000000513041,test
lvis_000000513181,test
lvis_000000513283,calibration
lvis_000000513484,calibration
lvis_000000513524,test
lvis_000000513567,test
lvis_000000513580,test
lvis_000000513688,calibration
lvis_000000514376,test
lvis_000000514508,calibration
lvis_000000514540,test
lvis_000000514586,test
lvis_000000514797,calibration
lvis_000000514914,test
lvis_000000514979,calibration
lvis_000000515025,calibration
lvis_000000515077,calibration
lvis_000000515266,test
lvis_000000515350,test
lvis_000000515445,test
lvis_000000515577,calibration
lvis_000000515579,test
lvis_000000515828,test
lvis_000000515982,test
lvis_000000516038,test
lvis_000000516143,test
lvis_000000516173,test
lvis_000000516316,test
lvis_000000516318,calibration
lvis_000000516601,test
lvis_000000516677,calibration
lvis_000000516708,test
lvis_000000516804,test
lvis_000000516871,test
lvis_000000516916,test
lvis_000000517056,test
lvis_000000517069,test
lvis_000000517523,test
lvis_000000517687,test
lvis_000000517832,test
lvis_000000518213,test
lvis_000000518326,test
lvis_000000518770,test
lvis_000000519039,test
lvis_000000519208,calibration
lvis_000000519338,test
lvis_000000519491,calibration
lvis_000000519522,test
lvis_000000519569,test
lvis_000000519611,test
lvis_000000519688,calibration
lvis_000000519764,calibration
lvis_000000520009,test
lvis_000000520077,test
lvis_000000520264,test
lvis_000000520301,test
lvis_000000520324,test
lvis_000000520531,test
lvis_000000520659,test
lvis_000000520707,test
lvis_000000520832,test
lvis_000000520871,test
lvis_000000520910,test
lvis_000000521052,test
lvis_000000521141,test
lvis_000000521231,test
lvis_000000521259,calibration
lvis_000000521282,test
lvis_000000521405,test
lvis_000000521509,test
lvis_000000521540,calibration
lvis_000000521601,test
lvis_000000521717,test
lvis_000000521719,test
lvis_000000521819,test
lvis_000000521956,test
lvis_000000522007,test
lvis_000000522156,test
lvis_000000522393,test
lvis_000000522638,test
lvis_000000522713,test
lvis_000000522751,test
lvis_000000522889,test
lvis_000000522940,calibration
lvis_000000523033,test
lvis_000000523100,test
lvis_000000523175,test
lvis_000000523194,test
lvis_000000523229,test
lvis_000000523241,test
lvis_000000523782,test
lvis_000000523807,test
lvis_000000523811,test
lvis_000000523957,test
lvis_000000524108,test
lvis_000000524280,calibration
lvis_000000524456,test
lvis_000000524742,test
lvis_000000524850,test
lvis_000000525083,test
lvis_000000525155,test
lvis_000000525247,test
lvis_000000525286,test
lvis_000000525322,test
lvis_000000525600,test
lvis_000000526103,test
lvis_000000526197,calibration
lvis_000000526256,test
lvis_000000526392,test
lvis_000000526706,test
lvis_000000526728,test
lvis_000000526751,calibration
lvis_000000527029,test
lvis_000000527215,test
lvis_000000527220,test
lvis_000000527427,test
lvis_000000527528,test
lvis_000000527616,test
lvis_000000527695,calibration
lvis_000000527750,test
lvis_000000527784,test
lvis_000000527960,test
lvis_000000528314,calibration
lvis_000000528399,test
lvis_000000528524,test
lvis_000000528578,test
lvis_000000528705,test
lvis_000000528862,test
lvis_000000528977,calibration
lvis_000000528980,test
lvis_000000529105,calibration
lvis_000000529122,calibration
lvis_000000529148,test
lvis_000000529528,test
lvis_000000529568,test
lvis_000000529762,test
lvis_000000529939,test
lvis_000000529966,calibration
lvis_000000530052,test
lvis_000000530061,test
lvis_000000530099,test
lvis_000000530146,calibration
lvis_000000530162,test
lvis_000000530457,test
lvis_000000530466,test
lvis_000000530470,test
lvis_000000530624,test
lvis_000000530820,test
lvis_000000530836,test
lvis_000000530854,test
lvis_000000530975,calibration
lvis_000000531036,calibration
lvis_000000531134,test
lvis_000000531135,test
lvis_000000531495,test
lvis_000000531707,test
lvis_000000531771,test
lvis_000000532058,test
lvis_000000532071,test
lvis_000000532129,test
lvis_000000532481,calibration
lvis_000000532493,test
lvis_000000532530,test
lvis_000000532575,test
lvis_000000532690,test
lvis_000000532761,test
lvis_000000532855,test
lvis_000000532901,calibration
lvis_000000533145,calibration
lvis_000000533206,test
lvis_000000533493,test
lvis_000000533536,test
lvis_000000533816,test
lvis_000000533855,test
lvis_000000533958,test
lvis_000000534041,test
lvis_000000534270,test
lvis_000000534394,test
lvis_000000534601,test
lvis_000000534605,test
lvis_000000534639,test
lvis_000000534664,test
lvis_000000534673,calibration
lvis_000000534827,test
lvis_000000535094,test
lvis_000000535156,test
lvis_000000535253,test
lvis_000000535306,test
lvis_000000535523,test
lvis_000000535578,test
lvis_000000535608,test
lvis_000000535858,calibration
lvis_000000536038,test
lvis_000000536073,test
lvis_000000536343,test
lvis_000000536947,test
lvis_000000537053,test
lvis_000000537153,test
lvis_000000537241,test
lvis_000000537270,test
lvis_000000537355,test
lvis_000000537506,test
lvis_000000537672,test
lvis_000000537802,test
lvis_000000537812,test
lvis_000000537827,test
lvis_000000537964,test
lvis_000000537991,test
lvis_000000538067,test
lvis_000000538236,test
lvis_000000538364,test
lvis_000000538458,test
lvis_000000539143,test
lvis_000000539445,test
lvis_000000539883,test
lvis_000000539962,test
lvis_000000540280,test
lvis_000000540414,calibration
lvis_000000540466,test
lvis_000000540502,test
lvis_000000540928,test
lvis_000000540932,test
lvis_000000540962,test
lvis_000000541055,test
lvis_000000541123,test
lvis_000000541291,test
lvis_000000541634,test
lvis_000000541664,test
lvis_000000541773,test
lvis_000000541952,test
lvis_000000542073,test
lvis_000000542089,test
lvis_000000542127,test
lvis_000000542423,test
lvis_000000542625,test
lvis_000000542776,test
lvis_000000542856,test
lvis_000000543043,test
lvis_000000543047,test
lvis_000000543300,calibration
lvis_000000543528,test
lvis_000000543581,calibration
lvis_000000544052,test
lvis_000000544306,test
lvis_000000544444,calibration
lvis_000000544519,test
lvis_000000544565,test
lvis_000000544605,calibration
lvis_000000544811,test
lvis_000000545007,test
lvis_000000545100,test
lvis_000000545129,test
lvis_000000545219,test
lvis_000000545407,test
lvis_000000545594,test
lvis_000000545730,calibration
lvis_000000545826,test
lvis_000000545958,test
lvis_000000546011,test
lvis_000000546219,calibration
lvis_000000546325,calibration
lvis_000000546475,test
lvis_000000546556,test
lvis_000000546626,test
lvis_000000546659,calibration
lvis_000000546717,calibration
lvis_000000546823,calibration
lvis_000000546826,test
lvis_000000546829,calibration
lvis_000000546964,test
lvis_000000546976,test
lvis_000000547144,test
lvis_000000547336,test
lvis_000000547383,test
lvis_000000547502,calibration
lvis_000000547519,test
lvis_000000547816,test
lvis_000000547854,test
lvis_000000547886,test
lvis_000000548246,calibration
lvis_000000548267,test
lvis_000000548339,test
lvis_000000548506,test
lvis_000000548524,test
lvis_000000548555,calibration
lvis_000000548780,test
lvis_000000549055,test
lvis_000000549136,test
lvis_000000549167,test
lvis_000000549220,calibration
lvis_000000549390,test
lvis_000000549674,test
lvis_000000549738,test
lvis_000000549930,test
lvis_000000550084,test
lvis_000000550322,test
lvis_000000550349,calibration
lvis_000000550426,test
lvis_000000550471,test
lvis_000000550691,test
lvis_000000550714,test
lvis_000000550797,test
lvis_000000550939,test
lvis_000000551215,test
lvis_000000551304,test
lvis_000000551350,test
lvis_000000551439,calibration
lvis_000000551660,test
lvis_000000551780,test
lvis_000000551794,test
lvis_000000551804,test
lvis_000000551815,test
lvis_000000551820,test
lvis_000000551822,test
lvis_000000552371,test
lvis_000000552612,test
lvis_000000552775,test
lvis_000000552842,test
lvis_000000552883,test
lvis_000000552902,test
lvis_000000553094,test
lvis_000000553221,calibration
lvis_000000553339,calibration
lvis_000000553511,test
lvis_000000553664,test
lvis_000000553669,test
lvis_000000553731,test
lvis_000000553776,test
lvis_000000553788,test
lvis_000000553990,test
lvis_000000554002,calibration
lvis_000000554156,test
lvis_000000554266,test
lvis_000000554291,test
lvis_000000554328,calibration
lvis_000000554579,test
lvis_000000554595,calibration
lvis_000000554735,test
lvis_000000554838,test
lvis_000000555005,test
lvis_000000555009,test
lvis_000000555012,calibration
lvis_000000555050,test
lvis_000000555412,test
lvis_000000555597,test
lvis_000000555705,test
lvis_000000555972,test
lvis_000000556000,test
lvis_000000556158,test
lvis_000000556193,test
lvis_000000556498,test
lvis_000000556765,test
lvis_000000556873,test
lvis_000000557172,test
lvis_000000557258,test
lvis_000000557501,test
lvis_000000557672,test
lvis_000000557884,test
lvis_000000557916,calibration
lvis_000000558073,test
lvis_000000558114,test
lvis_000000558213,test
lvis_000000558421,test
lvis_000000558558,test
lvis_000000558854,test
lvis_000000559099,test
lvis_000000559160,test
lvis_000000559348,calibration
lvis_000000559513,test
lvis_000000559543,test
lvis_000000559547,calibration
lvis_000000559707,test
lvis_000000559842,test
lvis_000000559956,test
lvis_000000560011,test
lvis_000000560178,test
lvis_000000560256,test
lvis_000000560266,calibration
lvis_000000560279,test
lvis_000000560312,test
lvis_000000560371,test
lvis_000000560474,calibration
lvis_000000560880,test
lvis_000000560911,test
lvis_000000561009,test
lvis_000000561223,test
lvis_000000561256,test
lvis_000000561335,calibration
lvis_000000561366,calibration
lvis_000000561465,test
lvis_000000561679,test
lvis_000000561889,test
lvis_000000561958,test
lvis_000000562059,calibration
lvis_000000562121,test
lvis_000000562197,calibration
lvis_000000562207,test
lvis_000000562229,calibration
lvis_000000562243,calibration
lvis_000000562443,test
lvis_000000562448,test
lvis_000000562561,test
lvis_000000562581,test
lvis_000000562818,test
lvis_000000562843,test
lvis_000000563267,test
lvis_000000563281,test
lvis_000000563349,test
lvis_000000563470,test
lvis_000000563603,test
lvis_000000563604,test
lvis_000000563648,test
lvis_000000563653,calibration
lvis_000000563702,test
lvis_000000563758,test
lvis_000000563882,test
lvis_000000564023,test
lvis_000000564091,test
lvis_000000564127,test
lvis_000000564133,calibration
lvis_000000564280,calibration
lvis_000000564336,test
lvis_000000565012,calibration
lvis_000000565045,test
lvis_000000565153,test
lvis_000000565391,test
lvis_000000565469,test
lvis_000000565563,test
lvis_000000565597,test
lvis_000000565607,calibration
lvis_000000565624,calibration
lvis_000000565776,test
lvis_000000565778,test
lvis_000000565853,calibration
lvis_000000565877,test
lvis_000000565962,test
lvis_000000565989,test
lvis_000000566042,test
lvis_000000566282,calibration
lvis_000000566436,test
lvis_000000566524,test
lvis_000000566758,test
lvis_000000566923,calibration
lvis_000000567011,calibration
lvis_000000567197,test
lvis_000000567432,test
lvis_000000567640,test
lvis_000000567740,test
lvis_000000567825,calibration
lvis_000000567886,test
lvis_000000567898,test
lvis_000000568147,test
lvis_000000568195,test
lvis_000000568213,calibration
lvis_000000568290,test
lvis_000000568439,test
lvis_000000568584,test
lvis_000000568690,test
lvis_000000568710,test
lvis_000000568814,test
lvis_000000568981,calibration
lvis_000000569030,calibration
lvis_000000569059,test
lvis_000000569273,test
lvis_000000569565,test
lvis_000000569700,test
lvis_000000569825,test
lvis_000000569917,test
lvis_000000569972,test
lvis_000000569976,test
lvis_000000570169,test
lvis_000000570448,test
lvis_000000570456,test
lvis_000000570471,test
lvis_000000570539,test
lvis_000000570664,test
lvis_000000570688,test
lvis_000000570736,test
lvis_000000570756,test
lvis_000000570782,calibration
lvis_000000570834,test
lvis_000000571008,calibration
lvis_000000571264,calibration
lvis_000000571313,test
lvis_000000571598,test
lvis_000000571718,test
lvis_000000571804,test
lvis_000000571857,calibration
lvis_000000571893,test
lvis_000000571943,test
lvis_000000572303,test
lvis_000000572388,test
lvis_000000572408,test
lvis_000000572462,test
lvis_000000572517,test
lvis_000000572555,test
lvis_000000572620,test
lvis_000000572678,test
lvis_000000572900,test
lvis_000000572956,calibration
lvis_000000573008,test
lvis_000000573094,calibration
lvis_000000573258,calibration
lvis_000000573391,test
lvis_000000573626,test
lvis_000000573943,test
lvis_000000574297,test
lvis_000000574315,test
lvis_000000574425,calibration
lvis_000000574520,test
lvis_000000574702,calibration
lvis_000000574810,test
lvis_000000574823,test
lvis_000000575081,test
lvis_000000575187,test
lvis_000000575205,test
lvis_000000575243,test
lvis_000000575357,calibration
lvis_000000575372,test
lvis_000000575500,test
lvis_000000575815,test
lvis_000000575970,calibration
lvis_000000576031,calibration
lvis_000000576052,test
lvis_000000576566,calibration
lvis_000000576654,test
lvis_000000576955,test
lvis_000000577149,test
lvis_000000577182,test
lvis_000000577539,calibration
lvis_000000577584,test
lvis_000000577735,calibration
lvis_000000577862,test
lvis_000000577864,test
lvis_000000577932,test
lvis_000000577959,test
lvis_000000577976,test
lvis_000000578093,test
lvis_000000578236,test
lvis_000000578489,test
lvis_000000578500,test
lvis_000000578545,test
lvis_000000578792,test
lvis_000000578871,test
lvis_000000578922,test
lvis_000000578967,calibration
lvis_000000579070,test
lvis_000000579091,calibration
lvis_000000579158,calibration
lvis_000000579307,test
lvis_000000579321,test
lvis_000000579635,calibration
lvis_000000579655,test
lvis_000000579818,test
lvis_000000579893,calibration
lvis_000000579900,test
lvis_000000579902,test
lvis_000000579970,test
lvis_000000580197,test
lvis_000000580294,test
lvis_000000580410,test
lvis_000000580418,test
lvis_000000580757,calibration
lvis_000000581062,test
lvis_000000581100,test
lvis_000000581206,test
lvis_000000581317,test
lvis_000000581357,calibration
lvis_000000581482,calibration
lvis_000000581615,test
lvis_000000581781,test
