image_id,det_id,risk_label_tp,risk_error_type
lvis_000000441468,lvis_000000441468_yw_215670,1,known_tp
lvis_000000356427,lvis_000000356427_yw_173400,1,known_tp
lvis_000000295420,lvis_000000295420_yw_144682,1,known_tp
lvis_000000103723,lvis_000000103723_yw_046354,1,known_tp
lvis_000000085772,lvis_000000085772_yw_038971,1,known_tp
lvis_000000471893,lvis_000000471893_yw_230659,1,known_tp
lvis_000000328238,lvis_000000328238_yw_159902,1,known_tp
lvis_000000273198,lvis_000000273198_yw_132014,1,known_tp
lvis_000000513524,lvis_000000513524_yw_249690,1,known_tp
lvis_000000012639,lvis_000000012639_yw_005720,1,known_tp
lvis_000000471893,lvis_000000471893_yw_230660,1,known_tp
lvis_000000359540,lvis_000000359540_yw_174783,1,known_tp
lvis_000000130599,lvis_000000130599_yw_058362,1,known_tp
lvis_000000033221,lvis_000000033221_yw_015575,1,known_tp
lvis_000000443844,lvis_000000443844_yw_217449,1,known_tp
lvis_000000133969,lvis_000000133969_yw_060982,1,known_tp
lvis_000000350405,lvis_000000350405_yw_171167,1,known_tp
lvis_000000133969,lvis_000000133969_yw_060983,1,known_tp
lvis_000000012639,lvis_000000012639_yw_005721,1,known_tp
lvis_000000359540,lvis_000000359540_yw_174784,1,known_tp
lvis_000000287347,lvis_000000287347_yw_139810,1,known_tp
lvis_000000013659,lvis_000000013659_yw_006561,1,known_tp
lvis_000000484893,lvis_000000484893_yw_236714,1,known_tp
lvis_000000012639,lvis_000000012639_yw_005722,1,known_tp
lvis_000000158744,lvis_000000158744_yw_075412,1,known_tp
lvis_000000013659,lvis_000000013659_yw_006562,1,known_tp
lvis_000000246883,lvis_000000246883_yw_120714,1,known_tp
lvis_000000414170,lvis_000000414170_yw_202275,1,known_tp
lvis_000000013659,lvis_000000013659_yw_006563,1,known_tp
lvis_000000133969,lvis_000000133969_yw_060984,1,known_tp
lvis_000000507223,lvis_000000507223_yw_246227,1,known_tp
lvis_000000085157,lvis_000000085157_yw_038605,1,known_tp
lvis_000000359540,lvis_000000359540_yw_174785,1,known_tp
lvis_000000473869,lvis_000000473869_yw_231293,1,known_tp
lvis_000000456559,lvis_000000456559_yw_222854,1,known_tp
lvis_000000458223,lvis_000000458223_yw_223705,1,known_tp
lvis_000000414170,lvis_000000414170_yw_202276,1,known_tp
lvis_000000004134,lvis_000000004134_yw_001820,1,known_tp
lvis_000000212573,lvis_000000212573_yw_103604,1,known_tp
lvis_000000227482,lvis_000000227482_yw_111809,1,known_tp
lvis_000000009448,lvis_000000009448_yw_004439,1,known_tp
lvis_000000414510,lvis_000000414510_yw_202402,1,known_tp
lvis_000000212573,lvis_000000212573_yw_103605,1,known_tp
lvis_000000441468,lvis_000000441468_yw_215671,1,known_tp
lvis_000000275392,lvis_000000275392_yw_133207,1,known_tp
lvis_000000310072,lvis_000000310072_yw_152757,1,known_tp
lvis_000000152120,lvis_000000152120_yw_071784,1,known_tp
lvis_000000414510,lvis_000000414510_yw_202403,1,known_tp
lvis_000000273198,lvis_000000273198_yw_132015,1,known_tp
lvis_000000310072,lvis_000000310072_yw_152758,1,known_tp
lvis_000000414510,lvis_000000414510_yw_202404,1,known_tp
lvis_000000212573,lvis_000000212573_yw_103606,1,known_tp
lvis_000000152120,lvis_000000152120_yw_071785,1,known_tp
lvis_000000080153,lvis_000000080153_yw_035755,1,known_tp
lvis_000000356612,lvis_000000356612_yw_173649,1,known_tp
lvis_000000191288,lvis_000000191288_yw_093639,1,known_tp
lvis_000000080153,lvis_000000080153_yw_035756,1,known_tp
lvis_000000085157,lvis_000000085157_yw_038606,1,known_tp
lvis_000000191288,lvis_000000191288_yw_093640,1,known_tp
lvis_000000507223,lvis_000000507223_yw_246228,1,known_tp
lvis_000000246883,lvis_000000246883_yw_120715,1,known_tp
lvis_000000356612,lvis_000000356612_yw_173650,1,known_tp
lvis_000000094185,lvis_000000094185_yw_042165,1,known_tp
lvis_000000297595,lvis_000000297595_yw_146523,1,known_tp
lvis_000000275392,lvis_000000275392_yw_133208,1,known_tp
lvis_000000183437,lvis_000000183437_yw_088897,1,known_tp
lvis_000000212573,lvis_000000212573_yw_103607,1,known_tp
lvis_000000471789,lvis_000000471789_yw_230608,1,known_tp
lvis_000000404128,lvis_000000404128_yw_196756,1,known_tp
lvis_000000359540,lvis_000000359540_yw_174786,1,known_tp
lvis_000000183437,lvis_000000183437_yw_088898,1,known_tp
lvis_000000295420,lvis_000000295420_yw_144683,1,known_tp
lvis_000000133969,lvis_000000133969_yw_060985,1,known_tp
lvis_000000484893,lvis_000000484893_yw_236715,0,wrong_known_class_or_duplicate
lvis_000000133969,lvis_000000133969_yw_060986,1,known_tp
lvis_000000135673,lvis_000000135673_yw_062052,1,known_tp
lvis_000000214703,lvis_000000214703_yw_105329,1,known_tp
lvis_000000270908,lvis_000000270908_yw_131399,1,known_tp
lvis_000000004134,lvis_000000004134_yw_001821,1,known_tp
lvis_000000376625,lvis_000000376625_yw_183819,1,known_tp
lvis_000000356612,lvis_000000356612_yw_173651,1,known_tp
lvis_000000211825,lvis_000000211825_yw_103227,1,known_tp
lvis_000000546717,lvis_000000546717_yw_264919,1,known_tp
lvis_000000085157,lvis_000000085157_yw_038607,1,known_tp
lvis_000000356612,lvis_000000356612_yw_173652,1,known_tp
lvis_000000033221,lvis_000000033221_yw_015576,1,known_tp
lvis_000000414170,lvis_000000414170_yw_202277,1,known_tp
lvis_000000183437,lvis_000000183437_yw_088899,1,known_tp
lvis_000000356612,lvis_000000356612_yw_173653,1,known_tp
lvis_000000085157,lvis_000000085157_yw_038608,1,known_tp
lvis_000000204871,lvis_000000204871_yw_099656,1,known_tp
lvis_000000471789,lvis_000000471789_yw_230609,1,known_tp
lvis_000000133969,lvis_000000133969_yw_060988,1,known_tp
lvis_000000507223,lvis_000000507223_yw_246229,1,known_tp
lvis_000000414510,lvis_000000414510_yw_202405,1,known_tp
lvis_000000350405,lvis_000000350405_yw_171168,1,known_tp
lvis_000000356612,lvis_000000356612_yw_173654,1,known_tp
lvis_000000528980,lvis_000000528980_yw_256195,1,known_tp
lvis_000000012639,lvis_000000012639_yw_005723,1,known_tp
lvis_000000033221,lvis_000000033221_yw_015577,1,known_tp
lvis_000000273198,lvis_000000273198_yw_132016,1,known_tp
lvis_000000471893,lvis_000000471893_yw_230661,1,known_tp
lvis_000000133969,lvis_000000133969_yw_060989,1,known_tp
lvis_000000528980,lvis_000000528980_yw_256196,1,known_tp
lvis_000000528980,lvis_000000528980_yw_256197,1,known_tp
lvis_000000052413,lvis_000000052413_yw_022674,1,known_tp
lvis_000000033221,lvis_000000033221_yw_015578,1,known_tp
lvis_000000356612,lvis_000000356612_yw_173655,1,known_tp
lvis_000000387098,lvis_000000387098_yw_189888,0,background_false_accept
lvis_000000356612,lvis_000000356612_yw_173656,1,known_tp
lvis_000000514586,lvis_000000514586_yw_250179,1,known_tp
lvis_000000133969,lvis_000000133969_yw_060990,1,known_tp
lvis_000000164883,lvis_000000164883_yw_078588,1,known_tp
lvis_000000012639,lvis_000000012639_yw_005724,1,known_tp
lvis_000000443844,lvis_000000443844_yw_217450,1,known_tp
lvis_000000376625,lvis_000000376625_yw_183820,0,wrong_known_class_or_duplicate
lvis_000000484893,lvis_000000484893_yw_236716,1,known_tp
lvis_000000295420,lvis_000000295420_yw_144684,1,known_tp
lvis_000000356612,lvis_000000356612_yw_173657,1,known_tp
lvis_000000204871,lvis_000000204871_yw_099657,1,known_tp
lvis_000000012639,lvis_000000012639_yw_005725,0,background_false_accept
lvis_000000376625,lvis_000000376625_yw_183821,1,known_tp
lvis_000000103723,lvis_000000103723_yw_046355,0,background_false_accept
lvis_000000212573,lvis_000000212573_yw_103608,1,known_tp
lvis_000000039670,lvis_000000039670_yw_018111,1,known_tp
lvis_000000012639,lvis_000000012639_yw_005726,0,background_false_accept
lvis_000000471789,lvis_000000471789_yw_230610,1,known_tp
lvis_000000471789,lvis_000000471789_yw_230611,1,known_tp
lvis_000000376625,lvis_000000376625_yw_183822,1,known_tp
lvis_000000441468,lvis_000000441468_yw_215672,1,known_tp
lvis_000000033221,lvis_000000033221_yw_015579,1,known_tp
lvis_000000012639,lvis_000000012639_yw_005727,0,background_false_accept
lvis_000000376625,lvis_000000376625_yw_183823,1,known_tp
lvis_000000441468,lvis_000000441468_yw_215673,1,known_tp
lvis_000000329041,lvis_000000329041_yw_160331,1,known_tp
lvis_000000484893,lvis_000000484893_yw_236717,1,known_tp
lvis_000000471789,lvis_000000471789_yw_230612,1,known_tp
lvis_000000158744,lvis_000000158744_yw_075413,1,known_tp
lvis_000000328238,lvis_000000328238_yw_159903,1,known_tp
lvis_000000013659,lvis_000000013659_yw_006564,1,known_tp
lvis_000000414510,lvis_000000414510_yw_202406,1,known_tp
lvis_000000211825,lvis_000000211825_yw_103228,1,known_tp
lvis_000000441468,lvis_000000441468_yw_215674,0,background_false_accept
lvis_000000506178,lvis_000000506178_yw_245365,1,known_tp
lvis_000000310072,lvis_000000310072_yw_152759,1,known_tp
lvis_000000204871,lvis_000000204871_yw_099658,1,known_tp
lvis_000000295420,lvis_000000295420_yw_144685,0,background_false_accept
lvis_000000204871,lvis_000000204871_yw_099659,1,known_tp
lvis_000000414510,lvis_000000414510_yw_202407,1,known_tp
lvis_000000458223,lvis_000000458223_yw_223706,1,known_tp
lvis_000000183437,lvis_000000183437_yw_088900,0,background_false_accept
lvis_000000033221,lvis_000000033221_yw_015580,1,known_tp
lvis_000000310072,lvis_000000310072_yw_152760,1,known_tp
lvis_000000323571,lvis_000000323571_yw_158107,1,known_tp
lvis_000000329041,lvis_000000329041_yw_160332,1,known_tp
lvis_000000356612,lvis_000000356612_yw_173658,1,known_tp
lvis_000000295420,lvis_000000295420_yw_144686,1,known_tp
lvis_000000204871,lvis_000000204871_yw_099660,1,known_tp
lvis_000000414510,lvis_000000414510_yw_202408,0,wrong_known_class_or_duplicate
lvis_000000328238,lvis_000000328238_yw_159904,1,known_tp
lvis_000000157601,lvis_000000157601_yw_074842,1,known_tp
lvis_000000133969,lvis_000000133969_yw_060991,1,known_tp
lvis_000000273198,lvis_000000273198_yw_132017,1,known_tp
lvis_000000484893,lvis_000000484893_yw_236718,1,known_tp
lvis_000000183437,lvis_000000183437_yw_088901,1,known_tp
lvis_000000486438,lvis_000000486438_yw_237393,1,known_tp
lvis_000000441468,lvis_000000441468_yw_215675,1,known_tp
lvis_000000414510,lvis_000000414510_yw_202409,1,known_tp
lvis_000000471789,lvis_000000471789_yw_230613,1,known_tp
lvis_000000471789,lvis_000000471789_yw_230614,0,background_false_accept
lvis_000000194216,lvis_000000194216_yw_095239,0,unknown_false_accept
lvis_000000212573,lvis_000000212573_yw_103609,1,known_tp
lvis_000000012639,lvis_000000012639_yw_005728,1,known_tp
lvis_000000356612,lvis_000000356612_yw_173659,0,background_false_accept
lvis_000000471789,lvis_000000471789_yw_230615,1,known_tp
lvis_000000356612,lvis_000000356612_yw_173660,1,known_tp
lvis_000000214703,lvis_000000214703_yw_105330,1,known_tp
lvis_000000004134,lvis_000000004134_yw_001826,1,known_tp
lvis_000000004134,lvis_000000004134_yw_001827,1,known_tp
lvis_000000323571,lvis_000000323571_yw_158108,1,known_tp
lvis_000000507223,lvis_000000507223_yw_246230,1,known_tp
lvis_000000270908,lvis_000000270908_yw_131400,0,wrong_known_class_or_duplicate
lvis_000000212573,lvis_000000212573_yw_103610,1,known_tp
lvis_000000012639,lvis_000000012639_yw_005729,1,known_tp
lvis_000000393115,lvis_000000393115_yw_192217,1,known_tp
lvis_000000158744,lvis_000000158744_yw_075414,1,known_tp
lvis_000000180878,lvis_000000180878_yw_086809,1,known_tp
lvis_000000158744,lvis_000000158744_yw_075415,1,known_tp
lvis_000000194216,lvis_000000194216_yw_095240,0,unknown_false_accept
lvis_000000135673,lvis_000000135673_yw_062053,1,known_tp
lvis_000000012639,lvis_000000012639_yw_005730,0,wrong_known_class_or_duplicate
lvis_000000012639,lvis_000000012639_yw_005731,1,known_tp
lvis_000000094185,lvis_000000094185_yw_042166,0,unknown_false_accept
lvis_000000514586,lvis_000000514586_yw_250180,1,known_tp
lvis_000000507223,lvis_000000507223_yw_246231,1,known_tp
lvis_000000376625,lvis_000000376625_yw_183824,1,known_tp
lvis_000000441468,lvis_000000441468_yw_215676,1,known_tp
lvis_000000012639,lvis_000000012639_yw_005732,1,known_tp
lvis_000000356612,lvis_000000356612_yw_173661,1,known_tp
lvis_000000033221,lvis_000000033221_yw_015582,1,known_tp
lvis_000000012639,lvis_000000012639_yw_005733,1,known_tp
lvis_000000133969,lvis_000000133969_yw_060992,1,known_tp
lvis_000000052413,lvis_000000052413_yw_022675,0,background_false_accept
lvis_000000471789,lvis_000000471789_yw_230616,0,background_false_accept
lvis_000000471789,lvis_000000471789_yw_230617,1,known_tp
lvis_000000376625,lvis_000000376625_yw_183825,1,known_tp
lvis_000000529568,lvis_000000529568_yw_256542,0,background_false_accept
lvis_000000133969,lvis_000000133969_yw_060993,0,background_false_accept
lvis_000000376625,lvis_000000376625_yw_183826,0,background_false_accept
lvis_000000441468,lvis_000000441468_yw_215677,1,known_tp
lvis_000000376625,lvis_000000376625_yw_183827,1,known_tp
lvis_000000356612,lvis_000000356612_yw_173662,0,background_false_accept
lvis_000000356612,lvis_000000356612_yw_173663,1,known_tp
lvis_000000194216,lvis_000000194216_yw_095241,0,unknown_false_accept
lvis_000000356612,lvis_000000356612_yw_173664,0,background_false_accept
lvis_000000325114,lvis_000000325114_yw_158820,0,background_false_accept
lvis_000000310072,lvis_000000310072_yw_152761,1,known_tp
lvis_000000471789,lvis_000000471789_yw_230618,1,known_tp
lvis_000000414510,lvis_000000414510_yw_202410,1,known_tp
lvis_000000521405,lvis_000000521405_yw_253419,0,background_false_accept
lvis_000000528980,lvis_000000528980_yw_256198,1,known_tp
lvis_000000033221,lvis_000000033221_yw_015583,1,known_tp
lvis_000000052413,lvis_000000052413_yw_022676,0,wrong_known_class_or_duplicate
lvis_000000133969,lvis_000000133969_yw_060995,1,known_tp
lvis_000000300842,lvis_000000300842_yw_147223,0,background_false_accept
lvis_000000441468,lvis_000000441468_yw_215678,1,known_tp
lvis_000000414510,lvis_000000414510_yw_202411,0,background_false_accept
lvis_000000529568,lvis_000000529568_yw_256543,0,background_false_accept
lvis_000000312278,lvis_000000312278_yw_153765,0,unknown_false_accept
lvis_000000012639,lvis_000000012639_yw_005734,0,background_false_accept
lvis_000000323571,lvis_000000323571_yw_158109,0,background_false_accept
lvis_000000012639,lvis_000000012639_yw_005735,0,background_false_accept
lvis_000000471789,lvis_000000471789_yw_230619,1,known_tp
lvis_000000507223,lvis_000000507223_yw_246232,1,known_tp
lvis_000000458223,lvis_000000458223_yw_223707,1,known_tp
lvis_000000323202,lvis_000000323202_yw_157922,0,unknown_false_accept
lvis_000000521405,lvis_000000521405_yw_253420,0,unknown_false_accept
lvis_000000376625,lvis_000000376625_yw_183828,1,known_tp
lvis_000000300842,lvis_000000300842_yw_147224,0,background_false_accept
lvis_000000158744,lvis_000000158744_yw_075416,0,background_false_accept
lvis_000000528980,lvis_000000528980_yw_256199,1,known_tp
lvis_000000033221,lvis_000000033221_yw_015585,1,known_tp
lvis_000000033221,lvis_000000033221_yw_015586,1,known_tp
lvis_000000441468,lvis_000000441468_yw_215679,1,known_tp
lvis_000000012639,lvis_000000012639_yw_005736,0,background_false_accept
lvis_000000471789,lvis_000000471789_yw_230620,1,known_tp
lvis_000000441468,lvis_000000441468_yw_215680,0,background_false_accept
lvis_000000183437,lvis_000000183437_yw_088902,0,background_false_accept
lvis_000000359540,lvis_000000359540_yw_174787,0,background_false_accept
lvis_000000356612,lvis_000000356612_yw_173666,1,known_tp
lvis_000000295420,lvis_000000295420_yw_144687,1,known_tp
lvis_000000328238,lvis_000000328238_yw_159905,1,known_tp
lvis_000000012639,lvis_000000012639_yw_005737,1,known_tp
lvis_000000295420,lvis_000000295420_yw_144688,0,wrong_known_class_or_duplicate
lvis_000000328238,lvis_000000328238_yw_159906,1,known_tp
lvis_000000329041,lvis_000000329041_yw_160333,1,known_tp
lvis_000000356612,lvis_000000356612_yw_173667,0,background_false_accept
lvis_000000441468,lvis_000000441468_yw_215681,0,background_false_accept
lvis_000000039670,lvis_000000039670_yw_018113,0,background_false_accept
lvis_000000441468,lvis_000000441468_yw_215682,1,known_tp
lvis_000000012639,lvis_000000012639_yw_005739,0,background_false_accept
lvis_000000212573,lvis_000000212573_yw_103611,0,background_false_accept
lvis_000000514586,lvis_000000514586_yw_250182,1,known_tp
lvis_000000204871,lvis_000000204871_yw_099661,1,known_tp
lvis_000000376625,lvis_000000376625_yw_183829,1,known_tp
lvis_000000133969,lvis_000000133969_yw_060997,0,background_false_accept
lvis_000000079837,lvis_000000079837_yw_035294,0,background_false_accept
lvis_000000328238,lvis_000000328238_yw_159907,0,background_false_accept
lvis_000000528980,lvis_000000528980_yw_256200,0,background_false_accept
lvis_000000323571,lvis_000000323571_yw_158110,1,known_tp
lvis_000000033221,lvis_000000033221_yw_015587,1,known_tp
lvis_000000514586,lvis_000000514586_yw_250183,1,known_tp
lvis_000000484893,lvis_000000484893_yw_236719,0,background_false_accept
lvis_000000471789,lvis_000000471789_yw_230621,0,background_false_accept
lvis_000000514586,lvis_000000514586_yw_250184,0,wrong_known_class_or_duplicate
lvis_000000033221,lvis_000000033221_yw_015588,0,background_false_accept
lvis_000000273198,lvis_000000273198_yw_132018,1,known_tp
lvis_000000328238,lvis_000000328238_yw_159909,0,background_false_accept
lvis_000000245173,lvis_000000245173_yw_120101,1,known_tp
lvis_000000407943,lvis_000000407943_yw_198378,0,unknown_false_accept
lvis_000000528980,lvis_000000528980_yw_256201,1,known_tp
lvis_000000356612,lvis_000000356612_yw_173669,0,background_false_accept
lvis_000000484893,lvis_000000484893_yw_236720,1,known_tp
lvis_000000441468,lvis_000000441468_yw_215683,0,background_false_accept
lvis_000000204871,lvis_000000204871_yw_099662,1,known_tp
lvis_000000528980,lvis_000000528980_yw_256202,0,background_false_accept
lvis_000000376625,lvis_000000376625_yw_183830,1,known_tp
lvis_000000033221,lvis_000000033221_yw_015589,0,wrong_known_class_or_duplicate
lvis_000000528980,lvis_000000528980_yw_256203,0,background_false_accept
lvis_000000323571,lvis_000000323571_yw_158111,1,known_tp
lvis_000000441468,lvis_000000441468_yw_215684,0,background_false_accept
lvis_000000079837,lvis_000000079837_yw_035295,1,known_tp
lvis_000000012639,lvis_000000012639_yw_005740,1,known_tp
lvis_000000393115,lvis_000000393115_yw_192218,0,unknown_false_accept
lvis_000000158744,lvis_000000158744_yw_075417,0,background_false_accept
lvis_000000204871,lvis_000000204871_yw_099663,1,known_tp
lvis_000000191288,lvis_000000191288_yw_093641,0,background_false_accept
lvis_000000356612,lvis_000000356612_yw_173670,0,wrong_known_class_or_duplicate
lvis_000000407943,lvis_000000407943_yw_198379,0,background_false_accept
lvis_000000004134,lvis_000000004134_yw_001835,0,background_false_accept
lvis_000000323571,lvis_000000323571_yw_158112,0,background_false_accept
lvis_000000441468,lvis_000000441468_yw_215685,0,background_false_accept
lvis_000000376625,lvis_000000376625_yw_183831,0,background_false_accept
lvis_000000212573,lvis_000000212573_yw_103612,1,known_tp
lvis_000000360393,lvis_000000360393_yw_175290,0,background_false_accept
lvis_000000427649,lvis_000000427649_yw_208494,1,known_tp
lvis_000000328238,lvis_000000328238_yw_159910,0,background_false_accept
lvis_000000204871,lvis_000000204871_yw_099664,0,background_false_accept
lvis_000000376625,lvis_000000376625_yw_183832,0,background_false_accept
lvis_000000012639,lvis_000000012639_yw_005741,0,background_false_accept
lvis_000000329041,lvis_000000329041_yw_160334,0,wrong_known_class_or_duplicate
lvis_000000312278,lvis_000000312278_yw_153766,0,background_false_accept
lvis_000000323571,lvis_000000323571_yw_158113,1,known_tp
lvis_000000323571,lvis_000000323571_yw_158114,0,background_false_accept
lvis_000000183437,lvis_000000183437_yw_088903,0,background_false_accept
lvis_000000528980,lvis_000000528980_yw_256204,1,known_tp
lvis_000000204871,lvis_000000204871_yw_099665,0,background_false_accept
lvis_000000414510,lvis_000000414510_yw_202413,0,background_false_accept
lvis_000000245173,lvis_000000245173_yw_120102,1,known_tp
lvis_000000033221,lvis_000000033221_yw_015590,0,background_false_accept
lvis_000000133969,lvis_000000133969_yw_060999,0,background_false_accept
lvis_000000079837,lvis_000000079837_yw_035296,1,known_tp
lvis_000000245173,lvis_000000245173_yw_120103,0,background_false_accept
lvis_000000158744,lvis_000000158744_yw_075420,1,known_tp
lvis_000000103723,lvis_000000103723_yw_046361,0,background_false_accept
lvis_000000183437,lvis_000000183437_yw_088905,0,background_false_accept
lvis_000000079837,lvis_000000079837_yw_035297,0,background_false_accept
lvis_000000212573,lvis_000000212573_yw_103613,1,known_tp
lvis_000000012639,lvis_000000012639_yw_005743,0,background_false_accept
lvis_000000004134,lvis_000000004134_yw_001838,1,known_tp
lvis_000000458223,lvis_000000458223_yw_223708,0,background_false_accept
lvis_000000204871,lvis_000000204871_yw_099666,0,background_false_accept
lvis_000000376625,lvis_000000376625_yw_183833,0,background_false_accept
lvis_000000158744,lvis_000000158744_yw_075421,0,background_false_accept
lvis_000000356612,lvis_000000356612_yw_173671,1,known_tp
lvis_000000484893,lvis_000000484893_yw_236721,0,background_false_accept
lvis_000000079837,lvis_000000079837_yw_035298,1,known_tp
lvis_000000484893,lvis_000000484893_yw_236722,1,known_tp
lvis_000000356612,lvis_000000356612_yw_173672,0,background_false_accept
lvis_000000246883,lvis_000000246883_yw_120716,0,unknown_false_accept
lvis_000000246883,lvis_000000246883_yw_120717,0,background_false_accept
lvis_000000441468,lvis_000000441468_yw_215686,0,background_false_accept
lvis_000000273198,lvis_000000273198_yw_132020,0,background_false_accept
lvis_000000157601,lvis_000000157601_yw_074843,0,background_false_accept
lvis_000000287347,lvis_000000287347_yw_139812,0,background_false_accept
lvis_000000431727,lvis_000000431727_yw_210600,0,unknown_false_accept
lvis_000000194216,lvis_000000194216_yw_095242,0,background_false_accept
lvis_000000212573,lvis_000000212573_yw_103614,0,background_false_accept
lvis_000000506178,lvis_000000506178_yw_245366,0,background_false_accept
lvis_000000094185,lvis_000000094185_yw_042168,0,unknown_false_accept
lvis_000000376625,lvis_000000376625_yw_183834,0,unknown_false_accept
lvis_000000414510,lvis_000000414510_yw_202414,0,background_false_accept
lvis_000000033221,lvis_000000033221_yw_015592,1,known_tp
lvis_000000485424,lvis_000000485424_yw_236950,0,background_false_accept
lvis_000000323571,lvis_000000323571_yw_158115,0,background_false_accept
lvis_000000441468,lvis_000000441468_yw_215687,0,wrong_known_class_or_duplicate
lvis_000000013659,lvis_000000013659_yw_006565,1,known_tp
lvis_000000356612,lvis_000000356612_yw_173673,1,known_tp
lvis_000000127624,lvis_000000127624_yw_056822,0,background_false_accept
lvis_000000204871,lvis_000000204871_yw_099668,0,background_false_accept
lvis_000000246883,lvis_000000246883_yw_120718,0,background_false_accept
lvis_000000458223,lvis_000000458223_yw_223709,0,background_false_accept
lvis_000000133969,lvis_000000133969_yw_061001,0,background_false_accept
lvis_000000183437,lvis_000000183437_yw_088907,0,unknown_false_accept
lvis_000000079837,lvis_000000079837_yw_035299,0,background_false_accept
lvis_000000328238,lvis_000000328238_yw_159916,0,background_false_accept
lvis_000000212573,lvis_000000212573_yw_103615,0,background_false_accept
lvis_000000441468,lvis_000000441468_yw_215688,1,known_tp
lvis_000000393115,lvis_000000393115_yw_192221,0,background_false_accept
lvis_000000546717,lvis_000000546717_yw_264920,0,wrong_known_class_or_duplicate
lvis_000000312278,lvis_000000312278_yw_153767,0,background_false_accept
lvis_000000546717,lvis_000000546717_yw_264921,0,unknown_false_accept
lvis_000000052413,lvis_000000052413_yw_022682,0,background_false_accept
lvis_000000431727,lvis_000000431727_yw_210601,0,unknown_false_accept
lvis_000000079837,lvis_000000079837_yw_035300,0,background_false_accept
lvis_000000127624,lvis_000000127624_yw_056824,0,background_false_accept
lvis_000000414510,lvis_000000414510_yw_202415,0,background_false_accept
lvis_000000393115,lvis_000000393115_yw_192222,0,background_false_accept
lvis_000000506178,lvis_000000506178_yw_245369,0,background_false_accept
lvis_000000127624,lvis_000000127624_yw_056825,0,background_false_accept
lvis_000000348012,lvis_000000348012_yw_169795,0,unknown_false_accept
lvis_000000431727,lvis_000000431727_yw_210602,0,unknown_false_accept
lvis_000000130599,lvis_000000130599_yw_058363,0,background_false_accept
lvis_000000127624,lvis_000000127624_yw_056826,1,known_tp
lvis_000000328238,lvis_000000328238_yw_159920,0,unknown_false_accept
lvis_000000212573,lvis_000000212573_yw_103616,1,known_tp
lvis_000000376625,lvis_000000376625_yw_183837,0,background_false_accept
lvis_000000127624,lvis_000000127624_yw_056827,0,background_false_accept
lvis_000000094185,lvis_000000094185_yw_042169,0,unknown_false_accept
lvis_000000012639,lvis_000000012639_yw_005745,0,background_false_accept
lvis_000000376625,lvis_000000376625_yw_183839,0,background_false_accept
lvis_000000012639,lvis_000000012639_yw_005746,0,background_false_accept
lvis_000000458223,lvis_000000458223_yw_223711,0,background_false_accept
lvis_000000133969,lvis_000000133969_yw_061005,0,background_false_accept
lvis_000000164883,lvis_000000164883_yw_078590,0,unknown_false_accept
lvis_000000471789,lvis_000000471789_yw_230623,0,wrong_known_class_or_duplicate
lvis_000000376625,lvis_000000376625_yw_183840,1,known_tp
lvis_000000133969,lvis_000000133969_yw_061006,0,background_false_accept
lvis_000000328238,lvis_000000328238_yw_159922,0,background_false_accept
lvis_000000506178,lvis_000000506178_yw_245370,0,background_false_accept
lvis_000000033221,lvis_000000033221_yw_015593,0,background_false_accept
lvis_000000507223,lvis_000000507223_yw_246235,0,background_false_accept
lvis_000000414510,lvis_000000414510_yw_202416,0,background_false_accept
lvis_000000441468,lvis_000000441468_yw_215691,0,background_false_accept
lvis_000000471893,lvis_000000471893_yw_230664,0,background_false_accept
lvis_000000414510,lvis_000000414510_yw_202417,0,background_false_accept
lvis_000000194216,lvis_000000194216_yw_095243,0,background_false_accept
lvis_000000387098,lvis_000000387098_yw_189889,0,background_false_accept
lvis_000000133969,lvis_000000133969_yw_061009,0,background_false_accept
lvis_000000094185,lvis_000000094185_yw_042170,0,background_false_accept
lvis_000000485424,lvis_000000485424_yw_236951,0,background_false_accept
lvis_000000328238,lvis_000000328238_yw_159923,0,unknown_false_accept
lvis_000000529568,lvis_000000529568_yw_256545,0,background_false_accept
lvis_000000212573,lvis_000000212573_yw_103617,0,background_false_accept
lvis_000000091654,lvis_000000091654_yw_041406,0,background_false_accept
lvis_000000245173,lvis_000000245173_yw_120106,0,background_false_accept
lvis_000000079837,lvis_000000079837_yw_035301,0,background_false_accept
lvis_000000529568,lvis_000000529568_yw_256546,0,unknown_false_accept
lvis_000000484893,lvis_000000484893_yw_236725,0,background_false_accept
lvis_000000052413,lvis_000000052413_yw_022684,0,background_false_accept
lvis_000000033221,lvis_000000033221_yw_015594,0,background_false_accept
lvis_000000507223,lvis_000000507223_yw_246236,0,background_false_accept
lvis_000000204871,lvis_000000204871_yw_099670,0,wrong_known_class_or_duplicate
lvis_000000052413,lvis_000000052413_yw_022685,0,background_false_accept
lvis_000000407943,lvis_000000407943_yw_198382,1,known_tp
lvis_000000414510,lvis_000000414510_yw_202418,0,background_false_accept
lvis_000000183437,lvis_000000183437_yw_088911,0,unknown_false_accept
lvis_000000471893,lvis_000000471893_yw_230665,0,unknown_false_accept
lvis_000000130599,lvis_000000130599_yw_058364,0,background_false_accept
lvis_000000157601,lvis_000000157601_yw_074845,0,background_false_accept
lvis_000000246883,lvis_000000246883_yw_120719,0,unknown_false_accept
lvis_000000484893,lvis_000000484893_yw_236726,0,wrong_known_class_or_duplicate
lvis_000000387098,lvis_000000387098_yw_189890,0,background_false_accept
lvis_000000360393,lvis_000000360393_yw_175293,0,background_false_accept
lvis_000000245915,lvis_000000245915_yw_120480,0,unknown_false_accept
lvis_000000484893,lvis_000000484893_yw_236727,0,background_false_accept
lvis_000000273198,lvis_000000273198_yw_132021,0,background_false_accept
lvis_000000245915,lvis_000000245915_yw_120481,0,unknown_false_accept
lvis_000000514586,lvis_000000514586_yw_250187,0,background_false_accept
lvis_000000393115,lvis_000000393115_yw_192224,0,unknown_false_accept
lvis_000000133969,lvis_000000133969_yw_061011,0,background_false_accept
lvis_000000328238,lvis_000000328238_yw_159928,0,background_false_accept
lvis_000000376625,lvis_000000376625_yw_183842,0,background_false_accept
lvis_000000033221,lvis_000000033221_yw_015596,0,background_false_accept
lvis_000000310072,lvis_000000310072_yw_152763,0,background_false_accept
lvis_000000376625,lvis_000000376625_yw_183843,0,background_false_accept
lvis_000000133969,lvis_000000133969_yw_061012,0,background_false_accept
lvis_000000441468,lvis_000000441468_yw_215695,0,background_false_accept
lvis_000000158744,lvis_000000158744_yw_075424,0,background_false_accept
lvis_000000506279,lvis_000000506279_yw_245414,0,background_false_accept
lvis_000000127624,lvis_000000127624_yw_056829,0,background_false_accept
lvis_000000323571,lvis_000000323571_yw_158119,0,background_false_accept
lvis_000000427649,lvis_000000427649_yw_208495,0,background_false_accept
lvis_000000079837,lvis_000000079837_yw_035305,0,background_false_accept
lvis_000000079837,lvis_000000079837_yw_035306,0,background_false_accept
lvis_000000529568,lvis_000000529568_yw_256547,0,background_false_accept
lvis_000000158744,lvis_000000158744_yw_075425,0,background_false_accept
lvis_000000310072,lvis_000000310072_yw_152764,0,background_false_accept
lvis_000000484893,lvis_000000484893_yw_236728,0,background_false_accept
lvis_000000245915,lvis_000000245915_yw_120482,0,unknown_false_accept
lvis_000000393115,lvis_000000393115_yw_192226,0,unknown_false_accept
lvis_000000441468,lvis_000000441468_yw_215697,0,background_false_accept
lvis_000000191288,lvis_000000191288_yw_093645,0,background_false_accept
lvis_000000079837,lvis_000000079837_yw_035307,0,background_false_accept
lvis_000000183437,lvis_000000183437_yw_088914,0,background_false_accept
lvis_000000528980,lvis_000000528980_yw_256209,0,wrong_known_class_or_duplicate
lvis_000000204871,lvis_000000204871_yw_099672,0,background_false_accept
lvis_000000507223,lvis_000000507223_yw_246240,0,background_false_accept
lvis_000000348012,lvis_000000348012_yw_169796,0,background_false_accept
lvis_000000443844,lvis_000000443844_yw_217451,0,background_false_accept
lvis_000000245915,lvis_000000245915_yw_120483,0,unknown_false_accept
lvis_000000245173,lvis_000000245173_yw_120108,0,background_false_accept
lvis_000000185802,lvis_000000185802_yw_090409,0,unknown_false_accept
lvis_000000245915,lvis_000000245915_yw_120484,0,unknown_false_accept
lvis_000000414510,lvis_000000414510_yw_202421,0,background_false_accept
lvis_000000310072,lvis_000000310072_yw_152765,0,background_false_accept
lvis_000000393115,lvis_000000393115_yw_192227,0,unknown_false_accept
lvis_000000484893,lvis_000000484893_yw_236729,0,wrong_known_class_or_duplicate
lvis_000000356612,lvis_000000356612_yw_173679,0,background_false_accept
lvis_000000376625,lvis_000000376625_yw_183844,0,background_false_accept
lvis_000000127624,lvis_000000127624_yw_056833,0,background_false_accept
lvis_000000158744,lvis_000000158744_yw_075426,0,background_false_accept
lvis_000000212573,lvis_000000212573_yw_103620,0,background_false_accept
lvis_000000528980,lvis_000000528980_yw_256210,0,background_false_accept
lvis_000000158744,lvis_000000158744_yw_075427,0,background_false_accept
lvis_000000528980,lvis_000000528980_yw_256211,0,background_false_accept
lvis_000000471893,lvis_000000471893_yw_230670,0,background_false_accept
lvis_000000356612,lvis_000000356612_yw_173680,0,background_false_accept
lvis_000000158744,lvis_000000158744_yw_075428,0,background_false_accept
lvis_000000079837,lvis_000000079837_yw_035308,1,known_tp
lvis_000000245915,lvis_000000245915_yw_120485,0,unknown_false_accept
lvis_000000079837,lvis_000000079837_yw_035309,0,background_false_accept
lvis_000000528980,lvis_000000528980_yw_256212,0,background_false_accept
lvis_000000094185,lvis_000000094185_yw_042171,0,background_false_accept
lvis_000000485424,lvis_000000485424_yw_236952,0,background_false_accept
lvis_000000329041,lvis_000000329041_yw_160337,0,background_false_accept
lvis_000000360393,lvis_000000360393_yw_175294,0,background_false_accept
lvis_000000376625,lvis_000000376625_yw_183845,0,unknown_false_accept
lvis_000000133969,lvis_000000133969_yw_061017,0,background_false_accept
lvis_000000245915,lvis_000000245915_yw_120486,0,unknown_false_accept
lvis_000000091654,lvis_000000091654_yw_041407,0,background_false_accept
lvis_000000359540,lvis_000000359540_yw_174790,0,background_false_accept
lvis_000000212573,lvis_000000212573_yw_103621,0,background_false_accept
lvis_000000052413,lvis_000000052413_yw_022688,0,wrong_known_class_or_duplicate
lvis_000000079837,lvis_000000079837_yw_035310,0,background_false_accept
lvis_000000183104,lvis_000000183104_yw_088399,0,unknown_false_accept
lvis_000000328238,lvis_000000328238_yw_159929,0,background_false_accept
lvis_000000329041,lvis_000000329041_yw_160339,0,unknown_false_accept
lvis_000000528980,lvis_000000528980_yw_256214,0,unknown_false_accept
lvis_000000191288,lvis_000000191288_yw_093647,0,background_false_accept
lvis_000000039670,lvis_000000039670_yw_018114,0,background_false_accept
lvis_000000514586,lvis_000000514586_yw_250190,0,background_false_accept
lvis_000000204871,lvis_000000204871_yw_099673,0,background_false_accept
lvis_000000393115,lvis_000000393115_yw_192228,0,background_false_accept
lvis_000000183437,lvis_000000183437_yw_088916,0,background_false_accept
lvis_000000212573,lvis_000000212573_yw_103622,0,background_false_accept
lvis_000000183437,lvis_000000183437_yw_088917,0,background_false_accept
lvis_000000079837,lvis_000000079837_yw_035311,0,background_false_accept
lvis_000000471789,lvis_000000471789_yw_230625,0,unknown_false_accept
lvis_000000273198,lvis_000000273198_yw_132024,0,background_false_accept
lvis_000000033221,lvis_000000033221_yw_015599,0,background_false_accept
lvis_000000094185,lvis_000000094185_yw_042172,0,background_false_accept
lvis_000000052413,lvis_000000052413_yw_022689,0,background_false_accept
lvis_000000079837,lvis_000000079837_yw_035313,0,background_false_accept
lvis_000000328238,lvis_000000328238_yw_159932,0,background_false_accept
lvis_000000183437,lvis_000000183437_yw_088918,0,background_false_accept
lvis_000000033221,lvis_000000033221_yw_015600,0,background_false_accept
lvis_000000212573,lvis_000000212573_yw_103624,0,background_false_accept
lvis_000000204871,lvis_000000204871_yw_099674,0,background_false_accept
lvis_000000212573,lvis_000000212573_yw_103625,0,background_false_accept
lvis_000000359540,lvis_000000359540_yw_174791,0,background_false_accept
lvis_000000245915,lvis_000000245915_yw_120487,0,unknown_false_accept
lvis_000000359540,lvis_000000359540_yw_174792,0,background_false_accept
lvis_000000158744,lvis_000000158744_yw_075429,0,background_false_accept
lvis_000000212573,lvis_000000212573_yw_103626,0,background_false_accept
lvis_000000094185,lvis_000000094185_yw_042173,0,background_false_accept
lvis_000000471893,lvis_000000471893_yw_230672,0,unknown_false_accept
lvis_000000183437,lvis_000000183437_yw_088919,0,wrong_known_class_or_duplicate
lvis_000000158744,lvis_000000158744_yw_075431,0,background_false_accept
lvis_000000441468,lvis_000000441468_yw_215699,0,background_false_accept
lvis_000000183437,lvis_000000183437_yw_088920,0,background_false_accept
lvis_000000133969,lvis_000000133969_yw_061021,0,background_false_accept
lvis_000000348012,lvis_000000348012_yw_169797,0,background_false_accept
lvis_000000212573,lvis_000000212573_yw_103628,0,background_false_accept
lvis_000000157601,lvis_000000157601_yw_074848,0,background_false_accept
lvis_000000012639,lvis_000000012639_yw_005754,0,background_false_accept
lvis_000000528980,lvis_000000528980_yw_256216,0,background_false_accept
lvis_000000183437,lvis_000000183437_yw_088921,0,unknown_false_accept
lvis_000000528980,lvis_000000528980_yw_256217,0,background_false_accept
lvis_000000328238,lvis_000000328238_yw_159934,0,background_false_accept
lvis_000000444275,lvis_000000444275_yw_217645,0,background_false_accept
lvis_000000079837,lvis_000000079837_yw_035316,0,background_false_accept
lvis_000000052413,lvis_000000052413_yw_022692,0,wrong_known_class_or_duplicate
lvis_000000212573,lvis_000000212573_yw_103630,0,background_false_accept
lvis_000000482970,lvis_000000482970_yw_236125,0,background_false_accept
lvis_000000127624,lvis_000000127624_yw_056835,0,background_false_accept
lvis_000000376625,lvis_000000376625_yw_183848,0,background_false_accept
lvis_000000514586,lvis_000000514586_yw_250193,0,background_false_accept
lvis_000000012639,lvis_000000012639_yw_005755,0,background_false_accept
lvis_000000183437,lvis_000000183437_yw_088922,0,background_false_accept
lvis_000000458223,lvis_000000458223_yw_223712,0,background_false_accept
lvis_000000376625,lvis_000000376625_yw_183849,0,background_false_accept
lvis_000000158744,lvis_000000158744_yw_075432,0,background_false_accept
lvis_000000052413,lvis_000000052413_yw_022694,0,background_false_accept
lvis_000000079837,lvis_000000079837_yw_035317,0,background_false_accept
lvis_000000441468,lvis_000000441468_yw_215700,0,background_false_accept
lvis_000000507223,lvis_000000507223_yw_246245,0,background_false_accept
lvis_000000356612,lvis_000000356612_yw_173682,0,wrong_known_class_or_duplicate
lvis_000000183437,lvis_000000183437_yw_088923,0,background_false_accept
lvis_000000245173,lvis_000000245173_yw_120111,0,wrong_known_class_or_duplicate
lvis_000000133969,lvis_000000133969_yw_061023,0,background_false_accept
lvis_000000507223,lvis_000000507223_yw_246246,0,background_false_accept
lvis_000000214703,lvis_000000214703_yw_105331,0,background_false_accept
lvis_000000012639,lvis_000000012639_yw_005756,0,background_false_accept
lvis_000000212573,lvis_000000212573_yw_103632,0,background_false_accept
lvis_000000094185,lvis_000000094185_yw_042175,0,background_false_accept
lvis_000000079837,lvis_000000079837_yw_035318,0,background_false_accept
lvis_000000528980,lvis_000000528980_yw_256220,0,background_false_accept
lvis_000000484893,lvis_000000484893_yw_236732,0,wrong_known_class_or_duplicate
lvis_000000033221,lvis_000000033221_yw_015603,0,background_false_accept
lvis_000000185802,lvis_000000185802_yw_090411,0,unknown_false_accept
lvis_000000183437,lvis_000000183437_yw_088925,0,background_false_accept
lvis_000000245915,lvis_000000245915_yw_120488,0,unknown_false_accept
lvis_000000414510,lvis_000000414510_yw_202424,0,background_false_accept
lvis_000000323571,lvis_000000323571_yw_158122,0,background_false_accept
lvis_000000484893,lvis_000000484893_yw_236733,0,wrong_known_class_or_duplicate
lvis_000000133969,lvis_000000133969_yw_061024,0,background_false_accept
lvis_000000013659,lvis_000000013659_yw_006566,0,background_false_accept
lvis_000000094185,lvis_000000094185_yw_042176,0,background_false_accept
lvis_000000348012,lvis_000000348012_yw_169798,0,unknown_false_accept
lvis_000000212573,lvis_000000212573_yw_103633,0,background_false_accept
lvis_000000528980,lvis_000000528980_yw_256224,0,background_false_accept
lvis_000000033221,lvis_000000033221_yw_015604,0,background_false_accept
lvis_000000183437,lvis_000000183437_yw_088926,0,background_false_accept
lvis_000000486438,lvis_000000486438_yw_237396,0,background_false_accept
lvis_000000356612,lvis_000000356612_yw_173685,0,background_false_accept
lvis_000000103723,lvis_000000103723_yw_046374,0,background_false_accept
lvis_000000245915,lvis_000000245915_yw_120489,0,unknown_false_accept
lvis_000000094185,lvis_000000094185_yw_042177,0,background_false_accept
lvis_000000212573,lvis_000000212573_yw_103634,0,background_false_accept
lvis_000000245915,lvis_000000245915_yw_120490,0,unknown_false_accept
lvis_000000441468,lvis_000000441468_yw_215702,0,background_false_accept
lvis_000000360393,lvis_000000360393_yw_175299,0,background_false_accept
lvis_000000158744,lvis_000000158744_yw_075433,0,background_false_accept
lvis_000000329041,lvis_000000329041_yw_160342,0,background_false_accept
lvis_000000013659,lvis_000000013659_yw_006567,0,unknown_false_accept
lvis_000000158744,lvis_000000158744_yw_075434,0,background_false_accept
lvis_000000127624,lvis_000000127624_yw_056836,0,background_false_accept
lvis_000000507223,lvis_000000507223_yw_246252,0,background_false_accept
lvis_000000356612,lvis_000000356612_yw_173687,0,background_false_accept
lvis_000000444275,lvis_000000444275_yw_217646,0,background_false_accept
lvis_000000507223,lvis_000000507223_yw_246253,0,background_false_accept
lvis_000000157138,lvis_000000157138_yw_074727,0,background_false_accept
lvis_000000441468,lvis_000000441468_yw_215704,0,background_false_accept
lvis_000000183104,lvis_000000183104_yw_088400,0,unknown_false_accept
lvis_000000484893,lvis_000000484893_yw_236737,0,background_false_accept
lvis_000000507223,lvis_000000507223_yw_246254,0,background_false_accept
lvis_000000310072,lvis_000000310072_yw_152766,0,background_false_accept
lvis_000000443844,lvis_000000443844_yw_217452,0,background_false_accept
lvis_000000325114,lvis_000000325114_yw_158821,0,unknown_false_accept
lvis_000000356612,lvis_000000356612_yw_173688,0,background_false_accept
lvis_000000312278,lvis_000000312278_yw_153772,0,unknown_false_accept
lvis_000000356427,lvis_000000356427_yw_173402,0,background_false_accept
lvis_000000183104,lvis_000000183104_yw_088401,0,unknown_false_accept
lvis_000000133969,lvis_000000133969_yw_061029,0,background_false_accept
lvis_000000094185,lvis_000000094185_yw_042178,0,background_false_accept
lvis_000000079837,lvis_000000079837_yw_035319,0,background_false_accept
lvis_000000013659,lvis_000000013659_yw_006568,0,background_false_accept
lvis_000000393115,lvis_000000393115_yw_192229,0,unknown_false_accept
lvis_000000245915,lvis_000000245915_yw_120491,0,unknown_false_accept
lvis_000000133969,lvis_000000133969_yw_061031,0,background_false_accept
lvis_000000323571,lvis_000000323571_yw_158123,0,background_false_accept
lvis_000000507223,lvis_000000507223_yw_246255,0,background_false_accept
lvis_000000348012,lvis_000000348012_yw_169799,0,background_false_accept
lvis_000000103723,lvis_000000103723_yw_046375,0,unknown_false_accept
lvis_000000183437,lvis_000000183437_yw_088929,0,unknown_false_accept
lvis_000000185802,lvis_000000185802_yw_090412,0,background_false_accept
lvis_000000212573,lvis_000000212573_yw_103639,0,background_false_accept
lvis_000000133969,lvis_000000133969_yw_061032,0,background_false_accept
lvis_000000079837,lvis_000000079837_yw_035320,0,background_false_accept
lvis_000000528980,lvis_000000528980_yw_256225,0,background_false_accept
lvis_000000245915,lvis_000000245915_yw_120492,0,unknown_false_accept
lvis_000000079837,lvis_000000079837_yw_035321,0,background_false_accept
lvis_000000079837,lvis_000000079837_yw_035322,0,background_false_accept
lvis_000000507223,lvis_000000507223_yw_246258,0,background_false_accept
lvis_000000180878,lvis_000000180878_yw_086810,0,unknown_false_accept
lvis_000000507223,lvis_000000507223_yw_246259,0,background_false_accept
lvis_000000329041,lvis_000000329041_yw_160346,0,background_false_accept
lvis_000000133969,lvis_000000133969_yw_061034,0,background_false_accept
lvis_000000331317,lvis_000000331317_yw_161467,1,known_tp
lvis_000000441468,lvis_000000441468_yw_215705,0,background_false_accept
lvis_000000310072,lvis_000000310072_yw_152767,0,background_false_accept
lvis_000000094185,lvis_000000094185_yw_042179,0,background_false_accept
lvis_000000094185,lvis_000000094185_yw_042180,0,unknown_false_accept
lvis_000000079837,lvis_000000079837_yw_035324,0,background_false_accept
lvis_000000507223,lvis_000000507223_yw_246263,0,background_false_accept
lvis_000000204871,lvis_000000204871_yw_099677,0,background_false_accept
lvis_000000348012,lvis_000000348012_yw_169800,0,background_false_accept
lvis_000000085157,lvis_000000085157_yw_038619,0,background_false_accept
lvis_000000130599,lvis_000000130599_yw_058365,0,background_false_accept
lvis_000000094185,lvis_000000094185_yw_042181,0,unknown_false_accept
lvis_000000212573,lvis_000000212573_yw_103642,0,background_false_accept
lvis_000000471893,lvis_000000471893_yw_230674,0,background_false_accept
lvis_000000270908,lvis_000000270908_yw_131401,0,unknown_false_accept
lvis_000000012639,lvis_000000012639_yw_005761,0,background_false_accept
lvis_000000204871,lvis_000000204871_yw_099678,0,background_false_accept
lvis_000000431727,lvis_000000431727_yw_210604,0,background_false_accept
lvis_000000245915,lvis_000000245915_yw_120493,0,unknown_false_accept
lvis_000000356612,lvis_000000356612_yw_173690,0,background_false_accept
lvis_000000094185,lvis_000000094185_yw_042183,0,background_false_accept
lvis_000000004134,lvis_000000004134_yw_001865,0,background_false_accept
lvis_000000079837,lvis_000000079837_yw_035325,0,background_false_accept
lvis_000000039670,lvis_000000039670_yw_018115,0,background_false_accept
lvis_000000329041,lvis_000000329041_yw_160349,0,background_false_accept
lvis_000000458223,lvis_000000458223_yw_223714,0,background_false_accept
lvis_000000297595,lvis_000000297595_yw_146524,0,unknown_false_accept
lvis_000000507223,lvis_000000507223_yw_246267,0,background_false_accept
lvis_000000359540,lvis_000000359540_yw_174794,0,wrong_known_class_or_duplicate
lvis_000000471893,lvis_000000471893_yw_230676,0,background_false_accept
lvis_000000183437,lvis_000000183437_yw_088932,0,background_false_accept
lvis_000000407943,lvis_000000407943_yw_198385,0,background_false_accept
lvis_000000273198,lvis_000000273198_yw_132025,0,background_false_accept
lvis_000000012639,lvis_000000012639_yw_005763,0,background_false_accept
lvis_000000507223,lvis_000000507223_yw_246270,0,background_false_accept
lvis_000000079837,lvis_000000079837_yw_035326,0,background_false_accept
lvis_000000212573,lvis_000000212573_yw_103644,0,background_false_accept
lvis_000000033221,lvis_000000033221_yw_015609,0,background_false_accept
lvis_000000376625,lvis_000000376625_yw_183854,0,background_false_accept
lvis_000000414510,lvis_000000414510_yw_202430,0,background_false_accept
lvis_000000204871,lvis_000000204871_yw_099679,0,wrong_known_class_or_duplicate
lvis_000000227482,lvis_000000227482_yw_111810,0,background_false_accept
lvis_000000441468,lvis_000000441468_yw_215707,0,background_false_accept
lvis_000000356612,lvis_000000356612_yw_173692,0,background_false_accept
lvis_000000513524,lvis_000000513524_yw_249691,0,unknown_false_accept
lvis_000000094185,lvis_000000094185_yw_042185,0,unknown_false_accept
lvis_000000103723,lvis_000000103723_yw_046377,0,background_false_accept
lvis_000000312278,lvis_000000312278_yw_153773,0,background_false_accept
lvis_000000359540,lvis_000000359540_yw_174795,0,background_false_accept
lvis_000000183437,lvis_000000183437_yw_088933,0,background_false_accept
lvis_000000328238,lvis_000000328238_yw_159939,0,background_false_accept
lvis_000000471789,lvis_000000471789_yw_230626,0,wrong_known_class_or_duplicate
lvis_000000514586,lvis_000000514586_yw_250200,0,background_false_accept
lvis_000000360393,lvis_000000360393_yw_175300,0,background_false_accept
lvis_000000484893,lvis_000000484893_yw_236741,0,wrong_known_class_or_duplicate
lvis_000000183437,lvis_000000183437_yw_088935,0,background_false_accept
lvis_000000212573,lvis_000000212573_yw_103645,0,background_false_accept
lvis_000000204871,lvis_000000204871_yw_099682,0,background_false_accept
lvis_000000329041,lvis_000000329041_yw_160352,0,background_false_accept
lvis_000000204871,lvis_000000204871_yw_099683,0,background_false_accept
lvis_000000441468,lvis_000000441468_yw_215708,0,background_false_accept
lvis_000000127624,lvis_000000127624_yw_056838,0,background_false_accept
lvis_000000130599,lvis_000000130599_yw_058366,0,background_false_accept
lvis_000000295420,lvis_000000295420_yw_144689,0,background_false_accept
lvis_000000245173,lvis_000000245173_yw_120114,0,background_false_accept
lvis_000000376625,lvis_000000376625_yw_183855,0,unknown_false_accept
lvis_000000356612,lvis_000000356612_yw_173694,1,known_tp
lvis_000000528980,lvis_000000528980_yw_256229,0,background_false_accept
lvis_000000300842,lvis_000000300842_yw_147227,0,unknown_false_accept
lvis_000000427649,lvis_000000427649_yw_208497,0,background_false_accept
lvis_000000127624,lvis_000000127624_yw_056839,0,background_false_accept
lvis_000000094185,lvis_000000094185_yw_042188,0,background_false_accept
lvis_000000528980,lvis_000000528980_yw_256230,0,background_false_accept
lvis_000000441468,lvis_000000441468_yw_215709,0,background_false_accept
lvis_000000079837,lvis_000000079837_yw_035329,0,background_false_accept
lvis_000000376625,lvis_000000376625_yw_183857,1,known_tp
lvis_000000103723,lvis_000000103723_yw_046378,0,unknown_false_accept
lvis_000000212573,lvis_000000212573_yw_103647,1,known_tp
lvis_000000185802,lvis_000000185802_yw_090415,0,unknown_false_accept
lvis_000000528980,lvis_000000528980_yw_256233,0,background_false_accept
lvis_000000204871,lvis_000000204871_yw_099685,0,background_false_accept
lvis_000000318114,lvis_000000318114_yw_155681,0,unknown_false_accept
lvis_000000376625,lvis_000000376625_yw_183858,0,background_false_accept
lvis_000000094185,lvis_000000094185_yw_042191,0,unknown_false_accept
lvis_000000485424,lvis_000000485424_yw_236953,0,unknown_false_accept
lvis_000000359540,lvis_000000359540_yw_174796,1,known_tp
lvis_000000273198,lvis_000000273198_yw_132026,0,background_false_accept
lvis_000000009448,lvis_000000009448_yw_004440,0,background_false_accept
lvis_000000348012,lvis_000000348012_yw_169801,0,unknown_false_accept
lvis_000000012639,lvis_000000012639_yw_005770,0,background_false_accept
lvis_000000212573,lvis_000000212573_yw_103648,0,background_false_accept
lvis_000000407943,lvis_000000407943_yw_198386,0,background_false_accept
lvis_000000356612,lvis_000000356612_yw_173697,0,background_false_accept
lvis_000000484893,lvis_000000484893_yw_236744,0,background_false_accept
lvis_000000183437,lvis_000000183437_yw_088937,0,background_false_accept
lvis_000000273198,lvis_000000273198_yw_132027,0,background_false_accept
lvis_000000012639,lvis_000000012639_yw_005773,0,background_false_accept
lvis_000000441468,lvis_000000441468_yw_215712,0,background_false_accept
lvis_000000414510,lvis_000000414510_yw_202434,0,background_false_accept
lvis_000000507223,lvis_000000507223_yw_246280,0,background_false_accept
lvis_000000204871,lvis_000000204871_yw_099689,0,wrong_known_class_or_duplicate
lvis_000000183437,lvis_000000183437_yw_088938,0,background_false_accept
lvis_000000376625,lvis_000000376625_yw_183860,0,background_false_accept
lvis_000000376625,lvis_000000376625_yw_183861,0,background_false_accept
lvis_000000085157,lvis_000000085157_yw_038621,0,unknown_false_accept
lvis_000000183437,lvis_000000183437_yw_088940,0,background_false_accept
lvis_000000328238,lvis_000000328238_yw_159945,0,background_false_accept
lvis_000000471893,lvis_000000471893_yw_230679,0,unknown_false_accept
lvis_000000471789,lvis_000000471789_yw_230627,0,background_false_accept
lvis_000000507223,lvis_000000507223_yw_246282,0,background_false_accept
lvis_000000507223,lvis_000000507223_yw_246283,0,background_false_accept
lvis_000000328238,lvis_000000328238_yw_159946,0,background_false_accept
lvis_000000376625,lvis_000000376625_yw_183862,0,background_false_accept
lvis_000000127624,lvis_000000127624_yw_056844,0,background_false_accept
lvis_000000094185,lvis_000000094185_yw_042192,0,unknown_false_accept
lvis_000000507223,lvis_000000507223_yw_246285,0,background_false_accept
lvis_000000356612,lvis_000000356612_yw_173702,0,background_false_accept
lvis_000000012639,lvis_000000012639_yw_005774,0,background_false_accept
lvis_000000431727,lvis_000000431727_yw_210607,0,background_false_accept
lvis_000000300842,lvis_000000300842_yw_147228,0,unknown_false_accept
lvis_000000441468,lvis_000000441468_yw_215713,0,background_false_accept
lvis_000000183437,lvis_000000183437_yw_088942,0,background_false_accept
lvis_000000441468,lvis_000000441468_yw_215714,0,background_false_accept
lvis_000000514586,lvis_000000514586_yw_250205,0,wrong_known_class_or_duplicate
lvis_000000130599,lvis_000000130599_yw_058368,0,background_false_accept
lvis_000000393115,lvis_000000393115_yw_192231,0,background_false_accept
lvis_000000441468,lvis_000000441468_yw_215715,0,background_false_accept
lvis_000000183437,lvis_000000183437_yw_088943,0,background_false_accept
lvis_000000211825,lvis_000000211825_yw_103230,0,background_false_accept
lvis_000000012639,lvis_000000012639_yw_005775,0,background_false_accept
lvis_000000359219,lvis_000000359219_yw_174775,0,unknown_false_accept
lvis_000000312278,lvis_000000312278_yw_153774,0,background_false_accept
lvis_000000441468,lvis_000000441468_yw_215716,0,background_false_accept
lvis_000000158744,lvis_000000158744_yw_075442,0,background_false_accept
lvis_000000528980,lvis_000000528980_yw_256235,0,background_false_accept
lvis_000000273198,lvis_000000273198_yw_132029,0,background_false_accept
lvis_000000312278,lvis_000000312278_yw_153775,0,background_false_accept
lvis_000000528980,lvis_000000528980_yw_256236,0,background_false_accept
lvis_000000127624,lvis_000000127624_yw_056846,0,background_false_accept
lvis_000000430286,lvis_000000430286_yw_210434,0,background_false_accept
lvis_000000273198,lvis_000000273198_yw_132030,0,background_false_accept
lvis_000000158744,lvis_000000158744_yw_075443,0,background_false_accept
lvis_000000528980,lvis_000000528980_yw_256237,0,background_false_accept
lvis_000000360393,lvis_000000360393_yw_175304,0,background_false_accept
lvis_000000356612,lvis_000000356612_yw_173704,0,background_false_accept
lvis_000000133969,lvis_000000133969_yw_061062,0,background_false_accept
lvis_000000507223,lvis_000000507223_yw_246290,0,background_false_accept
lvis_000000158744,lvis_000000158744_yw_075444,0,background_false_accept
lvis_000000295420,lvis_000000295420_yw_144690,0,background_false_accept
lvis_000000183437,lvis_000000183437_yw_088946,0,background_false_accept
lvis_000000458223,lvis_000000458223_yw_223715,0,background_false_accept
lvis_000000295420,lvis_000000295420_yw_144691,0,background_false_accept
lvis_000000331317,lvis_000000331317_yw_161468,0,background_false_accept
lvis_000000079837,lvis_000000079837_yw_035336,0,background_false_accept
lvis_000000133969,lvis_000000133969_yw_061066,0,background_false_accept
lvis_000000430286,lvis_000000430286_yw_210435,0,unknown_false_accept
lvis_000000360393,lvis_000000360393_yw_175305,0,background_false_accept
lvis_000000328238,lvis_000000328238_yw_159950,0,background_false_accept
lvis_000000204871,lvis_000000204871_yw_099692,0,background_false_accept
lvis_000000094185,lvis_000000094185_yw_042193,0,background_false_accept
lvis_000000356612,lvis_000000356612_yw_173707,0,background_false_accept
lvis_000000528980,lvis_000000528980_yw_256239,0,background_false_accept
lvis_000000033221,lvis_000000033221_yw_015612,0,background_false_accept
lvis_000000414510,lvis_000000414510_yw_202436,0,background_false_accept
lvis_000000130599,lvis_000000130599_yw_058370,0,background_false_accept
lvis_000000211825,lvis_000000211825_yw_103231,0,background_false_accept
lvis_000000273198,lvis_000000273198_yw_132032,0,background_false_accept
lvis_000000444275,lvis_000000444275_yw_217647,0,background_false_accept
lvis_000000033221,lvis_000000033221_yw_015613,0,background_false_accept
lvis_000000094185,lvis_000000094185_yw_042194,0,background_false_accept
lvis_000000507223,lvis_000000507223_yw_246295,0,background_false_accept
lvis_000000245915,lvis_000000245915_yw_120494,0,unknown_false_accept
lvis_000000012639,lvis_000000012639_yw_005777,0,background_false_accept
lvis_000000245173,lvis_000000245173_yw_120116,0,background_false_accept
lvis_000000012639,lvis_000000012639_yw_005778,0,background_false_accept
lvis_000000484893,lvis_000000484893_yw_236748,0,background_false_accept
lvis_000000528980,lvis_000000528980_yw_256240,0,background_false_accept
lvis_000000180878,lvis_000000180878_yw_086811,0,background_false_accept
lvis_000000245173,lvis_000000245173_yw_120117,0,background_false_accept
lvis_000000356612,lvis_000000356612_yw_173710,0,background_false_accept
lvis_000000133969,lvis_000000133969_yw_061068,0,background_false_accept
lvis_000000012639,lvis_000000012639_yw_005779,0,background_false_accept
lvis_000000529568,lvis_000000529568_yw_256550,0,background_false_accept
lvis_000000039670,lvis_000000039670_yw_018118,0,background_false_accept
lvis_000000528980,lvis_000000528980_yw_256241,0,wrong_known_class_or_duplicate
lvis_000000376625,lvis_000000376625_yw_183867,0,background_false_accept
lvis_000000356427,lvis_000000356427_yw_173403,0,background_false_accept
lvis_000000013659,lvis_000000013659_yw_006569,0,unknown_false_accept
lvis_000000295420,lvis_000000295420_yw_144692,0,background_false_accept
lvis_000000456559,lvis_000000456559_yw_222856,0,background_false_accept
lvis_000000441468,lvis_000000441468_yw_215717,0,background_false_accept
lvis_000000158744,lvis_000000158744_yw_075447,0,background_false_accept
lvis_000000191288,lvis_000000191288_yw_093656,0,background_false_accept
lvis_000000245915,lvis_000000245915_yw_120495,0,unknown_false_accept
lvis_000000191288,lvis_000000191288_yw_093657,0,background_false_accept
lvis_000000127624,lvis_000000127624_yw_056849,0,background_false_accept
lvis_000000312278,lvis_000000312278_yw_153776,0,background_false_accept
lvis_000000528980,lvis_000000528980_yw_256243,0,background_false_accept
lvis_000000085576,lvis_000000085576_yw_038778,0,unknown_false_accept
lvis_000000507223,lvis_000000507223_yw_246298,0,background_false_accept
lvis_000000325114,lvis_000000325114_yw_158822,0,unknown_false_accept
lvis_000000052413,lvis_000000052413_yw_022705,0,background_false_accept
lvis_000000506279,lvis_000000506279_yw_245415,0,background_false_accept
lvis_000000441468,lvis_000000441468_yw_215718,0,background_false_accept
lvis_000000191288,lvis_000000191288_yw_093658,0,background_false_accept
lvis_000000387098,lvis_000000387098_yw_189892,0,background_false_accept
lvis_000000310072,lvis_000000310072_yw_152770,0,background_false_accept
lvis_000000430286,lvis_000000430286_yw_210436,0,unknown_false_accept
lvis_000000323571,lvis_000000323571_yw_158130,0,background_false_accept
lvis_000000204871,lvis_000000204871_yw_099694,0,background_false_accept
lvis_000000331317,lvis_000000331317_yw_161469,0,background_false_accept
lvis_000000356612,lvis_000000356612_yw_173715,0,background_false_accept
lvis_000000133969,lvis_000000133969_yw_061071,0,background_false_accept
lvis_000000183437,lvis_000000183437_yw_088948,0,background_false_accept
lvis_000000507223,lvis_000000507223_yw_246302,0,background_false_accept
lvis_000000328238,lvis_000000328238_yw_159952,0,background_false_accept
lvis_000000548506,lvis_000000548506_yw_265925,0,unknown_false_accept
lvis_000000133969,lvis_000000133969_yw_061072,0,background_false_accept
lvis_000000085576,lvis_000000085576_yw_038779,0,background_false_accept
lvis_000000414510,lvis_000000414510_yw_202438,0,background_false_accept
lvis_000000528980,lvis_000000528980_yw_256245,0,background_false_accept
lvis_000000094185,lvis_000000094185_yw_042195,0,background_false_accept
lvis_000000133969,lvis_000000133969_yw_061073,0,background_false_accept
lvis_000000441468,lvis_000000441468_yw_215720,0,background_false_accept
lvis_000000318114,lvis_000000318114_yw_155682,0,unknown_false_accept
lvis_000000091654,lvis_000000091654_yw_041411,0,unknown_false_accept
lvis_000000183437,lvis_000000183437_yw_088950,0,background_false_accept
lvis_000000431727,lvis_000000431727_yw_210608,0,background_false_accept
lvis_000000310072,lvis_000000310072_yw_152771,0,background_false_accept
lvis_000000471789,lvis_000000471789_yw_230628,0,background_false_accept
lvis_000000441468,lvis_000000441468_yw_215721,0,background_false_accept
lvis_000000004134,lvis_000000004134_yw_001889,0,unknown_false_accept
lvis_000000158744,lvis_000000158744_yw_075449,0,background_false_accept
lvis_000000012639,lvis_000000012639_yw_005784,0,background_false_accept
lvis_000000471789,lvis_000000471789_yw_230629,0,background_false_accept
lvis_000000407943,lvis_000000407943_yw_198388,0,background_false_accept
lvis_000000079837,lvis_000000079837_yw_035338,0,background_false_accept
lvis_000000323202,lvis_000000323202_yw_157926,0,unknown_false_accept
lvis_000000185802,lvis_000000185802_yw_090420,0,unknown_false_accept
lvis_000000507223,lvis_000000507223_yw_246306,0,background_false_accept
lvis_000000356612,lvis_000000356612_yw_173720,0,background_false_accept
lvis_000000245915,lvis_000000245915_yw_120496,0,unknown_false_accept
lvis_000000376625,lvis_000000376625_yw_183870,0,background_false_accept
lvis_000000039670,lvis_000000039670_yw_018119,0,background_false_accept
lvis_000000441468,lvis_000000441468_yw_215722,0,background_false_accept
lvis_000000158744,lvis_000000158744_yw_075450,0,background_false_accept
lvis_000000376625,lvis_000000376625_yw_183871,0,background_false_accept
lvis_000000328238,lvis_000000328238_yw_159956,0,background_false_accept
lvis_000000079837,lvis_000000079837_yw_035339,0,background_false_accept
lvis_000000528980,lvis_000000528980_yw_256246,0,background_false_accept
lvis_000000295420,lvis_000000295420_yw_144694,0,background_false_accept
lvis_000000393115,lvis_000000393115_yw_192234,0,unknown_false_accept
lvis_000000094185,lvis_000000094185_yw_042197,0,background_false_accept
lvis_000000095786,lvis_000000095786_yw_042672,0,unknown_false_accept
lvis_000000212573,lvis_000000212573_yw_103659,0,background_false_accept
lvis_000000356612,lvis_000000356612_yw_173723,0,background_false_accept
lvis_000000528980,lvis_000000528980_yw_256248,0,wrong_known_class_or_duplicate
lvis_000000356612,lvis_000000356612_yw_173724,0,background_false_accept
lvis_000000407943,lvis_000000407943_yw_198389,0,background_false_accept
lvis_000000094185,lvis_000000094185_yw_042198,0,unknown_false_accept
lvis_000000356612,lvis_000000356612_yw_173725,0,background_false_accept
lvis_000000085576,lvis_000000085576_yw_038780,0,unknown_false_accept
lvis_000000310072,lvis_000000310072_yw_152772,0,background_false_accept
lvis_000000079837,lvis_000000079837_yw_035340,0,background_false_accept
lvis_000000528980,lvis_000000528980_yw_256250,0,background_false_accept
lvis_000000094185,lvis_000000094185_yw_042200,0,background_false_accept
lvis_000000158744,lvis_000000158744_yw_075451,0,background_false_accept
lvis_000000376625,lvis_000000376625_yw_183872,0,background_false_accept
lvis_000000356612,lvis_000000356612_yw_173727,0,background_false_accept
lvis_000000323571,lvis_000000323571_yw_158131,0,background_false_accept
lvis_000000376625,lvis_000000376625_yw_183873,0,background_false_accept
lvis_000000323571,lvis_000000323571_yw_158132,0,background_false_accept
lvis_000000356612,lvis_000000356612_yw_173728,0,background_false_accept
lvis_000000103723,lvis_000000103723_yw_046380,0,background_false_accept
lvis_000000183437,lvis_000000183437_yw_088953,0,background_false_accept
lvis_000000079837,lvis_000000079837_yw_035342,0,background_false_accept
lvis_000000013659,lvis_000000013659_yw_006571,0,background_false_accept
lvis_000000212573,lvis_000000212573_yw_103661,0,background_false_accept
lvis_000000295420,lvis_000000295420_yw_144695,0,background_false_accept
lvis_000000212573,lvis_000000212573_yw_103662,0,background_false_accept
lvis_000000427649,lvis_000000427649_yw_208499,0,background_false_accept
lvis_000000507223,lvis_000000507223_yw_246314,0,background_false_accept
lvis_000000414510,lvis_000000414510_yw_202440,0,wrong_known_class_or_duplicate
lvis_000000039670,lvis_000000039670_yw_018123,0,background_false_accept
lvis_000000356612,lvis_000000356612_yw_173731,0,background_false_accept
lvis_000000183437,lvis_000000183437_yw_088954,0,background_false_accept
lvis_000000133969,lvis_000000133969_yw_061083,0,background_false_accept
lvis_000000103723,lvis_000000103723_yw_046381,0,background_false_accept
lvis_000000506178,lvis_000000506178_yw_245376,0,background_false_accept
lvis_000000204871,lvis_000000204871_yw_099695,0,background_false_accept
lvis_000000414510,lvis_000000414510_yw_202441,0,background_false_accept
lvis_000000133969,lvis_000000133969_yw_061084,0,background_false_accept
lvis_000000356612,lvis_000000356612_yw_173733,0,background_false_accept
lvis_000000356612,lvis_000000356612_yw_173734,0,background_false_accept
lvis_000000441468,lvis_000000441468_yw_215726,0,background_false_accept
lvis_000000183437,lvis_000000183437_yw_088955,0,background_false_accept
lvis_000000443844,lvis_000000443844_yw_217455,0,background_false_accept
lvis_000000130599,lvis_000000130599_yw_058373,0,wrong_known_class_or_duplicate
lvis_000000157138,lvis_000000157138_yw_074728,0,background_false_accept
lvis_000000013659,lvis_000000013659_yw_006572,0,background_false_accept
lvis_000000359219,lvis_000000359219_yw_174777,0,unknown_false_accept
lvis_000000295420,lvis_000000295420_yw_144696,0,background_false_accept
lvis_000000183437,lvis_000000183437_yw_088957,0,background_false_accept
lvis_000000094185,lvis_000000094185_yw_042202,0,unknown_false_accept
lvis_000000482970,lvis_000000482970_yw_236126,0,background_false_accept
lvis_000000482970,lvis_000000482970_yw_236127,0,unknown_false_accept
lvis_000000441468,lvis_000000441468_yw_215727,0,background_false_accept
lvis_000000312278,lvis_000000312278_yw_153777,0,background_false_accept
lvis_000000009448,lvis_000000009448_yw_004441,0,background_false_accept
lvis_000000376625,lvis_000000376625_yw_183875,0,background_false_accept
lvis_000000506178,lvis_000000506178_yw_245377,0,background_false_accept
lvis_000000376625,lvis_000000376625_yw_183876,0,background_false_accept
lvis_000000157601,lvis_000000157601_yw_074850,0,unknown_false_accept
lvis_000000135673,lvis_000000135673_yw_062054,0,background_false_accept
lvis_000000331317,lvis_000000331317_yw_161470,0,background_false_accept
lvis_000000414510,lvis_000000414510_yw_202442,0,background_false_accept
lvis_000000158744,lvis_000000158744_yw_075455,0,background_false_accept
lvis_000000328238,lvis_000000328238_yw_159958,0,background_false_accept
lvis_000000356427,lvis_000000356427_yw_173404,0,background_false_accept
lvis_000000095786,lvis_000000095786_yw_042673,0,background_false_accept
lvis_000000212573,lvis_000000212573_yw_103663,0,background_false_accept
lvis_000000507223,lvis_000000507223_yw_246320,0,background_false_accept
lvis_000000376625,lvis_000000376625_yw_183878,0,background_false_accept
lvis_000000133969,lvis_000000133969_yw_061088,0,background_false_accept
lvis_000000323571,lvis_000000323571_yw_158133,0,background_false_accept
lvis_000000012639,lvis_000000012639_yw_005791,0,background_false_accept
lvis_000000103723,lvis_000000103723_yw_046382,0,background_false_accept
lvis_000000427649,lvis_000000427649_yw_208500,0,background_false_accept
lvis_000000514586,lvis_000000514586_yw_250218,0,background_false_accept
lvis_000000387098,lvis_000000387098_yw_189893,0,background_false_accept
lvis_000000376625,lvis_000000376625_yw_183879,0,background_false_accept
lvis_000000441468,lvis_000000441468_yw_215729,0,background_false_accept
lvis_000000529568,lvis_000000529568_yw_256551,0,background_false_accept
lvis_000000012639,lvis_000000012639_yw_005792,0,background_false_accept
lvis_000000212573,lvis_000000212573_yw_103664,0,background_false_accept
lvis_000000482970,lvis_000000482970_yw_236128,0,unknown_false_accept
lvis_000000458223,lvis_000000458223_yw_223716,0,background_false_accept
lvis_000000012639,lvis_000000012639_yw_005793,0,background_false_accept
lvis_000000443844,lvis_000000443844_yw_217456,0,background_false_accept
lvis_000000514586,lvis_000000514586_yw_250219,0,background_false_accept
lvis_000000528980,lvis_000000528980_yw_256254,0,background_false_accept
lvis_000000085157,lvis_000000085157_yw_038627,0,background_false_accept
lvis_000000529568,lvis_000000529568_yw_256552,0,background_false_accept
lvis_000000085157,lvis_000000085157_yw_038628,0,unknown_false_accept
lvis_000000212573,lvis_000000212573_yw_103665,0,background_false_accept
lvis_000000095786,lvis_000000095786_yw_042674,0,unknown_false_accept
lvis_000000444275,lvis_000000444275_yw_217648,0,background_false_accept
lvis_000000356612,lvis_000000356612_yw_173738,0,background_false_accept
lvis_000000245915,lvis_000000245915_yw_120497,0,unknown_false_accept
lvis_000000528980,lvis_000000528980_yw_256256,0,background_false_accept
lvis_000000529568,lvis_000000529568_yw_256553,0,background_false_accept
lvis_000000404128,lvis_000000404128_yw_196757,0,background_false_accept
lvis_000000295420,lvis_000000295420_yw_144699,0,background_false_accept
lvis_000000414510,lvis_000000414510_yw_202444,0,background_false_accept
lvis_000000441468,lvis_000000441468_yw_215730,0,background_false_accept
lvis_000000528980,lvis_000000528980_yw_256257,0,background_false_accept
lvis_000000245173,lvis_000000245173_yw_120119,0,background_false_accept
lvis_000000485424,lvis_000000485424_yw_236954,0,background_false_accept
lvis_000000328238,lvis_000000328238_yw_159960,0,background_false_accept
lvis_000000094185,lvis_000000094185_yw_042206,0,background_false_accept
lvis_000000085576,lvis_000000085576_yw_038781,0,unknown_false_accept
lvis_000000295420,lvis_000000295420_yw_144700,0,background_false_accept
lvis_000000485424,lvis_000000485424_yw_236955,0,unknown_false_accept
lvis_000000012639,lvis_000000012639_yw_005797,0,background_false_accept
lvis_000000012639,lvis_000000012639_yw_005799,0,background_false_accept
lvis_000000212573,lvis_000000212573_yw_103666,0,background_false_accept
lvis_000000245915,lvis_000000245915_yw_120498,0,unknown_false_accept
lvis_000000310072,lvis_000000310072_yw_152775,0,background_false_accept
lvis_000000356612,lvis_000000356612_yw_173743,0,background_false_accept
lvis_000000094185,lvis_000000094185_yw_042208,0,background_false_accept
lvis_000000085157,lvis_000000085157_yw_038630,0,background_false_accept
lvis_000000183437,lvis_000000183437_yw_088962,0,background_false_accept
lvis_000000356427,lvis_000000356427_yw_173405,0,background_false_accept
lvis_000000211825,lvis_000000211825_yw_103233,0,background_false_accept
lvis_000000356612,lvis_000000356612_yw_173744,0,background_false_accept
lvis_000000471789,lvis_000000471789_yw_230632,0,background_false_accept
lvis_000000444275,lvis_000000444275_yw_217649,0,background_false_accept
lvis_000000348012,lvis_000000348012_yw_169802,0,background_false_accept
lvis_000000527784,lvis_000000527784_yw_255784,0,unknown_false_accept
lvis_000000245173,lvis_000000245173_yw_120120,0,background_false_accept
lvis_000000356427,lvis_000000356427_yw_173406,0,background_false_accept
lvis_000000376625,lvis_000000376625_yw_183882,0,background_false_accept
lvis_000000471789,lvis_000000471789_yw_230633,0,background_false_accept
lvis_000000506178,lvis_000000506178_yw_245379,0,background_false_accept
lvis_000000323571,lvis_000000323571_yw_158134,0,background_false_accept
lvis_000000094185,lvis_000000094185_yw_042211,0,unknown_false_accept
lvis_000000039670,lvis_000000039670_yw_018127,0,background_false_accept
lvis_000000158744,lvis_000000158744_yw_075456,0,background_false_accept
lvis_000000157138,lvis_000000157138_yw_074729,0,background_false_accept
lvis_000000430286,lvis_000000430286_yw_210437,0,unknown_false_accept
lvis_000000507223,lvis_000000507223_yw_246328,0,background_false_accept
lvis_000000013659,lvis_000000013659_yw_006574,0,background_false_accept
lvis_000000376625,lvis_000000376625_yw_183883,0,background_false_accept
lvis_000000039670,lvis_000000039670_yw_018128,0,background_false_accept
lvis_000000376625,lvis_000000376625_yw_183884,0,background_false_accept
lvis_000000033221,lvis_000000033221_yw_015624,0,background_false_accept
lvis_000000157601,lvis_000000157601_yw_074852,0,background_false_accept
lvis_000000414510,lvis_000000414510_yw_202447,0,background_false_accept
lvis_000000085772,lvis_000000085772_yw_038972,0,background_false_accept
lvis_000000183104,lvis_000000183104_yw_088402,0,background_false_accept
lvis_000000079837,lvis_000000079837_yw_035350,0,background_false_accept
lvis_000000376625,lvis_000000376625_yw_183886,0,background_false_accept
lvis_000000471789,lvis_000000471789_yw_230634,0,background_false_accept
lvis_000000133969,lvis_000000133969_yw_061098,0,background_false_accept
lvis_000000204871,lvis_000000204871_yw_099700,0,background_false_accept
lvis_000000441468,lvis_000000441468_yw_215733,0,background_false_accept
lvis_000000191288,lvis_000000191288_yw_093664,0,background_false_accept
lvis_000000012639,lvis_000000012639_yw_005802,0,background_false_accept
lvis_000000414510,lvis_000000414510_yw_202448,0,background_false_accept
lvis_000000441468,lvis_000000441468_yw_215734,0,background_false_accept
lvis_000000323571,lvis_000000323571_yw_158135,0,background_false_accept
lvis_000000310072,lvis_000000310072_yw_152777,0,background_false_accept
lvis_000000009448,lvis_000000009448_yw_004443,0,background_false_accept
lvis_000000158744,lvis_000000158744_yw_075457,0,background_false_accept
lvis_000000204871,lvis_000000204871_yw_099701,0,background_false_accept
lvis_000000414510,lvis_000000414510_yw_202449,0,background_false_accept
lvis_000000191288,lvis_000000191288_yw_093667,0,background_false_accept
lvis_000000130599,lvis_000000130599_yw_058379,0,background_false_accept
lvis_000000295420,lvis_000000295420_yw_144703,0,background_false_accept
lvis_000000094185,lvis_000000094185_yw_042212,0,background_false_accept
lvis_000000094185,lvis_000000094185_yw_042213,0,background_false_accept
lvis_000000183437,lvis_000000183437_yw_088969,0,background_false_accept
lvis_000000079837,lvis_000000079837_yw_035352,0,background_false_accept
lvis_000000080153,lvis_000000080153_yw_035757,0,unknown_false_accept
lvis_000000183104,lvis_000000183104_yw_088403,0,background_false_accept
lvis_000000506178,lvis_000000506178_yw_245382,0,background_false_accept
lvis_000000133969,lvis_000000133969_yw_061104,0,background_false_accept
lvis_000000158744,lvis_000000158744_yw_075458,0,background_false_accept
lvis_000000085157,lvis_000000085157_yw_038631,0,background_false_accept
lvis_000000183437,lvis_000000183437_yw_088971,0,background_false_accept
lvis_000000356612,lvis_000000356612_yw_173751,0,background_false_accept
lvis_000000085157,lvis_000000085157_yw_038632,0,background_false_accept
lvis_000000528980,lvis_000000528980_yw_256261,0,background_false_accept
lvis_000000094185,lvis_000000094185_yw_042214,0,background_false_accept
lvis_000000191288,lvis_000000191288_yw_093668,0,background_false_accept
lvis_000000528980,lvis_000000528980_yw_256262,0,background_false_accept
lvis_000000295420,lvis_000000295420_yw_144704,0,background_false_accept
lvis_000000183437,lvis_000000183437_yw_088972,0,background_false_accept
lvis_000000312278,lvis_000000312278_yw_153782,0,background_false_accept
lvis_000000273198,lvis_000000273198_yw_132037,0,background_false_accept
lvis_000000376625,lvis_000000376625_yw_183890,0,background_false_accept
lvis_000000528980,lvis_000000528980_yw_256263,0,background_false_accept
lvis_000000085157,lvis_000000085157_yw_038633,0,unknown_false_accept
lvis_000000323571,lvis_000000323571_yw_158136,0,background_false_accept
lvis_000000158744,lvis_000000158744_yw_075459,0,background_false_accept
lvis_000000079837,lvis_000000079837_yw_035355,0,background_false_accept
lvis_000000376625,lvis_000000376625_yw_183891,0,background_false_accept
lvis_000000376625,lvis_000000376625_yw_183892,0,background_false_accept
lvis_000000323571,lvis_000000323571_yw_158138,0,background_false_accept
lvis_000000214703,lvis_000000214703_yw_105335,0,background_false_accept
lvis_000000103723,lvis_000000103723_yw_046384,0,background_false_accept
lvis_000000414510,lvis_000000414510_yw_202450,0,background_false_accept
lvis_000000012639,lvis_000000012639_yw_005806,0,background_false_accept
lvis_000000204871,lvis_000000204871_yw_099704,1,known_tp
lvis_000000012639,lvis_000000012639_yw_005807,0,background_false_accept
lvis_000000376625,lvis_000000376625_yw_183894,0,background_false_accept
lvis_000000528980,lvis_000000528980_yw_256264,0,unknown_false_accept
lvis_000000245173,lvis_000000245173_yw_120121,0,background_false_accept
lvis_000000329041,lvis_000000329041_yw_160369,0,background_false_accept
lvis_000000091654,lvis_000000091654_yw_041412,0,unknown_false_accept
lvis_000000528980,lvis_000000528980_yw_256266,0,background_false_accept
lvis_000000329041,lvis_000000329041_yw_160370,0,background_false_accept
lvis_000000130599,lvis_000000130599_yw_058380,0,background_false_accept
lvis_000000430286,lvis_000000430286_yw_210438,0,unknown_false_accept
lvis_000000458223,lvis_000000458223_yw_223718,0,background_false_accept
lvis_000000183104,lvis_000000183104_yw_088404,0,background_false_accept
lvis_000000033221,lvis_000000033221_yw_015627,0,background_false_accept
lvis_000000360393,lvis_000000360393_yw_175311,0,unknown_false_accept
lvis_000000212573,lvis_000000212573_yw_103670,0,background_false_accept
lvis_000000414510,lvis_000000414510_yw_202451,0,background_false_accept
lvis_000000039670,lvis_000000039670_yw_018131,0,background_false_accept
lvis_000000407943,lvis_000000407943_yw_198398,0,background_false_accept
lvis_000000366225,lvis_000000366225_yw_178772,0,unknown_false_accept
lvis_000000204871,lvis_000000204871_yw_099706,0,background_false_accept
lvis_000000529568,lvis_000000529568_yw_256554,0,background_false_accept
lvis_000000356612,lvis_000000356612_yw_173761,0,wrong_known_class_or_duplicate
lvis_000000180878,lvis_000000180878_yw_086812,0,unknown_false_accept
lvis_000000548506,lvis_000000548506_yw_265926,0,background_false_accept
lvis_000000127624,lvis_000000127624_yw_056861,0,background_false_accept
lvis_000000245915,lvis_000000245915_yw_120500,0,unknown_false_accept
lvis_000000183437,lvis_000000183437_yw_088976,0,background_false_accept
lvis_000000222825,lvis_000000222825_yw_109079,0,background_false_accept
lvis_000000127624,lvis_000000127624_yw_056862,0,background_false_accept
lvis_000000033221,lvis_000000033221_yw_015630,0,background_false_accept
lvis_000000356612,lvis_000000356612_yw_173763,0,background_false_accept
lvis_000000033221,lvis_000000033221_yw_015631,0,background_false_accept
lvis_000000471893,lvis_000000471893_yw_230693,0,background_false_accept
lvis_000000507223,lvis_000000507223_yw_246334,0,background_false_accept
lvis_000000312278,lvis_000000312278_yw_153784,0,background_false_accept
lvis_000000514586,lvis_000000514586_yw_250228,0,background_false_accept
lvis_000000444275,lvis_000000444275_yw_217650,0,background_false_accept
lvis_000000528980,lvis_000000528980_yw_256271,0,background_false_accept
lvis_000000414510,lvis_000000414510_yw_202452,0,background_false_accept
lvis_000000431727,lvis_000000431727_yw_210609,0,background_false_accept
lvis_000000506178,lvis_000000506178_yw_245383,0,background_false_accept
lvis_000000331317,lvis_000000331317_yw_161472,0,unknown_false_accept
lvis_000000356427,lvis_000000356427_yw_173407,0,background_false_accept
lvis_000000127624,lvis_000000127624_yw_056863,0,background_false_accept
lvis_000000295420,lvis_000000295420_yw_144706,0,background_false_accept
lvis_000000356612,lvis_000000356612_yw_173764,0,background_false_accept
lvis_000000245915,lvis_000000245915_yw_120501,0,background_false_accept
lvis_000000012639,lvis_000000012639_yw_005809,0,background_false_accept
lvis_000000127624,lvis_000000127624_yw_056864,0,background_false_accept
lvis_000000506178,lvis_000000506178_yw_245384,0,background_false_accept
lvis_000000094185,lvis_000000094185_yw_042218,0,background_false_accept
lvis_000000323571,lvis_000000323571_yw_158142,0,background_false_accept
lvis_000000013659,lvis_000000013659_yw_006576,0,unknown_false_accept
lvis_000000183437,lvis_000000183437_yw_088981,0,background_false_accept
lvis_000000458223,lvis_000000458223_yw_223719,0,background_false_accept
lvis_000000133969,lvis_000000133969_yw_061114,0,background_false_accept
lvis_000000130599,lvis_000000130599_yw_058382,0,background_false_accept
lvis_000000091654,lvis_000000091654_yw_041413,0,unknown_false_accept
lvis_000000094185,lvis_000000094185_yw_042219,0,unknown_false_accept
lvis_000000103723,lvis_000000103723_yw_046387,0,background_false_accept
lvis_000000328238,lvis_000000328238_yw_159965,0,background_false_accept
lvis_000000204871,lvis_000000204871_yw_099709,0,background_false_accept
lvis_000000013659,lvis_000000013659_yw_006578,0,background_false_accept
lvis_000000529568,lvis_000000529568_yw_256557,0,background_false_accept
lvis_000000158744,lvis_000000158744_yw_075461,0,background_false_accept
lvis_000000212573,lvis_000000212573_yw_103676,0,background_false_accept
lvis_000000158744,lvis_000000158744_yw_075462,0,background_false_accept
lvis_000000356612,lvis_000000356612_yw_173766,0,background_false_accept
lvis_000000458223,lvis_000000458223_yw_223720,0,background_false_accept
lvis_000000183437,lvis_000000183437_yw_088983,0,background_false_accept
lvis_000000295420,lvis_000000295420_yw_144707,0,background_false_accept
lvis_000000356612,lvis_000000356612_yw_173767,0,background_false_accept
lvis_000000323571,lvis_000000323571_yw_158143,0,background_false_accept
lvis_000000528980,lvis_000000528980_yw_256275,0,background_false_accept
lvis_000000158744,lvis_000000158744_yw_075466,0,background_false_accept
lvis_000000528980,lvis_000000528980_yw_256276,0,background_false_accept
lvis_000000127624,lvis_000000127624_yw_056866,0,background_false_accept
lvis_000000212573,lvis_000000212573_yw_103678,0,wrong_known_class_or_duplicate
lvis_000000473869,lvis_000000473869_yw_231294,0,background_false_accept
lvis_000000546717,lvis_000000546717_yw_264929,0,background_false_accept
lvis_000000376625,lvis_000000376625_yw_183900,0,background_false_accept
lvis_000000212573,lvis_000000212573_yw_103679,0,background_false_accept
lvis_000000514586,lvis_000000514586_yw_250232,0,unknown_false_accept
lvis_000000094185,lvis_000000094185_yw_042220,0,background_false_accept
lvis_000000212573,lvis_000000212573_yw_103680,0,background_false_accept
lvis_000000103723,lvis_000000103723_yw_046388,0,background_false_accept
lvis_000000514586,lvis_000000514586_yw_250233,0,background_false_accept
lvis_000000204871,lvis_000000204871_yw_099710,0,background_false_accept
lvis_000000521405,lvis_000000521405_yw_253423,0,background_false_accept
lvis_000000527784,lvis_000000527784_yw_255785,0,unknown_false_accept
lvis_000000441468,lvis_000000441468_yw_215740,0,background_false_accept
lvis_000000164883,lvis_000000164883_yw_078596,0,background_false_accept
lvis_000000356612,lvis_000000356612_yw_173771,0,background_false_accept
lvis_000000012639,lvis_000000012639_yw_005811,0,background_false_accept
lvis_000000356612,lvis_000000356612_yw_173772,0,background_false_accept
lvis_000000323571,lvis_000000323571_yw_158145,0,background_false_accept
lvis_000000295420,lvis_000000295420_yw_144708,0,background_false_accept
lvis_000000356427,lvis_000000356427_yw_173409,0,background_false_accept
lvis_000000514586,lvis_000000514586_yw_250235,0,background_false_accept
lvis_000000127624,lvis_000000127624_yw_056867,0,background_false_accept
lvis_000000133969,lvis_000000133969_yw_061119,0,background_false_accept
lvis_000000310072,lvis_000000310072_yw_152784,0,background_false_accept
lvis_000000094185,lvis_000000094185_yw_042221,0,background_false_accept
lvis_000000033221,lvis_000000033221_yw_015635,0,background_false_accept
lvis_000000356612,lvis_000000356612_yw_173773,0,background_false_accept
lvis_000000528980,lvis_000000528980_yw_256277,0,background_false_accept
lvis_000000485424,lvis_000000485424_yw_236957,0,background_false_accept
lvis_000000133969,lvis_000000133969_yw_061121,0,background_false_accept
lvis_000000158744,lvis_000000158744_yw_075467,0,background_false_accept
lvis_000000158744,lvis_000000158744_yw_075468,0,background_false_accept
lvis_000000441468,lvis_000000441468_yw_215743,0,background_false_accept
lvis_000000529568,lvis_000000529568_yw_256558,0,background_false_accept
lvis_000000473869,lvis_000000473869_yw_231295,0,background_false_accept
lvis_000000094185,lvis_000000094185_yw_042223,0,background_false_accept
lvis_000000094185,lvis_000000094185_yw_042225,0,background_false_accept
lvis_000000356612,lvis_000000356612_yw_173775,0,background_false_accept
lvis_000000328238,lvis_000000328238_yw_159966,0,background_false_accept
lvis_000000295420,lvis_000000295420_yw_144709,0,background_false_accept
lvis_000000356427,lvis_000000356427_yw_173410,0,background_false_accept
lvis_000000528980,lvis_000000528980_yw_256280,0,background_false_accept
lvis_000000441468,lvis_000000441468_yw_215745,0,background_false_accept
lvis_000000328238,lvis_000000328238_yw_159967,0,background_false_accept
lvis_000000485424,lvis_000000485424_yw_236958,0,background_false_accept
lvis_000000506279,lvis_000000506279_yw_245419,0,background_false_accept
lvis_000000387098,lvis_000000387098_yw_189895,0,background_false_accept
lvis_000000528980,lvis_000000528980_yw_256282,0,background_false_accept
lvis_000000127624,lvis_000000127624_yw_056870,0,background_false_accept
lvis_000000191288,lvis_000000191288_yw_093672,0,background_false_accept
lvis_000000356427,lvis_000000356427_yw_173411,0,background_false_accept
lvis_000000507223,lvis_000000507223_yw_246349,0,background_false_accept
lvis_000000376625,lvis_000000376625_yw_183902,0,background_false_accept
lvis_000000443844,lvis_000000443844_yw_217462,0,background_false_accept
lvis_000000356427,lvis_000000356427_yw_173412,0,background_false_accept
lvis_000000323571,lvis_000000323571_yw_158146,0,background_false_accept
lvis_000000157601,lvis_000000157601_yw_074855,0,background_false_accept
lvis_000000185802,lvis_000000185802_yw_090424,0,background_false_accept
lvis_000000212573,lvis_000000212573_yw_103688,0,background_false_accept
lvis_000000441468,lvis_000000441468_yw_215746,0,background_false_accept
lvis_000000133969,lvis_000000133969_yw_061123,0,wrong_known_class_or_duplicate
lvis_000000039670,lvis_000000039670_yw_018133,0,background_false_accept
lvis_000000033221,lvis_000000033221_yw_015637,0,background_false_accept
lvis_000000471789,lvis_000000471789_yw_230635,0,background_false_accept
lvis_000000471789,lvis_000000471789_yw_230636,0,background_false_accept
lvis_000000103723,lvis_000000103723_yw_046391,0,background_false_accept
lvis_000000356612,lvis_000000356612_yw_173782,0,wrong_known_class_or_duplicate
lvis_000000473869,lvis_000000473869_yw_231296,0,background_false_accept
lvis_000000414510,lvis_000000414510_yw_202456,0,background_false_accept
lvis_000000204871,lvis_000000204871_yw_099713,0,background_false_accept
lvis_000000414510,lvis_000000414510_yw_202457,0,background_false_accept
lvis_000000245173,lvis_000000245173_yw_120124,0,background_false_accept
lvis_000000191288,lvis_000000191288_yw_093673,0,background_false_accept
lvis_000000133969,lvis_000000133969_yw_061125,0,wrong_known_class_or_duplicate
lvis_000000485424,lvis_000000485424_yw_236959,0,background_false_accept
lvis_000000471893,lvis_000000471893_yw_230696,0,background_false_accept
lvis_000000366225,lvis_000000366225_yw_178773,0,background_false_accept
lvis_000000094185,lvis_000000094185_yw_042228,0,background_false_accept
lvis_000000514586,lvis_000000514586_yw_250238,0,background_false_accept
lvis_000000013659,lvis_000000013659_yw_006583,0,unknown_false_accept
lvis_000000444275,lvis_000000444275_yw_217651,0,background_false_accept
lvis_000000009448,lvis_000000009448_yw_004444,0,wrong_known_class_or_duplicate
lvis_000000004134,lvis_000000004134_yw_001930,0,background_false_accept
lvis_000000094185,lvis_000000094185_yw_042230,0,background_false_accept
lvis_000000485424,lvis_000000485424_yw_236960,0,background_false_accept
lvis_000000079837,lvis_000000079837_yw_035372,0,background_false_accept
lvis_000000212573,lvis_000000212573_yw_103690,0,background_false_accept
lvis_000000295420,lvis_000000295420_yw_144711,0,background_false_accept
lvis_000000295420,lvis_000000295420_yw_144712,0,background_false_accept
lvis_000000312278,lvis_000000312278_yw_153786,0,background_false_accept
lvis_000000312278,lvis_000000312278_yw_153787,0,background_false_accept
lvis_000000323571,lvis_000000323571_yw_158149,0,background_false_accept
lvis_000000329041,lvis_000000329041_yw_160373,0,background_false_accept
lvis_000000211825,lvis_000000211825_yw_103236,0,background_false_accept
lvis_000000376625,lvis_000000376625_yw_183905,0,background_false_accept
lvis_000000127624,lvis_000000127624_yw_056871,0,background_false_accept
lvis_000000441468,lvis_000000441468_yw_215747,0,background_false_accept
lvis_000000528980,lvis_000000528980_yw_256288,0,background_false_accept
lvis_000000004134,lvis_000000004134_yw_001931,0,unknown_false_accept
lvis_000000507223,lvis_000000507223_yw_246354,0,background_false_accept
lvis_000000183437,lvis_000000183437_yw_088992,0,background_false_accept
lvis_000000529568,lvis_000000529568_yw_256559,0,background_false_accept
lvis_000000127624,lvis_000000127624_yw_056872,0,background_false_accept
lvis_000000094185,lvis_000000094185_yw_042232,0,background_false_accept
lvis_000000376625,lvis_000000376625_yw_183906,0,background_false_accept
lvis_000000039670,lvis_000000039670_yw_018135,0,background_false_accept
lvis_000000013659,lvis_000000013659_yw_006586,0,unknown_false_accept
lvis_000000441468,lvis_000000441468_yw_215748,0,background_false_accept
lvis_000000204871,lvis_000000204871_yw_099715,0,background_false_accept
lvis_000000507223,lvis_000000507223_yw_246356,0,background_false_accept
lvis_000000158744,lvis_000000158744_yw_075470,0,background_false_accept
lvis_000000458223,lvis_000000458223_yw_223723,0,background_false_accept
lvis_000000183437,lvis_000000183437_yw_088994,0,background_false_accept
lvis_000000507223,lvis_000000507223_yw_246360,0,background_false_accept
lvis_000000300842,lvis_000000300842_yw_147233,0,unknown_false_accept
lvis_000000204871,lvis_000000204871_yw_099716,0,background_false_accept
lvis_000000094185,lvis_000000094185_yw_042234,0,background_false_accept
lvis_000000323571,lvis_000000323571_yw_158151,0,background_false_accept
lvis_000000183437,lvis_000000183437_yw_088995,0,background_false_accept
lvis_000000356612,lvis_000000356612_yw_173790,0,background_false_accept
lvis_000000359540,lvis_000000359540_yw_174800,0,background_false_accept
lvis_000000441468,lvis_000000441468_yw_215750,0,background_false_accept
lvis_000000528980,lvis_000000528980_yw_256291,0,background_false_accept
lvis_000000312278,lvis_000000312278_yw_153788,0,background_false_accept
lvis_000000328238,lvis_000000328238_yw_159970,0,background_false_accept
lvis_000000079837,lvis_000000079837_yw_035375,0,background_false_accept
lvis_000000356427,lvis_000000356427_yw_173413,0,background_false_accept
lvis_000000033221,lvis_000000033221_yw_015641,0,background_false_accept
lvis_000000414510,lvis_000000414510_yw_202459,0,background_false_accept
lvis_000000323571,lvis_000000323571_yw_158153,0,background_false_accept
lvis_000000471893,lvis_000000471893_yw_230699,0,background_false_accept
lvis_000000329041,lvis_000000329041_yw_160377,0,background_false_accept
lvis_000000158744,lvis_000000158744_yw_075471,0,background_false_accept
lvis_000000507223,lvis_000000507223_yw_246365,0,background_false_accept
lvis_000000158744,lvis_000000158744_yw_075472,0,background_false_accept
lvis_000000528980,lvis_000000528980_yw_256292,0,background_false_accept
lvis_000000312278,lvis_000000312278_yw_153789,0,background_false_accept
lvis_000000094185,lvis_000000094185_yw_042239,0,background_false_accept
lvis_000000183437,lvis_000000183437_yw_088997,0,background_false_accept
lvis_000000376625,lvis_000000376625_yw_183910,0,background_false_accept
lvis_000000312278,lvis_000000312278_yw_153790,0,background_false_accept
lvis_000000441468,lvis_000000441468_yw_215751,0,background_false_accept
lvis_000000484893,lvis_000000484893_yw_236768,0,background_false_accept
lvis_000000204871,lvis_000000204871_yw_099718,0,background_false_accept
lvis_000000485424,lvis_000000485424_yw_236962,0,background_false_accept
lvis_000000245173,lvis_000000245173_yw_120126,0,background_false_accept
lvis_000000158744,lvis_000000158744_yw_075474,0,background_false_accept
lvis_000000356427,lvis_000000356427_yw_173414,0,background_false_accept
lvis_000000359219,lvis_000000359219_yw_174779,0,unknown_false_accept
lvis_000000485424,lvis_000000485424_yw_236963,0,background_false_accept
lvis_000000091654,lvis_000000091654_yw_041415,0,background_false_accept
lvis_000000191288,lvis_000000191288_yw_093677,0,background_false_accept
lvis_000000528980,lvis_000000528980_yw_256295,0,background_false_accept
lvis_000000360393,lvis_000000360393_yw_175318,0,background_false_accept
lvis_000000052413,lvis_000000052413_yw_022727,0,background_false_accept
lvis_000000323202,lvis_000000323202_yw_157929,0,unknown_false_accept
lvis_000000033221,lvis_000000033221_yw_015642,0,background_false_accept
lvis_000000039670,lvis_000000039670_yw_018138,0,background_false_accept
lvis_000000158744,lvis_000000158744_yw_075476,0,background_false_accept
lvis_000000130599,lvis_000000130599_yw_058385,0,background_false_accept
lvis_000000158744,lvis_000000158744_yw_075477,0,background_false_accept
lvis_000000329041,lvis_000000329041_yw_160378,0,background_false_accept
lvis_000000275392,lvis_000000275392_yw_133209,0,background_false_accept
lvis_000000227482,lvis_000000227482_yw_111813,0,background_false_accept
lvis_000000262440,lvis_000000262440_yw_127759,0,unknown_false_accept
lvis_000000528980,lvis_000000528980_yw_256298,0,background_false_accept
lvis_000000427649,lvis_000000427649_yw_208503,0,background_false_accept
lvis_000000079837,lvis_000000079837_yw_035376,0,background_false_accept
lvis_000000486438,lvis_000000486438_yw_237403,0,unknown_false_accept
lvis_000000431727,lvis_000000431727_yw_210611,0,background_false_accept
lvis_000000485424,lvis_000000485424_yw_236964,0,background_false_accept
lvis_000000414510,lvis_000000414510_yw_202461,0,background_false_accept
lvis_000000133969,lvis_000000133969_yw_061140,0,background_false_accept
lvis_000000295420,lvis_000000295420_yw_144716,0,background_false_accept
lvis_000000366225,lvis_000000366225_yw_178774,0,unknown_false_accept
lvis_000000414510,lvis_000000414510_yw_202462,0,background_false_accept
lvis_000000441468,lvis_000000441468_yw_215752,0,background_false_accept
lvis_000000414510,lvis_000000414510_yw_202463,0,background_false_accept
lvis_000000204871,lvis_000000204871_yw_099725,0,background_false_accept
lvis_000000079837,lvis_000000079837_yw_035378,1,known_tp
lvis_000000262440,lvis_000000262440_yw_127760,0,background_false_accept
lvis_000000471789,lvis_000000471789_yw_230639,0,background_false_accept
lvis_000000085157,lvis_000000085157_yw_038640,0,wrong_known_class_or_duplicate
lvis_000000489091,lvis_000000489091_yw_237876,0,background_false_accept
lvis_000000033221,lvis_000000033221_yw_015646,0,background_false_accept
lvis_000000222825,lvis_000000222825_yw_109080,0,unknown_false_accept
lvis_000000204871,lvis_000000204871_yw_099726,0,background_false_accept
lvis_000000183437,lvis_000000183437_yw_089001,0,background_false_accept
lvis_000000310072,lvis_000000310072_yw_152789,0,background_false_accept
lvis_000000376625,lvis_000000376625_yw_183919,0,background_false_accept
lvis_000000356612,lvis_000000356612_yw_173802,0,background_false_accept
lvis_000000329041,lvis_000000329041_yw_160382,0,background_false_accept
lvis_000000414510,lvis_000000414510_yw_202465,0,background_false_accept
lvis_000000094185,lvis_000000094185_yw_042246,0,background_false_accept
lvis_000000356612,lvis_000000356612_yw_173803,0,background_false_accept
lvis_000000033221,lvis_000000033221_yw_015648,0,background_false_accept
lvis_000000130599,lvis_000000130599_yw_058387,0,background_false_accept
lvis_000000191288,lvis_000000191288_yw_093678,0,background_false_accept
lvis_000000085157,lvis_000000085157_yw_038641,0,background_false_accept
lvis_000000443844,lvis_000000443844_yw_217465,0,background_false_accept
lvis_000000079837,lvis_000000079837_yw_035379,0,background_false_accept
lvis_000000094185,lvis_000000094185_yw_042247,0,background_false_accept
lvis_000000527784,lvis_000000527784_yw_255787,0,background_false_accept
lvis_000000376625,lvis_000000376625_yw_183921,0,background_false_accept
lvis_000000443844,lvis_000000443844_yw_217467,0,background_false_accept
lvis_000000191288,lvis_000000191288_yw_093679,0,background_false_accept
lvis_000000528980,lvis_000000528980_yw_256300,0,background_false_accept
lvis_000000310072,lvis_000000310072_yw_152790,0,background_false_accept
lvis_000000094185,lvis_000000094185_yw_042249,0,background_false_accept
lvis_000000133969,lvis_000000133969_yw_061147,0,background_false_accept
lvis_000000204871,lvis_000000204871_yw_099730,0,background_false_accept
lvis_000000094185,lvis_000000094185_yw_042250,0,background_false_accept
lvis_000000506178,lvis_000000506178_yw_245390,0,background_false_accept
lvis_000000356612,lvis_000000356612_yw_173804,0,background_false_accept
lvis_000000204871,lvis_000000204871_yw_099731,0,background_false_accept
lvis_000000157138,lvis_000000157138_yw_074730,0,background_false_accept
lvis_000000528980,lvis_000000528980_yw_256302,0,background_false_accept
lvis_000000094185,lvis_000000094185_yw_042252,0,background_false_accept
lvis_000000158744,lvis_000000158744_yw_075481,0,background_false_accept
lvis_000000323571,lvis_000000323571_yw_158156,0,background_false_accept
lvis_000000528980,lvis_000000528980_yw_256303,0,background_false_accept
lvis_000000323202,lvis_000000323202_yw_157930,0,background_false_accept
lvis_000000360393,lvis_000000360393_yw_175321,0,background_false_accept
lvis_000000528980,lvis_000000528980_yw_256304,0,background_false_accept
lvis_000000094185,lvis_000000094185_yw_042254,0,background_false_accept
lvis_000000356612,lvis_000000356612_yw_173806,0,background_false_accept
lvis_000000295420,lvis_000000295420_yw_144718,0,background_false_accept
lvis_000000527784,lvis_000000527784_yw_255788,0,background_false_accept
lvis_000000441468,lvis_000000441468_yw_215755,0,background_false_accept
lvis_000000094185,lvis_000000094185_yw_042256,0,background_false_accept
lvis_000000183104,lvis_000000183104_yw_088405,0,unknown_false_accept
lvis_000000033221,lvis_000000033221_yw_015650,0,background_false_accept
lvis_000000085157,lvis_000000085157_yw_038644,0,background_false_accept
lvis_000000212573,lvis_000000212573_yw_103697,0,background_false_accept
lvis_000000204871,lvis_000000204871_yw_099733,0,background_false_accept
lvis_000000212573,lvis_000000212573_yw_103698,0,unknown_false_accept
lvis_000000079837,lvis_000000079837_yw_035381,0,background_false_accept
lvis_000000529568,lvis_000000529568_yw_256561,0,background_false_accept
lvis_000000414510,lvis_000000414510_yw_202468,0,wrong_known_class_or_duplicate
lvis_000000204871,lvis_000000204871_yw_099734,0,background_false_accept
lvis_000000506178,lvis_000000506178_yw_245391,0,wrong_known_class_or_duplicate
lvis_000000133969,lvis_000000133969_yw_061150,0,background_false_accept
lvis_000000204871,lvis_000000204871_yw_099736,0,background_false_accept
lvis_000000227482,lvis_000000227482_yw_111815,0,wrong_known_class_or_duplicate
lvis_000000471893,lvis_000000471893_yw_230707,0,background_false_accept
lvis_000000441468,lvis_000000441468_yw_215756,0,background_false_accept
lvis_000000094185,lvis_000000094185_yw_042257,0,background_false_accept
lvis_000000328238,lvis_000000328238_yw_159975,0,background_false_accept
lvis_000000310072,lvis_000000310072_yw_152792,0,background_false_accept
lvis_000000471893,lvis_000000471893_yw_230708,0,unknown_false_accept
lvis_000000158744,lvis_000000158744_yw_075486,0,background_false_accept
lvis_000000312278,lvis_000000312278_yw_153792,0,background_false_accept
lvis_000000079837,lvis_000000079837_yw_035382,0,background_false_accept
lvis_000000158744,lvis_000000158744_yw_075487,0,background_false_accept
lvis_000000366225,lvis_000000366225_yw_178775,0,unknown_false_accept
lvis_000000486438,lvis_000000486438_yw_237406,0,background_false_accept
lvis_000000528980,lvis_000000528980_yw_256307,0,background_false_accept
lvis_000000356612,lvis_000000356612_yw_173808,0,background_false_accept
lvis_000000013659,lvis_000000013659_yw_006589,0,background_false_accept
lvis_000000310072,lvis_000000310072_yw_152794,0,background_false_accept
lvis_000000211825,lvis_000000211825_yw_103237,0,unknown_false_accept
lvis_000000376625,lvis_000000376625_yw_183925,0,background_false_accept
lvis_000000245915,lvis_000000245915_yw_120504,0,background_false_accept
lvis_000000458223,lvis_000000458223_yw_223727,0,background_false_accept
lvis_000000158744,lvis_000000158744_yw_075488,0,background_false_accept
lvis_000000441468,lvis_000000441468_yw_215758,0,background_false_accept
lvis_000000356612,lvis_000000356612_yw_173812,0,background_false_accept
lvis_000000458223,lvis_000000458223_yw_223728,0,background_false_accept
lvis_000000033221,lvis_000000033221_yw_015651,0,wrong_known_class_or_duplicate
lvis_000000222825,lvis_000000222825_yw_109081,0,background_false_accept
lvis_000000323571,lvis_000000323571_yw_158157,0,background_false_accept
lvis_000000444275,lvis_000000444275_yw_217652,0,background_false_accept
lvis_000000158744,lvis_000000158744_yw_075490,0,background_false_accept
lvis_000000489091,lvis_000000489091_yw_237877,0,unknown_false_accept
lvis_000000323571,lvis_000000323571_yw_158158,0,background_false_accept
lvis_000000484893,lvis_000000484893_yw_236775,0,background_false_accept
lvis_000000356612,lvis_000000356612_yw_173813,0,background_false_accept
lvis_000000431727,lvis_000000431727_yw_210612,0,background_false_accept
lvis_000000295420,lvis_000000295420_yw_144722,0,background_false_accept
lvis_000000528980,lvis_000000528980_yw_256310,0,background_false_accept
lvis_000000444275,lvis_000000444275_yw_217653,0,unknown_false_accept
lvis_000000441468,lvis_000000441468_yw_215759,0,background_false_accept
lvis_000000407943,lvis_000000407943_yw_198417,0,unknown_false_accept
lvis_000000094185,lvis_000000094185_yw_042260,0,background_false_accept
lvis_000000329041,lvis_000000329041_yw_160388,0,background_false_accept
lvis_000000485424,lvis_000000485424_yw_236965,0,background_false_accept
lvis_000000079837,lvis_000000079837_yw_035388,0,background_false_accept
lvis_000000191288,lvis_000000191288_yw_093683,0,background_false_accept
lvis_000000183437,lvis_000000183437_yw_089011,0,background_false_accept
lvis_000000528980,lvis_000000528980_yw_256311,0,background_false_accept
lvis_000000013659,lvis_000000013659_yw_006591,0,unknown_false_accept
lvis_000000212573,lvis_000000212573_yw_103702,0,background_false_accept
lvis_000000407943,lvis_000000407943_yw_198419,0,background_false_accept
lvis_000000323571,lvis_000000323571_yw_158159,0,background_false_accept
lvis_000000407943,lvis_000000407943_yw_198420,0,unknown_false_accept
lvis_000000212573,lvis_000000212573_yw_103703,0,background_false_accept
lvis_000000356612,lvis_000000356612_yw_173817,0,background_false_accept
lvis_000000033221,lvis_000000033221_yw_015654,0,background_false_accept
lvis_000000183437,lvis_000000183437_yw_089012,0,background_false_accept
lvis_000000157601,lvis_000000157601_yw_074864,0,background_false_accept
lvis_000000318114,lvis_000000318114_yw_155684,0,unknown_false_accept
lvis_000000127624,lvis_000000127624_yw_056879,0,background_false_accept
lvis_000000359540,lvis_000000359540_yw_174803,0,background_false_accept
lvis_000000323202,lvis_000000323202_yw_157932,0,background_false_accept
lvis_000000546717,lvis_000000546717_yw_264930,0,background_false_accept
lvis_000000185802,lvis_000000185802_yw_090426,0,unknown_false_accept
lvis_000000204871,lvis_000000204871_yw_099741,0,background_false_accept
lvis_000000471789,lvis_000000471789_yw_230640,0,background_false_accept
lvis_000000331317,lvis_000000331317_yw_161474,0,background_false_accept
lvis_000000133969,lvis_000000133969_yw_061153,0,background_false_accept
lvis_000000356612,lvis_000000356612_yw_173818,0,background_false_accept
lvis_000000079837,lvis_000000079837_yw_035390,0,background_false_accept
lvis_000000012639,lvis_000000012639_yw_005841,0,background_false_accept
lvis_000000158744,lvis_000000158744_yw_075492,0,background_false_accept
lvis_000000009448,lvis_000000009448_yw_004446,0,background_false_accept
lvis_000000091654,lvis_000000091654_yw_041416,0,unknown_false_accept
lvis_000000376625,lvis_000000376625_yw_183928,0,background_false_accept
lvis_000000323571,lvis_000000323571_yw_158161,0,background_false_accept
lvis_000000527784,lvis_000000527784_yw_255789,0,background_false_accept
lvis_000000130599,lvis_000000130599_yw_058390,0,background_false_accept
lvis_000000191288,lvis_000000191288_yw_093687,0,background_false_accept
lvis_000000356612,lvis_000000356612_yw_173820,0,background_false_accept
lvis_000000356612,lvis_000000356612_yw_173821,0,background_false_accept
lvis_000000356612,lvis_000000356612_yw_173822,0,background_false_accept
lvis_000000310072,lvis_000000310072_yw_152799,0,background_false_accept
lvis_000000013659,lvis_000000013659_yw_006592,0,background_false_accept
lvis_000000013659,lvis_000000013659_yw_006593,0,unknown_false_accept
lvis_000000052413,lvis_000000052413_yw_022735,0,background_false_accept
lvis_000000356612,lvis_000000356612_yw_173825,0,background_false_accept
lvis_000000485424,lvis_000000485424_yw_236966,0,background_false_accept
lvis_000000485424,lvis_000000485424_yw_236967,0,background_false_accept
lvis_000000183437,lvis_000000183437_yw_089016,0,background_false_accept
lvis_000000376625,lvis_000000376625_yw_183929,0,background_false_accept
lvis_000000245173,lvis_000000245173_yw_120130,0,background_false_accept
lvis_000000085157,lvis_000000085157_yw_038648,0,background_false_accept
lvis_000000441468,lvis_000000441468_yw_215761,0,background_false_accept
lvis_000000211825,lvis_000000211825_yw_103238,0,wrong_known_class_or_duplicate
lvis_000000356612,lvis_000000356612_yw_173827,0,background_false_accept
lvis_000000414510,lvis_000000414510_yw_202471,0,background_false_accept
lvis_000000356612,lvis_000000356612_yw_173828,0,background_false_accept
lvis_000000356612,lvis_000000356612_yw_173829,0,background_false_accept
lvis_000000387098,lvis_000000387098_yw_189897,0,background_false_accept
lvis_000000546717,lvis_000000546717_yw_264932,0,background_false_accept
lvis_000000356612,lvis_000000356612_yw_173831,0,background_false_accept
lvis_000000295420,lvis_000000295420_yw_144724,0,background_false_accept
lvis_000000295420,lvis_000000295420_yw_144725,0,background_false_accept
lvis_000000212573,lvis_000000212573_yw_103709,0,background_false_accept
lvis_000000356612,lvis_000000356612_yw_173832,0,background_false_accept
lvis_000000222825,lvis_000000222825_yw_109082,0,background_false_accept
lvis_000000443844,lvis_000000443844_yw_217470,0,background_false_accept
lvis_000000356612,lvis_000000356612_yw_173833,0,background_false_accept
lvis_000000356427,lvis_000000356427_yw_173415,0,background_false_accept
lvis_000000471789,lvis_000000471789_yw_230642,0,background_false_accept
lvis_000000356612,lvis_000000356612_yw_173834,0,wrong_known_class_or_duplicate
lvis_000000376625,lvis_000000376625_yw_183930,0,background_false_accept
lvis_000000376625,lvis_000000376625_yw_183931,0,background_false_accept
lvis_000000529568,lvis_000000529568_yw_256564,0,background_false_accept
lvis_000000376625,lvis_000000376625_yw_183932,0,background_false_accept
lvis_000000212573,lvis_000000212573_yw_103712,0,background_false_accept
lvis_000000471789,lvis_000000471789_yw_230644,0,background_false_accept
lvis_000000484893,lvis_000000484893_yw_236780,0,background_false_accept
lvis_000000013659,lvis_000000013659_yw_006596,0,background_false_accept
lvis_000000514586,lvis_000000514586_yw_250263,1,known_tp
lvis_000000079837,lvis_000000079837_yw_035391,0,background_false_accept
lvis_000000356612,lvis_000000356612_yw_173835,0,background_false_accept
lvis_000000013659,lvis_000000013659_yw_006597,0,background_false_accept
lvis_000000376625,lvis_000000376625_yw_183933,0,background_false_accept
lvis_000000528980,lvis_000000528980_yw_256312,0,background_false_accept
lvis_000000039670,lvis_000000039670_yw_018142,0,background_false_accept
lvis_000000506178,lvis_000000506178_yw_245394,0,background_false_accept
lvis_000000414510,lvis_000000414510_yw_202472,0,background_false_accept
lvis_000000013659,lvis_000000013659_yw_006598,0,background_false_accept
lvis_000000033221,lvis_000000033221_yw_015656,0,background_false_accept
lvis_000000328238,lvis_000000328238_yw_159977,0,background_false_accept
lvis_000000331317,lvis_000000331317_yw_161475,0,background_false_accept
lvis_000000506178,lvis_000000506178_yw_245395,0,background_false_accept
lvis_000000300842,lvis_000000300842_yw_147234,0,background_false_accept
lvis_000000183437,lvis_000000183437_yw_089019,0,background_false_accept
lvis_000000245173,lvis_000000245173_yw_120133,0,background_false_accept
lvis_000000376625,lvis_000000376625_yw_183934,0,background_false_accept
lvis_000000033221,lvis_000000033221_yw_015657,0,background_false_accept
lvis_000000133969,lvis_000000133969_yw_061160,0,background_false_accept
lvis_000000310072,lvis_000000310072_yw_152801,0,background_false_accept
lvis_000000295420,lvis_000000295420_yw_144727,0,background_false_accept
lvis_000000529568,lvis_000000529568_yw_256565,0,background_false_accept
lvis_000000262440,lvis_000000262440_yw_127761,0,background_false_accept
lvis_000000387098,lvis_000000387098_yw_189898,0,background_false_accept
lvis_000000528980,lvis_000000528980_yw_256314,0,background_false_accept
lvis_000000414510,lvis_000000414510_yw_202474,0,background_false_accept
lvis_000000444275,lvis_000000444275_yw_217654,0,background_false_accept
lvis_000000164883,lvis_000000164883_yw_078598,0,background_false_accept
lvis_000000414510,lvis_000000414510_yw_202476,0,background_false_accept
lvis_000000130599,lvis_000000130599_yw_058391,0,background_false_accept
lvis_000000204871,lvis_000000204871_yw_099747,0,wrong_known_class_or_duplicate
lvis_000000133969,lvis_000000133969_yw_061163,0,background_false_accept
lvis_000000158744,lvis_000000158744_yw_075495,0,background_false_accept
lvis_000000441468,lvis_000000441468_yw_215763,0,wrong_known_class_or_duplicate
lvis_000000514586,lvis_000000514586_yw_250266,0,background_false_accept
lvis_000000158744,lvis_000000158744_yw_075496,0,background_false_accept
lvis_000000183437,lvis_000000183437_yw_089022,0,background_false_accept
lvis_000000273198,lvis_000000273198_yw_132048,0,background_false_accept
lvis_000000407943,lvis_000000407943_yw_198425,0,background_false_accept
lvis_000000312278,lvis_000000312278_yw_153794,0,background_false_accept
lvis_000000310072,lvis_000000310072_yw_152802,0,background_false_accept
lvis_000000528980,lvis_000000528980_yw_256316,0,background_false_accept
lvis_000000471789,lvis_000000471789_yw_230645,0,background_false_accept
lvis_000000013659,lvis_000000013659_yw_006599,0,background_false_accept
lvis_000000158744,lvis_000000158744_yw_075497,0,background_false_accept
lvis_000000356612,lvis_000000356612_yw_173841,0,background_false_accept
lvis_000000323571,lvis_000000323571_yw_158163,0,background_false_accept
lvis_000000312278,lvis_000000312278_yw_153795,0,background_false_accept
lvis_000000514586,lvis_000000514586_yw_250268,0,background_false_accept
lvis_000000094185,lvis_000000094185_yw_042268,0,background_false_accept
lvis_000000094185,lvis_000000094185_yw_042269,0,background_false_accept
lvis_000000366225,lvis_000000366225_yw_178776,0,unknown_false_accept
lvis_000000183437,lvis_000000183437_yw_089026,0,background_false_accept
lvis_000000441468,lvis_000000441468_yw_215765,0,background_false_accept
lvis_000000094185,lvis_000000094185_yw_042270,0,background_false_accept
lvis_000000127624,lvis_000000127624_yw_056884,0,background_false_accept
lvis_000000414510,lvis_000000414510_yw_202478,0,background_false_accept
lvis_000000441468,lvis_000000441468_yw_215766,0,background_false_accept
lvis_000000312278,lvis_000000312278_yw_153796,0,background_false_accept
lvis_000000094185,lvis_000000094185_yw_042271,0,background_false_accept
lvis_000000376625,lvis_000000376625_yw_183938,0,wrong_known_class_or_duplicate
lvis_000000085157,lvis_000000085157_yw_038655,0,background_false_accept
lvis_000000183437,lvis_000000183437_yw_089029,0,background_false_accept
lvis_000000427649,lvis_000000427649_yw_208506,0,background_false_accept
lvis_000000094185,lvis_000000094185_yw_042272,0,background_false_accept
lvis_000000356612,lvis_000000356612_yw_173843,0,background_false_accept
lvis_000000103723,lvis_000000103723_yw_046396,0,background_false_accept
lvis_000000427649,lvis_000000427649_yw_208507,0,background_false_accept
lvis_000000245915,lvis_000000245915_yw_120506,0,background_false_accept
lvis_000000185802,lvis_000000185802_yw_090429,0,unknown_false_accept
lvis_000000329041,lvis_000000329041_yw_160392,0,unknown_false_accept
lvis_000000312278,lvis_000000312278_yw_153797,0,background_false_accept
lvis_000000004134,lvis_000000004134_yw_001967,0,background_false_accept
lvis_000000191288,lvis_000000191288_yw_093692,0,background_false_accept
lvis_000000458223,lvis_000000458223_yw_223730,0,background_false_accept
lvis_000000507223,lvis_000000507223_yw_246403,0,background_false_accept
lvis_000000376625,lvis_000000376625_yw_183939,0,unknown_false_accept
lvis_000000507223,lvis_000000507223_yw_246405,0,background_false_accept
lvis_000000222825,lvis_000000222825_yw_109083,0,background_false_accept
lvis_000000323571,lvis_000000323571_yw_158164,0,background_false_accept
lvis_000000471789,lvis_000000471789_yw_230646,1,known_tp
lvis_000000079837,lvis_000000079837_yw_035397,0,background_false_accept
lvis_000000506279,lvis_000000506279_yw_245420,0,background_false_accept
lvis_000000091654,lvis_000000091654_yw_041417,0,background_false_accept
lvis_000000441468,lvis_000000441468_yw_215767,0,background_false_accept
lvis_000000085772,lvis_000000085772_yw_038973,0,unknown_false_accept
lvis_000000507223,lvis_000000507223_yw_246406,0,background_false_accept
lvis_000000079837,lvis_000000079837_yw_035399,0,background_false_accept
lvis_000000458223,lvis_000000458223_yw_223732,0,background_false_accept
lvis_000000356612,lvis_000000356612_yw_173848,0,background_false_accept
lvis_000000471893,lvis_000000471893_yw_230713,0,unknown_false_accept
lvis_000000085576,lvis_000000085576_yw_038783,0,background_false_accept
lvis_000000528980,lvis_000000528980_yw_256318,0,background_false_accept
lvis_000000328238,lvis_000000328238_yw_159981,0,background_false_accept
lvis_000000528980,lvis_000000528980_yw_256319,0,background_false_accept
lvis_000000183437,lvis_000000183437_yw_089030,0,background_false_accept
lvis_000000212573,lvis_000000212573_yw_103719,0,background_false_accept
lvis_000000127624,lvis_000000127624_yw_056886,0,background_false_accept
lvis_000000039670,lvis_000000039670_yw_018146,0,background_false_accept
lvis_000000482970,lvis_000000482970_yw_236129,0,background_false_accept
lvis_000000295420,lvis_000000295420_yw_144730,0,background_false_accept
lvis_000000393115,lvis_000000393115_yw_192238,0,background_false_accept
lvis_000000310072,lvis_000000310072_yw_152806,0,background_false_accept
lvis_000000548506,lvis_000000548506_yw_265932,0,unknown_false_accept
lvis_000000158744,lvis_000000158744_yw_075503,0,background_false_accept
lvis_000000356427,lvis_000000356427_yw_173416,0,background_false_accept
lvis_000000414510,lvis_000000414510_yw_202479,0,background_false_accept
lvis_000000393115,lvis_000000393115_yw_192239,0,background_false_accept
lvis_000000507223,lvis_000000507223_yw_246412,0,background_false_accept
lvis_000000356612,lvis_000000356612_yw_173854,0,background_false_accept
lvis_000000441468,lvis_000000441468_yw_215768,0,background_false_accept
lvis_000000507223,lvis_000000507223_yw_246413,0,background_false_accept
lvis_000000441468,lvis_000000441468_yw_215769,0,background_false_accept
lvis_000000312278,lvis_000000312278_yw_153798,0,background_false_accept
lvis_000000528980,lvis_000000528980_yw_256320,0,background_false_accept
lvis_000000130599,lvis_000000130599_yw_058395,0,background_false_accept
lvis_000000245173,lvis_000000245173_yw_120135,0,background_false_accept
lvis_000000473869,lvis_000000473869_yw_231297,0,background_false_accept
lvis_000000356427,lvis_000000356427_yw_173417,0,background_false_accept
lvis_000000212573,lvis_000000212573_yw_103722,0,background_false_accept
lvis_000000471789,lvis_000000471789_yw_230647,0,background_false_accept
lvis_000000245173,lvis_000000245173_yw_120136,0,background_false_accept
lvis_000000212573,lvis_000000212573_yw_103723,0,background_false_accept
lvis_000000441468,lvis_000000441468_yw_215771,0,background_false_accept
lvis_000000387098,lvis_000000387098_yw_189899,0,background_false_accept
lvis_000000514586,lvis_000000514586_yw_250279,0,background_false_accept
lvis_000000441468,lvis_000000441468_yw_215772,0,background_false_accept
lvis_000000514586,lvis_000000514586_yw_250280,0,background_false_accept
lvis_000000356612,lvis_000000356612_yw_173857,0,background_false_accept
lvis_000000310072,lvis_000000310072_yw_152808,0,background_false_accept
lvis_000000245173,lvis_000000245173_yw_120137,0,background_false_accept
lvis_000000157601,lvis_000000157601_yw_074871,0,background_false_accept
lvis_000000013659,lvis_000000013659_yw_006604,0,background_false_accept
lvis_000000085576,lvis_000000085576_yw_038784,0,background_false_accept
lvis_000000356612,lvis_000000356612_yw_173858,0,background_false_accept
lvis_000000212573,lvis_000000212573_yw_103724,0,background_false_accept
lvis_000000079837,lvis_000000079837_yw_035402,0,background_false_accept
lvis_000000486438,lvis_000000486438_yw_237410,0,unknown_false_accept
lvis_000000085772,lvis_000000085772_yw_038974,0,background_false_accept
lvis_000000376625,lvis_000000376625_yw_183947,0,background_false_accept
lvis_000000127624,lvis_000000127624_yw_056891,0,background_false_accept
lvis_000000431727,lvis_000000431727_yw_210615,0,background_false_accept
lvis_000000127624,lvis_000000127624_yw_056892,0,background_false_accept
lvis_000000157601,lvis_000000157601_yw_074873,0,background_false_accept
lvis_000000376625,lvis_000000376625_yw_183948,0,background_false_accept
lvis_000000356612,lvis_000000356612_yw_173861,0,background_false_accept
lvis_000000441468,lvis_000000441468_yw_215773,0,background_false_accept
lvis_000000376625,lvis_000000376625_yw_183950,0,background_false_accept
lvis_000000094185,lvis_000000094185_yw_042280,0,background_false_accept
lvis_000000094185,lvis_000000094185_yw_042281,0,background_false_accept
lvis_000000079837,lvis_000000079837_yw_035403,0,background_false_accept
lvis_000000222825,lvis_000000222825_yw_109084,0,unknown_false_accept
lvis_000000033221,lvis_000000033221_yw_015663,0,background_false_accept
lvis_000000356612,lvis_000000356612_yw_173862,0,background_false_accept
lvis_000000471893,lvis_000000471893_yw_230716,0,background_false_accept
lvis_000000387098,lvis_000000387098_yw_189900,0,unknown_false_accept
lvis_000000094185,lvis_000000094185_yw_042282,0,background_false_accept
lvis_000000204871,lvis_000000204871_yw_099753,0,background_false_accept
lvis_000000356612,lvis_000000356612_yw_173864,0,background_false_accept
lvis_000000387098,lvis_000000387098_yw_189901,0,background_false_accept
lvis_000000295420,lvis_000000295420_yw_144732,0,background_false_accept
lvis_000000295420,lvis_000000295420_yw_144733,0,background_false_accept
lvis_000000212573,lvis_000000212573_yw_103726,0,background_false_accept
lvis_000000360393,lvis_000000360393_yw_175324,0,unknown_false_accept
lvis_000000079837,lvis_000000079837_yw_035405,0,background_false_accept
lvis_000000094185,lvis_000000094185_yw_042285,0,background_false_accept
lvis_000000414510,lvis_000000414510_yw_202482,0,background_false_accept
lvis_000000204871,lvis_000000204871_yw_099754,0,background_false_accept
lvis_000000482970,lvis_000000482970_yw_236130,0,background_false_accept
lvis_000000506279,lvis_000000506279_yw_245421,0,background_false_accept
lvis_000000133969,lvis_000000133969_yw_061178,0,background_false_accept
lvis_000000310072,lvis_000000310072_yw_152810,0,background_false_accept
lvis_000000085576,lvis_000000085576_yw_038785,0,background_false_accept
lvis_000000310072,lvis_000000310072_yw_152811,0,background_false_accept
lvis_000000506279,lvis_000000506279_yw_245422,0,unknown_false_accept
lvis_000000473869,lvis_000000473869_yw_231298,0,background_false_accept
lvis_000000431727,lvis_000000431727_yw_210616,0,background_false_accept
lvis_000000295420,lvis_000000295420_yw_144734,0,background_false_accept
lvis_000000127624,lvis_000000127624_yw_056895,0,background_false_accept
lvis_000000012639,lvis_000000012639_yw_005853,0,background_false_accept
lvis_000000329041,lvis_000000329041_yw_160400,0,wrong_known_class_or_duplicate
lvis_000000356612,lvis_000000356612_yw_173865,0,background_false_accept
lvis_000000204871,lvis_000000204871_yw_099756,0,background_false_accept
lvis_000000085157,lvis_000000085157_yw_038661,0,unknown_false_accept
lvis_000000133969,lvis_000000133969_yw_061180,0,background_false_accept
lvis_000000012639,lvis_000000012639_yw_005855,0,background_false_accept
lvis_000000471893,lvis_000000471893_yw_230719,0,background_false_accept
lvis_000000376625,lvis_000000376625_yw_183952,0,background_false_accept
lvis_000000441468,lvis_000000441468_yw_215778,0,background_false_accept
lvis_000000287347,lvis_000000287347_yw_139825,0,background_false_accept
lvis_000000507223,lvis_000000507223_yw_246420,0,background_false_accept
lvis_000000039670,lvis_000000039670_yw_018148,0,background_false_accept
lvis_000000376625,lvis_000000376625_yw_183953,0,wrong_known_class_or_duplicate
lvis_000000094185,lvis_000000094185_yw_042288,0,background_false_accept
lvis_000000127624,lvis_000000127624_yw_056897,0,background_false_accept
lvis_000000079837,lvis_000000079837_yw_035406,0,background_false_accept
lvis_000000414170,lvis_000000414170_yw_202278,0,unknown_false_accept
lvis_000000393115,lvis_000000393115_yw_192240,0,background_false_accept
lvis_000000471893,lvis_000000471893_yw_230721,0,background_false_accept
lvis_000000204871,lvis_000000204871_yw_099758,0,background_false_accept
lvis_000000356427,lvis_000000356427_yw_173418,0,background_false_accept
lvis_000000212573,lvis_000000212573_yw_103730,0,background_false_accept
lvis_000000295420,lvis_000000295420_yw_144736,0,background_false_accept
lvis_000000204871,lvis_000000204871_yw_099759,0,background_false_accept
lvis_000000039670,lvis_000000039670_yw_018149,0,background_false_accept
lvis_000000310072,lvis_000000310072_yw_152812,0,background_false_accept
lvis_000000356612,lvis_000000356612_yw_173872,0,background_false_accept
lvis_000000356612,lvis_000000356612_yw_173873,0,background_false_accept
lvis_000000328238,lvis_000000328238_yw_159985,0,background_false_accept
lvis_000000212573,lvis_000000212573_yw_103733,0,background_false_accept
lvis_000000356612,lvis_000000356612_yw_173875,0,background_false_accept
lvis_000000356612,lvis_000000356612_yw_173876,0,background_false_accept
lvis_000000484893,lvis_000000484893_yw_236791,0,background_false_accept
lvis_000000356612,lvis_000000356612_yw_173877,0,background_false_accept
lvis_000000295420,lvis_000000295420_yw_144737,0,background_false_accept
lvis_000000546717,lvis_000000546717_yw_264935,0,unknown_false_accept
lvis_000000013659,lvis_000000013659_yw_006610,0,unknown_false_accept
lvis_000000528980,lvis_000000528980_yw_256328,0,background_false_accept
lvis_000000486438,lvis_000000486438_yw_237412,0,background_false_accept
lvis_000000529568,lvis_000000529568_yw_256568,0,background_false_accept
lvis_000000323202,lvis_000000323202_yw_157933,0,unknown_false_accept
lvis_000000331317,lvis_000000331317_yw_161478,0,background_false_accept
lvis_000000414510,lvis_000000414510_yw_202483,0,background_false_accept
lvis_000000507223,lvis_000000507223_yw_246426,0,background_false_accept
lvis_000000507223,lvis_000000507223_yw_246427,0,background_false_accept
lvis_000000094185,lvis_000000094185_yw_042291,0,background_false_accept
lvis_000000482970,lvis_000000482970_yw_236131,0,background_false_accept
lvis_000000529568,lvis_000000529568_yw_256569,0,unknown_false_accept
lvis_000000528980,lvis_000000528980_yw_256330,0,background_false_accept
lvis_000000130599,lvis_000000130599_yw_058399,0,background_false_accept
lvis_000000359219,lvis_000000359219_yw_174782,0,unknown_false_accept
lvis_000000312278,lvis_000000312278_yw_153800,0,background_false_accept
lvis_000000004134,lvis_000000004134_yw_001985,0,background_false_accept
lvis_000000185802,lvis_000000185802_yw_090432,0,background_false_accept
lvis_000000356612,lvis_000000356612_yw_173880,0,background_false_accept
lvis_000000528980,lvis_000000528980_yw_256331,0,background_false_accept
lvis_000000012639,lvis_000000012639_yw_005856,0,wrong_known_class_or_duplicate
lvis_000000262440,lvis_000000262440_yw_127762,0,background_false_accept
lvis_000000013659,lvis_000000013659_yw_006611,0,background_false_accept
lvis_000000528980,lvis_000000528980_yw_256332,0,background_false_accept
lvis_000000094185,lvis_000000094185_yw_042293,0,background_false_accept
lvis_000000033221,lvis_000000033221_yw_015667,0,background_false_accept
lvis_000000331317,lvis_000000331317_yw_161480,0,background_false_accept
lvis_000000245915,lvis_000000245915_yw_120507,0,background_false_accept
lvis_000000004134,lvis_000000004134_yw_001986,0,background_false_accept
lvis_000000528980,lvis_000000528980_yw_256334,0,background_false_accept
lvis_000000094185,lvis_000000094185_yw_042294,0,background_false_accept
lvis_000000183437,lvis_000000183437_yw_089046,0,background_false_accept
lvis_000000506178,lvis_000000506178_yw_245404,0,wrong_known_class_or_duplicate
lvis_000000245915,lvis_000000245915_yw_120508,0,background_false_accept
lvis_000000094185,lvis_000000094185_yw_042295,0,background_false_accept
lvis_000000204871,lvis_000000204871_yw_099760,0,background_false_accept
lvis_000000485424,lvis_000000485424_yw_236972,0,background_false_accept
lvis_000000528980,lvis_000000528980_yw_256335,0,background_false_accept
lvis_000000323571,lvis_000000323571_yw_158169,0,background_false_accept
lvis_000000387098,lvis_000000387098_yw_189902,0,background_false_accept
lvis_000000441468,lvis_000000441468_yw_215780,0,background_false_accept
lvis_000000312278,lvis_000000312278_yw_153801,0,background_false_accept
lvis_000000052413,lvis_000000052413_yw_022747,0,background_false_accept
lvis_000000085157,lvis_000000085157_yw_038663,0,background_false_accept
lvis_000000356612,lvis_000000356612_yw_173882,0,background_false_accept
lvis_000000393115,lvis_000000393115_yw_192242,0,background_false_accept
lvis_000000331317,lvis_000000331317_yw_161481,0,background_false_accept
lvis_000000528980,lvis_000000528980_yw_256336,0,background_false_accept
lvis_000000312278,lvis_000000312278_yw_153803,0,background_false_accept
lvis_000000212573,lvis_000000212573_yw_103735,0,background_false_accept
lvis_000000133969,lvis_000000133969_yw_061184,0,background_false_accept
lvis_000000376625,lvis_000000376625_yw_183957,0,background_false_accept
lvis_000000356612,lvis_000000356612_yw_173884,0,background_false_accept
lvis_000000528980,lvis_000000528980_yw_256337,0,background_false_accept
lvis_000000127624,lvis_000000127624_yw_056902,0,background_false_accept
lvis_000000212573,lvis_000000212573_yw_103736,0,background_false_accept
lvis_000000356612,lvis_000000356612_yw_173885,0,background_false_accept
lvis_000000009448,lvis_000000009448_yw_004447,0,background_false_accept
lvis_000000323202,lvis_000000323202_yw_157934,0,background_false_accept
lvis_000000212573,lvis_000000212573_yw_103737,0,background_false_accept
lvis_000000183437,lvis_000000183437_yw_089047,0,background_false_accept
lvis_000000127624,lvis_000000127624_yw_056903,0,background_false_accept
lvis_000000130599,lvis_000000130599_yw_058401,0,background_false_accept
lvis_000000514586,lvis_000000514586_yw_250291,0,background_false_accept
lvis_000000387098,lvis_000000387098_yw_189903,0,background_false_accept
lvis_000000484893,lvis_000000484893_yw_236796,0,background_false_accept
lvis_000000158744,lvis_000000158744_yw_075508,0,background_false_accept
lvis_000000009448,lvis_000000009448_yw_004448,0,background_false_accept
lvis_000000485424,lvis_000000485424_yw_236973,0,background_false_accept
lvis_000000356427,lvis_000000356427_yw_173420,0,background_false_accept
lvis_000000013659,lvis_000000013659_yw_006615,0,background_false_accept
lvis_000000222825,lvis_000000222825_yw_109085,0,background_false_accept
lvis_000000528980,lvis_000000528980_yw_256338,0,background_false_accept
lvis_000000245173,lvis_000000245173_yw_120140,0,background_false_accept
lvis_000000441468,lvis_000000441468_yw_215782,0,background_false_accept
lvis_000000486438,lvis_000000486438_yw_237413,0,background_false_accept
lvis_000000212573,lvis_000000212573_yw_103739,0,background_false_accept
lvis_000000158744,lvis_000000158744_yw_075509,0,unknown_false_accept
lvis_000000529568,lvis_000000529568_yw_256570,0,unknown_false_accept
lvis_000000091654,lvis_000000091654_yw_041419,0,unknown_false_accept
lvis_000000506178,lvis_000000506178_yw_245409,0,background_false_accept
lvis_000000485424,lvis_000000485424_yw_236975,0,background_false_accept
lvis_000000427649,lvis_000000427649_yw_208511,0,background_false_accept
lvis_000000485424,lvis_000000485424_yw_236976,0,background_false_accept
lvis_000000482970,lvis_000000482970_yw_236132,0,background_false_accept
lvis_000000245915,lvis_000000245915_yw_120509,0,background_false_accept
lvis_000000079837,lvis_000000079837_yw_035412,0,background_false_accept
lvis_000000376625,lvis_000000376625_yw_183962,0,background_false_accept
lvis_000000127624,lvis_000000127624_yw_056906,0,background_false_accept
lvis_000000133969,lvis_000000133969_yw_061186,0,background_false_accept
lvis_000000191288,lvis_000000191288_yw_093700,0,background_false_accept
lvis_000000204871,lvis_000000204871_yw_099762,0,background_false_accept
lvis_000000275392,lvis_000000275392_yw_133210,0,background_false_accept
lvis_000000191288,lvis_000000191288_yw_093701,0,background_false_accept
lvis_000000204871,lvis_000000204871_yw_099763,0,background_false_accept
lvis_000000183437,lvis_000000183437_yw_089049,0,background_false_accept
lvis_000000085157,lvis_000000085157_yw_038666,0,unknown_false_accept
lvis_000000312278,lvis_000000312278_yw_153806,0,background_false_accept
lvis_000000103723,lvis_000000103723_yw_046399,0,background_false_accept
lvis_000000094185,lvis_000000094185_yw_042298,0,background_false_accept
lvis_000000079837,lvis_000000079837_yw_035413,0,background_false_accept
lvis_000000033221,lvis_000000033221_yw_015668,0,background_false_accept
lvis_000000185802,lvis_000000185802_yw_090434,0,background_false_accept
lvis_000000356612,lvis_000000356612_yw_173888,0,background_false_accept
lvis_000000528980,lvis_000000528980_yw_256339,0,background_false_accept
lvis_000000443844,lvis_000000443844_yw_217475,0,background_false_accept
lvis_000000212573,lvis_000000212573_yw_103742,0,background_false_accept
lvis_000000329041,lvis_000000329041_yw_160410,0,background_false_accept
lvis_000000094185,lvis_000000094185_yw_042299,0,background_false_accept
lvis_000000204871,lvis_000000204871_yw_099767,0,background_false_accept
lvis_000000407943,lvis_000000407943_yw_198439,0,background_false_accept
lvis_000000127624,lvis_000000127624_yw_056908,0,background_false_accept
lvis_000000158744,lvis_000000158744_yw_075513,0,unknown_false_accept
lvis_000000507223,lvis_000000507223_yw_246439,0,background_false_accept
lvis_000000158744,lvis_000000158744_yw_075514,0,background_false_accept
lvis_000000356612,lvis_000000356612_yw_173892,0,background_false_accept
lvis_000000212573,lvis_000000212573_yw_103743,0,background_false_accept
lvis_000000085772,lvis_000000085772_yw_038975,0,background_false_accept
lvis_000000004134,lvis_000000004134_yw_001994,0,background_false_accept
lvis_000000245173,lvis_000000245173_yw_120142,0,background_false_accept
lvis_000000485424,lvis_000000485424_yw_236977,0,background_false_accept
lvis_000000295420,lvis_000000295420_yw_144740,0,background_false_accept
lvis_000000033221,lvis_000000033221_yw_015669,0,background_false_accept
lvis_000000507223,lvis_000000507223_yw_246441,0,background_false_accept
lvis_000000484893,lvis_000000484893_yw_236799,0,background_false_accept
lvis_000000444275,lvis_000000444275_yw_217658,0,unknown_false_accept
lvis_000000130599,lvis_000000130599_yw_058403,0,wrong_known_class_or_duplicate
lvis_000000039670,lvis_000000039670_yw_018151,0,background_false_accept
lvis_000000039670,lvis_000000039670_yw_018152,0,background_false_accept
lvis_000000528980,lvis_000000528980_yw_256345,0,background_false_accept
lvis_000000185802,lvis_000000185802_yw_090435,0,background_false_accept
lvis_000000094185,lvis_000000094185_yw_042303,0,background_false_accept
lvis_000000471789,lvis_000000471789_yw_230648,0,background_false_accept
lvis_000000212573,lvis_000000212573_yw_103745,0,background_false_accept
lvis_000000323571,lvis_000000323571_yw_158171,0,background_false_accept
lvis_000000214703,lvis_000000214703_yw_105343,0,wrong_known_class_or_duplicate
lvis_000000323571,lvis_000000323571_yw_158172,0,background_false_accept
lvis_000000158744,lvis_000000158744_yw_075518,0,background_false_accept
lvis_000000052413,lvis_000000052413_yw_022754,0,background_false_accept
lvis_000000079837,lvis_000000079837_yw_035420,0,background_false_accept
lvis_000000287347,lvis_000000287347_yw_139826,0,background_false_accept
lvis_000000471789,lvis_000000471789_yw_230649,0,background_false_accept
lvis_000000158744,lvis_000000158744_yw_075519,0,background_false_accept
lvis_000000039670,lvis_000000039670_yw_018153,0,background_false_accept
lvis_000000471893,lvis_000000471893_yw_230728,0,unknown_false_accept
lvis_000000471789,lvis_000000471789_yw_230650,0,background_false_accept
lvis_000000376625,lvis_000000376625_yw_183965,0,background_false_accept
lvis_000000079837,lvis_000000079837_yw_035421,0,background_false_accept
lvis_000000458223,lvis_000000458223_yw_223734,0,background_false_accept
lvis_000000085772,lvis_000000085772_yw_038976,0,background_false_accept
lvis_000000356612,lvis_000000356612_yw_173897,0,background_false_accept
lvis_000000212573,lvis_000000212573_yw_103749,0,background_false_accept
lvis_000000507223,lvis_000000507223_yw_246443,0,background_false_accept
lvis_000000158744,lvis_000000158744_yw_075520,0,background_false_accept
lvis_000000356427,lvis_000000356427_yw_173421,0,background_false_accept
lvis_000000158744,lvis_000000158744_yw_075521,0,background_false_accept
lvis_000000094185,lvis_000000094185_yw_042304,0,background_false_accept
lvis_000000094185,lvis_000000094185_yw_042305,0,background_false_accept
lvis_000000013659,lvis_000000013659_yw_006619,0,background_false_accept
lvis_000000130599,lvis_000000130599_yw_058404,0,background_false_accept
lvis_000000133969,lvis_000000133969_yw_061193,0,background_false_accept
lvis_000000489091,lvis_000000489091_yw_237878,0,background_false_accept
lvis_000000012639,lvis_000000012639_yw_005862,0,background_false_accept
lvis_000000191288,lvis_000000191288_yw_093704,0,background_false_accept
lvis_000000312278,lvis_000000312278_yw_153808,0,background_false_accept
lvis_000000356612,lvis_000000356612_yw_173901,0,background_false_accept
lvis_000000310072,lvis_000000310072_yw_152822,0,background_false_accept
lvis_000000441468,lvis_000000441468_yw_215787,0,background_false_accept
lvis_000000157601,lvis_000000157601_yw_074881,0,background_false_accept
lvis_000000356612,lvis_000000356612_yw_173903,0,background_false_accept
lvis_000000310072,lvis_000000310072_yw_152823,0,background_false_accept
lvis_000000471789,lvis_000000471789_yw_230651,0,background_false_accept
lvis_000000300842,lvis_000000300842_yw_147236,0,background_false_accept
lvis_000000356612,lvis_000000356612_yw_173904,0,background_false_accept
lvis_000000103723,lvis_000000103723_yw_046401,0,background_false_accept
lvis_000000356612,lvis_000000356612_yw_173905,0,background_false_accept
lvis_000000485424,lvis_000000485424_yw_236980,0,unknown_false_accept
lvis_000000376625,lvis_000000376625_yw_183967,0,background_false_accept
lvis_000000528980,lvis_000000528980_yw_256347,0,background_false_accept
lvis_000000329041,lvis_000000329041_yw_160415,0,background_false_accept
lvis_000000127624,lvis_000000127624_yw_056909,0,background_false_accept
lvis_000000295420,lvis_000000295420_yw_144742,0,background_false_accept
lvis_000000376625,lvis_000000376625_yw_183968,0,background_false_accept
lvis_000000376625,lvis_000000376625_yw_183969,0,background_false_accept
lvis_000000356612,lvis_000000356612_yw_173906,0,background_false_accept
lvis_000000356427,lvis_000000356427_yw_173422,0,unknown_false_accept
lvis_000000152120,lvis_000000152120_yw_071787,0,background_false_accept
lvis_000000079837,lvis_000000079837_yw_035425,0,background_false_accept
lvis_000000323571,lvis_000000323571_yw_158174,0,background_false_accept
lvis_000000094185,lvis_000000094185_yw_042309,0,background_false_accept
lvis_000000323571,lvis_000000323571_yw_158175,0,background_false_accept
lvis_000000273198,lvis_000000273198_yw_132053,0,background_false_accept
lvis_000000356612,lvis_000000356612_yw_173909,0,background_false_accept
lvis_000000135673,lvis_000000135673_yw_062058,0,background_false_accept
lvis_000000245173,lvis_000000245173_yw_120143,0,background_false_accept
lvis_000000414510,lvis_000000414510_yw_202489,0,background_false_accept
