score_col,mode_family,ap_rank_preserving_by_design,threshold,cal_balanced,cal_precision,cal_recall,cal_unknown_reject,cal_num_accepted,cal_unknown_false_accept,cal_background_false_accepts,cal_tp_known,cal_AP50,cal_AP75,cal_AP,stream_hash,acceptance_mask_hash,canonical_stream,alpha,gamma,beta
raw_score,raw,True,0.0025965693639590746,0.11334339432811419,0.044511668107173726,0.8956521739130435,0.3465346534653465,2314,66,2085,103,0.40943936295239913,0.3416628261764386,0.3396975260994012,1c921a4bdb3b8d9bdedfd53b9141d3a6762dbb36ef463af175c3591551e8e380,27f1241b5fbe5bc91f8fd21ca6778b44724c542ed515a537fbd7ced2edd6463a,raw_score,,,
raw_score,raw,True,0.00825719581916925,0.16214595384749936,0.06675307841866494,0.8956521739130435,0.4158415841584159,1543,59,1331,103,0.40943936295239913,0.3416628261764386,0.3396975260994012,1c921a4bdb3b8d9bdedfd53b9141d3a6762dbb36ef463af175c3591551e8e380,6df02fa94d054d8ee39d3561bf8cf81f6868813310147e5b1de5474c6267856a,raw_score,,,
raw_score,raw,True,0.0397216025739908,0.23689033703288873,0.10691144708423327,0.8608695652173913,0.4653465346534653,926,54,732,99,0.40943936295239913,0.3416628261764386,0.3396975260994012,1c921a4bdb3b8d9bdedfd53b9141d3a6762dbb36ef463af175c3591551e8e380,394b419fe1fe00bc24e5920e5624a4db353447c28b0ae4fe5f4f75f8baf4354f,raw_score,,,
raw_score,raw,True,0.05,0.24805765512392336,0.11342592592592593,0.8521739130434782,0.4752475247524752,864,53,674,98,0.40943936295239913,0.3416628261764386,0.3396975260994012,1c921a4bdb3b8d9bdedfd53b9141d3a6762dbb36ef463af175c3591551e8e380,ba88ebbe8b741a8fc07d836161a7cb8e714b4db6df3c6dfd60374543b69e652a,raw_score,,,
raw_score,raw,True,0.1,0.29474444645114684,0.14285714285714285,0.8347826086956521,0.504950495049505,672,50,491,96,0.40943936295239913,0.3416628261764386,0.3396975260994012,1c921a4bdb3b8d9bdedfd53b9141d3a6762dbb36ef463af175c3591551e8e380,9a51067acfd64b62e0bc9464c87a127a3c49ce1160ec5ccf0fdb67ca90f22ae8,raw_score,,,
raw_score,raw,True,0.1189209371805191,0.31442991039241935,0.1553398058252427,0.8347826086956521,0.5247524752475248,618,48,443,96,0.40943936295239913,0.3416628261764386,0.3396975260994012,1c921a4bdb3b8d9bdedfd53b9141d3a6762dbb36ef463af175c3591551e8e380,4b7fc17bffd3c246e72e5fe8e30a357880261c855638ebfbdf31b2f9610d16fa,raw_score,,,
raw_score,raw,True,0.15,0.3354471334282386,0.1702127659574468,0.8347826086956521,0.5346534653465347,564,47,392,96,0.40943936295239913,0.3416628261764386,0.3396975260994012,1c921a4bdb3b8d9bdedfd53b9141d3a6762dbb36ef463af175c3591551e8e380,7e00060709e8d8ee989384a8d9df56fb9358851d64e2e6842b50686a6e304ec5,raw_score,,,
raw_score,raw,True,0.2,0.35884240074856305,0.18571428571428572,0.7913043478260869,0.5841584158415842,490,42,330,91,0.40943936295239913,0.3416628261764386,0.3396975260994012,1c921a4bdb3b8d9bdedfd53b9141d3a6762dbb36ef463af175c3591551e8e380,0bb34ede68dbb9b46388113df032697521f1602f5ba09dc53b2bf51ef33ea410,raw_score,,,
raw_score,raw,True,0.25,0.38782596854360996,0.20554272517321015,0.7739130434782608,0.6336633663366337,433,37,285,89,0.40943936295239913,0.3416628261764386,0.3396975260994012,1c921a4bdb3b8d9bdedfd53b9141d3a6762dbb36ef463af175c3591551e8e380,31bc1d418864b358144ce99cd462ac52aa77271e69864f11a4c6f73fcdc07ef4,raw_score,,,
raw_score,raw,True,0.3,0.40339527306212075,0.2185089974293059,0.7391304347826086,0.6633663366336633,389,34,250,85,0.40943936295239913,0.3416628261764386,0.3396975260994012,1c921a4bdb3b8d9bdedfd53b9141d3a6762dbb36ef463af175c3591551e8e380,f1ea1d65a0443fc8c0247a8b4d8d545e176b2c973ae05e64eb9daa5f570a21fd,raw_score,,,
raw_score,raw,True,0.35,0.432623256038881,0.2413793103448276,0.7304347826086957,0.7029702970297029,348,30,213,84,0.40943936295239913,0.3416628261764386,0.3396975260994012,1c921a4bdb3b8d9bdedfd53b9141d3a6762dbb36ef463af175c3591551e8e380,19387a3912675fdaf079fbc1da576939ee0312952c4dc6be8561c56db3ad9e8a,raw_score,,,
raw_score,raw,True,0.4,0.43777867855695174,0.24922118380062305,0.6956521739130435,0.7128712871287128,321,29,194,80,0.40943936295239913,0.3416628261764386,0.3396975260994012,1c921a4bdb3b8d9bdedfd53b9141d3a6762dbb36ef463af175c3591551e8e380,48811572f674baf714faf0a5ffb2e6acbe296bf5e2dd26cd44dddb4bdb472c4a,raw_score,,,
raw_score,raw,True,0.41966159641742706,0.44886247181799543,0.2588996763754045,0.6956521739130435,0.7227722772277227,309,28,184,80,0.40943936295239913,0.3416628261764386,0.3396975260994012,1c921a4bdb3b8d9bdedfd53b9141d3a6762dbb36ef463af175c3591551e8e380,6bc869525f219f8fcb705286cac96f39ddce1cd2717c71b11f4ec31d2c4cf16b,raw_score,,,
raw_score,raw,True,0.5,0.4578652468430296,0.27547169811320754,0.6347826086956522,0.7425742574257426,265,26,152,73,0.40943936295239913,0.3416628261764386,0.3396975260994012,1c921a4bdb3b8d9bdedfd53b9141d3a6762dbb36ef463af175c3591551e8e380,481d0a81e34cbc10605b8b58c9d565a734e5eaba316d3c8c2a3f679af421ef90,raw_score,,,
raw_score,raw,True,0.6,0.5075015309246784,0.3385416666666667,0.5652173913043478,0.8415841584158416,192,16,103,65,0.40943936295239913,0.3416628261764386,0.3396975260994012,1c921a4bdb3b8d9bdedfd53b9141d3a6762dbb36ef463af175c3591551e8e380,bdd2e63efcff360bf385730aaeac2f63d9c76b3d55f6d22f62dc88ca9e6d4b16,raw_score,,,
raw_score,raw,True,0.6656326353549957,0.5025836279575742,0.36129032258064514,0.48695652173913045,0.8712871287128713,155,13,82,56,0.40943936295239913,0.3416628261764386,0.3396975260994012,1c921a4bdb3b8d9bdedfd53b9141d3a6762dbb36ef463af175c3591551e8e380,6e4c6ecd3f06400af419c85a206b09580f230fe42d8c4e21f7f9edc3177ff644,raw_score,,,
raw_score,raw,True,0.7,0.5159242408210771,0.3925925925925926,0.4608695652173913,0.9108910891089109,135,9,69,53,0.40943936295239913,0.3416628261764386,0.3396975260994012,1c921a4bdb3b8d9bdedfd53b9141d3a6762dbb36ef463af175c3591551e8e380,44e050131fac15569d11fb99e764ab4682a747f70c84e49597fa684e7b42aa79,raw_score,,,
raw_score,raw,True,0.8,0.45564353778016375,0.4430379746835443,0.30434782608695654,0.9603960396039604,79,4,39,35,0.40943936295239913,0.3416628261764386,0.3396975260994012,1c921a4bdb3b8d9bdedfd53b9141d3a6762dbb36ef463af175c3591551e8e380,542199c894748429097454fb756e77711228af2422935515300a008966ee1b5c,raw_score,,,
raw_score,raw,True,0.9,0.1836734693877551,0.391304347826087,0.0782608695652174,1.0,23,0,14,9,0.40943936295239913,0.3416628261764386,0.3396975260994012,1c921a4bdb3b8d9bdedfd53b9141d3a6762dbb36ef463af175c3591551e8e380,1929a2e2537469dcf3307166da2f48e1920845117e3c9ac9b957a1946d771389,raw_score,,,
raw_score,raw,True,0.95008784532547,0.02564102564102564,1.0,0.008695652173913044,1.0,1,0,0,1,0.40943936295239913,0.3416628261764386,0.3396975260994012,1c921a4bdb3b8d9bdedfd53b9141d3a6762dbb36ef463af175c3591551e8e380,1bbc89ce44747a849c21d6146a79510c5fa678a77f0ce9a30234b295a26c035d,raw_score,,,
geometry_risk_score,geometry,False,0.02201638479184584,0.11401531772308428,0.044511668107173726,0.8956521739130435,0.36633663366336633,2314,64,2083,103,0.40943936295239913,0.3416628261764386,0.3396975260994012,dc54ed5b31efbcab926637b2941391a287d079d0095118854d8568367575b17b,1e43eef95ad681c72a6e7dc55d709b0feed86f0bd234ced12885a744791fcaf5,geometry_risk_score,,,
geometry_risk_score,geometry,False,0.05,0.15046084284968986,0.06091070372560615,0.8956521739130435,0.4158415841584159,1691,59,1478,103,0.40943936295239913,0.3416628261764386,0.3396975260994012,dc54ed5b31efbcab926637b2941391a287d079d0095118854d8568367575b17b,d983284b52cf425dd8bb212bff8e438437cd0c8ea5c00f070b77c42b7c8c9a35,geometry_risk_score,,,
geometry_risk_score,geometry,False,0.06181660665719497,0.1631095915062084,0.06675307841866494,0.8956521739130435,0.4356435643564357,1543,57,1333,103,0.40943936295239913,0.3416628261764386,0.3396975260994012,dc54ed5b31efbcab926637b2941391a287d079d0095118854d8568367575b17b,ad6b5b3cc7d4f7e80adb7085e1f7ec08d2bcb0285024db2edeeeb751d9e39a84,geometry_risk_score,,,
geometry_risk_score,geometry,False,0.1,0.19320464553206773,0.08155186064924783,0.8956521739130435,0.4653465346534653,1263,54,1062,103,0.40943936295239913,0.3416628261764386,0.3396975260994012,dc54ed5b31efbcab926637b2941391a287d079d0095118854d8568367575b17b,891ca26d1393ca18e4bcd8068a88e8c81f8853e4b93c2afae4bf8996b02d001d,geometry_risk_score,,,
geometry_risk_score,geometry,False,0.15,0.21631174339489267,0.09400921658986175,0.8869565217391304,0.4752475247524752,1085,53,890,102,0.40943936295239913,0.3416628261764386,0.3396975260994012,dc54ed5b31efbcab926637b2941391a287d079d0095118854d8568367575b17b,511b417c354b5fa925a82739fd7a784a7adefa49aa1aea2236194b73fbbedb5e,geometry_risk_score,,,
geometry_risk_score,geometry,False,0.1978511661978235,0.24135156878519712,0.1079913606911447,0.8695652173913043,0.49504950495049505,926,51,739,100,0.40943936295239913,0.3416628261764386,0.3396975260994012,dc54ed5b31efbcab926637b2941391a287d079d0095118854d8568367575b17b,757a39d049b16ce761225fa8dc6e0dbf8da88f6e742bc821dc4769b7500cc02f,geometry_risk_score,,,
geometry_risk_score,geometry,False,0.2,0.2423263327948304,0.10857763300760044,0.8695652173913043,0.49504950495049505,921,51,734,100,0.40943936295239913,0.3416628261764386,0.3396975260994012,dc54ed5b31efbcab926637b2941391a287d079d0095118854d8568367575b17b,c569ea63b68c08d4fc69b2eaa7db0a74e1ea26127381cbe56bb7e56a432d5e4e,geometry_risk_score,,,
geometry_risk_score,geometry,False,0.25,0.26268800219765126,0.12062726176115803,0.8695652173913043,0.504950495049505,829,50,643,100,0.40943936295239913,0.3416628261764386,0.3396975260994012,dc54ed5b31efbcab926637b2941391a287d079d0095118854d8568367575b17b,a16163458cfbac0eda1b6ab61e770cca698af28350e1a9384407cc338db6c292,geometry_risk_score,,,
geometry_risk_score,geometry,False,0.3,0.2830312057252879,0.13297150610583447,0.8521739130434782,0.5247524752475248,737,48,559,98,0.40943936295239913,0.3416628261764386,0.3396975260994012,dc54ed5b31efbcab926637b2941391a287d079d0095118854d8568367575b17b,fa9c140b0acd8db63e83db43bcbdbe442c502912242c2a68dd431a4a88480eeb,geometry_risk_score,,,
geometry_risk_score,geometry,False,0.35,0.2983312133351053,0.14285714285714285,0.8434782608695652,0.5346534653465347,679,47,505,97,0.40943936295239913,0.3416628261764386,0.3396975260994012,dc54ed5b31efbcab926637b2941391a287d079d0095118854d8568367575b17b,8364c79481b6409074d13f06373becaf84e963489daeb1a381ff086e5764c23c,geometry_risk_score,,,
geometry_risk_score,geometry,False,0.3972810311045351,0.3080296830027608,0.1488673139158576,0.8,0.5643564356435644,618,44,455,92,0.40943936295239913,0.3416628261764386,0.3396975260994012,dc54ed5b31efbcab926637b2941391a287d079d0095118854d8568367575b17b,4e9bcd2a090efe10cb8a98e7eb892a87ddd118bc1fefca7e83ddc8f4aea8c2b9,geometry_risk_score,,,
geometry_risk_score,geometry,False,0.4,0.3097582106009294,0.1500815660685155,0.8,0.5643564356435644,613,44,450,92,0.40943936295239913,0.3416628261764386,0.3396975260994012,dc54ed5b31efbcab926637b2941391a287d079d0095118854d8568367575b17b,8b3d37549e49158d83cbd2c901b70cb9aa276a9daaf8376c4c448d60377efac8,geometry_risk_score,,,
geometry_risk_score,geometry,False,0.5,0.35018035909698864,0.17509727626459143,0.782608695652174,0.6336633663366337,514,37,366,90,0.40943936295239913,0.3416628261764386,0.3396975260994012,dc54ed5b31efbcab926637b2941391a287d079d0095118854d8568367575b17b,7435d23083d0dbb6a988b38082147918fb8d5b2003fa26d534bb24b5d65462eb,geometry_risk_score,,,
geometry_risk_score,geometry,False,0.6,0.4038166410889438,0.21497584541062803,0.7739130434782608,0.6732673267326732,414,33,273,89,0.40943936295239913,0.3416628261764386,0.3396975260994012,dc54ed5b31efbcab926637b2941391a287d079d0095118854d8568367575b17b,aab7f9834caa409de8489f8624a0f083d10bb15ae74414969eaacc6b2d6ef60b,geometry_risk_score,,,
geometry_risk_score,geometry,False,0.7,0.44533492822966503,0.25,0.7391304347826086,0.7227722772277227,340,28,212,85,0.40943936295239913,0.3416628261764386,0.3396975260994012,dc54ed5b31efbcab926637b2941391a287d079d0095118854d8568367575b17b,3219f191b33f6906097be047adcbd655628107a5af72aa41b3f6bc0be13c5dcd,geometry_risk_score,,,
geometry_risk_score,geometry,False,0.7436251993241192,0.455841524724244,0.2621359223300971,0.7043478260869566,0.7425742574257426,309,26,188,81,0.40943936295239913,0.3416628261764386,0.3396975260994012,dc54ed5b31efbcab926637b2941391a287d079d0095118854d8568367575b17b,d5665bfc0d80856ae13e7d65ecb83f4bce74a1ca8d4187e950b8b28266e1f797,geometry_risk_score,,,
geometry_risk_score,geometry,False,0.8,0.48968046097433215,0.29571984435797666,0.6608695652173913,0.8118811881188119,257,19,151,76,0.40943936295239913,0.3416628261764386,0.3396975260994012,dc54ed5b31efbcab926637b2941391a287d079d0095118854d8568367575b17b,38fff6ccd889198be6cb19f71508567e99e2904992c5f26032b192ed2cff919e,geometry_risk_score,,,
geometry_risk_score,geometry,False,0.8880025209597264,0.5465090691899028,0.3935483870967742,0.5304347826086957,0.9405940594059405,155,6,84,61,0.40943936295239913,0.3416628261764386,0.3396975260994012,dc54ed5b31efbcab926637b2941391a287d079d0095118854d8568367575b17b,000f3f07c4dce8ba8eebff71e9589c27dda444290081caf283b3279879dd3f49,geometry_risk_score,,,
geometry_risk_score,geometry,False,0.9,0.5427463782901449,0.4148148148148148,0.48695652173913045,0.9405940594059405,135,6,70,56,0.40943936295239913,0.3416628261764386,0.3396975260994012,dc54ed5b31efbcab926637b2941391a287d079d0095118854d8568367575b17b,dd4bb826b30a4d9732f1c21d051e6da8748a6912dca377ff6790b7b0030680b7,geometry_risk_score,,,
geometry_risk_score,geometry,False,0.9858878259281064,0.02564102564102564,1.0,0.008695652173913044,1.0,1,0,0,1,0.40943936295239913,0.3416628261764386,0.3396975260994012,dc54ed5b31efbcab926637b2941391a287d079d0095118854d8568367575b17b,6e775689f040b2a6e819ec76ea04dc8eeff94ac32dbc56a75bf7efe7fae246ed,geometry_risk_score,,,
geometry_alpha_0p050,alpha_blend,False,0.003815005639063542,0.1136876960969677,0.044511668107173726,0.8956521739130435,0.3564356435643564,2314,65,2085,103,0.40943936295239913,0.3416628261764386,0.3396975260994012,8ea3d9829aac9c050a7ee967bddbc896d887c67c97d254b9ab0b5ed22c9479c1,87f2c0cad84f5e4caef88c6986a5406251b5ec6dd390d333750c6dce4ef6bcee,geometry_alpha_0p050,0.05,,
geometry_alpha_0p050,alpha_blend,False,0.010881779787611217,0.1626375509504633,0.06675307841866494,0.8956521739130435,0.4257425742574258,1543,58,1333,103,0.40943936295239913,0.3416628261764386,0.3396975260994012,8ea3d9829aac9c050a7ee967bddbc896d887c67c97d254b9ab0b5ed22c9479c1,537436f7e1be42560b79d0dcaf048ce449d4119fc8a3ee1c8459353608408677,geometry_alpha_0p050,0.05,,
geometry_alpha_0p050,alpha_blend,False,0.047124996417429524,0.23972830791769326,0.1079913606911447,0.8695652173913043,0.4752475247524752,926,53,732,100,0.40943936295239913,0.3416628261764386,0.3396975260994012,8ea3d9829aac9c050a7ee967bddbc896d887c67c97d254b9ab0b5ed22c9479c1,e017445caf903511c03bde7de1a8de3438958cc251d016da7785cf739bc34bd5,geometry_alpha_0p050,0.05,,
geometry_alpha_0p050,alpha_blend,False,0.05,0.24081487862970657,0.1087912087912088,0.8608695652173913,0.4752475247524752,910,53,718,99,0.40943936295239913,0.3416628261764386,0.3396975260994012,8ea3d9829aac9c050a7ee967bddbc896d887c67c97d254b9ab0b5ed22c9479c1,beb01e6235504ea28a89ef832257b384cac58b269be6887ad7f622a4107c274b,geometry_alpha_0p050,0.05,,
geometry_alpha_0p050,alpha_blend,False,0.1,0.28399071925754066,0.13540197461212977,0.8347826086956521,0.504950495049505,709,50,528,96,0.40943936295239913,0.3416628261764386,0.3396975260994012,8ea3d9829aac9c050a7ee967bddbc896d887c67c97d254b9ab0b5ed22c9479c1,253fc0c0da8e97450d6cb37214d9294b809d5fa809f7a9a92eb46a467c4ceda9,geometry_alpha_0p050,0.05,,
geometry_alpha_0p050,alpha_blend,False,0.130556814942777,0.31442991039241935,0.1553398058252427,0.8347826086956521,0.5247524752475248,618,48,443,96,0.40943936295239913,0.3416628261764386,0.3396975260994012,8ea3d9829aac9c050a7ee967bddbc896d887c67c97d254b9ab0b5ed22c9479c1,0189e0408c6bb934938b898a41aaabc7bcd0a874325b984672d38a1140e4aaf6,geometry_alpha_0p050,0.05,,
geometry_alpha_0p050,alpha_blend,False,0.15,0.32669523569447945,0.1635434412265758,0.8347826086956521,0.5346534653465347,587,47,414,96,0.40943936295239913,0.3416628261764386,0.3396975260994012,8ea3d9829aac9c050a7ee967bddbc896d887c67c97d254b9ab0b5ed22c9479c1,b68e62dfa7ef202ccc1a348803f3384f63aa2e503a473d8fa31f9e93689ff440,geometry_alpha_0p050,0.05,,
geometry_alpha_0p050,alpha_blend,False,0.2,0.3467786865152764,0.1780821917808219,0.7913043478260869,0.5643564356435644,511,44,349,91,0.40943936295239913,0.3416628261764386,0.3396975260994012,8ea3d9829aac9c050a7ee967bddbc896d887c67c97d254b9ab0b5ed22c9479c1,5e32a9efc14676ad2dd3ee5f8e05a9afc859f16c6d78da1cb50fc165993d19bc,geometry_alpha_0p050,0.05,,
geometry_alpha_0p050,alpha_blend,False,0.25,0.38120209762000806,0.20044543429844097,0.782608695652174,0.6237623762376238,449,38,298,90,0.40943936295239913,0.3416628261764386,0.3396975260994012,8ea3d9829aac9c050a7ee967bddbc896d887c67c97d254b9ab0b5ed22c9479c1,f620954f5c4980c6c6c546be252a9898f1342063723a167acacc53b058d5522e,geometry_alpha_0p050,0.05,,
geometry_alpha_0p050,alpha_blend,False,0.3,0.395302407516148,0.2125,0.7391304347826086,0.6534653465346535,400,35,260,85,0.40943936295239913,0.3416628261764386,0.3396975260994012,8ea3d9829aac9c050a7ee967bddbc896d887c67c97d254b9ab0b5ed22c9479c1,07c0ca33ee2f6daec76050324ae9006609674b815bfcef0e5fc5626a061fede9,geometry_alpha_0p050,0.05,,
geometry_alpha_0p050,alpha_blend,False,0.35,0.4293540125213432,0.23743016759776536,0.7391304347826086,0.7029702970297029,358,30,222,85,0.40943936295239913,0.3416628261764386,0.3396975260994012,8ea3d9829aac9c050a7ee967bddbc896d887c67c97d254b9ab0b5ed22c9479c1,51a2775405540d579f99e485424cd8b37d4531f5ec975778d485e139eb379c4e,geometry_alpha_0p050,0.05,,
geometry_alpha_0p050,alpha_blend,False,0.4,0.4338220526210082,0.24539877300613497,0.6956521739130435,0.7128712871287128,326,29,198,80,0.40943936295239913,0.3416628261764386,0.3396975260994012,8ea3d9829aac9c050a7ee967bddbc896d887c67c97d254b9ab0b5ed22c9479c1,2504e6f2d4527985a4b0186ebb3e88de85d099369ebe26ec7610c53c0ef2f3e9,geometry_alpha_0p050,0.05,,
geometry_alpha_0p050,alpha_blend,False,0.432337751887632,0.44886247181799543,0.2588996763754045,0.6956521739130435,0.7227722772277227,309,28,184,80,0.40943936295239913,0.3416628261764386,0.3396975260994012,8ea3d9829aac9c050a7ee967bddbc896d887c67c97d254b9ab0b5ed22c9479c1,6bc869525f219f8fcb705286cac96f39ddce1cd2717c71b11f4ec31d2c4cf16b,geometry_alpha_0p050,0.05,,
geometry_alpha_0p050,alpha_blend,False,0.5,0.45312844846612227,0.27037037037037037,0.6347826086956522,0.7425742574257426,270,26,157,73,0.40943936295239913,0.3416628261764386,0.3396975260994012,8ea3d9829aac9c050a7ee967bddbc896d887c67c97d254b9ab0b5ed22c9479c1,d43745fc922f0f6f4fd38180235bc0a18cea5c43574f7acf9d2a9a0ca64887a3,geometry_alpha_0p050,0.05,,
geometry_alpha_0p050,alpha_blend,False,0.6,0.5045569013071112,0.3316582914572864,0.5739130434782609,0.8415841584158416,199,16,109,66,0.40943936295239913,0.3416628261764386,0.3396975260994012,8ea3d9829aac9c050a7ee967bddbc896d887c67c97d254b9ab0b5ed22c9479c1,31baac5b24a3b02c0bd7e2ec5a2721196375315842db8d41af02687f49ada11f,geometry_alpha_0p050,0.05,,
geometry_alpha_0p050,alpha_blend,False,0.6783873837188205,0.5025836279575742,0.36129032258064514,0.48695652173913045,0.8712871287128713,155,13,82,56,0.40943936295239913,0.3416628261764386,0.3396975260994012,8ea3d9829aac9c050a7ee967bddbc896d887c67c97d254b9ab0b5ed22c9479c1,6e4c6ecd3f06400af419c85a206b09580f230fe42d8c4e21f7f9edc3177ff644,geometry_alpha_0p050,0.05,,
geometry_alpha_0p050,alpha_blend,False,0.7,0.5042316569909772,0.3724137931034483,0.46956521739130436,0.8811881188118812,145,12,75,54,0.40943936295239913,0.3416628261764386,0.3396975260994012,8ea3d9829aac9c050a7ee967bddbc896d887c67c97d254b9ab0b5ed22c9479c1,dc3af7f6b10f8bf35fb7511026ed7b374f8afb5f6fa58163691ac440d543d21f,geometry_alpha_0p050,0.05,,
geometry_alpha_0p050,alpha_blend,False,0.8,0.4517230673703819,0.43209876543209874,0.30434782608695654,0.9603960396039604,81,4,41,35,0.40943936295239913,0.3416628261764386,0.3396975260994012,8ea3d9829aac9c050a7ee967bddbc896d887c67c97d254b9ab0b5ed22c9479c1,9818b92ad0092df2fb5711f29c2bfdc3c83894bf9a3e8ba1f316cb3410e74094,geometry_alpha_0p050,0.05,,
geometry_alpha_0p050,alpha_blend,False,0.9,0.19867549668874174,0.38461538461538464,0.08695652173913043,1.0,26,0,16,10,0.40943936295239913,0.3416628261764386,0.3396975260994012,8ea3d9829aac9c050a7ee967bddbc896d887c67c97d254b9ab0b5ed22c9479c1,c47eae8df4c3a61971e2381d8310957d9c921db6db4b17344e0c4035610fc950,geometry_alpha_0p050,0.05,,
geometry_alpha_0p050,alpha_blend,False,0.9516665608249648,0.02564102564102564,1.0,0.008695652173913044,1.0,1,0,0,1,0.40943936295239913,0.3416628261764386,0.3396975260994012,8ea3d9829aac9c050a7ee967bddbc896d887c67c97d254b9ab0b5ed22c9479c1,1bbc89ce44747a849c21d6146a79510c5fa678a77f0ce9a30234b295a26c035d,geometry_alpha_0p050,0.05,,
geometry_alpha_0p100,alpha_blend,False,0.004929744021291515,0.1136876960969677,0.044511668107173726,0.8956521739130435,0.3564356435643564,2314,65,2083,103,0.40943936295239913,0.3416628261764386,0.3396975260994012,7001993d810fb040127528a8bde77c24255010dcbd51cbdcf7dadf38ad5d5adf,9e6778aa2f98a7d1992fc161d9549143286f77132ff599fd897f71eb8829fc4d,geometry_alpha_0p100,0.1,,
geometry_alpha_0p100,alpha_blend,False,0.01368802653170748,0.1626375509504633,0.06675307841866494,0.8956521739130435,0.4257425742574258,1543,58,1334,103,0.40943936295239913,0.3416628261764386,0.3396975260994012,7001993d810fb040127528a8bde77c24255010dcbd51cbdcf7dadf38ad5d5adf,f74772170764b71bd16042e0d713adc38b9b2946839bc61a37a684e2b14849ed,geometry_alpha_0p100,0.1,,
geometry_alpha_0p100,alpha_blend,False,0.05,0.23253269761442125,0.10401647785787847,0.8782608695652174,0.4653465346534653,971,54,775,101,0.40943936295239913,0.3416628261764386,0.3396975260994012,7001993d810fb040127528a8bde77c24255010dcbd51cbdcf7dadf38ad5d5adf,53a91733c112178b2b160de5f1e25c0a62f956afa39901dabec8724f6b9f0744,geometry_alpha_0p100,0.1,,
geometry_alpha_0p100,alpha_blend,False,0.05616798347975116,0.23972830791769326,0.1079913606911447,0.8695652173913043,0.4752475247524752,926,53,733,100,0.40943936295239913,0.3416628261764386,0.3396975260994012,7001993d810fb040127528a8bde77c24255010dcbd51cbdcf7dadf38ad5d5adf,2ce176fec16e0ef6dc048eaa76ea6ad7b0969f935be4b54189538eed124487d6,geometry_alpha_0p100,0.1,,
geometry_alpha_0p100,alpha_blend,False,0.1,0.27530364372469635,0.12955465587044535,0.8347826086956521,0.504950495049505,741,50,560,96,0.40943936295239913,0.3416628261764386,0.3396975260994012,7001993d810fb040127528a8bde77c24255010dcbd51cbdcf7dadf38ad5d5adf,0c8c86ee2245cd1e2424f3bf2cfa2845474b1649bf7f6b3951845b20c3f320e4,geometry_alpha_0p100,0.1,,
geometry_alpha_0p100,alpha_blend,False,0.1457677538393809,0.31559722391330813,0.1553398058252427,0.8347826086956521,0.5346534653465347,618,47,445,96,0.40943936295239913,0.3416628261764386,0.3396975260994012,7001993d810fb040127528a8bde77c24255010dcbd51cbdcf7dadf38ad5d5adf,19639126144374c6a6508461d76a9b9a34379ef8a5037bb713df7be449bbae8e,geometry_alpha_0p100,0.1,,
geometry_alpha_0p100,alpha_blend,False,0.15,0.3205144058365278,0.15894039735099338,0.8347826086956521,0.5346534653465347,604,47,431,96,0.40943936295239913,0.3416628261764386,0.3396975260994012,7001993d810fb040127528a8bde77c24255010dcbd51cbdcf7dadf38ad5d5adf,c10466928ad16c7d6b938ee6e0f2cfb2aa97695e81b64a5cf360044b75bf80f7,geometry_alpha_0p100,0.1,,
geometry_alpha_0p100,alpha_blend,False,0.2,0.34035056813177134,0.17358490566037735,0.8,0.5544554455445545,530,45,365,92,0.40943936295239913,0.3416628261764386,0.3396975260994012,7001993d810fb040127528a8bde77c24255010dcbd51cbdcf7dadf38ad5d5adf,825d2fd98e9c08d1eda83af3eb34635ca1d4325e7a0dee01ec6246f5f687d4ca,geometry_alpha_0p100,0.1,,
geometry_alpha_0p100,alpha_blend,False,0.25,0.37487541804168234,0.1956989247311828,0.7913043478260869,0.6138613861386139,465,39,311,91,0.40943936295239913,0.3416628261764386,0.3396975260994012,7001993d810fb040127528a8bde77c24255010dcbd51cbdcf7dadf38ad5d5adf,9ade8320cc1b923472f47ba125ddc90fe1a59aac81657a0a7238850e95468d40,geometry_alpha_0p100,0.1,,
geometry_alpha_0p100,alpha_blend,False,0.3,0.39296303159455204,0.21014492753623187,0.7565217391304347,0.6435643564356436,414,36,270,87,0.40943936295239913,0.3416628261764386,0.3396975260994012,7001993d810fb040127528a8bde77c24255010dcbd51cbdcf7dadf38ad5d5adf,42e6e2776b79fccfc545b8e1a7568898d78dd0eda8e64c94c3afad221af0887f,geometry_alpha_0p100,0.1,,
geometry_alpha_0p100,alpha_blend,False,0.35,0.4143509796533534,0.22606382978723405,0.7391304347826086,0.6831683168316831,376,32,239,85,0.40943936295239913,0.3416628261764386,0.3396975260994012,7001993d810fb040127528a8bde77c24255010dcbd51cbdcf7dadf38ad5d5adf,abbd165ae5d92f11d1db9dca18c360b7d4024f547dd502837b22732ae8a2e533,geometry_alpha_0p100,0.1,,
geometry_alpha_0p100,alpha_blend,False,0.4,0.4369233805318467,0.24624624624624625,0.7130434782608696,0.7128712871287128,333,29,202,82,0.40943936295239913,0.3416628261764386,0.3396975260994012,7001993d810fb040127528a8bde77c24255010dcbd51cbdcf7dadf38ad5d5adf,756593a8fa856807144b09c43d5ade1097c1ce34a78a09174f64f621c2b52b5a,geometry_alpha_0p100,0.1,,
geometry_alpha_0p100,alpha_blend,False,0.4459647508370216,0.44886247181799543,0.2588996763754045,0.6956521739130435,0.7227722772277227,309,28,184,80,0.40943936295239913,0.3416628261764386,0.3396975260994012,7001993d810fb040127528a8bde77c24255010dcbd51cbdcf7dadf38ad5d5adf,9f06671802cdc502ff181db4e740a84066767d664ae7e1badd9f8c673dfdef04,geometry_alpha_0p100,0.1,,
geometry_alpha_0p100,alpha_blend,False,0.5,0.45716143716468866,0.2714285714285714,0.6608695652173913,0.7326732673267327,280,27,163,76,0.40943936295239913,0.3416628261764386,0.3396975260994012,7001993d810fb040127528a8bde77c24255010dcbd51cbdcf7dadf38ad5d5adf,1f70fd4191f0039fd9cfd021d2cf87e7cf66ca56b27803cdcf126414e6196843,geometry_alpha_0p100,0.1,,
geometry_alpha_0p100,alpha_blend,False,0.6,0.5098970704671417,0.3317307692307692,0.6,0.8316831683168316,208,17,114,69,0.40943936295239913,0.3416628261764386,0.3396975260994012,7001993d810fb040127528a8bde77c24255010dcbd51cbdcf7dadf38ad5d5adf,51fcd9870f76ddd8267be0f1e49bdb2e3cab5143747120eeb656ca19526a7cd0,geometry_alpha_0p100,0.1,,
geometry_alpha_0p100,alpha_blend,False,0.6883422560949253,0.5025836279575742,0.36129032258064514,0.48695652173913045,0.8712871287128713,155,13,82,56,0.40943936295239913,0.3416628261764386,0.3396975260994012,7001993d810fb040127528a8bde77c24255010dcbd51cbdcf7dadf38ad5d5adf,6e4c6ecd3f06400af419c85a206b09580f230fe42d8c4e21f7f9edc3177ff644,geometry_alpha_0p100,0.1,,
geometry_alpha_0p100,alpha_blend,False,0.7,0.5071350164654227,0.3684210526315789,0.48695652173913045,0.8712871287128713,152,13,79,56,0.40943936295239913,0.3416628261764386,0.3396975260994012,7001993d810fb040127528a8bde77c24255010dcbd51cbdcf7dadf38ad5d5adf,385234797a6f5aef891a4251fe20c6970581714beb95026209dfa5d13d959e98,geometry_alpha_0p100,0.1,,
geometry_alpha_0p100,alpha_blend,False,0.8,0.47388043711163486,0.4418604651162791,0.33043478260869563,0.9603960396039604,86,4,43,38,0.40943936295239913,0.3416628261764386,0.3396975260994012,7001993d810fb040127528a8bde77c24255010dcbd51cbdcf7dadf38ad5d5adf,4472d631d17270309a9925c012fcca488802c4961036f9dd472d9559a3844971,geometry_alpha_0p100,0.1,,
geometry_alpha_0p100,alpha_blend,False,0.9,0.23076923076923078,0.41379310344827586,0.10434782608695652,1.0,29,0,17,12,0.40943936295239913,0.3416628261764386,0.3396975260994012,7001993d810fb040127528a8bde77c24255010dcbd51cbdcf7dadf38ad5d5adf,1713c1b309a7aa014866aa54ae95e2154689c5d218c9b8ec1b5b190ebc1b044f,geometry_alpha_0p100,0.1,,
geometry_alpha_0p100,alpha_blend,False,0.9532452763244597,0.02564102564102564,1.0,0.008695652173913044,1.0,1,0,0,1,0.40943936295239913,0.3416628261764386,0.3396975260994012,7001993d810fb040127528a8bde77c24255010dcbd51cbdcf7dadf38ad5d5adf,1bbc89ce44747a849c21d6146a79510c5fa678a77f0ce9a30234b295a26c035d,geometry_alpha_0p100,0.1,,
geometry_alpha_0p200,alpha_blend,False,0.007026060755609026,0.1136876960969677,0.044511668107173726,0.8956521739130435,0.3564356435643564,2314,65,2082,103,0.40943936295239913,0.3416628261764386,0.3396975260994012,d87ba1c017890d19f9aef71c8aa5a7a47a778a9c9af7956fd432233d24c90b69,92ac5aa5be20261f84bc990c58817a82d9a635f868a9b4e8d32fc1dbaef7b479,geometry_alpha_0p200,0.2,,
geometry_alpha_0p200,alpha_blend,False,0.019032205061101322,0.16214595384749936,0.06675307841866494,0.8956521739130435,0.4158415841584159,1543,59,1333,103,0.40943936295239913,0.3416628261764386,0.3396975260994012,d87ba1c017890d19f9aef71c8aa5a7a47a778a9c9af7956fd432233d24c90b69,db718bb9a9aa084ca8948195ce89edd7cda6e9d35400f739aba64b2649eba938,geometry_alpha_0p200,0.2,,
geometry_alpha_0p200,alpha_blend,False,0.05,0.2147348422020839,0.09360518999073215,0.8782608695652174,0.4653465346534653,1079,54,883,101,0.40943936295239913,0.3416628261764386,0.3396975260994012,d87ba1c017890d19f9aef71c8aa5a7a47a778a9c9af7956fd432233d24c90b69,f98b101a5eda3600136dfa15efc723d25a7b3c212cef45918ff793555668519e,geometry_alpha_0p200,0.2,,
geometry_alpha_0p200,alpha_blend,False,0.07337055507352751,0.23972830791769326,0.1079913606911447,0.8695652173913043,0.4752475247524752,926,53,734,100,0.40943936295239913,0.3416628261764386,0.3396975260994012,d87ba1c017890d19f9aef71c8aa5a7a47a778a9c9af7956fd432233d24c90b69,c40108301d6232e2559b17347da1f714ec4acf2eb94a78fce81537a85184512f,geometry_alpha_0p200,0.2,,
geometry_alpha_0p200,alpha_blend,False,0.1,0.2620414275018717,0.1211372064276885,0.8521739130434782,0.49504950495049505,809,51,624,98,0.40943936295239913,0.3416628261764386,0.3396975260994012,d87ba1c017890d19f9aef71c8aa5a7a47a778a9c9af7956fd432233d24c90b69,75c6b07db7f430af99520600f094340ca9a98bf7aefb625d1f68c681889adb2d,geometry_alpha_0p200,0.2,,
geometry_alpha_0p200,alpha_blend,False,0.15,0.2963135519189331,0.142433234421365,0.8347826086956521,0.5247524752475248,674,48,499,96,0.40943936295239913,0.3416628261764386,0.3396975260994012,d87ba1c017890d19f9aef71c8aa5a7a47a778a9c9af7956fd432233d24c90b69,0f200d2a8a0039437064356400c1105242de30f5f0f099eac8b404764f3fca09,geometry_alpha_0p200,0.2,,
geometry_alpha_0p200,alpha_blend,False,0.17295912608055217,0.31559722391330813,0.1553398058252427,0.8347826086956521,0.5346534653465347,618,47,445,96,0.40943936295239913,0.3416628261764386,0.3396975260994012,d87ba1c017890d19f9aef71c8aa5a7a47a778a9c9af7956fd432233d24c90b69,f648e5d00cb7a8ad4c77188514dd7163f6f2b939fd631024302a1f5b36cf9faa,geometry_alpha_0p200,0.2,,
geometry_alpha_0p200,alpha_blend,False,0.2,0.32481728219390726,0.1631578947368421,0.808695652173913,0.5346534653465347,570,47,401,93,0.40943936295239913,0.3416628261764386,0.3396975260994012,d87ba1c017890d19f9aef71c8aa5a7a47a778a9c9af7956fd432233d24c90b69,f37005d6b6c9fb00a58741e8a019d3c0291783c481921ef87d03951bf7ab0ad3,geometry_alpha_0p200,0.2,,
geometry_alpha_0p200,alpha_blend,False,0.25,0.3500988979937835,0.1787819253438114,0.7913043478260869,0.5841584158415842,509,42,349,91,0.40943936295239913,0.3416628261764386,0.3396975260994012,d87ba1c017890d19f9aef71c8aa5a7a47a778a9c9af7956fd432233d24c90b69,d414c5471b701b2876320b357f0c1451c8f8d823b607c74eaacae4d78bf33428,geometry_alpha_0p200,0.2,,
geometry_alpha_0p200,alpha_blend,False,0.3,0.38744871937021846,0.2040358744394619,0.7913043478260869,0.6336633663366337,446,37,297,91,0.40943936295239913,0.3416628261764386,0.3396975260994012,d87ba1c017890d19f9aef71c8aa5a7a47a778a9c9af7956fd432233d24c90b69,0236de92cf196fb1cd8e40e1819ee384acf0afa549e698be00274b8c262b6979,geometry_alpha_0p200,0.2,,
geometry_alpha_0p200,alpha_blend,False,0.35,0.4070362131046029,0.21914357682619648,0.7565217391304347,0.6732673267326732,397,33,257,87,0.40943936295239913,0.3416628261764386,0.3396975260994012,d87ba1c017890d19f9aef71c8aa5a7a47a778a9c9af7956fd432233d24c90b69,d2680ee8ffe4e55820b5c5d3385a14d1fe01ed3a8c038f5b64295b4aa3684f9e,geometry_alpha_0p200,0.2,,
geometry_alpha_0p200,alpha_blend,False,0.4,0.4293540125213432,0.23743016759776536,0.7391304347826086,0.7029702970297029,358,30,222,85,0.40943936295239913,0.3416628261764386,0.3396975260994012,d87ba1c017890d19f9aef71c8aa5a7a47a778a9c9af7956fd432233d24c90b69,650f990fc74bdf783723e35e7e880ac05d87b8e80209734fe0b609bc021893cb,geometry_alpha_0p200,0.2,,
geometry_alpha_0p200,alpha_blend,False,0.47513536905872716,0.44886247181799543,0.2588996763754045,0.6956521739130435,0.7227722772277227,309,28,184,80,0.40943936295239913,0.3416628261764386,0.3396975260994012,d87ba1c017890d19f9aef71c8aa5a7a47a778a9c9af7956fd432233d24c90b69,7a72d5fb371fa486d2c3bb07638ce14b7c20413397b7ca5aee9faf52a60f95e2,geometry_alpha_0p200,0.2,,
geometry_alpha_0p200,alpha_blend,False,0.5,0.4528939033009607,0.26421404682274247,0.6869565217391305,0.7227722772277227,299,28,177,79,0.40943936295239913,0.3416628261764386,0.3396975260994012,d87ba1c017890d19f9aef71c8aa5a7a47a778a9c9af7956fd432233d24c90b69,cb9ea6d141f8083f0b015cca6d154cdecafe6587423f8cecdb61d36a0e426de6,geometry_alpha_0p200,0.2,,
geometry_alpha_0p200,alpha_blend,False,0.6,0.4867041786866984,0.30472103004291845,0.6173913043478261,0.7920792079207921,233,21,128,71,0.40943936295239913,0.3416628261764386,0.3396975260994012,d87ba1c017890d19f9aef71c8aa5a7a47a778a9c9af7956fd432233d24c90b69,b58204d52794a176a013e7702c4fe2a54071a0cba9c2b8250fb58c6e67a2fd82,geometry_alpha_0p200,0.2,,
geometry_alpha_0p200,alpha_blend,False,0.7,0.5124155009704839,0.3670886075949367,0.5043478260869565,0.8712871287128713,158,13,83,58,0.40943936295239913,0.3416628261764386,0.3396975260994012,d87ba1c017890d19f9aef71c8aa5a7a47a778a9c9af7956fd432233d24c90b69,1de1e15d62b16770e471e06815acf1567f75624093a4d4b16a3ef0f89f8d9861,geometry_alpha_0p200,0.2,,
geometry_alpha_0p200,alpha_blend,False,0.7129652931406776,0.5098079073076532,0.36774193548387096,0.4956521739130435,0.8712871287128713,155,13,81,57,0.40943936295239913,0.3416628261764386,0.3396975260994012,d87ba1c017890d19f9aef71c8aa5a7a47a778a9c9af7956fd432233d24c90b69,a6509970c2766523f18599d6ffcf237311552c4745953901339b0ed64674eba8,geometry_alpha_0p200,0.2,,
geometry_alpha_0p200,alpha_blend,False,0.8,0.49182727494510853,0.4329896907216495,0.3652173913043478,0.9504950495049505,97,5,49,42,0.40943936295239913,0.3416628261764386,0.3396975260994012,d87ba1c017890d19f9aef71c8aa5a7a47a778a9c9af7956fd432233d24c90b69,fb93565310a4018d02206acc9c2138709f5c16ac081206c7deb2aa97028b7044,geometry_alpha_0p200,0.2,,
geometry_alpha_0p200,alpha_blend,False,0.9,0.2909090909090909,0.47058823529411764,0.1391304347826087,1.0,34,0,18,16,0.40943936295239913,0.3416628261764386,0.3396975260994012,d87ba1c017890d19f9aef71c8aa5a7a47a778a9c9af7956fd432233d24c90b69,146160ae93f7604d672bf702064c2f7d560d6910c6e3fcd2e069bd4fa7596cf3,geometry_alpha_0p200,0.2,,
geometry_alpha_0p200,alpha_blend,False,0.9564027073234496,0.02564102564102564,1.0,0.008695652173913044,1.0,1,0,0,1,0.40943936295239913,0.3416628261764386,0.3396975260994012,d87ba1c017890d19f9aef71c8aa5a7a47a778a9c9af7956fd432233d24c90b69,1bbc89ce44747a849c21d6146a79510c5fa678a77f0ce9a30234b295a26c035d,geometry_alpha_0p200,0.2,,
geometry_alpha_0p400,alpha_blend,False,0.011082107844686906,0.1136876960969677,0.044511668107173726,0.8956521739130435,0.3564356435643564,2314,65,2084,103,0.40943936295239913,0.3416628261764386,0.3396975260994012,1be2987a00d6c9d2218fe04ed43a782f99b02def232a93ea4136011611583177,0e4614b2dbba94228c70017276b377ff05190fb7bf7f76260f68db8566bcfa36,geometry_alpha_0p400,0.4,,
geometry_alpha_0p400,alpha_blend,False,0.030438025667075454,0.16214595384749936,0.06675307841866494,0.8956521739130435,0.4158415841584159,1543,59,1333,103,0.40943936295239913,0.3416628261764386,0.3396975260994012,1be2987a00d6c9d2218fe04ed43a782f99b02def232a93ea4136011611583177,1ad1cb99d74cc5e61f6eb478acfa07f023861cff048249fc252469eff80b67b2,geometry_alpha_0p400,0.4,,
geometry_alpha_0p400,alpha_blend,False,0.05,0.1928655748381932,0.0816812053925456,0.8956521739130435,0.4554455445544554,1261,55,1058,103,0.40943936295239913,0.3416628261764386,0.3396975260994012,1be2987a00d6c9d2218fe04ed43a782f99b02def232a93ea4136011611583177,bb1555d1f82fd00a7b7461d0f8052c26eebb092078841a1582da4890318604d9,geometry_alpha_0p400,0.4,,
geometry_alpha_0p400,alpha_blend,False,0.1,0.239870104691741,0.1074468085106383,0.8782608695652174,0.48514851485148514,940,52,749,101,0.40943936295239913,0.3416628261764386,0.3396975260994012,1be2987a00d6c9d2218fe04ed43a782f99b02def232a93ea4136011611583177,de3f94b02ecbfc730b7302c88518b65eb0ee82c5e6db7ffad41942cffddd036c,geometry_alpha_0p400,0.4,,
geometry_alpha_0p400,alpha_blend,False,0.10382192210234661,0.24255840548929913,0.10907127429805616,0.8782608695652174,0.48514851485148514,926,52,735,101,0.40943936295239913,0.3416628261764386,0.3396975260994012,1be2987a00d6c9d2218fe04ed43a782f99b02def232a93ea4136011611583177,5eb565ede312abc79f8c7d4ef3b7f621210ae3fd28685d7790c25498e88e64c9,geometry_alpha_0p400,0.4,,
geometry_alpha_0p400,alpha_blend,False,0.15,0.2682289803220036,0.12452350698856417,0.8521739130434782,0.504950495049505,787,50,603,98,0.40943936295239913,0.3416628261764386,0.3396975260994012,1be2987a00d6c9d2218fe04ed43a782f99b02def232a93ea4136011611583177,69c4111160bd60669a1453b9c712d3edbb0437f075e85047e6f0e8f3ad290d36,geometry_alpha_0p400,0.4,,
geometry_alpha_0p400,alpha_blend,False,0.2,0.29796528336590417,0.14285714285714285,0.8347826086956521,0.5346534653465347,672,47,499,96,0.40943936295239913,0.3416628261764386,0.3396975260994012,1be2987a00d6c9d2218fe04ed43a782f99b02def232a93ea4136011611583177,01f631945b6d830a9f6313b6a016fa5074e4529944ff6e23261188e9b5ab616f,geometry_alpha_0p400,0.4,,
geometry_alpha_0p400,alpha_blend,False,0.23362929555118284,0.3129511763629339,0.15372168284789645,0.8260869565217391,0.5346534653465347,618,47,447,95,0.40943936295239913,0.3416628261764386,0.3396975260994012,1be2987a00d6c9d2218fe04ed43a782f99b02def232a93ea4136011611583177,8c351af2d09e6892722f569125b5d88baf4f6c7e82644bf823d62732927644c7,geometry_alpha_0p400,0.4,,
geometry_alpha_0p400,alpha_blend,False,0.25,0.31778776181737645,0.15789473684210525,0.808695652173913,0.5346534653465347,589,47,421,93,0.40943936295239913,0.3416628261764386,0.3396975260994012,1be2987a00d6c9d2218fe04ed43a782f99b02def232a93ea4136011611583177,17b8e7f782f3d970800d27ae0306e85d6fbf8729e9400d8a4e95ad7a09ba1d10,geometry_alpha_0p400,0.4,,
geometry_alpha_0p400,alpha_blend,False,0.3,0.34635656320588976,0.174573055028463,0.8,0.594059405940594,527,41,368,92,0.40943936295239913,0.3416628261764386,0.3396975260994012,1be2987a00d6c9d2218fe04ed43a782f99b02def232a93ea4136011611583177,2e2d262b65c4bfa2717e2df96bba8f88548fb730d0ff7a9718983dffeb3cfc9f,geometry_alpha_0p400,0.4,,
geometry_alpha_0p400,alpha_blend,False,0.35,0.3722670868623203,0.19313304721030042,0.782608695652174,0.6237623762376238,466,38,317,90,0.40943936295239913,0.3416628261764386,0.3396975260994012,1be2987a00d6c9d2218fe04ed43a782f99b02def232a93ea4136011611583177,ec96ee865c79d7e70ebec0001e282843e08796ee2977abde815d7d9a1e52d151,geometry_alpha_0p400,0.4,,
geometry_alpha_0p400,alpha_blend,False,0.4,0.40383313016388994,0.21601941747572814,0.7739130434782608,0.6633663366336633,412,34,269,89,0.40943936295239913,0.3416628261764386,0.3396975260994012,1be2987a00d6c9d2218fe04ed43a782f99b02def232a93ea4136011611583177,e59f9137830359db2f591fc1957be7993a91db4810d96328b44351b66377da68,geometry_alpha_0p400,0.4,,
geometry_alpha_0p400,alpha_blend,False,0.5,0.4388202178435932,0.24702380952380953,0.7217391304347827,0.7128712871287128,336,29,206,83,0.40943936295239913,0.3416628261764386,0.3396975260994012,1be2987a00d6c9d2218fe04ed43a782f99b02def232a93ea4136011611583177,e01a432a352bdfed84a4665b79b409dfb253b04d2ce7182db1f3d39a042c01e5,geometry_alpha_0p400,0.4,,
geometry_alpha_0p400,alpha_blend,False,0.5444973282093122,0.44886247181799543,0.2588996763754045,0.6956521739130435,0.7227722772277227,309,28,185,80,0.40943936295239913,0.3416628261764386,0.3396975260994012,1be2987a00d6c9d2218fe04ed43a782f99b02def232a93ea4136011611583177,55323c45e40af60cd0fd336ad087ff8e46183dc5bfa97a9912c5e384c08f1074,geometry_alpha_0p400,0.4,,
geometry_alpha_0p400,alpha_blend,False,0.6,0.4621496716304964,0.2753623188405797,0.6608695652173913,0.7425742574257426,276,26,160,76,0.40943936295239913,0.3416628261764386,0.3396975260994012,1be2987a00d6c9d2218fe04ed43a782f99b02def232a93ea4136011611583177,4a06a2d124860331d577a9e60d9d6a992d660112a5d0541dfbf20ce731ae8aa1,geometry_alpha_0p400,0.4,,
geometry_alpha_0p400,alpha_blend,False,0.7,0.5177505691256998,0.3492063492063492,0.5739130434782609,0.8415841584158416,189,16,102,66,0.40943936295239913,0.3416628261764386,0.3396975260994012,1be2987a00d6c9d2218fe04ed43a782f99b02def232a93ea4136011611583177,07b999051f7533caf520464f45721b910532fcf4411030d6a9de994c7137a7fc,geometry_alpha_0p400,0.4,,
geometry_alpha_0p400,alpha_blend,False,0.7563832178991741,0.5241091557589421,0.38064516129032255,0.5130434782608696,0.8712871287128713,155,13,79,59,0.40943936295239913,0.3416628261764386,0.3396975260994012,1be2987a00d6c9d2218fe04ed43a782f99b02def232a93ea4136011611583177,388ff8f06cf7cfb46d293687922c6d47b184f210676724de16f92c409d946beb,geometry_alpha_0p400,0.4,,
geometry_alpha_0p400,alpha_blend,False,0.8,0.5205479452054794,0.4166666666666667,0.43478260869565216,0.9405940594059405,120,6,61,50,0.40943936295239913,0.3416628261764386,0.3396975260994012,1be2987a00d6c9d2218fe04ed43a782f99b02def232a93ea4136011611583177,f51d03487ebdd828aac582f5c3fa8ddfe1459a71901a32a9147c29b889d2368f,geometry_alpha_0p400,0.4,,
geometry_alpha_0p400,alpha_blend,False,0.9,0.3472523801570068,0.4666666666666667,0.1826086956521739,0.9801980198019802,45,2,21,21,0.40943936295239913,0.3416628261764386,0.3396975260994012,1be2987a00d6c9d2218fe04ed43a782f99b02def232a93ea4136011611583177,05ef4712f57aa4a23da2c07a32eef630cbb662546b9f6dc81000210ae10cf35f,geometry_alpha_0p400,0.4,,
geometry_alpha_0p400,alpha_blend,False,0.962717569321429,0.02564102564102564,1.0,0.008695652173913044,1.0,1,0,0,1,0.40943936295239913,0.3416628261764386,0.3396975260994012,1be2987a00d6c9d2218fe04ed43a782f99b02def232a93ea4136011611583177,1bbc89ce44747a849c21d6146a79510c5fa678a77f0ce9a30234b295a26c035d,geometry_alpha_0p400,0.4,,
geometry_alpha_0p600,alpha_blend,False,0.014818605707844469,0.1136876960969677,0.044511668107173726,0.8956521739130435,0.3564356435643564,2314,65,2082,103,0.40943936295239913,0.3416628261764386,0.3396975260994012,36bad8b24f0cef8615f70fb051ef0344f1059dce33fd2b45b4255b7fa95de12c,022d2af2aec81041cba3b0ff5818be88c94ab508f713227c1e23da603511cec1,geometry_alpha_0p600,0.6,,
geometry_alpha_0p600,alpha_blend,False,0.04098658784211523,0.1631095915062084,0.06675307841866494,0.8956521739130435,0.4356435643564357,1543,57,1333,103,0.40943936295239913,0.3416628261764386,0.3396975260994012,36bad8b24f0cef8615f70fb051ef0344f1059dce33fd2b45b4255b7fa95de12c,4f4ff5ebebfa6803e4ba018d5f3ad5c8581d62b22a8816b06485ce98628c8eca,geometry_alpha_0p600,0.6,,
geometry_alpha_0p600,alpha_blend,False,0.05,0.1741402497598463,0.07238229093464511,0.8956521739130435,0.4356435643564357,1423,57,1214,103,0.40943936295239913,0.3416628261764386,0.3396975260994012,36bad8b24f0cef8615f70fb051ef0344f1059dce33fd2b45b4255b7fa95de12c,c0fda06f673ed772cca1a56db34da262efe94a2552a920604ca9f6a38d3522d4,geometry_alpha_0p600,0.6,,
geometry_alpha_0p600,alpha_blend,False,0.1,0.216771451341539,0.09426987060998152,0.8869565217391304,0.4752475247524752,1082,53,886,102,0.40943936295239913,0.3416628261764386,0.3396975260994012,36bad8b24f0cef8615f70fb051ef0344f1059dce33fd2b45b4255b7fa95de12c,87de5e156ea9aae57cbec028d7b568015deead1fad0b67bcd10ee285809ff9ff,geometry_alpha_0p600,0.6,,
geometry_alpha_0p600,alpha_blend,False,0.13561998633685357,0.24055376458459474,0.1079913606911447,0.8695652173913043,0.48514851485148514,926,52,738,100,0.40943936295239913,0.3416628261764386,0.3396975260994012,36bad8b24f0cef8615f70fb051ef0344f1059dce33fd2b45b4255b7fa95de12c,25066caf84e49bd20299fb98037695b0bbd0dd2e9a16d20a7c26b6a073782931,geometry_alpha_0p600,0.6,,
geometry_alpha_0p600,alpha_blend,False,0.15,0.2508361204013378,0.11376564277588168,0.8695652173913043,0.49504950495049505,879,51,692,100,0.40943936295239913,0.3416628261764386,0.3396975260994012,36bad8b24f0cef8615f70fb051ef0344f1059dce33fd2b45b4255b7fa95de12c,7a188db8d334129a3fc143822719abc750588dfcbc2375c3251b131cc327a2bd,geometry_alpha_0p600,0.6,,
geometry_alpha_0p600,alpha_blend,False,0.2,0.2741652021089631,0.12777053455019557,0.8521739130434782,0.5148514851485149,767,49,585,98,0.40943936295239913,0.3416628261764386,0.3396975260994012,36bad8b24f0cef8615f70fb051ef0344f1059dce33fd2b45b4255b7fa95de12c,7f97b5b488f4add11f2611cedf0da3c062a19e1067228c6e2d6bf372ef80e77c,geometry_alpha_0p600,0.6,,
geometry_alpha_0p600,alpha_blend,False,0.25,0.29796528336590417,0.14285714285714285,0.8347826086956521,0.5346534653465347,672,47,498,96,0.40943936295239913,0.3416628261764386,0.3396975260994012,36bad8b24f0cef8615f70fb051ef0344f1059dce33fd2b45b4255b7fa95de12c,7d7671dc6f2a83d4a5085ae0e01b2cf19f96c1b33cf51ba487e9ef79895c1058,geometry_alpha_0p600,0.6,,
geometry_alpha_0p600,alpha_blend,False,0.28712900397602925,0.3076263399693721,0.15048543689320387,0.808695652173913,0.5346534653465347,618,47,450,93,0.40943936295239913,0.3416628261764386,0.3396975260994012,36bad8b24f0cef8615f70fb051ef0344f1059dce33fd2b45b4255b7fa95de12c,1fd5f3f3556b184f5bd806646bcc593b4d09523a107682673cdc16aa5d1d6256,geometry_alpha_0p600,0.6,,
geometry_alpha_0p600,alpha_blend,False,0.3,0.31140323680783777,0.15321252059308071,0.808695652173913,0.5346534653465347,607,47,439,93,0.40943936295239913,0.3416628261764386,0.3396975260994012,36bad8b24f0cef8615f70fb051ef0344f1059dce33fd2b45b4255b7fa95de12c,618d77dc1f013a7891af8dc17f6701faf81ced0f9eb9f1136d468b93550e47e3,geometry_alpha_0p600,0.6,,
geometry_alpha_0p600,alpha_blend,False,0.35,0.3429139401971341,0.17196261682242991,0.8,0.594059405940594,535,41,376,92,0.40943936295239913,0.3416628261764386,0.3396975260994012,36bad8b24f0cef8615f70fb051ef0344f1059dce33fd2b45b4255b7fa95de12c,d418bdbe1ca0053620fa40b14257a3f8ccb6e4c5e38eb9ad4996868104372092,geometry_alpha_0p600,0.6,,
geometry_alpha_0p600,alpha_blend,False,0.4,0.36405393391613566,0.18609406952965235,0.7913043478260869,0.6237623762376238,489,38,339,91,0.40943936295239913,0.3416628261764386,0.3396975260994012,36bad8b24f0cef8615f70fb051ef0344f1059dce33fd2b45b4255b7fa95de12c,f32b5fc2099ad5d9eb7b0105a4c965303e229942070802941ee451421c379618,geometry_alpha_0p600,0.6,,
geometry_alpha_0p600,alpha_blend,False,0.5,0.4281552082392266,0.23298429319371727,0.7739130434782608,0.7029702970297029,382,30,242,89,0.40943936295239913,0.3416628261764386,0.3396975260994012,36bad8b24f0cef8615f70fb051ef0344f1059dce33fd2b45b4255b7fa95de12c,cb22e17850ecd8828279bef1357bceb5697639084f856da8503a57c03a2dba11,geometry_alpha_0p600,0.6,,
geometry_alpha_0p600,alpha_blend,False,0.6,0.451830418920619,0.25949367088607594,0.7130434782608696,0.7227722772277227,316,28,191,82,0.40943936295239913,0.3416628261764386,0.3396975260994012,36bad8b24f0cef8615f70fb051ef0344f1059dce33fd2b45b4255b7fa95de12c,0227803f3798b3d6ef4a87b12a4c35b2da28e17a66057887cbee3f32e9784b65,geometry_alpha_0p600,0.6,,
geometry_alpha_0p600,alpha_blend,False,0.6108555940447075,0.45330028364807196,0.2621359223300971,0.7043478260869566,0.7227722772277227,309,28,185,81,0.40943936295239913,0.3416628261764386,0.3396975260994012,36bad8b24f0cef8615f70fb051ef0344f1059dce33fd2b45b4255b7fa95de12c,1b46c27f3a6f467c5ec115c7a1a47ff267cedb56604602c0c69d363f8e80c23d,geometry_alpha_0p600,0.6,,
geometry_alpha_0p600,alpha_blend,False,0.7,0.48448680832468455,0.2967479674796748,0.6347826086956522,0.801980198019802,246,20,140,73,0.40943936295239913,0.3416628261764386,0.3396975260994012,36bad8b24f0cef8615f70fb051ef0344f1059dce33fd2b45b4255b7fa95de12c,ce4fd0b3ed4ae9507524c200962fe5618e36455af344768bf502c19466313526,geometry_alpha_0p600,0.6,,
geometry_alpha_0p600,alpha_blend,False,0.7956169515225517,0.5241091557589421,0.38064516129032255,0.5130434782608696,0.8712871287128713,155,13,79,59,0.40943936295239913,0.3416628261764386,0.3396975260994012,36bad8b24f0cef8615f70fb051ef0344f1059dce33fd2b45b4255b7fa95de12c,a66157f11c73dfa3fd93f11ee182df57ff9a893aa91d535b54e40fdef6100f10,geometry_alpha_0p600,0.6,,
geometry_alpha_0p600,alpha_blend,False,0.8,0.5228047668883562,0.3815789473684211,0.5043478260869565,0.8811881188118812,152,12,78,58,0.40943936295239913,0.3416628261764386,0.3396975260994012,36bad8b24f0cef8615f70fb051ef0344f1059dce33fd2b45b4255b7fa95de12c,c312bb6c96b0813cbf0262cfcb39a85eeb00f2d4b94e27e854ce95b6bf83333d,geometry_alpha_0p600,0.6,,
geometry_alpha_0p600,alpha_blend,False,0.9,0.4086285686207066,0.45161290322580644,0.24347826086956523,0.9801980198019802,62,2,31,28,0.40943936295239913,0.3416628261764386,0.3396975260994012,36bad8b24f0cef8615f70fb051ef0344f1059dce33fd2b45b4255b7fa95de12c,37ad498e3fda0b8d8733bd0ab8df7621bcfc1d6ed36c86467cd7eded6e2dac8c,geometry_alpha_0p600,0.6,,
geometry_alpha_0p600,alpha_blend,False,0.9690324313194085,0.02564102564102564,1.0,0.008695652173913044,1.0,1,0,0,1,0.40943936295239913,0.3416628261764386,0.3396975260994012,36bad8b24f0cef8615f70fb051ef0344f1059dce33fd2b45b4255b7fa95de12c,1bbc89ce44747a849c21d6146a79510c5fa678a77f0ce9a30234b295a26c035d,geometry_alpha_0p600,0.6,,
geometry_alpha_0p800,alpha_blend,False,0.018447281477038974,0.11401531772308428,0.044511668107173726,0.8956521739130435,0.36633663366336633,2314,64,2083,103,0.40943936295239913,0.3416628261764386,0.3396975260994012,45e3251b37c611524be61e8c9030437dbad8acc462d50a5b931e136d93e5731c,4eb9bd68a4950debd19d8fbffcf339691f8fdedcdf863c9afcf3ee1d734e134d,geometry_alpha_0p800,0.8,,
geometry_alpha_0p800,alpha_blend,False,0.05,0.16132132559712387,0.06585677749360613,0.8956521739130435,0.4356435643564357,1564,57,1354,103,0.40943936295239913,0.3416628261764386,0.3396975260994012,45e3251b37c611524be61e8c9030437dbad8acc462d50a5b931e136d93e5731c,d30a0083176c440b0be58d3bd670a636659df44f36dfc059aa8a33b42917ec61,geometry_alpha_0p800,0.8,,
geometry_alpha_0p800,alpha_blend,False,0.05167757842098536,0.1631095915062084,0.06675307841866494,0.8956521739130435,0.4356435643564357,1543,57,1333,103,0.40943936295239913,0.3416628261764386,0.3396975260994012,45e3251b37c611524be61e8c9030437dbad8acc462d50a5b931e136d93e5731c,bd6f617317b4a9567c9c9e8b5daab3ed748322e16914ccee8e0d89e45d9e9814,geometry_alpha_0p800,0.8,,
geometry_alpha_0p800,alpha_blend,False,0.1,0.2039145757571503,0.08736217133163698,0.8956521739130435,0.4653465346534653,1179,54,978,103,0.40943936295239913,0.3416628261764386,0.3396975260994012,45e3251b37c611524be61e8c9030437dbad8acc462d50a5b931e136d93e5731c,93ebffa5f702c1b3ece2da62f9034bd002dce8910ea60a88a024d816c455853c,geometry_alpha_0p800,0.8,,
geometry_alpha_0p800,alpha_blend,False,0.15,0.23304399692351158,0.10337768679631525,0.8782608695652174,0.48514851485148514,977,52,787,101,0.40943936295239913,0.3416628261764386,0.3396975260994012,45e3251b37c611524be61e8c9030437dbad8acc462d50a5b931e136d93e5731c,c7664151c1a43b1d0138a4b728ae522ccec88718afe83005838fe6c9c115d444,geometry_alpha_0p800,0.8,,
geometry_alpha_0p800,alpha_blend,False,0.16826371927472794,0.24135156878519712,0.1079913606911447,0.8695652173913043,0.49504950495049505,926,51,739,100,0.40943936295239913,0.3416628261764386,0.3396975260994012,45e3251b37c611524be61e8c9030437dbad8acc462d50a5b931e136d93e5731c,d5e0b995830df1f86c0b5079c022d9356978f52e29e5ff1957dd84d3c2b8408e,geometry_alpha_0p800,0.8,,
geometry_alpha_0p800,alpha_blend,False,0.2,0.2575020616995136,0.11737089201877934,0.8695652173913043,0.504950495049505,852,50,666,100,0.40943936295239913,0.3416628261764386,0.3396975260994012,45e3251b37c611524be61e8c9030437dbad8acc462d50a5b931e136d93e5731c,889bdd82ce8d5eab6d16e75563be55422abc5c05da4a5241a6aa867c075c8b74,geometry_alpha_0p800,0.8,,
geometry_alpha_0p800,alpha_blend,False,0.25,0.2797988866942,0.1308411214953271,0.8521739130434782,0.5247524752475248,749,48,571,98,0.40943936295239913,0.3416628261764386,0.3396975260994012,45e3251b37c611524be61e8c9030437dbad8acc462d50a5b931e136d93e5731c,500bc2c6c0cea43fcb1767057bb506ae9426ce46785aa49c14f0e4d01a09e36f,geometry_alpha_0p800,0.8,,
geometry_alpha_0p800,alpha_blend,False,0.3,0.29643183897529735,0.14180206794682423,0.8347826086956521,0.5346534653465347,677,47,504,96,0.40943936295239913,0.3416628261764386,0.3396975260994012,45e3251b37c611524be61e8c9030437dbad8acc462d50a5b931e136d93e5731c,a4a1586d79a96f92daed8df67130df8e06e08ce0e25993a83e1553e9588bfde8,geometry_alpha_0p800,0.8,,
geometry_alpha_0p800,alpha_blend,False,0.344831601209051,0.3076263399693721,0.15048543689320387,0.808695652173913,0.5346534653465347,618,47,450,93,0.40943936295239913,0.3416628261764386,0.3396975260994012,45e3251b37c611524be61e8c9030437dbad8acc462d50a5b931e136d93e5731c,4b9abad59a251bafc0414b1a0529ef4d91e6a6189b9f4084b8c2960522c14104,geometry_alpha_0p800,0.8,,
geometry_alpha_0p800,alpha_blend,False,0.35,0.3094359622479972,0.1513157894736842,0.8,0.5445544554455446,608,46,442,92,0.40943936295239913,0.3416628261764386,0.3396975260994012,45e3251b37c611524be61e8c9030437dbad8acc462d50a5b931e136d93e5731c,ff52ddcf24d7b7927fb64430f03389d85c01824516c8a0469c180ddaba82a3ea,geometry_alpha_0p800,0.8,,
geometry_alpha_0p800,alpha_blend,False,0.4,0.3380994457386135,0.16757741347905283,0.8,0.6039603960396039,549,40,392,92,0.40943936295239913,0.3416628261764386,0.3396975260994012,45e3251b37c611524be61e8c9030437dbad8acc462d50a5b931e136d93e5731c,09338d7cd0b3469ff2f184f73220ed4e83593f1372bc9a26d8b85b8724974f37,geometry_alpha_0p800,0.8,,
geometry_alpha_0p800,alpha_blend,False,0.5,0.3825840525570012,0.1986754966887417,0.782608695652174,0.6534653465346535,453,35,308,90,0.40943936295239913,0.3416628261764386,0.3396975260994012,45e3251b37c611524be61e8c9030437dbad8acc462d50a5b931e136d93e5731c,95c68cc78cc4c9c53d8a8a5139be4bb2c455c55acc44710be8161dded5214b73,geometry_alpha_0p800,0.8,,
geometry_alpha_0p800,alpha_blend,False,0.6,0.4309776808500766,0.2369146005509642,0.7478260869565218,0.7128712871287128,363,29,230,86,0.40943936295239913,0.3416628261764386,0.3396975260994012,45e3251b37c611524be61e8c9030437dbad8acc462d50a5b931e136d93e5731c,d13c9adc2cd7661eb0a527582d959565f9a5edfd21a53722ac11ec482a691956,geometry_alpha_0p800,0.8,,
geometry_alpha_0p800,alpha_blend,False,0.6765151160569749,0.4501216545012165,0.2588996763754045,0.6956521739130435,0.7326732673267327,309,27,188,80,0.40943936295239913,0.3416628261764386,0.3396975260994012,45e3251b37c611524be61e8c9030437dbad8acc462d50a5b931e136d93e5731c,3ae7a12b13f590b30da0021e75452ffc9336f8cf981bed9320a1b09da3bd5065,geometry_alpha_0p800,0.8,,
geometry_alpha_0p800,alpha_blend,False,0.7,0.4634457944412578,0.27241379310344827,0.6869565217391305,0.7425742574257426,290,26,171,79,0.40943936295239913,0.3416628261764386,0.3396975260994012,45e3251b37c611524be61e8c9030437dbad8acc462d50a5b931e136d93e5731c,712a8afb1d1d30234718ca29557b7a7208ecc97e764d6ed483f9a2ae79b9e39c,geometry_alpha_0p800,0.8,,
geometry_alpha_0p800,alpha_blend,False,0.8,0.504443654461429,0.33,0.5739130434782609,0.8514851485148515,200,15,113,66,0.40943936295239913,0.3416628261764386,0.3396975260994012,45e3251b37c611524be61e8c9030437dbad8acc462d50a5b931e136d93e5731c,df12bf725cac938eacbb9880f160074a6a1939086bed2763db91adf2171f2541,geometry_alpha_0p800,0.8,,
geometry_alpha_0p800,alpha_blend,False,0.8413008988107271,0.5335968379446641,0.3870967741935484,0.5217391304347826,0.8910891089108911,155,11,80,60,0.40943936295239913,0.3416628261764386,0.3396975260994012,45e3251b37c611524be61e8c9030437dbad8acc462d50a5b931e136d93e5731c,f5002e49207e5846678eb7e618d187a58eea002502d8e74bdaac2bd0674fed0a,geometry_alpha_0p800,0.8,,
geometry_alpha_0p800,alpha_blend,False,0.9,0.4845558238281575,0.43956043956043955,0.34782608695652173,0.9603960396039604,91,4,46,40,0.40943936295239913,0.3416628261764386,0.3396975260994012,45e3251b37c611524be61e8c9030437dbad8acc462d50a5b931e136d93e5731c,d3606a607f1944a3d2622a2f37c07a2a51a25e0608d793d3d8dcbe4a5696c18d,geometry_alpha_0p800,0.8,,
geometry_alpha_0p800,alpha_blend,False,0.975347293317388,0.02564102564102564,1.0,0.008695652173913044,1.0,1,0,0,1,0.40943936295239913,0.3416628261764386,0.3396975260994012,45e3251b37c611524be61e8c9030437dbad8acc462d50a5b931e136d93e5731c,1bbc89ce44747a849c21d6146a79510c5fa678a77f0ce9a30234b295a26c035d,geometry_alpha_0p800,0.8,,
geometry_alpha_1p000,alpha_blend,False,0.02201638479184584,0.11401531772308428,0.044511668107173726,0.8956521739130435,0.36633663366336633,2314,64,2083,103,0.40943936295239913,0.3416628261764386,0.3396975260994012,dc54ed5b31efbcab926637b2941391a287d079d0095118854d8568367575b17b,1e43eef95ad681c72a6e7dc55d709b0feed86f0bd234ced12885a744791fcaf5,geometry_risk_score,1.0,,
geometry_alpha_1p000,alpha_blend,False,0.05,0.15046084284968986,0.06091070372560615,0.8956521739130435,0.4158415841584159,1691,59,1478,103,0.40943936295239913,0.3416628261764386,0.3396975260994012,dc54ed5b31efbcab926637b2941391a287d079d0095118854d8568367575b17b,d983284b52cf425dd8bb212bff8e438437cd0c8ea5c00f070b77c42b7c8c9a35,geometry_risk_score,1.0,,
geometry_alpha_1p000,alpha_blend,False,0.06181660665719497,0.1631095915062084,0.06675307841866494,0.8956521739130435,0.4356435643564357,1543,57,1333,103,0.40943936295239913,0.3416628261764386,0.3396975260994012,dc54ed5b31efbcab926637b2941391a287d079d0095118854d8568367575b17b,ad6b5b3cc7d4f7e80adb7085e1f7ec08d2bcb0285024db2edeeeb751d9e39a84,geometry_risk_score,1.0,,
geometry_alpha_1p000,alpha_blend,False,0.1,0.19320464553206773,0.08155186064924783,0.8956521739130435,0.4653465346534653,1263,54,1062,103,0.40943936295239913,0.3416628261764386,0.3396975260994012,dc54ed5b31efbcab926637b2941391a287d079d0095118854d8568367575b17b,891ca26d1393ca18e4bcd8068a88e8c81f8853e4b93c2afae4bf8996b02d001d,geometry_risk_score,1.0,,
geometry_alpha_1p000,alpha_blend,False,0.15,0.21631174339489267,0.09400921658986175,0.8869565217391304,0.4752475247524752,1085,53,890,102,0.40943936295239913,0.3416628261764386,0.3396975260994012,dc54ed5b31efbcab926637b2941391a287d079d0095118854d8568367575b17b,511b417c354b5fa925a82739fd7a784a7adefa49aa1aea2236194b73fbbedb5e,geometry_risk_score,1.0,,
geometry_alpha_1p000,alpha_blend,False,0.1978511661978235,0.24135156878519712,0.1079913606911447,0.8695652173913043,0.49504950495049505,926,51,739,100,0.40943936295239913,0.3416628261764386,0.3396975260994012,dc54ed5b31efbcab926637b2941391a287d079d0095118854d8568367575b17b,757a39d049b16ce761225fa8dc6e0dbf8da88f6e742bc821dc4769b7500cc02f,geometry_risk_score,1.0,,
geometry_alpha_1p000,alpha_blend,False,0.2,0.2423263327948304,0.10857763300760044,0.8695652173913043,0.49504950495049505,921,51,734,100,0.40943936295239913,0.3416628261764386,0.3396975260994012,dc54ed5b31efbcab926637b2941391a287d079d0095118854d8568367575b17b,c569ea63b68c08d4fc69b2eaa7db0a74e1ea26127381cbe56bb7e56a432d5e4e,geometry_risk_score,1.0,,
geometry_alpha_1p000,alpha_blend,False,0.25,0.26268800219765126,0.12062726176115803,0.8695652173913043,0.504950495049505,829,50,643,100,0.40943936295239913,0.3416628261764386,0.3396975260994012,dc54ed5b31efbcab926637b2941391a287d079d0095118854d8568367575b17b,a16163458cfbac0eda1b6ab61e770cca698af28350e1a9384407cc338db6c292,geometry_risk_score,1.0,,
geometry_alpha_1p000,alpha_blend,False,0.3,0.2830312057252879,0.13297150610583447,0.8521739130434782,0.5247524752475248,737,48,559,98,0.40943936295239913,0.3416628261764386,0.3396975260994012,dc54ed5b31efbcab926637b2941391a287d079d0095118854d8568367575b17b,fa9c140b0acd8db63e83db43bcbdbe442c502912242c2a68dd431a4a88480eeb,geometry_risk_score,1.0,,
geometry_alpha_1p000,alpha_blend,False,0.35,0.2983312133351053,0.14285714285714285,0.8434782608695652,0.5346534653465347,679,47,505,97,0.40943936295239913,0.3416628261764386,0.3396975260994012,dc54ed5b31efbcab926637b2941391a287d079d0095118854d8568367575b17b,8364c79481b6409074d13f06373becaf84e963489daeb1a381ff086e5764c23c,geometry_risk_score,1.0,,
geometry_alpha_1p000,alpha_blend,False,0.3972810311045351,0.3080296830027608,0.1488673139158576,0.8,0.5643564356435644,618,44,455,92,0.40943936295239913,0.3416628261764386,0.3396975260994012,dc54ed5b31efbcab926637b2941391a287d079d0095118854d8568367575b17b,4e9bcd2a090efe10cb8a98e7eb892a87ddd118bc1fefca7e83ddc8f4aea8c2b9,geometry_risk_score,1.0,,
geometry_alpha_1p000,alpha_blend,False,0.4,0.3097582106009294,0.1500815660685155,0.8,0.5643564356435644,613,44,450,92,0.40943936295239913,0.3416628261764386,0.3396975260994012,dc54ed5b31efbcab926637b2941391a287d079d0095118854d8568367575b17b,8b3d37549e49158d83cbd2c901b70cb9aa276a9daaf8376c4c448d60377efac8,geometry_risk_score,1.0,,
geometry_alpha_1p000,alpha_blend,False,0.5,0.35018035909698864,0.17509727626459143,0.782608695652174,0.6336633663366337,514,37,366,90,0.40943936295239913,0.3416628261764386,0.3396975260994012,dc54ed5b31efbcab926637b2941391a287d079d0095118854d8568367575b17b,7435d23083d0dbb6a988b38082147918fb8d5b2003fa26d534bb24b5d65462eb,geometry_risk_score,1.0,,
geometry_alpha_1p000,alpha_blend,False,0.6,0.4038166410889438,0.21497584541062803,0.7739130434782608,0.6732673267326732,414,33,273,89,0.40943936295239913,0.3416628261764386,0.3396975260994012,dc54ed5b31efbcab926637b2941391a287d079d0095118854d8568367575b17b,aab7f9834caa409de8489f8624a0f083d10bb15ae74414969eaacc6b2d6ef60b,geometry_risk_score,1.0,,
geometry_alpha_1p000,alpha_blend,False,0.7,0.44533492822966503,0.25,0.7391304347826086,0.7227722772277227,340,28,212,85,0.40943936295239913,0.3416628261764386,0.3396975260994012,dc54ed5b31efbcab926637b2941391a287d079d0095118854d8568367575b17b,3219f191b33f6906097be047adcbd655628107a5af72aa41b3f6bc0be13c5dcd,geometry_risk_score,1.0,,
geometry_alpha_1p000,alpha_blend,False,0.7436251993241192,0.455841524724244,0.2621359223300971,0.7043478260869566,0.7425742574257426,309,26,188,81,0.40943936295239913,0.3416628261764386,0.3396975260994012,dc54ed5b31efbcab926637b2941391a287d079d0095118854d8568367575b17b,d5665bfc0d80856ae13e7d65ecb83f4bce74a1ca8d4187e950b8b28266e1f797,geometry_risk_score,1.0,,
geometry_alpha_1p000,alpha_blend,False,0.8,0.48968046097433215,0.29571984435797666,0.6608695652173913,0.8118811881188119,257,19,151,76,0.40943936295239913,0.3416628261764386,0.3396975260994012,dc54ed5b31efbcab926637b2941391a287d079d0095118854d8568367575b17b,38fff6ccd889198be6cb19f71508567e99e2904992c5f26032b192ed2cff919e,geometry_risk_score,1.0,,
geometry_alpha_1p000,alpha_blend,False,0.8880025209597264,0.5465090691899028,0.3935483870967742,0.5304347826086957,0.9405940594059405,155,6,84,61,0.40943936295239913,0.3416628261764386,0.3396975260994012,dc54ed5b31efbcab926637b2941391a287d079d0095118854d8568367575b17b,000f3f07c4dce8ba8eebff71e9589c27dda444290081caf283b3279879dd3f49,geometry_risk_score,1.0,,
geometry_alpha_1p000,alpha_blend,False,0.9,0.5427463782901449,0.4148148148148148,0.48695652173913045,0.9405940594059405,135,6,70,56,0.40943936295239913,0.3416628261764386,0.3396975260994012,dc54ed5b31efbcab926637b2941391a287d079d0095118854d8568367575b17b,dd4bb826b30a4d9732f1c21d051e6da8748a6912dca377ff6790b7b0030680b7,geometry_risk_score,1.0,,
geometry_alpha_1p000,alpha_blend,False,0.9858878259281064,0.02564102564102564,1.0,0.008695652173913044,1.0,1,0,0,1,0.40943936295239913,0.3416628261764386,0.3396975260994012,dc54ed5b31efbcab926637b2941391a287d079d0095118854d8568367575b17b,6e775689f040b2a6e819ec76ea04dc8eeff94ac32dbc56a75bf7efe7fae246ed,geometry_risk_score,1.0,,
class_reliability_gamma_0p250,class_scaled_raw,True,0.0025139668791268562,0.11298110529202379,0.044511668107173726,0.8956521739130435,0.3366336633663366,2314,67,2084,103,0.40943936295239913,0.3416628261764386,0.3396975260994012,4ddfacfe62b8cb6de2ed7a256805ea0a267cc5e91ee5a0381fdb5aeb3fd2bd4c,f4cd3be9fe1dafc4abbd3d0f2ba999773feda4f8502cb1328d2474a5ead0ba34,class_reliability_gamma_0p250,,0.25,
class_reliability_gamma_0p250,class_scaled_raw,True,0.0078315725550055,0.16214595384749936,0.06675307841866494,0.8956521739130435,0.4158415841584159,1543,59,1331,103,0.40943936295239913,0.3416628261764386,0.3396975260994012,4ddfacfe62b8cb6de2ed7a256805ea0a267cc5e91ee5a0381fdb5aeb3fd2bd4c,18c09d7db6c9521d745319e133675e295de04232bd2330ff0b06b358737ad441,class_reliability_gamma_0p250,,0.25,
class_reliability_gamma_0p250,class_scaled_raw,True,0.03872215064171275,0.23689033703288873,0.10691144708423327,0.8608695652173913,0.4653465346534653,926,54,732,99,0.40943936295239913,0.3416628261764386,0.3396975260994012,4ddfacfe62b8cb6de2ed7a256805ea0a267cc5e91ee5a0381fdb5aeb3fd2bd4c,2e1f9b7e96d83a97dccce47fb61658f0a552c64aeb979d2c49f3746298426455,class_reliability_gamma_0p250,,0.25,
class_reliability_gamma_0p250,class_scaled_raw,True,0.05,0.24869580699724025,0.11398354876615746,0.8434782608695652,0.4752475247524752,851,53,662,97,0.40943936295239913,0.3416628261764386,0.3396975260994012,4ddfacfe62b8cb6de2ed7a256805ea0a267cc5e91ee5a0381fdb5aeb3fd2bd4c,73d7e556047268b82c1d35d4617a3b18be9a109338138703fc647d7203a10886,class_reliability_gamma_0p250,,0.25,
class_reliability_gamma_0p250,class_scaled_raw,True,0.1,0.3007953723788865,0.14634146341463414,0.8347826086956521,0.5148514851485149,656,49,478,96,0.40943936295239913,0.3416628261764386,0.3396975260994012,4ddfacfe62b8cb6de2ed7a256805ea0a267cc5e91ee5a0381fdb5aeb3fd2bd4c,96d5005b937af34fb292e070b634631c7e5294dc7da2b87619876b80db9419eb,class_reliability_gamma_0p250,,0.25,
class_reliability_gamma_0p250,class_scaled_raw,True,0.11512216067047022,0.31442991039241935,0.1553398058252427,0.8347826086956521,0.5247524752475248,618,48,443,96,0.40943936295239913,0.3416628261764386,0.3396975260994012,4ddfacfe62b8cb6de2ed7a256805ea0a267cc5e91ee5a0381fdb5aeb3fd2bd4c,eac3b0564632cfa817debc97dceb263dbf04dc583c812ee9f526b3920244c7fb,class_reliability_gamma_0p250,,0.25,
class_reliability_gamma_0p250,class_scaled_raw,True,0.15,0.33820459290187893,0.17272727272727273,0.8260869565217391,0.5346534653465347,550,47,380,95,0.40943936295239913,0.3416628261764386,0.3396975260994012,4ddfacfe62b8cb6de2ed7a256805ea0a267cc5e91ee5a0381fdb5aeb3fd2bd4c,58b8bbe59680faf59dd8767038d20f3869fde8aa231f98c251a3169555a2e7c2,class_reliability_gamma_0p250,,0.25,
class_reliability_gamma_0p250,class_scaled_raw,True,0.2,0.3670441856755464,0.19238900634249473,0.7913043478260869,0.5841584158415842,473,42,313,91,0.40943936295239913,0.3416628261764386,0.3396975260994012,4ddfacfe62b8cb6de2ed7a256805ea0a267cc5e91ee5a0381fdb5aeb3fd2bd4c,88b13d8a736c138bff814e88acf2aa6b39da1ca039216b8f1bb65cd09fce807f,class_reliability_gamma_0p250,,0.25,
class_reliability_gamma_0p250,class_scaled_raw,True,0.25,0.3889568883448932,0.20608899297423888,0.7652173913043478,0.6435643564356436,427,36,282,88,0.40943936295239913,0.3416628261764386,0.3396975260994012,4ddfacfe62b8cb6de2ed7a256805ea0a267cc5e91ee5a0381fdb5aeb3fd2bd4c,9bc35493495f007dbbd460635620411ae940d4943dbd1c92b6cc12e4d51b0402,class_reliability_gamma_0p250,,0.25,
class_reliability_gamma_0p250,class_scaled_raw,True,0.3,0.4144656643640796,0.22727272727272727,0.7391304347826086,0.6732673267326732,374,33,236,85,0.40943936295239913,0.3416628261764386,0.3396975260994012,4ddfacfe62b8cb6de2ed7a256805ea0a267cc5e91ee5a0381fdb5aeb3fd2bd4c,0e4c8883f4aa988f566239a717b077ed002734707dfe7167abca87cd3aaa5772,class_reliability_gamma_0p250,,0.25,
class_reliability_gamma_0p250,class_scaled_raw,True,0.35,0.4360232821979973,0.2455621301775148,0.7217391304347827,0.7029702970297029,338,30,205,83,0.40943936295239913,0.3416628261764386,0.3396975260994012,4ddfacfe62b8cb6de2ed7a256805ea0a267cc5e91ee5a0381fdb5aeb3fd2bd4c,efbe7587bfbb735dba516fed5b8e51812cc6ef52a814f4525efc8f25742643d5,class_reliability_gamma_0p250,,0.25,
class_reliability_gamma_0p250,class_scaled_raw,True,0.4,0.44066833664747046,0.2532051282051282,0.6869565217391305,0.7128712871287128,312,29,186,79,0.40943936295239913,0.3416628261764386,0.3396975260994012,4ddfacfe62b8cb6de2ed7a256805ea0a267cc5e91ee5a0381fdb5aeb3fd2bd4c,24ed457c6eb8658071fcd23372032d6205242e540940a952a5fd1b0b8bcdc208,class_reliability_gamma_0p250,,0.25,
class_reliability_gamma_0p250,class_scaled_raw,True,0.4055331032489605,0.44440163365955154,0.255663430420712,0.6869565217391305,0.7227722772277227,309,28,184,79,0.40943936295239913,0.3416628261764386,0.3396975260994012,4ddfacfe62b8cb6de2ed7a256805ea0a267cc5e91ee5a0381fdb5aeb3fd2bd4c,a38c9bdf3f5ffe5a0c2a7908ac06fb00464f1dae775a042de216b73798060ae8,class_reliability_gamma_0p250,,0.25,
class_reliability_gamma_0p250,class_scaled_raw,True,0.5,0.4706292487362733,0.291497975708502,0.6260869565217392,0.7425742574257426,247,26,135,72,0.40943936295239913,0.3416628261764386,0.3396975260994012,4ddfacfe62b8cb6de2ed7a256805ea0a267cc5e91ee5a0381fdb5aeb3fd2bd4c,15d894edfd6b30a4efc745b1c84641e7a6b9b59c8462fabefb144b76ece984a9,class_reliability_gamma_0p250,,0.25,
class_reliability_gamma_0p250,class_scaled_raw,True,0.6,0.4979830964271994,0.3388888888888889,0.5304347826086957,0.8415841584158416,180,16,96,61,0.40943936295239913,0.3416628261764386,0.3396975260994012,4ddfacfe62b8cb6de2ed7a256805ea0a267cc5e91ee5a0381fdb5aeb3fd2bd4c,ecc66d20598fc779df5efd3ebd84f896ad3275a895958bfe21c5231051653dfb,class_reliability_gamma_0p250,,0.25,
class_reliability_gamma_0p250,class_scaled_raw,True,0.6417363733053207,0.4953095684803003,0.3548387096774194,0.4782608695652174,0.8712871287128713,155,13,83,55,0.40943936295239913,0.3416628261764386,0.3396975260994012,4ddfacfe62b8cb6de2ed7a256805ea0a267cc5e91ee5a0381fdb5aeb3fd2bd4c,4942304a9a76e28347994500eba238c5e4afc2423c983edde5e809ac97a9fc81,class_reliability_gamma_0p250,,0.25,
class_reliability_gamma_0p250,class_scaled_raw,True,0.7,0.5179643988205744,0.408,0.4434782608695652,0.9207920792079208,125,8,62,51,0.40943936295239913,0.3416628261764386,0.3396975260994012,4ddfacfe62b8cb6de2ed7a256805ea0a267cc5e91ee5a0381fdb5aeb3fd2bd4c,526631cc46136d4d6d325191c25667d0bed706cd8e42e208b75725166a3a1d82,class_reliability_gamma_0p250,,0.25,
class_reliability_gamma_0p250,class_scaled_raw,True,0.8,0.3910900945744151,0.421875,0.23478260869565218,0.9603960396039604,64,4,32,27,0.40943936295239913,0.3416628261764386,0.3396975260994012,4ddfacfe62b8cb6de2ed7a256805ea0a267cc5e91ee5a0381fdb5aeb3fd2bd4c,cee3f606639e69c883889a36825a61156f03bc4c6f10489b02133f258cbebe6e,class_reliability_gamma_0p250,,0.25,
class_reliability_gamma_0p250,class_scaled_raw,True,0.9,0.09230769230769231,0.36363636363636365,0.034782608695652174,1.0,11,0,7,4,0.40943936295239913,0.3416628261764386,0.3396975260994012,4ddfacfe62b8cb6de2ed7a256805ea0a267cc5e91ee5a0381fdb5aeb3fd2bd4c,bdf11845b6c6c2904c461967d7ce02f03e95c77e3a5818cd4bea5e350bb65cbc,class_reliability_gamma_0p250,,0.25,
class_reliability_gamma_0p250,class_scaled_raw,True,0.95008784532547,0.02564102564102564,1.0,0.008695652173913044,1.0,1,0,0,1,0.40943936295239913,0.3416628261764386,0.3396975260994012,4ddfacfe62b8cb6de2ed7a256805ea0a267cc5e91ee5a0381fdb5aeb3fd2bd4c,1bbc89ce44747a849c21d6146a79510c5fa678a77f0ce9a30234b295a26c035d,class_reliability_gamma_0p250,,0.25,
class_reliability_gamma_0p500,class_scaled_raw,True,0.0023880215791697483,0.11298110529202379,0.044511668107173726,0.8956521739130435,0.3366336633663366,2314,67,2083,103,0.40943936295239913,0.3416628261764386,0.3396975260994012,0f0b520c26d19cc9d9947ffd35d240ff6926fff9af4299ece20c082503b70ba6,040ba792fd5af33c135514c764835e33bbddee87da65a8258b2649c1cbb730c9,class_reliability_gamma_0p500,,0.5,
class_reliability_gamma_0p500,class_scaled_raw,True,0.007552503824947893,0.16214595384749936,0.06675307841866494,0.8956521739130435,0.4158415841584159,1543,59,1331,103,0.40943936295239913,0.3416628261764386,0.3396975260994012,0f0b520c26d19cc9d9947ffd35d240ff6926fff9af4299ece20c082503b70ba6,557b21b8d6d4c6542100a95799679b6d248553d3c0eda1ad23d43b58852731dd,class_reliability_gamma_0p500,,0.5,
class_reliability_gamma_0p500,class_scaled_raw,True,0.03716804795604639,0.23689033703288873,0.10691144708423327,0.8608695652173913,0.4653465346534653,926,54,732,99,0.40943936295239913,0.3416628261764386,0.3396975260994012,0f0b520c26d19cc9d9947ffd35d240ff6926fff9af4299ece20c082503b70ba6,c8bc2f9f510b14353ecf1bf622dc3ec225cc98408907e1bb58214ebe8feda33a,class_reliability_gamma_0p500,,0.5,
class_reliability_gamma_0p500,class_scaled_raw,True,0.05,0.2508978416242933,0.11497005988023952,0.8347826086956521,0.48514851485148514,835,52,648,96,0.40943936295239913,0.3416628261764386,0.3396975260994012,0f0b520c26d19cc9d9947ffd35d240ff6926fff9af4299ece20c082503b70ba6,813857404a9253daf3bdd746fb0bea115665bee00ef77846f6689a9b2beaed6b,class_reliability_gamma_0p500,,0.5,
class_reliability_gamma_0p500,class_scaled_raw,True,0.1,0.30558276199804113,0.1497659906396256,0.8347826086956521,0.5148514851485149,641,49,463,96,0.40943936295239913,0.3416628261764386,0.3396975260994012,0f0b520c26d19cc9d9947ffd35d240ff6926fff9af4299ece20c082503b70ba6,caf8934650aeac010055a2c6cc4671b4eb419aedc4e0a899fca192c98edeb36c,class_reliability_gamma_0p500,,0.5,
class_reliability_gamma_0p500,class_scaled_raw,True,0.1101548820734024,0.31442991039241935,0.1553398058252427,0.8347826086956521,0.5247524752475248,618,48,442,96,0.40943936295239913,0.3416628261764386,0.3396975260994012,0f0b520c26d19cc9d9947ffd35d240ff6926fff9af4299ece20c082503b70ba6,7643203a39b26828a72c5c68688fd5d10a425a156720e126c135b9027664eba2,class_reliability_gamma_0p500,,0.5,
class_reliability_gamma_0p500,class_scaled_raw,True,0.15,0.33983485829056015,0.17439703153988867,0.8173913043478261,0.5346534653465347,539,47,370,94,0.40943936295239913,0.3416628261764386,0.3396975260994012,0f0b520c26d19cc9d9947ffd35d240ff6926fff9af4299ece20c082503b70ba6,5abbe47228c56e7534f3a4e0d12982349116bcfe44611a9fbb16628e597a9fee,class_reliability_gamma_0p500,,0.5,
class_reliability_gamma_0p500,class_scaled_raw,True,0.2,0.37336737252399077,0.19654427645788336,0.7913043478260869,0.594059405940594,463,41,305,91,0.40943936295239913,0.3416628261764386,0.3396975260994012,0f0b520c26d19cc9d9947ffd35d240ff6926fff9af4299ece20c082503b70ba6,02e5272a2195631b1911631c1438edbd280508aa8d6ae691a7532a7052adc5dc,class_reliability_gamma_0p500,,0.5,
class_reliability_gamma_0p500,class_scaled_raw,True,0.25,0.38690544610220917,0.20531400966183574,0.7391304347826086,0.6534653465346535,414,35,273,85,0.40943936295239913,0.3416628261764386,0.3396975260994012,0f0b520c26d19cc9d9947ffd35d240ff6926fff9af4299ece20c082503b70ba6,a0c6e2a2c440b2672b5296e79878fab19e7f5a11f95dabdd3146c4fc5b66ea1e,class_reliability_gamma_0p500,,0.5,
class_reliability_gamma_0p500,class_scaled_raw,True,0.3,0.42271031910484874,0.23480662983425415,0.7391304347826086,0.6732673267326732,362,33,224,85,0.40943936295239913,0.3416628261764386,0.3396975260994012,0f0b520c26d19cc9d9947ffd35d240ff6926fff9af4299ece20c082503b70ba6,634db9df217718e020862d16d4e806ac70ad00e5a05d0c95b30d0ce7d06b96ec,class_reliability_gamma_0p500,,0.5,
class_reliability_gamma_0p500,class_scaled_raw,True,0.35,0.4318078151132735,0.24464831804281345,0.6956521739130435,0.7029702970297029,327,30,197,80,0.40943936295239913,0.3416628261764386,0.3396975260994012,0f0b520c26d19cc9d9947ffd35d240ff6926fff9af4299ece20c082503b70ba6,ac7dbd5e1b97fcd0fd729676e3cb9e906a8a20fc3ee7ad4d9d1b91385be35b1b,class_reliability_gamma_0p500,,0.5,
class_reliability_gamma_0p500,class_scaled_raw,True,0.38420610581932335,0.44314020827382034,0.255663430420712,0.6869565217391305,0.7128712871287128,309,29,183,79,0.40943936295239913,0.3416628261764386,0.3396975260994012,0f0b520c26d19cc9d9947ffd35d240ff6926fff9af4299ece20c082503b70ba6,fc92f961160b8b44f9b8844d41ff26381836b2ee784ad5c0c1f9a270ca955d3d,class_reliability_gamma_0p500,,0.5,
class_reliability_gamma_0p500,class_scaled_raw,True,0.4,0.44663494221617944,0.2591362126245847,0.6782608695652174,0.7227722772277227,301,28,177,78,0.40943936295239913,0.3416628261764386,0.3396975260994012,0f0b520c26d19cc9d9947ffd35d240ff6926fff9af4299ece20c082503b70ba6,3b566aa8697aac4f41161cba8aa0927f6ba227d61951c37bc11fa9a69c884876,class_reliability_gamma_0p500,,0.5,
class_reliability_gamma_0p500,class_scaled_raw,True,0.5,0.4826044182094624,0.30603448275862066,0.6173913043478261,0.7524752475247525,232,25,123,71,0.40943936295239913,0.3416628261764386,0.3396975260994012,0f0b520c26d19cc9d9947ffd35d240ff6926fff9af4299ece20c082503b70ba6,49894c7fdd07412a78c358ade6cc9933ff1d4116ad83e496057868048c852c7e,class_reliability_gamma_0p500,,0.5,
class_reliability_gamma_0p500,class_scaled_raw,True,0.6,0.4834203611933348,0.3333333333333333,0.4956521739130435,0.8415841584158416,171,16,92,57,0.40943936295239913,0.3416628261764386,0.3396975260994012,0f0b520c26d19cc9d9947ffd35d240ff6926fff9af4299ece20c082503b70ba6,a58bf133a676fcd80766a3dbd90b6d9081c24de2a9f7c46e8cbc77903c8bbf46,class_reliability_gamma_0p500,,0.5,
class_reliability_gamma_0p500,class_scaled_raw,True,0.6263550745213277,0.501475331091745,0.36129032258064514,0.48695652173913045,0.8613861386138614,155,14,81,56,0.40943936295239913,0.3416628261764386,0.3396975260994012,0f0b520c26d19cc9d9947ffd35d240ff6926fff9af4299ece20c082503b70ba6,40f25b8cd42cb000b5f9dd88444ced5e7633226f7bd9c2069f8026dfdbf27f65,class_reliability_gamma_0p500,,0.5,
class_reliability_gamma_0p500,class_scaled_raw,True,0.7,0.48747170710399873,0.4074074074074074,0.3826086956521739,0.9207920792079208,108,8,53,44,0.40943936295239913,0.3416628261764386,0.3396975260994012,0f0b520c26d19cc9d9947ffd35d240ff6926fff9af4299ece20c082503b70ba6,4afbe0e74745e14e5da467e39a2770f50ff71dd28756962e38d8898ce69ca24d,class_reliability_gamma_0p500,,0.5,
class_reliability_gamma_0p500,class_scaled_raw,True,0.8,0.3461414963073959,0.41509433962264153,0.19130434782608696,0.9702970297029703,53,3,27,22,0.40943936295239913,0.3416628261764386,0.3396975260994012,0f0b520c26d19cc9d9947ffd35d240ff6926fff9af4299ece20c082503b70ba6,45e150663e2c28e146eaa7a8225c8b863f66ac4bd46bc036b20770a3a74f88b0,class_reliability_gamma_0p500,,0.5,
class_reliability_gamma_0p500,class_scaled_raw,True,0.9,0.0975609756097561,1.0,0.034782608695652174,1.0,4,0,0,4,0.40943936295239913,0.3416628261764386,0.3396975260994012,0f0b520c26d19cc9d9947ffd35d240ff6926fff9af4299ece20c082503b70ba6,41a45c8b60cbab9c1fec66b094ed68a4d47d1a04a36304fe6571c314f6dfd842,class_reliability_gamma_0p500,,0.5,
class_reliability_gamma_0p500,class_scaled_raw,True,0.95008784532547,0.02564102564102564,1.0,0.008695652173913044,1.0,1,0,0,1,0.40943936295239913,0.3416628261764386,0.3396975260994012,0f0b520c26d19cc9d9947ffd35d240ff6926fff9af4299ece20c082503b70ba6,1bbc89ce44747a849c21d6146a79510c5fa678a77f0ce9a30234b295a26c035d,class_reliability_gamma_0p500,,0.5,
class_reliability_gamma_0p750,class_scaled_raw,True,0.0022816151933520777,0.11298110529202379,0.044511668107173726,0.8956521739130435,0.3366336633663366,2314,67,2083,103,0.40943936295239913,0.3416628261764386,0.3396975260994012,c5b676777e1b05f6cafbde5fac6e7b01cabbe2a17287f5d493c2914bc1b4061a,f78ba22ccf17b6003cbdb56d11e56f836fc9de75a86e777794fed14df6925b89,class_reliability_gamma_0p750,,0.75,
class_reliability_gamma_0p750,class_scaled_raw,True,0.007293896699018565,0.16214595384749936,0.06675307841866494,0.8956521739130435,0.4158415841584159,1543,59,1331,103,0.40943936295239913,0.3416628261764386,0.3396975260994012,c5b676777e1b05f6cafbde5fac6e7b01cabbe2a17287f5d493c2914bc1b4061a,4e632e92e657fcada252d19499167967d996fdf7642a6bf7d6e18a19e7fe2075,class_reliability_gamma_0p750,,0.75,
class_reliability_gamma_0p750,class_scaled_raw,True,0.03533041680398097,0.23689033703288873,0.10691144708423327,0.8608695652173913,0.4653465346534653,926,54,732,99,0.40943936295239913,0.3416628261764386,0.3396975260994012,c5b676777e1b05f6cafbde5fac6e7b01cabbe2a17287f5d493c2914bc1b4061a,a8ee6bcf2d7880e5510f56b258c262db822886021cc112d61747e4c1547b2857,class_reliability_gamma_0p750,,0.75,
class_reliability_gamma_0p750,class_scaled_raw,True,0.05,0.2553468678753664,0.11779141104294479,0.8347826086956521,0.48514851485148514,815,52,628,96,0.40943936295239913,0.3416628261764386,0.3396975260994012,c5b676777e1b05f6cafbde5fac6e7b01cabbe2a17287f5d493c2914bc1b4061a,2b4181a04edab6d0f7f0068f5de0abae195ccee05730f06a9b944d231b54675e,class_reliability_gamma_0p750,,0.75,
class_reliability_gamma_0p750,class_scaled_raw,True,0.1,0.31036375836196906,0.1523809523809524,0.8347826086956521,0.5247524752475248,630,48,453,96,0.40943936295239913,0.3416628261764386,0.3396975260994012,c5b676777e1b05f6cafbde5fac6e7b01cabbe2a17287f5d493c2914bc1b4061a,776556b10e642ee9051cba14fe8df4366202f33d8f001fa05a03f2b7c4b13bb5,class_reliability_gamma_0p750,,0.75,
class_reliability_gamma_0p750,class_scaled_raw,True,0.10434845892675056,0.31442991039241935,0.1553398058252427,0.8347826086956521,0.5247524752475248,618,48,442,96,0.40943936295239913,0.3416628261764386,0.3396975260994012,c5b676777e1b05f6cafbde5fac6e7b01cabbe2a17287f5d493c2914bc1b4061a,dad26c49e644a64929e44a4eed3c4041a29f890cbbebccdf1486f6035b2912ed,class_reliability_gamma_0p750,,0.75,
class_reliability_gamma_0p750,class_scaled_raw,True,0.15,0.3448213396132422,0.17836812144212524,0.8173913043478261,0.5346534653465347,527,47,358,94,0.40943936295239913,0.3416628261764386,0.3396975260994012,c5b676777e1b05f6cafbde5fac6e7b01cabbe2a17287f5d493c2914bc1b4061a,5f6343606f556ade0c71c684811c0bbb9e7a74c491e5c7c6cd2f2c425e2545a4,class_reliability_gamma_0p750,,0.75,
class_reliability_gamma_0p750,class_scaled_raw,True,0.2,0.37481014406038565,0.19777777777777777,0.7739130434782608,0.6039603960396039,450,40,297,89,0.40943936295239913,0.3416628261764386,0.3396975260994012,c5b676777e1b05f6cafbde5fac6e7b01cabbe2a17287f5d493c2914bc1b4061a,99b0a70d9854b3dd61e30a118a72024a4c0600c0704b6093c3646e538b977237,class_reliability_gamma_0p750,,0.75,
class_reliability_gamma_0p750,class_scaled_raw,True,0.25,0.395302407516148,0.2125,0.7391304347826086,0.6534653465346535,400,35,259,85,0.40943936295239913,0.3416628261764386,0.3396975260994012,c5b676777e1b05f6cafbde5fac6e7b01cabbe2a17287f5d493c2914bc1b4061a,f407bf3f8bafde1095ed97bcff470ce56c2cfac9c3fb181e61f4ecf84c8b446a,class_reliability_gamma_0p750,,0.75,
class_reliability_gamma_0p750,class_scaled_raw,True,0.3,0.42369696370289783,0.23661971830985915,0.7304347826086957,0.6732673267326732,355,33,218,84,0.40943936295239913,0.3416628261764386,0.3396975260994012,c5b676777e1b05f6cafbde5fac6e7b01cabbe2a17287f5d493c2914bc1b4061a,254293aa8de7da9569410ea2355eb5c1f399b31a6f5e807961aa5f100f371bc4,class_reliability_gamma_0p750,,0.75,
class_reliability_gamma_0p750,class_scaled_raw,True,0.35,0.43493797539435397,0.2476780185758514,0.6956521739130435,0.7029702970297029,323,30,193,80,0.40943936295239913,0.3416628261764386,0.3396975260994012,c5b676777e1b05f6cafbde5fac6e7b01cabbe2a17287f5d493c2914bc1b4061a,6409baaca78404db09a291ea2cbeb2c04decf752dd9cb8df61bc177895443892,class_reliability_gamma_0p750,,0.75,
class_reliability_gamma_0p750,class_scaled_raw,True,0.37043824862620167,0.4475756319933692,0.2588996763754045,0.6956521739130435,0.7128712871287128,309,29,181,80,0.40943936295239913,0.3416628261764386,0.3396975260994012,c5b676777e1b05f6cafbde5fac6e7b01cabbe2a17287f5d493c2914bc1b4061a,fb51546b51cef6b40153c2a2b9bb875cc9f08f499b898a81f3569d9edd01e99b,class_reliability_gamma_0p750,,0.75,
class_reliability_gamma_0p750,class_scaled_raw,True,0.4,0.4515826683091425,0.2655172413793103,0.6695652173913044,0.7227722772277227,290,28,167,77,0.40943936295239913,0.3416628261764386,0.3396975260994012,c5b676777e1b05f6cafbde5fac6e7b01cabbe2a17287f5d493c2914bc1b4061a,85ebd8fd8afcf8d2ba4df408c1e4a6cb9f5aea57c7bffeeef0238f740fb9d8fe,class_reliability_gamma_0p750,,0.75,
class_reliability_gamma_0p750,class_scaled_raw,True,0.5,0.48512134200869594,0.31363636363636366,0.6,0.7524752475247525,220,25,114,69,0.40943936295239913,0.3416628261764386,0.3396975260994012,c5b676777e1b05f6cafbde5fac6e7b01cabbe2a17287f5d493c2914bc1b4061a,aa418428eb4b2e8e04e702f702024fb1e30db43a45b3616b667f286c51f828d5,class_reliability_gamma_0p750,,0.75,
class_reliability_gamma_0p750,class_scaled_raw,True,0.6,0.48047733696221084,0.34177215189873417,0.46956521739130436,0.8415841584158416,158,16,82,54,0.40943936295239913,0.3416628261764386,0.3396975260994012,c5b676777e1b05f6cafbde5fac6e7b01cabbe2a17287f5d493c2914bc1b4061a,a61e4031b275ddac1dd95fbf6d69082d9b2baed666ac9364f3537cab89316cef,class_reliability_gamma_0p750,,0.75,
class_reliability_gamma_0p750,class_scaled_raw,True,0.6064354817767986,0.48587570621468923,0.34838709677419355,0.46956521739130436,0.8514851485148515,155,15,81,54,0.40943936295239913,0.3416628261764386,0.3396975260994012,c5b676777e1b05f6cafbde5fac6e7b01cabbe2a17287f5d493c2914bc1b4061a,2891189d79930a840801eedeaf8b7fcbba3f5accd4508a81693b3daaeb560873,class_reliability_gamma_0p750,,0.75,
class_reliability_gamma_0p750,class_scaled_raw,True,0.7,0.4536973639164669,0.4,0.33043478260869563,0.9207920792079208,95,8,46,38,0.40943936295239913,0.3416628261764386,0.3396975260994012,c5b676777e1b05f6cafbde5fac6e7b01cabbe2a17287f5d493c2914bc1b4061a,f723edc973223c3f6191f063d31037c52855d87fdcf636669bd2be6d37b1ffd7,class_reliability_gamma_0p750,,0.75,
class_reliability_gamma_0p750,class_scaled_raw,True,0.8,0.27667333254911186,0.38095238095238093,0.1391304347826087,0.9702970297029703,42,3,22,16,0.40943936295239913,0.3416628261764386,0.3396975260994012,c5b676777e1b05f6cafbde5fac6e7b01cabbe2a17287f5d493c2914bc1b4061a,5babdf2872b3d5c8209492cf58b8dd0869db1217419d80f7a9e85afb883cc4d6,class_reliability_gamma_0p750,,0.75,
class_reliability_gamma_0p750,class_scaled_raw,True,0.9,0.0975609756097561,1.0,0.034782608695652174,1.0,4,0,0,4,0.40943936295239913,0.3416628261764386,0.3396975260994012,c5b676777e1b05f6cafbde5fac6e7b01cabbe2a17287f5d493c2914bc1b4061a,41a45c8b60cbab9c1fec66b094ed68a4d47d1a04a36304fe6571c314f6dfd842,class_reliability_gamma_0p750,,0.75,
class_reliability_gamma_0p750,class_scaled_raw,True,0.95008784532547,0.02564102564102564,1.0,0.008695652173913044,1.0,1,0,0,1,0.40943936295239913,0.3416628261764386,0.3396975260994012,c5b676777e1b05f6cafbde5fac6e7b01cabbe2a17287f5d493c2914bc1b4061a,1bbc89ce44747a849c21d6146a79510c5fa678a77f0ce9a30234b295a26c035d,class_reliability_gamma_0p750,,0.75,
class_reliability_gamma_1p000,class_scaled_raw,True,0.002200032995880092,0.11298110529202379,0.044511668107173726,0.8956521739130435,0.3366336633663366,2314,67,2084,103,0.40943936295239913,0.3416628261764386,0.3396975260994012,bc89be22dd984ef4a613304777178f5ffbcadadaa183f5bede5863d43955e0a9,70e3bc06cb5347b3b8c127606dcedc415612baf818aab02eb155d68c285b4893,class_reliability_gamma_1p000,,1.0,
class_reliability_gamma_1p000,class_scaled_raw,True,0.007009100619191905,0.16214595384749936,0.06675307841866494,0.8956521739130435,0.4158415841584159,1543,59,1331,103,0.40943936295239913,0.3416628261764386,0.3396975260994012,bc89be22dd984ef4a613304777178f5ffbcadadaa183f5bede5863d43955e0a9,6c90e8cf9ee8b4344435c377997c6b6b7a611551e92139777a1f5271bfeccaa3,class_reliability_gamma_1p000,,1.0,
class_reliability_gamma_1p000,class_scaled_raw,True,0.034331614151596954,0.23689033703288873,0.10691144708423327,0.8608695652173913,0.4653465346534653,926,54,732,99,0.40943936295239913,0.3416628261764386,0.3396975260994012,bc89be22dd984ef4a613304777178f5ffbcadadaa183f5bede5863d43955e0a9,2fe1074628c22af5f5cdcddc3c3961c6eee6404a9e0744d49515523fef68567f,class_reliability_gamma_1p000,,1.0,
class_reliability_gamma_1p000,class_scaled_raw,True,0.05,0.2569415363326839,0.1188118811881188,0.8347826086956521,0.48514851485148514,808,52,622,96,0.40943936295239913,0.3416628261764386,0.3396975260994012,bc89be22dd984ef4a613304777178f5ffbcadadaa183f5bede5863d43955e0a9,3c310cbc3edb431ee66efc72552f6778e1c64befc24362764fd49e7be7116097,class_reliability_gamma_1p000,,1.0,
class_reliability_gamma_1p000,class_scaled_raw,True,0.1,0.3134034165571616,0.15458937198067632,0.8347826086956521,0.5247524752475248,621,48,445,96,0.40943936295239913,0.3416628261764386,0.3396975260994012,bc89be22dd984ef4a613304777178f5ffbcadadaa183f5bede5863d43955e0a9,5b8000c2dfe463433c3ab59f955eac5d298289ed7df9283a630e492135fc6e2d,class_reliability_gamma_1p000,,1.0,
class_reliability_gamma_1p000,class_scaled_raw,True,0.1029167151241619,0.31442991039241935,0.1553398058252427,0.8347826086956521,0.5247524752475248,618,48,442,96,0.40943936295239913,0.3416628261764386,0.3396975260994012,bc89be22dd984ef4a613304777178f5ffbcadadaa183f5bede5863d43955e0a9,1bd6cffcaf18450d3d3289e110a5d8784ca7960ec507a8ce4aa8e5ceef0f861d,class_reliability_gamma_1p000,,1.0,
class_reliability_gamma_1p000,class_scaled_raw,True,0.15,0.35135012685755707,0.1825242718446602,0.8173913043478261,0.5445544554455446,515,46,347,94,0.40943936295239913,0.3416628261764386,0.3396975260994012,bc89be22dd984ef4a613304777178f5ffbcadadaa183f5bede5863d43955e0a9,4efcc02a7a3746b01abe8191199ad73541b816f62025117d7bd2bcfe1a2772a1,class_reliability_gamma_1p000,,1.0,
class_reliability_gamma_1p000,class_scaled_raw,True,0.2,0.3814373603078412,0.20227272727272727,0.7739130434782608,0.6138613861386139,440,39,288,89,0.40943936295239913,0.3416628261764386,0.3396975260994012,bc89be22dd984ef4a613304777178f5ffbcadadaa183f5bede5863d43955e0a9,e8d9e54a973af070c73b2c9acf403c3dba36394ee57c42ef59cdff4710af0a41,class_reliability_gamma_1p000,,1.0,
class_reliability_gamma_1p000,class_scaled_raw,True,0.25,0.39963906632156343,0.21628498727735368,0.7391304347826086,0.6534653465346535,393,35,252,85,0.40943936295239913,0.3416628261764386,0.3396975260994012,bc89be22dd984ef4a613304777178f5ffbcadadaa183f5bede5863d43955e0a9,1232dfa7b41a81e5f115be1684253602819cbf88ffa6529ebc3170cdb180fec0,class_reliability_gamma_1p000,,1.0,
class_reliability_gamma_1p000,class_scaled_raw,True,0.3,0.41994276246422657,0.2349570200573066,0.7130434782608696,0.6732673267326732,349,33,214,82,0.40943936295239913,0.3416628261764386,0.3396975260994012,bc89be22dd984ef4a613304777178f5ffbcadadaa183f5bede5863d43955e0a9,db91acb49a45d611b21db311907640548b699fb41fa99ca10a327a303be64afb,class_reliability_gamma_1p000,,1.0,
class_reliability_gamma_1p000,class_scaled_raw,True,0.35,0.44543196967716636,0.25806451612903225,0.6956521739130435,0.7029702970297029,310,30,181,80,0.40943936295239913,0.3416628261764386,0.3396975260994012,bc89be22dd984ef4a613304777178f5ffbcadadaa183f5bede5863d43955e0a9,669cb52192d0cc7632898499a0ba32ac83a7322bfeb6d7c93b38f7b69c686e11,class_reliability_gamma_1p000,,1.0,
class_reliability_gamma_1p000,class_scaled_raw,True,0.35350465271938436,0.4462602137020741,0.2588996763754045,0.6956521739130435,0.7029702970297029,309,30,180,80,0.40943936295239913,0.3416628261764386,0.3396975260994012,bc89be22dd984ef4a613304777178f5ffbcadadaa183f5bede5863d43955e0a9,43a4b953e9884419756456cb6e1794700a290bd857b92fa9fdf324ca22f673db,class_reliability_gamma_1p000,,1.0,
class_reliability_gamma_1p000,class_scaled_raw,True,0.4,0.4613977212873895,0.2773722627737226,0.6608695652173913,0.7227722772277227,274,28,153,76,0.40943936295239913,0.3416628261764386,0.3396975260994012,bc89be22dd984ef4a613304777178f5ffbcadadaa183f5bede5863d43955e0a9,6d4feea13158eca8b6d17d76c60136b3c31994a60c0bb18c14dfc657ce2b5bc8,class_reliability_gamma_1p000,,1.0,
class_reliability_gamma_1p000,class_scaled_raw,True,0.5,0.4774946032155169,0.3140096618357488,0.5652173913043478,0.7524752475247525,207,25,106,65,0.40943936295239913,0.3416628261764386,0.3396975260994012,bc89be22dd984ef4a613304777178f5ffbcadadaa183f5bede5863d43955e0a9,4d6c49c2027e935f7dd18aa28a49bfef664fc507fb5ced3cbe4929e6d4d19f47,class_reliability_gamma_1p000,,1.0,
class_reliability_gamma_1p000,class_scaled_raw,True,0.5835264011746881,0.46378344083747486,0.32903225806451614,0.4434782608695652,0.8514851485148515,155,15,83,51,0.40943936295239913,0.3416628261764386,0.3396975260994012,bc89be22dd984ef4a613304777178f5ffbcadadaa183f5bede5863d43955e0a9,a6d5cbc45013c0779ce7759b9d7c6fb8964ded0267e93221655dfc7f9c72075a,class_reliability_gamma_1p000,,1.0,
class_reliability_gamma_1p000,class_scaled_raw,True,0.6,0.45716558782048966,0.3288590604026846,0.4260869565217391,0.8514851485148515,149,15,79,49,0.40943936295239913,0.3416628261764386,0.3396975260994012,bc89be22dd984ef4a613304777178f5ffbcadadaa183f5bede5863d43955e0a9,6dfa5cf28d222aee5fbaece7c5fdb6c663f2b8b9af58f4a6f199ec8bf87caf80,class_reliability_gamma_1p000,,1.0,
class_reliability_gamma_1p000,class_scaled_raw,True,0.7,0.43234127888428053,0.40476190476190477,0.2956521739130435,0.9207920792079208,84,8,39,34,0.40943936295239913,0.3416628261764386,0.3396975260994012,bc89be22dd984ef4a613304777178f5ffbcadadaa183f5bede5863d43955e0a9,d94273e8e29a391161a879131a0ed6a2e0e7f3a4e735893ad6bd8954fd9b01f6,class_reliability_gamma_1p000,,1.0,
class_reliability_gamma_1p000,class_scaled_raw,True,0.8,0.22171945701357465,0.34285714285714286,0.10434782608695652,0.9702970297029703,35,3,19,12,0.40943936295239913,0.3416628261764386,0.3396975260994012,bc89be22dd984ef4a613304777178f5ffbcadadaa183f5bede5863d43955e0a9,a33887d9af77707d4ff3e652e34a7f76774902f3e388d243caf3955dd1f2ceb1,class_reliability_gamma_1p000,,1.0,
class_reliability_gamma_1p000,class_scaled_raw,True,0.9,0.0975609756097561,1.0,0.034782608695652174,1.0,4,0,0,4,0.40943936295239913,0.3416628261764386,0.3396975260994012,bc89be22dd984ef4a613304777178f5ffbcadadaa183f5bede5863d43955e0a9,41a45c8b60cbab9c1fec66b094ed68a4d47d1a04a36304fe6571c314f6dfd842,class_reliability_gamma_1p000,,1.0,
class_reliability_gamma_1p000,class_scaled_raw,True,0.95008784532547,0.02564102564102564,1.0,0.008695652173913044,1.0,1,0,0,1,0.40943936295239913,0.3416628261764386,0.3396975260994012,bc89be22dd984ef4a613304777178f5ffbcadadaa183f5bede5863d43955e0a9,1bbc89ce44747a849c21d6146a79510c5fa678a77f0ce9a30234b295a26c035d,class_reliability_gamma_1p000,,1.0,
raw_light_geom_gate_0p050,light_geometry_gate,False,0.0024707570702032578,0.11334339432811419,0.044511668107173726,0.8956521739130435,0.3465346534653465,2314,66,2085,103,0.40943936295239913,0.3416628261764386,0.3396975260994012,8c75f83210b9e2065a6a08f3c7e322a9c6d2d4a3014ca678dab7d1266dd6077f,0271fe10a5538ae58dfa9f1ac8fe0cf87b670964117b46d3b9effd70118e1a0a,raw_light_geom_gate_0p050,,,0.05
raw_light_geom_gate_0p050,light_geometry_gate,False,0.007859059459911702,0.16214595384749936,0.06675307841866494,0.8956521739130435,0.4158415841584159,1543,59,1331,103,0.40943936295239913,0.3416628261764386,0.3396975260994012,8c75f83210b9e2065a6a08f3c7e322a9c6d2d4a3014ca678dab7d1266dd6077f,6df02fa94d054d8ee39d3561bf8cf81f6868813310147e5b1de5474c6267856a,raw_light_geom_gate_0p050,,,0.05
raw_light_geom_gate_0p050,light_geometry_gate,False,0.03821033931554728,0.23689033703288873,0.10691144708423327,0.8608695652173913,0.4653465346534653,926,54,732,99,0.40943936295239913,0.3416628261764386,0.3396975260994012,8c75f83210b9e2065a6a08f3c7e322a9c6d2d4a3014ca678dab7d1266dd6077f,125221bddd8fac3c3a1f92843cdd43a8c37d75305ab42d5df54facd43e685c7b,raw_light_geom_gate_0p050,,,0.05
raw_light_geom_gate_0p050,light_geometry_gate,False,0.05,0.24827144913883512,0.11371629542790153,0.8434782608695652,0.4752475247524752,853,53,664,97,0.40943936295239913,0.3416628261764386,0.3396975260994012,8c75f83210b9e2065a6a08f3c7e322a9c6d2d4a3014ca678dab7d1266dd6077f,da288b79d93a923667a5f4dd2d651c1d8f1ba99cd79e2b08d0f8f55b18046181,raw_light_geom_gate_0p050,,,0.05
raw_light_geom_gate_0p050,light_geometry_gate,False,0.1,0.2995439635170814,0.14545454545454545,0.8347826086956521,0.5148514851485149,660,49,480,96,0.40943936295239913,0.3416628261764386,0.3396975260994012,8c75f83210b9e2065a6a08f3c7e322a9c6d2d4a3014ca678dab7d1266dd6077f,578efdd1882a25ab11086539d34c2cc3e518aa2e370112a6c9daf96f063f7a13,raw_light_geom_gate_0p050,,,0.05
raw_light_geom_gate_0p050,light_geometry_gate,False,0.11461746265607282,0.31442991039241935,0.1553398058252427,0.8347826086956521,0.5247524752475248,618,48,443,96,0.40943936295239913,0.3416628261764386,0.3396975260994012,8c75f83210b9e2065a6a08f3c7e322a9c6d2d4a3014ca678dab7d1266dd6077f,16fdd8a4b1cbfc5c4715396a03b4acd4af4839269ad61a3ff634ff037245288a,raw_light_geom_gate_0p050,,,0.05
raw_light_geom_gate_0p050,light_geometry_gate,False,0.15,0.3313757835697789,0.16817359855334538,0.808695652173913,0.5346534653465347,553,47,384,93,0.40943936295239913,0.3416628261764386,0.3396975260994012,8c75f83210b9e2065a6a08f3c7e322a9c6d2d4a3014ca678dab7d1266dd6077f,f6a3d64e8294849b42fd72b56436bf980609f0f05d74e6b0955ce4af2950c5b7,raw_light_geom_gate_0p050,,,0.05
raw_light_geom_gate_0p050,light_geometry_gate,False,0.2,0.36342659359676954,0.18840579710144928,0.7913043478260869,0.594059405940594,483,41,324,91,0.40943936295239913,0.3416628261764386,0.3396975260994012,8c75f83210b9e2065a6a08f3c7e322a9c6d2d4a3014ca678dab7d1266dd6077f,82ad88cc2cdd6d7f4e42f035799c55819d4080fa40466dca4064e1093912cb8a,raw_light_geom_gate_0p050,,,0.05
raw_light_geom_gate_0p050,light_geometry_gate,False,0.25,0.38716773602199817,0.205607476635514,0.7652173913043478,0.6336633663366337,428,37,282,88,0.40943936295239913,0.3416628261764386,0.3396975260994012,8c75f83210b9e2065a6a08f3c7e322a9c6d2d4a3014ca678dab7d1266dd6077f,2889065281920928bec8b6a3a9f121aceb5358a8a4a02a1378748e3197c15274,raw_light_geom_gate_0p050,,,0.05
raw_light_geom_gate_0p050,light_geometry_gate,False,0.3,0.4078368652538984,0.22135416666666666,0.7391304347826086,0.6732673267326732,384,33,246,85,0.40943936295239913,0.3416628261764386,0.3396975260994012,8c75f83210b9e2065a6a08f3c7e322a9c6d2d4a3014ca678dab7d1266dd6077f,eb9dd8f7774e76596d183b7cd637c2a2960658b403f5201dd23b2d7a7e331cab,raw_light_geom_gate_0p050,,,0.05
raw_light_geom_gate_0p050,light_geometry_gate,False,0.35,0.43636895761182376,0.24489795918367346,0.7304347826086957,0.7029702970297029,343,30,209,84,0.40943936295239913,0.3416628261764386,0.3396975260994012,8c75f83210b9e2065a6a08f3c7e322a9c6d2d4a3014ca678dab7d1266dd6077f,2bc1a8f8b3bf8f9526301121c45f36f6bf7ba7c3b0fba303006ec2e032127536,raw_light_geom_gate_0p050,,,0.05
raw_light_geom_gate_0p050,light_geometry_gate,False,0.4,0.4401874872630936,0.25157232704402516,0.6956521739130435,0.7128712871287128,318,29,191,80,0.40943936295239913,0.3416628261764386,0.3396975260994012,8c75f83210b9e2065a6a08f3c7e322a9c6d2d4a3014ca678dab7d1266dd6077f,08868aa7c3a8cb29411491957627a2138621dcb4d7ccc06ba5ef8145d8256b0e,raw_light_geom_gate_0p050,,,0.05
raw_light_geom_gate_0p050,light_geometry_gate,False,0.4129144324757066,0.44886247181799543,0.2588996763754045,0.6956521739130435,0.7227722772277227,309,28,184,80,0.40943936295239913,0.3416628261764386,0.3396975260994012,8c75f83210b9e2065a6a08f3c7e322a9c6d2d4a3014ca678dab7d1266dd6077f,6bc869525f219f8fcb705286cac96f39ddce1cd2717c71b11f4ec31d2c4cf16b,raw_light_geom_gate_0p050,,,0.05
raw_light_geom_gate_0p050,light_geometry_gate,False,0.5,0.460864682762493,0.27906976744186046,0.6260869565217392,0.7524752475247525,258,25,147,72,0.40943936295239913,0.3416628261764386,0.3396975260994012,8c75f83210b9e2065a6a08f3c7e322a9c6d2d4a3014ca678dab7d1266dd6077f,15f09b7b029d526710ed9d8f93747b63061858b3ae996429692bc240e36aae9c,raw_light_geom_gate_0p050,,,0.05
raw_light_geom_gate_0p050,light_geometry_gate,False,0.6,0.5065334119618858,0.3404255319148936,0.5565217391304348,0.8415841584158416,188,16,102,64,0.40943936295239913,0.3416628261764386,0.3396975260994012,8c75f83210b9e2065a6a08f3c7e322a9c6d2d4a3014ca678dab7d1266dd6077f,052fda6c42d0e84afabdd9ec3207e3ed8c8c6a12e669e3b4711d8c51ccb8fc00,raw_light_geom_gate_0p050,,,0.05
raw_light_geom_gate_0p050,light_geometry_gate,False,0.6629979876244403,0.5025836279575742,0.36129032258064514,0.48695652173913045,0.8712871287128713,155,13,82,56,0.40943936295239913,0.3416628261764386,0.3396975260994012,8c75f83210b9e2065a6a08f3c7e322a9c6d2d4a3014ca678dab7d1266dd6077f,6e4c6ecd3f06400af419c85a206b09580f230fe42d8c4e21f7f9edc3177ff644,raw_light_geom_gate_0p050,,,0.05
raw_light_geom_gate_0p050,light_geometry_gate,False,0.7,0.5192942596471298,0.39849624060150374,0.4608695652173913,0.9108910891089109,133,9,67,53,0.40943936295239913,0.3416628261764386,0.3396975260994012,8c75f83210b9e2065a6a08f3c7e322a9c6d2d4a3014ca678dab7d1266dd6077f,c04251307ac4e339604919aaa35b7915b4ecec9bc2a1a3d074c529cf7aa492d9,raw_light_geom_gate_0p050,,,0.05
raw_light_geom_gate_0p050,light_geometry_gate,False,0.8,0.4439258750857927,0.44594594594594594,0.28695652173913044,0.9702970297029703,74,3,37,33,0.40943936295239913,0.3416628261764386,0.3396975260994012,8c75f83210b9e2065a6a08f3c7e322a9c6d2d4a3014ca678dab7d1266dd6077f,b0c1affc2b143f4c941a832fa5784c72de3be66bd71f5237580b6c5bbabe5054,raw_light_geom_gate_0p050,,,0.05
raw_light_geom_gate_0p050,light_geometry_gate,False,0.9,0.1836734693877551,0.391304347826087,0.0782608695652174,1.0,23,0,14,9,0.40943936295239913,0.3416628261764386,0.3396975260994012,8c75f83210b9e2065a6a08f3c7e322a9c6d2d4a3014ca678dab7d1266dd6077f,1929a2e2537469dcf3307166da2f48e1920845117e3c9ac9b957a1946d771389,raw_light_geom_gate_0p050,,,0.05
raw_light_geom_gate_0p050,light_geometry_gate,False,0.9492167171582532,0.02564102564102564,1.0,0.008695652173913044,1.0,1,0,0,1,0.40943936295239913,0.3416628261764386,0.3396975260994012,8c75f83210b9e2065a6a08f3c7e322a9c6d2d4a3014ca678dab7d1266dd6077f,1bbc89ce44747a849c21d6146a79510c5fa678a77f0ce9a30234b295a26c035d,raw_light_geom_gate_0p050,,,0.05
raw_light_geom_gate_0p100,light_geometry_gate,False,0.00234624067918046,0.11334339432811419,0.044511668107173726,0.8956521739130435,0.3465346534653465,2314,66,2085,103,0.40943936295239913,0.3416628261764386,0.3396975260994012,07a9dbc64ab566c7fd2789649f966cfcc059522b78db52fa087c7fd815e0761e,0271fe10a5538ae58dfa9f1ac8fe0cf87b670964117b46d3b9effd70118e1a0a,raw_light_geom_gate_0p100,,,0.1
raw_light_geom_gate_0p100,light_geometry_gate,False,0.007460923100654156,0.16214595384749936,0.06675307841866494,0.8956521739130435,0.4158415841584159,1543,59,1331,103,0.40943936295239913,0.3416628261764386,0.3396975260994012,07a9dbc64ab566c7fd2789649f966cfcc059522b78db52fa087c7fd815e0761e,6df02fa94d054d8ee39d3561bf8cf81f6868813310147e5b1de5474c6267856a,raw_light_geom_gate_0p100,,,0.1
raw_light_geom_gate_0p100,light_geometry_gate,False,0.03680021899100956,0.23689033703288873,0.10691144708423327,0.8608695652173913,0.4653465346534653,926,54,732,99,0.40943936295239913,0.3416628261764386,0.3396975260994012,07a9dbc64ab566c7fd2789649f966cfcc059522b78db52fa087c7fd815e0761e,15741ccd4b2ffc9c8f5fa3ca94336233de011ca03cc643f092e6a1550045cd6d,raw_light_geom_gate_0p100,,,0.1
raw_light_geom_gate_0p100,light_geometry_gate,False,0.05,0.25148989035127206,0.11575178997613365,0.8434782608695652,0.4752475247524752,838,53,650,97,0.40943936295239913,0.3416628261764386,0.3396975260994012,07a9dbc64ab566c7fd2789649f966cfcc059522b78db52fa087c7fd815e0761e,37504170980df2f5734531b3eb2ba7f1abc9b30baf23eb2bd75a3ff32af3dc81,raw_light_geom_gate_0p100,,,0.1
raw_light_geom_gate_0p100,light_geometry_gate,False,0.1,0.3039701225947877,0.14860681114551083,0.8347826086956521,0.5148514851485149,646,49,469,96,0.40943936295239913,0.3416628261764386,0.3396975260994012,07a9dbc64ab566c7fd2789649f966cfcc059522b78db52fa087c7fd815e0761e,79849c989b5d9d3a01f740e00bf844bd8eb4df6fa789f14b89ff72a484e148fb,raw_light_geom_gate_0p100,,,0.1
raw_light_geom_gate_0p100,light_geometry_gate,False,0.11065278803619083,0.31442991039241935,0.1553398058252427,0.8347826086956521,0.5247524752475248,618,48,443,96,0.40943936295239913,0.3416628261764386,0.3396975260994012,07a9dbc64ab566c7fd2789649f966cfcc059522b78db52fa087c7fd815e0761e,d46638eafff5e202ae307972179a4727782018f092d6b15a070b6332436bced9,raw_light_geom_gate_0p100,,,0.1
raw_light_geom_gate_0p100,light_geometry_gate,False,0.15,0.33050960216436776,0.1678832116788321,0.8,0.5346534653465347,548,47,380,92,0.40943936295239913,0.3416628261764386,0.3396975260994012,07a9dbc64ab566c7fd2789649f966cfcc059522b78db52fa087c7fd815e0761e,8fb2560f45f2d813ba04ed6ac3f2b6f2dbdd05ea7092d2ed53c1779318f4212f,raw_light_geom_gate_0p100,,,0.1
raw_light_geom_gate_0p100,light_geometry_gate,False,0.2,0.36858413935061196,0.19157894736842104,0.7913043478260869,0.6039603960396039,475,40,318,91,0.40943936295239913,0.3416628261764386,0.3396975260994012,07a9dbc64ab566c7fd2789649f966cfcc059522b78db52fa087c7fd815e0761e,3129fc811e5c265479b9644df7badbc3bc27e4a8590c30b497760d7285be7d61,raw_light_geom_gate_0p100,,,0.1
raw_light_geom_gate_0p100,light_geometry_gate,False,0.25,0.38773636864328986,0.20608899297423888,0.7652173913043478,0.6336633663366337,427,37,281,88,0.40943936295239913,0.3416628261764386,0.3396975260994012,07a9dbc64ab566c7fd2789649f966cfcc059522b78db52fa087c7fd815e0761e,d901053e69c601a054e9fee97ce5824838bd8463c7445f7fff5cc028a389ac36,raw_light_geom_gate_0p100,,,0.1
raw_light_geom_gate_0p100,light_geometry_gate,False,0.3,0.4098031337886701,0.2230971128608924,0.7391304347826086,0.6732673267326732,381,33,243,85,0.40943936295239913,0.3416628261764386,0.3396975260994012,07a9dbc64ab566c7fd2789649f966cfcc059522b78db52fa087c7fd815e0761e,fbcdca5641d49028e02a18c0b8d29d45175b08bcbefd3d117d6215a60d192df1,raw_light_geom_gate_0p100,,,0.1
raw_light_geom_gate_0p100,light_geometry_gate,False,0.35,0.4360232821979973,0.2455621301775148,0.7217391304347827,0.7029702970297029,338,30,205,83,0.40943936295239913,0.3416628261764386,0.3396975260994012,07a9dbc64ab566c7fd2789649f966cfcc059522b78db52fa087c7fd815e0761e,1e890de5fda91ae412ab236af54735518a555798ba6272ad36f36e9b900d28c6,raw_light_geom_gate_0p100,,,0.1
raw_light_geom_gate_0p100,light_geometry_gate,False,0.4,0.444261620732209,0.25559105431309903,0.6956521739130435,0.7128712871287128,313,29,187,80,0.40943936295239913,0.3416628261764386,0.3396975260994012,07a9dbc64ab566c7fd2789649f966cfcc059522b78db52fa087c7fd815e0761e,25299b9fc780e3f0d1f001e8baeb16b8d0a1d15ad7d5a39524f55f4201c93efb,raw_light_geom_gate_0p100,,,0.1
raw_light_geom_gate_0p100,light_geometry_gate,False,0.4059872709159119,0.44886247181799543,0.2588996763754045,0.6956521739130435,0.7227722772277227,309,28,184,80,0.40943936295239913,0.3416628261764386,0.3396975260994012,07a9dbc64ab566c7fd2789649f966cfcc059522b78db52fa087c7fd815e0761e,6bc869525f219f8fcb705286cac96f39ddce1cd2717c71b11f4ec31d2c4cf16b,raw_light_geom_gate_0p100,,,0.1
raw_light_geom_gate_0p100,light_geometry_gate,False,0.5,0.46283974286680957,0.28125,0.6260869565217392,0.7524752475247525,256,25,145,72,0.40943936295239913,0.3416628261764386,0.3396975260994012,07a9dbc64ab566c7fd2789649f966cfcc059522b78db52fa087c7fd815e0761e,00c62e397991b480f33002e489f345957dc383551c0a348adb7656c0ddd728a3,raw_light_geom_gate_0p100,,,0.1
raw_light_geom_gate_0p100,light_geometry_gate,False,0.6,0.5055384228082321,0.3423913043478261,0.5478260869565217,0.8415841584158416,184,16,100,63,0.40943936295239913,0.3416628261764386,0.3396975260994012,07a9dbc64ab566c7fd2789649f966cfcc059522b78db52fa087c7fd815e0761e,f3488ea1d6d25c661a6b4c575511adb15e94cbfb5a652dc341df0094d41a6b61,raw_light_geom_gate_0p100,,,0.1
raw_light_geom_gate_0p100,light_geometry_gate,False,0.6598935200109373,0.5025836279575742,0.36129032258064514,0.48695652173913045,0.8712871287128713,155,13,82,56,0.40943936295239913,0.3416628261764386,0.3396975260994012,07a9dbc64ab566c7fd2789649f966cfcc059522b78db52fa087c7fd815e0761e,6e4c6ecd3f06400af419c85a206b09580f230fe42d8c4e21f7f9edc3177ff644,raw_light_geom_gate_0p100,,,0.1
raw_light_geom_gate_0p100,light_geometry_gate,False,0.7,0.52378590910701,0.40458015267175573,0.4608695652173913,0.9207920792079208,131,8,67,53,0.40943936295239913,0.3416628261764386,0.3396975260994012,07a9dbc64ab566c7fd2789649f966cfcc059522b78db52fa087c7fd815e0761e,ca50fe7ec11ca9d0bfa2b35a675465d62f8013b304b952b2dfa2cc271abdfddb,raw_light_geom_gate_0p100,,,0.1
raw_light_geom_gate_0p100,light_geometry_gate,False,0.8,0.4459254492806912,0.4520547945205479,0.28695652173913044,0.9702970297029703,73,3,36,33,0.40943936295239913,0.3416628261764386,0.3396975260994012,07a9dbc64ab566c7fd2789649f966cfcc059522b78db52fa087c7fd815e0761e,4434769e03ae4ce266d85da33116ca5b4730802d63ee97685b59a59b6a10938c,raw_light_geom_gate_0p100,,,0.1
raw_light_geom_gate_0p100,light_geometry_gate,False,0.9,0.16551724137931034,0.36363636363636365,0.06956521739130435,1.0,22,0,14,8,0.40943936295239913,0.3416628261764386,0.3396975260994012,07a9dbc64ab566c7fd2789649f966cfcc059522b78db52fa087c7fd815e0761e,80f39e9113153baa1da4a5f85034aeb18f40b5ccdafdd1afde51e67c6816a671,raw_light_geom_gate_0p100,,,0.1
raw_light_geom_gate_0p100,light_geometry_gate,False,0.9483455889910364,0.02564102564102564,1.0,0.008695652173913044,1.0,1,0,0,1,0.40943936295239913,0.3416628261764386,0.3396975260994012,07a9dbc64ab566c7fd2789649f966cfcc059522b78db52fa087c7fd815e0761e,1bbc89ce44747a849c21d6146a79510c5fa678a77f0ce9a30234b295a26c035d,raw_light_geom_gate_0p100,,,0.1
raw_light_geom_gate_0p200,light_geometry_gate,False,0.002099764060985795,0.11334339432811419,0.044511668107173726,0.8956521739130435,0.3465346534653465,2314,66,2085,103,0.40943936295239913,0.3416628261764386,0.3396975260994012,d73a2184396161d0aa3e0529b5993ce278cbf7c069f0840e68021f31dd439897,0271fe10a5538ae58dfa9f1ac8fe0cf87b670964117b46d3b9effd70118e1a0a,raw_light_geom_gate_0p200,,,0.2
raw_light_geom_gate_0p200,light_geometry_gate,False,0.006670739983168594,0.16214595384749936,0.06675307841866494,0.8956521739130435,0.4158415841584159,1543,59,1331,103,0.40943936295239913,0.3416628261764386,0.3396975260994012,d73a2184396161d0aa3e0529b5993ce278cbf7c069f0840e68021f31dd439897,b4a6e80f73c44ee3f17b1266eb2aebea6ae6f343e43370b3b6ef436e57e472d9,raw_light_geom_gate_0p200,,,0.2
raw_light_geom_gate_0p200,light_geometry_gate,False,0.033960338987479854,0.23689033703288873,0.10691144708423327,0.8608695652173913,0.4653465346534653,926,54,732,99,0.40943936295239913,0.3416628261764386,0.3396975260994012,d73a2184396161d0aa3e0529b5993ce278cbf7c069f0840e68021f31dd439897,8da53edb2a6e04d748a758eed672cea5f4c081a16c5865c98941fca984433095,raw_light_geom_gate_0p200,,,0.2
raw_light_geom_gate_0p200,light_geometry_gate,False,0.05,0.25602786697871877,0.11822660098522167,0.8347826086956521,0.48514851485148514,812,52,626,96,0.40943936295239913,0.3416628261764386,0.3396975260994012,d73a2184396161d0aa3e0529b5993ce278cbf7c069f0840e68021f31dd439897,3f931c9c96e74a0b368733ad65b0864c90458baf7c0b8c18b646327f2b8b0ff2,raw_light_geom_gate_0p200,,,0.2
raw_light_geom_gate_0p200,light_geometry_gate,False,0.1,0.3113704051242299,0.15311004784688995,0.8347826086956521,0.5247524752475248,627,48,452,96,0.40943936295239913,0.3416628261764386,0.3396975260994012,d73a2184396161d0aa3e0529b5993ce278cbf7c069f0840e68021f31dd439897,e0bd75254b2a3bee914b6ad68b28321cbf3493203b3dabe6b64fe6109be29715,raw_light_geom_gate_0p200,,,0.2
raw_light_geom_gate_0p200,light_geometry_gate,False,0.10319465546989642,0.31442991039241935,0.1553398058252427,0.8347826086956521,0.5247524752475248,618,48,443,96,0.40943936295239913,0.3416628261764386,0.3396975260994012,d73a2184396161d0aa3e0529b5993ce278cbf7c069f0840e68021f31dd439897,861861669dba6285574e7254a261e4c63703ebec7e652768e164262ecb9fa83a,raw_light_geom_gate_0p200,,,0.2
raw_light_geom_gate_0p200,light_geometry_gate,False,0.15,0.3361450674365104,0.17228464419475656,0.8,0.5346534653465347,534,47,367,92,0.40943936295239913,0.3416628261764386,0.3396975260994012,d73a2184396161d0aa3e0529b5993ce278cbf7c069f0840e68021f31dd439897,86d975359fc1fd0ea99cec7e86f233be04a946989949a9681b2861641a7e861a,raw_light_geom_gate_0p200,,,0.2
raw_light_geom_gate_0p200,light_geometry_gate,False,0.2,0.3774670502441962,0.19782608695652174,0.7913043478260869,0.6138613861386139,460,39,306,91,0.40943936295239913,0.3416628261764386,0.3396975260994012,d73a2184396161d0aa3e0529b5993ce278cbf7c069f0840e68021f31dd439897,a8320037ccdc1898595733b7ec1bb15ef542478fa528a99574cf3ed58f9cacf8,raw_light_geom_gate_0p200,,,0.2
raw_light_geom_gate_0p200,light_geometry_gate,False,0.25,0.3947748367136473,0.2106537530266344,0.7565217391304347,0.6534653465346535,413,35,270,87,0.40943936295239913,0.3416628261764386,0.3396975260994012,d73a2184396161d0aa3e0529b5993ce278cbf7c069f0840e68021f31dd439897,fa6eecdcaec1d295427044b7db7e3e8c1ad2a0a5a29007fcb3d8ca3206b3d74b,raw_light_geom_gate_0p200,,,0.2
raw_light_geom_gate_0p200,light_geometry_gate,False,0.3,0.4184304399524376,0.22972972972972974,0.7391304347826086,0.6831683168316831,370,32,233,85,0.40943936295239913,0.3416628261764386,0.3396975260994012,d73a2184396161d0aa3e0529b5993ce278cbf7c069f0840e68021f31dd439897,922b52820abd953c6fc6a943895d0ca14b84b8db9b87c986f2363a525c769675,raw_light_geom_gate_0p200,,,0.2
raw_light_geom_gate_0p200,light_geometry_gate,False,0.35,0.43344481605351176,0.24397590361445784,0.7043478260869566,0.7128712871287128,332,29,202,81,0.40943936295239913,0.3416628261764386,0.3396975260994012,d73a2184396161d0aa3e0529b5993ce278cbf7c069f0840e68021f31dd439897,c84d46855a0ca3f755fd74ad974f63a17143c0df65ee8b1d1cbcbcc5ee4de1b0,raw_light_geom_gate_0p200,,,0.2
raw_light_geom_gate_0p200,light_geometry_gate,False,0.39297277317592716,0.44886247181799543,0.2588996763754045,0.6956521739130435,0.7227722772277227,309,28,184,80,0.40943936295239913,0.3416628261764386,0.3396975260994012,d73a2184396161d0aa3e0529b5993ce278cbf7c069f0840e68021f31dd439897,fe376072caee30030d93b10206a337fed7346f4e5dd41e1d90343ffca5e1ca5a,raw_light_geom_gate_0p200,,,0.2
raw_light_geom_gate_0p200,light_geometry_gate,False,0.4,0.45395657356065705,0.264026402640264,0.6956521739130435,0.7227722772277227,303,28,179,80,0.40943936295239913,0.3416628261764386,0.3396975260994012,d73a2184396161d0aa3e0529b5993ce278cbf7c069f0840e68021f31dd439897,6a111464bc55ff7a829284b1713eea7af68ad344d25d1b57858f9137d5dcd952,raw_light_geom_gate_0p200,,,0.2
raw_light_geom_gate_0p200,light_geometry_gate,False,0.5,0.4670860480790834,0.2845849802371542,0.6260869565217392,0.7623762376237624,253,24,143,72,0.40943936295239913,0.3416628261764386,0.3396975260994012,d73a2184396161d0aa3e0529b5993ce278cbf7c069f0840e68021f31dd439897,980f81f33229aaec646121dc8f110fcdb828dc5bb2e8860da8802027c0d179e2,raw_light_geom_gate_0p200,,,0.2
raw_light_geom_gate_0p200,light_geometry_gate,False,0.6,0.5007081697032125,0.34269662921348315,0.5304347826086957,0.8415841584158416,178,16,96,61,0.40943936295239913,0.3416628261764386,0.3396975260994012,d73a2184396161d0aa3e0529b5993ce278cbf7c069f0840e68021f31dd439897,aabeb1a7985cb2bb3825081400bfa2afda38c949c4fb5ad4b992b356fbb73381,raw_light_geom_gate_0p200,,,0.2
raw_light_geom_gate_0p200,light_geometry_gate,False,0.650452345278718,0.5025836279575742,0.36129032258064514,0.48695652173913045,0.8712871287128713,155,13,82,56,0.40943936295239913,0.3416628261764386,0.3396975260994012,d73a2184396161d0aa3e0529b5993ce278cbf7c069f0840e68021f31dd439897,6e4c6ecd3f06400af419c85a206b09580f230fe42d8c4e21f7f9edc3177ff644,raw_light_geom_gate_0p200,,,0.2
raw_light_geom_gate_0p200,light_geometry_gate,False,0.7,0.5155023477543998,0.4015748031496063,0.4434782608695652,0.9306930693069306,127,7,66,51,0.40943936295239913,0.3416628261764386,0.3396975260994012,d73a2184396161d0aa3e0529b5993ce278cbf7c069f0840e68021f31dd439897,50e215420d944f798216838f930d1637df3b37239cebbf79d2e9882ff816d6a4,raw_light_geom_gate_0p200,,,0.2
raw_light_geom_gate_0p200,light_geometry_gate,False,0.8,0.4267053701015965,0.43661971830985913,0.26956521739130435,0.9702970297029703,71,3,36,31,0.40943936295239913,0.3416628261764386,0.3396975260994012,d73a2184396161d0aa3e0529b5993ce278cbf7c069f0840e68021f31dd439897,0cd3003939799fc90ade3abb4e7c518c77d880f1cffcc65388492c5b99beabb1,raw_light_geom_gate_0p200,,,0.2
raw_light_geom_gate_0p200,light_geometry_gate,False,0.9,0.16783216783216784,0.4,0.06956521739130435,1.0,20,0,12,8,0.40943936295239913,0.3416628261764386,0.3396975260994012,d73a2184396161d0aa3e0529b5993ce278cbf7c069f0840e68021f31dd439897,0f02205bdf1c3bad3b1784a37a84d484a3b44fd25af54ddbb940dc408c998107,raw_light_geom_gate_0p200,,,0.2
raw_light_geom_gate_0p200,light_geometry_gate,False,0.9466033326566029,0.02564102564102564,1.0,0.008695652173913044,1.0,1,0,0,1,0.40943936295239913,0.3416628261764386,0.3396975260994012,d73a2184396161d0aa3e0529b5993ce278cbf7c069f0840e68021f31dd439897,1bbc89ce44747a849c21d6146a79510c5fa678a77f0ce9a30234b295a26c035d,raw_light_geom_gate_0p200,,,0.2
