score_col,mode_family,ap_rank_preserving_by_design,threshold,cal_balanced,cal_precision,cal_recall,cal_unknown_reject,cal_num_accepted,cal_unknown_false_accept,cal_background_false_accepts,cal_tp_known,cal_AP50,cal_AP75,cal_AP,stream_hash,acceptance_mask_hash,canonical_stream,alpha,gamma,beta
raw_score,raw,True,0.0021478294511325003,0.33190329005132446,0.15347721822541965,0.8311688311688312,0.7575599582898853,9174,465,6917,1408,0.6922885428849208,0.5676620864857058,0.5293559964411817,faae5a2ef32d196bb1449c81379c45faba4a326e61c2119906604288be19416e,c1e77c13b75dd33d91b0a824166ea301a1dc392aa945444d20a230d79410ec19,raw_score,,,
raw_score,raw,True,0.0065390930976718005,0.4390887157611261,0.22694571615434925,0.8193624557260921,0.829509906152242,6116,327,4147,1388,0.6922885428849208,0.5676620864857058,0.5293559964411817,faae5a2ef32d196bb1449c81379c45faba4a326e61c2119906604288be19416e,fb8a5b31f35c81b88b7b1a4909f579d6c5278cf6adf676a742ec612722034789,raw_score,,,
raw_score,raw,True,0.027845855243503984,0.5926822354849377,0.367574931880109,0.7963400236127509,0.9212721584984359,3670,151,2041,1349,0.6922885428849208,0.5676620864857058,0.5293559964411817,faae5a2ef32d196bb1449c81379c45faba4a326e61c2119906604288be19416e,fe80318d6b3cf7275add6f94549be82b0d74e393b0f5a5c2d6955a9880959f98,raw_score,,,
raw_score,raw,True,0.05,0.6603278019795884,0.4531463748290014,0.782172373081464,0.9452554744525548,2924,105,1403,1325,0.6922885428849208,0.5676620864857058,0.5293559964411817,faae5a2ef32d196bb1449c81379c45faba4a326e61c2119906604288be19416e,2635f3951ef370470ddee771a9a028dbc67307215ad007974ca2160dcc5c015f,raw_score,,,
raw_score,raw,True,0.08311327546834947,0.7067442701706178,0.5288107887208827,0.7638724911452184,0.9572471324296141,2447,82,1000,1294,0.6922885428849208,0.5676620864857058,0.5293559964411817,faae5a2ef32d196bb1449c81379c45faba4a326e61c2119906604288be19416e,cdfd1280d79cc4ee7c333e3b2f2a586ba82f344e824a59f7e965e89010e5333f,raw_score,,,
raw_score,raw,True,0.1,0.7202487074480918,0.5553625705601389,0.7550177095631642,0.9614181438998958,2303,74,884,1279,0.6922885428849208,0.5676620864857058,0.5293559964411817,faae5a2ef32d196bb1449c81379c45faba4a326e61c2119906604288be19416e,3f27c71d70aadd84d442ae6b37bce3d69b03201d531166c68f623f20f0bbfe32,raw_score,,,
raw_score,raw,True,0.15,0.7512083711620998,0.6217564870259481,0.7355371900826446,0.9749739311783108,2004,48,660,1246,0.6922885428849208,0.5676620864857058,0.5293559964411817,faae5a2ef32d196bb1449c81379c45faba4a326e61c2119906604288be19416e,c27cd83ec55573b6597b0765966e99b5aec47827567185c1b36a2c7978045b38,raw_score,,,
raw_score,raw,True,0.2,0.7672604056470537,0.6681318681318681,0.717827626918536,0.9801876955161627,1820,38,523,1216,0.6922885428849208,0.5676620864857058,0.5293559964411817,faae5a2ef32d196bb1449c81379c45faba4a326e61c2119906604288be19416e,5b33f069f55f21d197640fc7d325a9d9f777d6b99e57382fa1efe005480abd0b,raw_score,,,
raw_score,raw,True,0.25,0.780611698959404,0.7169696969696969,0.6983471074380165,0.983837330552659,1650,31,400,1183,0.6922885428849208,0.5676620864857058,0.5293559964411817,faae5a2ef32d196bb1449c81379c45faba4a326e61c2119906604288be19416e,9481017b957fb265bdfe7ee27959520a7378735414c8a4ff35a90faa3f4a4558,raw_score,,,
raw_score,raw,True,0.3,0.7865657538117894,0.751796211626388,0.679456906729634,0.9880083420229405,1531,23,331,1151,0.6922885428849208,0.5676620864857058,0.5293559964411817,faae5a2ef32d196bb1449c81379c45faba4a326e61c2119906604288be19416e,4f7a4d64931a832126483c91d4fecd1327760f850e69c053a5bb9b2981c17a79,raw_score,,,
raw_score,raw,True,0.35,0.7889146630676959,0.7804878048780488,0.6611570247933884,0.9911366006256517,1435,17,275,1120,0.6922885428849208,0.5676620864857058,0.5293559964411817,faae5a2ef32d196bb1449c81379c45faba4a326e61c2119906604288be19416e,e6a56c4b0b50c0031b306a3d888f080ececf271a9fab69c8b754fa2f31c0bea7,raw_score,,,
raw_score,raw,True,0.4,0.7842386968619103,0.8031319910514542,0.6357733175914995,0.9927007299270073,1341,14,228,1077,0.6922885428849208,0.5676620864857058,0.5293559964411817,faae5a2ef32d196bb1449c81379c45faba4a326e61c2119906604288be19416e,67d0b56b1b292af4566e0bb927c84d6d380875b424a0c1a4814c3c3d92d31869,raw_score,,,
raw_score,raw,True,0.4610013365745543,0.7678239600591054,0.821078431372549,0.5932703659976387,0.9963503649635036,1224,7,189,1005,0.6922885428849208,0.5676620864857058,0.5293559964411817,faae5a2ef32d196bb1449c81379c45faba4a326e61c2119906604288be19416e,877d38cddb7c11f043210903dae0351cf5eb3035c02a47a9b7889efd1db26f67,raw_score,,,
raw_score,raw,True,0.5,0.7624268320452201,0.8402417962003454,0.5743801652892562,0.9963503649635036,1158,7,158,973,0.6922885428849208,0.5676620864857058,0.5293559964411817,faae5a2ef32d196bb1449c81379c45faba4a326e61c2119906604288be19416e,a21974fe9131f14354b3694ea71a17e2c5f339d1f0a10117edd15e8757d83aac,raw_score,,,
raw_score,raw,True,0.6,0.7313345390630971,0.8847736625514403,0.5076741440377804,0.9979144942648592,972,4,95,860,0.6922885428849208,0.5676620864857058,0.5293559964411817,faae5a2ef32d196bb1449c81379c45faba4a326e61c2119906604288be19416e,d5ab5c28069c15a362dd474f282342a375f4536bdb32ef68fa6e1f70ed895abc,raw_score,,,
raw_score,raw,True,0.7,0.6819496453747488,0.9275730622617535,0.4309327036599764,0.9994786235662148,787,1,49,730,0.6922885428849208,0.5676620864857058,0.5293559964411817,faae5a2ef32d196bb1449c81379c45faba4a326e61c2119906604288be19416e,ff63516abfc8cd1456148f5520b2878f5a85b2b218402791cff8b6f6017ed807,raw_score,,,
raw_score,raw,True,0.7974246472120274,0.6086462592049572,0.9591503267973857,0.346517119244392,0.9994786235662148,612,1,19,587,0.6922885428849208,0.5676620864857058,0.5293559964411817,faae5a2ef32d196bb1449c81379c45faba4a326e61c2119906604288be19416e,176b911e69ee983d1b8d5109edc6e6aae636044d100612063436a7339400981a,raw_score,,,
raw_score,raw,True,0.8,0.60617526840818,0.9588815789473685,0.34415584415584416,0.9994786235662148,608,1,19,583,0.6922885428849208,0.5676620864857058,0.5293559964411817,faae5a2ef32d196bb1449c81379c45faba4a326e61c2119906604288be19416e,f957b9af3ef47f1762bc53a39906de6e2607f8ec932fd73ad6d7db40a7e94322,raw_score,,,
raw_score,raw,True,0.9,0.4057535422928295,0.984375,0.1859504132231405,1.0,320,0,4,315,0.6922885428849208,0.5676620864857058,0.5293559964411817,faae5a2ef32d196bb1449c81379c45faba4a326e61c2119906604288be19416e,7fe9c26a7281ade5e8ecc2ac50d1126c7bfda3c584430710a7ff10d74e9a5186,raw_score,,,
raw_score,raw,True,0.9802049994468688,0.001768867924528302,1.0,0.0005903187721369539,1.0,1,0,0,1,0.6922885428849208,0.5676620864857058,0.5293559964411817,faae5a2ef32d196bb1449c81379c45faba4a326e61c2119906604288be19416e,5098974df0fb94e294f4e154de70961dd836b7c5b3e1940fcd1dc26a14016df3,raw_score,,,
geometry_risk_score,geometry,False,0.027923574028711345,0.33307452915757735,0.1539132330499237,0.833530106257379,0.7632950990615224,9174,454,6993,1412,0.690710970055321,0.5654910828291756,0.5275658318433883,e19c25273aec51d1eb480c17b902128a8bd026148c2ef684992c1544e77e95f9,af3863d375c9729a06c642e089160736528ce24c4316f8889461198fb34664f9,geometry_risk_score,,,
geometry_risk_score,geometry,False,0.05,0.39897192231926204,0.19646365422396855,0.8264462809917356,0.8201251303441084,7126,345,5144,1400,0.690710970055321,0.5654910828291756,0.5275658318433883,e19c25273aec51d1eb480c17b902128a8bd026148c2ef684992c1544e77e95f9,9662453eee85700d9b36419c391148b84a1ac69675c2fc5ee042c71fc297f68e,geometry_risk_score,,,
geometry_risk_score,geometry,False,0.07075913588645695,0.4429314937251371,0.2275997383911053,0.8217237308146399,0.8602711157455682,6116,268,4255,1392,0.690710970055321,0.5654910828291756,0.5275658318433883,e19c25273aec51d1eb480c17b902128a8bd026148c2ef684992c1544e77e95f9,b5fc8b405aafe71269351c738d2ae1d606951c0594c151dc601c61c66cb01547,geometry_risk_score,,,
geometry_risk_score,geometry,False,0.1,0.48771848860686473,0.2627488151658768,0.8181818181818182,0.8905109489051095,5275,210,3516,1386,0.690710970055321,0.5654910828291756,0.5275658318433883,e19c25273aec51d1eb480c17b902128a8bd026148c2ef684992c1544e77e95f9,90d91da3643a2298ce6af34df674fea40238a57277e6a1347b04cd9c80ec10db,geometry_risk_score,,,
geometry_risk_score,geometry,False,0.15,0.5400249683800852,0.3093947606142728,0.8087367178276269,0.9202294056308655,4428,153,2770,1370,0.690710970055321,0.5654910828291756,0.5275658318433883,e19c25273aec51d1eb480c17b902128a8bd026148c2ef684992c1544e77e95f9,38b108e4aa901820cfde9e836fe56f8de9aaceaa829f1f463fa21b6c323bc723,geometry_risk_score,,,
geometry_risk_score,geometry,False,0.2,0.5788167111242137,0.3481045081967213,0.8022432113341205,0.9400417101147028,3904,115,2318,1359,0.690710970055321,0.5654910828291756,0.5275658318433883,e19c25273aec51d1eb480c17b902128a8bd026148c2ef684992c1544e77e95f9,44cf0b25c9d87764e53721d33aae442430c2d3321ca9d875539b2ea191b27f0d,geometry_risk_score,,,
geometry_risk_score,geometry,False,0.22960140885620595,0.5964116719242902,0.3678474114441417,0.7969303423848878,0.9462982273201251,3670,103,2115,1350,0.690710970055321,0.5654910828291756,0.5275658318433883,e19c25273aec51d1eb480c17b902128a8bd026148c2ef684992c1544e77e95f9,d72967de14884889a79962a2c7faadaf86e5be41de33be14ae1119df1e41049d,geometry_risk_score,,,
geometry_risk_score,geometry,False,0.25,0.6082603105450337,0.3811139383658468,0.7957497048406139,0.9509906152241918,3537,94,2001,1348,0.690710970055321,0.5654910828291756,0.5275658318433883,e19c25273aec51d1eb480c17b902128a8bd026148c2ef684992c1544e77e95f9,9a80f2f31931848efd349a5971f882e32ccfbd4cf6e5b164c5fcf57d63b1548a,geometry_risk_score,,,
geometry_risk_score,geometry,False,0.3,0.6386304698394208,0.418640897755611,0.7927981109799291,0.9546402502606882,3208,87,1692,1343,0.690710970055321,0.5654910828291756,0.5275658318433883,e19c25273aec51d1eb480c17b902128a8bd026148c2ef684992c1544e77e95f9,9a268bb7018387ee541fe37b1a4dae2ffd64e4723ddfb7d6d1b06bb8ce9ca513,geometry_risk_score,,,
geometry_risk_score,geometry,False,0.35,0.6627727861760969,0.45125253893026407,0.7868949232585596,0.9619395203336809,2954,73,1471,1333,0.690710970055321,0.5654910828291756,0.5275658318433883,e19c25273aec51d1eb480c17b902128a8bd026148c2ef684992c1544e77e95f9,d2f46bb896ab96e3fda1477834f6a80b7fe16c810439726b2f1b9dc8231dccec,geometry_risk_score,,,
geometry_risk_score,geometry,False,0.4,0.6817145594476292,0.4808603718556325,0.7786304604486423,0.9645464025026069,2743,68,1285,1319,0.690710970055321,0.5654910828291756,0.5275658318433883,e19c25273aec51d1eb480c17b902128a8bd026148c2ef684992c1544e77e95f9,2e0f6c61e2ae0e87b5e5098b18f834531a2ca8034ce4bd6e3e44951e76abf775,geometry_risk_score,,,
geometry_risk_score,geometry,False,0.4844171231930334,0.7118527756539614,0.5312627707396812,0.7674144037780402,0.9718456725755996,2447,54,1032,1300,0.690710970055321,0.5654910828291756,0.5275658318433883,e19c25273aec51d1eb480c17b902128a8bd026148c2ef684992c1544e77e95f9,5404675c08d0a5731a034ffb75a16caa10d00fb27e8ed61cef352c33e134c92e,geometry_risk_score,,,
geometry_risk_score,geometry,False,0.5,0.7148870278803624,0.5380774032459426,0.7632821723730815,0.97288842544317,2403,52,999,1293,0.690710970055321,0.5654910828291756,0.5275658318433883,e19c25273aec51d1eb480c17b902128a8bd026148c2ef684992c1544e77e95f9,e13355e5c077844ad621ebd1f86036e670c2ae5e00bfea809bffd45c474a1c7a,geometry_risk_score,,,
geometry_risk_score,geometry,False,0.6,0.7422249205904472,0.5958451369216242,0.7449822904368358,0.9791449426485923,2118,40,766,1262,0.690710970055321,0.5654910828291756,0.5275658318433883,e19c25273aec51d1eb480c17b902128a8bd026148c2ef684992c1544e77e95f9,ee3d84cd0fc1bb9dad122c2338217b0539268ee5ac051bc342d2c97edcaa3645,geometry_risk_score,,,
geometry_risk_score,geometry,False,0.7,0.7658662386909698,0.6589314624932542,0.7207792207792207,0.9880083420229405,1853,23,571,1221,0.690710970055321,0.5654910828291756,0.5275658318433883,e19c25273aec51d1eb480c17b902128a8bd026148c2ef684992c1544e77e95f9,5a5d589dc7353b8bc67e3acc7a98575cbdbe634ed6e35cbd7a531983b73ee59e,geometry_risk_score,,,
geometry_risk_score,geometry,False,0.8,0.7853046559603597,0.7326236693800877,0.6906729634002361,0.9927007299270073,1597,14,381,1170,0.690710970055321,0.5654910828291756,0.5275658318433883,e19c25273aec51d1eb480c17b902128a8bd026148c2ef684992c1544e77e95f9,5685b0549c4d22ec0b28d712614ce34f4705c5b06ae81751a469c3f708d0b4bc,geometry_risk_score,,,
geometry_risk_score,geometry,False,0.9,0.7797223724638326,0.8109567901234568,0.6204250295159386,0.997393117831074,1296,5,222,1051,0.690710970055321,0.5654910828291756,0.5275658318433883,e19c25273aec51d1eb480c17b902128a8bd026148c2ef684992c1544e77e95f9,7f15d0b9ecc6d6dcdb9aa82f83f1704df4e1c60a21a2c7f508f9e3a68cfec4eb,geometry_risk_score,,,
geometry_risk_score,geometry,False,0.9180953365205453,0.7766237940587254,0.8333333333333334,0.602125147579693,0.9979144942648592,1224,4,184,1020,0.690710970055321,0.5654910828291756,0.5275658318433883,e19c25273aec51d1eb480c17b902128a8bd026148c2ef684992c1544e77e95f9,0b3742da20fe13f0c5614103c5835d57471c736163a864f36a685c2ec12e5eaf,geometry_risk_score,,,
geometry_risk_score,geometry,False,0.984174530499838,0.6087106809540269,0.9591503267973857,0.346517119244392,1.0,612,0,23,587,0.690710970055321,0.5654910828291756,0.5275658318433883,e19c25273aec51d1eb480c17b902128a8bd026148c2ef684992c1544e77e95f9,08314bc81e4ff4a645b0a20f415ee009d701ed577bbe9d051af0d8fd7c07ec86,geometry_risk_score,,,
geometry_risk_score,geometry,False,0.9988697393141444,0.001768867924528302,1.0,0.0005903187721369539,1.0,1,0,0,1,0.690710970055321,0.5654910828291756,0.5275658318433883,e19c25273aec51d1eb480c17b902128a8bd026148c2ef684992c1544e77e95f9,371db058c97bbb4eb1a540149bcf6c65572e35c112c374b853f4c7b96bb44892,geometry_risk_score,,,
geometry_alpha_0p050,alpha_blend,False,0.003584915903602849,0.33243925688557174,0.15369522563767168,0.8323494687131051,0.7596454640250261,9174,461,6927,1410,0.6920297898199071,0.5678088162086283,0.5293656635516748,9e21afc4ee77f0ba0e58f6c1cdca2bc414f06d2e90ce1cc13b79c996203b75db,97b502d5919d4418239e9bf9ecd01c23e40643942a95b2d4f742f0f52b72db90,geometry_alpha_0p050,0.05,,
geometry_alpha_0p050,alpha_blend,False,0.009904589989189028,0.4395249457322856,0.22694571615434925,0.8193624557260921,0.8342022940563086,6116,318,4172,1388,0.6920297898199071,0.5678088162086283,0.5293656635516748,9e21afc4ee77f0ba0e58f6c1cdca2bc414f06d2e90ce1cc13b79c996203b75db,bbfd32d2d1ea0e12e85c66e8d1f2734a708abb638b8b89e1fbc103343d09866b,geometry_alpha_0p050,0.05,,
geometry_alpha_0p050,alpha_blend,False,0.0380191758807302,0.5947214076246335,0.3683923705722071,0.7981109799291618,0.9285714285714286,3670,137,2057,1352,0.6920297898199071,0.5678088162086283,0.5293656635516748,9e21afc4ee77f0ba0e58f6c1cdca2bc414f06d2e90ce1cc13b79c996203b75db,320cf63b98d75f2a987266370e90575e132ea993a9a823c41bd6065c54e471c4,geometry_alpha_0p050,0.05,,
geometry_alpha_0p050,alpha_blend,False,0.05,0.6279808917947974,0.4082876294942108,0.7910271546635183,0.9400417101147028,3282,115,1723,1340,0.6920297898199071,0.5678088162086283,0.5293656635516748,9e21afc4ee77f0ba0e58f6c1cdca2bc414f06d2e90ce1cc13b79c996203b75db,bcc1f4f045ee4ec565c1d84b8c3f30fd357c7b4de7e2ca554dd29b1f84fb2609,geometry_alpha_0p050,0.05,,
geometry_alpha_0p050,alpha_blend,False,0.1,0.7066436054942149,0.5267639902676399,0.7668240850059032,0.9588112617309698,2466,79,1014,1299,0.6920297898199071,0.5678088162086283,0.5293656635516748,9e21afc4ee77f0ba0e58f6c1cdca2bc414f06d2e90ce1cc13b79c996203b75db,ddb3e4c6f5d921e1c8242aa597a282a9b44e8a9330d5b93f9fba252f4078067c,geometry_alpha_0p050,0.05,,
geometry_alpha_0p050,alpha_blend,False,0.10202479524298949,0.708675219050471,0.5304454434000817,0.7662337662337663,0.9588112617309698,2447,79,998,1298,0.6920297898199071,0.5678088162086283,0.5293656635516748,9e21afc4ee77f0ba0e58f6c1cdca2bc414f06d2e90ce1cc13b79c996203b75db,7c09559e6db93302489e68d5cde16c1a375f42a094beab2d935cc8080060e63f,geometry_alpha_0p050,0.05,,
geometry_alpha_0p050,alpha_blend,False,0.15,0.7378975854741399,0.5922787193973634,0.7426210153482881,0.970281543274244,2124,57,753,1258,0.6920297898199071,0.5678088162086283,0.5293656635516748,9e21afc4ee77f0ba0e58f6c1cdca2bc414f06d2e90ce1cc13b79c996203b75db,66340a4fc0595555cf7210a984a292a8652eb3c3b491e6c29130498308b92d39,geometry_alpha_0p050,0.05,,
geometry_alpha_0p050,alpha_blend,False,0.2,0.7620107885827414,0.6486059968437664,0.7278630460448642,0.9791449426485923,1901,40,582,1233,0.6920297898199071,0.5678088162086283,0.5293656635516748,9e21afc4ee77f0ba0e58f6c1cdca2bc414f06d2e90ce1cc13b79c996203b75db,d71c9bab805b8dcb83352a624871ff656e3f7f953d045a4953e7918eb2a81cbd,geometry_alpha_0p050,0.05,,
geometry_alpha_0p050,alpha_blend,False,0.25,0.772526489060777,0.6892980437284235,0.7072018890200709,0.9817518248175182,1738,35,465,1198,0.6920297898199071,0.5678088162086283,0.5293656635516748,9e21afc4ee77f0ba0e58f6c1cdca2bc414f06d2e90ce1cc13b79c996203b75db,1a48c2db83cfba67e0a7ddb140234b068242f798e5d33f86f425a99246264084,geometry_alpha_0p050,0.05,,
geometry_alpha_0p050,alpha_blend,False,0.3,0.7844101632105408,0.7350534927627439,0.6894923258559622,0.986444212721585,1589,26,366,1168,0.6920297898199071,0.5678088162086283,0.5293656635516748,9e21afc4ee77f0ba0e58f6c1cdca2bc414f06d2e90ce1cc13b79c996203b75db,ed93f442ec5e90577b0544c96421c5c2643793bbf0e460f965ad897b653a4106,geometry_alpha_0p050,0.05,,
geometry_alpha_0p050,alpha_blend,False,0.35,0.7884133872522272,0.7637215528781793,0.6735537190082644,0.9890510948905109,1494,21,307,1141,0.6920297898199071,0.5678088162086283,0.5293656635516748,9e21afc4ee77f0ba0e58f6c1cdca2bc414f06d2e90ce1cc13b79c996203b75db,bdb353c3663aba6507b1366b092341790d116f906956ecbd48421e2adbf28d38,geometry_alpha_0p050,0.05,,
geometry_alpha_0p050,alpha_blend,False,0.4,0.7878359413744711,0.7950760318609703,0.6481700118063755,0.9927007299270073,1381,14,246,1098,0.6920297898199071,0.5678088162086283,0.5293656635516748,9e21afc4ee77f0ba0e58f6c1cdca2bc414f06d2e90ce1cc13b79c996203b75db,ab8cfcbb741ea4cc284bf2f4effbc5c579c60f2ef2030a7efa85503ef431dd57,geometry_alpha_0p050,0.05,,
geometry_alpha_0p050,alpha_blend,False,0.48378419329489064,0.7678239600591054,0.821078431372549,0.5932703659976387,0.9963503649635036,1224,7,189,1005,0.6920297898199071,0.5678088162086283,0.5293656635516748,9e21afc4ee77f0ba0e58f6c1cdca2bc414f06d2e90ce1cc13b79c996203b75db,b590ce873eecc653691c3294d2b99a5eea3b35db362c07d18c89454294cd553d,geometry_alpha_0p050,0.05,,
geometry_alpha_0p050,alpha_blend,False,0.5,0.7664900246141596,0.8315171835708298,0.5855962219598583,0.9963503649635036,1193,7,173,992,0.6920297898199071,0.5678088162086283,0.5293656635516748,9e21afc4ee77f0ba0e58f6c1cdca2bc414f06d2e90ce1cc13b79c996203b75db,dab33e7110f6b7f75d9315e3db29171315444952375c27bbfc5482801fec04c2,geometry_alpha_0p050,0.05,,
geometry_alpha_0p050,alpha_blend,False,0.6,0.7369144720861837,0.8796389167502507,0.5177095631641087,0.997393117831074,997,5,99,877,0.6920297898199071,0.5678088162086283,0.5293656635516748,9e21afc4ee77f0ba0e58f6c1cdca2bc414f06d2e90ce1cc13b79c996203b75db,287718bf1311c7faa1abb9ab40626a9ea2696eb394c7086de34d5912def8612a,geometry_alpha_0p050,0.05,,
geometry_alpha_0p050,alpha_blend,False,0.7,0.6896679766514476,0.9245049504950495,0.4409681227863046,0.9994786235662148,808,1,53,747,0.6920297898199071,0.5678088162086283,0.5293656635516748,9e21afc4ee77f0ba0e58f6c1cdca2bc414f06d2e90ce1cc13b79c996203b75db,c575cee9021f7077a135505c2cf1d4af8004fd573f8e7f5b3f21030d6473ca25,geometry_alpha_0p050,0.05,,
geometry_alpha_0p050,alpha_blend,False,0.8,0.6153451112037196,0.9553429027113237,0.35360094451003543,0.9994786235662148,627,1,22,599,0.6920297898199071,0.5678088162086283,0.5293656635516748,9e21afc4ee77f0ba0e58f6c1cdca2bc414f06d2e90ce1cc13b79c996203b75db,fbf26bf8abb92db3a47e5aca4a3e17e17bd50f6b61662e7a1bd9435c492b5e0e,geometry_alpha_0p050,0.05,,
geometry_alpha_0p050,alpha_blend,False,0.8066909181850205,0.6086462592049572,0.9591503267973857,0.346517119244392,0.9994786235662148,612,1,19,587,0.6920297898199071,0.5678088162086283,0.5293656635516748,9e21afc4ee77f0ba0e58f6c1cdca2bc414f06d2e90ce1cc13b79c996203b75db,176b911e69ee983d1b8d5109edc6e6aae636044d100612063436a7339400981a,geometry_alpha_0p050,0.05,,
geometry_alpha_0p050,alpha_blend,False,0.9,0.41966935142009326,0.9850746268656716,0.19480519480519481,1.0,335,0,4,330,0.6920297898199071,0.5678088162086283,0.5293656635516748,9e21afc4ee77f0ba0e58f6c1cdca2bc414f06d2e90ce1cc13b79c996203b75db,6f520502ad4f5d157e8a396b7345bad715af6c3e226c126099c57f5cfcd6e048,geometry_alpha_0p050,0.05,,
geometry_alpha_0p050,alpha_blend,False,0.9811371436977654,0.001768867924528302,1.0,0.0005903187721369539,1.0,1,0,0,1,0.6920297898199071,0.5678088162086283,0.5293656635516748,9e21afc4ee77f0ba0e58f6c1cdca2bc414f06d2e90ce1cc13b79c996203b75db,5098974df0fb94e294f4e154de70961dd836b7c5b3e1940fcd1dc26a14016df3,geometry_alpha_0p050,0.05,,
geometry_alpha_0p100,alpha_blend,False,0.004953923512860881,0.3325738888392708,0.1538042293437977,0.832939787485242,0.7586027111574557,9174,463,6939,1411,0.6921244000440087,0.5678313172322668,0.5294015827262208,c76584dcdae496a4b7cd9cd35e1d2fc4f8154fb79882741142b5ec28c5852f26,be936a54228ab4bac60c32ac27135566a32c7bd2b11890e4016079a9cf6f5687,geometry_alpha_0p100,0.1,,
geometry_alpha_0p100,alpha_blend,False,0.013205564178766949,0.4398135250381387,0.22694571615434925,0.8193624557260921,0.8373305526590198,6116,312,4191,1388,0.6921244000440087,0.5678313172322668,0.5294015827262208,c76584dcdae496a4b7cd9cd35e1d2fc4f8154fb79882741142b5ec28c5852f26,9146cbe2429fbf669a1f1aca47aa435026d5b5af331b74fdec9f8917549efea4,geometry_alpha_0p100,0.1,,
geometry_alpha_0p100,alpha_blend,False,0.048933671998894014,0.5950770706894796,0.3683923705722071,0.7981109799291618,0.9311783107403545,3670,132,2065,1352,0.6921244000440087,0.5678313172322668,0.5294015827262208,c76584dcdae496a4b7cd9cd35e1d2fc4f8154fb79882741142b5ec28c5852f26,d66da6bae1d82b73ba2b1a34a04f9f06c4e4cc133e3b5e9589e321f4287229a6,geometry_alpha_0p100,0.1,,
geometry_alpha_0p100,alpha_blend,False,0.05,0.5990101368655526,0.3730312240950539,0.7969303423848878,0.9322210636079249,3619,130,2021,1350,0.6921244000440087,0.5678313172322668,0.5294015827262208,c76584dcdae496a4b7cd9cd35e1d2fc4f8154fb79882741142b5ec28c5852f26,f34c846a1f53daf1a1a88c7508963b73358752d681afd52ca0854c8a2affe3c6,geometry_alpha_0p100,0.1,,
geometry_alpha_0p100,alpha_blend,False,0.1,0.6885067177655192,0.49435665914221216,0.7756788665879575,0.956725755995829,2658,83,1184,1314,0.6921244000440087,0.5678313172322668,0.5294015827262208,c76584dcdae496a4b7cd9cd35e1d2fc4f8154fb79882741142b5ec28c5852f26,2b85dcd8689c5db37b8bd92cc5c0a74b7df68b5f467ecff121f273308aad3644,geometry_alpha_0p100,0.1,,
geometry_alpha_0p100,alpha_blend,False,0.12141168517064448,0.7096555173221438,0.5308541070698815,0.7668240850059032,0.9619395203336809,2447,73,1005,1299,0.6921244000440087,0.5678313172322668,0.5294015827262208,c76584dcdae496a4b7cd9cd35e1d2fc4f8154fb79882741142b5ec28c5852f26,d58ccf520b90c4af81274aba99841f3663ae89562d397486b3c3b3b3b2bb5170,geometry_alpha_0p100,0.1,,
geometry_alpha_0p100,alpha_blend,False,0.15,0.7260668056367309,0.5657193605683837,0.7520661157024794,0.9666319082377477,2252,64,855,1274,0.6921244000440087,0.5678313172322668,0.5294015827262208,c76584dcdae496a4b7cd9cd35e1d2fc4f8154fb79882741142b5ec28c5852f26,bd03c90e98d5185f7ed01dd2c997b6d89f7dba7a70a200800bfe1a541a1ef2e6,geometry_alpha_0p100,0.1,,
geometry_alpha_0p100,alpha_blend,False,0.2,0.7515656328499136,0.6220668996505242,0.7355371900826446,0.9760166840458812,2003,46,662,1246,0.6921244000440087,0.5678313172322668,0.5294015827262208,c76584dcdae496a4b7cd9cd35e1d2fc4f8154fb79882741142b5ec28c5852f26,2b19300fcaf03929990e83740fc722c24ab6a61dc14082465df2edc15b9214cb,geometry_alpha_0p100,0.1,,
geometry_alpha_0p100,alpha_blend,False,0.25,0.7676013661480696,0.6694214876033058,0.7172373081463991,0.9801876955161627,1815,38,520,1215,0.6921244000440087,0.5678313172322668,0.5294015827262208,c76584dcdae496a4b7cd9cd35e1d2fc4f8154fb79882741142b5ec28c5852f26,b52446f228d52df1d14e6b97d749e37a8944b48b5edcf33de4d336220cb30455,geometry_alpha_0p100,0.1,,
geometry_alpha_0p100,alpha_blend,False,0.3,0.781802083776669,0.7172205438066466,0.7007083825265643,0.9843587069864442,1655,30,405,1187,0.6921244000440087,0.5678313172322668,0.5294015827262208,c76584dcdae496a4b7cd9cd35e1d2fc4f8154fb79882741142b5ec28c5852f26,85bb6262338256b29c8ebe07a9b04d388aaeebf6cc16fdce38d2030dca6f8fd9,geometry_alpha_0p100,0.1,,
geometry_alpha_0p100,alpha_blend,False,0.35,0.7876070610864107,0.7514638906961614,0.6818181818181818,0.9885297184567258,1537,22,335,1155,0.6921244000440087,0.5678313172322668,0.5294015827262208,c76584dcdae496a4b7cd9cd35e1d2fc4f8154fb79882741142b5ec28c5852f26,9976c4b145c180f9789544a1c24559f79196a6abd8034bdca7be24389c8112b8,geometry_alpha_0p100,0.1,,
geometry_alpha_0p100,alpha_blend,False,0.4,0.7879889550997681,0.7790940766550523,0.6599763872491146,0.9916579770594369,1435,16,278,1118,0.6921244000440087,0.5678313172322668,0.5294015827262208,c76584dcdae496a4b7cd9cd35e1d2fc4f8154fb79882741142b5ec28c5852f26,b4d83fcabe2091d6e994f6a1984eeca05fc041937caee6464ec411860bd4718e,geometry_alpha_0p100,0.1,,
geometry_alpha_0p100,alpha_blend,False,0.5,0.772802489084789,0.8224374495560937,0.601534828807556,0.9963503649635036,1239,7,190,1019,0.6921244000440087,0.5678313172322668,0.5294015827262208,c76584dcdae496a4b7cd9cd35e1d2fc4f8154fb79882741142b5ec28c5852f26,87071d91240d6b04e50be8d4f702c5d2f33c057541ad6a82336f33b00d43ee56,geometry_alpha_0p100,0.1,,
geometry_alpha_0p100,alpha_blend,False,0.5068044484102902,0.7689588748867167,0.8227124183006536,0.5944510035419126,0.9963503649635036,1224,7,187,1007,0.6921244000440087,0.5678313172322668,0.5294015827262208,c76584dcdae496a4b7cd9cd35e1d2fc4f8154fb79882741142b5ec28c5852f26,98287afbe0ecdb53faed46eee78cbe6e1195689f6d5633ed8d1983e8f72ea630,geometry_alpha_0p100,0.1,,
geometry_alpha_0p100,alpha_blend,False,0.6,0.7472436095963301,0.8753623188405797,0.5348288075560803,0.997393117831074,1035,5,108,906,0.6921244000440087,0.5678313172322668,0.5294015827262208,c76584dcdae496a4b7cd9cd35e1d2fc4f8154fb79882741142b5ec28c5852f26,cfad4b146e09c3fbef2a92c66316e88370cbf27e3b58ba3dced3119edaa0daaf,geometry_alpha_0p100,0.1,,
geometry_alpha_0p100,alpha_blend,False,0.7,0.6975895709469154,0.9142857142857143,0.45336481700118064,0.9989572471324296,840,2,61,768,0.6921244000440087,0.5678313172322668,0.5294015827262208,c76584dcdae496a4b7cd9cd35e1d2fc4f8154fb79882741142b5ec28c5852f26,248bc9ae234971b9d8e182acb7b4e8fd4825ddbcd30905051d6be95b6bf318b3,geometry_alpha_0p100,0.1,,
geometry_alpha_0p100,alpha_blend,False,0.8,0.6315626032826612,0.954337899543379,0.37012987012987014,0.9994786235662148,657,1,24,627,0.6921244000440087,0.5678313172322668,0.5294015827262208,c76584dcdae496a4b7cd9cd35e1d2fc4f8154fb79882741142b5ec28c5852f26,154f5ac193c6e9c3d41c91df17c399f499dd1a4db7e040b0ffbce82d519f4594,geometry_alpha_0p100,0.1,,
geometry_alpha_0p100,alpha_blend,False,0.8160944070667454,0.6086462592049572,0.9591503267973857,0.346517119244392,0.9994786235662148,612,1,19,587,0.6921244000440087,0.5678313172322668,0.5294015827262208,c76584dcdae496a4b7cd9cd35e1d2fc4f8154fb79882741142b5ec28c5852f26,176b911e69ee983d1b8d5109edc6e6aae636044d100612063436a7339400981a,geometry_alpha_0p100,0.1,,
geometry_alpha_0p100,alpha_blend,False,0.9,0.43216080402010054,0.9828571428571429,0.20306965761511217,1.0,350,0,5,344,0.6921244000440087,0.5678313172322668,0.5294015827262208,c76584dcdae496a4b7cd9cd35e1d2fc4f8154fb79882741142b5ec28c5852f26,04be1695ea3609c82b546a646794faab2c04bde1a67e70768adf3fd88756b424,geometry_alpha_0p100,0.1,,
geometry_alpha_0p100,alpha_blend,False,0.982069287948662,0.001768867924528302,1.0,0.0005903187721369539,1.0,1,0,0,1,0.6921244000440087,0.5678313172322668,0.5294015827262208,c76584dcdae496a4b7cd9cd35e1d2fc4f8154fb79882741142b5ec28c5852f26,5098974df0fb94e294f4e154de70961dd836b7c5b3e1940fcd1dc26a14016df3,geometry_alpha_0p100,0.1,,
geometry_alpha_0p200,alpha_blend,False,0.00758345392983871,0.3327404122135218,0.1538042293437977,0.832939787485242,0.7612095933263816,9174,458,6958,1411,0.6922068535070945,0.5671588612924483,0.5288592047757509,49ebd0c820dfca76eff02bc2e149ad1a08c32a18a09914569ddf3ea6c50a73be,bd26ef823212a942ff68335f6248698730c930bfd7f2d141a58cc4db509fadf3,geometry_alpha_0p200,0.2,,
geometry_alpha_0p200,alpha_blend,False,0.019634152964812218,0.4408143400462354,0.22727272727272727,0.820543093270366,0.8425443169968717,6116,302,4208,1390,0.6922068535070945,0.5671588612924483,0.5288592047757509,49ebd0c820dfca76eff02bc2e149ad1a08c32a18a09914569ddf3ea6c50a73be,15ba5da3571222abc696b1dc0510174101781394531f2e738ff57773ed806b9f,geometry_alpha_0p200,0.2,,
geometry_alpha_0p200,alpha_blend,False,0.05,0.5557699872900931,0.32623264719961703,0.8046044864226682,0.9176225234619395,4178,158,2521,1363,0.6922068535070945,0.5671588612924483,0.5288592047757509,49ebd0c820dfca76eff02bc2e149ad1a08c32a18a09914569ddf3ea6c50a73be,f4a33a433a347bca4f8bdab94c07459caeecee1f4a9b9ff80a635128bf6308aa,geometry_alpha_0p200,0.2,,
geometry_alpha_0p200,alpha_blend,False,0.06931433625628354,0.5952957835915047,0.3681198910081744,0.7975206611570248,0.935349322210636,3670,124,2082,1351,0.6922068535070945,0.5671588612924483,0.5288592047757509,49ebd0c820dfca76eff02bc2e149ad1a08c32a18a09914569ddf3ea6c50a73be,1dd01323157daefc02adc1cbc2f5c4baf3e1ae9a48c2053f24f294704997c17f,geometry_alpha_0p200,0.2,,
geometry_alpha_0p200,alpha_blend,False,0.1,0.6479908297168333,0.43268608414239484,0.7892561983471075,0.9509906152241918,3090,94,1567,1337,0.6922068535070945,0.5671588612924483,0.5288592047757509,49ebd0c820dfca76eff02bc2e149ad1a08c32a18a09914569ddf3ea6c50a73be,20706e96a909366d170595ec43d73f03a8be51a42448521b6183365a1f33286f,geometry_alpha_0p200,0.2,,
geometry_alpha_0p200,alpha_blend,False,0.15,0.7006551713683582,0.5150316455696202,0.768595041322314,0.9624608967674662,2528,72,1087,1302,0.6922068535070945,0.5671588612924483,0.5288592047757509,49ebd0c820dfca76eff02bc2e149ad1a08c32a18a09914569ddf3ea6c50a73be,74299c8a9cef4930cd82e9bf8b791d71a7771b359c45276d6698b9c10505cd35,geometry_alpha_0p200,0.2,,
geometry_alpha_0p200,alpha_blend,False,0.16176354374269358,0.7098445360801562,0.5308541070698815,0.7668240850059032,0.9629822732012513,2447,71,1012,1299,0.6922068535070945,0.5671588612924483,0.5288592047757509,49ebd0c820dfca76eff02bc2e149ad1a08c32a18a09914569ddf3ea6c50a73be,617173837cd800492d01b4f5ee91d4e005e1307b79e1e8067c83099373afb9c7,geometry_alpha_0p200,0.2,,
geometry_alpha_0p200,alpha_blend,False,0.2,0.7299376905380947,0.5717488789237668,0.7526564344746163,0.9687174139728885,2230,60,839,1275,0.6922068535070945,0.5671588612924483,0.5288592047757509,49ebd0c820dfca76eff02bc2e149ad1a08c32a18a09914569ddf3ea6c50a73be,bea18cb80511fa12f6d3a182601801451076b26a6c8d67d5fe23e6d8a88dc74a,geometry_alpha_0p200,0.2,,
geometry_alpha_0p200,alpha_blend,False,0.25,0.7539292015466046,0.6248124062031015,0.7373081463990555,0.9781021897810219,1999,42,660,1249,0.6922068535070945,0.5671588612924483,0.5288592047757509,49ebd0c820dfca76eff02bc2e149ad1a08c32a18a09914569ddf3ea6c50a73be,be6acc60baac2e4dd60a14ea9aeb1d26b387017a58b09d74606481a8fffefee2,geometry_alpha_0p200,0.2,,
geometry_alpha_0p200,alpha_blend,False,0.3,0.7677769688382382,0.6696083838940982,0.7166469893742621,0.9817518248175182,1813,35,523,1214,0.6922068535070945,0.5671588612924483,0.5288592047757509,49ebd0c820dfca76eff02bc2e149ad1a08c32a18a09914569ddf3ea6c50a73be,e6623c7ef766409a3207a30d1f1a1a6e20d86a980c157643175b0d1a8ac0b2dd,geometry_alpha_0p200,0.2,,
geometry_alpha_0p200,alpha_blend,False,0.35,0.7815231470621233,0.7148014440433214,0.7012987012987013,0.986444212721585,1662,26,415,1188,0.6922068535070945,0.5671588612924483,0.5288592047757509,49ebd0c820dfca76eff02bc2e149ad1a08c32a18a09914569ddf3ea6c50a73be,bfe2332567a73f322079958f2e511295da6c99bc8dd46d62d6056a86b2d5c4bc,geometry_alpha_0p200,0.2,,
geometry_alpha_0p200,alpha_blend,False,0.4,0.7872491719050964,0.7504873294346979,0.6818181818181818,0.9885297184567258,1539,22,335,1155,0.6922068535070945,0.5671588612924483,0.5288592047757509,49ebd0c820dfca76eff02bc2e149ad1a08c32a18a09914569ddf3ea6c50a73be,c3e47362f3f38b1df01b0624d9143de75268b67ee8bd37f0cb2204aec78d01a6,geometry_alpha_0p200,0.2,,
geometry_alpha_0p200,alpha_blend,False,0.5,0.785517426544156,0.8061377245508982,0.6357733175914995,0.9942648592283628,1336,11,225,1077,0.6922068535070945,0.5671588612924483,0.5288592047757509,49ebd0c820dfca76eff02bc2e149ad1a08c32a18a09914569ddf3ea6c50a73be,0e9c2951d7837a3971aadb80d71d902d06b0ed55583107572a774f9306bcda5b,geometry_alpha_0p200,0.2,,
geometry_alpha_0p200,alpha_blend,False,0.5503718964980522,0.7717910945319033,0.826797385620915,0.5974025974025974,0.9963503649635036,1224,7,184,1012,0.6922068535070945,0.5671588612924483,0.5288592047757509,49ebd0c820dfca76eff02bc2e149ad1a08c32a18a09914569ddf3ea6c50a73be,0b363169ca5f4ff02158168b0f16bf23614dfa98d1ae55becee05a3eed86442c,geometry_alpha_0p200,0.2,,
geometry_alpha_0p200,alpha_blend,False,0.6,0.7595554052771055,0.8540734109221128,0.5631641086186541,0.9968717413972888,1117,6,140,954,0.6922068535070945,0.5671588612924483,0.5288592047757509,49ebd0c820dfca76eff02bc2e149ad1a08c32a18a09914569ddf3ea6c50a73be,6093998de3c600c5b72f9aa0835c9fa2a317436c7bc3edc6350f21f1eb32024f,geometry_alpha_0p200,0.2,,
geometry_alpha_0p200,alpha_blend,False,0.7,0.7177320657936506,0.900990099009901,0.4834710743801653,0.9984358706986444,909,3,78,819,0.6922068535070945,0.5671588612924483,0.5288592047757509,49ebd0c820dfca76eff02bc2e149ad1a08c32a18a09914569ddf3ea6c50a73be,faa3f5802ae49ada985c3da631c50646a262379e2b461dfc44b599c6b6cc9711,geometry_alpha_0p200,0.2,,
geometry_alpha_0p200,alpha_blend,False,0.8,0.6467343726097737,0.9506531204644412,0.38665879574970485,0.9994786235662148,689,1,27,655,0.6922068535070945,0.5671588612924483,0.5288592047757509,49ebd0c820dfca76eff02bc2e149ad1a08c32a18a09914569ddf3ea6c50a73be,d84b25210ce8b7f76912123b6782843a8ddf2c4c2cd59fb491281b28fddf709c,geometry_alpha_0p200,0.2,,
geometry_alpha_0p200,alpha_blend,False,0.834729078769319,0.6086462592049572,0.9591503267973857,0.346517119244392,0.9994786235662148,612,1,19,587,0.6922068535070945,0.5671588612924483,0.5288592047757509,49ebd0c820dfca76eff02bc2e149ad1a08c32a18a09914569ddf3ea6c50a73be,7bacdb24e08b5839f9c8c84d6f3cd0d037310ffe7af66da14d09330acfcd6a72,geometry_alpha_0p200,0.2,,
geometry_alpha_0p200,alpha_blend,False,0.9,0.46303818034118605,0.979381443298969,0.2243211334120425,1.0,388,0,6,380,0.6922068535070945,0.5671588612924483,0.5288592047757509,49ebd0c820dfca76eff02bc2e149ad1a08c32a18a09914569ddf3ea6c50a73be,ff7c790838cf3656d2d20ccc30ab6660caa5edb33f3375faf41885ce1a3ed235,geometry_alpha_0p200,0.2,,
geometry_alpha_0p200,alpha_blend,False,0.9839335764504552,0.001768867924528302,1.0,0.0005903187721369539,1.0,1,0,0,1,0.6922068535070945,0.5671588612924483,0.5288592047757509,49ebd0c820dfca76eff02bc2e149ad1a08c32a18a09914569ddf3ea6c50a73be,5098974df0fb94e294f4e154de70961dd836b7c5b3e1940fcd1dc26a14016df3,geometry_alpha_0p200,0.2,,
geometry_alpha_0p400,alpha_blend,False,0.012671092744868646,0.33307452915757735,0.1539132330499237,0.833530106257379,0.7632950990615224,9174,454,6976,1412,0.6912925572689383,0.566280212075447,0.528007607450653,06453ed28afcdc8ba133127971520ad9760b66d5a0052b2d8a61788f525a9372,257b03284e87a77adf3c2dbfa82a19878598198bccc96d1e791b9e06f54e40d0,geometry_alpha_0p400,0.4,,
geometry_alpha_0p400,alpha_blend,False,0.032592330026893636,0.4420946438246119,0.2275997383911053,0.8217237308146399,0.8508863399374348,6116,286,4227,1392,0.6912925572689383,0.566280212075447,0.528007607450653,06453ed28afcdc8ba133127971520ad9760b66d5a0052b2d8a61788f525a9372,f7960fa853dadc0058dac018e523dd4d14ec4513dbf3d311a777533b2e446bae,geometry_alpha_0p400,0.4,,
geometry_alpha_0p400,alpha_blend,False,0.05,0.4945479042554146,0.26930577223088925,0.8152302243211335,0.8879040667361835,5128,215,3368,1381,0.6912925572689383,0.566280212075447,0.528007607450653,06453ed28afcdc8ba133127971520ad9760b66d5a0052b2d8a61788f525a9372,d7994f2d31c01dce41197d087ce21178c4864bb77d5f066f2fa7932261f0bfad,geometry_alpha_0p400,0.4,,
geometry_alpha_0p400,alpha_blend,False,0.1,0.5851622441548967,0.35599894985560515,0.8004722550177096,0.9358706986444213,3809,123,2216,1356,0.6912925572689383,0.566280212075447,0.528007607450653,06453ed28afcdc8ba133127971520ad9760b66d5a0052b2d8a61788f525a9372,3c66962fd74d3d2ad213942f3b565dbd595c056d11b3fd78d847b1cc08ecf9c7,geometry_alpha_0p400,0.4,,
geometry_alpha_0p400,alpha_blend,False,0.11014526729834548,0.5962753054885824,0.3681198910081744,0.7975206611570248,0.9426485922836287,3670,110,2100,1351,0.6912925572689383,0.566280212075447,0.528007607450653,06453ed28afcdc8ba133127971520ad9760b66d5a0052b2d8a61788f525a9372,b049fe970ad858f9f0b7eb880e498f5420e6b93424a5899f130847b780706622,geometry_alpha_0p400,0.4,,
geometry_alpha_0p400,alpha_blend,False,0.15,0.6434877646322843,0.4256670902160102,0.7910271546635183,0.9535974973931178,3148,89,1628,1340,0.6912925572689383,0.566280212075447,0.528007607450653,06453ed28afcdc8ba133127971520ad9760b66d5a0052b2d8a61788f525a9372,227880b2e125ceb71f5183f8c67bd906dfc0d406e01e9f8db534f95ca463abb9,geometry_alpha_0p400,0.4,,
geometry_alpha_0p400,alpha_blend,False,0.2,0.6853296336639082,0.48741672834937083,0.7774498229043684,0.9619395203336809,2702,73,1240,1317,0.6912925572689383,0.566280212075447,0.528007607450653,06453ed28afcdc8ba133127971520ad9760b66d5a0052b2d8a61788f525a9372,d1cb2dc1d86e8366911f5e08ee5ce1195d5980d1e8213a31dd87bf229e177e5f,geometry_alpha_0p400,0.4,,
geometry_alpha_0p400,alpha_blend,False,0.24358478585167465,0.7099968247055423,0.5304454434000817,0.7662337662337663,0.9661105318039624,2447,65,1021,1298,0.6912925572689383,0.566280212075447,0.528007607450653,06453ed28afcdc8ba133127971520ad9760b66d5a0052b2d8a61788f525a9372,8ad8f298224c3a09c8204783da79cfa6fd80aeb30df025b08d6921b30fa5f574,geometry_alpha_0p400,0.4,,
geometry_alpha_0p400,alpha_blend,False,0.25,0.7130588791616684,0.5357290375877737,0.7656434474616293,0.9666319082377477,2421,64,999,1297,0.6912925572689383,0.566280212075447,0.528007607450653,06453ed28afcdc8ba133127971520ad9760b66d5a0052b2d8a61788f525a9372,4f27b20bce29b1c8dda11af9e11874fad7198618c0e29569da1ead5ce2016214,geometry_alpha_0p400,0.4,,
geometry_alpha_0p400,alpha_blend,False,0.3,0.734989660236552,0.581576535288726,0.7491145218417946,0.9734098018769551,2182,51,809,1269,0.6912925572689383,0.566280212075447,0.528007607450653,06453ed28afcdc8ba133127971520ad9760b66d5a0052b2d8a61788f525a9372,63a46a9e8cf453cdcba1b857ebb3d9d5e6f39b9eb7f3e85e046f7b59f08909fe,geometry_alpha_0p400,0.4,,
geometry_alpha_0p400,alpha_blend,False,0.35,0.7547152091774856,0.6270759939607449,0.7355371900826446,0.9796663190823774,1987,39,653,1246,0.6912925572689383,0.566280212075447,0.528007607450653,06453ed28afcdc8ba133127971520ad9760b66d5a0052b2d8a61788f525a9372,16da8a70b107bd6491a392aacc01b1f136e0d816082df0007be18dc29b556912,geometry_alpha_0p400,0.4,,
geometry_alpha_0p400,alpha_blend,False,0.4,0.7672345671419079,0.6661193212917351,0.718417945690673,0.9833159541188738,1827,32,537,1217,0.6912925572689383,0.566280212075447,0.528007607450653,06453ed28afcdc8ba133127971520ad9760b66d5a0052b2d8a61788f525a9372,a140e6d71e4e1ee75b16cce31f5c28ed70c19ef52c2011923e9f36deafe11786,geometry_alpha_0p400,0.4,,
geometry_alpha_0p400,alpha_blend,False,0.5,0.7885489994156666,0.7496765847347995,0.6841794569067297,0.9911366006256517,1546,17,342,1159,0.6912925572689383,0.566280212075447,0.528007607450653,06453ed28afcdc8ba133127971520ad9760b66d5a0052b2d8a61788f525a9372,7e850242f8357e0e78db46e50c1f1c43fe7ed0cc16a2e096f698b3911f8aacf3,geometry_alpha_0p400,0.4,,
geometry_alpha_0p400,alpha_blend,False,0.6,0.7885274753694171,0.8146747352496218,0.6357733175914995,0.9958289885297185,1322,8,215,1077,0.6912925572689383,0.566280212075447,0.528007607450653,06453ed28afcdc8ba133127971520ad9760b66d5a0052b2d8a61788f525a9372,29ef66171d7548a265ddfcb137da98b3a2d7ef4055a1c4b639cd707c461faa6b,geometry_alpha_0p400,0.4,,
geometry_alpha_0p400,alpha_blend,False,0.6446843038975445,0.7706590742662719,0.8251633986928104,0.5962219598583235,0.9963503649635036,1224,7,186,1010,0.6912925572689383,0.566280212075447,0.528007607450653,06453ed28afcdc8ba133127971520ad9760b66d5a0052b2d8a61788f525a9372,6dfad6cb26eab8b672e3b0948d81367e13ffa27e358987b68f4f81828bb9706b,geometry_alpha_0p400,0.4,,
geometry_alpha_0p400,alpha_blend,False,0.7,0.7536632877785294,0.8651162790697674,0.5489964580873672,0.9968717413972888,1075,6,122,930,0.6912925572689383,0.566280212075447,0.528007607450653,06453ed28afcdc8ba133127971520ad9760b66d5a0052b2d8a61788f525a9372,fd9983cbd0798e17c4502cea9f5b0d9de3933c1d6b4e41dd2437880d7c01ad6b,geometry_alpha_0p400,0.4,,
geometry_alpha_0p400,alpha_blend,False,0.8,0.6926488582218107,0.9250614250614251,0.4445100354191263,0.9994786235662148,814,1,53,753,0.6912925572689383,0.566280212075447,0.528007607450653,06453ed28afcdc8ba133127971520ad9760b66d5a0052b2d8a61788f525a9372,686e422845f660b75d0836392b17f0c53cd568734757f8db819e122fb63eec3c,geometry_alpha_0p400,0.4,,
geometry_alpha_0p400,alpha_blend,False,0.8714195487534266,0.6086462592049572,0.9591503267973857,0.346517119244392,0.9994786235662148,612,1,19,587,0.6912925572689383,0.566280212075447,0.528007607450653,06453ed28afcdc8ba133127971520ad9760b66d5a0052b2d8a61788f525a9372,cd80e3504b29b01e0a7b1e7e908bb1c37b5322bfb46a20091555e003893de847,geometry_alpha_0p400,0.4,,
geometry_alpha_0p400,alpha_blend,False,0.9,0.5295454545454545,0.9708333333333333,0.27508854781582054,1.0,480,0,12,466,0.6912925572689383,0.566280212075447,0.528007607450653,06453ed28afcdc8ba133127971520ad9760b66d5a0052b2d8a61788f525a9372,16b3a03c6b1fecaf04a5fe7391476e77b0469641564aeb01b83667870e57ca63,geometry_alpha_0p400,0.4,,
geometry_alpha_0p400,alpha_blend,False,0.9876621534540415,0.001768867924528302,1.0,0.0005903187721369539,1.0,1,0,0,1,0.6912925572689383,0.566280212075447,0.528007607450653,06453ed28afcdc8ba133127971520ad9760b66d5a0052b2d8a61788f525a9372,5098974df0fb94e294f4e154de70961dd836b7c5b3e1940fcd1dc26a14016df3,geometry_alpha_0p400,0.4,,
geometry_alpha_0p600,alpha_blend,False,0.017683975064511234,0.3330414174472407,0.1539132330499237,0.833530106257379,0.7627737226277372,9174,455,6986,1412,0.6916840034739185,0.5666844153535415,0.5282505611981925,a96327d3b1ef5bde1f2695a4d11c9de509b79991e8182d5f25e14b84d49290d5,cb867368ac19cebf5879c31f670d0a83cf442f4256d1b9c442e949c3ab5edece,geometry_alpha_0p600,0.6,,
geometry_alpha_0p600,alpha_blend,False,0.04530937686438214,0.4423752845245791,0.2275997383911053,0.8217237308146399,0.8540145985401459,6116,280,4239,1392,0.6916840034739185,0.5666844153535415,0.5282505611981925,a96327d3b1ef5bde1f2695a4d11c9de509b79991e8182d5f25e14b84d49290d5,8b5ba892d4154c2c99ec2a573b295bcc51cd84cee178dcbfd91352618f942c48,geometry_alpha_0p600,0.6,,
geometry_alpha_0p600,alpha_blend,False,0.05,0.4544491615299878,0.2366763153413928,0.820543093270366,0.8639207507820647,5873,261,4027,1390,0.6916840034739185,0.5666844153535415,0.5282505611981925,a96327d3b1ef5bde1f2695a4d11c9de509b79991e8182d5f25e14b84d49290d5,5b55b6a334718683e41436ffc6b4a02325ae14c6c355d262a3aa8891782442d2,geometry_alpha_0p600,0.6,,
geometry_alpha_0p600,alpha_blend,False,0.1,0.5434038442611627,0.3132447296058662,0.806965761511216,0.9181438998957248,4364,157,2703,1367,0.6916840034739185,0.5666844153535415,0.5282505611981925,a96327d3b1ef5bde1f2695a4d11c9de509b79991e8182d5f25e14b84d49290d5,fcbac9a8e096b0a57c8327dc5c57860e968b0d6b39e55deb190b0341931cf359,geometry_alpha_0p600,0.6,,
geometry_alpha_0p600,alpha_blend,False,0.15,0.5964093315641514,0.36771910724006535,0.7975206611570248,0.9462982273201251,3674,103,2114,1351,0.6916840034739185,0.5666844153535415,0.5282505611981925,a96327d3b1ef5bde1f2695a4d11c9de509b79991e8182d5f25e14b84d49290d5,f660b72e0a750e5df86a3b9338f85fc30181977449577ec45b983c3878bf2447,geometry_alpha_0p600,0.6,,
geometry_alpha_0p600,alpha_blend,False,0.15021312889513608,0.5967605909622858,0.3681198910081744,0.7975206611570248,0.9462982273201251,3670,103,2110,1351,0.6916840034739185,0.5666844153535415,0.5282505611981925,a96327d3b1ef5bde1f2695a4d11c9de509b79991e8182d5f25e14b84d49290d5,d2b68d3dcbb700a9d07f8c8b5efa841db99607001154d3fa6b5cd15ab9248e51,geometry_alpha_0p600,0.6,,
geometry_alpha_0p600,alpha_blend,False,0.2,0.6414604929526977,0.4226771653543307,0.7922077922077922,0.9535974973931178,3175,89,1658,1342,0.6916840034739185,0.5666844153535415,0.5282505611981925,a96327d3b1ef5bde1f2695a4d11c9de509b79991e8182d5f25e14b84d49290d5,cd89bc957efe046687e31bc801a2426387583db503b9be7eedd723ca768606e4,geometry_alpha_0p600,0.6,,
geometry_alpha_0p600,alpha_blend,False,0.25,0.6725683829816874,0.4676335337813937,0.7804014167650531,0.9608967674661105,2827,75,1356,1322,0.6916840034739185,0.5666844153535415,0.5282505611981925,a96327d3b1ef5bde1f2695a4d11c9de509b79991e8182d5f25e14b84d49290d5,356a8c116ceb2c85aaeb353c40536d69ee130e56afc5b695a5645a5bff5b7232,geometry_alpha_0p600,0.6,,
geometry_alpha_0p600,alpha_blend,False,0.3,0.7004826149702409,0.5119187182493161,0.7733175914994097,0.9650677789363921,2559,67,1116,1310,0.6916840034739185,0.5666844153535415,0.5282505611981925,a96327d3b1ef5bde1f2695a4d11c9de509b79991e8182d5f25e14b84d49290d5,2cf4d7b74033db5762a1c4d1a74d195747efa13fec4f3069dc8ace18a1437507,geometry_alpha_0p600,0.6,,
geometry_alpha_0p600,alpha_blend,False,0.32389810281810677,0.7106913134466156,0.5308541070698815,0.7668240850059032,0.9676746611053181,2447,62,1027,1299,0.6916840034739185,0.5666844153535415,0.5282505611981925,a96327d3b1ef5bde1f2695a4d11c9de509b79991e8182d5f25e14b84d49290d5,e5a5d0d65ca1e07737acc75dc3b61412ea2d1e6fd5150a11d0ce41d35b6a9f94,geometry_alpha_0p600,0.6,,
geometry_alpha_0p600,alpha_blend,False,0.35,0.7212000353645,0.5511339323919555,0.7603305785123967,0.9708029197080292,2337,56,936,1288,0.6916840034739185,0.5666844153535415,0.5282505611981925,a96327d3b1ef5bde1f2695a4d11c9de509b79991e8182d5f25e14b84d49290d5,2949ae6e6816ec75c97b0a6093899eb6fc947ddefaedbbec697d2351c4fc939a,geometry_alpha_0p600,0.6,,
geometry_alpha_0p600,alpha_blend,False,0.4,0.7393358788073094,0.5892193308550185,0.7485242030696576,0.9760166840458812,2152,46,785,1268,0.6916840034739185,0.5666844153535415,0.5282505611981925,a96327d3b1ef5bde1f2695a4d11c9de509b79991e8182d5f25e14b84d49290d5,91ffa23514e3cafac19741bf4a80db721b6c775379d4deb768a093685c4fa204,geometry_alpha_0p600,0.6,,
geometry_alpha_0p600,alpha_blend,False,0.5,0.767039263332907,0.6646673936750273,0.7195985832349469,0.9833159541188738,1834,32,546,1219,0.6916840034739185,0.5666844153535415,0.5282505611981925,a96327d3b1ef5bde1f2695a4d11c9de509b79991e8182d5f25e14b84d49290d5,7f3ddc13156ec975ef7c0c98223103ca623cee5bd1c22b2463a7649e310679fe,geometry_alpha_0p600,0.6,,
geometry_alpha_0p600,alpha_blend,False,0.6,0.7877327537266995,0.7440818937939859,0.6865407319952774,0.9921793534932221,1563,15,356,1163,0.6916840034739185,0.5666844153535415,0.5282505611981925,a96327d3b1ef5bde1f2695a4d11c9de509b79991e8182d5f25e14b84d49290d5,1a54c6022ef814a702ac367da4c9fff9169fc34d7c537bbc285f48f7c2640e08,geometry_alpha_0p600,0.6,,
geometry_alpha_0p600,alpha_blend,False,0.7,0.7871760691585571,0.8152091254752851,0.6328217237308147,0.9958289885297185,1315,8,213,1072,0.6916840034739185,0.5666844153535415,0.5282505611981925,a96327d3b1ef5bde1f2695a4d11c9de509b79991e8182d5f25e14b84d49290d5,3c0c00b5d76821952f1580488ededd9ec70ad2b541c8b0f6f6c2c99a7d0d5cf6,geometry_alpha_0p600,0.6,,
geometry_alpha_0p600,alpha_blend,False,0.7337678227858384,0.7724610649880685,0.8276143790849673,0.5979929161747344,0.9968717413972888,1224,6,185,1013,0.6916840034739185,0.5666844153535415,0.5282505611981925,a96327d3b1ef5bde1f2695a4d11c9de509b79991e8182d5f25e14b84d49290d5,afabbd8478b9c7d212125af2e975f65d3a143668445bf2d9b116587c8c022742,geometry_alpha_0p600,0.6,,
geometry_alpha_0p600,alpha_blend,False,0.8,0.7398912551740713,0.8804780876494024,0.5218417945690673,0.997393117831074,1004,5,102,884,0.6916840034739185,0.5666844153535415,0.5282505611981925,a96327d3b1ef5bde1f2695a4d11c9de509b79991e8182d5f25e14b84d49290d5,dde37818a757c094e8bcc14d4b147eddf1d0b46a4d0d2c7ecda7690bd189adc9,geometry_alpha_0p600,0.6,,
geometry_alpha_0p600,alpha_blend,False,0.9,0.6307672226276317,0.9528158295281582,0.3695395513577332,0.9994786235662148,657,1,25,626,0.6916840034739185,0.5666844153535415,0.5282505611981925,a96327d3b1ef5bde1f2695a4d11c9de509b79991e8182d5f25e14b84d49290d5,ab0c251d7dfc004d50733c7c2056fd0a38e956779338382d3116c1789c2fd32f,geometry_alpha_0p600,0.6,,
geometry_alpha_0p600,alpha_blend,False,0.9093574954109991,0.6094723762910511,0.9607843137254902,0.34710743801652894,0.9994786235662148,612,1,19,588,0.6916840034739185,0.5666844153535415,0.5282505611981925,a96327d3b1ef5bde1f2695a4d11c9de509b79991e8182d5f25e14b84d49290d5,52660c94f70fb9585acc3991e2c959a0b918e123ab617e110dee5023f7eabe08,geometry_alpha_0p600,0.6,,
geometry_alpha_0p600,alpha_blend,False,0.9913907304576279,0.001768867924528302,1.0,0.0005903187721369539,1.0,1,0,0,1,0.6916840034739185,0.5666844153535415,0.5282505611981925,a96327d3b1ef5bde1f2695a4d11c9de509b79991e8182d5f25e14b84d49290d5,5098974df0fb94e294f4e154de70961dd836b7c5b3e1940fcd1dc26a14016df3,geometry_alpha_0p600,0.6,,
geometry_alpha_0p800,alpha_blend,False,0.02284015431410001,0.3330414174472407,0.1539132330499237,0.833530106257379,0.7627737226277372,9174,455,6990,1412,0.6915780250243936,0.5664024021869891,0.5283146567255315,a505acf34e69204bb7bb6dca18a64097f1c5cb653241f5a8fc62010fa5e5f610,7f4dd0576c552c38c812520e7f82db4e20e7cb4ad030b4c2f6b7a73c58428117,geometry_alpha_0p800,0.8,,
geometry_alpha_0p800,alpha_blend,False,0.05,0.4242690629003794,0.214340549669891,0.8240850059031877,0.8388946819603754,6513,309,4594,1396,0.6915780250243936,0.5664024021869891,0.5283146567255315,a505acf34e69204bb7bb6dca18a64097f1c5cb653241f5a8fc62010fa5e5f610,555136a1ccd3a9acc26e78c0a8b7ae6f53a3e39f07b1ff683c1c5cd11fc90489,geometry_alpha_0p800,0.8,,
geometry_alpha_0p800,alpha_blend,False,0.057998122116256226,0.44270055639812733,0.2275997383911053,0.8217237308146399,0.8576642335766423,6116,273,4248,1392,0.6915780250243936,0.5664024021869891,0.5283146567255315,a505acf34e69204bb7bb6dca18a64097f1c5cb653241f5a8fc62010fa5e5f610,c0dee17f4e9642172d2ffdc4db1221379fc0879826461f82dfeea86c45e6a285,geometry_alpha_0p800,0.8,,
geometry_alpha_0p800,alpha_blend,False,0.1,0.5130239526210851,0.28476958049183715,0.8134592680047226,0.9035453597497394,4839,185,3128,1378,0.6915780250243936,0.5664024021869891,0.5283146567255315,a505acf34e69204bb7bb6dca18a64097f1c5cb653241f5a8fc62010fa5e5f610,9017bab5307435a77db0faefb99da1770558c8e788357f7c014a1e8a084148d9,geometry_alpha_0p800,0.8,,
geometry_alpha_0p800,alpha_blend,False,0.15,0.5653239319460025,0.33472700442695524,0.8034238488783944,0.9306569343065694,4066,133,2451,1361,0.6915780250243936,0.5664024021869891,0.5283146567255315,a505acf34e69204bb7bb6dca18a64097f1c5cb653241f5a8fc62010fa5e5f610,99a2f8eea2d2d50c4ef269a12f828cc66fb140a9bed1da6c00d771c180c0d585,geometry_alpha_0p800,0.8,,
geometry_alpha_0p800,alpha_blend,False,0.19015547186859666,0.5969708886166241,0.3683923705722071,0.7981109799291618,0.9452554744525548,3670,105,2112,1352,0.6915780250243936,0.5664024021869891,0.5283146567255315,a505acf34e69204bb7bb6dca18a64097f1c5cb653241f5a8fc62010fa5e5f610,5fdfadbbda4eaaea9858576a69bbe098d6222837121b2513672c3ca3f1099131,geometry_alpha_0p800,0.8,,
geometry_alpha_0p800,alpha_blend,False,0.2,0.603842575160185,0.37597547380156077,0.7963400236127509,0.9499478623566214,3588,96,2044,1349,0.6915780250243936,0.5664024021869891,0.5283146567255315,a505acf34e69204bb7bb6dca18a64097f1c5cb653241f5a8fc62010fa5e5f610,1d8683cd1664e520ec1d8f6c4ef8473067d997434421fc45f54fb6ee14ff506e,geometry_alpha_0p800,0.8,,
geometry_alpha_0p800,alpha_blend,False,0.25,0.6403795374406983,0.42100313479623824,0.7927981109799291,0.9541188738269031,3190,88,1672,1343,0.6915780250243936,0.5664024021869891,0.5283146567255315,a505acf34e69204bb7bb6dca18a64097f1c5cb653241f5a8fc62010fa5e5f610,5bad9da76a33aa6bc9c9712fd56f209f78511e0b3ad5afebaf8959e06c52178e,geometry_alpha_0p800,0.8,,
geometry_alpha_0p800,alpha_blend,False,0.3,0.6656389721506158,0.4567688598002067,0.7827626918536009,0.9614181438998958,2903,74,1426,1326,0.6915780250243936,0.5664024021869891,0.5283146567255315,a505acf34e69204bb7bb6dca18a64097f1c5cb653241f5a8fc62010fa5e5f610,7dda1f544f698d0316af0b4d8ecae48f1f3a1f914a577afe443bb644e4bb2e82,geometry_alpha_0p800,0.8,,
geometry_alpha_0p800,alpha_blend,False,0.35,0.6926798089227566,0.4977324263038549,0.7774498229043684,0.9655891553701773,2646,66,1195,1317,0.6915780250243936,0.5664024021869891,0.5283146567255315,a505acf34e69204bb7bb6dca18a64097f1c5cb653241f5a8fc62010fa5e5f610,ad38482036d40a37dd1cb6db4af8d873637d14d286926f27f552e78c6a7d37b7,geometry_alpha_0p800,0.8,,
geometry_alpha_0p800,alpha_blend,False,0.4,0.7099501852138355,0.5284321689683185,0.768004722550177,0.9697601668404588,2462,58,1043,1301,0.6915780250243936,0.5664024021869891,0.5283146567255315,a505acf34e69204bb7bb6dca18a64097f1c5cb653241f5a8fc62010fa5e5f610,5c099bdc24e189781996e18bb5c21db0236e76187fc848528bb957bda853f824,geometry_alpha_0p800,0.8,,
geometry_alpha_0p800,alpha_blend,False,0.4050888801655572,0.7115727061733852,0.5312627707396812,0.7674144037780402,0.970281543274244,2447,57,1030,1300,0.6915780250243936,0.5664024021869891,0.5283146567255315,a505acf34e69204bb7bb6dca18a64097f1c5cb653241f5a8fc62010fa5e5f610,2d4869243ba5a30711c76d251090744d21d6d38c211c4e7433249c1d64dbc6a0,geometry_alpha_0p800,0.8,,
geometry_alpha_0p800,alpha_blend,False,0.5,0.7424747993790042,0.5948356807511737,0.7479338842975206,0.9781021897810219,2130,42,771,1267,0.6915780250243936,0.5664024021869891,0.5283146567255315,a505acf34e69204bb7bb6dca18a64097f1c5cb653241f5a8fc62010fa5e5f610,b6ff273e17ae95411ea4ee68a6c0686a46f918e67456d43391e0abf9ad10f176,geometry_alpha_0p800,0.8,,
geometry_alpha_0p800,alpha_blend,False,0.6,0.7671003058639861,0.6621475054229935,0.7207792207792207,0.9869655891553701,1844,25,561,1221,0.6915780250243936,0.5664024021869891,0.5283146567255315,a505acf34e69204bb7bb6dca18a64097f1c5cb653241f5a8fc62010fa5e5f610,45679fa9a571a1de8954c1909b97c6b7d68f8134b0718e524b4311cbdbeee714,geometry_alpha_0p800,0.8,,
geometry_alpha_0p800,alpha_blend,False,0.7,0.7856138471186729,0.7350534927627439,0.6894923258559622,0.9921793534932221,1589,15,375,1168,0.6915780250243936,0.5664024021869891,0.5283146567255315,a505acf34e69204bb7bb6dca18a64097f1c5cb653241f5a8fc62010fa5e5f610,1a02978ba4c029719a9e72164705cf85dd72486ab976b62091864748ba0ed010,geometry_alpha_0p800,0.8,,
geometry_alpha_0p800,alpha_blend,False,0.8,0.7840288516912576,0.8139356814701378,0.627508854781582,0.9958289885297185,1306,8,214,1063,0.6915780250243936,0.5664024021869891,0.5283146567255315,a505acf34e69204bb7bb6dca18a64097f1c5cb653241f5a8fc62010fa5e5f610,55f30e698524e3edd6084c58094ecea3d575b8a3d4ad213410737ea4c317653f,geometry_alpha_0p800,0.8,,
geometry_alpha_0p800,alpha_blend,False,0.8253991282160698,0.7724610649880685,0.8276143790849673,0.5979929161747344,0.9968717413972888,1224,6,185,1013,0.6915780250243936,0.5664024021869891,0.5283146567255315,a505acf34e69204bb7bb6dca18a64097f1c5cb653241f5a8fc62010fa5e5f610,bb51ac29d76ecc465e410c2ff610447970c4bf430d7de5f39af63e547a14217c,geometry_alpha_0p800,0.8,,
geometry_alpha_0p800,alpha_blend,False,0.9,0.7145338531127101,0.9078651685393259,0.4769775678866588,0.9994786235662148,890,1,74,808,0.6915780250243936,0.5664024021869891,0.5283146567255315,a505acf34e69204bb7bb6dca18a64097f1c5cb653241f5a8fc62010fa5e5f610,7a8a6a750e56e65081a831c4c152bf51cb00025b3bb77f47fea12018f9314e88,geometry_alpha_0p800,0.8,,
geometry_alpha_0p800,alpha_blend,False,0.9454250216331708,0.6128364389233955,0.9673202614379085,0.34946871310507677,1.0,612,0,17,592,0.6915780250243936,0.5664024021869891,0.5283146567255315,a505acf34e69204bb7bb6dca18a64097f1c5cb653241f5a8fc62010fa5e5f610,b504712a179737e2d67c565da88f974eb0a9b99b4e783c543df30dd7fee689a8,geometry_alpha_0p800,0.8,,
geometry_alpha_0p800,alpha_blend,False,0.9951193074612145,0.001768867924528302,1.0,0.0005903187721369539,1.0,1,0,0,1,0.6915780250243936,0.5664024021869891,0.5283146567255315,a505acf34e69204bb7bb6dca18a64097f1c5cb653241f5a8fc62010fa5e5f610,5098974df0fb94e294f4e154de70961dd836b7c5b3e1940fcd1dc26a14016df3,geometry_alpha_0p800,0.8,,
geometry_alpha_1p000,alpha_blend,False,0.027923574028711345,0.33307452915757735,0.1539132330499237,0.833530106257379,0.7632950990615224,9174,454,6993,1412,0.690710970055321,0.5654910828291756,0.5275658318433883,e19c25273aec51d1eb480c17b902128a8bd026148c2ef684992c1544e77e95f9,af3863d375c9729a06c642e089160736528ce24c4316f8889461198fb34664f9,geometry_risk_score,1.0,,
geometry_alpha_1p000,alpha_blend,False,0.05,0.39897192231926204,0.19646365422396855,0.8264462809917356,0.8201251303441084,7126,345,5144,1400,0.690710970055321,0.5654910828291756,0.5275658318433883,e19c25273aec51d1eb480c17b902128a8bd026148c2ef684992c1544e77e95f9,9662453eee85700d9b36419c391148b84a1ac69675c2fc5ee042c71fc297f68e,geometry_risk_score,1.0,,
geometry_alpha_1p000,alpha_blend,False,0.07075913588645695,0.4429314937251371,0.2275997383911053,0.8217237308146399,0.8602711157455682,6116,268,4255,1392,0.690710970055321,0.5654910828291756,0.5275658318433883,e19c25273aec51d1eb480c17b902128a8bd026148c2ef684992c1544e77e95f9,b5fc8b405aafe71269351c738d2ae1d606951c0594c151dc601c61c66cb01547,geometry_risk_score,1.0,,
geometry_alpha_1p000,alpha_blend,False,0.1,0.48771848860686473,0.2627488151658768,0.8181818181818182,0.8905109489051095,5275,210,3516,1386,0.690710970055321,0.5654910828291756,0.5275658318433883,e19c25273aec51d1eb480c17b902128a8bd026148c2ef684992c1544e77e95f9,90d91da3643a2298ce6af34df674fea40238a57277e6a1347b04cd9c80ec10db,geometry_risk_score,1.0,,
geometry_alpha_1p000,alpha_blend,False,0.15,0.5400249683800852,0.3093947606142728,0.8087367178276269,0.9202294056308655,4428,153,2770,1370,0.690710970055321,0.5654910828291756,0.5275658318433883,e19c25273aec51d1eb480c17b902128a8bd026148c2ef684992c1544e77e95f9,38b108e4aa901820cfde9e836fe56f8de9aaceaa829f1f463fa21b6c323bc723,geometry_risk_score,1.0,,
geometry_alpha_1p000,alpha_blend,False,0.2,0.5788167111242137,0.3481045081967213,0.8022432113341205,0.9400417101147028,3904,115,2318,1359,0.690710970055321,0.5654910828291756,0.5275658318433883,e19c25273aec51d1eb480c17b902128a8bd026148c2ef684992c1544e77e95f9,44cf0b25c9d87764e53721d33aae442430c2d3321ca9d875539b2ea191b27f0d,geometry_risk_score,1.0,,
geometry_alpha_1p000,alpha_blend,False,0.22960140885620595,0.5964116719242902,0.3678474114441417,0.7969303423848878,0.9462982273201251,3670,103,2115,1350,0.690710970055321,0.5654910828291756,0.5275658318433883,e19c25273aec51d1eb480c17b902128a8bd026148c2ef684992c1544e77e95f9,d72967de14884889a79962a2c7faadaf86e5be41de33be14ae1119df1e41049d,geometry_risk_score,1.0,,
geometry_alpha_1p000,alpha_blend,False,0.25,0.6082603105450337,0.3811139383658468,0.7957497048406139,0.9509906152241918,3537,94,2001,1348,0.690710970055321,0.5654910828291756,0.5275658318433883,e19c25273aec51d1eb480c17b902128a8bd026148c2ef684992c1544e77e95f9,9a80f2f31931848efd349a5971f882e32ccfbd4cf6e5b164c5fcf57d63b1548a,geometry_risk_score,1.0,,
geometry_alpha_1p000,alpha_blend,False,0.3,0.6386304698394208,0.418640897755611,0.7927981109799291,0.9546402502606882,3208,87,1692,1343,0.690710970055321,0.5654910828291756,0.5275658318433883,e19c25273aec51d1eb480c17b902128a8bd026148c2ef684992c1544e77e95f9,9a268bb7018387ee541fe37b1a4dae2ffd64e4723ddfb7d6d1b06bb8ce9ca513,geometry_risk_score,1.0,,
geometry_alpha_1p000,alpha_blend,False,0.35,0.6627727861760969,0.45125253893026407,0.7868949232585596,0.9619395203336809,2954,73,1471,1333,0.690710970055321,0.5654910828291756,0.5275658318433883,e19c25273aec51d1eb480c17b902128a8bd026148c2ef684992c1544e77e95f9,d2f46bb896ab96e3fda1477834f6a80b7fe16c810439726b2f1b9dc8231dccec,geometry_risk_score,1.0,,
geometry_alpha_1p000,alpha_blend,False,0.4,0.6817145594476292,0.4808603718556325,0.7786304604486423,0.9645464025026069,2743,68,1285,1319,0.690710970055321,0.5654910828291756,0.5275658318433883,e19c25273aec51d1eb480c17b902128a8bd026148c2ef684992c1544e77e95f9,2e0f6c61e2ae0e87b5e5098b18f834531a2ca8034ce4bd6e3e44951e76abf775,geometry_risk_score,1.0,,
geometry_alpha_1p000,alpha_blend,False,0.4844171231930334,0.7118527756539614,0.5312627707396812,0.7674144037780402,0.9718456725755996,2447,54,1032,1300,0.690710970055321,0.5654910828291756,0.5275658318433883,e19c25273aec51d1eb480c17b902128a8bd026148c2ef684992c1544e77e95f9,5404675c08d0a5731a034ffb75a16caa10d00fb27e8ed61cef352c33e134c92e,geometry_risk_score,1.0,,
geometry_alpha_1p000,alpha_blend,False,0.5,0.7148870278803624,0.5380774032459426,0.7632821723730815,0.97288842544317,2403,52,999,1293,0.690710970055321,0.5654910828291756,0.5275658318433883,e19c25273aec51d1eb480c17b902128a8bd026148c2ef684992c1544e77e95f9,e13355e5c077844ad621ebd1f86036e670c2ae5e00bfea809bffd45c474a1c7a,geometry_risk_score,1.0,,
geometry_alpha_1p000,alpha_blend,False,0.6,0.7422249205904472,0.5958451369216242,0.7449822904368358,0.9791449426485923,2118,40,766,1262,0.690710970055321,0.5654910828291756,0.5275658318433883,e19c25273aec51d1eb480c17b902128a8bd026148c2ef684992c1544e77e95f9,ee3d84cd0fc1bb9dad122c2338217b0539268ee5ac051bc342d2c97edcaa3645,geometry_risk_score,1.0,,
geometry_alpha_1p000,alpha_blend,False,0.7,0.7658662386909698,0.6589314624932542,0.7207792207792207,0.9880083420229405,1853,23,571,1221,0.690710970055321,0.5654910828291756,0.5275658318433883,e19c25273aec51d1eb480c17b902128a8bd026148c2ef684992c1544e77e95f9,5a5d589dc7353b8bc67e3acc7a98575cbdbe634ed6e35cbd7a531983b73ee59e,geometry_risk_score,1.0,,
geometry_alpha_1p000,alpha_blend,False,0.8,0.7853046559603597,0.7326236693800877,0.6906729634002361,0.9927007299270073,1597,14,381,1170,0.690710970055321,0.5654910828291756,0.5275658318433883,e19c25273aec51d1eb480c17b902128a8bd026148c2ef684992c1544e77e95f9,5685b0549c4d22ec0b28d712614ce34f4705c5b06ae81751a469c3f708d0b4bc,geometry_risk_score,1.0,,
geometry_alpha_1p000,alpha_blend,False,0.9,0.7797223724638326,0.8109567901234568,0.6204250295159386,0.997393117831074,1296,5,222,1051,0.690710970055321,0.5654910828291756,0.5275658318433883,e19c25273aec51d1eb480c17b902128a8bd026148c2ef684992c1544e77e95f9,7f15d0b9ecc6d6dcdb9aa82f83f1704df4e1c60a21a2c7f508f9e3a68cfec4eb,geometry_risk_score,1.0,,
geometry_alpha_1p000,alpha_blend,False,0.9180953365205453,0.7766237940587254,0.8333333333333334,0.602125147579693,0.9979144942648592,1224,4,184,1020,0.690710970055321,0.5654910828291756,0.5275658318433883,e19c25273aec51d1eb480c17b902128a8bd026148c2ef684992c1544e77e95f9,0b3742da20fe13f0c5614103c5835d57471c736163a864f36a685c2ec12e5eaf,geometry_risk_score,1.0,,
geometry_alpha_1p000,alpha_blend,False,0.984174530499838,0.6087106809540269,0.9591503267973857,0.346517119244392,1.0,612,0,23,587,0.690710970055321,0.5654910828291756,0.5275658318433883,e19c25273aec51d1eb480c17b902128a8bd026148c2ef684992c1544e77e95f9,08314bc81e4ff4a645b0a20f415ee009d701ed577bbe9d051af0d8fd7c07ec86,geometry_risk_score,1.0,,
geometry_alpha_1p000,alpha_blend,False,0.9988697393141444,0.001768867924528302,1.0,0.0005903187721369539,1.0,1,0,0,1,0.690710970055321,0.5654910828291756,0.5275658318433883,e19c25273aec51d1eb480c17b902128a8bd026148c2ef684992c1544e77e95f9,371db058c97bbb4eb1a540149bcf6c65572e35c112c374b853f4c7b96bb44892,geometry_risk_score,1.0,,
class_reliability_gamma_0p250,class_scaled_raw,True,0.0019094226150997615,0.33180303485362045,0.15347721822541965,0.8311688311688312,0.7559958289885297,9174,468,6915,1408,0.6922885428849208,0.5676620864857058,0.5293559964411817,e2fbb6eac18968c3622fa8990c25a01673b4c96e16ceeb46d3a0de74773777ae,7ecef8893336b09b6bb1c2f5d06d2c42dc6fab87c5c81b2e8642ae29eddeba66,class_reliability_gamma_0p250,,0.25,
class_reliability_gamma_0p250,class_scaled_raw,True,0.005816032853302953,0.43897384185718485,0.22678221059516024,0.8187721369539551,0.8310740354535975,6116,324,4153,1387,0.6922885428849208,0.5676620864857058,0.5293559964411817,e2fbb6eac18968c3622fa8990c25a01673b4c96e16ceeb46d3a0de74773777ae,6b091c83dac364e64c09586d51b8c0e7aa2d379ec6f21b0936e53744c7975317,class_reliability_gamma_0p250,,0.25,
class_reliability_gamma_0p250,class_scaled_raw,True,0.025206325274641537,0.5927541315361347,0.367574931880109,0.7963400236127509,0.921793534932221,3670,150,2044,1349,0.6922885428849208,0.5676620864857058,0.5293559964411817,e2fbb6eac18968c3622fa8990c25a01673b4c96e16ceeb46d3a0de74773777ae,eed71f8f70ede92a874db31300c5c1c1e0b56e16b3f35066cf9cad8dab406131,class_reliability_gamma_0p250,,0.25,
class_reliability_gamma_0p250,class_scaled_raw,True,0.05,0.6698694810806782,0.46629015178256267,0.7798110979929161,0.9509906152241918,2833,94,1332,1321,0.6922885428849208,0.5676620864857058,0.5293559964411817,e2fbb6eac18968c3622fa8990c25a01673b4c96e16ceeb46d3a0de74773777ae,12378b7928da85b33559274e37d3c76e78e2bb648ec255a8ffca783c91c8eab9,class_reliability_gamma_0p250,,0.25,
class_reliability_gamma_0p250,class_scaled_raw,True,0.0754775910512728,0.7078519837636312,0.5296281160604822,0.7650531286894924,0.9588112617309698,2447,79,1002,1296,0.6922885428849208,0.5676620864857058,0.5293559964411817,e2fbb6eac18968c3622fa8990c25a01673b4c96e16ceeb46d3a0de74773777ae,5500258e232d58cb61c86523999f8e4424ec05236f402d6446aea2b46616931b,class_reliability_gamma_0p250,,0.25,
class_reliability_gamma_0p250,class_scaled_raw,True,0.1,0.728087774139446,0.5709793351302785,0.7502951593860685,0.9650677789363921,2226,67,825,1271,0.6922885428849208,0.5676620864857058,0.5293559964411817,e2fbb6eac18968c3622fa8990c25a01673b4c96e16ceeb46d3a0de74773777ae,bf7c71eb505cca39ef23ec4c6f093bd17c2c1f7ab0c850cc18f97f86ea191237,class_reliability_gamma_0p250,,0.25,
class_reliability_gamma_0p250,class_scaled_raw,True,0.15,0.7560641729652984,0.6351490236382322,0.7296340023612751,0.9775808133472367,1946,43,619,1236,0.6922885428849208,0.5676620864857058,0.5293559964411817,e2fbb6eac18968c3622fa8990c25a01673b4c96e16ceeb46d3a0de74773777ae,6122d79569b0ec4f08d218d17cb9593c51e86d5f398039c663812e253d7388e9,class_reliability_gamma_0p250,,0.25,
class_reliability_gamma_0p250,class_scaled_raw,True,0.2,0.7736117845099503,0.6871794871794872,0.7119244391971665,0.9822732012513035,1755,34,477,1206,0.6922885428849208,0.5676620864857058,0.5293559964411817,e2fbb6eac18968c3622fa8990c25a01673b4c96e16ceeb46d3a0de74773777ae,e47ff433be59c892123a4131e7a1c057e75b909c1ca57cf195c802e23071a588,class_reliability_gamma_0p250,,0.25,
class_reliability_gamma_0p250,class_scaled_raw,True,0.25,0.7831508487815518,0.7310819262038775,0.6900826446280992,0.986444212721585,1599,26,374,1169,0.6922885428849208,0.5676620864857058,0.5293559964411817,e2fbb6eac18968c3622fa8990c25a01673b4c96e16ceeb46d3a0de74773777ae,7c86b071b725e7590a0e06948758543430034646a93be190a8ad10d528ced95a,class_reliability_gamma_0p250,,0.25,
class_reliability_gamma_0p250,class_scaled_raw,True,0.3,0.7863803338061987,0.7634770889487871,0.6688311688311688,0.9900938477580813,1484,19,309,1133,0.6922885428849208,0.5676620864857058,0.5293559964411817,e2fbb6eac18968c3622fa8990c25a01673b4c96e16ceeb46d3a0de74773777ae,dd12b91124a9989205dc2f9f704c0696321ce2565f0a664282df49a808d96559,class_reliability_gamma_0p250,,0.25,
class_reliability_gamma_0p250,class_scaled_raw,True,0.35,0.7886938624447569,0.8002926115581566,0.6458087367178277,0.9942648592283628,1367,11,238,1094,0.6922885428849208,0.5676620864857058,0.5293559964411817,e2fbb6eac18968c3622fa8990c25a01673b4c96e16ceeb46d3a0de74773777ae,bbadd35daf26bcdae0f0748da84152e0af30f98af9027a8d0b837518e8271ae3,class_reliability_gamma_0p250,,0.25,
class_reliability_gamma_0p250,class_scaled_raw,True,0.4,0.7804666084257255,0.8202511773940345,0.6168831168831169,0.9963503649635036,1274,7,199,1045,0.6922885428849208,0.5676620864857058,0.5293559964411817,e2fbb6eac18968c3622fa8990c25a01673b4c96e16ceeb46d3a0de74773777ae,f3bb906021faf5e12d484cafe06002987fac90176595a5d08a3e2a8fba80c132,class_reliability_gamma_0p250,,0.25,
class_reliability_gamma_0p250,class_scaled_raw,True,0.4254240976284375,0.7706590742662719,0.8251633986928104,0.5962219598583235,0.9963503649635036,1224,7,185,1010,0.6922885428849208,0.5676620864857058,0.5293559964411817,e2fbb6eac18968c3622fa8990c25a01673b4c96e16ceeb46d3a0de74773777ae,e1beea3bf47ac007dc82c58d5c983805e4eaa7762f3908d44d12366ed49e9c60,class_reliability_gamma_0p250,,0.25,
class_reliability_gamma_0p250,class_scaled_raw,True,0.5,0.7526467246870181,0.8611111111111112,0.5489964580873672,0.9968717413972888,1080,6,127,930,0.6922885428849208,0.5676620864857058,0.5293559964411817,e2fbb6eac18968c3622fa8990c25a01673b4c96e16ceeb46d3a0de74773777ae,a4a5fc7f79b7079fef5c5f0d823594626a4e31a6645026ce385523e121bbc5b2,class_reliability_gamma_0p250,,0.25,
class_reliability_gamma_0p250,class_scaled_raw,True,0.6,0.713439334881636,0.9047085201793722,0.47638724911452185,0.9994786235662148,892,1,76,807,0.6922885428849208,0.5676620864857058,0.5293559964411817,e2fbb6eac18968c3622fa8990c25a01673b4c96e16ceeb46d3a0de74773777ae,2f1e777dfbed3ab4edea00b18f7aa17d1c70f25f916898584dc52263d1b7faf0,class_reliability_gamma_0p250,,0.25,
class_reliability_gamma_0p250,class_scaled_raw,True,0.7,0.645895153313551,0.9518950437317785,0.3854781582054309,1.0,686,0,28,653,0.6922885428849208,0.5676620864857058,0.5293559964411817,e2fbb6eac18968c3622fa8990c25a01673b4c96e16ceeb46d3a0de74773777ae,79dd2ad9e6cd435b04aa7c1e0b754607211da3af80d01c844438ff9d334517fd,class_reliability_gamma_0p250,,0.25,
class_reliability_gamma_0p250,class_scaled_raw,True,0.7441671956302658,0.6070563818747838,0.9558823529411765,0.34533648170011805,1.0,612,0,22,585,0.6922885428849208,0.5676620864857058,0.5293559964411817,e2fbb6eac18968c3622fa8990c25a01673b4c96e16ceeb46d3a0de74773777ae,e6d18260812e03e98c5d45061d9168ce2f942783c59097dcb4b1b3207e26aca4,class_reliability_gamma_0p250,,0.25,
class_reliability_gamma_0p250,class_scaled_raw,True,0.8,0.507745933384973,0.9689578713968958,0.2579693034238489,1.0,451,0,12,437,0.6922885428849208,0.5676620864857058,0.5293559964411817,e2fbb6eac18968c3622fa8990c25a01673b4c96e16ceeb46d3a0de74773777ae,5eb6a402f8729aa86580b57965ee3049cfbb40047eecf70067ff8e2e5a7cfaf6,class_reliability_gamma_0p250,,0.25,
class_reliability_gamma_0p250,class_scaled_raw,True,0.9,0.1777546777546777,0.9827586206896551,0.06729634002361275,1.0,116,0,2,114,0.6922885428849208,0.5676620864857058,0.5293559964411817,e2fbb6eac18968c3622fa8990c25a01673b4c96e16ceeb46d3a0de74773777ae,0ddeb3171286897d3d7f01bf13e25f154bce10abcf4c0d90f84b0a137e94f37c,class_reliability_gamma_0p250,,0.25,
class_reliability_gamma_0p250,class_scaled_raw,True,0.9587688119686151,0.001768867924528302,1.0,0.0005903187721369539,1.0,1,0,0,1,0.6922885428849208,0.5676620864857058,0.5293559964411817,e2fbb6eac18968c3622fa8990c25a01673b4c96e16ceeb46d3a0de74773777ae,d054229cec33bb2a0f661c39ed99edfc67e6b8af845b2a514720e841bb6d3b43,class_reliability_gamma_0p250,,0.25,
class_reliability_gamma_0p500,class_scaled_raw,True,0.001700850491116088,0.3317360010691307,0.15347721822541965,0.8311688311688312,0.7549530761209593,9174,470,6912,1408,0.6922885428849208,0.5676620864857058,0.5293559964411817,ca88befc3ff765af806f1f57a7eb8b3d1c756d79ee3ef2d11da4b61493ce1ab1,e4d3c633bf1fa0ea16ba16ba0f7abca987013aa9b071d3bbd8ae740d716d31eb,class_reliability_gamma_0p500,,0.5,
class_reliability_gamma_0p500,class_scaled_raw,True,0.005200182156414206,0.43933156624365105,0.22694571615434925,0.8193624557260921,0.8321167883211679,6116,322,4153,1388,0.6922885428849208,0.5676620864857058,0.5293559964411817,ca88befc3ff765af806f1f57a7eb8b3d1c756d79ee3ef2d11da4b61493ce1ab1,1bbba16990d51688eaae04297168b5e6504e4f27a06a2b22973d1767e95f134d,class_reliability_gamma_0p500,,0.5,
class_reliability_gamma_0p500,class_scaled_raw,True,0.02300444075810781,0.5928383961921131,0.3673024523160763,0.7957497048406139,0.9249217935349322,3670,144,2053,1348,0.6922885428849208,0.5676620864857058,0.5293559964411817,ca88befc3ff765af806f1f57a7eb8b3d1c756d79ee3ef2d11da4b61493ce1ab1,3a9b0b538e04ace7c90b6ec23884be1cdf554a87ea3047907911c768c8118543,class_reliability_gamma_0p500,,0.5,
class_reliability_gamma_0p500,class_scaled_raw,True,0.05,0.6793370841777568,0.48099415204678364,0.7768595041322314,0.9525547445255474,2736,91,1247,1316,0.6922885428849208,0.5676620864857058,0.5293559964411817,ca88befc3ff765af806f1f57a7eb8b3d1c756d79ee3ef2d11da4b61493ce1ab1,010bf6d83e5b16043052e5eda8390a536d5e725311a7b6ca9dc90c0fb5793d26,class_reliability_gamma_0p500,,0.5,
class_reliability_gamma_0p500,class_scaled_raw,True,0.0684056097648869,0.7082302496710927,0.5296281160604822,0.7650531286894924,0.9608967674661105,2447,75,1006,1296,0.6922885428849208,0.5676620864857058,0.5293559964411817,ca88befc3ff765af806f1f57a7eb8b3d1c756d79ee3ef2d11da4b61493ce1ab1,917fdb6501678f87df0c9a68d7377ad8a947b6fdd8d73bfca55bc1b0b3e9b9ef,class_reliability_gamma_0p500,,0.5,
class_reliability_gamma_0p500,class_scaled_raw,True,0.1,0.7345824579158753,0.5841035120147874,0.7461629279811098,0.9692387904066736,2164,59,786,1264,0.6922885428849208,0.5676620864857058,0.5293559964411817,ca88befc3ff765af806f1f57a7eb8b3d1c756d79ee3ef2d11da4b61493ce1ab1,c699f4c413d299a075400622e4540f9ef8486bdee0a8ff5f2b510095d4dc485e,class_reliability_gamma_0p500,,0.5,
class_reliability_gamma_0p500,class_scaled_raw,True,0.15,0.7625780459418097,0.6531699520511455,0.7237308146399055,0.9791449426485923,1877,40,567,1226,0.6922885428849208,0.5676620864857058,0.5293559964411817,ca88befc3ff765af806f1f57a7eb8b3d1c756d79ee3ef2d11da4b61493ce1ab1,4317889c08d71319e0c1e453180534c73a6e297906508f116da7d7dd7e8b9ecb,class_reliability_gamma_0p500,,0.5,
class_reliability_gamma_0p500,class_scaled_raw,True,0.2,0.775115804176938,0.6994117647058824,0.7018890200708382,0.9843587069864442,1700,30,446,1189,0.6922885428849208,0.5676620864857058,0.5293559964411817,ca88befc3ff765af806f1f57a7eb8b3d1c756d79ee3ef2d11da4b61493ce1ab1,e8d61e616394e93b8ed29545dcb4d419209c93f35f3c6ebfb6e235a64b964cc8,class_reliability_gamma_0p500,,0.5,
class_reliability_gamma_0p500,class_scaled_raw,True,0.25,0.7841059347384898,0.7445019404915912,0.679456906729634,0.9890510948905109,1546,21,348,1151,0.6922885428849208,0.5676620864857058,0.5293559964411817,ca88befc3ff765af806f1f57a7eb8b3d1c756d79ee3ef2d11da4b61493ce1ab1,31f3ecb6a82f12c412e70771d168b63fe8bb4ef05c0e4e341fdc97743f7d7322,class_reliability_gamma_0p500,,0.5,
class_reliability_gamma_0p500,class_scaled_raw,True,0.3,0.7848522091945865,0.7788732394366197,0.6528925619834711,0.9932221063607924,1420,13,278,1106,0.6922885428849208,0.5676620864857058,0.5293559964411817,ca88befc3ff765af806f1f57a7eb8b3d1c756d79ee3ef2d11da4b61493ce1ab1,c1d36ad6ed22b1b1fa9dbca74568a45797207bff1170558b07eb83e21d61371b,class_reliability_gamma_0p500,,0.5,
class_reliability_gamma_0p500,class_scaled_raw,True,0.35,0.7851186036304102,0.8121673003802281,0.6304604486422668,0.9963503649635036,1315,7,217,1068,0.6922885428849208,0.5676620864857058,0.5293559964411817,ca88befc3ff765af806f1f57a7eb8b3d1c756d79ee3ef2d11da4b61493ce1ab1,94076178b49bdc76725bc135822bd7edd36bff525e2053a42c52c552cf481f86,class_reliability_gamma_0p500,,0.5,
class_reliability_gamma_0p500,class_scaled_raw,True,0.39337431036768733,0.7707630092932837,0.8251633986928104,0.5962219598583235,0.9968717413972888,1224,6,186,1010,0.6922885428849208,0.5676620864857058,0.5293559964411817,ca88befc3ff765af806f1f57a7eb8b3d1c756d79ee3ef2d11da4b61493ce1ab1,470e0e04d45517483219a26ee2639a90ec5ace87c8d03f0c9f6ac36f4a364cd7,class_reliability_gamma_0p500,,0.5,
class_reliability_gamma_0p500,class_scaled_raw,True,0.4,0.7674510735650332,0.826302729528536,0.589728453364817,0.9968717413972888,1209,6,182,999,0.6922885428849208,0.5676620864857058,0.5293559964411817,ca88befc3ff765af806f1f57a7eb8b3d1c756d79ee3ef2d11da4b61493ce1ab1,a01e2bf141972b7c907ed592c5f9af013906db787650f5423b3f16e16e7548f1,class_reliability_gamma_0p500,,0.5,
class_reliability_gamma_0p500,class_scaled_raw,True,0.5,0.7337256679488757,0.8762575452716298,0.5141676505312869,0.997393117831074,994,5,106,871,0.6922885428849208,0.5676620864857058,0.5293559964411817,ca88befc3ff765af806f1f57a7eb8b3d1c756d79ee3ef2d11da4b61493ce1ab1,f44e5a2ba1c861e76dd61821d893a1eaf5d80dd51e94fec7e47a3d28abe48f47,class_reliability_gamma_0p500,,0.5,
class_reliability_gamma_0p500,class_scaled_raw,True,0.6,0.6838849365914013,0.9189526184538653,0.43506493506493504,1.0,802,0,59,737,0.6922885428849208,0.5676620864857058,0.5293559964411817,ca88befc3ff765af806f1f57a7eb8b3d1c756d79ee3ef2d11da4b61493ce1ab1,2cc217842d1d4ecad99677ccf3417622ffaaa80ab9075002b24d222010afbae7,class_reliability_gamma_0p500,,0.5,
class_reliability_gamma_0p500,class_scaled_raw,True,0.6888715085405817,0.6045706371191135,0.9509803921568627,0.3435655253837072,1.0,612,0,25,582,0.6922885428849208,0.5676620864857058,0.5293559964411817,ca88befc3ff765af806f1f57a7eb8b3d1c756d79ee3ef2d11da4b61493ce1ab1,587875696ec81c58f05ddecf5ffade583c36cd267799c41ffcfebb563d7fbf4a,class_reliability_gamma_0p500,,0.5,
class_reliability_gamma_0p500,class_scaled_raw,True,0.7,0.5953797689884495,0.9513422818791947,0.3347107438016529,1.0,596,0,25,567,0.6922885428849208,0.5676620864857058,0.5293559964411817,ca88befc3ff765af806f1f57a7eb8b3d1c756d79ee3ef2d11da4b61493ce1ab1,7c1de59721ad9cf469e4305aae75adf9361c3c94170610e4fe293f0cf579b04c,class_reliability_gamma_0p500,,0.5,
class_reliability_gamma_0p500,class_scaled_raw,True,0.8,0.41822033898305083,0.9762611275964391,0.19421487603305784,1.0,337,0,7,329,0.6922885428849208,0.5676620864857058,0.5293559964411817,ca88befc3ff765af806f1f57a7eb8b3d1c756d79ee3ef2d11da4b61493ce1ab1,bb15c9f2c93a70d61021eb176f54990ba65f2a517d670d008687ac104c3459d8,class_reliability_gamma_0p500,,0.5,
class_reliability_gamma_0p500,class_scaled_raw,True,0.9,0.02267441860465116,1.0,0.007674144037780401,1.0,13,0,0,13,0.6922885428849208,0.5676620864857058,0.5293559964411817,ca88befc3ff765af806f1f57a7eb8b3d1c756d79ee3ef2d11da4b61493ce1ab1,1383dcd810278b83164bdae1835aa86e33fcce85421cdd06ce3832300adb231f,class_reliability_gamma_0p500,,0.5,
class_reliability_gamma_0p500,class_scaled_raw,True,0.9505932084673646,0.001768867924528302,1.0,0.0005903187721369539,1.0,1,0,0,1,0.6922885428849208,0.5676620864857058,0.5293559964411817,ca88befc3ff765af806f1f57a7eb8b3d1c756d79ee3ef2d11da4b61493ce1ab1,d054229cec33bb2a0f661c39ed99edfc67e6b8af845b2a514720e841bb6d3b43,class_reliability_gamma_0p500,,0.5,
class_reliability_gamma_0p750,class_scaled_raw,True,0.0015143649521873945,0.33207075889323434,0.15369522563767168,0.8323494687131051,0.7539103232533889,9174,472,6911,1410,0.6922885428849208,0.5676620864857058,0.5293559964411817,0113e421dc8ae53c3a879c6a7011d3ee676b86becf4b3afc153d654c36a31a66,0acdbc4f603c96419fc4663cf91f6a11c0f5936bba075c1fa046e26ca266b705,class_reliability_gamma_0p750,,0.75,
class_reliability_gamma_0p750,class_scaled_raw,True,0.004689162383976547,0.4390887157611261,0.22694571615434925,0.8193624557260921,0.829509906152242,6116,327,4151,1388,0.6922885428849208,0.5676620864857058,0.5293559964411817,0113e421dc8ae53c3a879c6a7011d3ee676b86becf4b3afc153d654c36a31a66,55080ebacd6de191c71ccb5eb08a69d2ee1ee5da91d3e972a0e80c5f5fb51834,class_reliability_gamma_0p750,,0.75,
class_reliability_gamma_0p750,class_scaled_raw,True,0.02097766444265196,0.5929810679191619,0.3673024523160763,0.7957497048406139,0.9259645464025026,3670,142,2057,1348,0.6922885428849208,0.5676620864857058,0.5293559964411817,0113e421dc8ae53c3a879c6a7011d3ee676b86becf4b3afc153d654c36a31a66,6a10807f2fc29ea0c9edf4f001b277a9f83cf1a5b686fafd6700ad20c6142cc6,class_reliability_gamma_0p750,,0.75,
class_reliability_gamma_0p750,class_scaled_raw,True,0.05,0.6877919901100517,0.4939713639788998,0.7739079102715466,0.956725755995829,2654,83,1183,1311,0.6922885428849208,0.5676620864857058,0.5293559964411817,0113e421dc8ae53c3a879c6a7011d3ee676b86becf4b3afc153d654c36a31a66,3fa93ef58e729162c5cb3abb3464cb06de5ee51ae17a0ded89af68c8d6539466,class_reliability_gamma_0p750,,0.75,
class_reliability_gamma_0p750,class_scaled_raw,True,0.062225048210752414,0.7075937382959576,0.5288107887208827,0.7638724911452184,0.9619395203336809,2447,73,1011,1294,0.6922885428849208,0.5676620864857058,0.5293559964411817,0113e421dc8ae53c3a879c6a7011d3ee676b86becf4b3afc153d654c36a31a66,f06d7dc971d717ad99852545b5c74eabe6550276e25cfdd9ec3faa4b07ca7a0e,class_reliability_gamma_0p750,,0.75,
class_reliability_gamma_0p750,class_scaled_raw,True,0.1,0.741058497370202,0.5978105663969538,0.7414403778040142,0.9739311783107404,2101,50,744,1256,0.6922885428849208,0.5676620864857058,0.5293559964411817,0113e421dc8ae53c3a879c6a7011d3ee676b86becf4b3afc153d654c36a31a66,b95ff3dfa0e0b046de8f15fdfe59c34507375d643dabf646935fed1d8a9a45f4,class_reliability_gamma_0p750,,0.75,
class_reliability_gamma_0p750,class_scaled_raw,True,0.15,0.7666456426236128,0.667032967032967,0.7166469893742621,0.9817518248175182,1820,35,531,1214,0.6922885428849208,0.5676620864857058,0.5293559964411817,0113e421dc8ae53c3a879c6a7011d3ee676b86becf4b3afc153d654c36a31a66,061a1f097b9ff942e12ba26ecad2082669c63692a7af068e6e8f7c8c186e51a5,class_reliability_gamma_0p750,,0.75,
class_reliability_gamma_0p750,class_scaled_raw,True,0.2,0.778073876605617,0.7155067155067155,0.69185360094451,0.9874869655891554,1638,24,409,1172,0.6922885428849208,0.5676620864857058,0.5293559964411817,0113e421dc8ae53c3a879c6a7011d3ee676b86becf4b3afc153d654c36a31a66,99161091b65ad794b2b8b469a10d500ee9ee4b435781851f3fc65707276cd019,class_reliability_gamma_0p750,,0.75,
class_reliability_gamma_0p750,class_scaled_raw,True,0.25,0.7843339111920584,0.76062036412677,0.6658795749704841,0.9916579770594369,1483,16,315,1128,0.6922885428849208,0.5676620864857058,0.5293559964411817,0113e421dc8ae53c3a879c6a7011d3ee676b86becf4b3afc153d654c36a31a66,2d46ed53517f05835403247c39d8f4ac074d1e9447a6455390054bcd1fe087dc,class_reliability_gamma_0p750,,0.75,
class_reliability_gamma_0p750,class_scaled_raw,True,0.3,0.7832820487798835,0.7938371239911959,0.6387249114521841,0.9953076120959332,1363,9,249,1082,0.6922885428849208,0.5676620864857058,0.5293559964411817,0113e421dc8ae53c3a879c6a7011d3ee676b86becf4b3afc153d654c36a31a66,df0eeb263fd9adf7500366e4ea615763526ecd3edcf416c73e5fa7915339c929,class_reliability_gamma_0p750,,0.75,
class_reliability_gamma_0p750,class_scaled_raw,True,0.35,0.7716903942539732,0.8201612903225807,0.6003541912632822,0.997393117831074,1240,5,196,1017,0.6922885428849208,0.5676620864857058,0.5293559964411817,0113e421dc8ae53c3a879c6a7011d3ee676b86becf4b3afc153d654c36a31a66,6063cef227e64b4978ac5000982e38629afddd9aa4a1a08000348a1411b3b111,class_reliability_gamma_0p750,,0.75,
class_reliability_gamma_0p750,class_scaled_raw,True,0.3594316758742871,0.7685981307415874,0.8218954248366013,0.5938606847697757,0.997393117831074,1224,5,192,1006,0.6922885428849208,0.5676620864857058,0.5293559964411817,0113e421dc8ae53c3a879c6a7011d3ee676b86becf4b3afc153d654c36a31a66,d71362feee0d5f6758974666e1587ff2311a33fa2fec736d4994e708cf677c1b,class_reliability_gamma_0p750,,0.75,
class_reliability_gamma_0p750,class_scaled_raw,True,0.4,0.7529751691706024,0.8340649692712906,0.5608028335301063,0.9979144942648592,1139,4,166,950,0.6922885428849208,0.5676620864857058,0.5293559964411817,0113e421dc8ae53c3a879c6a7011d3ee676b86becf4b3afc153d654c36a31a66,428f334b3ebdd83868aff22b4fc6cd69e9b1a2d95b9fba55e155c4edfe83db41,class_reliability_gamma_0p750,,0.75,
class_reliability_gamma_0p750,class_scaled_raw,True,0.5,0.712696256167355,0.8867102396514162,0.4805194805194805,0.9994786235662148,918,1,95,814,0.6922885428849208,0.5676620864857058,0.5293559964411817,0113e421dc8ae53c3a879c6a7011d3ee676b86becf4b3afc153d654c36a31a66,d982cb0b2569fadd2a5271ea5f552113bc848a6d19cce00c763153832b58b0a6,class_reliability_gamma_0p750,,0.75,
class_reliability_gamma_0p750,class_scaled_raw,True,0.6,0.6428571428571428,0.9289772727272727,0.3860684769775679,1.0,704,0,45,654,0.6922885428849208,0.5676620864857058,0.5293559964411817,0113e421dc8ae53c3a879c6a7011d3ee676b86becf4b3afc153d654c36a31a66,da089805536db4702ebf3fd65d0aea4d403999ed2a6a9cec9a0776129b67794b,class_reliability_gamma_0p750,,0.75,
class_reliability_gamma_0p750,class_scaled_raw,True,0.6459661814389556,0.6045706371191135,0.9509803921568627,0.3435655253837072,1.0,612,0,27,582,0.6922885428849208,0.5676620864857058,0.5293559964411817,0113e421dc8ae53c3a879c6a7011d3ee676b86becf4b3afc153d654c36a31a66,204fc97c29389a9f16c79724baeaab1c7c3eaf964c3be5dd620f9e64ca9df65c,class_reliability_gamma_0p750,,0.75,
class_reliability_gamma_0p750,class_scaled_raw,True,0.7,0.5399551904406273,0.9601593625498008,0.2845336481700118,1.0,502,0,17,482,0.6922885428849208,0.5676620864857058,0.5293559964411817,0113e421dc8ae53c3a879c6a7011d3ee676b86becf4b3afc153d654c36a31a66,4a124cc50ed2fc317aa24c252839e667ff2efc6aa6b6662b2883d7f8ab73b3b9,class_reliability_gamma_0p750,,0.75,
class_reliability_gamma_0p750,class_scaled_raw,True,0.8,0.318941504178273,0.9913419913419913,0.13518299881936247,1.0,231,0,2,229,0.6922885428849208,0.5676620864857058,0.5293559964411817,0113e421dc8ae53c3a879c6a7011d3ee676b86becf4b3afc153d654c36a31a66,bd1d8e262a2f876868079a3a9832e293e247fcc0212f99b048fe2d4fd61ad1d6,class_reliability_gamma_0p750,,0.75,
class_reliability_gamma_0p750,class_scaled_raw,True,0.9,0.020954598370197905,1.0,0.0070838252656434475,1.0,12,0,0,12,0.6922885428849208,0.5676620864857058,0.5293559964411817,0113e421dc8ae53c3a879c6a7011d3ee676b86becf4b3afc153d654c36a31a66,af7672f8f1bae927718e2be20f99ee7edac74b3d898c4cbe830ec70d4b493046,class_reliability_gamma_0p750,,0.75,
class_reliability_gamma_0p750,class_scaled_raw,True,0.9424873198877668,0.001768867924528302,1.0,0.0005903187721369539,1.0,1,0,0,1,0.6922885428849208,0.5676620864857058,0.5293559964411817,0113e421dc8ae53c3a879c6a7011d3ee676b86becf4b3afc153d654c36a31a66,d054229cec33bb2a0f661c39ed99edfc67e6b8af845b2a514720e841bb6d3b43,class_reliability_gamma_0p750,,0.75,
class_reliability_gamma_1p000,class_scaled_raw,True,0.00135387735747239,0.33207075889323434,0.15369522563767168,0.8323494687131051,0.7539103232533889,9174,472,6908,1410,0.6922885428849208,0.5676620864857058,0.5293559964411817,3d271f336deadfca78ed6b72d22096efbd86ead72609f770600db96120b568e4,8ab9e60fb82f784d62ec2b07debc4da7d72c25add7f4c7f1b1350036a51ad6da,class_reliability_gamma_1p000,,1.0,
class_reliability_gamma_1p000,class_scaled_raw,True,0.0041426936331545195,0.4390887157611261,0.22694571615434925,0.8193624557260921,0.829509906152242,6116,327,4158,1388,0.6922885428849208,0.5676620864857058,0.5293559964411817,3d271f336deadfca78ed6b72d22096efbd86ead72609f770600db96120b568e4,800db98ee4e620595d4bc867b3645b1a18618e84aa5b9a52bbbb1d6e168a1ceb,class_reliability_gamma_1p000,,1.0,
class_reliability_gamma_1p000,class_scaled_raw,True,0.019222386275499496,0.5927061764663641,0.3670299727520436,0.795159386068477,0.9264859228362878,3670,141,2062,1347,0.6922885428849208,0.5676620864857058,0.5293559964411817,3d271f336deadfca78ed6b72d22096efbd86ead72609f770600db96120b568e4,238ea94be3304ab44af7fce25fe0e3edcdc00d4456532aaac574698bf3b39ed7,class_reliability_gamma_1p000,,1.0,
class_reliability_gamma_1p000,class_scaled_raw,True,0.05,0.695252456633518,0.506201550387597,0.7709563164108618,0.959332638164755,2580,78,1122,1306,0.6922885428849208,0.5676620864857058,0.5293559964411817,3d271f336deadfca78ed6b72d22096efbd86ead72609f770600db96120b568e4,4f84d23469af2af29ba13a2a5e5ce68ee9d113286b544844b7fa67123b47fbe9,class_reliability_gamma_1p000,,1.0,
class_reliability_gamma_1p000,class_scaled_raw,True,0.05769886864772222,0.7078755059470362,0.5288107887208827,0.7638724911452184,0.9635036496350365,2447,70,1016,1294,0.6922885428849208,0.5676620864857058,0.5293559964411817,3d271f336deadfca78ed6b72d22096efbd86ead72609f770600db96120b568e4,7dc9dc6e98269b35f972702b4fb56353bde021e2629e5c1f1dd9c0f5ce9dd146,class_reliability_gamma_1p000,,1.0,
class_reliability_gamma_1p000,class_scaled_raw,True,0.1,0.7465053523096669,0.6099463676255485,0.7384887839433294,0.9754953076120959,2051,47,706,1251,0.6922885428849208,0.5676620864857058,0.5293559964411817,3d271f336deadfca78ed6b72d22096efbd86ead72609f770600db96120b568e4,2e19a8f829af0c13bd4afc1406d7ea88acc83818381a24ffec9d31ebdb1062bc,class_reliability_gamma_1p000,,1.0,
class_reliability_gamma_1p000,class_scaled_raw,True,0.15,0.7686686481326689,0.6775832862789385,0.7083825265643447,0.9848800834202294,1771,29,504,1200,0.6922885428849208,0.5676620864857058,0.5293559964411817,3d271f336deadfca78ed6b72d22096efbd86ead72609f770600db96120b568e4,d2e845af10bcfdda13191c284569deabbc91d9460a97f5f9d670d8247985c221,class_reliability_gamma_1p000,,1.0,
class_reliability_gamma_1p000,class_scaled_raw,True,0.2,0.7794750937943531,0.7312579415501906,0.679456906729634,0.9906152241918665,1574,18,375,1151,0.6922885428849208,0.5676620864857058,0.5293559964411817,3d271f336deadfca78ed6b72d22096efbd86ead72609f770600db96120b568e4,992eb2abe6561ba35697b04913bed77b64a4bf086189aa5324a4c6f797e93274,class_reliability_gamma_1p000,,1.0,
class_reliability_gamma_1p000,class_scaled_raw,True,0.25,0.7803100376245748,0.7708479327259986,0.6493506493506493,0.9927007299270073,1427,14,290,1100,0.6922885428849208,0.5676620864857058,0.5293559964411817,3d271f336deadfca78ed6b72d22096efbd86ead72609f770600db96120b568e4,b65b0e192d6e3cadee72a0a62eb667ffd7493fc94fd7d76e5ed0d4fe3727533b,class_reliability_gamma_1p000,,1.0,
class_reliability_gamma_1p000,class_scaled_raw,True,0.3,0.7751840126493734,0.8063516653756778,0.614521841794569,0.997393117831074,1291,5,224,1041,0.6922885428849208,0.5676620864857058,0.5293559964411817,3d271f336deadfca78ed6b72d22096efbd86ead72609f770600db96120b568e4,84c98a2b1ccbcf666e9270a48e2a416bbf6b2992271759489647553579428e36,class_reliability_gamma_1p000,,1.0,
class_reliability_gamma_1p000,class_scaled_raw,True,0.3274125868314704,0.76699624414321,0.8194444444444444,0.5920897284533648,0.9979144942648592,1224,4,198,1003,0.6922885428849208,0.5676620864857058,0.5293559964411817,3d271f336deadfca78ed6b72d22096efbd86ead72609f770600db96120b568e4,cee4a04388da71a389d1e1eee6bedb34424088046249d0dfa11c6a5e15fff991,class_reliability_gamma_1p000,,1.0,
class_reliability_gamma_1p000,class_scaled_raw,True,0.35,0.7564424617134987,0.8238297872340425,0.5714285714285714,0.9979144942648592,1175,4,184,968,0.6922885428849208,0.5676620864857058,0.5293559964411817,3d271f336deadfca78ed6b72d22096efbd86ead72609f770600db96120b568e4,565e8c50c96f249ef3ddb6615d107fd4adf867accd43000befedb09e7a834524,class_reliability_gamma_1p000,,1.0,
class_reliability_gamma_1p000,class_scaled_raw,True,0.4,0.7372194969284303,0.8434864104967198,0.5312868949232585,0.9984358706986444,1067,3,149,900,0.6922885428849208,0.5676620864857058,0.5293559964411817,3d271f336deadfca78ed6b72d22096efbd86ead72609f770600db96120b568e4,af36bff009065d47abf195ad3de1f2d7a31d376347db7f7012c0ad75eeb1beb4,class_reliability_gamma_1p000,,1.0,
class_reliability_gamma_1p000,class_scaled_raw,True,0.5,0.6946529260940939,0.8943089430894309,0.45454545454545453,0.9994786235662148,861,1,83,770,0.6922885428849208,0.5676620864857058,0.5293559964411817,3d271f336deadfca78ed6b72d22096efbd86ead72609f770600db96120b568e4,e342c5b31622830158895d78f2b98fd8c7be214f454cc26bfc85efcfadb71ab6,class_reliability_gamma_1p000,,1.0,
class_reliability_gamma_1p000,class_scaled_raw,True,0.6,0.6122866894197952,0.9373040752351097,0.3530106257378985,1.0,638,0,37,598,0.6922885428849208,0.5676620864857058,0.5293559964411817,3d271f336deadfca78ed6b72d22096efbd86ead72609f770600db96120b568e4,0ce80d3d123e26b9fd115a316c2053f091dfd6471bc4f325a46dbb6543f4d386,class_reliability_gamma_1p000,,1.0,
class_reliability_gamma_1p000,class_scaled_raw,True,0.6113553242981165,0.6029106029106029,0.9477124183006536,0.34238488783943327,1.0,612,0,29,580,0.6922885428849208,0.5676620864857058,0.5293559964411817,3d271f336deadfca78ed6b72d22096efbd86ead72609f770600db96120b568e4,ccdcde1bd15f78a5cebe9af40b006d90848ad1ac38c2175610ecdae9691028bb,class_reliability_gamma_1p000,,1.0,
class_reliability_gamma_1p000,class_scaled_raw,True,0.7,0.4752,0.9658536585365853,0.23376623376623376,1.0,410,0,12,396,0.6922885428849208,0.5676620864857058,0.5293559964411817,3d271f336deadfca78ed6b72d22096efbd86ead72609f770600db96120b568e4,f5456e2374f16e5cc5cd5c5000a3bb9dcf5008f98f8526c2d979f9fffcad7b47,class_reliability_gamma_1p000,,1.0,
class_reliability_gamma_1p000,class_scaled_raw,True,0.8,0.09146341463414633,1.0,0.032467532467532464,1.0,55,0,0,55,0.6922885428849208,0.5676620864857058,0.5293559964411817,3d271f336deadfca78ed6b72d22096efbd86ead72609f770600db96120b568e4,29ab1ecf680d2a27ebbf4c581d36141153ad0e309e03a189da6427a1a2f88ca1,class_reliability_gamma_1p000,,1.0,
class_reliability_gamma_1p000,class_scaled_raw,True,0.9,0.01750291715285881,1.0,0.0059031877213695395,1.0,10,0,0,10,0.6922885428849208,0.5676620864857058,0.5293559964411817,3d271f336deadfca78ed6b72d22096efbd86ead72609f770600db96120b568e4,329a54168e8e69877b946645b3fe670c871d5d604974b9abda9ede1955876b10,class_reliability_gamma_1p000,,1.0,
class_reliability_gamma_1p000,class_scaled_raw,True,0.9350587129592896,0.001768867924528302,1.0,0.0005903187721369539,1.0,1,0,0,1,0.6922885428849208,0.5676620864857058,0.5293559964411817,3d271f336deadfca78ed6b72d22096efbd86ead72609f770600db96120b568e4,239ab002d1058bd296a165554fdaec3ecca3f23739c212443910c2f177f69003,class_reliability_gamma_1p000,,1.0,
raw_light_geom_gate_0p050,light_geometry_gate,False,0.002043234667400595,0.33190329005132446,0.15347721822541965,0.8311688311688312,0.7575599582898853,9174,465,6917,1408,0.6922769593309506,0.5676849800475592,0.5293516328349737,bb5b6361aa29219cb0ed2b4ef2e138d7a769fb5f1c1f321b8d09ee84492d0588,e6d9615a64f406ad1883ba17baea757438366558aa55cee8c166b7da21e8a865,raw_light_geom_gate_0p050,,,0.05
raw_light_geom_gate_0p050,light_geometry_gate,False,0.006235716851449803,0.4391373863716459,0.22694571615434925,0.8193624557260921,0.8300312825860271,6116,326,4148,1388,0.6922769593309506,0.5676849800475592,0.5293516328349737,bb5b6361aa29219cb0ed2b4ef2e138d7a769fb5f1c1f321b8d09ee84492d0588,7d47baa8aef88f61f788f6dbc657b236167d83d22552c44d8295ed4497386a78,raw_light_geom_gate_0p050,,,0.05
raw_light_geom_gate_0p050,light_geometry_gate,False,0.026768941451025336,0.5927541315361347,0.367574931880109,0.7963400236127509,0.921793534932221,3670,150,2042,1349,0.6922769593309506,0.5676849800475592,0.5293516328349737,bb5b6361aa29219cb0ed2b4ef2e138d7a769fb5f1c1f321b8d09ee84492d0588,ecd30ca6cd7efd203c95296c44ddaa3c996ac3514665e501a7a7906cb4ef011f,raw_light_geom_gate_0p050,,,0.05
raw_light_geom_gate_0p050,light_geometry_gate,False,0.05,0.6636008554845797,0.4574688796680498,0.78099173553719,0.9483837330552659,2892,99,1381,1323,0.6922769593309506,0.5676849800475592,0.5293516328349737,bb5b6361aa29219cb0ed2b4ef2e138d7a769fb5f1c1f321b8d09ee84492d0588,e805ecac6295cd74b6b37292106364c10bc3446ef067ee3ba10c5f55b6394baf,raw_light_geom_gate_0p050,,,0.05
raw_light_geom_gate_0p050,light_geometry_gate,False,0.08053577044588271,0.7068389654421503,0.5288107887208827,0.7638724911452184,0.9577685088633994,2447,81,1000,1294,0.6922769593309506,0.5676849800475592,0.5293516328349737,bb5b6361aa29219cb0ed2b4ef2e138d7a769fb5f1c1f321b8d09ee84492d0588,00062a6e94a3d851e148713e0370d0d126eb7886bc38a2cc05c4163051692561,raw_light_geom_gate_0p050,,,0.05
raw_light_geom_gate_0p050,light_geometry_gate,False,0.1,0.7231059971332668,0.5602805786935554,0.7544273907910272,0.9629822732012513,2281,71,866,1278,0.6922769593309506,0.5676849800475592,0.5293516328349737,bb5b6361aa29219cb0ed2b4ef2e138d7a769fb5f1c1f321b8d09ee84492d0588,997f96a36a3c4bd7f745a7b8596c8afe4fbc558c0c46c58c06feedc614dfc5b1,raw_light_geom_gate_0p050,,,0.05
raw_light_geom_gate_0p050,light_geometry_gate,False,0.15,0.7518180683051169,0.6234351527290937,0.7349468713105076,0.9749739311783108,1997,48,654,1245,0.6922769593309506,0.5676849800475592,0.5293516328349737,bb5b6361aa29219cb0ed2b4ef2e138d7a769fb5f1c1f321b8d09ee84492d0588,68eabc595ad7a17a2767c1a31d6806f209d1787cff56bff174665142245f8fec,raw_light_geom_gate_0p050,,,0.05
raw_light_geom_gate_0p050,light_geometry_gate,False,0.2,0.7683926174146313,0.6720221606648199,0.7160566706021252,0.9807090719499478,1805,37,513,1213,0.6922769593309506,0.5676849800475592,0.5293516328349737,bb5b6361aa29219cb0ed2b4ef2e138d7a769fb5f1c1f321b8d09ee84492d0588,f0b39837fab97ab1236cc5febd8f1dc66ee4b27dd2dd114de993d398aaa9c93b,raw_light_geom_gate_0p050,,,0.05
raw_light_geom_gate_0p050,light_geometry_gate,False,0.25,0.7816113210243392,0.7198538367844093,0.6977567886658795,0.9843587069864442,1642,30,397,1182,0.6922769593309506,0.5676849800475592,0.5293516328349737,bb5b6361aa29219cb0ed2b4ef2e138d7a769fb5f1c1f321b8d09ee84492d0588,e7e2591ccef615d31f57dac0147044c3420777773d76808a2349711b68687e8b,raw_light_geom_gate_0p050,,,0.05
raw_light_geom_gate_0p050,light_geometry_gate,False,0.3,0.7872831009600894,0.7537655533726261,0.679456906729634,0.9880083420229405,1527,23,327,1151,0.6922769593309506,0.5676849800475592,0.5293516328349737,bb5b6361aa29219cb0ed2b4ef2e138d7a769fb5f1c1f321b8d09ee84492d0588,73db7836b7c9e9d9012d563592da486b6ee59d313811cc3a19246b8939acbe6d,raw_light_geom_gate_0p050,,,0.05
raw_light_geom_gate_0p050,light_geometry_gate,False,0.35,0.7882871578603486,0.7811188811188812,0.6593860684769776,0.9911366006256517,1430,17,273,1117,0.6922769593309506,0.5676849800475592,0.5293516328349737,bb5b6361aa29219cb0ed2b4ef2e138d7a769fb5f1c1f321b8d09ee84492d0588,56383490465a80b6058f472f03e7efff20e1221e798ac9653fdf21d562c05ec3,raw_light_geom_gate_0p050,,,0.05
raw_light_geom_gate_0p050,light_geometry_gate,False,0.4,0.7831502635193848,0.8031437125748503,0.6334120425029516,0.9932221063607924,1336,13,228,1073,0.6922769593309506,0.5676849800475592,0.5293516328349737,bb5b6361aa29219cb0ed2b4ef2e138d7a769fb5f1c1f321b8d09ee84492d0588,07cc12199da74d617c9b082e7c08e26f73dd87034e395a69a3b1361acf5c9514,raw_light_geom_gate_0p050,,,0.05
raw_light_geom_gate_0p050,light_geometry_gate,False,0.4587549489860554,0.7678239600591054,0.821078431372549,0.5932703659976387,0.9963503649635036,1224,7,189,1005,0.6922769593309506,0.5676849800475592,0.5293516328349737,bb5b6361aa29219cb0ed2b4ef2e138d7a769fb5f1c1f321b8d09ee84492d0588,d71b3c0586e128d8c60b13d113cabd60d385afba4df2b3c80addc2da14b14a07,raw_light_geom_gate_0p050,,,0.05
raw_light_geom_gate_0p050,light_geometry_gate,False,0.5,0.7621703812276543,0.8427454387489139,0.5726092089728453,0.9968717413972888,1151,6,155,970,0.6922769593309506,0.5676849800475592,0.5293516328349737,bb5b6361aa29219cb0ed2b4ef2e138d7a769fb5f1c1f321b8d09ee84492d0588,ca3202aa75ef42e3d7651820d6cb9f51066240324cff91d22dbba42933828e76,raw_light_geom_gate_0p050,,,0.05
raw_light_geom_gate_0p050,light_geometry_gate,False,0.6,0.7313137848904241,0.8864809081527347,0.5070838252656434,0.9979144942648592,969,4,94,859,0.6922769593309506,0.5676849800475592,0.5293516328349737,bb5b6361aa29219cb0ed2b4ef2e138d7a769fb5f1c1f321b8d09ee84492d0588,5ad894789d9c8806c95b1d247963466b4a26998e46dc28bc624e8f1e0f605c3a,raw_light_geom_gate_0p050,,,0.05
raw_light_geom_gate_0p050,light_geometry_gate,False,0.7,0.6814399691046491,0.9274809160305344,0.43034238488783944,0.9994786235662148,786,1,49,729,0.6922769593309506,0.5676849800475592,0.5293516328349737,bb5b6361aa29219cb0ed2b4ef2e138d7a769fb5f1c1f321b8d09ee84492d0588,e186f740b5eb98a2835e061550955a1f7ca89b7c02c1c8452f0c33b1fb2ac9d7,raw_light_geom_gate_0p050,,,0.05
raw_light_geom_gate_0p050,light_geometry_gate,False,0.7967058122989344,0.6086462592049572,0.9591503267973857,0.346517119244392,0.9994786235662148,612,1,19,587,0.6922769593309506,0.5676849800475592,0.5293516328349737,bb5b6361aa29219cb0ed2b4ef2e138d7a769fb5f1c1f321b8d09ee84492d0588,176b911e69ee983d1b8d5109edc6e6aae636044d100612063436a7339400981a,raw_light_geom_gate_0p050,,,0.05
raw_light_geom_gate_0p050,light_geometry_gate,False,0.8,0.6055553776505063,0.9588138385502472,0.3435655253837072,0.9994786235662148,607,1,19,582,0.6922769593309506,0.5676849800475592,0.5293516328349737,bb5b6361aa29219cb0ed2b4ef2e138d7a769fb5f1c1f321b8d09ee84492d0588,8ddaf63c64f8285dc95893f9be0506ad88f11c241ceb43c28f6db8f0c6debb81,raw_light_geom_gate_0p050,,,0.05
raw_light_geom_gate_0p050,light_geometry_gate,False,0.9,0.4048130640309411,0.9843260188087775,0.18536009445100354,1.0,319,0,4,314,0.6922769593309506,0.5676849800475592,0.5293516328349737,bb5b6361aa29219cb0ed2b4ef2e138d7a769fb5f1c1f321b8d09ee84492d0588,8846ef1595c428b8e7b881a70189ca08599deb8fcda62aaff727500932c0bcda,raw_light_geom_gate_0p050,,,0.05
raw_light_geom_gate_0p050,light_geometry_gate,False,0.9801485339764917,0.001768867924528302,1.0,0.0005903187721369539,1.0,1,0,0,1,0.6922769593309506,0.5676849800475592,0.5293516328349737,bb5b6361aa29219cb0ed2b4ef2e138d7a769fb5f1c1f321b8d09ee84492d0588,5098974df0fb94e294f4e154de70961dd836b7c5b3e1940fcd1dc26a14016df3,raw_light_geom_gate_0p050,,,0.05
raw_light_geom_gate_0p100,light_geometry_gate,False,0.0019391278763374003,0.33190329005132446,0.15347721822541965,0.8311688311688312,0.7575599582898853,9174,465,6917,1408,0.6918802834538812,0.5676519849578195,0.5291611981235202,4208f016f73cd8876561a3f48aadd514916f489b2f26e3ca6c8a6ec8738fd853,57fbc18dd9654dafaf21f72bbb07c5723fa754245777badc721508ab745caa43,raw_light_geom_gate_0p100,,,0.1
raw_light_geom_gate_0p100,light_geometry_gate,False,0.005936285191227323,0.4391373863716459,0.22694571615434925,0.8193624557260921,0.8300312825860271,6116,326,4149,1388,0.6918802834538812,0.5676519849578195,0.5291611981235202,4208f016f73cd8876561a3f48aadd514916f489b2f26e3ca6c8a6ec8738fd853,14ac7ab33ad178332823a361eb02c430e412bfb0f01e9d1fe2aceb522e7cc831,raw_light_geom_gate_0p100,,,0.1
raw_light_geom_gate_0p100,light_geometry_gate,False,0.025732373585425454,0.5927541315361347,0.367574931880109,0.7963400236127509,0.921793534932221,3670,150,2042,1349,0.6918802834538812,0.5676519849578195,0.5291611981235202,4208f016f73cd8876561a3f48aadd514916f489b2f26e3ca6c8a6ec8738fd853,6d8bd0b0ec68a109ce7fed4afa64737bf4241daf812a69cef17b48d40966e27c,raw_light_geom_gate_0p100,,,0.1
raw_light_geom_gate_0p100,light_geometry_gate,False,0.05,0.6671803641789567,0.4625612316305108,0.7804014167650531,0.9494264859228363,2858,97,1351,1322,0.6918802834538812,0.5676519849578195,0.5291611981235202,4208f016f73cd8876561a3f48aadd514916f489b2f26e3ca6c8a6ec8738fd853,b29c28c176cd6c3ed0e97536fe1f0285a8f065aa96c684de3740d92ff041d887,raw_light_geom_gate_0p100,,,0.1
raw_light_geom_gate_0p100,light_geometry_gate,False,0.07817760955613526,0.7068389654421503,0.5288107887208827,0.7638724911452184,0.9577685088633994,2447,81,1000,1294,0.6918802834538812,0.5676519849578195,0.5291611981235202,4208f016f73cd8876561a3f48aadd514916f489b2f26e3ca6c8a6ec8738fd853,fb7415c0f64403880fd457aac24bee7b470819180477a31a5daf096f9fb92e6a,raw_light_geom_gate_0p100,,,0.1
raw_light_geom_gate_0p100,light_geometry_gate,False,0.1,0.7252289232712347,0.5646017699115045,0.7532467532467533,0.9635036496350365,2260,70,849,1276,0.6918802834538812,0.5676519849578195,0.5291611981235202,4208f016f73cd8876561a3f48aadd514916f489b2f26e3ca6c8a6ec8738fd853,bc2b5688e10ef3e8d19f7d622b3a0ee47578a94c955c0d5c57382fa3f8fa759b,raw_light_geom_gate_0p100,,,0.1
raw_light_geom_gate_0p100,light_geometry_gate,False,0.15,0.7522895444837046,0.6256926952141058,0.7331759149940968,0.9749739311783108,1985,48,645,1242,0.6918802834538812,0.5676519849578195,0.5291611981235202,4208f016f73cd8876561a3f48aadd514916f489b2f26e3ca6c8a6ec8738fd853,1df1286cd476fafb402419f2b01b072c37e12895a94625dcc80fb51a17b651b9,raw_light_geom_gate_0p100,,,0.1
raw_light_geom_gate_0p100,light_geometry_gate,False,0.2,0.7693896270801148,0.6761744966442953,0.7136953955135773,0.9812304483837331,1788,36,502,1209,0.6918802834538812,0.5676519849578195,0.5291611981235202,4208f016f73cd8876561a3f48aadd514916f489b2f26e3ca6c8a6ec8738fd853,68ce89fdc831fe9195de0731ff2d695ca8c5b86ea5a1092cc544983ac6dc5d11,raw_light_geom_gate_0p100,,,0.1
raw_light_geom_gate_0p100,light_geometry_gate,False,0.25,0.7818129481250056,0.7219840783833436,0.6959858323494688,0.9848800834202294,1633,29,393,1179,0.6918802834538812,0.5676519849578195,0.5291611981235202,4208f016f73cd8876561a3f48aadd514916f489b2f26e3ca6c8a6ec8738fd853,e4a629e79ef18c40e8cba54220f9b7c119fec0b9208974f50cad2c66c4283f73,raw_light_geom_gate_0p100,,,0.1
raw_light_geom_gate_0p100,light_geometry_gate,False,0.3,0.787286067104043,0.7549277266754271,0.6782762691853601,0.9885297184567258,1522,22,326,1149,0.6918802834538812,0.5676519849578195,0.5291611981235202,4208f016f73cd8876561a3f48aadd514916f489b2f26e3ca6c8a6ec8738fd853,03b9cb15e8192e90ee25ce616337a37aee5629934a1b4f3e02e5edf192d9ebce,raw_light_geom_gate_0p100,,,0.1
raw_light_geom_gate_0p100,light_geometry_gate,False,0.35,0.7879912363424121,0.7819074333800842,0.6582054309327037,0.9911366006256517,1426,17,271,1115,0.6918802834538812,0.5676519849578195,0.5291611981235202,4208f016f73cd8876561a3f48aadd514916f489b2f26e3ca6c8a6ec8738fd853,5a5c33c09f8a34144d417436f64cf52f6c88cdc6f68672af65ae22e39596741d,raw_light_geom_gate_0p100,,,0.1
raw_light_geom_gate_0p100,light_geometry_gate,False,0.4,0.7821062210509554,0.8027006751687922,0.6316410861865407,0.9932221063607924,1333,13,228,1070,0.6918802834538812,0.5676519849578195,0.5291611981235202,4208f016f73cd8876561a3f48aadd514916f489b2f26e3ca6c8a6ec8738fd853,2a647d822419acb952cd08c762e50025921ec301e295c6bb6cd8af05731c925c,raw_light_geom_gate_0p100,,,0.1
raw_light_geom_gate_0p100,light_geometry_gate,False,0.45700037906801433,0.7678239600591054,0.821078431372549,0.5932703659976387,0.9963503649635036,1224,7,189,1005,0.6918802834538812,0.5676519849578195,0.5291611981235202,4208f016f73cd8876561a3f48aadd514916f489b2f26e3ca6c8a6ec8738fd853,d71b3c0586e128d8c60b13d113cabd60d385afba4df2b3c80addc2da14b14a07,raw_light_geom_gate_0p100,,,0.1
raw_light_geom_gate_0p100,light_geometry_gate,False,0.5,0.7631698063517929,0.8464223385689355,0.5726092089728453,0.9968717413972888,1146,6,150,970,0.6918802834538812,0.5676519849578195,0.5291611981235202,4208f016f73cd8876561a3f48aadd514916f489b2f26e3ca6c8a6ec8738fd853,fa128ec8668061b9d1c8b725d6a63eb9b1dca32261bffd76239c36f2cab409f5,raw_light_geom_gate_0p100,,,0.1
raw_light_geom_gate_0p100,light_geometry_gate,False,0.6,0.7310852766324202,0.8872802481902792,0.5064935064935064,0.9979144942648592,967,4,93,858,0.6918802834538812,0.5676519849578195,0.5291611981235202,4208f016f73cd8876561a3f48aadd514916f489b2f26e3ca6c8a6ec8738fd853,2561f8b3b8e71ff0a1a8b502706dc781518ee2189f386bc51807dcb6c6ad80e2,raw_light_geom_gate_0p100,,,0.1
raw_light_geom_gate_0p100,light_geometry_gate,False,0.7,0.6811420241660878,0.9285714285714286,0.4297520661157025,0.9994786235662148,784,1,48,728,0.6918802834538812,0.5676519849578195,0.5291611981235202,4208f016f73cd8876561a3f48aadd514916f489b2f26e3ca6c8a6ec8738fd853,a13998249af5c387e26074113145051919f2ba5e800db023df63eee728eba91d,raw_light_geom_gate_0p100,,,0.1
raw_light_geom_gate_0p100,light_geometry_gate,False,0.7961149932616581,0.6086462592049572,0.9591503267973857,0.346517119244392,0.9994786235662148,612,1,19,587,0.6918802834538812,0.5676519849578195,0.5291611981235202,4208f016f73cd8876561a3f48aadd514916f489b2f26e3ca6c8a6ec8738fd853,176b911e69ee983d1b8d5109edc6e6aae636044d100612063436a7339400981a,raw_light_geom_gate_0p100,,,0.1
raw_light_geom_gate_0p100,light_geometry_gate,False,0.8,0.6036905334287684,0.9586092715231788,0.3417945690672963,0.9994786235662148,604,1,19,579,0.6918802834538812,0.5676519849578195,0.5291611981235202,4208f016f73cd8876561a3f48aadd514916f489b2f26e3ca6c8a6ec8738fd853,d74704b7c15444ddc4e6486c718498fb1a16fb171cf9b903fec2b072b477c1f5,raw_light_geom_gate_0p100,,,0.1
raw_light_geom_gate_0p100,light_geometry_gate,False,0.9,0.4029272492466638,0.9842271293375394,0.18417945690672963,1.0,317,0,4,312,0.6918802834538812,0.5676519849578195,0.5291611981235202,4208f016f73cd8876561a3f48aadd514916f489b2f26e3ca6c8a6ec8738fd853,ea943fb8b25f507a66993a345ad87d7fe2cc142846a9b666724f1b96f7ece0e3,raw_light_geom_gate_0p100,,,0.1
raw_light_geom_gate_0p100,light_geometry_gate,False,0.9800920685061145,0.001768867924528302,1.0,0.0005903187721369539,1.0,1,0,0,1,0.6918802834538812,0.5676519849578195,0.5291611981235202,4208f016f73cd8876561a3f48aadd514916f489b2f26e3ca6c8a6ec8738fd853,5098974df0fb94e294f4e154de70961dd836b7c5b3e1940fcd1dc26a14016df3,raw_light_geom_gate_0p100,,,0.1
raw_light_geom_gate_0p200,light_geometry_gate,False,0.0017301342603604378,0.33183649258051373,0.15347721822541965,0.8311688311688312,0.7565172054223149,9174,467,6915,1408,0.6919859726172155,0.5676922914105431,0.529320708549366,49fef740b45b3fa81ac9d04a70a958bb461ec958c5a2583ca0639989231a6593,c2f937592ffb999ed48b052bbe48246ad7248837bcf308d67bf6b17c5f6f3140,raw_light_geom_gate_0p200,,,0.2
raw_light_geom_gate_0p200,light_geometry_gate,False,0.005321733322039587,0.43918600664719487,0.22694571615434925,0.8193624557260921,0.8305526590198123,6116,325,4149,1388,0.6919859726172155,0.5676922914105431,0.529320708549366,49fef740b45b3fa81ac9d04a70a958bb461ec958c5a2583ca0639989231a6593,e6380287df9ab1f228179da26e359c759a81ad59050437e4dd5a331befd4b75f,raw_light_geom_gate_0p200,,,0.2
raw_light_geom_gate_0p200,light_geometry_gate,False,0.023572497468420175,0.5925522924989138,0.3673024523160763,0.7957497048406139,0.9228362877997914,3670,148,2047,1348,0.6919859726172155,0.5676922914105431,0.529320708549366,49fef740b45b3fa81ac9d04a70a958bb461ec958c5a2583ca0639989231a6593,ae58dce0b24a6a91bcb0e4bdf01e9dc3d1c6da38c83ba35e5a3bdc407b86a4e5,raw_light_geom_gate_0p200,,,0.2
raw_light_geom_gate_0p200,light_geometry_gate,False,0.05,0.6748435993452474,0.4737975592246949,0.7792207792207793,0.9509906152241918,2786,94,1289,1320,0.6919859726172155,0.5676922914105431,0.529320708549366,49fef740b45b3fa81ac9d04a70a958bb461ec958c5a2583ca0639989231a6593,a880a21c2e8ac0f20a51c213b9fb4846ca4a27b16a2b1d42e6c19e4dad26d393,raw_light_geom_gate_0p200,,,0.2
raw_light_geom_gate_0p200,light_geometry_gate,False,0.07350869116930997,0.7073454814319372,0.5292194523906825,0.7644628099173554,0.9582898852971846,2447,80,1000,1295,0.6919859726172155,0.5676922914105431,0.529320708549366,49fef740b45b3fa81ac9d04a70a958bb461ec958c5a2583ca0639989231a6593,dce65d661d11579d1abe8207516d3cfd5f41ae39eb3fd207c6c49bc487f91e16,raw_light_geom_gate_0p200,,,0.2
raw_light_geom_gate_0p200,light_geometry_gate,False,0.1,0.7275881258872438,0.5711071107110711,0.7491145218417946,0.9640250260688217,2222,69,822,1269,0.6919859726172155,0.5676922914105431,0.529320708549366,49fef740b45b3fa81ac9d04a70a958bb461ec958c5a2583ca0639989231a6593,8e4002ca18e79fefee0bc49916ac8eb81000d95f00649bda0afd52d95ca8e3d9,raw_light_geom_gate_0p200,,,0.2
raw_light_geom_gate_0p200,light_geometry_gate,False,0.15,0.7560340067447624,0.6344086021505376,0.731404958677686,0.9760166840458812,1953,46,621,1239,0.6919859726172155,0.5676922914105431,0.529320708549366,49fef740b45b3fa81ac9d04a70a958bb461ec958c5a2583ca0639989231a6593,808eeec911b1a0cc548723b3107cca8826e0ed53127241f154d65cc7dd47d060,raw_light_geom_gate_0p200,,,0.2
raw_light_geom_gate_0p200,light_geometry_gate,False,0.2,0.7710672889163862,0.6811512415349887,0.7125147579693034,0.9812304483837331,1772,36,488,1207,0.6919859726172155,0.5676922914105431,0.529320708549366,49fef740b45b3fa81ac9d04a70a958bb461ec958c5a2583ca0639989231a6593,016f4f40bf55dd53623c030d0c45b045f346d6df00da24fdc89979f3302e5fb1,raw_light_geom_gate_0p200,,,0.2
raw_light_geom_gate_0p200,light_geometry_gate,False,0.25,0.7821884130088831,0.7245841035120147,0.6942148760330579,0.9854014598540146,1623,28,387,1176,0.6919859726172155,0.5676922914105431,0.529320708549366,49fef740b45b3fa81ac9d04a70a958bb461ec958c5a2583ca0639989231a6593,17e350ef563ecdf2202f449aa1c83a14597dd938ce43e84d863d2573e5561b72,raw_light_geom_gate_0p200,,,0.2
raw_light_geom_gate_0p200,light_geometry_gate,False,0.3,0.7880097179676773,0.7580964970257766,0.6770956316410862,0.9890510948905109,1513,21,320,1147,0.6919859726172155,0.5676922914105431,0.529320708549366,49fef740b45b3fa81ac9d04a70a958bb461ec958c5a2583ca0639989231a6593,b10f30f1d53dcb8ba3803c28ea8b94ec87da90ce580a7ddfbd059ae619101e39,raw_light_geom_gate_0p200,,,0.2
raw_light_geom_gate_0p200,light_geometry_gate,False,0.35,0.7889594184769836,0.7869780608634112,0.6564344746162928,0.9916579770594369,1413,16,262,1112,0.6919859726172155,0.5676922914105431,0.529320708549366,49fef740b45b3fa81ac9d04a70a958bb461ec958c5a2583ca0639989231a6593,c54b25d71180aac49afaaf146fc0cd056f3881458cd5d20fd1c642af463457cf,raw_light_geom_gate_0p200,,,0.2
raw_light_geom_gate_0p200,light_geometry_gate,False,0.4,0.7834672309689098,0.8063300678221552,0.6316410861865407,0.9942648592283628,1327,11,223,1070,0.6919859726172155,0.5676922914105431,0.529320708549366,49fef740b45b3fa81ac9d04a70a958bb461ec958c5a2583ca0639989231a6593,0ed83f7016b2cc87eca64965893a8e4d3022208d2e784833f3225e507e535eb7,raw_light_geom_gate_0p200,,,0.2
raw_light_geom_gate_0p200,light_geometry_gate,False,0.45343513530229274,0.7689588748867167,0.8227124183006536,0.5944510035419126,0.9963503649635036,1224,7,187,1007,0.6919859726172155,0.5676922914105431,0.529320708549366,49fef740b45b3fa81ac9d04a70a958bb461ec958c5a2583ca0639989231a6593,98287afbe0ecdb53faed46eee78cbe6e1195689f6d5633ed8d1983e8f72ea630,raw_light_geom_gate_0p200,,,0.2
raw_light_geom_gate_0p200,light_geometry_gate,False,0.5,0.7628260231494816,0.8503521126760564,0.5702479338842975,0.9968717413972888,1136,6,146,966,0.6919859726172155,0.5676922914105431,0.529320708549366,49fef740b45b3fa81ac9d04a70a958bb461ec958c5a2583ca0639989231a6593,9c5018a0ac56b0b87acd3f9d30153d8a75e1c8e3992ab6139bac9f4b8277149c,raw_light_geom_gate_0p200,,,0.2
raw_light_geom_gate_0p200,light_geometry_gate,False,0.6,0.7301894824015085,0.8887733887733887,0.5047225501770957,0.9979144942648592,962,4,92,855,0.6919859726172155,0.5676922914105431,0.529320708549366,49fef740b45b3fa81ac9d04a70a958bb461ec958c5a2583ca0639989231a6593,4d7cd8eaccf755336ca01e6794699476f3cda28e776071e1857a25fbc8dadac1,raw_light_geom_gate_0p200,,,0.2
raw_light_geom_gate_0p200,light_geometry_gate,False,0.7,0.6808435210730452,0.9296675191815856,0.42916174734356555,0.9994786235662148,782,1,47,727,0.6919859726172155,0.5676922914105431,0.529320708549366,49fef740b45b3fa81ac9d04a70a958bb461ec958c5a2583ca0639989231a6593,6730a0a7abc2df7d9b09c588c6cff15b32f75f2fcfc87acff85ddec85b8aeb40,raw_light_geom_gate_0p200,,,0.2
raw_light_geom_gate_0p200,light_geometry_gate,False,0.7949314841266293,0.6086462592049572,0.9591503267973857,0.346517119244392,0.9994786235662148,612,1,19,587,0.6919859726172155,0.5676922914105431,0.529320708549366,49fef740b45b3fa81ac9d04a70a958bb461ec958c5a2583ca0639989231a6593,20a5d73ffef195b84e32327791028823774c61ae8ee653d24a3c82dc577de764,raw_light_geom_gate_0p200,,,0.2
raw_light_geom_gate_0p200,light_geometry_gate,False,0.8,0.6026527182716359,0.9600665557404326,0.34061393152302244,0.9994786235662148,601,1,18,577,0.6919859726172155,0.5676922914105431,0.529320708549366,49fef740b45b3fa81ac9d04a70a958bb461ec958c5a2583ca0639989231a6593,08cf0da587a53a0dcec2253fab747d3f08ca4fb61b44237616e9708f60950500,raw_light_geom_gate_0p200,,,0.2
raw_light_geom_gate_0p200,light_geometry_gate,False,0.9,0.4029272492466638,0.9842271293375394,0.18417945690672963,1.0,317,0,4,312,0.6919859726172155,0.5676922914105431,0.529320708549366,49fef740b45b3fa81ac9d04a70a958bb461ec958c5a2583ca0639989231a6593,ea943fb8b25f507a66993a345ad87d7fe2cc142846a9b666724f1b96f7ece0e3,raw_light_geom_gate_0p200,,,0.2
raw_light_geom_gate_0p200,light_geometry_gate,False,0.9799791375653603,0.001768867924528302,1.0,0.0005903187721369539,1.0,1,0,0,1,0.6919859726172155,0.5676922914105431,0.529320708549366,49fef740b45b3fa81ac9d04a70a958bb461ec958c5a2583ca0639989231a6593,5098974df0fb94e294f4e154de70961dd836b7c5b3e1940fcd1dc26a14016df3,raw_light_geom_gate_0p200,,,0.2
