score_col,mode_family,ap_rank_preserving_by_design,threshold,cal_balanced,cal_precision,cal_recall,cal_unknown_reject,cal_num_accepted,cal_unknown_false_accept,cal_background_false_accepts,cal_tp_known,cal_AP50,cal_AP75,cal_AP,stream_hash,acceptance_mask_hash,canonical_stream,alpha,gamma,beta
raw_score,raw,True,0.0021478294511325003,0.33190329005132446,0.15347721822541965,0.8311688311688312,0.7575599582898853,9174,465,6917,1408,0.6922885428849208,0.5676620864857058,0.5293559964411817,faae5a2ef32d196bb1449c81379c45faba4a326e61c2119906604288be19416e,c1e77c13b75dd33d91b0a824166ea301a1dc392aa945444d20a230d79410ec19,raw_score,,,
raw_score,raw,True,0.0065390930976718005,0.4390887157611261,0.22694571615434925,0.8193624557260921,0.829509906152242,6116,327,4147,1388,0.6922885428849208,0.5676620864857058,0.5293559964411817,faae5a2ef32d196bb1449c81379c45faba4a326e61c2119906604288be19416e,fb8a5b31f35c81b88b7b1a4909f579d6c5278cf6adf676a742ec612722034789,raw_score,,,
raw_score,raw,True,0.027845855243503984,0.5926822354849377,0.367574931880109,0.7963400236127509,0.9212721584984359,3670,151,2041,1349,0.6922885428849208,0.5676620864857058,0.5293559964411817,faae5a2ef32d196bb1449c81379c45faba4a326e61c2119906604288be19416e,fe80318d6b3cf7275add6f94549be82b0d74e393b0f5a5c2d6955a9880959f98,raw_score,,,
raw_score,raw,True,0.05,0.6603278019795884,0.4531463748290014,0.782172373081464,0.9452554744525548,2924,105,1403,1325,0.6922885428849208,0.5676620864857058,0.5293559964411817,faae5a2ef32d196bb1449c81379c45faba4a326e61c2119906604288be19416e,2635f3951ef370470ddee771a9a028dbc67307215ad007974ca2160dcc5c015f,raw_score,,,
raw_score,raw,True,0.08311327546834947,0.7067442701706178,0.5288107887208827,0.7638724911452184,0.9572471324296141,2447,82,1000,1294,0.6922885428849208,0.5676620864857058,0.5293559964411817,faae5a2ef32d196bb1449c81379c45faba4a326e61c2119906604288be19416e,cdfd1280d79cc4ee7c333e3b2f2a586ba82f344e824a59f7e965e89010e5333f,raw_score,,,
raw_score,raw,True,0.1,0.7202487074480918,0.5553625705601389,0.7550177095631642,0.9614181438998958,2303,74,884,1279,0.6922885428849208,0.5676620864857058,0.5293559964411817,faae5a2ef32d196bb1449c81379c45faba4a326e61c2119906604288be19416e,3f27c71d70aadd84d442ae6b37bce3d69b03201d531166c68f623f20f0bbfe32,raw_score,,,
raw_score,raw,True,0.15,0.7512083711620998,0.6217564870259481,0.7355371900826446,0.9749739311783108,2004,48,660,1246,0.6922885428849208,0.5676620864857058,0.5293559964411817,faae5a2ef32d196bb1449c81379c45faba4a326e61c2119906604288be19416e,c27cd83ec55573b6597b0765966e99b5aec47827567185c1b36a2c7978045b38,raw_score,,,
raw_score,raw,True,0.2,0.7672604056470537,0.6681318681318681,0.717827626918536,0.9801876955161627,1820,38,523,1216,0.6922885428849208,0.5676620864857058,0.5293559964411817,faae5a2ef32d196bb1449c81379c45faba4a326e61c2119906604288be19416e,5b33f069f55f21d197640fc7d325a9d9f777d6b99e57382fa1efe005480abd0b,raw_score,,,
raw_score,raw,True,0.25,0.780611698959404,0.7169696969696969,0.6983471074380165,0.983837330552659,1650,31,400,1183,0.6922885428849208,0.5676620864857058,0.5293559964411817,faae5a2ef32d196bb1449c81379c45faba4a326e61c2119906604288be19416e,9481017b957fb265bdfe7ee27959520a7378735414c8a4ff35a90faa3f4a4558,raw_score,,,
raw_score,raw,True,0.3,0.7865657538117894,0.751796211626388,0.679456906729634,0.9880083420229405,1531,23,331,1151,0.6922885428849208,0.5676620864857058,0.5293559964411817,faae5a2ef32d196bb1449c81379c45faba4a326e61c2119906604288be19416e,4f7a4d64931a832126483c91d4fecd1327760f850e69c053a5bb9b2981c17a79,raw_score,,,
raw_score,raw,True,0.35,0.7889146630676959,0.7804878048780488,0.6611570247933884,0.9911366006256517,1435,17,275,1120,0.6922885428849208,0.5676620864857058,0.5293559964411817,faae5a2ef32d196bb1449c81379c45faba4a326e61c2119906604288be19416e,e6a56c4b0b50c0031b306a3d888f080ececf271a9fab69c8b754fa2f31c0bea7,raw_score,,,
raw_score,raw,True,0.4,0.7842386968619103,0.8031319910514542,0.6357733175914995,0.9927007299270073,1341,14,228,1077,0.6922885428849208,0.5676620864857058,0.5293559964411817,faae5a2ef32d196bb1449c81379c45faba4a326e61c2119906604288be19416e,67d0b56b1b292af4566e0bb927c84d6d380875b424a0c1a4814c3c3d92d31869,raw_score,,,
raw_score,raw,True,0.4610013365745543,0.7678239600591054,0.821078431372549,0.5932703659976387,0.9963503649635036,1224,7,189,1005,0.6922885428849208,0.5676620864857058,0.5293559964411817,faae5a2ef32d196bb1449c81379c45faba4a326e61c2119906604288be19416e,877d38cddb7c11f043210903dae0351cf5eb3035c02a47a9b7889efd1db26f67,raw_score,,,
raw_score,raw,True,0.5,0.7624268320452201,0.8402417962003454,0.5743801652892562,0.9963503649635036,1158,7,158,973,0.6922885428849208,0.5676620864857058,0.5293559964411817,faae5a2ef32d196bb1449c81379c45faba4a326e61c2119906604288be19416e,a21974fe9131f14354b3694ea71a17e2c5f339d1f0a10117edd15e8757d83aac,raw_score,,,
raw_score,raw,True,0.6,0.7313345390630971,0.8847736625514403,0.5076741440377804,0.9979144942648592,972,4,95,860,0.6922885428849208,0.5676620864857058,0.5293559964411817,faae5a2ef32d196bb1449c81379c45faba4a326e61c2119906604288be19416e,d5ab5c28069c15a362dd474f282342a375f4536bdb32ef68fa6e1f70ed895abc,raw_score,,,
raw_score,raw,True,0.7,0.6819496453747488,0.9275730622617535,0.4309327036599764,0.9994786235662148,787,1,49,730,0.6922885428849208,0.5676620864857058,0.5293559964411817,faae5a2ef32d196bb1449c81379c45faba4a326e61c2119906604288be19416e,ff63516abfc8cd1456148f5520b2878f5a85b2b218402791cff8b6f6017ed807,raw_score,,,
raw_score,raw,True,0.7974246472120274,0.6086462592049572,0.9591503267973857,0.346517119244392,0.9994786235662148,612,1,19,587,0.6922885428849208,0.5676620864857058,0.5293559964411817,faae5a2ef32d196bb1449c81379c45faba4a326e61c2119906604288be19416e,176b911e69ee983d1b8d5109edc6e6aae636044d100612063436a7339400981a,raw_score,,,
raw_score,raw,True,0.8,0.60617526840818,0.9588815789473685,0.34415584415584416,0.9994786235662148,608,1,19,583,0.6922885428849208,0.5676620864857058,0.5293559964411817,faae5a2ef32d196bb1449c81379c45faba4a326e61c2119906604288be19416e,f957b9af3ef47f1762bc53a39906de6e2607f8ec932fd73ad6d7db40a7e94322,raw_score,,,
raw_score,raw,True,0.9,0.4057535422928295,0.984375,0.1859504132231405,1.0,320,0,4,315,0.6922885428849208,0.5676620864857058,0.5293559964411817,faae5a2ef32d196bb1449c81379c45faba4a326e61c2119906604288be19416e,7fe9c26a7281ade5e8ecc2ac50d1126c7bfda3c584430710a7ff10d74e9a5186,raw_score,,,
raw_score,raw,True,0.9802049994468688,0.001768867924528302,1.0,0.0005903187721369539,1.0,1,0,0,1,0.6922885428849208,0.5676620864857058,0.5293559964411817,faae5a2ef32d196bb1449c81379c45faba4a326e61c2119906604288be19416e,5098974df0fb94e294f4e154de70961dd836b7c5b3e1940fcd1dc26a14016df3,raw_score,,,
geometry_risk_score,geometry,False,0.024250201115989065,0.3330414174472407,0.1539132330499237,0.833530106257379,0.7627737226277372,9174,455,6997,1412,0.6903678656170555,0.565422657870848,0.5274661638419407,e4835807fced9963eb2d8ca0396f876f610e735661834ad12f4a5e6e6df5f2ed,889a2c5b7e6555b14ef69078b61db66b0f04ba1494769f4d0cbcb14dff5d7359,geometry_risk_score,,,
geometry_risk_score,geometry,False,0.05,0.41189780742639714,0.20540302451916018,0.8258559622195986,0.8305526590198123,6811,325,4860,1399,0.6903678656170555,0.565422657870848,0.5274661638419407,e4835807fced9963eb2d8ca0396f876f610e735661834ad12f4a5e6e6df5f2ed,89e4d31b69403a248fd680816e1b72025d897333317df5079c8b6d7566f791bb,geometry_risk_score,,,
geometry_risk_score,geometry,False,0.06515549399771316,0.44262183413663714,0.22743623283191627,0.8211334120425029,0.8597497393117831,6116,269,4255,1391,0.6903678656170555,0.565422657870848,0.5274661638419407,e4835807fced9963eb2d8ca0396f876f610e735661834ad12f4a5e6e6df5f2ed,214668ca663fa2eee1c254e166012b6ae51fca40815179bc87a8ae6b402dcb5d,geometry_risk_score,,,
geometry_risk_score,geometry,False,0.1,0.4946016836060181,0.2682170542635659,0.8170011806375442,0.8983315954118873,5160,195,3425,1384,0.6903678656170555,0.565422657870848,0.5274661638419407,e4835807fced9963eb2d8ca0396f876f610e735661834ad12f4a5e6e6df5f2ed,bbd25e820fc0cc1bdb0a54e1e616d2c4a78cd90b5c690a347652f209e9580aa9,geometry_risk_score,,,
geometry_risk_score,geometry,False,0.15,0.5453667892243381,0.3142660234321158,0.807556080283353,0.9254431699687174,4353,143,2713,1368,0.6903678656170555,0.565422657870848,0.5274661638419407,e4835807fced9963eb2d8ca0396f876f610e735661834ad12f4a5e6e6df5f2ed,9c64b479dce47a112b4c28faf92ed285fe16ad8e531ae105e3e6c398d8a91f31,geometry_risk_score,,,
geometry_risk_score,geometry,False,0.2,0.5829207645097653,0.35207253886010365,0.8022432113341205,0.9436913451511991,3860,108,2285,1359,0.6903678656170555,0.565422657870848,0.5274661638419407,e4835807fced9963eb2d8ca0396f876f610e735661834ad12f4a5e6e6df5f2ed,7bfc4aca7ce3bb39e4bb9f539d1d5ef8020052b3012cc02e6effdfb42672b417,geometry_risk_score,,,
geometry_risk_score,geometry,False,0.22834207265231063,0.5969676666150853,0.3681198910081744,0.7975206611570248,0.9478623566214807,3670,100,2115,1351,0.6903678656170555,0.565422657870848,0.5274661638419407,e4835807fced9963eb2d8ca0396f876f610e735661834ad12f4a5e6e6df5f2ed,ad0c649d1c6b2db678527179061540333f03464d188f59bb739f510a49722b0d,geometry_risk_score,,,
geometry_risk_score,geometry,False,0.25,0.609116880352852,0.382344592676696,0.795159386068477,0.9504692387904067,3523,95,1987,1347,0.6903678656170555,0.565422657870848,0.5274661638419407,e4835807fced9963eb2d8ca0396f876f610e735661834ad12f4a5e6e6df5f2ed,d16395ec19102042d4162dd1ccaec189d8a1cbeaa2ade1948ca6af2289f2fa9c,geometry_risk_score,,,
geometry_risk_score,geometry,False,0.3,0.6375422249899999,0.4173399627097576,0.7927981109799291,0.9541188738269031,3218,88,1700,1343,0.6903678656170555,0.565422657870848,0.5274661638419407,e4835807fced9963eb2d8ca0396f876f610e735661834ad12f4a5e6e6df5f2ed,e9322ffad99b1f5c7019d008b314257124cb08717e95de0e6d84de1dd74c2689,geometry_risk_score,,,
geometry_risk_score,geometry,False,0.35,0.6617302481045929,0.4496124031007752,0.7874852420306966,0.9619395203336809,2967,73,1479,1334,0.6903678656170555,0.565422657870848,0.5274661638419407,e4835807fced9963eb2d8ca0396f876f610e735661834ad12f4a5e6e6df5f2ed,e6eb001e673bab3fbfcdb6df2489254d3f7dfb5a99d91828561b246b27850042,geometry_risk_score,,,
geometry_risk_score,geometry,False,0.4,0.6803648652433829,0.4782766111513396,0.7798110979929161,0.9650677789363921,2762,67,1303,1321,0.6903678656170555,0.565422657870848,0.5274661638419407,e4835807fced9963eb2d8ca0396f876f610e735661834ad12f4a5e6e6df5f2ed,03e72f60fea69731c152bb0bc6e04428034524a7526e431a314c3c5b5e60f02c,geometry_risk_score,,,
geometry_risk_score,geometry,False,0.49041296457088707,0.7112105999312888,0.5304454434000817,0.7662337662337663,0.97288842544317,2447,52,1033,1298,0.6903678656170555,0.565422657870848,0.5274661638419407,e4835807fced9963eb2d8ca0396f876f610e735661834ad12f4a5e6e6df5f2ed,0981c6e17544baebb578abcc715749334d5dcf3b3d448ffc4cfa4cf9bb98ac76,geometry_risk_score,,,
geometry_risk_score,geometry,False,0.5,0.7134025557724188,0.5344046147507211,0.7656434474616293,0.97288842544317,2427,52,1015,1297,0.6903678656170555,0.565422657870848,0.5274661638419407,e4835807fced9963eb2d8ca0396f876f610e735661834ad12f4a5e6e6df5f2ed,c9db56aed646e55a650fb362cd93e54c8db3da83ca7895728f16dafa4db5b726,geometry_risk_score,,,
geometry_risk_score,geometry,False,0.6,0.7392322348961289,0.5899112564222326,0.7455726092089728,0.9786235662148071,2141,41,784,1263,0.6903678656170555,0.565422657870848,0.5274661638419407,e4835807fced9963eb2d8ca0396f876f610e735661834ad12f4a5e6e6df5f2ed,0d8bd904050ae2a93cc0c387b8d03056c9193a2c53390390c8b57a444a8ad2ab,geometry_risk_score,,,
geometry_risk_score,geometry,False,0.7,0.7635555122649665,0.6533119658119658,0.7219598583234947,0.9869655891553701,1872,25,583,1223,0.6903678656170555,0.565422657870848,0.5274661638419407,e4835807fced9963eb2d8ca0396f876f610e735661834ad12f4a5e6e6df5f2ed,e5280022d977a454dacfbae76eba7fab943b85a8ed801addce80930d8e0e301e,geometry_risk_score,,,
geometry_risk_score,geometry,False,0.8,0.7846931112555763,0.7268232385661311,0.6942148760330579,0.9932221063607924,1618,13,396,1176,0.6903678656170555,0.565422657870848,0.5274661638419407,e4835807fced9963eb2d8ca0396f876f610e735661834ad12f4a5e6e6df5f2ed,79c1f2a20d01ab9d03ca145980c58ad3c945883a98d21bb6793a735349a5fe9b,geometry_risk_score,,,
geometry_risk_score,geometry,False,0.9,0.7822143005530474,0.8086890243902439,0.6263282172373081,0.9979144942648592,1312,4,228,1061,0.6903678656170555,0.565422657870848,0.5274661638419407,e4835807fced9963eb2d8ca0396f876f610e735661834ad12f4a5e6e6df5f2ed,f78696e6c77e5a24c49877a45ce1c09d2c43f131b9c725bbf5cf2b0d6359a915,geometry_risk_score,,,
geometry_risk_score,geometry,False,0.9182574619016239,0.7756003784367443,0.8316993464052288,0.6009445100354192,0.9984358706986444,1224,3,187,1018,0.6903678656170555,0.565422657870848,0.5274661638419407,e4835807fced9963eb2d8ca0396f876f610e735661834ad12f4a5e6e6df5f2ed,5368858da829c68be5d07b881827bc7aa28d666ab3eb76b3592a818d7712f732,geometry_risk_score,,,
geometry_risk_score,geometry,False,0.9838410601746692,0.6070563818747838,0.9558823529411765,0.34533648170011805,1.0,612,0,25,585,0.6903678656170555,0.565422657870848,0.5274661638419407,e4835807fced9963eb2d8ca0396f876f610e735661834ad12f4a5e6e6df5f2ed,36f0ec3af1f03fc5508f0bbcae2f4a5a916b511334cba372d6b31b7a6eb7d9ba,geometry_risk_score,,,
geometry_risk_score,geometry,False,0.9991089777194903,0.001768867924528302,1.0,0.0005903187721369539,1.0,1,0,0,1,0.6903678656170555,0.565422657870848,0.5274661638419407,e4835807fced9963eb2d8ca0396f876f610e735661834ad12f4a5e6e6df5f2ed,5098974df0fb94e294f4e154de70961dd836b7c5b3e1940fcd1dc26a14016df3,geometry_risk_score,,,
geometry_alpha_0p050,alpha_blend,False,0.0034125921227780454,0.33227234867984995,0.15369522563767168,0.8323494687131051,0.7570385818561001,9174,466,6923,1410,0.6919753482223359,0.5677737816667447,0.5293369979586184,36b6aa8f9cefaa97ce4cb99799f806990c27f2371e36ec5c49cee9330ce39660,95c8ff05ad0c0e5a01b2e60682d22c569e1f8df2999b2dc8a3c61f7858360ada,geometry_alpha_0p050,0.05,,
geometry_alpha_0p050,alpha_blend,False,0.009689593856872587,0.43966945806947805,0.22694571615434925,0.8193624557260921,0.8357664233576643,6116,315,4173,1388,0.6919753482223359,0.5677737816667447,0.5293369979586184,36b6aa8f9cefaa97ce4cb99799f806990c27f2371e36ec5c49cee9330ce39660,c70cbc89b5961520a8012e6a6507f9a6baafc67b129b8dc32af273363b9f3322,geometry_alpha_0p050,0.05,,
geometry_alpha_0p050,alpha_blend,False,0.03799298400478575,0.5950673252588132,0.3686648501362398,0.7987012987012987,0.9285714285714286,3670,137,2058,1353,0.6919753482223359,0.5677737816667447,0.5293369979586184,36b6aa8f9cefaa97ce4cb99799f806990c27f2371e36ec5c49cee9330ce39660,724c927195ab53095252eb2de27c9be2a513d45d73912d47b13c223a73fbe342,geometry_alpha_0p050,0.05,,
geometry_alpha_0p050,alpha_blend,False,0.05,0.628177152117281,0.40853658536585363,0.7910271546635183,0.9400417101147028,3280,115,1721,1340,0.6919753482223359,0.5677737816667447,0.5293369979586184,36b6aa8f9cefaa97ce4cb99799f806990c27f2371e36ec5c49cee9330ce39660,fde3d13857be4aa369aa7cbee55e0b484b072613b95667d2084c03f2922df7cb,geometry_alpha_0p050,0.05,,
geometry_alpha_0p050,alpha_blend,False,0.1,0.7058756262831493,0.5254854368932039,0.7668240850059032,0.9588112617309698,2472,79,1021,1299,0.6919753482223359,0.5677737816667447,0.5293369979586184,36b6aa8f9cefaa97ce4cb99799f806990c27f2371e36ec5c49cee9330ce39660,999e44c7049e68b2dec7bc1915e09c416c51a12815774667cc5a841d93f03cec,geometry_alpha_0p050,0.05,,
geometry_alpha_0p050,alpha_blend,False,0.10229897927063632,0.708675219050471,0.5304454434000817,0.7662337662337663,0.9588112617309698,2447,79,998,1298,0.6919753482223359,0.5677737816667447,0.5293369979586184,36b6aa8f9cefaa97ce4cb99799f806990c27f2371e36ec5c49cee9330ce39660,0bdee0abff45f6123df6f78ba93a180981c1cbfe463aa656116c366f365a164f,geometry_alpha_0p050,0.05,,
geometry_alpha_0p050,alpha_blend,False,0.15,0.737508673000461,0.5917215428033866,0.7426210153482881,0.9697601668404588,2126,58,754,1258,0.6919753482223359,0.5677737816667447,0.5293369979586184,36b6aa8f9cefaa97ce4cb99799f806990c27f2371e36ec5c49cee9330ce39660,5d8653353e409084622bc4cdfbd49f269643b9efc9ff3fc65d2a57cdd43160da,geometry_alpha_0p050,0.05,,
geometry_alpha_0p050,alpha_blend,False,0.2,0.7620107885827414,0.6486059968437664,0.7278630460448642,0.9791449426485923,1901,40,581,1233,0.6919753482223359,0.5677737816667447,0.5293369979586184,36b6aa8f9cefaa97ce4cb99799f806990c27f2371e36ec5c49cee9330ce39660,ed77eda4e12dd2b73cd01298d7efe7194a8beb31cebfeffaaeb3e9e714394a29,geometry_alpha_0p050,0.05,,
geometry_alpha_0p050,alpha_blend,False,0.25,0.772526489060777,0.6892980437284235,0.7072018890200709,0.9817518248175182,1738,35,465,1198,0.6919753482223359,0.5677737816667447,0.5293369979586184,36b6aa8f9cefaa97ce4cb99799f806990c27f2371e36ec5c49cee9330ce39660,01eaebbfd43cfa2c800fb27860563be0d59f50652d1683918dc3c05ace6265f4,geometry_alpha_0p050,0.05,,
geometry_alpha_0p050,alpha_blend,False,0.3,0.7852211581164302,0.7358490566037735,0.6906729634002361,0.986444212721585,1590,26,365,1170,0.6919753482223359,0.5677737816667447,0.5293369979586184,36b6aa8f9cefaa97ce4cb99799f806990c27f2371e36ec5c49cee9330ce39660,cd7bd36943801b01640d53c4db136f9610c8dde8f9f3092298b22f0d942ba927,geometry_alpha_0p050,0.05,,
geometry_alpha_0p050,alpha_blend,False,0.35,0.788087449629561,0.7635632953784327,0.6729634002361276,0.9890510948905109,1493,21,307,1140,0.6919753482223359,0.5677737816667447,0.5293369979586184,36b6aa8f9cefaa97ce4cb99799f806990c27f2371e36ec5c49cee9330ce39660,ef5d5187b7514af1e30868e56fefec258944e05914d2f63637bd8574d4e0b31c,geometry_alpha_0p050,0.05,,
geometry_alpha_0p050,alpha_blend,False,0.4,0.7878359413744711,0.7950760318609703,0.6481700118063755,0.9927007299270073,1381,14,246,1098,0.6919753482223359,0.5677737816667447,0.5293369979586184,36b6aa8f9cefaa97ce4cb99799f806990c27f2371e36ec5c49cee9330ce39660,ab8cfcbb741ea4cc284bf2f4effbc5c579c60f2ef2030a7efa85503ef431dd57,geometry_alpha_0p050,0.05,,
geometry_alpha_0p050,alpha_blend,False,0.48384352781723716,0.7678239600591054,0.821078431372549,0.5932703659976387,0.9963503649635036,1224,7,189,1005,0.6919753482223359,0.5677737816667447,0.5293369979586184,36b6aa8f9cefaa97ce4cb99799f806990c27f2371e36ec5c49cee9330ce39660,b590ce873eecc653691c3294d2b99a5eea3b35db362c07d18c89454294cd553d,geometry_alpha_0p050,0.05,,
geometry_alpha_0p050,alpha_blend,False,0.5,0.7664900246141596,0.8315171835708298,0.5855962219598583,0.9963503649635036,1193,7,173,992,0.6919753482223359,0.5677737816667447,0.5293369979586184,36b6aa8f9cefaa97ce4cb99799f806990c27f2371e36ec5c49cee9330ce39660,dab33e7110f6b7f75d9315e3db29171315444952375c27bbfc5482801fec04c2,geometry_alpha_0p050,0.05,,
geometry_alpha_0p050,alpha_blend,False,0.6,0.7369144720861837,0.8796389167502507,0.5177095631641087,0.997393117831074,997,5,99,877,0.6919753482223359,0.5677737816667447,0.5293369979586184,36b6aa8f9cefaa97ce4cb99799f806990c27f2371e36ec5c49cee9330ce39660,287718bf1311c7faa1abb9ab40626a9ea2696eb394c7086de34d5912def8612a,geometry_alpha_0p050,0.05,,
geometry_alpha_0p050,alpha_blend,False,0.7,0.6891690206570182,0.9244114002478315,0.44037780401416765,0.9994786235662148,807,1,53,746,0.6919753482223359,0.5677737816667447,0.5293369979586184,36b6aa8f9cefaa97ce4cb99799f806990c27f2371e36ec5c49cee9330ce39660,3acd3e6c1686934a409bb6b96fee56a6ce26e96edb6ff2608f0217c025ec0547,geometry_alpha_0p050,0.05,,
geometry_alpha_0p050,alpha_blend,False,0.8,0.6153451112037196,0.9553429027113237,0.35360094451003543,0.9994786235662148,627,1,22,599,0.6919753482223359,0.5677737816667447,0.5293369979586184,36b6aa8f9cefaa97ce4cb99799f806990c27f2371e36ec5c49cee9330ce39660,fbf26bf8abb92db3a47e5aca4a3e17e17bd50f6b61662e7a1bd9435c492b5e0e,geometry_alpha_0p050,0.05,,
geometry_alpha_0p050,alpha_blend,False,0.8064738165289452,0.6086462592049572,0.9591503267973857,0.346517119244392,0.9994786235662148,612,1,19,587,0.6919753482223359,0.5677737816667447,0.5293369979586184,36b6aa8f9cefaa97ce4cb99799f806990c27f2371e36ec5c49cee9330ce39660,176b911e69ee983d1b8d5109edc6e6aae636044d100612063436a7339400981a,geometry_alpha_0p050,0.05,,
geometry_alpha_0p050,alpha_blend,False,0.9,0.41966935142009326,0.9850746268656716,0.19480519480519481,1.0,335,0,4,330,0.6919753482223359,0.5677737816667447,0.5293369979586184,36b6aa8f9cefaa97ce4cb99799f806990c27f2371e36ec5c49cee9330ce39660,6f520502ad4f5d157e8a396b7345bad715af6c3e226c126099c57f5cfcd6e048,geometry_alpha_0p050,0.05,,
geometry_alpha_0p050,alpha_blend,False,0.9811501983604998,0.001768867924528302,1.0,0.0005903187721369539,1.0,1,0,0,1,0.6919753482223359,0.5677737816667447,0.5293369979586184,36b6aa8f9cefaa97ce4cb99799f806990c27f2371e36ec5c49cee9330ce39660,5098974df0fb94e294f4e154de70961dd836b7c5b3e1940fcd1dc26a14016df3,geometry_alpha_0p050,0.05,,
geometry_alpha_0p100,alpha_blend,False,0.004600454402039052,0.3324735049117108,0.1538042293437977,0.832939787485242,0.7570385818561001,9174,466,6936,1411,0.6919165927850226,0.5676215126605867,0.5292296058154264,2f798c0bac019519b8ec1c1288c393f028884bcf0c841a5845473af82ea1e4ce,72a7bd755253cdd4d408b2ae00b922f2780cb8ff06dc82c4363ed548497bf511,geometry_alpha_0p100,0.1,,
geometry_alpha_0p100,alpha_blend,False,0.012718094740792121,0.4398135250381387,0.22694571615434925,0.8193624557260921,0.8373305526590198,6116,312,4187,1388,0.6919165927850226,0.5676215126605867,0.5292296058154264,2f798c0bac019519b8ec1c1288c393f028884bcf0c841a5845473af82ea1e4ce,5053a8cbfa78780ff25e9f6d30b25326fed80e35109a710418ffcc8339e977f7,geometry_alpha_0p100,0.1,,
geometry_alpha_0p100,alpha_blend,False,0.048616610271865694,0.595218897488897,0.3683923705722071,0.7981109799291618,0.9322210636079249,3670,130,2068,1352,0.6919165927850226,0.5676215126605867,0.5292296058154264,2f798c0bac019519b8ec1c1288c393f028884bcf0c841a5845473af82ea1e4ce,f67138d47c9c340ad77bd82edceb1beae34b222cc073b82b59dc215528cea869,geometry_alpha_0p100,0.1,,
geometry_alpha_0p100,alpha_blend,False,0.05,0.5999835040283855,0.37361725663716816,0.7975206611570248,0.9348279457768509,3616,125,2023,1351,0.6919165927850226,0.5676215126605867,0.5292296058154264,2f798c0bac019519b8ec1c1288c393f028884bcf0c841a5845473af82ea1e4ce,6882f0ce1a740fe2b6d370963f08092ed3f140eb1420cb1ccbaa7705b052396b,geometry_alpha_0p100,0.1,,
geometry_alpha_0p100,alpha_blend,False,0.1,0.6879438588888667,0.4932483120780195,0.7762691853600945,0.956725755995829,2666,83,1190,1315,0.6919165927850226,0.5676215126605867,0.5292296058154264,2f798c0bac019519b8ec1c1288c393f028884bcf0c841a5845473af82ea1e4ce,2e0b20f08a26ab68937b49158fe61f26ed1de11f541e05c02dacee2d07160ccc,geometry_alpha_0p100,0.1,,
geometry_alpha_0p100,alpha_blend,False,0.12189535380571297,0.7084189185465787,0.5296281160604822,0.7650531286894924,0.9619395203336809,2447,73,1008,1296,0.6919165927850226,0.5676215126605867,0.5292296058154264,2f798c0bac019519b8ec1c1288c393f028884bcf0c841a5845473af82ea1e4ce,bfc77c1bc952dceaf46d1ca33e73d1347d3a26ea2f4c8ecf1d52dac701d90204,geometry_alpha_0p100,0.1,,
geometry_alpha_0p100,alpha_blend,False,0.15,0.7252938229338455,0.5641592920353983,0.7526564344746163,0.9661105318039624,2260,65,861,1275,0.6919165927850226,0.5676215126605867,0.5292296058154264,2f798c0bac019519b8ec1c1288c393f028884bcf0c841a5845473af82ea1e4ce,ad0438a519fc8c2c2988a9945c531479be274ab5a11ef2dc3a0870c2bc17efbf,geometry_alpha_0p100,0.1,,
geometry_alpha_0p100,alpha_blend,False,0.2,0.752528297378907,0.6236236236236237,0.7355371900826446,0.9770594369134515,1998,44,659,1246,0.6919165927850226,0.5676215126605867,0.5292296058154264,2f798c0bac019519b8ec1c1288c393f028884bcf0c841a5845473af82ea1e4ce,924126ff5d736da0fb4b5fe7d51f97431f1a195b209f4d64a1d6b1ae9e8a9bbc,geometry_alpha_0p100,0.1,,
geometry_alpha_0p100,alpha_blend,False,0.25,0.7679064409621761,0.6696035242290749,0.717827626918536,0.9801876955161627,1816,38,520,1216,0.6919165927850226,0.5676215126605867,0.5292296058154264,2f798c0bac019519b8ec1c1288c393f028884bcf0c841a5845473af82ea1e4ce,072d18a3771bfe2096d5966575f7a6fc2ccbdd4b404260d56894b61a54094a52,geometry_alpha_0p100,0.1,,
geometry_alpha_0p100,alpha_blend,False,0.3,0.7820833950506904,0.7176541717049577,0.7007083825265643,0.9848800834202294,1654,29,404,1187,0.6919165927850226,0.5676215126605867,0.5292296058154264,2f798c0bac019519b8ec1c1288c393f028884bcf0c841a5845473af82ea1e4ce,eef141f27b83eb85774174d6bd13226d426d7679a4c529ccbba2a6ce83285d77,geometry_alpha_0p100,0.1,,
geometry_alpha_0p100,alpha_blend,False,0.35,0.7872491719050964,0.7504873294346979,0.6818181818181818,0.9885297184567258,1539,22,335,1155,0.6919165927850226,0.5676215126605867,0.5292296058154264,2f798c0bac019519b8ec1c1288c393f028884bcf0c841a5845473af82ea1e4ce,c84048a3f5cd291436c31b11c5b73a747e63f4a72de2503358f022ee9fbcd962,geometry_alpha_0p100,0.1,,
geometry_alpha_0p100,alpha_blend,False,0.4,0.7879889550997681,0.7790940766550523,0.6599763872491146,0.9916579770594369,1435,16,278,1118,0.6919165927850226,0.5676215126605867,0.5292296058154264,2f798c0bac019519b8ec1c1288c393f028884bcf0c841a5845473af82ea1e4ce,b4d83fcabe2091d6e994f6a1984eeca05fc041937caee6464ec411860bd4718e,geometry_alpha_0p100,0.1,,
geometry_alpha_0p100,alpha_blend,False,0.5,0.772802489084789,0.8224374495560937,0.601534828807556,0.9963503649635036,1239,7,190,1019,0.6919165927850226,0.5676215126605867,0.5292296058154264,2f798c0bac019519b8ec1c1288c393f028884bcf0c841a5845473af82ea1e4ce,87071d91240d6b04e50be8d4f702c5d2f33c057541ad6a82336f33b00d43ee56,geometry_alpha_0p100,0.1,,
geometry_alpha_0p100,alpha_blend,False,0.5069328900939664,0.7695258975061661,0.8235294117647058,0.5950413223140496,0.9963503649635036,1224,7,186,1008,0.6919165927850226,0.5676215126605867,0.5292296058154264,2f798c0bac019519b8ec1c1288c393f028884bcf0c841a5845473af82ea1e4ce,3366303759f1cd27a300c94ef2c25762208b3b6da035f197ed8f6a4e45485238,geometry_alpha_0p100,0.1,,
geometry_alpha_0p100,alpha_blend,False,0.6,0.7470382308089512,0.8745173745173745,0.5348288075560803,0.997393117831074,1036,5,108,906,0.6919165927850226,0.5676215126605867,0.5292296058154264,2f798c0bac019519b8ec1c1288c393f028884bcf0c841a5845473af82ea1e4ce,da87dad3500ce4f63a63d2bf628174a274c4c153352d9924b857992688c1cec0,geometry_alpha_0p100,0.1,,
geometry_alpha_0p100,alpha_blend,False,0.7,0.6978856131153136,0.9153754469606674,0.45336481700118064,0.9994786235662148,839,1,61,768,0.6919165927850226,0.5676215126605867,0.5292296058154264,2f798c0bac019519b8ec1c1288c393f028884bcf0c841a5845473af82ea1e4ce,1c5488d5f8fdb6d33d943d8025070b27bcc956d6b3d913660434a5c1b73a2812,geometry_alpha_0p100,0.1,,
geometry_alpha_0p100,alpha_blend,False,0.8,0.6315626032826612,0.954337899543379,0.37012987012987014,0.9994786235662148,657,1,24,627,0.6919165927850226,0.5676215126605867,0.5292296058154264,2f798c0bac019519b8ec1c1288c393f028884bcf0c841a5845473af82ea1e4ce,154f5ac193c6e9c3d41c91df17c399f499dd1a4db7e040b0ffbce82d519f4594,geometry_alpha_0p100,0.1,,
geometry_alpha_0p100,alpha_blend,False,0.8159484457796067,0.6086462592049572,0.9591503267973857,0.346517119244392,0.9994786235662148,612,1,19,587,0.6919165927850226,0.5676215126605867,0.5292296058154264,2f798c0bac019519b8ec1c1288c393f028884bcf0c841a5845473af82ea1e4ce,6aab13cd12802efeffeb0bd182a8434c8c3e56ee020f02b6eb05f3af15c46fc3,geometry_alpha_0p100,0.1,,
geometry_alpha_0p100,alpha_blend,False,0.9,0.43216080402010054,0.9828571428571429,0.20306965761511217,1.0,350,0,5,344,0.6919165927850226,0.5676215126605867,0.5292296058154264,2f798c0bac019519b8ec1c1288c393f028884bcf0c841a5845473af82ea1e4ce,04be1695ea3609c82b546a646794faab2c04bde1a67e70768adf3fd88756b424,geometry_alpha_0p100,0.1,,
geometry_alpha_0p100,alpha_blend,False,0.982095397274131,0.001768867924528302,1.0,0.0005903187721369539,1.0,1,0,0,1,0.6919165927850226,0.5676215126605867,0.5292296058154264,2f798c0bac019519b8ec1c1288c393f028884bcf0c841a5845473af82ea1e4ce,5098974df0fb94e294f4e154de70961dd836b7c5b3e1940fcd1dc26a14016df3,geometry_alpha_0p100,0.1,,
geometry_alpha_0p200,alpha_blend,False,0.006876561200795346,0.3328067490551652,0.1538042293437977,0.832939787485242,0.7622523461939521,9174,456,6959,1411,0.6917498745672795,0.5670341126814691,0.5286125269355868,41b27948a752ecb6ea4c0832d785d527458f50d70f11f6270f488b1cec17c856,2b8af8458704f00108a32b6e323368e8f43e8ac2c6fe4794ea3a36ba65300d40,geometry_alpha_0p200,0.2,,
geometry_alpha_0p200,alpha_blend,False,0.018623675754300344,0.44036202861158336,0.22710922171353826,0.819952774498229,0.8404588112617309,6116,306,4207,1389,0.6917498745672795,0.5670341126814691,0.5286125269355868,41b27948a752ecb6ea4c0832d785d527458f50d70f11f6270f488b1cec17c856,4bf88d12893f3af543d27ba909cb70cce78e690efa2ee1aa1470d69ac33b4c94,geometry_alpha_0p200,0.2,,
geometry_alpha_0p200,alpha_blend,False,0.05,0.5579355652634899,0.3278806831849892,0.8046044864226682,0.9223149113660063,4157,149,2510,1363,0.6917498745672795,0.5670341126814691,0.5286125269355868,41b27948a752ecb6ea4c0832d785d527458f50d70f11f6270f488b1cec17c856,df6310c4ab4bd3ef0f87d44e42d45b9e61797c764b95866c6d7d411d9613b7eb,geometry_alpha_0p200,0.2,,
geometry_alpha_0p200,alpha_blend,False,0.06887874498074607,0.5959945019885695,0.3683923705722071,0.7981109799291618,0.9379562043795621,3670,119,2086,1352,0.6917498745672795,0.5670341126814691,0.5286125269355868,41b27948a752ecb6ea4c0832d785d527458f50d70f11f6270f488b1cec17c856,c43872d83461618f9a5b911474e84cc99efb5e081caaf4aff557677962cae229,geometry_alpha_0p200,0.2,,
geometry_alpha_0p200,alpha_blend,False,0.1,0.6491110636387144,0.4336139896373057,0.7904368358913814,0.9520333680917623,3088,92,1565,1339,0.6917498745672795,0.5670341126814691,0.5286125269355868,41b27948a752ecb6ea4c0832d785d527458f50d70f11f6270f488b1cec17c856,a50a55b6d7b397fb933e80808280c4aa638ab835c38c321a74d1e2b473a7dadc,geometry_alpha_0p200,0.2,,
geometry_alpha_0p200,alpha_blend,False,0.15,0.700994327469649,0.5143757384797164,0.7709563164108618,0.9629822732012513,2539,71,1093,1306,0.6917498745672795,0.5670341126814691,0.5286125269355868,41b27948a752ecb6ea4c0832d785d527458f50d70f11f6270f488b1cec17c856,55311991b0b4c3564b6c9cd6da57f68e40cf9005f458397cc3f918361bcff245,geometry_alpha_0p200,0.2,,
geometry_alpha_0p200,alpha_blend,False,0.16360482253009148,0.7096207641958776,0.5304454434000817,0.7662337662337663,0.9640250260688217,2447,69,1015,1298,0.6917498745672795,0.5670341126814691,0.5286125269355868,41b27948a752ecb6ea4c0832d785d527458f50d70f11f6270f488b1cec17c856,99b7745fb2f97174caf8f37120c7748e547d8e426a412c6db4f9890852416f75,geometry_alpha_0p200,0.2,,
geometry_alpha_0p200,alpha_blend,False,0.2,0.7298202291705884,0.5708538220831471,0.7538370720188902,0.9687174139728885,2237,60,843,1277,0.6917498745672795,0.5670341126814691,0.5286125269355868,41b27948a752ecb6ea4c0832d785d527458f50d70f11f6270f488b1cec17c856,da21b11e37b4041850cc5cb627488857125b2ef155a17ad134b18029c8d722c1,geometry_alpha_0p200,0.2,,
geometry_alpha_0p200,alpha_blend,False,0.25,0.7538324649226291,0.625250501002004,0.7367178276269185,0.9775808133472367,1996,43,657,1248,0.6917498745672795,0.5670341126814691,0.5286125269355868,41b27948a752ecb6ea4c0832d785d527458f50d70f11f6270f488b1cec17c856,9bd5f2490fda121674380fea19e2594fa61ce347a8bc97e78b46165e96f3afa7,geometry_alpha_0p200,0.2,,
geometry_alpha_0p200,alpha_blend,False,0.3,0.7675973035199696,0.6686846450192625,0.7172373081463991,0.9817518248175182,1817,35,524,1215,0.6917498745672795,0.5670341126814691,0.5286125269355868,41b27948a752ecb6ea4c0832d785d527458f50d70f11f6270f488b1cec17c856,d1cdcd4e20c984ff473a17dcd5e566fb7c8df2a18a2183e27ce2961ad1fd2f5b,geometry_alpha_0p200,0.2,,
geometry_alpha_0p200,alpha_blend,False,0.35,0.7809798544357249,0.7128297362110312,0.7018890200708382,0.986444212721585,1668,26,418,1189,0.6917498745672795,0.5670341126814691,0.5286125269355868,41b27948a752ecb6ea4c0832d785d527458f50d70f11f6270f488b1cec17c856,805a4874e33388dd8150a70e6b1f692d852627a29124f427b3a9b4e5b276f9d8,geometry_alpha_0p200,0.2,,
geometry_alpha_0p200,alpha_blend,False,0.4,0.7870703492555489,0.75,0.6818181818181818,0.9885297184567258,1540,22,336,1155,0.6917498745672795,0.5670341126814691,0.5286125269355868,41b27948a752ecb6ea4c0832d785d527458f50d70f11f6270f488b1cec17c856,f62cbf444cdda2b525f69a45005dae79e3ffb911ba9811a7ba49bf77e3e86b02,geometry_alpha_0p200,0.2,,
geometry_alpha_0p200,alpha_blend,False,0.5,0.7858995607443902,0.8073463268365817,0.6357733175914995,0.9942648592283628,1334,11,223,1077,0.6917498745672795,0.5670341126814691,0.5286125269355868,41b27948a752ecb6ea4c0832d785d527458f50d70f11f6270f488b1cec17c856,2deb61322b7bd1d26a93353207b815c42ef8c963b8f3ad6b2d04b3f311c99def,geometry_alpha_0p200,0.2,,
geometry_alpha_0p200,alpha_blend,False,0.5501544463434969,0.7717910945319033,0.826797385620915,0.5974025974025974,0.9963503649635036,1224,7,184,1012,0.6917498745672795,0.5670341126814691,0.5286125269355868,41b27948a752ecb6ea4c0832d785d527458f50d70f11f6270f488b1cec17c856,00f7b29ce3235e8a2b2e6a12f5b531009aefdd9a966249caeb2bfcb7d30515c5,geometry_alpha_0p200,0.2,,
geometry_alpha_0p200,alpha_blend,False,0.6,0.7595554052771055,0.8540734109221128,0.5631641086186541,0.9968717413972888,1117,6,140,954,0.6917498745672795,0.5670341126814691,0.5286125269355868,41b27948a752ecb6ea4c0832d785d527458f50d70f11f6270f488b1cec17c856,6093998de3c600c5b72f9aa0835c9fa2a317436c7bc3edc6350f21f1eb32024f,geometry_alpha_0p200,0.2,,
geometry_alpha_0p200,alpha_blend,False,0.7,0.7177320657936506,0.900990099009901,0.4834710743801653,0.9984358706986444,909,3,78,819,0.6917498745672795,0.5670341126814691,0.5286125269355868,41b27948a752ecb6ea4c0832d785d527458f50d70f11f6270f488b1cec17c856,faa3f5802ae49ada985c3da631c50646a262379e2b461dfc44b599c6b6cc9711,geometry_alpha_0p200,0.2,,
geometry_alpha_0p200,alpha_blend,False,0.8,0.6467343726097737,0.9506531204644412,0.38665879574970485,0.9994786235662148,689,1,27,655,0.6917498745672795,0.5670341126814691,0.5286125269355868,41b27948a752ecb6ea4c0832d785d527458f50d70f11f6270f488b1cec17c856,d84b25210ce8b7f76912123b6782843a8ddf2c4c2cd59fb491281b28fddf709c,geometry_alpha_0p200,0.2,,
geometry_alpha_0p200,alpha_blend,False,0.8340083655246197,0.6086462592049572,0.9591503267973857,0.346517119244392,0.9994786235662148,612,1,19,587,0.6917498745672795,0.5670341126814691,0.5286125269355868,41b27948a752ecb6ea4c0832d785d527458f50d70f11f6270f488b1cec17c856,b38b0c5c36a4a4e9acfdd54bdf897bafdeb5876381a1bdc06ee1347013dd1b5f,geometry_alpha_0p200,0.2,,
geometry_alpha_0p200,alpha_blend,False,0.9,0.46219512195121953,0.979328165374677,0.22373081463990555,1.0,387,0,6,379,0.6917498745672795,0.5670341126814691,0.5286125269355868,41b27948a752ecb6ea4c0832d785d527458f50d70f11f6270f488b1cec17c856,9fe118d3c8e28ac00ebf03e2bc1a24ee14d57daee56bcb28e63b0e7be9266872,geometry_alpha_0p200,0.2,,
geometry_alpha_0p200,alpha_blend,False,0.9839857951013931,0.001768867924528302,1.0,0.0005903187721369539,1.0,1,0,0,1,0.6917498745672795,0.5670341126814691,0.5286125269355868,41b27948a752ecb6ea4c0832d785d527458f50d70f11f6270f488b1cec17c856,5098974df0fb94e294f4e154de70961dd836b7c5b3e1940fcd1dc26a14016df3,geometry_alpha_0p200,0.2,,
geometry_alpha_0p400,alpha_blend,False,0.011313738997478777,0.33290596404815614,0.1538042293437977,0.832939787485242,0.7638164754953076,9174,453,6978,1411,0.6912762384594191,0.5665419600523833,0.5280965881734557,42e57e973b6a0817e06b88c02fb564d6da6c889d97612039313d34c89889e4db,bc8233d318360dc8e1b4ac3758a81d2a14c6856d6688cbb1fed242f93022c2bc,geometry_alpha_0p400,0.4,,
geometry_alpha_0p400,alpha_blend,False,0.030311510247593494,0.44214153569734044,0.2275997383911053,0.8217237308146399,0.85140771637122,6116,285,4229,1392,0.6912762384594191,0.5665419600523833,0.5280965881734557,42e57e973b6a0817e06b88c02fb564d6da6c889d97612039313d34c89889e4db,7983c9f0865cd26849eb384090970d3cc3763e6a98526c963b70dfacbd33af5d,geometry_alpha_0p400,0.4,,
geometry_alpha_0p400,alpha_blend,False,0.05,0.5014344979920983,0.27497507477567296,0.8140495867768595,0.894681960375391,5015,202,3278,1379,0.6912762384594191,0.5665419600523833,0.5280965881734557,42e57e973b6a0817e06b88c02fb564d6da6c889d97612039313d34c89889e4db,c21f83e7d7f51e3ae76193d4616ab170703d7f05ad16d1b0953acbedf8b7e43d,geometry_alpha_0p400,0.4,,
geometry_alpha_0p400,alpha_blend,False,0.1,0.5871067433568034,0.35778364116094985,0.8004722550177096,0.9384775808133472,3790,118,2205,1356,0.6912762384594191,0.5665419600523833,0.5280965881734557,42e57e973b6a0817e06b88c02fb564d6da6c889d97612039313d34c89889e4db,84e2019b585a7cc6dae4c64482d996f6b93b03d26049221d12d1a771cd286199,geometry_alpha_0p400,0.4,,
geometry_alpha_0p400,alpha_blend,False,0.10856283256888723,0.5963448134618072,0.3681198910081744,0.7975206611570248,0.943169968717414,3670,109,2104,1351,0.6912762384594191,0.5665419600523833,0.5280965881734557,42e57e973b6a0817e06b88c02fb564d6da6c889d97612039313d34c89889e4db,59088a7900811d6083ab589f1a8e6f09bc5a990b48a0d9d729831db8c4a6a8f3,geometry_alpha_0p400,0.4,,
geometry_alpha_0p400,alpha_blend,False,0.15,0.6427197468875469,0.4244535951853025,0.7910271546635183,0.9546402502606882,3157,87,1638,1340,0.6912762384594191,0.5665419600523833,0.5280965881734557,42e57e973b6a0817e06b88c02fb564d6da6c889d97612039313d34c89889e4db,2162c948931ddb351da907f6488db664ce57c2b7b02189da1969eaa9627bfb2a,geometry_alpha_0p400,0.4,,
geometry_alpha_0p400,alpha_blend,False,0.2,0.68284231058574,0.48365773044436283,0.7774498229043684,0.9619395203336809,2723,73,1257,1317,0.6912762384594191,0.5665419600523833,0.5280965881734557,42e57e973b6a0817e06b88c02fb564d6da6c889d97612039313d34c89889e4db,eefa1be1dfa1edb4c07b91e90e7d83436cd3795d099301d1f291cf948fae09b7,geometry_alpha_0p400,0.4,,
geometry_alpha_0p400,alpha_blend,False,0.24523749645226248,0.7097711019774315,0.530036779730282,0.7656434474616293,0.9671532846715328,2447,63,1024,1297,0.6912762384594191,0.5665419600523833,0.5280965881734557,42e57e973b6a0817e06b88c02fb564d6da6c889d97612039313d34c89889e4db,356f35432e453115d862f7f115cc374e1af35a8773f70322ffa2d69c4a04fa84,geometry_alpha_0p400,0.4,,
geometry_alpha_0p400,alpha_blend,False,0.25,0.7128920901310373,0.5352868345026827,0.7656434474616293,0.9671532846715328,2423,63,1001,1297,0.6912762384594191,0.5665419600523833,0.5280965881734557,42e57e973b6a0817e06b88c02fb564d6da6c889d97612039313d34c89889e4db,fa4e0235fb6ca85210f362adc6995cb0f119bd5ff9149059ea84ec68266a43c2,geometry_alpha_0p400,0.4,,
geometry_alpha_0p400,alpha_blend,False,0.3,0.7351041153001532,0.5808957952468007,0.7502951593860685,0.9739311783107404,2188,50,814,1271,0.6912762384594191,0.5665419600523833,0.5280965881734557,42e57e973b6a0817e06b88c02fb564d6da6c889d97612039313d34c89889e4db,1a167c8ff4ca098cd7b01ba88b57047a2f3a48050bfa38ed2de596df72d2c7b4,geometry_alpha_0p400,0.4,,
geometry_alpha_0p400,alpha_blend,False,0.35,0.7542451765132719,0.625250501002004,0.7367178276269185,0.9796663190823774,1996,39,659,1248,0.6912762384594191,0.5665419600523833,0.5280965881734557,42e57e973b6a0817e06b88c02fb564d6da6c889d97612039313d34c89889e4db,76a96f7c4e3d0d41af9731925b868d8f93e3e5756fe3f3f035fa7aabfd7df2b6,geometry_alpha_0p400,0.4,,
geometry_alpha_0p400,alpha_blend,False,0.4,0.7660913847785416,0.6630375612411541,0.71900826446281,0.9833159541188738,1837,32,544,1218,0.6912762384594191,0.5665419600523833,0.5280965881734557,42e57e973b6a0817e06b88c02fb564d6da6c889d97612039313d34c89889e4db,2b25d00dc973a81ce384cf5ed3401172f3e6218a683c77b9fc1feed7320b7645,geometry_alpha_0p400,0.4,,
geometry_alpha_0p400,alpha_blend,False,0.5,0.7888331429908494,0.7490322580645161,0.6853600944510035,0.9911366006256517,1550,17,344,1161,0.6912762384594191,0.5665419600523833,0.5280965881734557,42e57e973b6a0817e06b88c02fb564d6da6c889d97612039313d34c89889e4db,dd0a2933ad1a32b3a745e1355b503cb7c1e172887d9fbc62c15e0633a3d72919,geometry_alpha_0p400,0.4,,
geometry_alpha_0p400,alpha_blend,False,0.6,0.7882189750945964,0.8156297420333839,0.6345926800472255,0.9958289885297185,1318,8,213,1075,0.6912762384594191,0.5665419600523833,0.5280965881734557,42e57e973b6a0817e06b88c02fb564d6da6c889d97612039313d34c89889e4db,aaf2be00bc788523ed2c2020341b8c886e40f1df88bd6d42504bf099a99e43fa,geometry_alpha_0p400,0.4,,
geometry_alpha_0p400,alpha_blend,False,0.641024637099243,0.7713293166526431,0.8259803921568627,0.5968122786304605,0.9968717413972888,1224,6,186,1011,0.6912762384594191,0.5665419600523833,0.5280965881734557,42e57e973b6a0817e06b88c02fb564d6da6c889d97612039313d34c89889e4db,9e4edfc7b95712086b7eb40935417d62c9ba64daec18e0a9daf913e4164e99f7,geometry_alpha_0p400,0.4,,
geometry_alpha_0p400,alpha_blend,False,0.7,0.7539662807511424,0.8659217877094972,0.5489964580873672,0.997393117831074,1074,5,122,930,0.6912762384594191,0.5665419600523833,0.5280965881734557,42e57e973b6a0817e06b88c02fb564d6da6c889d97612039313d34c89889e4db,ebb69f13d1303eecc168e7c14a9f7e7751e80d95c2a3ea30bb43876fb1b5e047,geometry_alpha_0p400,0.4,,
geometry_alpha_0p400,alpha_blend,False,0.8,0.692153569276542,0.9249692496924969,0.44391971664698937,0.9994786235662148,813,1,53,752,0.6912762384594191,0.5665419600523833,0.5280965881734557,42e57e973b6a0817e06b88c02fb564d6da6c889d97612039313d34c89889e4db,4e918e4bdc2e39c062087c3a88bbe97904f054c6e9ae670b866f0277ceb117b2,geometry_alpha_0p400,0.4,,
geometry_alpha_0p400,alpha_blend,False,0.8708613426845017,0.6086462592049572,0.9591503267973857,0.346517119244392,0.9994786235662148,612,1,19,587,0.6912762384594191,0.5665419600523833,0.5280965881734557,42e57e973b6a0817e06b88c02fb564d6da6c889d97612039313d34c89889e4db,139d03d727664799fe396514747e3c62fdd1b378bd3b371d190b96150e749f14,geometry_alpha_0p400,0.4,,
geometry_alpha_0p400,alpha_blend,False,0.9,0.5297461159530125,0.9728601252609603,0.27508854781582054,1.0,479,0,11,466,0.6912762384594191,0.5665419600523833,0.5280965881734557,42e57e973b6a0817e06b88c02fb564d6da6c889d97612039313d34c89889e4db,b11adad5d593679516f1850fb7b90467c4172969c328bc7c45be54665bfc9498,geometry_alpha_0p400,0.4,,
geometry_alpha_0p400,alpha_blend,False,0.9877665907559173,0.001768867924528302,1.0,0.0005903187721369539,1.0,1,0,0,1,0.6912762384594191,0.5665419600523833,0.5280965881734557,42e57e973b6a0817e06b88c02fb564d6da6c889d97612039313d34c89889e4db,5098974df0fb94e294f4e154de70961dd836b7c5b3e1940fcd1dc26a14016df3,geometry_alpha_0p400,0.4,,
geometry_alpha_0p600,alpha_blend,False,0.015600694945991483,0.33307452915757735,0.1539132330499237,0.833530106257379,0.7632950990615224,9174,454,6988,1412,0.6916748068459426,0.5662599892012719,0.5281778260785989,2f584f1a28f06b4c5b1a299735626675a6331cc350304e37e0d4288eae8fd96b,c723f1116cc59f29a6f32818136f6d134f018c6617fa7d255c47cf72e1447399,geometry_alpha_0p600,0.6,,
geometry_alpha_0p600,alpha_blend,False,0.042074846899523295,0.4425149679718529,0.2275997383911053,0.8217237308146399,0.8555787278415016,6116,277,4242,1392,0.6916748068459426,0.5662599892012719,0.5281778260785989,2f584f1a28f06b4c5b1a299735626675a6331cc350304e37e0d4288eae8fd96b,bf5878ae2b6a65ce6d32beb5fb7c410b0d228867b973dd05de130e37bb61cd28,geometry_alpha_0p600,0.6,,
geometry_alpha_0p600,alpha_blend,False,0.05,0.46342031259592714,0.24342336022448263,0.8193624557260921,0.8733055265901981,5702,243,3885,1388,0.6916748068459426,0.5662599892012719,0.5281778260785989,2f584f1a28f06b4c5b1a299735626675a6331cc350304e37e0d4288eae8fd96b,4612e5342cc49341057595428dd7936ae96fdcbb15eab5c4a449d24ccbb68d5e,geometry_alpha_0p600,0.6,,
geometry_alpha_0p600,alpha_blend,False,0.1,0.5489534327685681,0.31791773181501276,0.807556080283353,0.9249217935349322,4303,144,2661,1368,0.6916748068459426,0.5662599892012719,0.5281778260785989,2f584f1a28f06b4c5b1a299735626675a6331cc350304e37e0d4288eae8fd96b,b00f7175a7f4835e0cfa67834397d2bf8e9ced22d506e69cd1726726f0701964,geometry_alpha_0p600,0.6,,
geometry_alpha_0p600,alpha_blend,False,0.14846299068429894,0.5971094014370909,0.3683923705722071,0.7981109799291618,0.9462982273201251,3670,103,2109,1352,0.6916748068459426,0.5662599892012719,0.5281778260785989,2f584f1a28f06b4c5b1a299735626675a6331cc350304e37e0d4288eae8fd96b,217f72fc270fbbe67164aa529a812b0ff8434bd22b392ede4f0061b3d855c948,geometry_alpha_0p600,0.6,,
geometry_alpha_0p600,alpha_blend,False,0.15,0.5978895834153032,0.3694581280788177,0.7969303423848878,0.9468196037539103,3654,102,2096,1350,0.6916748068459426,0.5662599892012719,0.5281778260785989,2f584f1a28f06b4c5b1a299735626675a6331cc350304e37e0d4288eae8fd96b,488ceab3d4051b1e1843f799f079ea5ad94f0419450b3284e64dd740aed4dbf0,geometry_alpha_0p600,0.6,,
geometry_alpha_0p600,alpha_blend,False,0.2,0.6417603177636628,0.4225928256765261,0.7927981109799291,0.9551616266944734,3178,86,1661,1343,0.6916748068459426,0.5662599892012719,0.5281778260785989,2f584f1a28f06b4c5b1a299735626675a6331cc350304e37e0d4288eae8fd96b,1fbdf6f06ca729f739c079980bc6c17abe7ec71c295f62d4003db1afa486ddf5,geometry_alpha_0p600,0.6,,
geometry_alpha_0p600,alpha_blend,False,0.25,0.6700047217185773,0.4637223974763407,0.78099173553719,0.9608967674661105,2853,75,1376,1323,0.6916748068459426,0.5662599892012719,0.5281778260785989,2f584f1a28f06b4c5b1a299735626675a6331cc350304e37e0d4288eae8fd96b,2036c848d2bb7ccf96d2f02026f8a4e59623671153f400da3a5371ded6b7064b,geometry_alpha_0p600,0.6,,
geometry_alpha_0p600,alpha_blend,False,0.3,0.6992607407563805,0.5095293660054454,0.7733175914994097,0.9666319082377477,2571,64,1131,1310,0.6916748068459426,0.5662599892012719,0.5281778260785989,2f584f1a28f06b4c5b1a299735626675a6331cc350304e37e0d4288eae8fd96b,c455ea6a2ead165c0e9d8ff64778395cdfa8c26f0b3396b99e8e704715e453c3,geometry_alpha_0p600,0.6,,
geometry_alpha_0p600,alpha_blend,False,0.3268038408507643,0.7099581497704294,0.530036779730282,0.7656434474616293,0.9681960375391032,2447,61,1027,1297,0.6916748068459426,0.5662599892012719,0.5281778260785989,2f584f1a28f06b4c5b1a299735626675a6331cc350304e37e0d4288eae8fd96b,1698befb12d26957691c42709cd3b272cbb6d9135e501f29b73b6c13bec3d6a8,geometry_alpha_0p600,0.6,,
geometry_alpha_0p600,alpha_blend,False,0.35,0.721400186470486,0.5494692144373673,0.7638724911452184,0.9713242961418144,2355,55,948,1294,0.6916748068459426,0.5662599892012719,0.5281778260785989,2f584f1a28f06b4c5b1a299735626675a6331cc350304e37e0d4288eae8fd96b,b52f0307fbcdb5f19869f32b77bfd512966db80b20644874ee873f2198965c5c,geometry_alpha_0p600,0.6,,
geometry_alpha_0p600,alpha_blend,False,0.4,0.7372922365279064,0.5847926267281106,0.7491145218417946,0.9765380604796663,2170,45,801,1269,0.6916748068459426,0.5662599892012719,0.5281778260785989,2f584f1a28f06b4c5b1a299735626675a6331cc350304e37e0d4288eae8fd96b,3ad9a087e8a84a4acbe6626229115a150fa064bfcbe1c4600bc4a3a122dba18d,geometry_alpha_0p600,0.6,,
geometry_alpha_0p600,alpha_blend,False,0.5,0.7649230694279588,0.6589314624932542,0.7207792207792207,0.9833159541188738,1853,32,558,1221,0.6916748068459426,0.5662599892012719,0.5281778260785989,2f584f1a28f06b4c5b1a299735626675a6331cc350304e37e0d4288eae8fd96b,9abdb0fcee0b4fa8a61e87ea25ba6c9c82ee10fc7ce4abfd6be0181c3270aff9,geometry_alpha_0p600,0.6,,
geometry_alpha_0p600,alpha_blend,False,0.6,0.7871277016762203,0.7400126823081801,0.6889020070838253,0.9916579770594369,1577,16,364,1167,0.6916748068459426,0.5662599892012719,0.5281778260785989,2f584f1a28f06b4c5b1a299735626675a6331cc350304e37e0d4288eae8fd96b,596ba2c98197308a5dc2dd44d4a0fb41485488683db04d7ce7d760a511b90447,geometry_alpha_0p600,0.6,,
geometry_alpha_0p600,alpha_blend,False,0.7,0.7871661193311249,0.816793893129771,0.6316410861865407,0.9963503649635036,1310,7,211,1070,0.6916748068459426,0.5662599892012719,0.5281778260785989,2f584f1a28f06b4c5b1a299735626675a6331cc350304e37e0d4288eae8fd96b,ccf7492bffb30c3918988c7cf5b5e76f1e0994e05f1bb565c832f60b33201690,geometry_alpha_0p600,0.6,,
geometry_alpha_0p600,alpha_blend,False,0.7333997743784326,0.7724610649880685,0.8276143790849673,0.5979929161747344,0.9968717413972888,1224,6,185,1013,0.6916748068459426,0.5662599892012719,0.5281778260785989,2f584f1a28f06b4c5b1a299735626675a6331cc350304e37e0d4288eae8fd96b,7b848f679207f0f2fe34d1832976f999b3038b44888b912b08bc9178b60892eb,geometry_alpha_0p600,0.6,,
geometry_alpha_0p600,alpha_blend,False,0.8,0.7395629183044881,0.8803589232303091,0.5212514757969303,0.9979144942648592,1003,4,103,883,0.6916748068459426,0.5662599892012719,0.5281778260785989,2f584f1a28f06b4c5b1a299735626675a6331cc350304e37e0d4288eae8fd96b,11fcbf7d42ca5d19c4cd0a7244569ce14d9a73986d1293a4265d5b6013d181bd,geometry_alpha_0p600,0.6,,
geometry_alpha_0p600,alpha_blend,False,0.9,0.6298098894549405,0.9541284403669725,0.36835891381345925,0.9994786235662148,654,1,25,624,0.6916748068459426,0.5662599892012719,0.5281778260785989,2f584f1a28f06b4c5b1a299735626675a6331cc350304e37e0d4288eae8fd96b,6c6b94e57b9a6e60c58d369be0084e3b3e3c696e97aceaa954f8847808e7eaea,geometry_alpha_0p600,0.6,,
geometry_alpha_0p600,alpha_blend,False,0.9077179858317259,0.6111228981838261,0.9640522875816994,0.3482880755608028,0.9994786235662148,612,1,17,590,0.6916748068459426,0.5662599892012719,0.5281778260785989,2f584f1a28f06b4c5b1a299735626675a6331cc350304e37e0d4288eae8fd96b,7011296ee6f0ffc2640560bc4c23cce89514c96ea92ca3e780edf28e8d9759b7,geometry_alpha_0p600,0.6,,
geometry_alpha_0p600,alpha_blend,False,0.9915473864104416,0.001768867924528302,1.0,0.0005903187721369539,1.0,1,0,0,1,0.6916748068459426,0.5662599892012719,0.5281778260785989,2f584f1a28f06b4c5b1a299735626675a6331cc350304e37e0d4288eae8fd96b,5098974df0fb94e294f4e154de70961dd836b7c5b3e1940fcd1dc26a14016df3,geometry_alpha_0p600,0.6,,
geometry_alpha_0p800,alpha_blend,False,0.01991253795286569,0.3330082670367289,0.1539132330499237,0.833530106257379,0.7622523461939521,9174,456,6990,1412,0.6916452887048561,0.5662544248347849,0.5282424595894899,115b2c6b0550371178c59e78fcb64d289e76d8d8a9b01e00fc60aa141de5d4e0,fbfdcf063b43b88c763b8a6e9822521ac001b5e6a49b9e6a3267f6bf29689c12,geometry_alpha_0p800,0.8,,
geometry_alpha_0p800,alpha_blend,False,0.05,0.43502268993884335,0.2219391816589715,0.8229043683589138,0.8508863399374348,6281,286,4391,1394,0.6916452887048561,0.5662544248347849,0.5282424595894899,115b2c6b0550371178c59e78fcb64d289e76d8d8a9b01e00fc60aa141de5d4e0,3731081f7669ca97c3d7a8ecd273f9e386910315256149791b7443422f4eaf57,geometry_alpha_0p800,0.8,,
geometry_alpha_0p800,alpha_blend,False,0.053654382156408,0.44283925806345337,0.2275997383911053,0.8217237308146399,0.859228362877998,6116,270,4253,1392,0.6916452887048561,0.5662544248347849,0.5282424595894899,115b2c6b0550371178c59e78fcb64d289e76d8d8a9b01e00fc60aa141de5d4e0,2f0126a42742b25252079ca68128d2bd2c44bded053fe080b443aefd3470f06b,geometry_alpha_0p800,0.8,,
geometry_alpha_0p800,alpha_blend,False,0.1,0.51980624099682,0.29026138279932545,0.8128689492325856,0.9124087591240876,4744,168,3056,1377,0.6916452887048561,0.5662544248347849,0.5282424595894899,115b2c6b0550371178c59e78fcb64d289e76d8d8a9b01e00fc60aa141de5d4e0,81ac97ecb79c1563b9e199042a339f3aac49b977cc136f41f9d72766e5c16d28,geometry_alpha_0p800,0.8,,
geometry_alpha_0p800,alpha_blend,False,0.15,0.569787110849981,0.33855721393034827,0.8034238488783944,0.9374348279457768,4020,120,2416,1361,0.6916452887048561,0.5662544248347849,0.5282424595894899,115b2c6b0550371178c59e78fcb64d289e76d8d8a9b01e00fc60aa141de5d4e0,14c104fa06ba55bc683cb96463372e3e7fc3ebb61e3f2e63ac1748b0bb26807c,geometry_alpha_0p800,0.8,,
geometry_alpha_0p800,alpha_blend,False,0.187899761870184,0.5969676666150853,0.3681198910081744,0.7975206611570248,0.9478623566214807,3670,100,2114,1351,0.6916452887048561,0.5662544248347849,0.5282424595894899,115b2c6b0550371178c59e78fcb64d289e76d8d8a9b01e00fc60aa141de5d4e0,0ade429a40a0d1fb975a0e8a6ea81557724f3f359268d62756fb077d55bf195a,geometry_alpha_0p800,0.8,,
geometry_alpha_0p800,alpha_blend,False,0.2,0.6038821734753729,0.3761851645287228,0.7963400236127509,0.948905109489051,3586,98,2038,1349,0.6916452887048561,0.5662544248347849,0.5282424595894899,115b2c6b0550371178c59e78fcb64d289e76d8d8a9b01e00fc60aa141de5d4e0,b134cfa7dc50c7ace0699997a3cecd22349ce77e3ab27463fd2f9390aca395c1,geometry_alpha_0p800,0.8,,
geometry_alpha_0p800,alpha_blend,False,0.25,0.6393398551421102,0.4195563886285536,0.7927981109799291,0.9546402502606882,3201,87,1684,1343,0.6916452887048561,0.5662544248347849,0.5282424595894899,115b2c6b0550371178c59e78fcb64d289e76d8d8a9b01e00fc60aa141de5d4e0,ff99521d2525338e4113f12ea0d76165ba08a94f9b832b96b3944e4b5db5e71e,geometry_alpha_0p800,0.8,,
geometry_alpha_0p800,alpha_blend,False,0.3,0.664737085187565,0.4547008547008547,0.7851239669421488,0.9614181438998958,2925,74,1441,1330,0.6916452887048561,0.5662544248347849,0.5282424595894899,115b2c6b0550371178c59e78fcb64d289e76d8d8a9b01e00fc60aa141de5d4e0,7da065ac2f7a7898239de169850c402c896c3343fd626d557237fa4fef308694,geometry_alpha_0p800,0.8,,
geometry_alpha_0p800,alpha_blend,False,0.35,0.6897774858424677,0.49325842696629213,0.7774498229043684,0.9655891553701773,2670,66,1218,1317,0.6916452887048561,0.5662544248347849,0.5282424595894899,115b2c6b0550371178c59e78fcb64d289e76d8d8a9b01e00fc60aa141de5d4e0,3788860729556b9c55b7ba41aa03238cea65efed06380ade9f808138003a2f81,geometry_alpha_0p800,0.8,,
geometry_alpha_0p800,alpha_blend,False,0.4,0.7075706225264421,0.5246166263115416,0.7674144037780402,0.970281543274244,2478,57,1057,1300,0.6916452887048561,0.5662544248347849,0.5282424595894899,115b2c6b0550371178c59e78fcb64d289e76d8d8a9b01e00fc60aa141de5d4e0,018a38bbc82bd34cfa7d783b82a6dc126d8056ef0ecae62211af1c23fa3ac948,geometry_alpha_0p800,0.8,,
geometry_alpha_0p800,alpha_blend,False,0.4079118384856934,0.7115319116149901,0.5308541070698815,0.7668240850059032,0.9723670490093848,2447,53,1031,1299,0.6916452887048561,0.5662544248347849,0.5282424595894899,115b2c6b0550371178c59e78fcb64d289e76d8d8a9b01e00fc60aa141de5d4e0,e67440e066c4b650ab4cff0d3af5ddfac7231975af417c208cc06d04c2721543,geometry_alpha_0p800,0.8,,
geometry_alpha_0p800,alpha_blend,False,0.5,0.7384803285885804,0.5873898933704219,0.7479338842975206,0.9775808133472367,2157,43,794,1267,0.6916452887048561,0.5662544248347849,0.5282424595894899,115b2c6b0550371178c59e78fcb64d289e76d8d8a9b01e00fc60aa141de5d4e0,932dc5eeabcd8d4769e03c4d35a41f281646c01f5a3973d0a4baeed93e08e79e,geometry_alpha_0p800,0.8,,
geometry_alpha_0p800,alpha_blend,False,0.6,0.7646285759971034,0.6559312936124531,0.7213695395513577,0.9874869655891554,1863,24,575,1222,0.6916452887048561,0.5662544248347849,0.5282424595894899,115b2c6b0550371178c59e78fcb64d289e76d8d8a9b01e00fc60aa141de5d4e0,6efe8ac8254b240027fa970f44aa7bc441e936b9609a936ec1b71cb3846915bb,geometry_alpha_0p800,0.8,,
geometry_alpha_0p800,alpha_blend,False,0.7,0.7850529854398998,0.7329153605015674,0.6900826446280992,0.9921793534932221,1595,15,378,1169,0.6916452887048561,0.5662544248347849,0.5282424595894899,115b2c6b0550371178c59e78fcb64d289e76d8d8a9b01e00fc60aa141de5d4e0,2eba04c68ea8b73f8e9ca8e6dc7eb8326184a87202c54adbfea333716cd10c40,geometry_alpha_0p800,0.8,,
geometry_alpha_0p800,alpha_blend,False,0.8,0.7839097251958389,0.8122137404580153,0.628099173553719,0.9963503649635036,1310,7,219,1064,0.6916452887048561,0.5662544248347849,0.5282424595894899,115b2c6b0550371178c59e78fcb64d289e76d8d8a9b01e00fc60aa141de5d4e0,867a61d998c8fad8650fad8d97300cf571371e795588250dcc9f9184960f059b,geometry_alpha_0p800,0.8,,
geometry_alpha_0p800,alpha_blend,False,0.824905582689089,0.7753904689502827,0.8316993464052288,0.6009445100354192,0.997393117831074,1224,5,183,1018,0.6916452887048561,0.5662544248347849,0.5282424595894899,115b2c6b0550371178c59e78fcb64d289e76d8d8a9b01e00fc60aa141de5d4e0,de33021dd24c8819aa5997808a3c41b287e3828d55e0c7e72af31fd116d9b299,geometry_alpha_0p800,0.8,,
geometry_alpha_0p800,alpha_blend,False,0.9,0.7131858825904278,0.9056179775280899,0.4757969303423849,0.9994786235662148,890,1,74,806,0.6916452887048561,0.5662544248347849,0.5282424595894899,115b2c6b0550371178c59e78fcb64d289e76d8d8a9b01e00fc60aa141de5d4e0,1f14c3925e5c3aa8d8293a2db94a9732757dcf7ab64969dfe21e65f5013c5b46,geometry_alpha_0p800,0.8,,
geometry_alpha_0p800,alpha_blend,False,0.9452218100435362,0.6128364389233955,0.9673202614379085,0.34946871310507677,1.0,612,0,17,592,0.6916452887048561,0.5662544248347849,0.5282424595894899,115b2c6b0550371178c59e78fcb64d289e76d8d8a9b01e00fc60aa141de5d4e0,9aa245e8dd6dab784f371d474f5154778bb0a14df5128c1bcfa3f7747f9cc866,geometry_alpha_0p800,0.8,,
geometry_alpha_0p800,alpha_blend,False,0.995328182064966,0.001768867924528302,1.0,0.0005903187721369539,1.0,1,0,0,1,0.6916452887048561,0.5662544248347849,0.5282424595894899,115b2c6b0550371178c59e78fcb64d289e76d8d8a9b01e00fc60aa141de5d4e0,5098974df0fb94e294f4e154de70961dd836b7c5b3e1940fcd1dc26a14016df3,geometry_alpha_0p800,0.8,,
geometry_alpha_1p000,alpha_blend,False,0.024250201115989065,0.3330414174472407,0.1539132330499237,0.833530106257379,0.7627737226277372,9174,455,6997,1412,0.6903678656170555,0.565422657870848,0.5274661638419407,e4835807fced9963eb2d8ca0396f876f610e735661834ad12f4a5e6e6df5f2ed,889a2c5b7e6555b14ef69078b61db66b0f04ba1494769f4d0cbcb14dff5d7359,geometry_risk_score,1.0,,
geometry_alpha_1p000,alpha_blend,False,0.05,0.41189780742639714,0.20540302451916018,0.8258559622195986,0.8305526590198123,6811,325,4860,1399,0.6903678656170555,0.565422657870848,0.5274661638419407,e4835807fced9963eb2d8ca0396f876f610e735661834ad12f4a5e6e6df5f2ed,89e4d31b69403a248fd680816e1b72025d897333317df5079c8b6d7566f791bb,geometry_risk_score,1.0,,
geometry_alpha_1p000,alpha_blend,False,0.06515549399771316,0.44262183413663714,0.22743623283191627,0.8211334120425029,0.8597497393117831,6116,269,4255,1391,0.6903678656170555,0.565422657870848,0.5274661638419407,e4835807fced9963eb2d8ca0396f876f610e735661834ad12f4a5e6e6df5f2ed,214668ca663fa2eee1c254e166012b6ae51fca40815179bc87a8ae6b402dcb5d,geometry_risk_score,1.0,,
geometry_alpha_1p000,alpha_blend,False,0.1,0.4946016836060181,0.2682170542635659,0.8170011806375442,0.8983315954118873,5160,195,3425,1384,0.6903678656170555,0.565422657870848,0.5274661638419407,e4835807fced9963eb2d8ca0396f876f610e735661834ad12f4a5e6e6df5f2ed,bbd25e820fc0cc1bdb0a54e1e616d2c4a78cd90b5c690a347652f209e9580aa9,geometry_risk_score,1.0,,
geometry_alpha_1p000,alpha_blend,False,0.15,0.5453667892243381,0.3142660234321158,0.807556080283353,0.9254431699687174,4353,143,2713,1368,0.6903678656170555,0.565422657870848,0.5274661638419407,e4835807fced9963eb2d8ca0396f876f610e735661834ad12f4a5e6e6df5f2ed,9c64b479dce47a112b4c28faf92ed285fe16ad8e531ae105e3e6c398d8a91f31,geometry_risk_score,1.0,,
geometry_alpha_1p000,alpha_blend,False,0.2,0.5829207645097653,0.35207253886010365,0.8022432113341205,0.9436913451511991,3860,108,2285,1359,0.6903678656170555,0.565422657870848,0.5274661638419407,e4835807fced9963eb2d8ca0396f876f610e735661834ad12f4a5e6e6df5f2ed,7bfc4aca7ce3bb39e4bb9f539d1d5ef8020052b3012cc02e6effdfb42672b417,geometry_risk_score,1.0,,
geometry_alpha_1p000,alpha_blend,False,0.22834207265231063,0.5969676666150853,0.3681198910081744,0.7975206611570248,0.9478623566214807,3670,100,2115,1351,0.6903678656170555,0.565422657870848,0.5274661638419407,e4835807fced9963eb2d8ca0396f876f610e735661834ad12f4a5e6e6df5f2ed,ad0c649d1c6b2db678527179061540333f03464d188f59bb739f510a49722b0d,geometry_risk_score,1.0,,
geometry_alpha_1p000,alpha_blend,False,0.25,0.609116880352852,0.382344592676696,0.795159386068477,0.9504692387904067,3523,95,1987,1347,0.6903678656170555,0.565422657870848,0.5274661638419407,e4835807fced9963eb2d8ca0396f876f610e735661834ad12f4a5e6e6df5f2ed,d16395ec19102042d4162dd1ccaec189d8a1cbeaa2ade1948ca6af2289f2fa9c,geometry_risk_score,1.0,,
geometry_alpha_1p000,alpha_blend,False,0.3,0.6375422249899999,0.4173399627097576,0.7927981109799291,0.9541188738269031,3218,88,1700,1343,0.6903678656170555,0.565422657870848,0.5274661638419407,e4835807fced9963eb2d8ca0396f876f610e735661834ad12f4a5e6e6df5f2ed,e9322ffad99b1f5c7019d008b314257124cb08717e95de0e6d84de1dd74c2689,geometry_risk_score,1.0,,
geometry_alpha_1p000,alpha_blend,False,0.35,0.6617302481045929,0.4496124031007752,0.7874852420306966,0.9619395203336809,2967,73,1479,1334,0.6903678656170555,0.565422657870848,0.5274661638419407,e4835807fced9963eb2d8ca0396f876f610e735661834ad12f4a5e6e6df5f2ed,e6eb001e673bab3fbfcdb6df2489254d3f7dfb5a99d91828561b246b27850042,geometry_risk_score,1.0,,
geometry_alpha_1p000,alpha_blend,False,0.4,0.6803648652433829,0.4782766111513396,0.7798110979929161,0.9650677789363921,2762,67,1303,1321,0.6903678656170555,0.565422657870848,0.5274661638419407,e4835807fced9963eb2d8ca0396f876f610e735661834ad12f4a5e6e6df5f2ed,03e72f60fea69731c152bb0bc6e04428034524a7526e431a314c3c5b5e60f02c,geometry_risk_score,1.0,,
geometry_alpha_1p000,alpha_blend,False,0.49041296457088707,0.7112105999312888,0.5304454434000817,0.7662337662337663,0.97288842544317,2447,52,1033,1298,0.6903678656170555,0.565422657870848,0.5274661638419407,e4835807fced9963eb2d8ca0396f876f610e735661834ad12f4a5e6e6df5f2ed,0981c6e17544baebb578abcc715749334d5dcf3b3d448ffc4cfa4cf9bb98ac76,geometry_risk_score,1.0,,
geometry_alpha_1p000,alpha_blend,False,0.5,0.7134025557724188,0.5344046147507211,0.7656434474616293,0.97288842544317,2427,52,1015,1297,0.6903678656170555,0.565422657870848,0.5274661638419407,e4835807fced9963eb2d8ca0396f876f610e735661834ad12f4a5e6e6df5f2ed,c9db56aed646e55a650fb362cd93e54c8db3da83ca7895728f16dafa4db5b726,geometry_risk_score,1.0,,
geometry_alpha_1p000,alpha_blend,False,0.6,0.7392322348961289,0.5899112564222326,0.7455726092089728,0.9786235662148071,2141,41,784,1263,0.6903678656170555,0.565422657870848,0.5274661638419407,e4835807fced9963eb2d8ca0396f876f610e735661834ad12f4a5e6e6df5f2ed,0d8bd904050ae2a93cc0c387b8d03056c9193a2c53390390c8b57a444a8ad2ab,geometry_risk_score,1.0,,
geometry_alpha_1p000,alpha_blend,False,0.7,0.7635555122649665,0.6533119658119658,0.7219598583234947,0.9869655891553701,1872,25,583,1223,0.6903678656170555,0.565422657870848,0.5274661638419407,e4835807fced9963eb2d8ca0396f876f610e735661834ad12f4a5e6e6df5f2ed,e5280022d977a454dacfbae76eba7fab943b85a8ed801addce80930d8e0e301e,geometry_risk_score,1.0,,
geometry_alpha_1p000,alpha_blend,False,0.8,0.7846931112555763,0.7268232385661311,0.6942148760330579,0.9932221063607924,1618,13,396,1176,0.6903678656170555,0.565422657870848,0.5274661638419407,e4835807fced9963eb2d8ca0396f876f610e735661834ad12f4a5e6e6df5f2ed,79c1f2a20d01ab9d03ca145980c58ad3c945883a98d21bb6793a735349a5fe9b,geometry_risk_score,1.0,,
geometry_alpha_1p000,alpha_blend,False,0.9,0.7822143005530474,0.8086890243902439,0.6263282172373081,0.9979144942648592,1312,4,228,1061,0.6903678656170555,0.565422657870848,0.5274661638419407,e4835807fced9963eb2d8ca0396f876f610e735661834ad12f4a5e6e6df5f2ed,f78696e6c77e5a24c49877a45ce1c09d2c43f131b9c725bbf5cf2b0d6359a915,geometry_risk_score,1.0,,
geometry_alpha_1p000,alpha_blend,False,0.9182574619016239,0.7756003784367443,0.8316993464052288,0.6009445100354192,0.9984358706986444,1224,3,187,1018,0.6903678656170555,0.565422657870848,0.5274661638419407,e4835807fced9963eb2d8ca0396f876f610e735661834ad12f4a5e6e6df5f2ed,5368858da829c68be5d07b881827bc7aa28d666ab3eb76b3592a818d7712f732,geometry_risk_score,1.0,,
geometry_alpha_1p000,alpha_blend,False,0.9838410601746692,0.6070563818747838,0.9558823529411765,0.34533648170011805,1.0,612,0,25,585,0.6903678656170555,0.565422657870848,0.5274661638419407,e4835807fced9963eb2d8ca0396f876f610e735661834ad12f4a5e6e6df5f2ed,36f0ec3af1f03fc5508f0bbcae2f4a5a916b511334cba372d6b31b7a6eb7d9ba,geometry_risk_score,1.0,,
geometry_alpha_1p000,alpha_blend,False,0.9991089777194903,0.001768867924528302,1.0,0.0005903187721369539,1.0,1,0,0,1,0.6903678656170555,0.565422657870848,0.5274661638419407,e4835807fced9963eb2d8ca0396f876f610e735661834ad12f4a5e6e6df5f2ed,5098974df0fb94e294f4e154de70961dd836b7c5b3e1940fcd1dc26a14016df3,geometry_risk_score,1.0,,
class_reliability_gamma_0p250,class_scaled_raw,True,0.0019094226150997615,0.33180303485362045,0.15347721822541965,0.8311688311688312,0.7559958289885297,9174,468,6915,1408,0.6922885428849208,0.5676620864857058,0.5293559964411817,e2fbb6eac18968c3622fa8990c25a01673b4c96e16ceeb46d3a0de74773777ae,7ecef8893336b09b6bb1c2f5d06d2c42dc6fab87c5c81b2e8642ae29eddeba66,class_reliability_gamma_0p250,,0.25,
class_reliability_gamma_0p250,class_scaled_raw,True,0.005816032853302953,0.43897384185718485,0.22678221059516024,0.8187721369539551,0.8310740354535975,6116,324,4153,1387,0.6922885428849208,0.5676620864857058,0.5293559964411817,e2fbb6eac18968c3622fa8990c25a01673b4c96e16ceeb46d3a0de74773777ae,6b091c83dac364e64c09586d51b8c0e7aa2d379ec6f21b0936e53744c7975317,class_reliability_gamma_0p250,,0.25,
class_reliability_gamma_0p250,class_scaled_raw,True,0.025206325274641537,0.5927541315361347,0.367574931880109,0.7963400236127509,0.921793534932221,3670,150,2044,1349,0.6922885428849208,0.5676620864857058,0.5293559964411817,e2fbb6eac18968c3622fa8990c25a01673b4c96e16ceeb46d3a0de74773777ae,eed71f8f70ede92a874db31300c5c1c1e0b56e16b3f35066cf9cad8dab406131,class_reliability_gamma_0p250,,0.25,
class_reliability_gamma_0p250,class_scaled_raw,True,0.05,0.6698694810806782,0.46629015178256267,0.7798110979929161,0.9509906152241918,2833,94,1332,1321,0.6922885428849208,0.5676620864857058,0.5293559964411817,e2fbb6eac18968c3622fa8990c25a01673b4c96e16ceeb46d3a0de74773777ae,12378b7928da85b33559274e37d3c76e78e2bb648ec255a8ffca783c91c8eab9,class_reliability_gamma_0p250,,0.25,
class_reliability_gamma_0p250,class_scaled_raw,True,0.0754775910512728,0.7078519837636312,0.5296281160604822,0.7650531286894924,0.9588112617309698,2447,79,1002,1296,0.6922885428849208,0.5676620864857058,0.5293559964411817,e2fbb6eac18968c3622fa8990c25a01673b4c96e16ceeb46d3a0de74773777ae,5500258e232d58cb61c86523999f8e4424ec05236f402d6446aea2b46616931b,class_reliability_gamma_0p250,,0.25,
class_reliability_gamma_0p250,class_scaled_raw,True,0.1,0.728087774139446,0.5709793351302785,0.7502951593860685,0.9650677789363921,2226,67,825,1271,0.6922885428849208,0.5676620864857058,0.5293559964411817,e2fbb6eac18968c3622fa8990c25a01673b4c96e16ceeb46d3a0de74773777ae,bf7c71eb505cca39ef23ec4c6f093bd17c2c1f7ab0c850cc18f97f86ea191237,class_reliability_gamma_0p250,,0.25,
class_reliability_gamma_0p250,class_scaled_raw,True,0.15,0.7560641729652984,0.6351490236382322,0.7296340023612751,0.9775808133472367,1946,43,619,1236,0.6922885428849208,0.5676620864857058,0.5293559964411817,e2fbb6eac18968c3622fa8990c25a01673b4c96e16ceeb46d3a0de74773777ae,6122d79569b0ec4f08d218d17cb9593c51e86d5f398039c663812e253d7388e9,class_reliability_gamma_0p250,,0.25,
class_reliability_gamma_0p250,class_scaled_raw,True,0.2,0.7736117845099503,0.6871794871794872,0.7119244391971665,0.9822732012513035,1755,34,477,1206,0.6922885428849208,0.5676620864857058,0.5293559964411817,e2fbb6eac18968c3622fa8990c25a01673b4c96e16ceeb46d3a0de74773777ae,e47ff433be59c892123a4131e7a1c057e75b909c1ca57cf195c802e23071a588,class_reliability_gamma_0p250,,0.25,
class_reliability_gamma_0p250,class_scaled_raw,True,0.25,0.7831508487815518,0.7310819262038775,0.6900826446280992,0.986444212721585,1599,26,374,1169,0.6922885428849208,0.5676620864857058,0.5293559964411817,e2fbb6eac18968c3622fa8990c25a01673b4c96e16ceeb46d3a0de74773777ae,7c86b071b725e7590a0e06948758543430034646a93be190a8ad10d528ced95a,class_reliability_gamma_0p250,,0.25,
class_reliability_gamma_0p250,class_scaled_raw,True,0.3,0.7863803338061987,0.7634770889487871,0.6688311688311688,0.9900938477580813,1484,19,309,1133,0.6922885428849208,0.5676620864857058,0.5293559964411817,e2fbb6eac18968c3622fa8990c25a01673b4c96e16ceeb46d3a0de74773777ae,dd12b91124a9989205dc2f9f704c0696321ce2565f0a664282df49a808d96559,class_reliability_gamma_0p250,,0.25,
class_reliability_gamma_0p250,class_scaled_raw,True,0.35,0.7886938624447569,0.8002926115581566,0.6458087367178277,0.9942648592283628,1367,11,238,1094,0.6922885428849208,0.5676620864857058,0.5293559964411817,e2fbb6eac18968c3622fa8990c25a01673b4c96e16ceeb46d3a0de74773777ae,bbadd35daf26bcdae0f0748da84152e0af30f98af9027a8d0b837518e8271ae3,class_reliability_gamma_0p250,,0.25,
class_reliability_gamma_0p250,class_scaled_raw,True,0.4,0.7804666084257255,0.8202511773940345,0.6168831168831169,0.9963503649635036,1274,7,199,1045,0.6922885428849208,0.5676620864857058,0.5293559964411817,e2fbb6eac18968c3622fa8990c25a01673b4c96e16ceeb46d3a0de74773777ae,f3bb906021faf5e12d484cafe06002987fac90176595a5d08a3e2a8fba80c132,class_reliability_gamma_0p250,,0.25,
class_reliability_gamma_0p250,class_scaled_raw,True,0.4254240976284375,0.7706590742662719,0.8251633986928104,0.5962219598583235,0.9963503649635036,1224,7,185,1010,0.6922885428849208,0.5676620864857058,0.5293559964411817,e2fbb6eac18968c3622fa8990c25a01673b4c96e16ceeb46d3a0de74773777ae,e1beea3bf47ac007dc82c58d5c983805e4eaa7762f3908d44d12366ed49e9c60,class_reliability_gamma_0p250,,0.25,
class_reliability_gamma_0p250,class_scaled_raw,True,0.5,0.7526467246870181,0.8611111111111112,0.5489964580873672,0.9968717413972888,1080,6,127,930,0.6922885428849208,0.5676620864857058,0.5293559964411817,e2fbb6eac18968c3622fa8990c25a01673b4c96e16ceeb46d3a0de74773777ae,a4a5fc7f79b7079fef5c5f0d823594626a4e31a6645026ce385523e121bbc5b2,class_reliability_gamma_0p250,,0.25,
class_reliability_gamma_0p250,class_scaled_raw,True,0.6,0.713439334881636,0.9047085201793722,0.47638724911452185,0.9994786235662148,892,1,76,807,0.6922885428849208,0.5676620864857058,0.5293559964411817,e2fbb6eac18968c3622fa8990c25a01673b4c96e16ceeb46d3a0de74773777ae,2f1e777dfbed3ab4edea00b18f7aa17d1c70f25f916898584dc52263d1b7faf0,class_reliability_gamma_0p250,,0.25,
class_reliability_gamma_0p250,class_scaled_raw,True,0.7,0.645895153313551,0.9518950437317785,0.3854781582054309,1.0,686,0,28,653,0.6922885428849208,0.5676620864857058,0.5293559964411817,e2fbb6eac18968c3622fa8990c25a01673b4c96e16ceeb46d3a0de74773777ae,79dd2ad9e6cd435b04aa7c1e0b754607211da3af80d01c844438ff9d334517fd,class_reliability_gamma_0p250,,0.25,
class_reliability_gamma_0p250,class_scaled_raw,True,0.7441671956302658,0.6070563818747838,0.9558823529411765,0.34533648170011805,1.0,612,0,22,585,0.6922885428849208,0.5676620864857058,0.5293559964411817,e2fbb6eac18968c3622fa8990c25a01673b4c96e16ceeb46d3a0de74773777ae,e6d18260812e03e98c5d45061d9168ce2f942783c59097dcb4b1b3207e26aca4,class_reliability_gamma_0p250,,0.25,
class_reliability_gamma_0p250,class_scaled_raw,True,0.8,0.507745933384973,0.9689578713968958,0.2579693034238489,1.0,451,0,12,437,0.6922885428849208,0.5676620864857058,0.5293559964411817,e2fbb6eac18968c3622fa8990c25a01673b4c96e16ceeb46d3a0de74773777ae,5eb6a402f8729aa86580b57965ee3049cfbb40047eecf70067ff8e2e5a7cfaf6,class_reliability_gamma_0p250,,0.25,
class_reliability_gamma_0p250,class_scaled_raw,True,0.9,0.1777546777546777,0.9827586206896551,0.06729634002361275,1.0,116,0,2,114,0.6922885428849208,0.5676620864857058,0.5293559964411817,e2fbb6eac18968c3622fa8990c25a01673b4c96e16ceeb46d3a0de74773777ae,0ddeb3171286897d3d7f01bf13e25f154bce10abcf4c0d90f84b0a137e94f37c,class_reliability_gamma_0p250,,0.25,
class_reliability_gamma_0p250,class_scaled_raw,True,0.9587688119686151,0.001768867924528302,1.0,0.0005903187721369539,1.0,1,0,0,1,0.6922885428849208,0.5676620864857058,0.5293559964411817,e2fbb6eac18968c3622fa8990c25a01673b4c96e16ceeb46d3a0de74773777ae,d054229cec33bb2a0f661c39ed99edfc67e6b8af845b2a514720e841bb6d3b43,class_reliability_gamma_0p250,,0.25,
class_reliability_gamma_0p500,class_scaled_raw,True,0.001700850491116088,0.3317360010691307,0.15347721822541965,0.8311688311688312,0.7549530761209593,9174,470,6912,1408,0.6922885428849208,0.5676620864857058,0.5293559964411817,ca88befc3ff765af806f1f57a7eb8b3d1c756d79ee3ef2d11da4b61493ce1ab1,e4d3c633bf1fa0ea16ba16ba0f7abca987013aa9b071d3bbd8ae740d716d31eb,class_reliability_gamma_0p500,,0.5,
class_reliability_gamma_0p500,class_scaled_raw,True,0.005200182156414206,0.43933156624365105,0.22694571615434925,0.8193624557260921,0.8321167883211679,6116,322,4153,1388,0.6922885428849208,0.5676620864857058,0.5293559964411817,ca88befc3ff765af806f1f57a7eb8b3d1c756d79ee3ef2d11da4b61493ce1ab1,1bbba16990d51688eaae04297168b5e6504e4f27a06a2b22973d1767e95f134d,class_reliability_gamma_0p500,,0.5,
class_reliability_gamma_0p500,class_scaled_raw,True,0.02300444075810781,0.5928383961921131,0.3673024523160763,0.7957497048406139,0.9249217935349322,3670,144,2053,1348,0.6922885428849208,0.5676620864857058,0.5293559964411817,ca88befc3ff765af806f1f57a7eb8b3d1c756d79ee3ef2d11da4b61493ce1ab1,3a9b0b538e04ace7c90b6ec23884be1cdf554a87ea3047907911c768c8118543,class_reliability_gamma_0p500,,0.5,
class_reliability_gamma_0p500,class_scaled_raw,True,0.05,0.6793370841777568,0.48099415204678364,0.7768595041322314,0.9525547445255474,2736,91,1247,1316,0.6922885428849208,0.5676620864857058,0.5293559964411817,ca88befc3ff765af806f1f57a7eb8b3d1c756d79ee3ef2d11da4b61493ce1ab1,010bf6d83e5b16043052e5eda8390a536d5e725311a7b6ca9dc90c0fb5793d26,class_reliability_gamma_0p500,,0.5,
class_reliability_gamma_0p500,class_scaled_raw,True,0.0684056097648869,0.7082302496710927,0.5296281160604822,0.7650531286894924,0.9608967674661105,2447,75,1006,1296,0.6922885428849208,0.5676620864857058,0.5293559964411817,ca88befc3ff765af806f1f57a7eb8b3d1c756d79ee3ef2d11da4b61493ce1ab1,917fdb6501678f87df0c9a68d7377ad8a947b6fdd8d73bfca55bc1b0b3e9b9ef,class_reliability_gamma_0p500,,0.5,
class_reliability_gamma_0p500,class_scaled_raw,True,0.1,0.7345824579158753,0.5841035120147874,0.7461629279811098,0.9692387904066736,2164,59,786,1264,0.6922885428849208,0.5676620864857058,0.5293559964411817,ca88befc3ff765af806f1f57a7eb8b3d1c756d79ee3ef2d11da4b61493ce1ab1,c699f4c413d299a075400622e4540f9ef8486bdee0a8ff5f2b510095d4dc485e,class_reliability_gamma_0p500,,0.5,
class_reliability_gamma_0p500,class_scaled_raw,True,0.15,0.7625780459418097,0.6531699520511455,0.7237308146399055,0.9791449426485923,1877,40,567,1226,0.6922885428849208,0.5676620864857058,0.5293559964411817,ca88befc3ff765af806f1f57a7eb8b3d1c756d79ee3ef2d11da4b61493ce1ab1,4317889c08d71319e0c1e453180534c73a6e297906508f116da7d7dd7e8b9ecb,class_reliability_gamma_0p500,,0.5,
class_reliability_gamma_0p500,class_scaled_raw,True,0.2,0.775115804176938,0.6994117647058824,0.7018890200708382,0.9843587069864442,1700,30,446,1189,0.6922885428849208,0.5676620864857058,0.5293559964411817,ca88befc3ff765af806f1f57a7eb8b3d1c756d79ee3ef2d11da4b61493ce1ab1,e8d61e616394e93b8ed29545dcb4d419209c93f35f3c6ebfb6e235a64b964cc8,class_reliability_gamma_0p500,,0.5,
class_reliability_gamma_0p500,class_scaled_raw,True,0.25,0.7841059347384898,0.7445019404915912,0.679456906729634,0.9890510948905109,1546,21,348,1151,0.6922885428849208,0.5676620864857058,0.5293559964411817,ca88befc3ff765af806f1f57a7eb8b3d1c756d79ee3ef2d11da4b61493ce1ab1,31f3ecb6a82f12c412e70771d168b63fe8bb4ef05c0e4e341fdc97743f7d7322,class_reliability_gamma_0p500,,0.5,
class_reliability_gamma_0p500,class_scaled_raw,True,0.3,0.7848522091945865,0.7788732394366197,0.6528925619834711,0.9932221063607924,1420,13,278,1106,0.6922885428849208,0.5676620864857058,0.5293559964411817,ca88befc3ff765af806f1f57a7eb8b3d1c756d79ee3ef2d11da4b61493ce1ab1,c1d36ad6ed22b1b1fa9dbca74568a45797207bff1170558b07eb83e21d61371b,class_reliability_gamma_0p500,,0.5,
class_reliability_gamma_0p500,class_scaled_raw,True,0.35,0.7851186036304102,0.8121673003802281,0.6304604486422668,0.9963503649635036,1315,7,217,1068,0.6922885428849208,0.5676620864857058,0.5293559964411817,ca88befc3ff765af806f1f57a7eb8b3d1c756d79ee3ef2d11da4b61493ce1ab1,94076178b49bdc76725bc135822bd7edd36bff525e2053a42c52c552cf481f86,class_reliability_gamma_0p500,,0.5,
class_reliability_gamma_0p500,class_scaled_raw,True,0.39337431036768733,0.7707630092932837,0.8251633986928104,0.5962219598583235,0.9968717413972888,1224,6,186,1010,0.6922885428849208,0.5676620864857058,0.5293559964411817,ca88befc3ff765af806f1f57a7eb8b3d1c756d79ee3ef2d11da4b61493ce1ab1,470e0e04d45517483219a26ee2639a90ec5ace87c8d03f0c9f6ac36f4a364cd7,class_reliability_gamma_0p500,,0.5,
class_reliability_gamma_0p500,class_scaled_raw,True,0.4,0.7674510735650332,0.826302729528536,0.589728453364817,0.9968717413972888,1209,6,182,999,0.6922885428849208,0.5676620864857058,0.5293559964411817,ca88befc3ff765af806f1f57a7eb8b3d1c756d79ee3ef2d11da4b61493ce1ab1,a01e2bf141972b7c907ed592c5f9af013906db787650f5423b3f16e16e7548f1,class_reliability_gamma_0p500,,0.5,
class_reliability_gamma_0p500,class_scaled_raw,True,0.5,0.7337256679488757,0.8762575452716298,0.5141676505312869,0.997393117831074,994,5,106,871,0.6922885428849208,0.5676620864857058,0.5293559964411817,ca88befc3ff765af806f1f57a7eb8b3d1c756d79ee3ef2d11da4b61493ce1ab1,f44e5a2ba1c861e76dd61821d893a1eaf5d80dd51e94fec7e47a3d28abe48f47,class_reliability_gamma_0p500,,0.5,
class_reliability_gamma_0p500,class_scaled_raw,True,0.6,0.6838849365914013,0.9189526184538653,0.43506493506493504,1.0,802,0,59,737,0.6922885428849208,0.5676620864857058,0.5293559964411817,ca88befc3ff765af806f1f57a7eb8b3d1c756d79ee3ef2d11da4b61493ce1ab1,2cc217842d1d4ecad99677ccf3417622ffaaa80ab9075002b24d222010afbae7,class_reliability_gamma_0p500,,0.5,
class_reliability_gamma_0p500,class_scaled_raw,True,0.6888715085405817,0.6045706371191135,0.9509803921568627,0.3435655253837072,1.0,612,0,25,582,0.6922885428849208,0.5676620864857058,0.5293559964411817,ca88befc3ff765af806f1f57a7eb8b3d1c756d79ee3ef2d11da4b61493ce1ab1,587875696ec81c58f05ddecf5ffade583c36cd267799c41ffcfebb563d7fbf4a,class_reliability_gamma_0p500,,0.5,
class_reliability_gamma_0p500,class_scaled_raw,True,0.7,0.5953797689884495,0.9513422818791947,0.3347107438016529,1.0,596,0,25,567,0.6922885428849208,0.5676620864857058,0.5293559964411817,ca88befc3ff765af806f1f57a7eb8b3d1c756d79ee3ef2d11da4b61493ce1ab1,7c1de59721ad9cf469e4305aae75adf9361c3c94170610e4fe293f0cf579b04c,class_reliability_gamma_0p500,,0.5,
class_reliability_gamma_0p500,class_scaled_raw,True,0.8,0.41822033898305083,0.9762611275964391,0.19421487603305784,1.0,337,0,7,329,0.6922885428849208,0.5676620864857058,0.5293559964411817,ca88befc3ff765af806f1f57a7eb8b3d1c756d79ee3ef2d11da4b61493ce1ab1,bb15c9f2c93a70d61021eb176f54990ba65f2a517d670d008687ac104c3459d8,class_reliability_gamma_0p500,,0.5,
class_reliability_gamma_0p500,class_scaled_raw,True,0.9,0.02267441860465116,1.0,0.007674144037780401,1.0,13,0,0,13,0.6922885428849208,0.5676620864857058,0.5293559964411817,ca88befc3ff765af806f1f57a7eb8b3d1c756d79ee3ef2d11da4b61493ce1ab1,1383dcd810278b83164bdae1835aa86e33fcce85421cdd06ce3832300adb231f,class_reliability_gamma_0p500,,0.5,
class_reliability_gamma_0p500,class_scaled_raw,True,0.9505932084673646,0.001768867924528302,1.0,0.0005903187721369539,1.0,1,0,0,1,0.6922885428849208,0.5676620864857058,0.5293559964411817,ca88befc3ff765af806f1f57a7eb8b3d1c756d79ee3ef2d11da4b61493ce1ab1,d054229cec33bb2a0f661c39ed99edfc67e6b8af845b2a514720e841bb6d3b43,class_reliability_gamma_0p500,,0.5,
class_reliability_gamma_0p750,class_scaled_raw,True,0.0015143649521873945,0.33207075889323434,0.15369522563767168,0.8323494687131051,0.7539103232533889,9174,472,6911,1410,0.6922885428849208,0.5676620864857058,0.5293559964411817,0113e421dc8ae53c3a879c6a7011d3ee676b86becf4b3afc153d654c36a31a66,0acdbc4f603c96419fc4663cf91f6a11c0f5936bba075c1fa046e26ca266b705,class_reliability_gamma_0p750,,0.75,
class_reliability_gamma_0p750,class_scaled_raw,True,0.004689162383976547,0.4390887157611261,0.22694571615434925,0.8193624557260921,0.829509906152242,6116,327,4151,1388,0.6922885428849208,0.5676620864857058,0.5293559964411817,0113e421dc8ae53c3a879c6a7011d3ee676b86becf4b3afc153d654c36a31a66,55080ebacd6de191c71ccb5eb08a69d2ee1ee5da91d3e972a0e80c5f5fb51834,class_reliability_gamma_0p750,,0.75,
class_reliability_gamma_0p750,class_scaled_raw,True,0.02097766444265196,0.5929810679191619,0.3673024523160763,0.7957497048406139,0.9259645464025026,3670,142,2057,1348,0.6922885428849208,0.5676620864857058,0.5293559964411817,0113e421dc8ae53c3a879c6a7011d3ee676b86becf4b3afc153d654c36a31a66,6a10807f2fc29ea0c9edf4f001b277a9f83cf1a5b686fafd6700ad20c6142cc6,class_reliability_gamma_0p750,,0.75,
class_reliability_gamma_0p750,class_scaled_raw,True,0.05,0.6877919901100517,0.4939713639788998,0.7739079102715466,0.956725755995829,2654,83,1183,1311,0.6922885428849208,0.5676620864857058,0.5293559964411817,0113e421dc8ae53c3a879c6a7011d3ee676b86becf4b3afc153d654c36a31a66,3fa93ef58e729162c5cb3abb3464cb06de5ee51ae17a0ded89af68c8d6539466,class_reliability_gamma_0p750,,0.75,
class_reliability_gamma_0p750,class_scaled_raw,True,0.062225048210752414,0.7075937382959576,0.5288107887208827,0.7638724911452184,0.9619395203336809,2447,73,1011,1294,0.6922885428849208,0.5676620864857058,0.5293559964411817,0113e421dc8ae53c3a879c6a7011d3ee676b86becf4b3afc153d654c36a31a66,f06d7dc971d717ad99852545b5c74eabe6550276e25cfdd9ec3faa4b07ca7a0e,class_reliability_gamma_0p750,,0.75,
class_reliability_gamma_0p750,class_scaled_raw,True,0.1,0.741058497370202,0.5978105663969538,0.7414403778040142,0.9739311783107404,2101,50,744,1256,0.6922885428849208,0.5676620864857058,0.5293559964411817,0113e421dc8ae53c3a879c6a7011d3ee676b86becf4b3afc153d654c36a31a66,b95ff3dfa0e0b046de8f15fdfe59c34507375d643dabf646935fed1d8a9a45f4,class_reliability_gamma_0p750,,0.75,
class_reliability_gamma_0p750,class_scaled_raw,True,0.15,0.7666456426236128,0.667032967032967,0.7166469893742621,0.9817518248175182,1820,35,531,1214,0.6922885428849208,0.5676620864857058,0.5293559964411817,0113e421dc8ae53c3a879c6a7011d3ee676b86becf4b3afc153d654c36a31a66,061a1f097b9ff942e12ba26ecad2082669c63692a7af068e6e8f7c8c186e51a5,class_reliability_gamma_0p750,,0.75,
class_reliability_gamma_0p750,class_scaled_raw,True,0.2,0.778073876605617,0.7155067155067155,0.69185360094451,0.9874869655891554,1638,24,409,1172,0.6922885428849208,0.5676620864857058,0.5293559964411817,0113e421dc8ae53c3a879c6a7011d3ee676b86becf4b3afc153d654c36a31a66,99161091b65ad794b2b8b469a10d500ee9ee4b435781851f3fc65707276cd019,class_reliability_gamma_0p750,,0.75,
class_reliability_gamma_0p750,class_scaled_raw,True,0.25,0.7843339111920584,0.76062036412677,0.6658795749704841,0.9916579770594369,1483,16,315,1128,0.6922885428849208,0.5676620864857058,0.5293559964411817,0113e421dc8ae53c3a879c6a7011d3ee676b86becf4b3afc153d654c36a31a66,2d46ed53517f05835403247c39d8f4ac074d1e9447a6455390054bcd1fe087dc,class_reliability_gamma_0p750,,0.75,
class_reliability_gamma_0p750,class_scaled_raw,True,0.3,0.7832820487798835,0.7938371239911959,0.6387249114521841,0.9953076120959332,1363,9,249,1082,0.6922885428849208,0.5676620864857058,0.5293559964411817,0113e421dc8ae53c3a879c6a7011d3ee676b86becf4b3afc153d654c36a31a66,df0eeb263fd9adf7500366e4ea615763526ecd3edcf416c73e5fa7915339c929,class_reliability_gamma_0p750,,0.75,
class_reliability_gamma_0p750,class_scaled_raw,True,0.35,0.7716903942539732,0.8201612903225807,0.6003541912632822,0.997393117831074,1240,5,196,1017,0.6922885428849208,0.5676620864857058,0.5293559964411817,0113e421dc8ae53c3a879c6a7011d3ee676b86becf4b3afc153d654c36a31a66,6063cef227e64b4978ac5000982e38629afddd9aa4a1a08000348a1411b3b111,class_reliability_gamma_0p750,,0.75,
class_reliability_gamma_0p750,class_scaled_raw,True,0.3594316758742871,0.7685981307415874,0.8218954248366013,0.5938606847697757,0.997393117831074,1224,5,192,1006,0.6922885428849208,0.5676620864857058,0.5293559964411817,0113e421dc8ae53c3a879c6a7011d3ee676b86becf4b3afc153d654c36a31a66,d71362feee0d5f6758974666e1587ff2311a33fa2fec736d4994e708cf677c1b,class_reliability_gamma_0p750,,0.75,
class_reliability_gamma_0p750,class_scaled_raw,True,0.4,0.7529751691706024,0.8340649692712906,0.5608028335301063,0.9979144942648592,1139,4,166,950,0.6922885428849208,0.5676620864857058,0.5293559964411817,0113e421dc8ae53c3a879c6a7011d3ee676b86becf4b3afc153d654c36a31a66,428f334b3ebdd83868aff22b4fc6cd69e9b1a2d95b9fba55e155c4edfe83db41,class_reliability_gamma_0p750,,0.75,
class_reliability_gamma_0p750,class_scaled_raw,True,0.5,0.712696256167355,0.8867102396514162,0.4805194805194805,0.9994786235662148,918,1,95,814,0.6922885428849208,0.5676620864857058,0.5293559964411817,0113e421dc8ae53c3a879c6a7011d3ee676b86becf4b3afc153d654c36a31a66,d982cb0b2569fadd2a5271ea5f552113bc848a6d19cce00c763153832b58b0a6,class_reliability_gamma_0p750,,0.75,
class_reliability_gamma_0p750,class_scaled_raw,True,0.6,0.6428571428571428,0.9289772727272727,0.3860684769775679,1.0,704,0,45,654,0.6922885428849208,0.5676620864857058,0.5293559964411817,0113e421dc8ae53c3a879c6a7011d3ee676b86becf4b3afc153d654c36a31a66,da089805536db4702ebf3fd65d0aea4d403999ed2a6a9cec9a0776129b67794b,class_reliability_gamma_0p750,,0.75,
class_reliability_gamma_0p750,class_scaled_raw,True,0.6459661814389556,0.6045706371191135,0.9509803921568627,0.3435655253837072,1.0,612,0,27,582,0.6922885428849208,0.5676620864857058,0.5293559964411817,0113e421dc8ae53c3a879c6a7011d3ee676b86becf4b3afc153d654c36a31a66,204fc97c29389a9f16c79724baeaab1c7c3eaf964c3be5dd620f9e64ca9df65c,class_reliability_gamma_0p750,,0.75,
class_reliability_gamma_0p750,class_scaled_raw,True,0.7,0.5399551904406273,0.9601593625498008,0.2845336481700118,1.0,502,0,17,482,0.6922885428849208,0.5676620864857058,0.5293559964411817,0113e421dc8ae53c3a879c6a7011d3ee676b86becf4b3afc153d654c36a31a66,4a124cc50ed2fc317aa24c252839e667ff2efc6aa6b6662b2883d7f8ab73b3b9,class_reliability_gamma_0p750,,0.75,
class_reliability_gamma_0p750,class_scaled_raw,True,0.8,0.318941504178273,0.9913419913419913,0.13518299881936247,1.0,231,0,2,229,0.6922885428849208,0.5676620864857058,0.5293559964411817,0113e421dc8ae53c3a879c6a7011d3ee676b86becf4b3afc153d654c36a31a66,bd1d8e262a2f876868079a3a9832e293e247fcc0212f99b048fe2d4fd61ad1d6,class_reliability_gamma_0p750,,0.75,
class_reliability_gamma_0p750,class_scaled_raw,True,0.9,0.020954598370197905,1.0,0.0070838252656434475,1.0,12,0,0,12,0.6922885428849208,0.5676620864857058,0.5293559964411817,0113e421dc8ae53c3a879c6a7011d3ee676b86becf4b3afc153d654c36a31a66,af7672f8f1bae927718e2be20f99ee7edac74b3d898c4cbe830ec70d4b493046,class_reliability_gamma_0p750,,0.75,
class_reliability_gamma_0p750,class_scaled_raw,True,0.9424873198877668,0.001768867924528302,1.0,0.0005903187721369539,1.0,1,0,0,1,0.6922885428849208,0.5676620864857058,0.5293559964411817,0113e421dc8ae53c3a879c6a7011d3ee676b86becf4b3afc153d654c36a31a66,d054229cec33bb2a0f661c39ed99edfc67e6b8af845b2a514720e841bb6d3b43,class_reliability_gamma_0p750,,0.75,
class_reliability_gamma_1p000,class_scaled_raw,True,0.00135387735747239,0.33207075889323434,0.15369522563767168,0.8323494687131051,0.7539103232533889,9174,472,6908,1410,0.6922885428849208,0.5676620864857058,0.5293559964411817,3d271f336deadfca78ed6b72d22096efbd86ead72609f770600db96120b568e4,8ab9e60fb82f784d62ec2b07debc4da7d72c25add7f4c7f1b1350036a51ad6da,class_reliability_gamma_1p000,,1.0,
class_reliability_gamma_1p000,class_scaled_raw,True,0.0041426936331545195,0.4390887157611261,0.22694571615434925,0.8193624557260921,0.829509906152242,6116,327,4158,1388,0.6922885428849208,0.5676620864857058,0.5293559964411817,3d271f336deadfca78ed6b72d22096efbd86ead72609f770600db96120b568e4,800db98ee4e620595d4bc867b3645b1a18618e84aa5b9a52bbbb1d6e168a1ceb,class_reliability_gamma_1p000,,1.0,
class_reliability_gamma_1p000,class_scaled_raw,True,0.019222386275499496,0.5927061764663641,0.3670299727520436,0.795159386068477,0.9264859228362878,3670,141,2062,1347,0.6922885428849208,0.5676620864857058,0.5293559964411817,3d271f336deadfca78ed6b72d22096efbd86ead72609f770600db96120b568e4,238ea94be3304ab44af7fce25fe0e3edcdc00d4456532aaac574698bf3b39ed7,class_reliability_gamma_1p000,,1.0,
class_reliability_gamma_1p000,class_scaled_raw,True,0.05,0.695252456633518,0.506201550387597,0.7709563164108618,0.959332638164755,2580,78,1122,1306,0.6922885428849208,0.5676620864857058,0.5293559964411817,3d271f336deadfca78ed6b72d22096efbd86ead72609f770600db96120b568e4,4f84d23469af2af29ba13a2a5e5ce68ee9d113286b544844b7fa67123b47fbe9,class_reliability_gamma_1p000,,1.0,
class_reliability_gamma_1p000,class_scaled_raw,True,0.05769886864772222,0.7078755059470362,0.5288107887208827,0.7638724911452184,0.9635036496350365,2447,70,1016,1294,0.6922885428849208,0.5676620864857058,0.5293559964411817,3d271f336deadfca78ed6b72d22096efbd86ead72609f770600db96120b568e4,7dc9dc6e98269b35f972702b4fb56353bde021e2629e5c1f1dd9c0f5ce9dd146,class_reliability_gamma_1p000,,1.0,
class_reliability_gamma_1p000,class_scaled_raw,True,0.1,0.7465053523096669,0.6099463676255485,0.7384887839433294,0.9754953076120959,2051,47,706,1251,0.6922885428849208,0.5676620864857058,0.5293559964411817,3d271f336deadfca78ed6b72d22096efbd86ead72609f770600db96120b568e4,2e19a8f829af0c13bd4afc1406d7ea88acc83818381a24ffec9d31ebdb1062bc,class_reliability_gamma_1p000,,1.0,
class_reliability_gamma_1p000,class_scaled_raw,True,0.15,0.7686686481326689,0.6775832862789385,0.7083825265643447,0.9848800834202294,1771,29,504,1200,0.6922885428849208,0.5676620864857058,0.5293559964411817,3d271f336deadfca78ed6b72d22096efbd86ead72609f770600db96120b568e4,d2e845af10bcfdda13191c284569deabbc91d9460a97f5f9d670d8247985c221,class_reliability_gamma_1p000,,1.0,
class_reliability_gamma_1p000,class_scaled_raw,True,0.2,0.7794750937943531,0.7312579415501906,0.679456906729634,0.9906152241918665,1574,18,375,1151,0.6922885428849208,0.5676620864857058,0.5293559964411817,3d271f336deadfca78ed6b72d22096efbd86ead72609f770600db96120b568e4,992eb2abe6561ba35697b04913bed77b64a4bf086189aa5324a4c6f797e93274,class_reliability_gamma_1p000,,1.0,
class_reliability_gamma_1p000,class_scaled_raw,True,0.25,0.7803100376245748,0.7708479327259986,0.6493506493506493,0.9927007299270073,1427,14,290,1100,0.6922885428849208,0.5676620864857058,0.5293559964411817,3d271f336deadfca78ed6b72d22096efbd86ead72609f770600db96120b568e4,b65b0e192d6e3cadee72a0a62eb667ffd7493fc94fd7d76e5ed0d4fe3727533b,class_reliability_gamma_1p000,,1.0,
class_reliability_gamma_1p000,class_scaled_raw,True,0.3,0.7751840126493734,0.8063516653756778,0.614521841794569,0.997393117831074,1291,5,224,1041,0.6922885428849208,0.5676620864857058,0.5293559964411817,3d271f336deadfca78ed6b72d22096efbd86ead72609f770600db96120b568e4,84c98a2b1ccbcf666e9270a48e2a416bbf6b2992271759489647553579428e36,class_reliability_gamma_1p000,,1.0,
class_reliability_gamma_1p000,class_scaled_raw,True,0.3274125868314704,0.76699624414321,0.8194444444444444,0.5920897284533648,0.9979144942648592,1224,4,198,1003,0.6922885428849208,0.5676620864857058,0.5293559964411817,3d271f336deadfca78ed6b72d22096efbd86ead72609f770600db96120b568e4,cee4a04388da71a389d1e1eee6bedb34424088046249d0dfa11c6a5e15fff991,class_reliability_gamma_1p000,,1.0,
class_reliability_gamma_1p000,class_scaled_raw,True,0.35,0.7564424617134987,0.8238297872340425,0.5714285714285714,0.9979144942648592,1175,4,184,968,0.6922885428849208,0.5676620864857058,0.5293559964411817,3d271f336deadfca78ed6b72d22096efbd86ead72609f770600db96120b568e4,565e8c50c96f249ef3ddb6615d107fd4adf867accd43000befedb09e7a834524,class_reliability_gamma_1p000,,1.0,
class_reliability_gamma_1p000,class_scaled_raw,True,0.4,0.7372194969284303,0.8434864104967198,0.5312868949232585,0.9984358706986444,1067,3,149,900,0.6922885428849208,0.5676620864857058,0.5293559964411817,3d271f336deadfca78ed6b72d22096efbd86ead72609f770600db96120b568e4,af36bff009065d47abf195ad3de1f2d7a31d376347db7f7012c0ad75eeb1beb4,class_reliability_gamma_1p000,,1.0,
class_reliability_gamma_1p000,class_scaled_raw,True,0.5,0.6946529260940939,0.8943089430894309,0.45454545454545453,0.9994786235662148,861,1,83,770,0.6922885428849208,0.5676620864857058,0.5293559964411817,3d271f336deadfca78ed6b72d22096efbd86ead72609f770600db96120b568e4,e342c5b31622830158895d78f2b98fd8c7be214f454cc26bfc85efcfadb71ab6,class_reliability_gamma_1p000,,1.0,
class_reliability_gamma_1p000,class_scaled_raw,True,0.6,0.6122866894197952,0.9373040752351097,0.3530106257378985,1.0,638,0,37,598,0.6922885428849208,0.5676620864857058,0.5293559964411817,3d271f336deadfca78ed6b72d22096efbd86ead72609f770600db96120b568e4,0ce80d3d123e26b9fd115a316c2053f091dfd6471bc4f325a46dbb6543f4d386,class_reliability_gamma_1p000,,1.0,
class_reliability_gamma_1p000,class_scaled_raw,True,0.6113553242981165,0.6029106029106029,0.9477124183006536,0.34238488783943327,1.0,612,0,29,580,0.6922885428849208,0.5676620864857058,0.5293559964411817,3d271f336deadfca78ed6b72d22096efbd86ead72609f770600db96120b568e4,ccdcde1bd15f78a5cebe9af40b006d90848ad1ac38c2175610ecdae9691028bb,class_reliability_gamma_1p000,,1.0,
class_reliability_gamma_1p000,class_scaled_raw,True,0.7,0.4752,0.9658536585365853,0.23376623376623376,1.0,410,0,12,396,0.6922885428849208,0.5676620864857058,0.5293559964411817,3d271f336deadfca78ed6b72d22096efbd86ead72609f770600db96120b568e4,f5456e2374f16e5cc5cd5c5000a3bb9dcf5008f98f8526c2d979f9fffcad7b47,class_reliability_gamma_1p000,,1.0,
class_reliability_gamma_1p000,class_scaled_raw,True,0.8,0.09146341463414633,1.0,0.032467532467532464,1.0,55,0,0,55,0.6922885428849208,0.5676620864857058,0.5293559964411817,3d271f336deadfca78ed6b72d22096efbd86ead72609f770600db96120b568e4,29ab1ecf680d2a27ebbf4c581d36141153ad0e309e03a189da6427a1a2f88ca1,class_reliability_gamma_1p000,,1.0,
class_reliability_gamma_1p000,class_scaled_raw,True,0.9,0.01750291715285881,1.0,0.0059031877213695395,1.0,10,0,0,10,0.6922885428849208,0.5676620864857058,0.5293559964411817,3d271f336deadfca78ed6b72d22096efbd86ead72609f770600db96120b568e4,329a54168e8e69877b946645b3fe670c871d5d604974b9abda9ede1955876b10,class_reliability_gamma_1p000,,1.0,
class_reliability_gamma_1p000,class_scaled_raw,True,0.9350587129592896,0.001768867924528302,1.0,0.0005903187721369539,1.0,1,0,0,1,0.6922885428849208,0.5676620864857058,0.5293559964411817,3d271f336deadfca78ed6b72d22096efbd86ead72609f770600db96120b568e4,239ab002d1058bd296a165554fdaec3ecca3f23739c212443910c2f177f69003,class_reliability_gamma_1p000,,1.0,
raw_light_geom_gate_0p050,light_geometry_gate,False,0.0020429911152539592,0.33190329005132446,0.15347721822541965,0.8311688311688312,0.7575599582898853,9174,465,6917,1408,0.6919174087646216,0.5676851762184445,0.5292435693891685,212a9dc77dd7cc9cd439f05822c7fb24a4349461985de1d9b29ba0d5bce2ec9f,e6d9615a64f406ad1883ba17baea757438366558aa55cee8c166b7da21e8a865,raw_light_geom_gate_0p050,,,0.05
raw_light_geom_gate_0p050,light_geometry_gate,False,0.006234675499519481,0.4390887157611261,0.22694571615434925,0.8193624557260921,0.829509906152242,6116,327,4147,1388,0.6919174087646216,0.5676851762184445,0.5292435693891685,212a9dc77dd7cc9cd439f05822c7fb24a4349461985de1d9b29ba0d5bce2ec9f,d6d9e9aec08bf35111a9a4916dc5cdde04deb7e19e4bad9779d154bb574871d7,raw_light_geom_gate_0p050,,,0.05
raw_light_geom_gate_0p050,light_geometry_gate,False,0.02678188140293712,0.5927541315361347,0.367574931880109,0.7963400236127509,0.921793534932221,3670,150,2042,1349,0.6919174087646216,0.5676851762184445,0.5292435693891685,212a9dc77dd7cc9cd439f05822c7fb24a4349461985de1d9b29ba0d5bce2ec9f,ecd30ca6cd7efd203c95296c44ddaa3c996ac3514665e501a7a7906cb4ef011f,raw_light_geom_gate_0p050,,,0.05
raw_light_geom_gate_0p050,light_geometry_gate,False,0.05,0.6637118254354879,0.4576271186440678,0.78099173553719,0.9483837330552659,2891,99,1381,1323,0.6919174087646216,0.5676851762184445,0.5292435693891685,212a9dc77dd7cc9cd439f05822c7fb24a4349461985de1d9b29ba0d5bce2ec9f,19ddc9f6f306ad5943caeb6975ad26b6b4fa20355b0939cb2d7eb24f9c087555,raw_light_geom_gate_0p050,,,0.05
raw_light_geom_gate_0p050,light_geometry_gate,False,0.08057313212019306,0.7068389654421503,0.5288107887208827,0.7638724911452184,0.9577685088633994,2447,81,1000,1294,0.6919174087646216,0.5676851762184445,0.5292435693891685,212a9dc77dd7cc9cd439f05822c7fb24a4349461985de1d9b29ba0d5bce2ec9f,00062a6e94a3d851e148713e0370d0d126eb7886bc38a2cc05c4163051692561,raw_light_geom_gate_0p050,,,0.05
raw_light_geom_gate_0p050,light_geometry_gate,False,0.1,0.7229696424947085,0.5600350569675723,0.7544273907910272,0.9629822732012513,2282,71,867,1278,0.6919174087646216,0.5676851762184445,0.5292435693891685,212a9dc77dd7cc9cd439f05822c7fb24a4349461985de1d9b29ba0d5bce2ec9f,549403e37fce879631b50e0b6671cb114bf3c53cb6265c0c8f2667e6ead149b3,raw_light_geom_gate_0p050,,,0.05
raw_light_geom_gate_0p050,light_geometry_gate,False,0.15,0.7518180683051169,0.6234351527290937,0.7349468713105076,0.9749739311783108,1997,48,654,1245,0.6919174087646216,0.5676851762184445,0.5292435693891685,212a9dc77dd7cc9cd439f05822c7fb24a4349461985de1d9b29ba0d5bce2ec9f,68eabc595ad7a17a2767c1a31d6806f209d1787cff56bff174665142245f8fec,raw_light_geom_gate_0p050,,,0.05
raw_light_geom_gate_0p050,light_geometry_gate,False,0.2,0.7683926174146313,0.6720221606648199,0.7160566706021252,0.9807090719499478,1805,37,513,1213,0.6919174087646216,0.5676851762184445,0.5292435693891685,212a9dc77dd7cc9cd439f05822c7fb24a4349461985de1d9b29ba0d5bce2ec9f,f0b39837fab97ab1236cc5febd8f1dc66ee4b27dd2dd114de993d398aaa9c93b,raw_light_geom_gate_0p050,,,0.05
raw_light_geom_gate_0p050,light_geometry_gate,False,0.25,0.7816113210243392,0.7198538367844093,0.6977567886658795,0.9843587069864442,1642,30,397,1182,0.6919174087646216,0.5676851762184445,0.5292435693891685,212a9dc77dd7cc9cd439f05822c7fb24a4349461985de1d9b29ba0d5bce2ec9f,e7e2591ccef615d31f57dac0147044c3420777773d76808a2349711b68687e8b,raw_light_geom_gate_0p050,,,0.05
raw_light_geom_gate_0p050,light_geometry_gate,False,0.3,0.7872831009600894,0.7537655533726261,0.679456906729634,0.9880083420229405,1527,23,327,1151,0.6919174087646216,0.5676851762184445,0.5292435693891685,212a9dc77dd7cc9cd439f05822c7fb24a4349461985de1d9b29ba0d5bce2ec9f,73db7836b7c9e9d9012d563592da486b6ee59d313811cc3a19246b8939acbe6d,raw_light_geom_gate_0p050,,,0.05
raw_light_geom_gate_0p050,light_geometry_gate,False,0.35,0.7886201879566587,0.7812718378756115,0.6599763872491146,0.9911366006256517,1431,17,273,1118,0.6919174087646216,0.5676851762184445,0.5292435693891685,212a9dc77dd7cc9cd439f05822c7fb24a4349461985de1d9b29ba0d5bce2ec9f,18ce377a51e8351f6fcaedeaa58c3cee6057b091b14dba873d0b8689311f8da2,raw_light_geom_gate_0p050,,,0.05
raw_light_geom_gate_0p050,light_geometry_gate,False,0.4,0.7831502635193848,0.8031437125748503,0.6334120425029516,0.9932221063607924,1336,13,228,1073,0.6919174087646216,0.5676851762184445,0.5292435693891685,212a9dc77dd7cc9cd439f05822c7fb24a4349461985de1d9b29ba0d5bce2ec9f,07cc12199da74d617c9b082e7c08e26f73dd87034e395a69a3b1361acf5c9514,raw_light_geom_gate_0p050,,,0.05
raw_light_geom_gate_0p050,light_geometry_gate,False,0.4588111958129804,0.7678239600591054,0.821078431372549,0.5932703659976387,0.9963503649635036,1224,7,189,1005,0.6919174087646216,0.5676851762184445,0.5292435693891685,212a9dc77dd7cc9cd439f05822c7fb24a4349461985de1d9b29ba0d5bce2ec9f,d71b3c0586e128d8c60b13d113cabd60d385afba4df2b3c80addc2da14b14a07,raw_light_geom_gate_0p050,,,0.05
raw_light_geom_gate_0p050,light_geometry_gate,False,0.5,0.7621703812276543,0.8427454387489139,0.5726092089728453,0.9968717413972888,1151,6,155,970,0.6919174087646216,0.5676851762184445,0.5292435693891685,212a9dc77dd7cc9cd439f05822c7fb24a4349461985de1d9b29ba0d5bce2ec9f,ca3202aa75ef42e3d7651820d6cb9f51066240324cff91d22dbba42933828e76,raw_light_geom_gate_0p050,,,0.05
raw_light_geom_gate_0p050,light_geometry_gate,False,0.6,0.7315213796396954,0.887396694214876,0.5070838252656434,0.9979144942648592,968,4,93,859,0.6919174087646216,0.5676851762184445,0.5292435693891685,212a9dc77dd7cc9cd439f05822c7fb24a4349461985de1d9b29ba0d5bce2ec9f,b52af96b3811dd9449852face2ff38a43051eb6e4657f8fa5dbe786b6e3a87eb,raw_light_geom_gate_0p050,,,0.05
raw_light_geom_gate_0p050,light_geometry_gate,False,0.7,0.6814399691046491,0.9274809160305344,0.43034238488783944,0.9994786235662148,786,1,49,729,0.6919174087646216,0.5676851762184445,0.5292435693891685,212a9dc77dd7cc9cd439f05822c7fb24a4349461985de1d9b29ba0d5bce2ec9f,e186f740b5eb98a2835e061550955a1f7ca89b7c02c1c8452f0c33b1fb2ac9d7,raw_light_geom_gate_0p050,,,0.05
raw_light_geom_gate_0p050,light_geometry_gate,False,0.7966768068602995,0.6086462592049572,0.9591503267973857,0.346517119244392,0.9994786235662148,612,1,19,587,0.6919174087646216,0.5676851762184445,0.5292435693891685,212a9dc77dd7cc9cd439f05822c7fb24a4349461985de1d9b29ba0d5bce2ec9f,176b911e69ee983d1b8d5109edc6e6aae636044d100612063436a7339400981a,raw_light_geom_gate_0p050,,,0.05
raw_light_geom_gate_0p050,light_geometry_gate,False,0.8,0.6055553776505063,0.9588138385502472,0.3435655253837072,0.9994786235662148,607,1,19,582,0.6919174087646216,0.5676851762184445,0.5292435693891685,212a9dc77dd7cc9cd439f05822c7fb24a4349461985de1d9b29ba0d5bce2ec9f,8ddaf63c64f8285dc95893f9be0506ad88f11c241ceb43c28f6db8f0c6debb81,raw_light_geom_gate_0p050,,,0.05
raw_light_geom_gate_0p050,light_geometry_gate,False,0.9,0.4048130640309411,0.9843260188087775,0.18536009445100354,1.0,319,0,4,314,0.6919174087646216,0.5676851762184445,0.5292435693891685,212a9dc77dd7cc9cd439f05822c7fb24a4349461985de1d9b29ba0d5bce2ec9f,8846ef1595c428b8e7b881a70189ca08599deb8fcda62aaff727500932c0bcda,raw_light_geom_gate_0p050,,,0.05
raw_light_geom_gate_0p050,light_geometry_gate,False,0.98016133022217,0.001768867924528302,1.0,0.0005903187721369539,1.0,1,0,0,1,0.6919174087646216,0.5676851762184445,0.5292435693891685,212a9dc77dd7cc9cd439f05822c7fb24a4349461985de1d9b29ba0d5bce2ec9f,5098974df0fb94e294f4e154de70961dd836b7c5b3e1940fcd1dc26a14016df3,raw_light_geom_gate_0p050,,,0.05
raw_light_geom_gate_0p100,light_geometry_gate,False,0.0019383749805603066,0.33190329005132446,0.15347721822541965,0.8311688311688312,0.7575599582898853,9174,465,6917,1408,0.6918592567837119,0.5676285118972837,0.5292077588120511,f74e4e9e6a9c12a4c7bef8ca61e5999455120962e02fefd0eb5f16bbaaf1b62b,57fbc18dd9654dafaf21f72bbb07c5723fa754245777badc721508ab745caa43,raw_light_geom_gate_0p100,,,0.1
raw_light_geom_gate_0p100,light_geometry_gate,False,0.005933466705470515,0.4391373863716459,0.22694571615434925,0.8193624557260921,0.8300312825860271,6116,326,4149,1388,0.6918592567837119,0.5676285118972837,0.5292077588120511,f74e4e9e6a9c12a4c7bef8ca61e5999455120962e02fefd0eb5f16bbaaf1b62b,519c9331c9a7e7c2d1e203a7681db701fe16f5beab292c279f701bb84a8e28c0,raw_light_geom_gate_0p100,,,0.1
raw_light_geom_gate_0p100,light_geometry_gate,False,0.025735102153385522,0.5927541315361347,0.367574931880109,0.7963400236127509,0.921793534932221,3670,150,2042,1349,0.6918592567837119,0.5676285118972837,0.5292077588120511,f74e4e9e6a9c12a4c7bef8ca61e5999455120962e02fefd0eb5f16bbaaf1b62b,6d8bd0b0ec68a109ce7fed4afa64737bf4241daf812a69cef17b48d40966e27c,raw_light_geom_gate_0p100,,,0.1
raw_light_geom_gate_0p100,light_geometry_gate,False,0.05,0.6671803641789567,0.4625612316305108,0.7804014167650531,0.9494264859228363,2858,97,1351,1322,0.6918592567837119,0.5676285118972837,0.5292077588120511,f74e4e9e6a9c12a4c7bef8ca61e5999455120962e02fefd0eb5f16bbaaf1b62b,b29c28c176cd6c3ed0e97536fe1f0285a8f065aa96c684de3740d92ff041d887,raw_light_geom_gate_0p100,,,0.1
raw_light_geom_gate_0p100,light_geometry_gate,False,0.07789000786987302,0.7069335830100911,0.5288107887208827,0.7638724911452184,0.9582898852971846,2447,80,1001,1294,0.6918592567837119,0.5676285118972837,0.5292077588120511,f74e4e9e6a9c12a4c7bef8ca61e5999455120962e02fefd0eb5f16bbaaf1b62b,866ce96fe14f384ed6cb3fad3bc0bf2b365b13d88f9e6a8c79aa90d3455f7758,raw_light_geom_gate_0p100,,,0.1
raw_light_geom_gate_0p100,light_geometry_gate,False,0.1,0.7252289232712347,0.5646017699115045,0.7532467532467533,0.9635036496350365,2260,70,849,1276,0.6918592567837119,0.5676285118972837,0.5292077588120511,f74e4e9e6a9c12a4c7bef8ca61e5999455120962e02fefd0eb5f16bbaaf1b62b,bc2b5688e10ef3e8d19f7d622b3a0ee47578a94c955c0d5c57382fa3f8fa759b,raw_light_geom_gate_0p100,,,0.1
raw_light_geom_gate_0p100,light_geometry_gate,False,0.15,0.7521376858371487,0.6253776435045317,0.7331759149940968,0.9749739311783108,1986,48,646,1242,0.6918592567837119,0.5676285118972837,0.5292077588120511,f74e4e9e6a9c12a4c7bef8ca61e5999455120962e02fefd0eb5f16bbaaf1b62b,a80a5ab06f4b8ef9a0fcde33d9acd2beb3011b834ff1a3c09960a7128ab59aa9,raw_light_geom_gate_0p100,,,0.1
raw_light_geom_gate_0p100,light_geometry_gate,False,0.2,0.7693896270801148,0.6761744966442953,0.7136953955135773,0.9812304483837331,1788,36,502,1209,0.6918592567837119,0.5676285118972837,0.5292077588120511,f74e4e9e6a9c12a4c7bef8ca61e5999455120962e02fefd0eb5f16bbaaf1b62b,9c6cc83d6960397f17f59f2ad416029166d4326c7aabe916f07e44b84e8b9dfa,raw_light_geom_gate_0p100,,,0.1
raw_light_geom_gate_0p100,light_geometry_gate,False,0.25,0.7821276488239769,0.7221542227662179,0.6965761511216056,0.9848800834202294,1634,29,393,1180,0.6918592567837119,0.5676285118972837,0.5292077588120511,f74e4e9e6a9c12a4c7bef8ca61e5999455120962e02fefd0eb5f16bbaaf1b62b,c7ccf2dbd8c2cc9cf6f2861dfa534237d142aab5c2c4b86deeb43316c3dde611,raw_light_geom_gate_0p100,,,0.1
raw_light_geom_gate_0p100,light_geometry_gate,False,0.3,0.787286067104043,0.7549277266754271,0.6782762691853601,0.9885297184567258,1522,22,326,1149,0.6918592567837119,0.5676285118972837,0.5292077588120511,f74e4e9e6a9c12a4c7bef8ca61e5999455120962e02fefd0eb5f16bbaaf1b62b,03b9cb15e8192e90ee25ce616337a37aee5629934a1b4f3e02e5edf192d9ebce,raw_light_geom_gate_0p100,,,0.1
raw_light_geom_gate_0p100,light_geometry_gate,False,0.35,0.7879912363424121,0.7819074333800842,0.6582054309327037,0.9911366006256517,1426,17,271,1115,0.6918592567837119,0.5676285118972837,0.5292077588120511,f74e4e9e6a9c12a4c7bef8ca61e5999455120962e02fefd0eb5f16bbaaf1b62b,5a5c33c09f8a34144d417436f64cf52f6c88cdc6f68672af65ae22e39596741d,raw_light_geom_gate_0p100,,,0.1
raw_light_geom_gate_0p100,light_geometry_gate,False,0.4,0.7821062210509554,0.8027006751687922,0.6316410861865407,0.9932221063607924,1333,13,228,1070,0.6918592567837119,0.5676285118972837,0.5292077588120511,f74e4e9e6a9c12a4c7bef8ca61e5999455120962e02fefd0eb5f16bbaaf1b62b,2a647d822419acb952cd08c762e50025921ec301e295c6bb6cd8af05731c925c,raw_light_geom_gate_0p100,,,0.1
raw_light_geom_gate_0p100,light_geometry_gate,False,0.4571074543191511,0.7678239600591054,0.821078431372549,0.5932703659976387,0.9963503649635036,1224,7,189,1005,0.6918592567837119,0.5676285118972837,0.5292077588120511,f74e4e9e6a9c12a4c7bef8ca61e5999455120962e02fefd0eb5f16bbaaf1b62b,d71b3c0586e128d8c60b13d113cabd60d385afba4df2b3c80addc2da14b14a07,raw_light_geom_gate_0p100,,,0.1
raw_light_geom_gate_0p100,light_geometry_gate,False,0.5,0.7631698063517929,0.8464223385689355,0.5726092089728453,0.9968717413972888,1146,6,150,970,0.6918592567837119,0.5676285118972837,0.5292077588120511,f74e4e9e6a9c12a4c7bef8ca61e5999455120962e02fefd0eb5f16bbaaf1b62b,fa128ec8668061b9d1c8b725d6a63eb9b1dca32261bffd76239c36f2cab409f5,raw_light_geom_gate_0p100,,,0.1
raw_light_geom_gate_0p100,light_geometry_gate,False,0.6,0.7310852766324202,0.8872802481902792,0.5064935064935064,0.9979144942648592,967,4,93,858,0.6918592567837119,0.5676285118972837,0.5292077588120511,f74e4e9e6a9c12a4c7bef8ca61e5999455120962e02fefd0eb5f16bbaaf1b62b,2561f8b3b8e71ff0a1a8b502706dc781518ee2189f386bc51807dcb6c6ad80e2,raw_light_geom_gate_0p100,,,0.1
raw_light_geom_gate_0p100,light_geometry_gate,False,0.7,0.6811420241660878,0.9285714285714286,0.4297520661157025,0.9994786235662148,784,1,48,728,0.6918592567837119,0.5676285118972837,0.5292077588120511,f74e4e9e6a9c12a4c7bef8ca61e5999455120962e02fefd0eb5f16bbaaf1b62b,a13998249af5c387e26074113145051919f2ba5e800db023df63eee728eba91d,raw_light_geom_gate_0p100,,,0.1
raw_light_geom_gate_0p100,light_geometry_gate,False,0.7958414083966723,0.6086462592049572,0.9591503267973857,0.346517119244392,0.9994786235662148,612,1,19,587,0.6918592567837119,0.5676285118972837,0.5292077588120511,f74e4e9e6a9c12a4c7bef8ca61e5999455120962e02fefd0eb5f16bbaaf1b62b,6aab13cd12802efeffeb0bd182a8434c8c3e56ee020f02b6eb05f3af15c46fc3,raw_light_geom_gate_0p100,,,0.1
raw_light_geom_gate_0p100,light_geometry_gate,False,0.8,0.6036905334287684,0.9586092715231788,0.3417945690672963,0.9994786235662148,604,1,19,579,0.6918592567837119,0.5676285118972837,0.5292077588120511,f74e4e9e6a9c12a4c7bef8ca61e5999455120962e02fefd0eb5f16bbaaf1b62b,d74704b7c15444ddc4e6486c718498fb1a16fb171cf9b903fec2b072b477c1f5,raw_light_geom_gate_0p100,,,0.1
raw_light_geom_gate_0p100,light_geometry_gate,False,0.9,0.4029272492466638,0.9842271293375394,0.18417945690672963,1.0,317,0,4,312,0.6918592567837119,0.5676285118972837,0.5292077588120511,f74e4e9e6a9c12a4c7bef8ca61e5999455120962e02fefd0eb5f16bbaaf1b62b,ea943fb8b25f507a66993a345ad87d7fe2cc142846a9b666724f1b96f7ece0e3,raw_light_geom_gate_0p100,,,0.1
raw_light_geom_gate_0p100,light_geometry_gate,False,0.9801176609974714,0.001768867924528302,1.0,0.0005903187721369539,1.0,1,0,0,1,0.6918592567837119,0.5676285118972837,0.5292077588120511,f74e4e9e6a9c12a4c7bef8ca61e5999455120962e02fefd0eb5f16bbaaf1b62b,5098974df0fb94e294f4e154de70961dd836b7c5b3e1940fcd1dc26a14016df3,raw_light_geom_gate_0p100,,,0.1
raw_light_geom_gate_0p200,light_geometry_gate,False,0.0017294437132530584,0.33183649258051373,0.15347721822541965,0.8311688311688312,0.7565172054223149,9174,467,6915,1408,0.6917537694643726,0.5674620861787057,0.5291304420094944,80a357b49d29cf42e80bc6a0df10415c1fa04bc7b3283ffc5f85d7c91ae93e31,c2f937592ffb999ed48b052bbe48246ad7248837bcf308d67bf6b17c5f6f3140,raw_light_geom_gate_0p200,,,0.2
raw_light_geom_gate_0p200,light_geometry_gate,False,0.005316631911431628,0.4391373863716459,0.22694571615434925,0.8193624557260921,0.8300312825860271,6116,326,4149,1388,0.6917537694643726,0.5674620861787057,0.5291304420094944,80a357b49d29cf42e80bc6a0df10415c1fa04bc7b3283ffc5f85d7c91ae93e31,b99f365638983045d24a521ade2540c67388dc8854bc3df8ff49ceda31f42314,raw_light_geom_gate_0p200,,,0.2
raw_light_geom_gate_0p200,light_geometry_gate,False,0.02357070720724686,0.5928977321166574,0.367574931880109,0.7963400236127509,0.9228362877997914,3670,148,2046,1349,0.6917537694643726,0.5674620861787057,0.5291304420094944,80a357b49d29cf42e80bc6a0df10415c1fa04bc7b3283ffc5f85d7c91ae93e31,d7328bbd37f5890c3166212e08f98264f61f79c0aa90dffe21a6a0e431d2362c,raw_light_geom_gate_0p200,,,0.2
raw_light_geom_gate_0p200,light_geometry_gate,False,0.05,0.6747286154342826,0.4736275565123789,0.7792207792207793,0.9509906152241918,2787,94,1289,1320,0.6917537694643726,0.5674620861787057,0.5291304420094944,80a357b49d29cf42e80bc6a0df10415c1fa04bc7b3283ffc5f85d7c91ae93e31,4ad81c9b3015cacc2ef58bef9fab5382acfb2704bb8f6ec0945e45fc8b65d839,raw_light_geom_gate_0p200,,,0.2
raw_light_geom_gate_0p200,light_geometry_gate,False,0.07350143764978054,0.7074401315997282,0.5292194523906825,0.7644628099173554,0.9588112617309698,2447,79,1001,1295,0.6917537694643726,0.5674620861787057,0.5291304420094944,80a357b49d29cf42e80bc6a0df10415c1fa04bc7b3283ffc5f85d7c91ae93e31,ad98ae7120361fb6e7b2866e3f388154032254ec1e7f9773db51d942fb52555e,raw_light_geom_gate_0p200,,,0.2
raw_light_geom_gate_0p200,light_geometry_gate,False,0.1,0.7274490969077065,0.5708502024291497,0.7491145218417946,0.9640250260688217,2223,69,823,1269,0.6917537694643726,0.5674620861787057,0.5291304420094944,80a357b49d29cf42e80bc6a0df10415c1fa04bc7b3283ffc5f85d7c91ae93e31,bf3a507a81f926eea0bbc0275e27e552d70a7cfbb67a66d378b6c362374ba028,raw_light_geom_gate_0p200,,,0.2
raw_light_geom_gate_0p200,light_geometry_gate,False,0.15,0.7561790061468646,0.6342710997442456,0.731995277449823,0.9760166840458812,1955,46,622,1240,0.6917537694643726,0.5674620861787057,0.5291304420094944,80a357b49d29cf42e80bc6a0df10415c1fa04bc7b3283ffc5f85d7c91ae93e31,57036c8c9ac6f17035733f51f3b77fdbe0e57b97babbd7f48d5a8be97b9657d1,raw_light_geom_gate_0p200,,,0.2
raw_light_geom_gate_0p200,light_geometry_gate,False,0.2,0.7710672889163862,0.6811512415349887,0.7125147579693034,0.9812304483837331,1772,36,488,1207,0.6917537694643726,0.5674620861787057,0.5291304420094944,80a357b49d29cf42e80bc6a0df10415c1fa04bc7b3283ffc5f85d7c91ae93e31,2747b6ea379b1b43e8e2e9ab11e465003742e3617f9498ae1d2c5f15f6180c3b,raw_light_geom_gate_0p200,,,0.2
raw_light_geom_gate_0p200,light_geometry_gate,False,0.25,0.7823618694683723,0.7250308261405672,0.6942148760330579,0.9854014598540146,1622,28,386,1176,0.6917537694643726,0.5674620861787057,0.5291304420094944,80a357b49d29cf42e80bc6a0df10415c1fa04bc7b3283ffc5f85d7c91ae93e31,1388bb379ebf6603a70452a86baf70f051a958e36901e2e03f9f95e70f372104,raw_light_geom_gate_0p200,,,0.2
raw_light_geom_gate_0p200,light_geometry_gate,False,0.3,0.7880097179676773,0.7580964970257766,0.6770956316410862,0.9890510948905109,1513,21,320,1147,0.6917537694643726,0.5674620861787057,0.5291304420094944,80a357b49d29cf42e80bc6a0df10415c1fa04bc7b3283ffc5f85d7c91ae93e31,b10f30f1d53dcb8ba3803c28ea8b94ec87da90ce580a7ddfbd059ae619101e39,raw_light_geom_gate_0p200,,,0.2
raw_light_geom_gate_0p200,light_geometry_gate,False,0.35,0.7889210721825518,0.7873848334514528,0.6558441558441559,0.9921793534932221,1411,15,262,1111,0.6917537694643726,0.5674620861787057,0.5291304420094944,80a357b49d29cf42e80bc6a0df10415c1fa04bc7b3283ffc5f85d7c91ae93e31,b6f57be4dc38af330db812ad71384b376b50e7683477bb8dc9e17f0028d15fc9,raw_light_geom_gate_0p200,,,0.2
raw_light_geom_gate_0p200,light_geometry_gate,False,0.4,0.783276056164297,0.8057228915662651,0.6316410861865407,0.9942648592283628,1328,11,224,1070,0.6917537694643726,0.5674620861787057,0.5291304420094944,80a357b49d29cf42e80bc6a0df10415c1fa04bc7b3283ffc5f85d7c91ae93e31,6c43d0b600fa87a100e152eafc800e20db0b78acd7491c2b560c010e119412d9,raw_light_geom_gate_0p200,,,0.2
raw_light_geom_gate_0p200,light_geometry_gate,False,0.4532850122535653,0.7695258975061661,0.8235294117647058,0.5950413223140496,0.9963503649635036,1224,7,186,1008,0.6917537694643726,0.5674620861787057,0.5291304420094944,80a357b49d29cf42e80bc6a0df10415c1fa04bc7b3283ffc5f85d7c91ae93e31,3366303759f1cd27a300c94ef2c25762208b3b6da035f197ed8f6a4e45485238,raw_light_geom_gate_0p200,,,0.2
raw_light_geom_gate_0p200,light_geometry_gate,False,0.5,0.7626392152334953,0.8509700176366843,0.5696576151121606,0.9968717413972888,1134,6,145,965,0.6917537694643726,0.5674620861787057,0.5291304420094944,80a357b49d29cf42e80bc6a0df10415c1fa04bc7b3283ffc5f85d7c91ae93e31,26e7aa4320897052406177cbfca5ff883fa88c6344b6682e554c9a3ff9e4ac4d,raw_light_geom_gate_0p200,,,0.2
raw_light_geom_gate_0p200,light_geometry_gate,False,0.6,0.7297513766358387,0.8886576482830385,0.5041322314049587,0.9979144942648592,961,4,92,854,0.6917537694643726,0.5674620861787057,0.5291304420094944,80a357b49d29cf42e80bc6a0df10415c1fa04bc7b3283ffc5f85d7c91ae93e31,e0a8b9eb80c77e9cb0b27231e15784df787c333da2df353c4ed58dd5202eff93,raw_light_geom_gate_0p200,,,0.2
raw_light_geom_gate_0p200,light_geometry_gate,False,0.7,0.6803318797016739,0.9295774647887324,0.42857142857142855,0.9994786235662148,781,1,47,726,0.6917537694643726,0.5674620861787057,0.5291304420094944,80a357b49d29cf42e80bc6a0df10415c1fa04bc7b3283ffc5f85d7c91ae93e31,d029299d2acb7877568af4e3505dcf98bbea2a78ff28d2d1d74d9a86402e3ffb,raw_light_geom_gate_0p200,,,0.2
raw_light_geom_gate_0p200,light_geometry_gate,False,0.7948933720303311,0.6086462592049572,0.9591503267973857,0.346517119244392,0.9994786235662148,612,1,19,587,0.6917537694643726,0.5674620861787057,0.5291304420094944,80a357b49d29cf42e80bc6a0df10415c1fa04bc7b3283ffc5f85d7c91ae93e31,20a5d73ffef195b84e32327791028823774c61ae8ee653d24a3c82dc577de764,raw_light_geom_gate_0p200,,,0.2
raw_light_geom_gate_0p200,light_geometry_gate,False,0.8,0.6020275641424071,0.96,0.3400236127508855,0.9994786235662148,600,1,18,576,0.6917537694643726,0.5674620861787057,0.5291304420094944,80a357b49d29cf42e80bc6a0df10415c1fa04bc7b3283ffc5f85d7c91ae93e31,2f60ec4b1aec5ac25ff6107f1c6bdc85a9266212d8f7719db7932da30d6b0187,raw_light_geom_gate_0p200,,,0.2
raw_light_geom_gate_0p200,light_geometry_gate,False,0.9,0.4021551724137931,0.9873015873015873,0.18358913813459268,1.0,315,0,4,311,0.6917537694643726,0.5674620861787057,0.5291304420094944,80a357b49d29cf42e80bc6a0df10415c1fa04bc7b3283ffc5f85d7c91ae93e31,d2f086254dc021f819937b9df0f227e915079cd97407a48a2fd41bb272fbcc87,raw_light_geom_gate_0p200,,,0.2
raw_light_geom_gate_0p200,light_geometry_gate,False,0.9800303225480741,0.001768867924528302,1.0,0.0005903187721369539,1.0,1,0,0,1,0.6917537694643726,0.5674620861787057,0.5291304420094944,80a357b49d29cf42e80bc6a0df10415c1fa04bc7b3283ffc5f85d7c91ae93e31,5098974df0fb94e294f4e154de70961dd836b7c5b3e1940fcd1dc26a14016df3,raw_light_geom_gate_0p200,,,0.2
