score_col,mode_family,ap_rank_preserving_by_design,threshold,cal_balanced,cal_precision,cal_recall,cal_unknown_reject,cal_num_accepted,cal_unknown_false_accept,cal_background_false_accepts,cal_tp_known,cal_AP50,cal_AP75,cal_AP,stream_hash,acceptance_mask_hash,canonical_stream,alpha,gamma,beta
raw_score,raw,True,0.0021478294511325003,0.33190329005132446,0.15347721822541965,0.8311688311688312,0.7575599582898853,9174,465,6917,1408,0.6922885428849208,0.5676620864857058,0.5293559964411817,faae5a2ef32d196bb1449c81379c45faba4a326e61c2119906604288be19416e,c1e77c13b75dd33d91b0a824166ea301a1dc392aa945444d20a230d79410ec19,raw_score,,,
raw_score,raw,True,0.0065390930976718005,0.4390887157611261,0.22694571615434925,0.8193624557260921,0.829509906152242,6116,327,4147,1388,0.6922885428849208,0.5676620864857058,0.5293559964411817,faae5a2ef32d196bb1449c81379c45faba4a326e61c2119906604288be19416e,fb8a5b31f35c81b88b7b1a4909f579d6c5278cf6adf676a742ec612722034789,raw_score,,,
raw_score,raw,True,0.027845855243503984,0.5926822354849377,0.367574931880109,0.7963400236127509,0.9212721584984359,3670,151,2041,1349,0.6922885428849208,0.5676620864857058,0.5293559964411817,faae5a2ef32d196bb1449c81379c45faba4a326e61c2119906604288be19416e,fe80318d6b3cf7275add6f94549be82b0d74e393b0f5a5c2d6955a9880959f98,raw_score,,,
raw_score,raw,True,0.05,0.6603278019795884,0.4531463748290014,0.782172373081464,0.9452554744525548,2924,105,1403,1325,0.6922885428849208,0.5676620864857058,0.5293559964411817,faae5a2ef32d196bb1449c81379c45faba4a326e61c2119906604288be19416e,2635f3951ef370470ddee771a9a028dbc67307215ad007974ca2160dcc5c015f,raw_score,,,
raw_score,raw,True,0.08311327546834947,0.7067442701706178,0.5288107887208827,0.7638724911452184,0.9572471324296141,2447,82,1000,1294,0.6922885428849208,0.5676620864857058,0.5293559964411817,faae5a2ef32d196bb1449c81379c45faba4a326e61c2119906604288be19416e,cdfd1280d79cc4ee7c333e3b2f2a586ba82f344e824a59f7e965e89010e5333f,raw_score,,,
raw_score,raw,True,0.1,0.7202487074480918,0.5553625705601389,0.7550177095631642,0.9614181438998958,2303,74,884,1279,0.6922885428849208,0.5676620864857058,0.5293559964411817,faae5a2ef32d196bb1449c81379c45faba4a326e61c2119906604288be19416e,3f27c71d70aadd84d442ae6b37bce3d69b03201d531166c68f623f20f0bbfe32,raw_score,,,
raw_score,raw,True,0.15,0.7512083711620998,0.6217564870259481,0.7355371900826446,0.9749739311783108,2004,48,660,1246,0.6922885428849208,0.5676620864857058,0.5293559964411817,faae5a2ef32d196bb1449c81379c45faba4a326e61c2119906604288be19416e,c27cd83ec55573b6597b0765966e99b5aec47827567185c1b36a2c7978045b38,raw_score,,,
raw_score,raw,True,0.2,0.7672604056470537,0.6681318681318681,0.717827626918536,0.9801876955161627,1820,38,523,1216,0.6922885428849208,0.5676620864857058,0.5293559964411817,faae5a2ef32d196bb1449c81379c45faba4a326e61c2119906604288be19416e,5b33f069f55f21d197640fc7d325a9d9f777d6b99e57382fa1efe005480abd0b,raw_score,,,
raw_score,raw,True,0.25,0.780611698959404,0.7169696969696969,0.6983471074380165,0.983837330552659,1650,31,400,1183,0.6922885428849208,0.5676620864857058,0.5293559964411817,faae5a2ef32d196bb1449c81379c45faba4a326e61c2119906604288be19416e,9481017b957fb265bdfe7ee27959520a7378735414c8a4ff35a90faa3f4a4558,raw_score,,,
raw_score,raw,True,0.3,0.7865657538117894,0.751796211626388,0.679456906729634,0.9880083420229405,1531,23,331,1151,0.6922885428849208,0.5676620864857058,0.5293559964411817,faae5a2ef32d196bb1449c81379c45faba4a326e61c2119906604288be19416e,4f7a4d64931a832126483c91d4fecd1327760f850e69c053a5bb9b2981c17a79,raw_score,,,
raw_score,raw,True,0.35,0.7889146630676959,0.7804878048780488,0.6611570247933884,0.9911366006256517,1435,17,275,1120,0.6922885428849208,0.5676620864857058,0.5293559964411817,faae5a2ef32d196bb1449c81379c45faba4a326e61c2119906604288be19416e,e6a56c4b0b50c0031b306a3d888f080ececf271a9fab69c8b754fa2f31c0bea7,raw_score,,,
raw_score,raw,True,0.4,0.7842386968619103,0.8031319910514542,0.6357733175914995,0.9927007299270073,1341,14,228,1077,0.6922885428849208,0.5676620864857058,0.5293559964411817,faae5a2ef32d196bb1449c81379c45faba4a326e61c2119906604288be19416e,67d0b56b1b292af4566e0bb927c84d6d380875b424a0c1a4814c3c3d92d31869,raw_score,,,
raw_score,raw,True,0.4610013365745543,0.7678239600591054,0.821078431372549,0.5932703659976387,0.9963503649635036,1224,7,189,1005,0.6922885428849208,0.5676620864857058,0.5293559964411817,faae5a2ef32d196bb1449c81379c45faba4a326e61c2119906604288be19416e,877d38cddb7c11f043210903dae0351cf5eb3035c02a47a9b7889efd1db26f67,raw_score,,,
raw_score,raw,True,0.5,0.7624268320452201,0.8402417962003454,0.5743801652892562,0.9963503649635036,1158,7,158,973,0.6922885428849208,0.5676620864857058,0.5293559964411817,faae5a2ef32d196bb1449c81379c45faba4a326e61c2119906604288be19416e,a21974fe9131f14354b3694ea71a17e2c5f339d1f0a10117edd15e8757d83aac,raw_score,,,
raw_score,raw,True,0.6,0.7313345390630971,0.8847736625514403,0.5076741440377804,0.9979144942648592,972,4,95,860,0.6922885428849208,0.5676620864857058,0.5293559964411817,faae5a2ef32d196bb1449c81379c45faba4a326e61c2119906604288be19416e,d5ab5c28069c15a362dd474f282342a375f4536bdb32ef68fa6e1f70ed895abc,raw_score,,,
raw_score,raw,True,0.7,0.6819496453747488,0.9275730622617535,0.4309327036599764,0.9994786235662148,787,1,49,730,0.6922885428849208,0.5676620864857058,0.5293559964411817,faae5a2ef32d196bb1449c81379c45faba4a326e61c2119906604288be19416e,ff63516abfc8cd1456148f5520b2878f5a85b2b218402791cff8b6f6017ed807,raw_score,,,
raw_score,raw,True,0.7974246472120274,0.6086462592049572,0.9591503267973857,0.346517119244392,0.9994786235662148,612,1,19,587,0.6922885428849208,0.5676620864857058,0.5293559964411817,faae5a2ef32d196bb1449c81379c45faba4a326e61c2119906604288be19416e,176b911e69ee983d1b8d5109edc6e6aae636044d100612063436a7339400981a,raw_score,,,
raw_score,raw,True,0.8,0.60617526840818,0.9588815789473685,0.34415584415584416,0.9994786235662148,608,1,19,583,0.6922885428849208,0.5676620864857058,0.5293559964411817,faae5a2ef32d196bb1449c81379c45faba4a326e61c2119906604288be19416e,f957b9af3ef47f1762bc53a39906de6e2607f8ec932fd73ad6d7db40a7e94322,raw_score,,,
raw_score,raw,True,0.9,0.4057535422928295,0.984375,0.1859504132231405,1.0,320,0,4,315,0.6922885428849208,0.5676620864857058,0.5293559964411817,faae5a2ef32d196bb1449c81379c45faba4a326e61c2119906604288be19416e,7fe9c26a7281ade5e8ecc2ac50d1126c7bfda3c584430710a7ff10d74e9a5186,raw_score,,,
raw_score,raw,True,0.9802049994468688,0.001768867924528302,1.0,0.0005903187721369539,1.0,1,0,0,1,0.6922885428849208,0.5676620864857058,0.5293559964411817,faae5a2ef32d196bb1449c81379c45faba4a326e61c2119906604288be19416e,5098974df0fb94e294f4e154de70961dd836b7c5b3e1940fcd1dc26a14016df3,raw_score,,,
geometry_risk_score,geometry,False,0.02484636434796125,0.33293895857809624,0.1538042293437977,0.832939787485242,0.7643378519290929,9174,452,6965,1411,0.6922885428849208,0.5676620864857058,0.5293559964411817,4cf981b0f8dd8f4e0b24563f8cf0ddbc49e2e50ba6f4f614f6fe167e2ec2b745,73a35087fcb0bf4efda6bc47349bb977c31cac95df9c4f7ed476cf52d888fd2d,geometry_risk_score,,,
geometry_risk_score,geometry,False,0.05,0.4099287425796957,0.2037956204379562,0.8240850059031877,0.8347236704900939,6850,317,4889,1396,0.6922885428849208,0.5676620864857058,0.5293559964411817,4cf981b0f8dd8f4e0b24563f8cf0ddbc49e2e50ba6f4f614f6fe167e2ec2b745,a6e953d073edca1d96974e69bdb764a5fc16880938bc39d87d0ef3397efb728c,geometry_risk_score,,,
geometry_risk_score,geometry,False,0.06650617970998922,0.44212758437886546,0.22727272727272727,0.820543093270366,0.8571428571428572,6116,274,4238,1390,0.6922885428849208,0.5676620864857058,0.5293559964411817,4cf981b0f8dd8f4e0b24563f8cf0ddbc49e2e50ba6f4f614f6fe167e2ec2b745,6f597d50f51efcb3c126456e17df6dd94e5b87b9b1237e5224d6310902ae9444,geometry_risk_score,,,
geometry_risk_score,geometry,False,0.1,0.4900230935328615,0.26511806488769435,0.8152302243211335,0.8899895724713243,5209,211,3445,1381,0.6922885428849208,0.5676620864857058,0.5293559964411817,4cf981b0f8dd8f4e0b24563f8cf0ddbc49e2e50ba6f4f614f6fe167e2ec2b745,1ce4a371cbd8f88d5c90be0b664d63bff5bc4483654107055b5cceebde681ddd,geometry_risk_score,,,
geometry_risk_score,geometry,False,0.15,0.5384110800832131,0.3080387300157622,0.807556080283353,0.9197080291970803,4441,154,2782,1368,0.6922885428849208,0.5676620864857058,0.5293559964411817,4cf981b0f8dd8f4e0b24563f8cf0ddbc49e2e50ba6f4f614f6fe167e2ec2b745,356315881309b292cc10f7f0d942ff20a9401100dccfa80a73996d0372331205,geometry_risk_score,,,
geometry_risk_score,geometry,False,0.2,0.5731812652725945,0.3426626323751891,0.8022432113341205,0.935349322210636,3966,124,2366,1359,0.6922885428849208,0.5676620864857058,0.5293559964411817,4cf981b0f8dd8f4e0b24563f8cf0ddbc49e2e50ba6f4f614f6fe167e2ec2b745,7745332e060ec8faf43f213d7cae35484295e91d0aca8184574821c21651cf48,geometry_risk_score,,,
geometry_risk_score,geometry,False,0.24131104234063663,0.596829676225945,0.3681198910081744,0.7975206611570248,0.9468196037539103,3670,102,2111,1351,0.6922885428849208,0.5676620864857058,0.5293559964411817,4cf981b0f8dd8f4e0b24563f8cf0ddbc49e2e50ba6f4f614f6fe167e2ec2b745,68d94db1dcb324c9681402a3dda6fc6e886ba8dd08af98b860985d851f31dd55,geometry_risk_score,,,
geometry_risk_score,geometry,False,0.25,0.6026797788041314,0.37444567627494457,0.7975206611570248,0.9494264859228363,3608,97,2057,1351,0.6922885428849208,0.5676620864857058,0.5293559964411817,4cf981b0f8dd8f4e0b24563f8cf0ddbc49e2e50ba6f4f614f6fe167e2ec2b745,db36c82de57cfc96c671fe62fe970cdf342a0fc849cfc5440c6de5e8a2681a1e,geometry_risk_score,,,
geometry_risk_score,geometry,False,0.3,0.6284773891086041,0.40587167070217917,0.7916174734356553,0.9556830031282586,3304,85,1785,1341,0.6922885428849208,0.5676620864857058,0.5293559964411817,4cf981b0f8dd8f4e0b24563f8cf0ddbc49e2e50ba6f4f614f6fe167e2ec2b745,b8a8cc11109d497987ff496d62003859f9171ae1fbf561cdfe2f5762dbcf77c4,geometry_risk_score,,,
geometry_risk_score,geometry,False,0.35,0.6523184668195298,0.43709043250327656,0.7874852420306966,0.9603753910323254,3052,76,1555,1334,0.6922885428849208,0.5676620864857058,0.5293559964411817,4cf981b0f8dd8f4e0b24563f8cf0ddbc49e2e50ba6f4f614f6fe167e2ec2b745,c240efcfb585d9f924b7891cf591e9edab76e916800016069a0760a6b12a8e8d,geometry_risk_score,,,
geometry_risk_score,geometry,False,0.4,0.6767113659006859,0.47261009667024706,0.7792207792207793,0.9671532846715328,2793,63,1334,1320,0.6922885428849208,0.5676620864857058,0.5293559964411817,4cf981b0f8dd8f4e0b24563f8cf0ddbc49e2e50ba6f4f614f6fe167e2ec2b745,0db4df27625c5ceaa36eb7b27cd285d3fba08f3caa8c67e6f9d25c511228c351,geometry_risk_score,,,
geometry_risk_score,geometry,False,0.4934517255601197,0.7096886765525063,0.5292194523906825,0.7644628099173554,0.9713242961418144,2447,55,1033,1295,0.6922885428849208,0.5676620864857058,0.5293559964411817,4cf981b0f8dd8f4e0b24563f8cf0ddbc49e2e50ba6f4f614f6fe167e2ec2b745,22c01ae057c28e47a4a9fd8e8c3c987255db3a8ca9e3f856a70e696a9a6a47fe,geometry_risk_score,,,
geometry_risk_score,geometry,False,0.5,0.7123367566032803,0.5340768277571252,0.7632821723730815,0.9718456725755996,2421,54,1010,1293,0.6922885428849208,0.5676620864857058,0.5293559964411817,4cf981b0f8dd8f4e0b24563f8cf0ddbc49e2e50ba6f4f614f6fe167e2ec2b745,dddabdd1ef14caeb99ee62bc981756747268db583667c0021dd2ba29ce0d81bb,geometry_risk_score,,,
geometry_risk_score,geometry,False,0.6,0.7356712658021146,0.5842592592592593,0.7449822904368358,0.9765380604796663,2160,45,801,1262,0.6922885428849208,0.5676620864857058,0.5293559964411817,4cf981b0f8dd8f4e0b24563f8cf0ddbc49e2e50ba6f4f614f6fe167e2ec2b745,e9245b5019fd385c8c530529362e4dc4cc85f504ac42a8d48bd4dbfbe4e02319,geometry_risk_score,,,
geometry_risk_score,geometry,False,0.7,0.7598873318386874,0.6439075630252101,0.7237308146399055,0.9869655891553701,1904,25,606,1226,0.6922885428849208,0.5676620864857058,0.5293559964411817,4cf981b0f8dd8f4e0b24563f8cf0ddbc49e2e50ba6f4f614f6fe167e2ec2b745,02f60f42a59d104a3824ab84c0d17da3ccded8dfd64278b7349c943a7f8daa71,geometry_risk_score,,,
geometry_risk_score,geometry,False,0.8,0.782553969015305,0.7181044957472661,0.6977567886658795,0.9921793534932221,1646,15,415,1182,0.6922885428849208,0.5676620864857058,0.5293559964411817,4cf981b0f8dd8f4e0b24563f8cf0ddbc49e2e50ba6f4f614f6fe167e2ec2b745,4e7af5b09d9cd04699138ef81e87e119f529000688b1a411462d1a1e73a075e5,geometry_risk_score,,,
geometry_risk_score,geometry,False,0.9,0.7865264048351364,0.8136882129277566,0.6316410861865407,0.9979144942648592,1315,4,220,1070,0.6922885428849208,0.5676620864857058,0.5293559964411817,4cf981b0f8dd8f4e0b24563f8cf0ddbc49e2e50ba6f4f614f6fe167e2ec2b745,38944fb7790576a1e0614d2094abbe44d89ca3083142c52e061a4a4b9a8160f4,geometry_risk_score,,,
geometry_risk_score,geometry,False,0.9204367056831524,0.7733396594264408,0.8284313725490197,0.5985832349468713,0.9984358706986444,1224,3,189,1014,0.6922885428849208,0.5676620864857058,0.5293559964411817,4cf981b0f8dd8f4e0b24563f8cf0ddbc49e2e50ba6f4f614f6fe167e2ec2b745,70c04c2c4f7d77e5ca9cafac1179e758202e146365e5e8576c6a4807a8c3ae9c,geometry_risk_score,,,
geometry_risk_score,geometry,False,0.9833042816941342,0.6070563818747838,0.9558823529411765,0.34533648170011805,1.0,612,0,25,585,0.6922885428849208,0.5676620864857058,0.5293559964411817,4cf981b0f8dd8f4e0b24563f8cf0ddbc49e2e50ba6f4f614f6fe167e2ec2b745,a03995f05b0f7df38c662bf810402211b07562f73bf754507ba927c777269477,geometry_risk_score,,,
geometry_risk_score,geometry,False,0.9988247468148529,0.001768867924528302,1.0,0.0005903187721369539,1.0,1,0,0,1,0.6922885428849208,0.5676620864857058,0.5293559964411817,4cf981b0f8dd8f4e0b24563f8cf0ddbc49e2e50ba6f4f614f6fe167e2ec2b745,5098974df0fb94e294f4e154de70961dd836b7c5b3e1940fcd1dc26a14016df3,geometry_risk_score,,,
geometry_alpha_0p050,alpha_blend,False,0.0033887784187463864,0.33173526750179916,0.15336821451929367,0.8305785123966942,0.7580813347236705,9174,464,6925,1407,0.6922885428849208,0.5676620864857058,0.5293559964411817,871603d6945835979685ac9f7f29114f239a4e621b7d730fb6fa1d3e3dee8b58,c6680b30cc77e23ab2d991385524ccb308c5193f5999922edb94db851001fb6f,geometry_alpha_0p050,0.05,,
geometry_alpha_0p050,alpha_blend,False,0.009721495925941136,0.43978595922375713,0.22710922171353826,0.819952774498229,0.8342022940563086,6116,318,4163,1389,0.6922885428849208,0.5676620864857058,0.5293559964411817,871603d6945835979685ac9f7f29114f239a4e621b7d730fb6fa1d3e3dee8b58,ae1de3920533b7ad15e2cb6bb16a6b87419903b741b687d898f4ba194f74c3f7,geometry_alpha_0p050,0.05,,
geometry_alpha_0p050,alpha_blend,False,0.038436399178089255,0.5944465560360912,0.3681198910081744,0.7975206611570248,0.9290928050052137,3670,136,2059,1351,0.6922885428849208,0.5676620864857058,0.5293559964411817,871603d6945835979685ac9f7f29114f239a4e621b7d730fb6fa1d3e3dee8b58,278c0495c1aa4328b16fe58db752bdb167ea2130d453215c14889273e5133e19,geometry_alpha_0p050,0.05,,
geometry_alpha_0p050,alpha_blend,False,0.05,0.624980077422566,0.40465397401027503,0.7904368358913814,0.9400417101147028,3309,115,1749,1339,0.6922885428849208,0.5676620864857058,0.5293559964411817,871603d6945835979685ac9f7f29114f239a4e621b7d730fb6fa1d3e3dee8b58,9862c15e0df97cd0254864884be5084725ae8fc21d03967745017e7b066ca61d,geometry_alpha_0p050,0.05,,
geometry_alpha_0p050,alpha_blend,False,0.1,0.7059020839273593,0.5252525252525253,0.7674144037780402,0.9588112617309698,2475,79,1023,1300,0.6922885428849208,0.5676620864857058,0.5293559964411817,871603d6945835979685ac9f7f29114f239a4e621b7d730fb6fa1d3e3dee8b58,1993666eea401ec6d4bc1fd1327dfa22b82fd75278db19cc77f0a83de101b10b,geometry_alpha_0p050,0.05,,
geometry_alpha_0p050,alpha_blend,False,0.10283017699441221,0.7079466664977762,0.5296281160604822,0.7650531286894924,0.959332638164755,2447,78,1002,1296,0.6922885428849208,0.5676620864857058,0.5293559964411817,871603d6945835979685ac9f7f29114f239a4e621b7d730fb6fa1d3e3dee8b58,51cdd553a863b51c3e2d9df60e4208fae57cce4d452c1539072111503f1492b0,geometry_alpha_0p050,0.05,,
geometry_alpha_0p050,alpha_blend,False,0.15,0.7371825205549103,0.5905253283302064,0.7432113341204251,0.970281543274244,2132,57,759,1259,0.6922885428849208,0.5676620864857058,0.5293559964411817,871603d6945835979685ac9f7f29114f239a4e621b7d730fb6fa1d3e3dee8b58,602c01c686de72079c78c2f64e54a3526bfd7135b6da0850e64588712ae0dde5,geometry_alpha_0p050,0.05,,
geometry_alpha_0p050,alpha_blend,False,0.2,0.7613961157772526,0.647739221871714,0.7272727272727273,0.9791449426485923,1902,40,583,1232,0.6922885428849208,0.5676620864857058,0.5293559964411817,871603d6945835979685ac9f7f29114f239a4e621b7d730fb6fa1d3e3dee8b58,1e30893e113daee4d2a45f0e266b9d824e5a6f753cd825ca741298b7f970aa2d,geometry_alpha_0p050,0.05,,
geometry_alpha_0p050,alpha_blend,False,0.25,0.7723604709965176,0.6889016676250719,0.7072018890200709,0.9817518248175182,1739,35,465,1198,0.6922885428849208,0.5676620864857058,0.5293559964411817,871603d6945835979685ac9f7f29114f239a4e621b7d730fb6fa1d3e3dee8b58,4cb4fa2b6df25334f4f31d4fd6e4b390a636305670918197854b9ba5a01bf41d,geometry_alpha_0p050,0.05,,
geometry_alpha_0p050,alpha_blend,False,0.3,0.7849036230575976,0.73568281938326,0.6900826446280992,0.986444212721585,1589,26,365,1169,0.6922885428849208,0.5676620864857058,0.5293559964411817,871603d6945835979685ac9f7f29114f239a4e621b7d730fb6fa1d3e3dee8b58,7a2dabf7302f490995181ea4831b0c7400b2880c65be3d72967b8cd08c6d9c34,geometry_alpha_0p050,0.05,,
geometry_alpha_0p050,alpha_blend,False,0.35,0.7872530883631802,0.7627345844504021,0.6717827626918536,0.9890510948905109,1492,21,308,1138,0.6922885428849208,0.5676620864857058,0.5293559964411817,871603d6945835979685ac9f7f29114f239a4e621b7d730fb6fa1d3e3dee8b58,a665fb29af29f25b8ee9cb6411a6e50097def8978443fa6239ce32765a1d4cd0,geometry_alpha_0p050,0.05,,
geometry_alpha_0p050,alpha_blend,False,0.4,0.787647557326263,0.7945007235890015,0.6481700118063755,0.9927007299270073,1382,14,247,1098,0.6922885428849208,0.5676620864857058,0.5293559964411817,871603d6945835979685ac9f7f29114f239a4e621b7d730fb6fa1d3e3dee8b58,3dd1895c03d8801d076407ae70c07b8c920d0db97c9a7ae93dc4633aa516d048,geometry_alpha_0p050,0.05,,
geometry_alpha_0p050,alpha_blend,False,0.4835315468914847,0.7678239600591054,0.821078431372549,0.5932703659976387,0.9963503649635036,1224,7,189,1005,0.6922885428849208,0.5676620864857058,0.5293559964411817,871603d6945835979685ac9f7f29114f239a4e621b7d730fb6fa1d3e3dee8b58,3b33d1a980c1f343fcc92ec201b9f127df6bb10175c08baaee9650b654975e9c,geometry_alpha_0p050,0.05,,
geometry_alpha_0p050,alpha_blend,False,0.5,0.7664900246141596,0.8315171835708298,0.5855962219598583,0.9963503649635036,1193,7,173,992,0.6922885428849208,0.5676620864857058,0.5293559964411817,871603d6945835979685ac9f7f29114f239a4e621b7d730fb6fa1d3e3dee8b58,dab33e7110f6b7f75d9315e3db29171315444952375c27bbfc5482801fec04c2,geometry_alpha_0p050,0.05,,
geometry_alpha_0p050,alpha_blend,False,0.6,0.7373411571892651,0.8797595190380761,0.5182998819362455,0.997393117831074,998,5,99,878,0.6922885428849208,0.5676620864857058,0.5293559964411817,871603d6945835979685ac9f7f29114f239a4e621b7d730fb6fa1d3e3dee8b58,9874a3a1c3156cd2da1efe7265bdc01d50436d7f0c79634818f4a10da6854d76,geometry_alpha_0p050,0.05,,
geometry_alpha_0p050,alpha_blend,False,0.7,0.6891690206570182,0.9244114002478315,0.44037780401416765,0.9994786235662148,807,1,53,746,0.6922885428849208,0.5676620864857058,0.5293559964411817,871603d6945835979685ac9f7f29114f239a4e621b7d730fb6fa1d3e3dee8b58,3acd3e6c1686934a409bb6b96fee56a6ce26e96edb6ff2608f0217c025ec0547,geometry_alpha_0p050,0.05,,
geometry_alpha_0p050,alpha_blend,False,0.8,0.6153451112037196,0.9553429027113237,0.35360094451003543,0.9994786235662148,627,1,22,599,0.6922885428849208,0.5676620864857058,0.5293559964411817,871603d6945835979685ac9f7f29114f239a4e621b7d730fb6fa1d3e3dee8b58,fbf26bf8abb92db3a47e5aca4a3e17e17bd50f6b61662e7a1bd9435c492b5e0e,geometry_alpha_0p050,0.05,,
geometry_alpha_0p050,alpha_blend,False,0.8063563996139511,0.6078195705692977,0.9575163398692811,0.345926800472255,0.9994786235662148,612,1,20,586,0.6922885428849208,0.5676620864857058,0.5293559964411817,871603d6945835979685ac9f7f29114f239a4e621b7d730fb6fa1d3e3dee8b58,8c4d6d7ff29227b89a5b2a9b61e59a191c35389c78dcead96969a094cba51ca3,geometry_alpha_0p050,0.05,,
geometry_alpha_0p050,alpha_blend,False,0.9,0.41966935142009326,0.9850746268656716,0.19480519480519481,1.0,335,0,4,330,0.6922885428849208,0.5676620864857058,0.5293559964411817,871603d6945835979685ac9f7f29114f239a4e621b7d730fb6fa1d3e3dee8b58,6f520502ad4f5d157e8a396b7345bad715af6c3e226c126099c57f5cfcd6e048,geometry_alpha_0p050,0.05,,
geometry_alpha_0p050,alpha_blend,False,0.9811359868152679,0.001768867924528302,1.0,0.0005903187721369539,1.0,1,0,0,1,0.6922885428849208,0.5676620864857058,0.5293559964411817,871603d6945835979685ac9f7f29114f239a4e621b7d730fb6fa1d3e3dee8b58,5098974df0fb94e294f4e154de70961dd836b7c5b3e1940fcd1dc26a14016df3,geometry_alpha_0p050,0.05,,
geometry_alpha_0p100,alpha_blend,False,0.004580785650342618,0.33233922958328266,0.15369522563767168,0.8323494687131051,0.7580813347236705,9174,464,6928,1410,0.6922885428849208,0.5676620864857058,0.5293559964411817,a41821b70edc1a4f0526720c69006a529c721b1818ebe1668db59c01c8742a32,251650366776904aa13b7662815e3629740b772ac221aca7baa44bf730b7d234,geometry_alpha_0p100,0.1,,
geometry_alpha_0p100,alpha_blend,False,0.01287673964174464,0.44012286217631125,0.22710922171353826,0.819952774498229,0.837851929092805,6116,311,4181,1389,0.6922885428849208,0.5676620864857058,0.5293559964411817,a41821b70edc1a4f0526720c69006a529c721b1818ebe1668db59c01c8742a32,b68b3466aaaa5aefd76c8141ca443d63ede36266ce021db071871798ca05e1ee,geometry_alpha_0p100,0.1,,
geometry_alpha_0p100,alpha_blend,False,0.049343427604793925,0.5955018031327712,0.3683923705722071,0.7981109799291618,0.9343065693430657,3670,126,2072,1352,0.6922885428849208,0.5676620864857058,0.5293559964411817,a41821b70edc1a4f0526720c69006a529c721b1818ebe1668db59c01c8742a32,24de8ac93e897bda653bdd78a8d5a1988998ff78f2c7f450de3235420ad7665a,geometry_alpha_0p100,0.1,,
geometry_alpha_0p100,alpha_blend,False,0.05,0.5969079032905735,0.3701369863013699,0.7975206611570248,0.9343065693430657,3650,126,2054,1351,0.6922885428849208,0.5676620864857058,0.5293559964411817,a41821b70edc1a4f0526720c69006a529c721b1818ebe1668db59c01c8742a32,4637244b1bfd77542ebbb50032e8d36680040c05f9f29caa70c54c9752dec396,geometry_alpha_0p100,0.1,,
geometry_alpha_0p100,alpha_blend,False,0.1,0.6858411909992769,0.49011562849682955,0.7756788665879575,0.9572471324296141,2681,82,1207,1314,0.6922885428849208,0.5676620864857058,0.5293559964411817,a41821b70edc1a4f0526720c69006a529c721b1818ebe1668db59c01c8742a32,81d123de23a348ceeb3024458081232466ae7c01ccf0ae119c4ea5638c1f0b05,geometry_alpha_0p100,0.1,,
geometry_alpha_0p100,alpha_blend,False,0.12263984569257945,0.7088312742630648,0.530036779730282,0.7656434474616293,0.9619395203336809,2447,73,1008,1297,0.6922885428849208,0.5676620864857058,0.5293559964411817,a41821b70edc1a4f0526720c69006a529c721b1818ebe1668db59c01c8742a32,fb7199318778d20d570b96984cfde548a90f665d086927ff19506eebb2cd532b,geometry_alpha_0p100,0.1,,
geometry_alpha_0p100,alpha_blend,False,0.15,0.7252236127911443,0.5635481023830539,0.7538370720188902,0.9655891553701773,2266,66,861,1277,0.6922885428849208,0.5676620864857058,0.5293559964411817,a41821b70edc1a4f0526720c69006a529c721b1818ebe1668db59c01c8742a32,d58e8f789531e371ef3557ee437e5058e357de76511e49f2ea1bd2c56bbd9a0a,geometry_alpha_0p100,0.1,,
geometry_alpha_0p100,alpha_blend,False,0.2,0.7510600430598612,0.6203980099502487,0.7361275088547816,0.9765380604796663,2010,45,668,1247,0.6922885428849208,0.5676620864857058,0.5293559964411817,a41821b70edc1a4f0526720c69006a529c721b1818ebe1668db59c01c8742a32,25e9aa3d16335276aec795624cb04d6d72375433d01a90b836bbd61afbe63e5e,geometry_alpha_0p100,0.1,,
geometry_alpha_0p100,alpha_blend,False,0.25,0.7671006777476375,0.6664844177145981,0.7195985832349469,0.9796663190823774,1829,39,527,1219,0.6922885428849208,0.5676620864857058,0.5293559964411817,a41821b70edc1a4f0526720c69006a529c721b1818ebe1668db59c01c8742a32,b4c11328152b21eb9b9d367ba8dc68b443c72882689ab686d585e693f5ab2340,geometry_alpha_0p100,0.1,,
geometry_alpha_0p100,alpha_blend,False,0.3,0.7814271558139283,0.7166163141993958,0.7001180637544274,0.9848800834202294,1655,29,403,1186,0.6922885428849208,0.5676620864857058,0.5293559964411817,a41821b70edc1a4f0526720c69006a529c721b1818ebe1668db59c01c8742a32,df67f3d95eae22091c40a19297a165505f6906655906c89413be36d38a914b01,geometry_alpha_0p100,0.1,,
geometry_alpha_0p100,alpha_blend,False,0.35,0.7869272257231655,0.7503250975292588,0.6812278630460449,0.9885297184567258,1538,22,334,1154,0.6922885428849208,0.5676620864857058,0.5293559964411817,a41821b70edc1a4f0526720c69006a529c721b1818ebe1668db59c01c8742a32,98bff2caa3b412e3e1629ac65db8232565207cede7689c0ce768ccb7676c1f0d,geometry_alpha_0p100,0.1,,
geometry_alpha_0p100,alpha_blend,False,0.4,0.788136722968019,0.778705636743215,0.6605667060212514,0.9916579770594369,1437,16,279,1119,0.6922885428849208,0.5676620864857058,0.5293559964411817,a41821b70edc1a4f0526720c69006a529c721b1818ebe1668db59c01c8742a32,32cc99a30f9449e1e462f7dd52f46301f7c7d051960e91fb3ef8da3fff394551,geometry_alpha_0p100,0.1,,
geometry_alpha_0p100,alpha_blend,False,0.5,0.7718953878521448,0.8226720647773279,0.5997638724911453,0.9963503649635036,1235,7,189,1016,0.6922885428849208,0.5676620864857058,0.5293559964411817,a41821b70edc1a4f0526720c69006a529c721b1818ebe1668db59c01c8742a32,c06f5dd0a6b5f5a23bdd2361b327030fc0d51107dd53b7b806e4a0cf4511eac5,geometry_alpha_0p100,0.1,,
geometry_alpha_0p100,alpha_blend,False,0.5063286548375943,0.7689588748867167,0.8227124183006536,0.5944510035419126,0.9963503649635036,1224,7,187,1007,0.6922885428849208,0.5676620864857058,0.5293559964411817,a41821b70edc1a4f0526720c69006a529c721b1818ebe1668db59c01c8742a32,29d0f742e08a9593cef474fb959bb9b1c2e32f58e7855cd3cb4bc50cf756c75f,geometry_alpha_0p100,0.1,,
geometry_alpha_0p100,alpha_blend,False,0.6,0.7466246389818133,0.8743961352657005,0.5342384887839433,0.997393117831074,1035,5,108,905,0.6922885428849208,0.5676620864857058,0.5293559964411817,a41821b70edc1a4f0526720c69006a529c721b1818ebe1668db59c01c8742a32,174e89b33eb7993dec826615ecf4a26ec2c14554e47c49100837579d01dbaf8b,geometry_alpha_0p100,0.1,,
geometry_alpha_0p100,alpha_blend,False,0.7,0.697674286358764,0.9142857142857143,0.45336481700118064,0.9994786235662148,840,1,62,768,0.6922885428849208,0.5676620864857058,0.5293559964411817,a41821b70edc1a4f0526720c69006a529c721b1818ebe1668db59c01c8742a32,90dc434dbaefb107cf6a57bbee9c2573a8e12de880b369fac95b91956d91681c,geometry_alpha_0p100,0.1,,
geometry_alpha_0p100,alpha_blend,False,0.8,0.6315626032826612,0.954337899543379,0.37012987012987014,0.9994786235662148,657,1,24,627,0.6922885428849208,0.5676620864857058,0.5293559964411817,a41821b70edc1a4f0526720c69006a529c721b1818ebe1668db59c01c8742a32,154f5ac193c6e9c3d41c91df17c399f499dd1a4db7e040b0ffbce82d519f4594,geometry_alpha_0p100,0.1,,
geometry_alpha_0p100,alpha_blend,False,0.8158597784406635,0.6078195705692977,0.9575163398692811,0.345926800472255,0.9994786235662148,612,1,20,586,0.6922885428849208,0.5676620864857058,0.5293559964411817,a41821b70edc1a4f0526720c69006a529c721b1818ebe1668db59c01c8742a32,8c4d6d7ff29227b89a5b2a9b61e59a191c35389c78dcead96969a094cba51ca3,geometry_alpha_0p100,0.1,,
geometry_alpha_0p100,alpha_blend,False,0.9,0.431265716680637,0.9828080229226361,0.2024793388429752,1.0,349,0,5,343,0.6922885428849208,0.5676620864857058,0.5293559964411817,a41821b70edc1a4f0526720c69006a529c721b1818ebe1668db59c01c8742a32,06108e7f011cda624f6ed50bb24987607ea4c54e8f382cfc2fd019680fb1f910,geometry_alpha_0p100,0.1,,
geometry_alpha_0p100,alpha_blend,False,0.9820669741836672,0.001768867924528302,1.0,0.0005903187721369539,1.0,1,0,0,1,0.6922885428849208,0.5676620864857058,0.5293559964411817,a41821b70edc1a4f0526720c69006a529c721b1818ebe1668db59c01c8742a32,5098974df0fb94e294f4e154de70961dd836b7c5b3e1940fcd1dc26a14016df3,geometry_alpha_0p100,0.1,,
geometry_alpha_0p200,alpha_blend,False,0.006872702021879504,0.33254046682663035,0.1538042293437977,0.832939787485242,0.7580813347236705,9174,464,6933,1411,0.6922885428849208,0.5676620864857058,0.5293559964411817,a3b6f6f94eceafff4a1e18b54974b6679e4bda7773cc0bac87b39907f2230931,7645d2861348c70df0af46fd865c18b4b1695be78e0ecfa7e3491d19a43febae,geometry_alpha_0p200,0.2,,
geometry_alpha_0p200,alpha_blend,False,0.018898375927158727,0.4406948117423976,0.22710922171353826,0.819952774498229,0.8441084462982273,6116,299,4200,1389,0.6922885428849208,0.5676620864857058,0.5293559964411817,a3b6f6f94eceafff4a1e18b54974b6679e4bda7773cc0bac87b39907f2230931,e9d9371565b1f044ab587a260f587ccf29aeca7d0dacaf28401e39b50f8570f0,geometry_alpha_0p200,0.2,,
geometry_alpha_0p200,alpha_blend,False,0.05,0.5527668620756298,0.32297842067820726,0.8040141676505312,0.9197080291970803,4217,154,2562,1362,0.6922885428849208,0.5676620864857058,0.5293559964411817,a3b6f6f94eceafff4a1e18b54974b6679e4bda7773cc0bac87b39907f2230931,d0917bcf75865387fd3ac853ab7159d79ea57925bb5dc0b1eeb2c8dc72fea75c,geometry_alpha_0p200,0.2,,
geometry_alpha_0p200,alpha_blend,False,0.07090820042047506,0.5963445835104622,0.3683923705722071,0.7981109799291618,0.940563086548488,3670,114,2088,1352,0.6922885428849208,0.5676620864857058,0.5293559964411817,a3b6f6f94eceafff4a1e18b54974b6679e4bda7773cc0bac87b39907f2230931,56014261acffea6c9c5c8cdb15816a1a8a82968e514612878d1b2d476ec0180c,geometry_alpha_0p200,0.2,,
geometry_alpha_0p200,alpha_blend,False,0.1,0.6419655705733633,0.4251115360101976,0.7874852420306966,0.9515119916579771,3138,93,1615,1334,0.6922885428849208,0.5676620864857058,0.5293559964411817,a3b6f6f94eceafff4a1e18b54974b6679e4bda7773cc0bac87b39907f2230931,2663cf1e55fc471b08295e6e42ae8e87d5f4a1036467fbc2c1eabdd7ca0a610b,geometry_alpha_0p200,0.2,,
geometry_alpha_0p200,alpha_blend,False,0.15,0.6976191472106226,0.5103962338171832,0.768004722550177,0.9624608967674662,2549,72,1104,1301,0.6922885428849208,0.5676620864857058,0.5293559964411817,a3b6f6f94eceafff4a1e18b54974b6679e4bda7773cc0bac87b39907f2230931,29af17e4f34fc072a69f537000f1db92448548dc2d9a430db8ff865b8be6a5c3,geometry_alpha_0p200,0.2,,
geometry_alpha_0p200,alpha_blend,False,0.16429571734295323,0.7087953319305804,0.5296281160604822,0.7650531286894924,0.9640250260688217,2447,69,1015,1296,0.6922885428849208,0.5676620864857058,0.5293559964411817,a3b6f6f94eceafff4a1e18b54974b6679e4bda7773cc0bac87b39907f2230931,de5954dfd2fd88fb852b2f8dcc0f0657dabcc9667efa11f023e860af2d302503,geometry_alpha_0p200,0.2,,
geometry_alpha_0p200,alpha_blend,False,0.2,0.728155631801526,0.5678079146287239,0.7538370720188902,0.9687174139728885,2249,60,853,1277,0.6922885428849208,0.5676620864857058,0.5293559964411817,a3b6f6f94eceafff4a1e18b54974b6679e4bda7773cc0bac87b39907f2230931,3ab941ba80ada23265e6579e64a76e85b2bbdd72064b3bd884a9b5f044c3fae3,geometry_alpha_0p200,0.2,,
geometry_alpha_0p200,alpha_blend,False,0.25,0.7511730544832377,0.6202090592334495,0.7355371900826446,0.9786235662148071,2009,41,673,1246,0.6922885428849208,0.5676620864857058,0.5293559964411817,a3b6f6f94eceafff4a1e18b54974b6679e4bda7773cc0bac87b39907f2230931,0cd07e4e027af7c562b8f92f110bea9ddda91e24e88151f5e3c1e30fcf3b0db1,geometry_alpha_0p200,0.2,,
geometry_alpha_0p200,alpha_blend,False,0.3,0.7673846234678503,0.6653950953678475,0.7207792207792207,0.9812304483837331,1835,36,533,1221,0.6922885428849208,0.5676620864857058,0.5293559964411817,a3b6f6f94eceafff4a1e18b54974b6679e4bda7773cc0bac87b39907f2230931,a4a8012f20abe12185a023ddeed1daf939bbd23003e8ccc6a2b1a45e87127112,geometry_alpha_0p200,0.2,,
geometry_alpha_0p200,alpha_blend,False,0.35,0.780307555463216,0.7129129129129129,0.7007083825265643,0.9854014598540146,1665,28,413,1187,0.6922885428849208,0.5676620864857058,0.5293559964411817,a3b6f6f94eceafff4a1e18b54974b6679e4bda7773cc0bac87b39907f2230931,7885c1d02a671a4f4129a7967aa6f1c65058d52fd27ad26cf8710a24afc595ff,geometry_alpha_0p200,0.2,,
geometry_alpha_0p200,alpha_blend,False,0.4,0.7868205663707419,0.7478991596638656,0.6829988193624558,0.9885297184567258,1547,22,339,1157,0.6922885428849208,0.5676620864857058,0.5293559964411817,a3b6f6f94eceafff4a1e18b54974b6679e4bda7773cc0bac87b39907f2230931,bee2314881f901b51309562518dbeddb8fabb24d323b1aa32e3b62042a381bee,geometry_alpha_0p200,0.2,,
geometry_alpha_0p200,alpha_blend,False,0.5,0.7849674244142216,0.8069120961682945,0.6340023612750886,0.9947862356621481,1331,10,224,1074,0.6922885428849208,0.5676620864857058,0.5293559964411817,a3b6f6f94eceafff4a1e18b54974b6679e4bda7773cc0bac87b39907f2230931,4661f2367cfde718c5c20571f5ec6e9cd4e188d99a93d97766a55344c40e619b,geometry_alpha_0p200,0.2,,
geometry_alpha_0p200,alpha_blend,False,0.5494009124594772,0.7707630092932837,0.8251633986928104,0.5962219598583235,0.9968717413972888,1224,6,186,1010,0.6922885428849208,0.5676620864857058,0.5293559964411817,a3b6f6f94eceafff4a1e18b54974b6679e4bda7773cc0bac87b39907f2230931,6db1eb8a72afced0f431df1bc32558896b8e7c45fe2b4e0575de75839a39a560,geometry_alpha_0p200,0.2,,
geometry_alpha_0p200,alpha_blend,False,0.6,0.7595554052771055,0.8540734109221128,0.5631641086186541,0.9968717413972888,1117,6,140,954,0.6922885428849208,0.5676620864857058,0.5293559964411817,a3b6f6f94eceafff4a1e18b54974b6679e4bda7773cc0bac87b39907f2230931,67611a59066b91e63a37461adacbe87eb3ac1ce626d7e6ddd334f5423339cef4,geometry_alpha_0p200,0.2,,
geometry_alpha_0p200,alpha_blend,False,0.7,0.7176946464253404,0.9028697571743929,0.48288075560802834,0.9984358706986444,906,3,76,818,0.6922885428849208,0.5676620864857058,0.5293559964411817,a3b6f6f94eceafff4a1e18b54974b6679e4bda7773cc0bac87b39907f2230931,01f8a73e554c9fbf87ca0dafd3fde17fe0f7b539f98b44efa6055023c51cb50b,geometry_alpha_0p200,0.2,,
geometry_alpha_0p200,alpha_blend,False,0.8,0.6467343726097737,0.9506531204644412,0.38665879574970485,0.9994786235662148,689,1,27,655,0.6922885428849208,0.5676620864857058,0.5293559964411817,a3b6f6f94eceafff4a1e18b54974b6679e4bda7773cc0bac87b39907f2230931,d84b25210ce8b7f76912123b6782843a8ddf2c4c2cd59fb491281b28fddf709c,geometry_alpha_0p200,0.2,,
geometry_alpha_0p200,alpha_blend,False,0.8347436939450474,0.6078195705692977,0.9575163398692811,0.345926800472255,0.9994786235662148,612,1,20,586,0.6922885428849208,0.5676620864857058,0.5293559964411817,a3b6f6f94eceafff4a1e18b54974b6679e4bda7773cc0bac87b39907f2230931,9d1bb3c7f3174544325d7f7781bce70a7beebd17523d5dc5af0d6b7a6e1a012b,geometry_alpha_0p200,0.2,,
geometry_alpha_0p200,alpha_blend,False,0.9,0.4605048859934854,0.9792207792207792,0.22255017709563163,1.0,385,0,6,377,0.6922885428849208,0.5676620864857058,0.5293559964411817,a3b6f6f94eceafff4a1e18b54974b6679e4bda7773cc0bac87b39907f2230931,a93870d1910f8c7ba5fe5ae658e1170222012726adb140a63c9d68ffb48f61ef,geometry_alpha_0p200,0.2,,
geometry_alpha_0p200,alpha_blend,False,0.9839289489204657,0.001768867924528302,1.0,0.0005903187721369539,1.0,1,0,0,1,0.6922885428849208,0.5676620864857058,0.5293559964411817,a3b6f6f94eceafff4a1e18b54974b6679e4bda7773cc0bac87b39907f2230931,5098974df0fb94e294f4e154de70961dd836b7c5b3e1940fcd1dc26a14016df3,geometry_alpha_0p200,0.2,,
geometry_alpha_0p400,alpha_blend,False,0.011442236349273802,0.3332760857888287,0.1540222367560497,0.8341204250295159,0.7632950990615224,9174,454,6954,1413,0.6922885428849208,0.5676620864857058,0.5293559964411817,f4448c211a16c465ede13edfd468b4b10eba78f709d62d8724c663dd69c1d732,7da681d16bac0ac28d812c7348b81229cddb15a8ea7c6e75eac7ad21dbe917d4,geometry_alpha_0p400,0.4,,
geometry_alpha_0p400,alpha_blend,False,0.03099634728791431,0.4416161092105903,0.22727272727272727,0.820543093270366,0.85140771637122,6116,285,4217,1390,0.6922885428849208,0.5676620864857058,0.5293559964411817,f4448c211a16c465ede13edfd468b4b10eba78f709d62d8724c663dd69c1d732,9d89354e6fb864214339d8d18efa141e055e862a077ba9613c7e7ad4f081e0e3,geometry_alpha_0p400,0.4,,
geometry_alpha_0p400,alpha_blend,False,0.05,0.49806263193511136,0.2725296442687747,0.8140495867768595,0.8884254431699687,5060,214,3297,1379,0.6922885428849208,0.5676620864857058,0.5293559964411817,f4448c211a16c465ede13edfd468b4b10eba78f709d62d8724c663dd69c1d732,6a50e6d18c6d414b954a87900b02f01a43adb1ca37f0f746b065426b6a284e23,geometry_alpha_0p400,0.4,,
geometry_alpha_0p400,alpha_blend,False,0.1,0.5805608864191873,0.35103626943005184,0.7998819362455726,0.9358706986444213,3860,123,2264,1355,0.6922885428849208,0.5676620864857058,0.5293559964411817,f4448c211a16c465ede13edfd468b4b10eba78f709d62d8724c663dd69c1d732,ddaebe007a5be35363df12b444be1ab7f14b9075fd7cb3caf73e411ab2483f2d,geometry_alpha_0p400,0.4,,
geometry_alpha_0p400,alpha_blend,False,0.11345750738040983,0.5965529739530847,0.3681198910081744,0.7975206611570248,0.9447340980187695,3670,106,2103,1351,0.6922885428849208,0.5676620864857058,0.5293559964411817,f4448c211a16c465ede13edfd468b4b10eba78f709d62d8724c663dd69c1d732,366e27e31c847d522b7345c67429a9b51ec7b249196bbf1e94c7557b3382f548,geometry_alpha_0p400,0.4,,
geometry_alpha_0p400,alpha_blend,False,0.15,0.6358671659118037,0.4158139534883721,0.7916174734356553,0.9525547445255474,3225,91,1698,1341,0.6922885428849208,0.5676620864857058,0.5293559964411817,f4448c211a16c465ede13edfd468b4b10eba78f709d62d8724c663dd69c1d732,ee343b9f5a83e38add89c989444058477ee154d4ecab239b9bde0cab0e00eed3,geometry_alpha_0p400,0.4,,
geometry_alpha_0p400,alpha_blend,False,0.2,0.6795982777375315,0.4782608695652174,0.7792207792207793,0.9614181438998958,2760,74,1290,1320,0.6922885428849208,0.5676620864857058,0.5293559964411817,f4448c211a16c465ede13edfd468b4b10eba78f709d62d8724c663dd69c1d732,a8bdcc7cf57d88aa95bf9e46b8ea6f2405ecd95c99b5ba40f149c486b400df33,geometry_alpha_0p400,0.4,,
geometry_alpha_0p400,alpha_blend,False,0.24702926960487862,0.709677463782801,0.530036779730282,0.7656434474616293,0.9666319082377477,2447,64,1021,1297,0.6922885428849208,0.5676620864857058,0.5293559964411817,f4448c211a16c465ede13edfd468b4b10eba78f709d62d8724c663dd69c1d732,c4953aad5ed38b128122f3d16662075f66a6de72c953f238ba3babbe2d3d4bd3,geometry_alpha_0p400,0.4,,
geometry_alpha_0p400,alpha_blend,False,0.25,0.7116243557177735,0.5333059210526315,0.7656434474616293,0.9666319082377477,2432,64,1006,1297,0.6922885428849208,0.5676620864857058,0.5293559964411817,f4448c211a16c465ede13edfd468b4b10eba78f709d62d8724c663dd69c1d732,9c49fbfc75851e21b83b1520ee932b803b5bca9dd83632798352d60dfdca94c9,geometry_alpha_0p400,0.4,,
geometry_alpha_0p400,alpha_blend,False,0.3,0.7317505982474451,0.5751811594202898,0.7497048406139315,0.9734098018769551,2208,51,830,1270,0.6922885428849208,0.5676620864857058,0.5293559964411817,f4448c211a16c465ede13edfd468b4b10eba78f709d62d8724c663dd69c1d732,b9415ee026a723901305bb850529c5eb8b3ed20f21a697b8e27973f0649d6332,geometry_alpha_0p400,0.4,,
geometry_alpha_0p400,alpha_blend,False,0.35,0.7521725204960515,0.6212045793927327,0.7367178276269185,0.9791449426485923,2009,40,673,1248,0.6922885428849208,0.5676620864857058,0.5293559964411817,f4448c211a16c465ede13edfd468b4b10eba78f709d62d8724c663dd69c1d732,b62f96fa3bf0928ba54824deff840f90a756cc2a51459c72ede020a32e661737,geometry_alpha_0p400,0.4,,
geometry_alpha_0p400,alpha_blend,False,0.4,0.7660106249315047,0.6603671706263499,0.7219598583234947,0.9833159541188738,1852,32,550,1223,0.6922885428849208,0.5676620864857058,0.5293559964411817,f4448c211a16c465ede13edfd468b4b10eba78f709d62d8724c663dd69c1d732,f5eecbaf29fd09786f54fe8336a73be530dac8492d68618df7bf3bd8e0f4437f,geometry_alpha_0p400,0.4,,
geometry_alpha_0p400,alpha_blend,False,0.5,0.7853356808433896,0.7423076923076923,0.6835891381345927,0.9900938477580813,1560,19,353,1158,0.6922885428849208,0.5676620864857058,0.5293559964411817,f4448c211a16c465ede13edfd468b4b10eba78f709d62d8724c663dd69c1d732,17201886cf0d12dfaad562a215df4d2e1980e76de0e51a5583143be079fc1bf4,geometry_alpha_0p400,0.4,,
geometry_alpha_0p400,alpha_blend,False,0.6,0.7864055036103598,0.8094879518072289,0.6345926800472255,0.9963503649635036,1328,7,223,1075,0.6922885428849208,0.5676620864857058,0.5293559964411817,f4448c211a16c465ede13edfd468b4b10eba78f709d62d8724c663dd69c1d732,03b2b38d153deace7dcff7d37406739acf9c4746cee0284fb0084d5ca86dd3bb,geometry_alpha_0p400,0.4,,
geometry_alpha_0p400,alpha_blend,False,0.6402310369187978,0.7724610649880685,0.8276143790849673,0.5979929161747344,0.9968717413972888,1224,6,184,1013,0.6922885428849208,0.5676620864857058,0.5293559964411817,f4448c211a16c465ede13edfd468b4b10eba78f709d62d8724c663dd69c1d732,428a55d40e13c6a66b82553270670417b384253b29f3bb6facaee011a6b348e8,geometry_alpha_0p400,0.4,,
geometry_alpha_0p400,alpha_blend,False,0.7,0.7551784897412873,0.8677839851024208,0.5501770956316411,0.997393117831074,1074,5,120,932,0.6922885428849208,0.5676620864857058,0.5293559964411817,f4448c211a16c465ede13edfd468b4b10eba78f709d62d8724c663dd69c1d732,117b54dc6407e6f13cdd20196b69c4c413c8d232ccfb25f41eae9b5f9092499c,geometry_alpha_0p400,0.4,,
geometry_alpha_0p400,alpha_blend,False,0.8,0.6886694495299296,0.924317617866005,0.4397874852420307,0.9994786235662148,806,1,53,745,0.6922885428849208,0.5676620864857058,0.5293559964411817,f4448c211a16c465ede13edfd468b4b10eba78f709d62d8724c663dd69c1d732,8c50087a815f6997b1beb77327133d1f4374053beec54b111ac4ffb8ecff9d45,geometry_alpha_0p400,0.4,,
geometry_alpha_0p400,alpha_blend,False,0.8711638169009938,0.6078195705692977,0.9575163398692811,0.345926800472255,0.9994786235662148,612,1,20,586,0.6922885428849208,0.5676620864857058,0.5293559964411817,f4448c211a16c465ede13edfd468b4b10eba78f709d62d8724c663dd69c1d732,df4980355024cfd3eeb7ef44aa70895cb5d71defbb97fb75c49630d3edb21b46,geometry_alpha_0p400,0.4,,
geometry_alpha_0p400,alpha_blend,False,0.9,0.5291445874337622,0.966804979253112,0.27508854781582054,1.0,482,0,13,466,0.6922885428849208,0.5676620864857058,0.5293559964411817,f4448c211a16c465ede13edfd468b4b10eba78f709d62d8724c663dd69c1d732,cd4ea02c2938894278c40af2b183ffde145a21843d0c9f01acfdfb4e1d625697,geometry_alpha_0p400,0.4,,
geometry_alpha_0p400,alpha_blend,False,0.9876528983940625,0.001768867924528302,1.0,0.0005903187721369539,1.0,1,0,0,1,0.6922885428849208,0.5676620864857058,0.5293559964411817,f4448c211a16c465ede13edfd468b4b10eba78f709d62d8724c663dd69c1d732,5098974df0fb94e294f4e154de70961dd836b7c5b3e1940fcd1dc26a14016df3,geometry_alpha_0p400,0.4,,
geometry_alpha_0p600,alpha_blend,False,0.0159433712879234,0.3331406367484833,0.1539132330499237,0.833530106257379,0.7643378519290929,9174,452,6960,1412,0.6922885428849208,0.5676620864857058,0.5293559964411817,2950c070f8c3364404a3afd769b08b91b856143ffd52e44f5ac46ce67da98002,aced3faf3ec28738f8f86055a3becdc18ab47b0bdd2fdf0d8e485ef5623f5178,geometry_alpha_0p600,0.6,,
geometry_alpha_0p600,alpha_blend,False,0.04274650530834345,0.44203501088441344,0.22727272727272727,0.820543093270366,0.8561001042752867,6116,276,4226,1390,0.6922885428849208,0.5676620864857058,0.5293559964411817,2950c070f8c3364404a3afd769b08b91b856143ffd52e44f5ac46ce67da98002,51c3751d2a7b2d38b3f3f4e4fe084b73a85fb9758b30d568e14992fc722d1ebe,geometry_alpha_0p600,0.6,,
geometry_alpha_0p600,alpha_blend,False,0.05,0.45891758665855825,0.24037460978147762,0.8181818181818182,0.8660062565172054,5766,257,3923,1386,0.6922885428849208,0.5676620864857058,0.5293559964411817,2950c070f8c3364404a3afd769b08b91b856143ffd52e44f5ac46ce67da98002,985d1f2c9678a661a6f7e917fe2a4c00d0c08efb96edfa07a165b4bf582dc40d,geometry_alpha_0p600,0.6,,
geometry_alpha_0p600,alpha_blend,False,0.1,0.542209355563053,0.31181569343065696,0.806965761511216,0.9202294056308655,4384,153,2726,1367,0.6922885428849208,0.5676620864857058,0.5293559964411817,2950c070f8c3364404a3afd769b08b91b856143ffd52e44f5ac46ce67da98002,661cafbad0c4fa5ff5c9fd4842a7700b9a8cc0647ffdb41f574be51eb501a563,geometry_alpha_0p600,0.6,,
geometry_alpha_0p600,alpha_blend,False,0.15,0.590372737413413,0.3611852642819007,0.7987012987012987,0.9426485922836287,3746,110,2172,1353,0.6922885428849208,0.5676620864857058,0.5293559964411817,2950c070f8c3364404a3afd769b08b91b856143ffd52e44f5ac46ce67da98002,454e6a359495485b775b00ab7efc2f1804a1bcad3d3a4b949991b3fa4772ad79,geometry_alpha_0p600,0.6,,
geometry_alpha_0p600,alpha_blend,False,0.15668036562143944,0.5966222399045157,0.3681198910081744,0.7975206611570248,0.9452554744525548,3670,105,2106,1351,0.6922885428849208,0.5676620864857058,0.5293559964411817,2950c070f8c3364404a3afd769b08b91b856143ffd52e44f5ac46ce67da98002,472f58b73b8268297bf72baa17ddc2801519e63ab01fb9f4db9a287f3b39451d,geometry_alpha_0p600,0.6,,
geometry_alpha_0p600,alpha_blend,False,0.2,0.6326212101302667,0.4110260336906585,0.7922077922077922,0.9551616266944734,3265,86,1744,1342,0.6922885428849208,0.5676620864857058,0.5293559964411817,2950c070f8c3364404a3afd769b08b91b856143ffd52e44f5ac46ce67da98002,f11d7d585a840ca5a355ccf07a4087677577c563cebbf7467e3a8221190fccb8,geometry_alpha_0p600,0.6,,
geometry_alpha_0p600,alpha_blend,False,0.25,0.665848847242239,0.4577562326869806,0.7804014167650531,0.9619395203336809,2888,73,1410,1322,0.6922885428849208,0.5676620864857058,0.5293559964411817,2950c070f8c3364404a3afd769b08b91b856143ffd52e44f5ac46ce67da98002,4f5d6549ad70f9aebe30b9a7668f7b0938f79f72356a2b1668649a844c77a367,geometry_alpha_0p600,0.6,,
geometry_alpha_0p600,alpha_blend,False,0.3,0.6957933116271962,0.504431599229287,0.7727272727272727,0.9661105318039624,2595,65,1152,1309,0.6922885428849208,0.5676620864857058,0.5293559964411817,2950c070f8c3364404a3afd769b08b91b856143ffd52e44f5ac46ce67da98002,f5f00e7ba2a53be7d826410691631777daab05710187ffd9102cf12df000bcd7,geometry_alpha_0p600,0.6,,
geometry_alpha_0p600,alpha_blend,False,0.32923133861673226,0.7101448933879781,0.530036779730282,0.7656434474616293,0.9692387904066736,2447,59,1026,1297,0.6922885428849208,0.5676620864857058,0.5293559964411817,2950c070f8c3364404a3afd769b08b91b856143ffd52e44f5ac46ce67da98002,6513b28924046993d92496e4a67c79bfc9d2bdec21e4eb338ff2811e5000304d,geometry_alpha_0p600,0.6,,
geometry_alpha_0p600,alpha_blend,False,0.35,0.7189379198803689,0.5461082910321489,0.7621015348288076,0.9713242961418144,2364,55,954,1291,0.6922885428849208,0.5676620864857058,0.5293559964411817,2950c070f8c3364404a3afd769b08b91b856143ffd52e44f5ac46ce67da98002,022784814178e6838f4c658bfce778148405ae091c77d24e2d0b584c53c8bba1,geometry_alpha_0p600,0.6,,
geometry_alpha_0p600,alpha_blend,False,0.4,0.7347107740187114,0.5808520384791571,0.7485242030696576,0.9749739311783108,2183,48,813,1268,0.6922885428849208,0.5676620864857058,0.5293559964411817,2950c070f8c3364404a3afd769b08b91b856143ffd52e44f5ac46ce67da98002,b1e1e07618d63b3fadc6d9519ee0cd7d722a3509f11e9116d781f6d71ba1a8ad,geometry_alpha_0p600,0.6,,
geometry_alpha_0p600,alpha_blend,False,0.5,0.7637099494097808,0.6545454545454545,0.7225501770956316,0.983837330552659,1870,31,569,1224,0.6922885428849208,0.5676620864857058,0.5293559964411817,2950c070f8c3364404a3afd769b08b91b856143ffd52e44f5ac46ce67da98002,b195382434b9a387434a7e91ec85de992469aaf2ee7e44cef5e126b790b91e9d,geometry_alpha_0p600,0.6,,
geometry_alpha_0p600,alpha_blend,False,0.6,0.7861345559203882,0.7376738305941846,0.6889020070838253,0.9911366006256517,1582,17,365,1167,0.6922885428849208,0.5676620864857058,0.5293559964411817,2950c070f8c3364404a3afd769b08b91b856143ffd52e44f5ac46ce67da98002,f35439cf7469f5ad585d0652ec10ae32b59f483f1f7e29db28ff777321b48412,geometry_alpha_0p600,0.6,,
geometry_alpha_0p600,alpha_blend,False,0.7,0.7879048517387669,0.8133030990173847,0.6351829988193625,0.9963503649635036,1323,7,219,1076,0.6922885428849208,0.5676620864857058,0.5293559964411817,2950c070f8c3364404a3afd769b08b91b856143ffd52e44f5ac46ce67da98002,b33b24de783970f7ba332ce3bdc98c2d00151363e06b8f8cc43593032baf571f,geometry_alpha_0p600,0.6,,
geometry_alpha_0p600,alpha_blend,False,0.7342236610560244,0.7714333236895231,0.8259803921568627,0.5968122786304605,0.997393117831074,1224,5,187,1011,0.6922885428849208,0.5676620864857058,0.5293559964411817,2950c070f8c3364404a3afd769b08b91b856143ffd52e44f5ac46ce67da98002,d35942a071b28195082ff58b503c2d0b0ad56b5c5ea887c55af160ca42ff6de5,geometry_alpha_0p600,0.6,,
geometry_alpha_0p600,alpha_blend,False,0.8,0.7404205748935814,0.878968253968254,0.5230224321133412,0.9979144942648592,1008,4,103,886,0.6922885428849208,0.5676620864857058,0.5293559964411817,2950c070f8c3364404a3afd769b08b91b856143ffd52e44f5ac46ce67da98002,1fa906e9d9d4fdfe29c1f7a623a57e8501ba014d15bafef1cd733307e5b4cb07,geometry_alpha_0p600,0.6,,
geometry_alpha_0p600,alpha_blend,False,0.9,0.6284944425732569,0.9525267993874426,0.36717827626918537,1.0,653,0,26,622,0.6922885428849208,0.5676620864857058,0.5293559964411817,2950c070f8c3364404a3afd769b08b91b856143ffd52e44f5ac46ce67da98002,d5df553edac73e612b0bcb27121ea793e394e7f3ac52eafc773ddbf71100f184,geometry_alpha_0p600,0.6,,
geometry_alpha_0p600,alpha_blend,False,0.9077905038444555,0.6087106809540269,0.9591503267973857,0.346517119244392,1.0,612,0,22,587,0.6922885428849208,0.5676620864857058,0.5293559964411817,2950c070f8c3364404a3afd769b08b91b856143ffd52e44f5ac46ce67da98002,2d36c1b69dcc5b94baab7a863a485cad6c6b7e971b37ad8b909bc4ceaa97cafe,geometry_alpha_0p600,0.6,,
geometry_alpha_0p600,alpha_blend,False,0.9913768478676592,0.001768867924528302,1.0,0.0005903187721369539,1.0,1,0,0,1,0.6922885428849208,0.5676620864857058,0.5293559964411817,2950c070f8c3364404a3afd769b08b91b856143ffd52e44f5ac46ce67da98002,5098974df0fb94e294f4e154de70961dd836b7c5b3e1940fcd1dc26a14016df3,geometry_alpha_0p600,0.6,,
geometry_alpha_0p800,alpha_blend,False,0.020409481859547364,0.33293895857809624,0.1538042293437977,0.832939787485242,0.7643378519290929,9174,452,6960,1411,0.6922885428849208,0.5676620864857058,0.5293559964411817,14a64f077ec84b392517ae24074f106165051c5baf5c0873b0e6e011af8302c5,89a27cabaa9811fa8dba9851532a34c272d70697a99e322b5924c476badeaddd,geometry_alpha_0p800,0.8,,
geometry_alpha_0p800,alpha_blend,False,0.05,0.4315752663859949,0.21940463065049615,0.8223140495867769,0.8493222106360793,6349,289,4441,1393,0.6922885428849208,0.5676620864857058,0.5293559964411817,14a64f077ec84b392517ae24074f106165051c5baf5c0873b0e6e011af8302c5,2d14c01599b15f5f2333058380c224ec5c40c4a8bd2af0017f459bcaca526b05,geometry_alpha_0p800,0.8,,
geometry_alpha_0p800,alpha_blend,False,0.05444605918805748,0.4419886540892365,0.22727272727272727,0.820543093270366,0.8555787278415016,6116,277,4233,1390,0.6922885428849208,0.5676620864857058,0.5293559964411817,14a64f077ec84b392517ae24074f106165051c5baf5c0873b0e6e011af8302c5,8ceeb9b58505fa6100fcc3e567914d5c053ffe9f15e13959ce20de4624023c57,geometry_alpha_0p800,0.8,,
geometry_alpha_0p800,alpha_blend,False,0.1,0.5141487803604134,0.2860407145824678,0.8128689492325856,0.9019812304483837,4814,188,3096,1377,0.6922885428849208,0.5676620864857058,0.5293559964411817,14a64f077ec84b392517ae24074f106165051c5baf5c0873b0e6e011af8302c5,e102f7f37991bf6a364bec1234a29503e3de1c4405ec9178e1e8086a78a69c4b,geometry_alpha_0p800,0.8,,
geometry_alpha_0p800,alpha_blend,False,0.15,0.5606800880637747,0.3299393939393939,0.8034238488783944,0.9301355578727841,4125,134,2506,1361,0.6922885428849208,0.5676620864857058,0.5293559964411817,14a64f077ec84b392517ae24074f106165051c5baf5c0873b0e6e011af8302c5,5abb4b40a78c2256a0ba4fa3562fc68f6d97a040a2a624a2f4772f178d228d14,geometry_alpha_0p800,0.8,,
geometry_alpha_0p800,alpha_blend,False,0.199490543470155,0.5967605909622858,0.3681198910081744,0.7975206611570248,0.9462982273201251,3670,103,2107,1351,0.6922885428849208,0.5676620864857058,0.5293559964411817,14a64f077ec84b392517ae24074f106165051c5baf5c0873b0e6e011af8302c5,1ae31e106a33095337656d21c1dcf92239d72327485222d5df20113b331319d3,geometry_alpha_0p800,0.8,,
geometry_alpha_0p800,alpha_blend,False,0.2,0.5972002474791974,0.36862210095497955,0.7975206611570248,0.9462982273201251,3665,103,2103,1351,0.6922885428849208,0.5676620864857058,0.5293559964411817,14a64f077ec84b392517ae24074f106165051c5baf5c0873b0e6e011af8302c5,4051fd852bf7c0dc5ae13b70f30e756265c55290585c059f2576a86293b6b5e0,geometry_alpha_0p800,0.8,,
geometry_alpha_0p800,alpha_blend,False,0.25,0.6304702982112254,0.4084678647578434,0.7916174734356553,0.9551616266944734,3283,86,1762,1341,0.6922885428849208,0.5676620864857058,0.5293559964411817,14a64f077ec84b392517ae24074f106165051c5baf5c0873b0e6e011af8302c5,8093a8f15f326eca0dc158a0b51473c794bf075ed7702289b0968e5e807c9c56,geometry_alpha_0p800,0.8,,
geometry_alpha_0p800,alpha_blend,False,0.3,0.657672249829086,0.4447043100567992,0.7857142857142857,0.9614181438998958,2993,74,1502,1331,0.6922885428849208,0.5676620864857058,0.5293559964411817,14a64f077ec84b392517ae24074f106165051c5baf5c0873b0e6e011af8302c5,10213536673a94d80f13d59dca5713f66cc73e11d8d6340f40f7829dc42a305c,geometry_alpha_0p800,0.8,,
geometry_alpha_0p800,alpha_blend,False,0.35,0.6845093599672982,0.48560885608856086,0.7768595041322314,0.9650677789363921,2710,67,1254,1316,0.6922885428849208,0.5676620864857058,0.5293559964411817,14a64f077ec84b392517ae24074f106165051c5baf5c0873b0e6e011af8302c5,70ea1376abbb8f7d5bbb04861f398551a175d4e609254a35ccc5864981034e1f,geometry_alpha_0p800,0.8,,
geometry_alpha_0p800,alpha_blend,False,0.4,0.7053242424407082,0.5203836930455635,0.768595041322314,0.970281543274244,2502,57,1077,1302,0.6922885428849208,0.5676620864857058,0.5293559964411817,14a64f077ec84b392517ae24074f106165051c5baf5c0873b0e6e011af8302c5,61479e89dd8a4d48a5eaaef5f1251f5dc138483511cb4a8611f41b4813b05a7b,geometry_alpha_0p800,0.8,,
geometry_alpha_0p800,alpha_blend,False,0.41143426591396576,0.7103313335714461,0.530036779730282,0.7656434474616293,0.970281543274244,2447,57,1028,1297,0.6922885428849208,0.5676620864857058,0.5293559964411817,14a64f077ec84b392517ae24074f106165051c5baf5c0873b0e6e011af8302c5,98b48b20328f6f2ff2312da08cc73e0894da130007fff4b6daa5b1d783db1094,geometry_alpha_0p800,0.8,,
geometry_alpha_0p800,alpha_blend,False,0.5,0.7350695000888239,0.5824125230202578,0.7467532467532467,0.9754953076120959,2172,47,807,1265,0.6922885428849208,0.5676620864857058,0.5293559964411817,14a64f077ec84b392517ae24074f106165051c5baf5c0873b0e6e011af8302c5,c27659cfeb067ef19441f1f84b021ed3024a30ebdfaf4ff72dd40b65b1912e5e,geometry_alpha_0p800,0.8,,
geometry_alpha_0p800,alpha_blend,False,0.6,0.7600312216307882,0.6467477525118984,0.7219598583234947,0.9843587069864442,1891,30,592,1223,0.6922885428849208,0.5676620864857058,0.5293559964411817,14a64f077ec84b392517ae24074f106165051c5baf5c0873b0e6e011af8302c5,e17dbb26ce004c4f547f9227221eda0ce513da6dd96e82ae7591d2d983a4ca77,geometry_alpha_0p800,0.8,,
geometry_alpha_0p800,alpha_blend,False,0.7,0.7843312066419637,0.7281191806331471,0.692443919716647,0.9927007299270073,1611,14,388,1173,0.6922885428849208,0.5676620864857058,0.5293559964411817,14a64f077ec84b392517ae24074f106165051c5baf5c0873b0e6e011af8302c5,50c8a4e1f2bf7fb8a8d597d1861cd92d5845937a8d462b733e3cd8223ceec572,geometry_alpha_0p800,0.8,,
geometry_alpha_0p800,alpha_blend,False,0.8,0.7873086854667372,0.8145896656534954,0.6328217237308147,0.997393117831074,1316,5,218,1072,0.6922885428849208,0.5676620864857058,0.5293559964411817,14a64f077ec84b392517ae24074f106165051c5baf5c0873b0e6e011af8302c5,4969fcda760cc75cadee3797068a01a448d134280bf03ca5999db7be566dbe7f,geometry_alpha_0p800,0.8,,
geometry_alpha_0p800,alpha_blend,False,0.8260065816858855,0.7743659855529923,0.8300653594771242,0.5997638724911453,0.9979144942648592,1224,4,186,1016,0.6922885428849208,0.5676620864857058,0.5293559964411817,14a64f077ec84b392517ae24074f106165051c5baf5c0873b0e6e011af8302c5,329e8260f3e195845ed790da96828afa90b77fd249d5ded58679dc48bcc03456,geometry_alpha_0p800,0.8,,
geometry_alpha_0p800,alpha_blend,False,0.9,0.7129319812913594,0.9065315315315315,0.47520661157024796,0.9994786235662148,888,1,74,805,0.6922885428849208,0.5676620864857058,0.5293559964411817,14a64f077ec84b392517ae24074f106165051c5baf5c0873b0e6e011af8302c5,6672ee27443e2f1c4924230fa3ebc4e604e64fc313b30446d16d1f1377942248,geometry_alpha_0p800,0.8,,
geometry_alpha_0p800,alpha_blend,False,0.9458462903002169,0.6095369730476848,0.9607843137254902,0.34710743801652894,1.0,612,0,21,588,0.6922885428849208,0.5676620864857058,0.5293559964411817,14a64f077ec84b392517ae24074f106165051c5baf5c0873b0e6e011af8302c5,b0bb3ff3c25fb3ca0c18bb2155869725883625c9e2dc928141b3aaa6730d66ba,geometry_alpha_0p800,0.8,,
geometry_alpha_0p800,alpha_blend,False,0.9951007973412561,0.001768867924528302,1.0,0.0005903187721369539,1.0,1,0,0,1,0.6922885428849208,0.5676620864857058,0.5293559964411817,14a64f077ec84b392517ae24074f106165051c5baf5c0873b0e6e011af8302c5,5098974df0fb94e294f4e154de70961dd836b7c5b3e1940fcd1dc26a14016df3,geometry_alpha_0p800,0.8,,
geometry_alpha_1p000,alpha_blend,False,0.02484636434796125,0.33293895857809624,0.1538042293437977,0.832939787485242,0.7643378519290929,9174,452,6965,1411,0.6922885428849208,0.5676620864857058,0.5293559964411817,4cf981b0f8dd8f4e0b24563f8cf0ddbc49e2e50ba6f4f614f6fe167e2ec2b745,73a35087fcb0bf4efda6bc47349bb977c31cac95df9c4f7ed476cf52d888fd2d,geometry_risk_score,1.0,,
geometry_alpha_1p000,alpha_blend,False,0.05,0.4099287425796957,0.2037956204379562,0.8240850059031877,0.8347236704900939,6850,317,4889,1396,0.6922885428849208,0.5676620864857058,0.5293559964411817,4cf981b0f8dd8f4e0b24563f8cf0ddbc49e2e50ba6f4f614f6fe167e2ec2b745,a6e953d073edca1d96974e69bdb764a5fc16880938bc39d87d0ef3397efb728c,geometry_risk_score,1.0,,
geometry_alpha_1p000,alpha_blend,False,0.06650617970998922,0.44212758437886546,0.22727272727272727,0.820543093270366,0.8571428571428572,6116,274,4238,1390,0.6922885428849208,0.5676620864857058,0.5293559964411817,4cf981b0f8dd8f4e0b24563f8cf0ddbc49e2e50ba6f4f614f6fe167e2ec2b745,6f597d50f51efcb3c126456e17df6dd94e5b87b9b1237e5224d6310902ae9444,geometry_risk_score,1.0,,
geometry_alpha_1p000,alpha_blend,False,0.1,0.4900230935328615,0.26511806488769435,0.8152302243211335,0.8899895724713243,5209,211,3445,1381,0.6922885428849208,0.5676620864857058,0.5293559964411817,4cf981b0f8dd8f4e0b24563f8cf0ddbc49e2e50ba6f4f614f6fe167e2ec2b745,1ce4a371cbd8f88d5c90be0b664d63bff5bc4483654107055b5cceebde681ddd,geometry_risk_score,1.0,,
geometry_alpha_1p000,alpha_blend,False,0.15,0.5384110800832131,0.3080387300157622,0.807556080283353,0.9197080291970803,4441,154,2782,1368,0.6922885428849208,0.5676620864857058,0.5293559964411817,4cf981b0f8dd8f4e0b24563f8cf0ddbc49e2e50ba6f4f614f6fe167e2ec2b745,356315881309b292cc10f7f0d942ff20a9401100dccfa80a73996d0372331205,geometry_risk_score,1.0,,
geometry_alpha_1p000,alpha_blend,False,0.2,0.5731812652725945,0.3426626323751891,0.8022432113341205,0.935349322210636,3966,124,2366,1359,0.6922885428849208,0.5676620864857058,0.5293559964411817,4cf981b0f8dd8f4e0b24563f8cf0ddbc49e2e50ba6f4f614f6fe167e2ec2b745,7745332e060ec8faf43f213d7cae35484295e91d0aca8184574821c21651cf48,geometry_risk_score,1.0,,
geometry_alpha_1p000,alpha_blend,False,0.24131104234063663,0.596829676225945,0.3681198910081744,0.7975206611570248,0.9468196037539103,3670,102,2111,1351,0.6922885428849208,0.5676620864857058,0.5293559964411817,4cf981b0f8dd8f4e0b24563f8cf0ddbc49e2e50ba6f4f614f6fe167e2ec2b745,68d94db1dcb324c9681402a3dda6fc6e886ba8dd08af98b860985d851f31dd55,geometry_risk_score,1.0,,
geometry_alpha_1p000,alpha_blend,False,0.25,0.6026797788041314,0.37444567627494457,0.7975206611570248,0.9494264859228363,3608,97,2057,1351,0.6922885428849208,0.5676620864857058,0.5293559964411817,4cf981b0f8dd8f4e0b24563f8cf0ddbc49e2e50ba6f4f614f6fe167e2ec2b745,db36c82de57cfc96c671fe62fe970cdf342a0fc849cfc5440c6de5e8a2681a1e,geometry_risk_score,1.0,,
geometry_alpha_1p000,alpha_blend,False,0.3,0.6284773891086041,0.40587167070217917,0.7916174734356553,0.9556830031282586,3304,85,1785,1341,0.6922885428849208,0.5676620864857058,0.5293559964411817,4cf981b0f8dd8f4e0b24563f8cf0ddbc49e2e50ba6f4f614f6fe167e2ec2b745,b8a8cc11109d497987ff496d62003859f9171ae1fbf561cdfe2f5762dbcf77c4,geometry_risk_score,1.0,,
geometry_alpha_1p000,alpha_blend,False,0.35,0.6523184668195298,0.43709043250327656,0.7874852420306966,0.9603753910323254,3052,76,1555,1334,0.6922885428849208,0.5676620864857058,0.5293559964411817,4cf981b0f8dd8f4e0b24563f8cf0ddbc49e2e50ba6f4f614f6fe167e2ec2b745,c240efcfb585d9f924b7891cf591e9edab76e916800016069a0760a6b12a8e8d,geometry_risk_score,1.0,,
geometry_alpha_1p000,alpha_blend,False,0.4,0.6767113659006859,0.47261009667024706,0.7792207792207793,0.9671532846715328,2793,63,1334,1320,0.6922885428849208,0.5676620864857058,0.5293559964411817,4cf981b0f8dd8f4e0b24563f8cf0ddbc49e2e50ba6f4f614f6fe167e2ec2b745,0db4df27625c5ceaa36eb7b27cd285d3fba08f3caa8c67e6f9d25c511228c351,geometry_risk_score,1.0,,
geometry_alpha_1p000,alpha_blend,False,0.4934517255601197,0.7096886765525063,0.5292194523906825,0.7644628099173554,0.9713242961418144,2447,55,1033,1295,0.6922885428849208,0.5676620864857058,0.5293559964411817,4cf981b0f8dd8f4e0b24563f8cf0ddbc49e2e50ba6f4f614f6fe167e2ec2b745,22c01ae057c28e47a4a9fd8e8c3c987255db3a8ca9e3f856a70e696a9a6a47fe,geometry_risk_score,1.0,,
geometry_alpha_1p000,alpha_blend,False,0.5,0.7123367566032803,0.5340768277571252,0.7632821723730815,0.9718456725755996,2421,54,1010,1293,0.6922885428849208,0.5676620864857058,0.5293559964411817,4cf981b0f8dd8f4e0b24563f8cf0ddbc49e2e50ba6f4f614f6fe167e2ec2b745,dddabdd1ef14caeb99ee62bc981756747268db583667c0021dd2ba29ce0d81bb,geometry_risk_score,1.0,,
geometry_alpha_1p000,alpha_blend,False,0.6,0.7356712658021146,0.5842592592592593,0.7449822904368358,0.9765380604796663,2160,45,801,1262,0.6922885428849208,0.5676620864857058,0.5293559964411817,4cf981b0f8dd8f4e0b24563f8cf0ddbc49e2e50ba6f4f614f6fe167e2ec2b745,e9245b5019fd385c8c530529362e4dc4cc85f504ac42a8d48bd4dbfbe4e02319,geometry_risk_score,1.0,,
geometry_alpha_1p000,alpha_blend,False,0.7,0.7598873318386874,0.6439075630252101,0.7237308146399055,0.9869655891553701,1904,25,606,1226,0.6922885428849208,0.5676620864857058,0.5293559964411817,4cf981b0f8dd8f4e0b24563f8cf0ddbc49e2e50ba6f4f614f6fe167e2ec2b745,02f60f42a59d104a3824ab84c0d17da3ccded8dfd64278b7349c943a7f8daa71,geometry_risk_score,1.0,,
geometry_alpha_1p000,alpha_blend,False,0.8,0.782553969015305,0.7181044957472661,0.6977567886658795,0.9921793534932221,1646,15,415,1182,0.6922885428849208,0.5676620864857058,0.5293559964411817,4cf981b0f8dd8f4e0b24563f8cf0ddbc49e2e50ba6f4f614f6fe167e2ec2b745,4e7af5b09d9cd04699138ef81e87e119f529000688b1a411462d1a1e73a075e5,geometry_risk_score,1.0,,
geometry_alpha_1p000,alpha_blend,False,0.9,0.7865264048351364,0.8136882129277566,0.6316410861865407,0.9979144942648592,1315,4,220,1070,0.6922885428849208,0.5676620864857058,0.5293559964411817,4cf981b0f8dd8f4e0b24563f8cf0ddbc49e2e50ba6f4f614f6fe167e2ec2b745,38944fb7790576a1e0614d2094abbe44d89ca3083142c52e061a4a4b9a8160f4,geometry_risk_score,1.0,,
geometry_alpha_1p000,alpha_blend,False,0.9204367056831524,0.7733396594264408,0.8284313725490197,0.5985832349468713,0.9984358706986444,1224,3,189,1014,0.6922885428849208,0.5676620864857058,0.5293559964411817,4cf981b0f8dd8f4e0b24563f8cf0ddbc49e2e50ba6f4f614f6fe167e2ec2b745,70c04c2c4f7d77e5ca9cafac1179e758202e146365e5e8576c6a4807a8c3ae9c,geometry_risk_score,1.0,,
geometry_alpha_1p000,alpha_blend,False,0.9833042816941342,0.6070563818747838,0.9558823529411765,0.34533648170011805,1.0,612,0,25,585,0.6922885428849208,0.5676620864857058,0.5293559964411817,4cf981b0f8dd8f4e0b24563f8cf0ddbc49e2e50ba6f4f614f6fe167e2ec2b745,a03995f05b0f7df38c662bf810402211b07562f73bf754507ba927c777269477,geometry_risk_score,1.0,,
geometry_alpha_1p000,alpha_blend,False,0.9988247468148529,0.001768867924528302,1.0,0.0005903187721369539,1.0,1,0,0,1,0.6922885428849208,0.5676620864857058,0.5293559964411817,4cf981b0f8dd8f4e0b24563f8cf0ddbc49e2e50ba6f4f614f6fe167e2ec2b745,5098974df0fb94e294f4e154de70961dd836b7c5b3e1940fcd1dc26a14016df3,geometry_risk_score,1.0,,
class_reliability_gamma_0p250,class_scaled_raw,True,0.0019094226150997615,0.33180303485362045,0.15347721822541965,0.8311688311688312,0.7559958289885297,9174,468,6915,1408,0.6922885428849208,0.5676620864857058,0.5293559964411817,e2fbb6eac18968c3622fa8990c25a01673b4c96e16ceeb46d3a0de74773777ae,7ecef8893336b09b6bb1c2f5d06d2c42dc6fab87c5c81b2e8642ae29eddeba66,class_reliability_gamma_0p250,,0.25,
class_reliability_gamma_0p250,class_scaled_raw,True,0.005816032853302953,0.43897384185718485,0.22678221059516024,0.8187721369539551,0.8310740354535975,6116,324,4153,1387,0.6922885428849208,0.5676620864857058,0.5293559964411817,e2fbb6eac18968c3622fa8990c25a01673b4c96e16ceeb46d3a0de74773777ae,6b091c83dac364e64c09586d51b8c0e7aa2d379ec6f21b0936e53744c7975317,class_reliability_gamma_0p250,,0.25,
class_reliability_gamma_0p250,class_scaled_raw,True,0.025206325274641537,0.5927541315361347,0.367574931880109,0.7963400236127509,0.921793534932221,3670,150,2044,1349,0.6922885428849208,0.5676620864857058,0.5293559964411817,e2fbb6eac18968c3622fa8990c25a01673b4c96e16ceeb46d3a0de74773777ae,eed71f8f70ede92a874db31300c5c1c1e0b56e16b3f35066cf9cad8dab406131,class_reliability_gamma_0p250,,0.25,
class_reliability_gamma_0p250,class_scaled_raw,True,0.05,0.6698694810806782,0.46629015178256267,0.7798110979929161,0.9509906152241918,2833,94,1332,1321,0.6922885428849208,0.5676620864857058,0.5293559964411817,e2fbb6eac18968c3622fa8990c25a01673b4c96e16ceeb46d3a0de74773777ae,12378b7928da85b33559274e37d3c76e78e2bb648ec255a8ffca783c91c8eab9,class_reliability_gamma_0p250,,0.25,
class_reliability_gamma_0p250,class_scaled_raw,True,0.0754775910512728,0.7078519837636312,0.5296281160604822,0.7650531286894924,0.9588112617309698,2447,79,1002,1296,0.6922885428849208,0.5676620864857058,0.5293559964411817,e2fbb6eac18968c3622fa8990c25a01673b4c96e16ceeb46d3a0de74773777ae,5500258e232d58cb61c86523999f8e4424ec05236f402d6446aea2b46616931b,class_reliability_gamma_0p250,,0.25,
class_reliability_gamma_0p250,class_scaled_raw,True,0.1,0.728087774139446,0.5709793351302785,0.7502951593860685,0.9650677789363921,2226,67,825,1271,0.6922885428849208,0.5676620864857058,0.5293559964411817,e2fbb6eac18968c3622fa8990c25a01673b4c96e16ceeb46d3a0de74773777ae,bf7c71eb505cca39ef23ec4c6f093bd17c2c1f7ab0c850cc18f97f86ea191237,class_reliability_gamma_0p250,,0.25,
class_reliability_gamma_0p250,class_scaled_raw,True,0.15,0.7560641729652984,0.6351490236382322,0.7296340023612751,0.9775808133472367,1946,43,619,1236,0.6922885428849208,0.5676620864857058,0.5293559964411817,e2fbb6eac18968c3622fa8990c25a01673b4c96e16ceeb46d3a0de74773777ae,6122d79569b0ec4f08d218d17cb9593c51e86d5f398039c663812e253d7388e9,class_reliability_gamma_0p250,,0.25,
class_reliability_gamma_0p250,class_scaled_raw,True,0.2,0.7736117845099503,0.6871794871794872,0.7119244391971665,0.9822732012513035,1755,34,477,1206,0.6922885428849208,0.5676620864857058,0.5293559964411817,e2fbb6eac18968c3622fa8990c25a01673b4c96e16ceeb46d3a0de74773777ae,e47ff433be59c892123a4131e7a1c057e75b909c1ca57cf195c802e23071a588,class_reliability_gamma_0p250,,0.25,
class_reliability_gamma_0p250,class_scaled_raw,True,0.25,0.7831508487815518,0.7310819262038775,0.6900826446280992,0.986444212721585,1599,26,374,1169,0.6922885428849208,0.5676620864857058,0.5293559964411817,e2fbb6eac18968c3622fa8990c25a01673b4c96e16ceeb46d3a0de74773777ae,7c86b071b725e7590a0e06948758543430034646a93be190a8ad10d528ced95a,class_reliability_gamma_0p250,,0.25,
class_reliability_gamma_0p250,class_scaled_raw,True,0.3,0.7863803338061987,0.7634770889487871,0.6688311688311688,0.9900938477580813,1484,19,309,1133,0.6922885428849208,0.5676620864857058,0.5293559964411817,e2fbb6eac18968c3622fa8990c25a01673b4c96e16ceeb46d3a0de74773777ae,dd12b91124a9989205dc2f9f704c0696321ce2565f0a664282df49a808d96559,class_reliability_gamma_0p250,,0.25,
class_reliability_gamma_0p250,class_scaled_raw,True,0.35,0.7886938624447569,0.8002926115581566,0.6458087367178277,0.9942648592283628,1367,11,238,1094,0.6922885428849208,0.5676620864857058,0.5293559964411817,e2fbb6eac18968c3622fa8990c25a01673b4c96e16ceeb46d3a0de74773777ae,bbadd35daf26bcdae0f0748da84152e0af30f98af9027a8d0b837518e8271ae3,class_reliability_gamma_0p250,,0.25,
class_reliability_gamma_0p250,class_scaled_raw,True,0.4,0.7804666084257255,0.8202511773940345,0.6168831168831169,0.9963503649635036,1274,7,199,1045,0.6922885428849208,0.5676620864857058,0.5293559964411817,e2fbb6eac18968c3622fa8990c25a01673b4c96e16ceeb46d3a0de74773777ae,f3bb906021faf5e12d484cafe06002987fac90176595a5d08a3e2a8fba80c132,class_reliability_gamma_0p250,,0.25,
class_reliability_gamma_0p250,class_scaled_raw,True,0.4254240976284375,0.7706590742662719,0.8251633986928104,0.5962219598583235,0.9963503649635036,1224,7,185,1010,0.6922885428849208,0.5676620864857058,0.5293559964411817,e2fbb6eac18968c3622fa8990c25a01673b4c96e16ceeb46d3a0de74773777ae,e1beea3bf47ac007dc82c58d5c983805e4eaa7762f3908d44d12366ed49e9c60,class_reliability_gamma_0p250,,0.25,
class_reliability_gamma_0p250,class_scaled_raw,True,0.5,0.7526467246870181,0.8611111111111112,0.5489964580873672,0.9968717413972888,1080,6,127,930,0.6922885428849208,0.5676620864857058,0.5293559964411817,e2fbb6eac18968c3622fa8990c25a01673b4c96e16ceeb46d3a0de74773777ae,a4a5fc7f79b7079fef5c5f0d823594626a4e31a6645026ce385523e121bbc5b2,class_reliability_gamma_0p250,,0.25,
class_reliability_gamma_0p250,class_scaled_raw,True,0.6,0.713439334881636,0.9047085201793722,0.47638724911452185,0.9994786235662148,892,1,76,807,0.6922885428849208,0.5676620864857058,0.5293559964411817,e2fbb6eac18968c3622fa8990c25a01673b4c96e16ceeb46d3a0de74773777ae,2f1e777dfbed3ab4edea00b18f7aa17d1c70f25f916898584dc52263d1b7faf0,class_reliability_gamma_0p250,,0.25,
class_reliability_gamma_0p250,class_scaled_raw,True,0.7,0.645895153313551,0.9518950437317785,0.3854781582054309,1.0,686,0,28,653,0.6922885428849208,0.5676620864857058,0.5293559964411817,e2fbb6eac18968c3622fa8990c25a01673b4c96e16ceeb46d3a0de74773777ae,79dd2ad9e6cd435b04aa7c1e0b754607211da3af80d01c844438ff9d334517fd,class_reliability_gamma_0p250,,0.25,
class_reliability_gamma_0p250,class_scaled_raw,True,0.7441671956302658,0.6070563818747838,0.9558823529411765,0.34533648170011805,1.0,612,0,22,585,0.6922885428849208,0.5676620864857058,0.5293559964411817,e2fbb6eac18968c3622fa8990c25a01673b4c96e16ceeb46d3a0de74773777ae,e6d18260812e03e98c5d45061d9168ce2f942783c59097dcb4b1b3207e26aca4,class_reliability_gamma_0p250,,0.25,
class_reliability_gamma_0p250,class_scaled_raw,True,0.8,0.507745933384973,0.9689578713968958,0.2579693034238489,1.0,451,0,12,437,0.6922885428849208,0.5676620864857058,0.5293559964411817,e2fbb6eac18968c3622fa8990c25a01673b4c96e16ceeb46d3a0de74773777ae,5eb6a402f8729aa86580b57965ee3049cfbb40047eecf70067ff8e2e5a7cfaf6,class_reliability_gamma_0p250,,0.25,
class_reliability_gamma_0p250,class_scaled_raw,True,0.9,0.1777546777546777,0.9827586206896551,0.06729634002361275,1.0,116,0,2,114,0.6922885428849208,0.5676620864857058,0.5293559964411817,e2fbb6eac18968c3622fa8990c25a01673b4c96e16ceeb46d3a0de74773777ae,0ddeb3171286897d3d7f01bf13e25f154bce10abcf4c0d90f84b0a137e94f37c,class_reliability_gamma_0p250,,0.25,
class_reliability_gamma_0p250,class_scaled_raw,True,0.9587688119686151,0.001768867924528302,1.0,0.0005903187721369539,1.0,1,0,0,1,0.6922885428849208,0.5676620864857058,0.5293559964411817,e2fbb6eac18968c3622fa8990c25a01673b4c96e16ceeb46d3a0de74773777ae,d054229cec33bb2a0f661c39ed99edfc67e6b8af845b2a514720e841bb6d3b43,class_reliability_gamma_0p250,,0.25,
class_reliability_gamma_0p500,class_scaled_raw,True,0.001700850491116088,0.3317360010691307,0.15347721822541965,0.8311688311688312,0.7549530761209593,9174,470,6912,1408,0.6922885428849208,0.5676620864857058,0.5293559964411817,ca88befc3ff765af806f1f57a7eb8b3d1c756d79ee3ef2d11da4b61493ce1ab1,e4d3c633bf1fa0ea16ba16ba0f7abca987013aa9b071d3bbd8ae740d716d31eb,class_reliability_gamma_0p500,,0.5,
class_reliability_gamma_0p500,class_scaled_raw,True,0.005200182156414206,0.43933156624365105,0.22694571615434925,0.8193624557260921,0.8321167883211679,6116,322,4153,1388,0.6922885428849208,0.5676620864857058,0.5293559964411817,ca88befc3ff765af806f1f57a7eb8b3d1c756d79ee3ef2d11da4b61493ce1ab1,1bbba16990d51688eaae04297168b5e6504e4f27a06a2b22973d1767e95f134d,class_reliability_gamma_0p500,,0.5,
class_reliability_gamma_0p500,class_scaled_raw,True,0.02300444075810781,0.5928383961921131,0.3673024523160763,0.7957497048406139,0.9249217935349322,3670,144,2053,1348,0.6922885428849208,0.5676620864857058,0.5293559964411817,ca88befc3ff765af806f1f57a7eb8b3d1c756d79ee3ef2d11da4b61493ce1ab1,3a9b0b538e04ace7c90b6ec23884be1cdf554a87ea3047907911c768c8118543,class_reliability_gamma_0p500,,0.5,
class_reliability_gamma_0p500,class_scaled_raw,True,0.05,0.6793370841777568,0.48099415204678364,0.7768595041322314,0.9525547445255474,2736,91,1247,1316,0.6922885428849208,0.5676620864857058,0.5293559964411817,ca88befc3ff765af806f1f57a7eb8b3d1c756d79ee3ef2d11da4b61493ce1ab1,010bf6d83e5b16043052e5eda8390a536d5e725311a7b6ca9dc90c0fb5793d26,class_reliability_gamma_0p500,,0.5,
class_reliability_gamma_0p500,class_scaled_raw,True,0.0684056097648869,0.7082302496710927,0.5296281160604822,0.7650531286894924,0.9608967674661105,2447,75,1006,1296,0.6922885428849208,0.5676620864857058,0.5293559964411817,ca88befc3ff765af806f1f57a7eb8b3d1c756d79ee3ef2d11da4b61493ce1ab1,917fdb6501678f87df0c9a68d7377ad8a947b6fdd8d73bfca55bc1b0b3e9b9ef,class_reliability_gamma_0p500,,0.5,
class_reliability_gamma_0p500,class_scaled_raw,True,0.1,0.7345824579158753,0.5841035120147874,0.7461629279811098,0.9692387904066736,2164,59,786,1264,0.6922885428849208,0.5676620864857058,0.5293559964411817,ca88befc3ff765af806f1f57a7eb8b3d1c756d79ee3ef2d11da4b61493ce1ab1,c699f4c413d299a075400622e4540f9ef8486bdee0a8ff5f2b510095d4dc485e,class_reliability_gamma_0p500,,0.5,
class_reliability_gamma_0p500,class_scaled_raw,True,0.15,0.7625780459418097,0.6531699520511455,0.7237308146399055,0.9791449426485923,1877,40,567,1226,0.6922885428849208,0.5676620864857058,0.5293559964411817,ca88befc3ff765af806f1f57a7eb8b3d1c756d79ee3ef2d11da4b61493ce1ab1,4317889c08d71319e0c1e453180534c73a6e297906508f116da7d7dd7e8b9ecb,class_reliability_gamma_0p500,,0.5,
class_reliability_gamma_0p500,class_scaled_raw,True,0.2,0.775115804176938,0.6994117647058824,0.7018890200708382,0.9843587069864442,1700,30,446,1189,0.6922885428849208,0.5676620864857058,0.5293559964411817,ca88befc3ff765af806f1f57a7eb8b3d1c756d79ee3ef2d11da4b61493ce1ab1,e8d61e616394e93b8ed29545dcb4d419209c93f35f3c6ebfb6e235a64b964cc8,class_reliability_gamma_0p500,,0.5,
class_reliability_gamma_0p500,class_scaled_raw,True,0.25,0.7841059347384898,0.7445019404915912,0.679456906729634,0.9890510948905109,1546,21,348,1151,0.6922885428849208,0.5676620864857058,0.5293559964411817,ca88befc3ff765af806f1f57a7eb8b3d1c756d79ee3ef2d11da4b61493ce1ab1,31f3ecb6a82f12c412e70771d168b63fe8bb4ef05c0e4e341fdc97743f7d7322,class_reliability_gamma_0p500,,0.5,
class_reliability_gamma_0p500,class_scaled_raw,True,0.3,0.7848522091945865,0.7788732394366197,0.6528925619834711,0.9932221063607924,1420,13,278,1106,0.6922885428849208,0.5676620864857058,0.5293559964411817,ca88befc3ff765af806f1f57a7eb8b3d1c756d79ee3ef2d11da4b61493ce1ab1,c1d36ad6ed22b1b1fa9dbca74568a45797207bff1170558b07eb83e21d61371b,class_reliability_gamma_0p500,,0.5,
class_reliability_gamma_0p500,class_scaled_raw,True,0.35,0.7851186036304102,0.8121673003802281,0.6304604486422668,0.9963503649635036,1315,7,217,1068,0.6922885428849208,0.5676620864857058,0.5293559964411817,ca88befc3ff765af806f1f57a7eb8b3d1c756d79ee3ef2d11da4b61493ce1ab1,94076178b49bdc76725bc135822bd7edd36bff525e2053a42c52c552cf481f86,class_reliability_gamma_0p500,,0.5,
class_reliability_gamma_0p500,class_scaled_raw,True,0.39337431036768733,0.7707630092932837,0.8251633986928104,0.5962219598583235,0.9968717413972888,1224,6,186,1010,0.6922885428849208,0.5676620864857058,0.5293559964411817,ca88befc3ff765af806f1f57a7eb8b3d1c756d79ee3ef2d11da4b61493ce1ab1,470e0e04d45517483219a26ee2639a90ec5ace87c8d03f0c9f6ac36f4a364cd7,class_reliability_gamma_0p500,,0.5,
class_reliability_gamma_0p500,class_scaled_raw,True,0.4,0.7674510735650332,0.826302729528536,0.589728453364817,0.9968717413972888,1209,6,182,999,0.6922885428849208,0.5676620864857058,0.5293559964411817,ca88befc3ff765af806f1f57a7eb8b3d1c756d79ee3ef2d11da4b61493ce1ab1,a01e2bf141972b7c907ed592c5f9af013906db787650f5423b3f16e16e7548f1,class_reliability_gamma_0p500,,0.5,
class_reliability_gamma_0p500,class_scaled_raw,True,0.5,0.7337256679488757,0.8762575452716298,0.5141676505312869,0.997393117831074,994,5,106,871,0.6922885428849208,0.5676620864857058,0.5293559964411817,ca88befc3ff765af806f1f57a7eb8b3d1c756d79ee3ef2d11da4b61493ce1ab1,f44e5a2ba1c861e76dd61821d893a1eaf5d80dd51e94fec7e47a3d28abe48f47,class_reliability_gamma_0p500,,0.5,
class_reliability_gamma_0p500,class_scaled_raw,True,0.6,0.6838849365914013,0.9189526184538653,0.43506493506493504,1.0,802,0,59,737,0.6922885428849208,0.5676620864857058,0.5293559964411817,ca88befc3ff765af806f1f57a7eb8b3d1c756d79ee3ef2d11da4b61493ce1ab1,2cc217842d1d4ecad99677ccf3417622ffaaa80ab9075002b24d222010afbae7,class_reliability_gamma_0p500,,0.5,
class_reliability_gamma_0p500,class_scaled_raw,True,0.6888715085405817,0.6045706371191135,0.9509803921568627,0.3435655253837072,1.0,612,0,25,582,0.6922885428849208,0.5676620864857058,0.5293559964411817,ca88befc3ff765af806f1f57a7eb8b3d1c756d79ee3ef2d11da4b61493ce1ab1,587875696ec81c58f05ddecf5ffade583c36cd267799c41ffcfebb563d7fbf4a,class_reliability_gamma_0p500,,0.5,
class_reliability_gamma_0p500,class_scaled_raw,True,0.7,0.5953797689884495,0.9513422818791947,0.3347107438016529,1.0,596,0,25,567,0.6922885428849208,0.5676620864857058,0.5293559964411817,ca88befc3ff765af806f1f57a7eb8b3d1c756d79ee3ef2d11da4b61493ce1ab1,7c1de59721ad9cf469e4305aae75adf9361c3c94170610e4fe293f0cf579b04c,class_reliability_gamma_0p500,,0.5,
class_reliability_gamma_0p500,class_scaled_raw,True,0.8,0.41822033898305083,0.9762611275964391,0.19421487603305784,1.0,337,0,7,329,0.6922885428849208,0.5676620864857058,0.5293559964411817,ca88befc3ff765af806f1f57a7eb8b3d1c756d79ee3ef2d11da4b61493ce1ab1,bb15c9f2c93a70d61021eb176f54990ba65f2a517d670d008687ac104c3459d8,class_reliability_gamma_0p500,,0.5,
class_reliability_gamma_0p500,class_scaled_raw,True,0.9,0.02267441860465116,1.0,0.007674144037780401,1.0,13,0,0,13,0.6922885428849208,0.5676620864857058,0.5293559964411817,ca88befc3ff765af806f1f57a7eb8b3d1c756d79ee3ef2d11da4b61493ce1ab1,1383dcd810278b83164bdae1835aa86e33fcce85421cdd06ce3832300adb231f,class_reliability_gamma_0p500,,0.5,
class_reliability_gamma_0p500,class_scaled_raw,True,0.9505932084673646,0.001768867924528302,1.0,0.0005903187721369539,1.0,1,0,0,1,0.6922885428849208,0.5676620864857058,0.5293559964411817,ca88befc3ff765af806f1f57a7eb8b3d1c756d79ee3ef2d11da4b61493ce1ab1,d054229cec33bb2a0f661c39ed99edfc67e6b8af845b2a514720e841bb6d3b43,class_reliability_gamma_0p500,,0.5,
class_reliability_gamma_0p750,class_scaled_raw,True,0.0015143649521873945,0.33207075889323434,0.15369522563767168,0.8323494687131051,0.7539103232533889,9174,472,6911,1410,0.6922885428849208,0.5676620864857058,0.5293559964411817,0113e421dc8ae53c3a879c6a7011d3ee676b86becf4b3afc153d654c36a31a66,0acdbc4f603c96419fc4663cf91f6a11c0f5936bba075c1fa046e26ca266b705,class_reliability_gamma_0p750,,0.75,
class_reliability_gamma_0p750,class_scaled_raw,True,0.004689162383976547,0.4390887157611261,0.22694571615434925,0.8193624557260921,0.829509906152242,6116,327,4151,1388,0.6922885428849208,0.5676620864857058,0.5293559964411817,0113e421dc8ae53c3a879c6a7011d3ee676b86becf4b3afc153d654c36a31a66,55080ebacd6de191c71ccb5eb08a69d2ee1ee5da91d3e972a0e80c5f5fb51834,class_reliability_gamma_0p750,,0.75,
class_reliability_gamma_0p750,class_scaled_raw,True,0.02097766444265196,0.5929810679191619,0.3673024523160763,0.7957497048406139,0.9259645464025026,3670,142,2057,1348,0.6922885428849208,0.5676620864857058,0.5293559964411817,0113e421dc8ae53c3a879c6a7011d3ee676b86becf4b3afc153d654c36a31a66,6a10807f2fc29ea0c9edf4f001b277a9f83cf1a5b686fafd6700ad20c6142cc6,class_reliability_gamma_0p750,,0.75,
class_reliability_gamma_0p750,class_scaled_raw,True,0.05,0.6877919901100517,0.4939713639788998,0.7739079102715466,0.956725755995829,2654,83,1183,1311,0.6922885428849208,0.5676620864857058,0.5293559964411817,0113e421dc8ae53c3a879c6a7011d3ee676b86becf4b3afc153d654c36a31a66,3fa93ef58e729162c5cb3abb3464cb06de5ee51ae17a0ded89af68c8d6539466,class_reliability_gamma_0p750,,0.75,
class_reliability_gamma_0p750,class_scaled_raw,True,0.062225048210752414,0.7075937382959576,0.5288107887208827,0.7638724911452184,0.9619395203336809,2447,73,1011,1294,0.6922885428849208,0.5676620864857058,0.5293559964411817,0113e421dc8ae53c3a879c6a7011d3ee676b86becf4b3afc153d654c36a31a66,f06d7dc971d717ad99852545b5c74eabe6550276e25cfdd9ec3faa4b07ca7a0e,class_reliability_gamma_0p750,,0.75,
class_reliability_gamma_0p750,class_scaled_raw,True,0.1,0.741058497370202,0.5978105663969538,0.7414403778040142,0.9739311783107404,2101,50,744,1256,0.6922885428849208,0.5676620864857058,0.5293559964411817,0113e421dc8ae53c3a879c6a7011d3ee676b86becf4b3afc153d654c36a31a66,b95ff3dfa0e0b046de8f15fdfe59c34507375d643dabf646935fed1d8a9a45f4,class_reliability_gamma_0p750,,0.75,
class_reliability_gamma_0p750,class_scaled_raw,True,0.15,0.7666456426236128,0.667032967032967,0.7166469893742621,0.9817518248175182,1820,35,531,1214,0.6922885428849208,0.5676620864857058,0.5293559964411817,0113e421dc8ae53c3a879c6a7011d3ee676b86becf4b3afc153d654c36a31a66,061a1f097b9ff942e12ba26ecad2082669c63692a7af068e6e8f7c8c186e51a5,class_reliability_gamma_0p750,,0.75,
class_reliability_gamma_0p750,class_scaled_raw,True,0.2,0.778073876605617,0.7155067155067155,0.69185360094451,0.9874869655891554,1638,24,409,1172,0.6922885428849208,0.5676620864857058,0.5293559964411817,0113e421dc8ae53c3a879c6a7011d3ee676b86becf4b3afc153d654c36a31a66,99161091b65ad794b2b8b469a10d500ee9ee4b435781851f3fc65707276cd019,class_reliability_gamma_0p750,,0.75,
class_reliability_gamma_0p750,class_scaled_raw,True,0.25,0.7843339111920584,0.76062036412677,0.6658795749704841,0.9916579770594369,1483,16,315,1128,0.6922885428849208,0.5676620864857058,0.5293559964411817,0113e421dc8ae53c3a879c6a7011d3ee676b86becf4b3afc153d654c36a31a66,2d46ed53517f05835403247c39d8f4ac074d1e9447a6455390054bcd1fe087dc,class_reliability_gamma_0p750,,0.75,
class_reliability_gamma_0p750,class_scaled_raw,True,0.3,0.7832820487798835,0.7938371239911959,0.6387249114521841,0.9953076120959332,1363,9,249,1082,0.6922885428849208,0.5676620864857058,0.5293559964411817,0113e421dc8ae53c3a879c6a7011d3ee676b86becf4b3afc153d654c36a31a66,df0eeb263fd9adf7500366e4ea615763526ecd3edcf416c73e5fa7915339c929,class_reliability_gamma_0p750,,0.75,
class_reliability_gamma_0p750,class_scaled_raw,True,0.35,0.7716903942539732,0.8201612903225807,0.6003541912632822,0.997393117831074,1240,5,196,1017,0.6922885428849208,0.5676620864857058,0.5293559964411817,0113e421dc8ae53c3a879c6a7011d3ee676b86becf4b3afc153d654c36a31a66,6063cef227e64b4978ac5000982e38629afddd9aa4a1a08000348a1411b3b111,class_reliability_gamma_0p750,,0.75,
class_reliability_gamma_0p750,class_scaled_raw,True,0.3594316758742871,0.7685981307415874,0.8218954248366013,0.5938606847697757,0.997393117831074,1224,5,192,1006,0.6922885428849208,0.5676620864857058,0.5293559964411817,0113e421dc8ae53c3a879c6a7011d3ee676b86becf4b3afc153d654c36a31a66,d71362feee0d5f6758974666e1587ff2311a33fa2fec736d4994e708cf677c1b,class_reliability_gamma_0p750,,0.75,
class_reliability_gamma_0p750,class_scaled_raw,True,0.4,0.7529751691706024,0.8340649692712906,0.5608028335301063,0.9979144942648592,1139,4,166,950,0.6922885428849208,0.5676620864857058,0.5293559964411817,0113e421dc8ae53c3a879c6a7011d3ee676b86becf4b3afc153d654c36a31a66,428f334b3ebdd83868aff22b4fc6cd69e9b1a2d95b9fba55e155c4edfe83db41,class_reliability_gamma_0p750,,0.75,
class_reliability_gamma_0p750,class_scaled_raw,True,0.5,0.712696256167355,0.8867102396514162,0.4805194805194805,0.9994786235662148,918,1,95,814,0.6922885428849208,0.5676620864857058,0.5293559964411817,0113e421dc8ae53c3a879c6a7011d3ee676b86becf4b3afc153d654c36a31a66,d982cb0b2569fadd2a5271ea5f552113bc848a6d19cce00c763153832b58b0a6,class_reliability_gamma_0p750,,0.75,
class_reliability_gamma_0p750,class_scaled_raw,True,0.6,0.6428571428571428,0.9289772727272727,0.3860684769775679,1.0,704,0,45,654,0.6922885428849208,0.5676620864857058,0.5293559964411817,0113e421dc8ae53c3a879c6a7011d3ee676b86becf4b3afc153d654c36a31a66,da089805536db4702ebf3fd65d0aea4d403999ed2a6a9cec9a0776129b67794b,class_reliability_gamma_0p750,,0.75,
class_reliability_gamma_0p750,class_scaled_raw,True,0.6459661814389556,0.6045706371191135,0.9509803921568627,0.3435655253837072,1.0,612,0,27,582,0.6922885428849208,0.5676620864857058,0.5293559964411817,0113e421dc8ae53c3a879c6a7011d3ee676b86becf4b3afc153d654c36a31a66,204fc97c29389a9f16c79724baeaab1c7c3eaf964c3be5dd620f9e64ca9df65c,class_reliability_gamma_0p750,,0.75,
class_reliability_gamma_0p750,class_scaled_raw,True,0.7,0.5399551904406273,0.9601593625498008,0.2845336481700118,1.0,502,0,17,482,0.6922885428849208,0.5676620864857058,0.5293559964411817,0113e421dc8ae53c3a879c6a7011d3ee676b86becf4b3afc153d654c36a31a66,4a124cc50ed2fc317aa24c252839e667ff2efc6aa6b6662b2883d7f8ab73b3b9,class_reliability_gamma_0p750,,0.75,
class_reliability_gamma_0p750,class_scaled_raw,True,0.8,0.318941504178273,0.9913419913419913,0.13518299881936247,1.0,231,0,2,229,0.6922885428849208,0.5676620864857058,0.5293559964411817,0113e421dc8ae53c3a879c6a7011d3ee676b86becf4b3afc153d654c36a31a66,bd1d8e262a2f876868079a3a9832e293e247fcc0212f99b048fe2d4fd61ad1d6,class_reliability_gamma_0p750,,0.75,
class_reliability_gamma_0p750,class_scaled_raw,True,0.9,0.020954598370197905,1.0,0.0070838252656434475,1.0,12,0,0,12,0.6922885428849208,0.5676620864857058,0.5293559964411817,0113e421dc8ae53c3a879c6a7011d3ee676b86becf4b3afc153d654c36a31a66,af7672f8f1bae927718e2be20f99ee7edac74b3d898c4cbe830ec70d4b493046,class_reliability_gamma_0p750,,0.75,
class_reliability_gamma_0p750,class_scaled_raw,True,0.9424873198877668,0.001768867924528302,1.0,0.0005903187721369539,1.0,1,0,0,1,0.6922885428849208,0.5676620864857058,0.5293559964411817,0113e421dc8ae53c3a879c6a7011d3ee676b86becf4b3afc153d654c36a31a66,d054229cec33bb2a0f661c39ed99edfc67e6b8af845b2a514720e841bb6d3b43,class_reliability_gamma_0p750,,0.75,
class_reliability_gamma_1p000,class_scaled_raw,True,0.00135387735747239,0.33207075889323434,0.15369522563767168,0.8323494687131051,0.7539103232533889,9174,472,6908,1410,0.6922885428849208,0.5676620864857058,0.5293559964411817,3d271f336deadfca78ed6b72d22096efbd86ead72609f770600db96120b568e4,8ab9e60fb82f784d62ec2b07debc4da7d72c25add7f4c7f1b1350036a51ad6da,class_reliability_gamma_1p000,,1.0,
class_reliability_gamma_1p000,class_scaled_raw,True,0.0041426936331545195,0.4390887157611261,0.22694571615434925,0.8193624557260921,0.829509906152242,6116,327,4158,1388,0.6922885428849208,0.5676620864857058,0.5293559964411817,3d271f336deadfca78ed6b72d22096efbd86ead72609f770600db96120b568e4,800db98ee4e620595d4bc867b3645b1a18618e84aa5b9a52bbbb1d6e168a1ceb,class_reliability_gamma_1p000,,1.0,
class_reliability_gamma_1p000,class_scaled_raw,True,0.019222386275499496,0.5927061764663641,0.3670299727520436,0.795159386068477,0.9264859228362878,3670,141,2062,1347,0.6922885428849208,0.5676620864857058,0.5293559964411817,3d271f336deadfca78ed6b72d22096efbd86ead72609f770600db96120b568e4,238ea94be3304ab44af7fce25fe0e3edcdc00d4456532aaac574698bf3b39ed7,class_reliability_gamma_1p000,,1.0,
class_reliability_gamma_1p000,class_scaled_raw,True,0.05,0.695252456633518,0.506201550387597,0.7709563164108618,0.959332638164755,2580,78,1122,1306,0.6922885428849208,0.5676620864857058,0.5293559964411817,3d271f336deadfca78ed6b72d22096efbd86ead72609f770600db96120b568e4,4f84d23469af2af29ba13a2a5e5ce68ee9d113286b544844b7fa67123b47fbe9,class_reliability_gamma_1p000,,1.0,
class_reliability_gamma_1p000,class_scaled_raw,True,0.05769886864772222,0.7078755059470362,0.5288107887208827,0.7638724911452184,0.9635036496350365,2447,70,1016,1294,0.6922885428849208,0.5676620864857058,0.5293559964411817,3d271f336deadfca78ed6b72d22096efbd86ead72609f770600db96120b568e4,7dc9dc6e98269b35f972702b4fb56353bde021e2629e5c1f1dd9c0f5ce9dd146,class_reliability_gamma_1p000,,1.0,
class_reliability_gamma_1p000,class_scaled_raw,True,0.1,0.7465053523096669,0.6099463676255485,0.7384887839433294,0.9754953076120959,2051,47,706,1251,0.6922885428849208,0.5676620864857058,0.5293559964411817,3d271f336deadfca78ed6b72d22096efbd86ead72609f770600db96120b568e4,2e19a8f829af0c13bd4afc1406d7ea88acc83818381a24ffec9d31ebdb1062bc,class_reliability_gamma_1p000,,1.0,
class_reliability_gamma_1p000,class_scaled_raw,True,0.15,0.7686686481326689,0.6775832862789385,0.7083825265643447,0.9848800834202294,1771,29,504,1200,0.6922885428849208,0.5676620864857058,0.5293559964411817,3d271f336deadfca78ed6b72d22096efbd86ead72609f770600db96120b568e4,d2e845af10bcfdda13191c284569deabbc91d9460a97f5f9d670d8247985c221,class_reliability_gamma_1p000,,1.0,
class_reliability_gamma_1p000,class_scaled_raw,True,0.2,0.7794750937943531,0.7312579415501906,0.679456906729634,0.9906152241918665,1574,18,375,1151,0.6922885428849208,0.5676620864857058,0.5293559964411817,3d271f336deadfca78ed6b72d22096efbd86ead72609f770600db96120b568e4,992eb2abe6561ba35697b04913bed77b64a4bf086189aa5324a4c6f797e93274,class_reliability_gamma_1p000,,1.0,
class_reliability_gamma_1p000,class_scaled_raw,True,0.25,0.7803100376245748,0.7708479327259986,0.6493506493506493,0.9927007299270073,1427,14,290,1100,0.6922885428849208,0.5676620864857058,0.5293559964411817,3d271f336deadfca78ed6b72d22096efbd86ead72609f770600db96120b568e4,b65b0e192d6e3cadee72a0a62eb667ffd7493fc94fd7d76e5ed0d4fe3727533b,class_reliability_gamma_1p000,,1.0,
class_reliability_gamma_1p000,class_scaled_raw,True,0.3,0.7751840126493734,0.8063516653756778,0.614521841794569,0.997393117831074,1291,5,224,1041,0.6922885428849208,0.5676620864857058,0.5293559964411817,3d271f336deadfca78ed6b72d22096efbd86ead72609f770600db96120b568e4,84c98a2b1ccbcf666e9270a48e2a416bbf6b2992271759489647553579428e36,class_reliability_gamma_1p000,,1.0,
class_reliability_gamma_1p000,class_scaled_raw,True,0.3274125868314704,0.76699624414321,0.8194444444444444,0.5920897284533648,0.9979144942648592,1224,4,198,1003,0.6922885428849208,0.5676620864857058,0.5293559964411817,3d271f336deadfca78ed6b72d22096efbd86ead72609f770600db96120b568e4,cee4a04388da71a389d1e1eee6bedb34424088046249d0dfa11c6a5e15fff991,class_reliability_gamma_1p000,,1.0,
class_reliability_gamma_1p000,class_scaled_raw,True,0.35,0.7564424617134987,0.8238297872340425,0.5714285714285714,0.9979144942648592,1175,4,184,968,0.6922885428849208,0.5676620864857058,0.5293559964411817,3d271f336deadfca78ed6b72d22096efbd86ead72609f770600db96120b568e4,565e8c50c96f249ef3ddb6615d107fd4adf867accd43000befedb09e7a834524,class_reliability_gamma_1p000,,1.0,
class_reliability_gamma_1p000,class_scaled_raw,True,0.4,0.7372194969284303,0.8434864104967198,0.5312868949232585,0.9984358706986444,1067,3,149,900,0.6922885428849208,0.5676620864857058,0.5293559964411817,3d271f336deadfca78ed6b72d22096efbd86ead72609f770600db96120b568e4,af36bff009065d47abf195ad3de1f2d7a31d376347db7f7012c0ad75eeb1beb4,class_reliability_gamma_1p000,,1.0,
class_reliability_gamma_1p000,class_scaled_raw,True,0.5,0.6946529260940939,0.8943089430894309,0.45454545454545453,0.9994786235662148,861,1,83,770,0.6922885428849208,0.5676620864857058,0.5293559964411817,3d271f336deadfca78ed6b72d22096efbd86ead72609f770600db96120b568e4,e342c5b31622830158895d78f2b98fd8c7be214f454cc26bfc85efcfadb71ab6,class_reliability_gamma_1p000,,1.0,
class_reliability_gamma_1p000,class_scaled_raw,True,0.6,0.6122866894197952,0.9373040752351097,0.3530106257378985,1.0,638,0,37,598,0.6922885428849208,0.5676620864857058,0.5293559964411817,3d271f336deadfca78ed6b72d22096efbd86ead72609f770600db96120b568e4,0ce80d3d123e26b9fd115a316c2053f091dfd6471bc4f325a46dbb6543f4d386,class_reliability_gamma_1p000,,1.0,
class_reliability_gamma_1p000,class_scaled_raw,True,0.6113553242981165,0.6029106029106029,0.9477124183006536,0.34238488783943327,1.0,612,0,29,580,0.6922885428849208,0.5676620864857058,0.5293559964411817,3d271f336deadfca78ed6b72d22096efbd86ead72609f770600db96120b568e4,ccdcde1bd15f78a5cebe9af40b006d90848ad1ac38c2175610ecdae9691028bb,class_reliability_gamma_1p000,,1.0,
class_reliability_gamma_1p000,class_scaled_raw,True,0.7,0.4752,0.9658536585365853,0.23376623376623376,1.0,410,0,12,396,0.6922885428849208,0.5676620864857058,0.5293559964411817,3d271f336deadfca78ed6b72d22096efbd86ead72609f770600db96120b568e4,f5456e2374f16e5cc5cd5c5000a3bb9dcf5008f98f8526c2d979f9fffcad7b47,class_reliability_gamma_1p000,,1.0,
class_reliability_gamma_1p000,class_scaled_raw,True,0.8,0.09146341463414633,1.0,0.032467532467532464,1.0,55,0,0,55,0.6922885428849208,0.5676620864857058,0.5293559964411817,3d271f336deadfca78ed6b72d22096efbd86ead72609f770600db96120b568e4,29ab1ecf680d2a27ebbf4c581d36141153ad0e309e03a189da6427a1a2f88ca1,class_reliability_gamma_1p000,,1.0,
class_reliability_gamma_1p000,class_scaled_raw,True,0.9,0.01750291715285881,1.0,0.0059031877213695395,1.0,10,0,0,10,0.6922885428849208,0.5676620864857058,0.5293559964411817,3d271f336deadfca78ed6b72d22096efbd86ead72609f770600db96120b568e4,329a54168e8e69877b946645b3fe670c871d5d604974b9abda9ede1955876b10,class_reliability_gamma_1p000,,1.0,
class_reliability_gamma_1p000,class_scaled_raw,True,0.9350587129592896,0.001768867924528302,1.0,0.0005903187721369539,1.0,1,0,0,1,0.6922885428849208,0.5676620864857058,0.5293559964411817,3d271f336deadfca78ed6b72d22096efbd86ead72609f770600db96120b568e4,239ab002d1058bd296a165554fdaec3ecca3f23739c212443910c2f177f69003,class_reliability_gamma_1p000,,1.0,
raw_light_geom_gate_0p050,light_geometry_gate,False,0.0020437240595134356,0.33190329005132446,0.15347721822541965,0.8311688311688312,0.7575599582898853,9174,465,6917,1408,0.6922885428849208,0.5676620864857058,0.5293559964411817,b3326817cb0d1c18be4668dbbf424f0a6211da73ee85783dc539a4b290277488,b8674c9853501d1053c18390fe762883084d3f0cc90d13519578c56ec8d1ed0e,raw_light_geom_gate_0p050,,,0.05
raw_light_geom_gate_0p050,light_geometry_gate,False,0.006238028808858791,0.4390887157611261,0.22694571615434925,0.8193624557260921,0.829509906152242,6116,327,4148,1388,0.6922885428849208,0.5676620864857058,0.5293559964411817,b3326817cb0d1c18be4668dbbf424f0a6211da73ee85783dc539a4b290277488,ccf8598a13849c7911bcda0f811d16137596f9f7fa67aa17c253a05e432c2516,raw_light_geom_gate_0p050,,,0.05
raw_light_geom_gate_0p050,light_geometry_gate,False,0.026859798109658845,0.5927541315361347,0.367574931880109,0.7963400236127509,0.921793534932221,3670,150,2042,1349,0.6922885428849208,0.5676620864857058,0.5293559964411817,b3326817cb0d1c18be4668dbbf424f0a6211da73ee85783dc539a4b290277488,ecd30ca6cd7efd203c95296c44ddaa3c996ac3514665e501a7a7906cb4ef011f,raw_light_geom_gate_0p050,,,0.05
raw_light_geom_gate_0p050,light_geometry_gate,False,0.05,0.6635157301306444,0.4574688796680498,0.78099173553719,0.9478623566214807,2892,100,1381,1323,0.6922885428849208,0.5676620864857058,0.5293559964411817,b3326817cb0d1c18be4668dbbf424f0a6211da73ee85783dc539a4b290277488,18be5c8eff9270ae5c0d93b53a2e9f4b545463e274c812e45aa1ef59dccd172f,raw_light_geom_gate_0p050,,,0.05
raw_light_geom_gate_0p050,light_geometry_gate,False,0.08064429860367517,0.7068389654421503,0.5288107887208827,0.7638724911452184,0.9577685088633994,2447,81,1001,1294,0.6922885428849208,0.5676620864857058,0.5293559964411817,b3326817cb0d1c18be4668dbbf424f0a6211da73ee85783dc539a4b290277488,629d2b286cf05b2b433d96417cbd4fefd0b81ec4d1f769a9359c51cc469e53a0,raw_light_geom_gate_0p050,,,0.05
raw_light_geom_gate_0p050,light_geometry_gate,False,0.1,0.7228333392706929,0.5597897503285151,0.7544273907910272,0.9629822732012513,2283,71,868,1278,0.6922885428849208,0.5676620864857058,0.5293559964411817,b3326817cb0d1c18be4668dbbf424f0a6211da73ee85783dc539a4b290277488,4d80ba7f5cf1a51b917702e59ddd94de7cb7cac1cda59ba3ff4678ebf13e9e99,raw_light_geom_gate_0p050,,,0.05
raw_light_geom_gate_0p050,light_geometry_gate,False,0.15,0.7518180683051169,0.6234351527290937,0.7349468713105076,0.9749739311783108,1997,48,654,1245,0.6922885428849208,0.5676620864857058,0.5293559964411817,b3326817cb0d1c18be4668dbbf424f0a6211da73ee85783dc539a4b290277488,68eabc595ad7a17a2767c1a31d6806f209d1787cff56bff174665142245f8fec,raw_light_geom_gate_0p050,,,0.05
raw_light_geom_gate_0p050,light_geometry_gate,False,0.2,0.768698260493324,0.6722037652270211,0.7166469893742621,0.9807090719499478,1806,37,513,1214,0.6922885428849208,0.5676620864857058,0.5293559964411817,b3326817cb0d1c18be4668dbbf424f0a6211da73ee85783dc539a4b290277488,4d0f730cc8813c74c3d77b19ad9ed065c478a1a04363ae38db35fa6f341384a6,raw_light_geom_gate_0p050,,,0.05
raw_light_geom_gate_0p050,light_geometry_gate,False,0.25,0.7818932212397707,0.720292504570384,0.6977567886658795,0.9848800834202294,1641,29,397,1182,0.6922885428849208,0.5676620864857058,0.5293559964411817,b3326817cb0d1c18be4668dbbf424f0a6211da73ee85783dc539a4b290277488,b39bee62375b554c07d5aa9b6caf411c3924438a592cc816571f7c29eb0d38d3,raw_light_geom_gate_0p050,,,0.05
raw_light_geom_gate_0p050,light_geometry_gate,False,0.3,0.7871036415347537,0.7532722513089005,0.679456906729634,0.9880083420229405,1528,23,328,1151,0.6922885428849208,0.5676620864857058,0.5293559964411817,b3326817cb0d1c18be4668dbbf424f0a6211da73ee85783dc539a4b290277488,f5bdcfed8f42f975659cd536d6c3c81bc932a35abbdf7f175a1b1dfa580d6052,raw_light_geom_gate_0p050,,,0.05
raw_light_geom_gate_0p050,light_geometry_gate,False,0.35,0.7884726376737186,0.781665500349895,0.6593860684769776,0.9911366006256517,1429,17,272,1117,0.6922885428849208,0.5676620864857058,0.5293559964411817,b3326817cb0d1c18be4668dbbf424f0a6211da73ee85783dc539a4b290277488,1fe336e1a135f56e78851281645761a5d96782c99dc578370a39754f2f15b93a,raw_light_geom_gate_0p050,,,0.05
raw_light_geom_gate_0p050,light_geometry_gate,False,0.4,0.7831502635193848,0.8031437125748503,0.6334120425029516,0.9932221063607924,1336,13,228,1073,0.6922885428849208,0.5676620864857058,0.5293559964411817,b3326817cb0d1c18be4668dbbf424f0a6211da73ee85783dc539a4b290277488,07cc12199da74d617c9b082e7c08e26f73dd87034e395a69a3b1361acf5c9514,raw_light_geom_gate_0p050,,,0.05
raw_light_geom_gate_0p050,light_geometry_gate,False,0.4587921075717085,0.7678239600591054,0.821078431372549,0.5932703659976387,0.9963503649635036,1224,7,189,1005,0.6922885428849208,0.5676620864857058,0.5293559964411817,b3326817cb0d1c18be4668dbbf424f0a6211da73ee85783dc539a4b290277488,877d38cddb7c11f043210903dae0351cf5eb3035c02a47a9b7889efd1db26f67,raw_light_geom_gate_0p050,,,0.05
raw_light_geom_gate_0p050,light_geometry_gate,False,0.5,0.7619708102369593,0.8420138888888888,0.5726092089728453,0.9968717413972888,1152,6,156,970,0.6922885428849208,0.5676620864857058,0.5293559964411817,b3326817cb0d1c18be4668dbbf424f0a6211da73ee85783dc539a4b290277488,71b11588effb6ffcebaf543d5de9ebf83fc2a098c6aaead2c401c2a534edf0d9,raw_light_geom_gate_0p050,,,0.05
raw_light_geom_gate_0p050,light_geometry_gate,False,0.6,0.7313137848904241,0.8864809081527347,0.5070838252656434,0.9979144942648592,969,4,94,859,0.6922885428849208,0.5676620864857058,0.5293559964411817,b3326817cb0d1c18be4668dbbf424f0a6211da73ee85783dc539a4b290277488,5ad894789d9c8806c95b1d247963466b4a26998e46dc28bc624e8f1e0f605c3a,raw_light_geom_gate_0p050,,,0.05
raw_light_geom_gate_0p050,light_geometry_gate,False,0.7,0.6814399691046491,0.9274809160305344,0.43034238488783944,0.9994786235662148,786,1,49,729,0.6922885428849208,0.5676620864857058,0.5293559964411817,b3326817cb0d1c18be4668dbbf424f0a6211da73ee85783dc539a4b290277488,e186f740b5eb98a2835e061550955a1f7ca89b7c02c1c8452f0c33b1fb2ac9d7,raw_light_geom_gate_0p050,,,0.05
raw_light_geom_gate_0p050,light_geometry_gate,False,0.7963319027672012,0.6078195705692977,0.9575163398692811,0.345926800472255,0.9994786235662148,612,1,20,586,0.6922885428849208,0.5676620864857058,0.5293559964411817,b3326817cb0d1c18be4668dbbf424f0a6211da73ee85783dc539a4b290277488,8c4d6d7ff29227b89a5b2a9b61e59a191c35389c78dcead96969a094cba51ca3,raw_light_geom_gate_0p050,,,0.05
raw_light_geom_gate_0p050,light_geometry_gate,False,0.8,0.6049346260983608,0.9587458745874587,0.34297520661157027,0.9994786235662148,606,1,19,581,0.6922885428849208,0.5676620864857058,0.5293559964411817,b3326817cb0d1c18be4668dbbf424f0a6211da73ee85783dc539a4b290277488,e672f6fa19cc3e0602675ea393ac29f8e75e655e322331607ba6685051a62f14,raw_light_geom_gate_0p050,,,0.05
raw_light_geom_gate_0p050,light_geometry_gate,False,0.9,0.4048130640309411,0.9843260188087775,0.18536009445100354,1.0,319,0,4,314,0.6922885428849208,0.5676620864857058,0.5293559964411817,b3326817cb0d1c18be4668dbbf424f0a6211da73ee85783dc539a4b290277488,8846ef1595c428b8e7b881a70189ca08599deb8fcda62aaff727500932c0bcda,raw_light_geom_gate_0p050,,,0.05
raw_light_geom_gate_0p050,light_geometry_gate,False,0.9801473999944839,0.001768867924528302,1.0,0.0005903187721369539,1.0,1,0,0,1,0.6922885428849208,0.5676620864857058,0.5293559964411817,b3326817cb0d1c18be4668dbbf424f0a6211da73ee85783dc539a4b290277488,5098974df0fb94e294f4e154de70961dd836b7c5b3e1940fcd1dc26a14016df3,raw_light_geom_gate_0p050,,,0.05
raw_light_geom_gate_0p100,light_geometry_gate,False,0.001939005708191961,0.33190329005132446,0.15347721822541965,0.8311688311688312,0.7575599582898853,9174,465,6917,1408,0.6922885428849208,0.5676620864857058,0.5293559964411817,53431da1eb1d35260de12fd5a9c06e33d5efb358824dd4c1e9663ddd330d3569,36eeed5174a6a69e3ae3d6dce9604d0114be77a486b834057e7d0da211d39ca3,raw_light_geom_gate_0p100,,,0.1
raw_light_geom_gate_0p100,light_geometry_gate,False,0.005935802370652531,0.4391373863716459,0.22694571615434925,0.8193624557260921,0.8300312825860271,6116,326,4149,1388,0.6922885428849208,0.5676620864857058,0.5293559964411817,53431da1eb1d35260de12fd5a9c06e33d5efb358824dd4c1e9663ddd330d3569,c22bf79fe481d5514936fd45c1cfdfbd6809844065fe5a384a5b64c724f1115c,raw_light_geom_gate_0p100,,,0.1
raw_light_geom_gate_0p100,light_geometry_gate,False,0.025797251948935628,0.5927541315361347,0.367574931880109,0.7963400236127509,0.921793534932221,3670,150,2043,1349,0.6922885428849208,0.5676620864857058,0.5293559964411817,53431da1eb1d35260de12fd5a9c06e33d5efb358824dd4c1e9663ddd330d3569,72976c9c557ce9034d8712e6a401985a0bf0b70afd735689d75e911471adf3d3,raw_light_geom_gate_0p100,,,0.1
raw_light_geom_gate_0p100,light_geometry_gate,False,0.05,0.6669559668391448,0.46223776223776225,0.7804014167650531,0.9494264859228363,2860,97,1353,1322,0.6922885428849208,0.5676620864857058,0.5293559964411817,53431da1eb1d35260de12fd5a9c06e33d5efb358824dd4c1e9663ddd330d3569,bfdf06341da19a7df22bea909163572628c9d2382bd480f6c1e0130582d929d1,raw_light_geom_gate_0p100,,,0.1
raw_light_geom_gate_0p100,light_geometry_gate,False,0.07818694563728205,0.7068389654421503,0.5288107887208827,0.7638724911452184,0.9577685088633994,2447,81,1001,1294,0.6922885428849208,0.5676620864857058,0.5293559964411817,53431da1eb1d35260de12fd5a9c06e33d5efb358824dd4c1e9663ddd330d3569,df1290e9498bf94d87eb371f644f22ec92dc474fe42d276ccf59395f18028b36,raw_light_geom_gate_0p100,,,0.1
raw_light_geom_gate_0p100,light_geometry_gate,False,0.1,0.7255171740967477,0.5647943387881469,0.7538370720188902,0.9635036496350365,2261,70,849,1277,0.6922885428849208,0.5676620864857058,0.5293559964411817,53431da1eb1d35260de12fd5a9c06e33d5efb358824dd4c1e9663ddd330d3569,9f98a2ed05a074e9eaa40d3bab8ecd6869498aec31e9c0edb133303e3d655f7b,raw_light_geom_gate_0p100,,,0.1
raw_light_geom_gate_0p100,light_geometry_gate,False,0.15,0.752295296983324,0.6261352169525731,0.7325855962219598,0.9749739311783108,1982,48,643,1241,0.6922885428849208,0.5676620864857058,0.5293559964411817,53431da1eb1d35260de12fd5a9c06e33d5efb358824dd4c1e9663ddd330d3569,9efe8770211aa7637e22cfafcc36d2820e288f19f1f9fcf6ecf2405fde3a9de3,raw_light_geom_gate_0p100,,,0.1
raw_light_geom_gate_0p100,light_geometry_gate,False,0.2,0.7687935527775231,0.6750418760469011,0.7136953955135773,0.9807090719499478,1791,37,504,1209,0.6922885428849208,0.5676620864857058,0.5293559964411817,53431da1eb1d35260de12fd5a9c06e33d5efb358824dd4c1e9663ddd330d3569,b5c8e646ce54aa6d65cee6442a3f987e7aa27d82d90348229d94617e0dbea27b,raw_light_geom_gate_0p100,,,0.1
raw_light_geom_gate_0p100,light_geometry_gate,False,0.25,0.7821276488239769,0.7221542227662179,0.6965761511216056,0.9848800834202294,1634,29,393,1180,0.6922885428849208,0.5676620864857058,0.5293559964411817,53431da1eb1d35260de12fd5a9c06e33d5efb358824dd4c1e9663ddd330d3569,47b047aa7a024610b714c049cc65ae0f003cfbd0ac71b76a1f2fa5b94e481925,raw_light_geom_gate_0p100,,,0.1
raw_light_geom_gate_0p100,light_geometry_gate,False,0.3,0.7869601328903655,0.7536041939711664,0.6788665879574971,0.9880083420229405,1526,23,327,1150,0.6922885428849208,0.5676620864857058,0.5293559964411817,53431da1eb1d35260de12fd5a9c06e33d5efb358824dd4c1e9663ddd330d3569,5b13e41940759c1ae82f0ded4b306310d20eae6bcceb26e7c213255d1b3f7d36,raw_light_geom_gate_0p100,,,0.1
raw_light_geom_gate_0p100,light_geometry_gate,False,0.35,0.7883248783149929,0.7820602662929222,0.6587957497048406,0.9911366006256517,1427,17,271,1116,0.6922885428849208,0.5676620864857058,0.5293559964411817,53431da1eb1d35260de12fd5a9c06e33d5efb358824dd4c1e9663ddd330d3569,6382e73c3dac2ce0142764a3e0efc9643f6293f836e330b4f59f853b01f5b211,raw_light_geom_gate_0p100,,,0.1
raw_light_geom_gate_0p100,light_geometry_gate,False,0.4,0.7829931767605999,0.8035982008995503,0.6328217237308147,0.9932221063607924,1334,13,227,1072,0.6922885428849208,0.5676620864857058,0.5293559964411817,53431da1eb1d35260de12fd5a9c06e33d5efb358824dd4c1e9663ddd330d3569,ae53a954553349696d9d74c811271b7eefdec827ef670ad7cb94f3b944ed7ae4,raw_light_geom_gate_0p100,,,0.1
raw_light_geom_gate_0p100,light_geometry_gate,False,0.45681678463119485,0.7678239600591054,0.821078431372549,0.5932703659976387,0.9963503649635036,1224,7,189,1005,0.6922885428849208,0.5676620864857058,0.5293559964411817,53431da1eb1d35260de12fd5a9c06e33d5efb358824dd4c1e9663ddd330d3569,3b33d1a980c1f343fcc92ec201b9f127df6bb10175c08baaee9650b654975e9c,raw_light_geom_gate_0p100,,,0.1
raw_light_geom_gate_0p100,light_geometry_gate,False,0.5,0.762769721938746,0.8449477351916377,0.5726092089728453,0.9968717413972888,1148,6,152,970,0.6922885428849208,0.5676620864857058,0.5293559964411817,53431da1eb1d35260de12fd5a9c06e33d5efb358824dd4c1e9663ddd330d3569,e6e1bd330c69ed3f8969ed2100785831b79b8f6479e8b92440290830055e9dff,raw_light_geom_gate_0p100,,,0.1
raw_light_geom_gate_0p100,light_geometry_gate,False,0.6,0.7310852766324202,0.8872802481902792,0.5064935064935064,0.9979144942648592,967,4,93,858,0.6922885428849208,0.5676620864857058,0.5293559964411817,53431da1eb1d35260de12fd5a9c06e33d5efb358824dd4c1e9663ddd330d3569,2561f8b3b8e71ff0a1a8b502706dc781518ee2189f386bc51807dcb6c6ad80e2,raw_light_geom_gate_0p100,,,0.1
raw_light_geom_gate_0p100,light_geometry_gate,False,0.7,0.6816523628701244,0.9286624203821656,0.43034238488783944,0.9994786235662148,785,1,48,729,0.6922885428849208,0.5676620864857058,0.5293559964411817,53431da1eb1d35260de12fd5a9c06e33d5efb358824dd4c1e9663ddd330d3569,e23d9d344cec100ce1d2ef09b8038daf71bef2c3eeaf182dd2e263f521f1b01d,raw_light_geom_gate_0p100,,,0.1
raw_light_geom_gate_0p100,light_geometry_gate,False,0.7958107847471637,0.6078195705692977,0.9575163398692811,0.345926800472255,0.9994786235662148,612,1,20,586,0.6922885428849208,0.5676620864857058,0.5293559964411817,53431da1eb1d35260de12fd5a9c06e33d5efb358824dd4c1e9663ddd330d3569,8c4d6d7ff29227b89a5b2a9b61e59a191c35389c78dcead96969a094cba51ca3,raw_light_geom_gate_0p100,,,0.1
raw_light_geom_gate_0p100,light_geometry_gate,False,0.8,0.6039004176920353,0.9601990049751243,0.3417945690672963,0.9994786235662148,603,1,18,579,0.6922885428849208,0.5676620864857058,0.5293559964411817,53431da1eb1d35260de12fd5a9c06e33d5efb358824dd4c1e9663ddd330d3569,df5dae9cae3189d18eac1db1240a1aac6254c95262e1c8f4cfe96aac870114d1,raw_light_geom_gate_0p100,,,0.1
raw_light_geom_gate_0p100,light_geometry_gate,False,0.9,0.4029272492466638,0.9842271293375394,0.18417945690672963,1.0,317,0,4,312,0.6922885428849208,0.5676620864857058,0.5293559964411817,53431da1eb1d35260de12fd5a9c06e33d5efb358824dd4c1e9663ddd330d3569,a0f02b6c4f2dd8e5948b6faf2575fc6946f4b1810f47792665e159468a0a9752,raw_light_geom_gate_0p100,,,0.1
raw_light_geom_gate_0p100,light_geometry_gate,False,0.980089800542099,0.001768867924528302,1.0,0.0005903187721369539,1.0,1,0,0,1,0.6922885428849208,0.5676620864857058,0.5293559964411817,53431da1eb1d35260de12fd5a9c06e33d5efb358824dd4c1e9663ddd330d3569,5098974df0fb94e294f4e154de70961dd836b7c5b3e1940fcd1dc26a14016df3,raw_light_geom_gate_0p100,,,0.1
raw_light_geom_gate_0p200,light_geometry_gate,False,0.0017303670392903308,0.33190329005132446,0.15347721822541965,0.8311688311688312,0.7575599582898853,9174,465,6917,1408,0.6922885428849208,0.5676620864857058,0.5293559964411817,f5199e8bf3ef9c528273fbf7e93ef3ef2b7444596892cb587a95c0698332fb1d,8c3df5e131312c44b4b7ca790f9a5ff9d7af0cd6db19ef020a3d39f43480af35,raw_light_geom_gate_0p200,,,0.2
raw_light_geom_gate_0p200,light_geometry_gate,False,0.005333556117667917,0.4391373863716459,0.22694571615434925,0.8193624557260921,0.8300312825860271,6116,326,4149,1388,0.6922885428849208,0.5676620864857058,0.5293559964411817,f5199e8bf3ef9c528273fbf7e93ef3ef2b7444596892cb587a95c0698332fb1d,4d69018dedf6372b416d26ab476e6b8023d490590ee6a92bab657b060cea955f,raw_light_geom_gate_0p200,,,0.2
raw_light_geom_gate_0p200,light_geometry_gate,False,0.02368061542912227,0.5928977321166574,0.367574931880109,0.7963400236127509,0.9228362877997914,3670,148,2046,1349,0.6922885428849208,0.5676620864857058,0.5293559964411817,f5199e8bf3ef9c528273fbf7e93ef3ef2b7444596892cb587a95c0698332fb1d,06d3ea48ba804bacbf9dc6108d9b79c6739cc5f244cd4ee228ba8982a3e7e388,raw_light_geom_gate_0p200,,,0.2
raw_light_geom_gate_0p200,light_geometry_gate,False,0.05,0.6739936974362241,0.47275985663082437,0.7786304604486423,0.9509906152241918,2790,94,1292,1319,0.6922885428849208,0.5676620864857058,0.5293559964411817,f5199e8bf3ef9c528273fbf7e93ef3ef2b7444596892cb587a95c0698332fb1d,f828eb3ed5b22394f313cf30dc39b887d6142d8f965fbcb508e2339ca82829f9,raw_light_geom_gate_0p200,,,0.2
raw_light_geom_gate_0p200,light_geometry_gate,False,0.07393705401860941,0.7070281229700419,0.5288107887208827,0.7638724911452184,0.9588112617309698,2447,79,1003,1294,0.6922885428849208,0.5676620864857058,0.5293559964411817,f5199e8bf3ef9c528273fbf7e93ef3ef2b7444596892cb587a95c0698332fb1d,45e0a72cf9b7ebd665286d21ecb37d503e4bfe7789e1ff30d04f68cca6004c3b,raw_light_geom_gate_0p200,,,0.2
raw_light_geom_gate_0p200,light_geometry_gate,False,0.1,0.7276000607719965,0.5707865168539326,0.7497048406139315,0.9640250260688217,2225,69,823,1270,0.6922885428849208,0.5676620864857058,0.5293559964411817,f5199e8bf3ef9c528273fbf7e93ef3ef2b7444596892cb587a95c0698332fb1d,f757ea9511946acf85cbfc16ac7c138bef139d1f3360686a8f36e2188f33f069,raw_light_geom_gate_0p200,,,0.2
raw_light_geom_gate_0p200,light_geometry_gate,False,0.15,0.755677069380904,0.6334355828220859,0.731404958677686,0.9765380604796663,1956,45,624,1239,0.6922885428849208,0.5676620864857058,0.5293559964411817,f5199e8bf3ef9c528273fbf7e93ef3ef2b7444596892cb587a95c0698332fb1d,c1cc313d327ceba6769ad3f0933926e534d68f8325f8c7a5a461c90c880204c1,raw_light_geom_gate_0p200,,,0.2
raw_light_geom_gate_0p200,light_geometry_gate,False,0.2,0.7710462216138596,0.6805633802816902,0.7131050767414404,0.9812304483837331,1775,36,490,1208,0.6922885428849208,0.5676620864857058,0.5293559964411817,f5199e8bf3ef9c528273fbf7e93ef3ef2b7444596892cb587a95c0698332fb1d,9ec34cc801414db525926a548930c524d8d3a93dedcd475e0a1468bc791e7dc8,raw_light_geom_gate_0p200,,,0.2
raw_light_geom_gate_0p200,light_geometry_gate,False,0.25,0.7823618694683723,0.7250308261405672,0.6942148760330579,0.9854014598540146,1622,28,386,1176,0.6922885428849208,0.5676620864857058,0.5293559964411817,f5199e8bf3ef9c528273fbf7e93ef3ef2b7444596892cb587a95c0698332fb1d,89d1b9713fe603db9956c473de2adb6e7b122d1400fd26183a321adba4cfc7aa,raw_light_geom_gate_0p200,,,0.2
raw_light_geom_gate_0p200,light_geometry_gate,False,0.3,0.7873246958690927,0.7569352708058125,0.6765053128689492,0.9890510948905109,1514,21,322,1146,0.6922885428849208,0.5676620864857058,0.5293559964411817,f5199e8bf3ef9c528273fbf7e93ef3ef2b7444596892cb587a95c0698332fb1d,f4124fe8d917cbbed10dcf33eb10439ecd820503f1eeca9363b01848f5ad0f2e,raw_light_geom_gate_0p200,,,0.2
raw_light_geom_gate_0p200,light_geometry_gate,False,0.35,0.7892553230324069,0.7861679604798871,0.6576151121605667,0.9916579770594369,1417,16,264,1114,0.6922885428849208,0.5676620864857058,0.5293559964411817,f5199e8bf3ef9c528273fbf7e93ef3ef2b7444596892cb587a95c0698332fb1d,bdcb26e836e7ab2ac431d55dac4c9ca93399006e8ade951e9bfbdec378f518a5,raw_light_geom_gate_0p200,,,0.2
raw_light_geom_gate_0p200,light_geometry_gate,False,0.4,0.7825780230555907,0.8054298642533937,0.6304604486422668,0.9942648592283628,1326,11,224,1068,0.6922885428849208,0.5676620864857058,0.5293559964411817,f5199e8bf3ef9c528273fbf7e93ef3ef2b7444596892cb587a95c0698332fb1d,da3656c20745f3f573b4334a98a8c27f2fbd5b71e641387fc10f643d6a1e6e1b,raw_light_geom_gate_0p200,,,0.2
raw_light_geom_gate_0p200,light_geometry_gate,False,0.4528163430322396,0.7689588748867167,0.8227124183006536,0.5944510035419126,0.9963503649635036,1224,7,187,1007,0.6922885428849208,0.5676620864857058,0.5293559964411817,f5199e8bf3ef9c528273fbf7e93ef3ef2b7444596892cb587a95c0698332fb1d,29d0f742e08a9593cef474fb959bb9b1c2e32f58e7855cd3cb4bc50cf756c75f,raw_light_geom_gate_0p200,,,0.2
raw_light_geom_gate_0p200,light_geometry_gate,False,0.5,0.7616618162233059,0.8499558693733451,0.5684769775678866,0.9968717413972888,1133,6,146,963,0.6922885428849208,0.5676620864857058,0.5293559964411817,f5199e8bf3ef9c528273fbf7e93ef3ef2b7444596892cb587a95c0698332fb1d,c2e43d711e4b87e14b1edeb95c21891279626c4b16b0c6e4c6dd755160dfa37e,raw_light_geom_gate_0p200,,,0.2
raw_light_geom_gate_0p200,light_geometry_gate,False,0.6,0.7291049766260121,0.8876170655567117,0.5035419126328218,0.9979144942648592,961,4,93,853,0.6922885428849208,0.5676620864857058,0.5293559964411817,f5199e8bf3ef9c528273fbf7e93ef3ef2b7444596892cb587a95c0698332fb1d,43d6a6a4dda1f573144963d08c689be9069aca1e75b23f9333b8dc94faeaac56,raw_light_geom_gate_0p200,,,0.2
raw_light_geom_gate_0p200,light_geometry_gate,False,0.7,0.6808435210730452,0.9296675191815856,0.42916174734356555,0.9994786235662148,782,1,47,727,0.6922885428849208,0.5676620864857058,0.5293559964411817,f5199e8bf3ef9c528273fbf7e93ef3ef2b7444596892cb587a95c0698332fb1d,023fffdb589a0eb42f221a7c4d7a232418db9cfdc8e53d4889ef5ee3c1ca93ce,raw_light_geom_gate_0p200,,,0.2
raw_light_geom_gate_0p200,light_geometry_gate,False,0.7946165420472627,0.6078195705692977,0.9575163398692811,0.345926800472255,0.9994786235662148,612,1,20,586,0.6922885428849208,0.5676620864857058,0.5293559964411817,f5199e8bf3ef9c528273fbf7e93ef3ef2b7444596892cb587a95c0698332fb1d,9d1bb3c7f3174544325d7f7781bce70a7beebd17523d5dc5af0d6b7a6e1a012b,raw_light_geom_gate_0p200,,,0.2
raw_light_geom_gate_0p200,light_geometry_gate,False,0.8,0.6007746379417532,0.959866220735786,0.33884297520661155,0.9994786235662148,598,1,18,574,0.6922885428849208,0.5676620864857058,0.5293559964411817,f5199e8bf3ef9c528273fbf7e93ef3ef2b7444596892cb587a95c0698332fb1d,f67213d45896215bc2c13bf87ba4640dea4ea80b2f525b7b4e7f3e9e3036d783,raw_light_geom_gate_0p200,,,0.2
raw_light_geom_gate_0p200,light_geometry_gate,False,0.9,0.40043196544276455,0.9903846153846154,0.18240850059031877,1.0,312,0,3,309,0.6922885428849208,0.5676620864857058,0.5293559964411817,f5199e8bf3ef9c528273fbf7e93ef3ef2b7444596892cb587a95c0698332fb1d,026fa8851d282dede8958359e45297b367b478c62c779764a9a36d6714e2aa13,raw_light_geom_gate_0p200,,,0.2
raw_light_geom_gate_0p200,light_geometry_gate,False,0.9799746016373294,0.001768867924528302,1.0,0.0005903187721369539,1.0,1,0,0,1,0.6922885428849208,0.5676620864857058,0.5293559964411817,f5199e8bf3ef9c528273fbf7e93ef3ef2b7444596892cb587a95c0698332fb1d,5098974df0fb94e294f4e154de70961dd836b7c5b3e1940fcd1dc26a14016df3,raw_light_geom_gate_0p200,,,0.2
