score_col,mode_family,ap_rank_preserving_by_design,threshold,cal_balanced,cal_precision,cal_recall,cal_unknown_reject,cal_num_accepted,cal_unknown_false_accept,cal_background_false_accepts,cal_tp_known,cal_AP50,cal_AP75,cal_AP,stream_hash,acceptance_mask_hash,canonical_stream,alpha,gamma,beta
raw_score,raw,True,0.0021478294511325003,0.33190329005132446,0.15347721822541965,0.8311688311688312,0.7575599582898853,9174,465,6917,1408,0.6922885428849208,0.5676620864857058,0.5293559964411817,faae5a2ef32d196bb1449c81379c45faba4a326e61c2119906604288be19416e,c1e77c13b75dd33d91b0a824166ea301a1dc392aa945444d20a230d79410ec19,raw_score,,,
raw_score,raw,True,0.0065390930976718005,0.4390887157611261,0.22694571615434925,0.8193624557260921,0.829509906152242,6116,327,4147,1388,0.6922885428849208,0.5676620864857058,0.5293559964411817,faae5a2ef32d196bb1449c81379c45faba4a326e61c2119906604288be19416e,fb8a5b31f35c81b88b7b1a4909f579d6c5278cf6adf676a742ec612722034789,raw_score,,,
raw_score,raw,True,0.027845855243503984,0.5926822354849377,0.367574931880109,0.7963400236127509,0.9212721584984359,3670,151,2041,1349,0.6922885428849208,0.5676620864857058,0.5293559964411817,faae5a2ef32d196bb1449c81379c45faba4a326e61c2119906604288be19416e,fe80318d6b3cf7275add6f94549be82b0d74e393b0f5a5c2d6955a9880959f98,raw_score,,,
raw_score,raw,True,0.05,0.6603278019795884,0.4531463748290014,0.782172373081464,0.9452554744525548,2924,105,1403,1325,0.6922885428849208,0.5676620864857058,0.5293559964411817,faae5a2ef32d196bb1449c81379c45faba4a326e61c2119906604288be19416e,2635f3951ef370470ddee771a9a028dbc67307215ad007974ca2160dcc5c015f,raw_score,,,
raw_score,raw,True,0.08311327546834947,0.7067442701706178,0.5288107887208827,0.7638724911452184,0.9572471324296141,2447,82,1000,1294,0.6922885428849208,0.5676620864857058,0.5293559964411817,faae5a2ef32d196bb1449c81379c45faba4a326e61c2119906604288be19416e,cdfd1280d79cc4ee7c333e3b2f2a586ba82f344e824a59f7e965e89010e5333f,raw_score,,,
raw_score,raw,True,0.1,0.7202487074480918,0.5553625705601389,0.7550177095631642,0.9614181438998958,2303,74,884,1279,0.6922885428849208,0.5676620864857058,0.5293559964411817,faae5a2ef32d196bb1449c81379c45faba4a326e61c2119906604288be19416e,3f27c71d70aadd84d442ae6b37bce3d69b03201d531166c68f623f20f0bbfe32,raw_score,,,
raw_score,raw,True,0.15,0.7512083711620998,0.6217564870259481,0.7355371900826446,0.9749739311783108,2004,48,660,1246,0.6922885428849208,0.5676620864857058,0.5293559964411817,faae5a2ef32d196bb1449c81379c45faba4a326e61c2119906604288be19416e,c27cd83ec55573b6597b0765966e99b5aec47827567185c1b36a2c7978045b38,raw_score,,,
raw_score,raw,True,0.2,0.7672604056470537,0.6681318681318681,0.717827626918536,0.9801876955161627,1820,38,523,1216,0.6922885428849208,0.5676620864857058,0.5293559964411817,faae5a2ef32d196bb1449c81379c45faba4a326e61c2119906604288be19416e,5b33f069f55f21d197640fc7d325a9d9f777d6b99e57382fa1efe005480abd0b,raw_score,,,
raw_score,raw,True,0.25,0.780611698959404,0.7169696969696969,0.6983471074380165,0.983837330552659,1650,31,400,1183,0.6922885428849208,0.5676620864857058,0.5293559964411817,faae5a2ef32d196bb1449c81379c45faba4a326e61c2119906604288be19416e,9481017b957fb265bdfe7ee27959520a7378735414c8a4ff35a90faa3f4a4558,raw_score,,,
raw_score,raw,True,0.3,0.7865657538117894,0.751796211626388,0.679456906729634,0.9880083420229405,1531,23,331,1151,0.6922885428849208,0.5676620864857058,0.5293559964411817,faae5a2ef32d196bb1449c81379c45faba4a326e61c2119906604288be19416e,4f7a4d64931a832126483c91d4fecd1327760f850e69c053a5bb9b2981c17a79,raw_score,,,
raw_score,raw,True,0.35,0.7889146630676959,0.7804878048780488,0.6611570247933884,0.9911366006256517,1435,17,275,1120,0.6922885428849208,0.5676620864857058,0.5293559964411817,faae5a2ef32d196bb1449c81379c45faba4a326e61c2119906604288be19416e,e6a56c4b0b50c0031b306a3d888f080ececf271a9fab69c8b754fa2f31c0bea7,raw_score,,,
raw_score,raw,True,0.4,0.7842386968619103,0.8031319910514542,0.6357733175914995,0.9927007299270073,1341,14,228,1077,0.6922885428849208,0.5676620864857058,0.5293559964411817,faae5a2ef32d196bb1449c81379c45faba4a326e61c2119906604288be19416e,67d0b56b1b292af4566e0bb927c84d6d380875b424a0c1a4814c3c3d92d31869,raw_score,,,
raw_score,raw,True,0.4610013365745543,0.7678239600591054,0.821078431372549,0.5932703659976387,0.9963503649635036,1224,7,189,1005,0.6922885428849208,0.5676620864857058,0.5293559964411817,faae5a2ef32d196bb1449c81379c45faba4a326e61c2119906604288be19416e,877d38cddb7c11f043210903dae0351cf5eb3035c02a47a9b7889efd1db26f67,raw_score,,,
raw_score,raw,True,0.5,0.7624268320452201,0.8402417962003454,0.5743801652892562,0.9963503649635036,1158,7,158,973,0.6922885428849208,0.5676620864857058,0.5293559964411817,faae5a2ef32d196bb1449c81379c45faba4a326e61c2119906604288be19416e,a21974fe9131f14354b3694ea71a17e2c5f339d1f0a10117edd15e8757d83aac,raw_score,,,
raw_score,raw,True,0.6,0.7313345390630971,0.8847736625514403,0.5076741440377804,0.9979144942648592,972,4,95,860,0.6922885428849208,0.5676620864857058,0.5293559964411817,faae5a2ef32d196bb1449c81379c45faba4a326e61c2119906604288be19416e,d5ab5c28069c15a362dd474f282342a375f4536bdb32ef68fa6e1f70ed895abc,raw_score,,,
raw_score,raw,True,0.7,0.6819496453747488,0.9275730622617535,0.4309327036599764,0.9994786235662148,787,1,49,730,0.6922885428849208,0.5676620864857058,0.5293559964411817,faae5a2ef32d196bb1449c81379c45faba4a326e61c2119906604288be19416e,ff63516abfc8cd1456148f5520b2878f5a85b2b218402791cff8b6f6017ed807,raw_score,,,
raw_score,raw,True,0.7974246472120274,0.6086462592049572,0.9591503267973857,0.346517119244392,0.9994786235662148,612,1,19,587,0.6922885428849208,0.5676620864857058,0.5293559964411817,faae5a2ef32d196bb1449c81379c45faba4a326e61c2119906604288be19416e,176b911e69ee983d1b8d5109edc6e6aae636044d100612063436a7339400981a,raw_score,,,
raw_score,raw,True,0.8,0.60617526840818,0.9588815789473685,0.34415584415584416,0.9994786235662148,608,1,19,583,0.6922885428849208,0.5676620864857058,0.5293559964411817,faae5a2ef32d196bb1449c81379c45faba4a326e61c2119906604288be19416e,f957b9af3ef47f1762bc53a39906de6e2607f8ec932fd73ad6d7db40a7e94322,raw_score,,,
raw_score,raw,True,0.9,0.4057535422928295,0.984375,0.1859504132231405,1.0,320,0,4,315,0.6922885428849208,0.5676620864857058,0.5293559964411817,faae5a2ef32d196bb1449c81379c45faba4a326e61c2119906604288be19416e,7fe9c26a7281ade5e8ecc2ac50d1126c7bfda3c584430710a7ff10d74e9a5186,raw_score,,,
raw_score,raw,True,0.9802049994468688,0.001768867924528302,1.0,0.0005903187721369539,1.0,1,0,0,1,0.6922885428849208,0.5676620864857058,0.5293559964411817,faae5a2ef32d196bb1449c81379c45faba4a326e61c2119906604288be19416e,5098974df0fb94e294f4e154de70961dd836b7c5b3e1940fcd1dc26a14016df3,raw_score,,,
geometry_risk_score,geometry,False,0.024117069155710616,0.333761053898946,0.1539132330499237,0.833530106257379,0.7742440041710115,9174,433,7031,1412,0.6837783844308498,0.5593596355507356,0.5195691914105509,1f5b99d0dc1006181e3f0e3d1b98c2c25d493f7f3fb80f6bcfe30ab2a38e2ec9,dcfa829b9de40926f542732ebdf977a03d1cbc30f8415a28e545ba2c00138455,geometry_risk_score,,,
geometry_risk_score,geometry,False,0.05,0.402593837787723,0.19835647492207426,0.8264462809917356,0.8331595411887383,7058,320,5118,1400,0.6837783844308498,0.5593596355507356,0.5195691914105509,1f5b99d0dc1006181e3f0e3d1b98c2c25d493f7f3fb80f6bcfe30ab2a38e2ec9,c0a9a896559008b254ee7b08d0ab1f3cf65cc0c6cfaa5003bcdb54a2a433f1c1,geometry_risk_score,,,
geometry_risk_score,geometry,False,0.068892573686963,0.4429314937251371,0.2275997383911053,0.8217237308146399,0.8602711157455682,6116,268,4276,1392,0.6837783844308498,0.5593596355507356,0.5195691914105509,1f5b99d0dc1006181e3f0e3d1b98c2c25d493f7f3fb80f6bcfe30ab2a38e2ec9,5918fcb1859e4ec9cdcefbb2e0dd734ba1afb76b851449497adcd07ed0504fdb,geometry_risk_score,,,
geometry_risk_score,geometry,False,0.1,0.4887362604409481,0.26379079977094866,0.8158205430932703,0.8915537017726799,5239,208,3502,1382,0.6837783844308498,0.5593596355507356,0.5195691914105509,1f5b99d0dc1006181e3f0e3d1b98c2c25d493f7f3fb80f6bcfe30ab2a38e2ec9,8576b582007981812ef64cf71332ce885616c17703a20018c60bec0b12ee5f99,geometry_risk_score,,,
geometry_risk_score,geometry,False,0.15,0.5405330566698613,0.31048570131638675,0.807556080283353,0.9165797705943691,4406,160,2757,1368,0.6837783844308498,0.5593596355507356,0.5195691914105509,1f5b99d0dc1006181e3f0e3d1b98c2c25d493f7f3fb80f6bcfe30ab2a38e2ec9,26f2894d7d46f693139ee82cc355149356728b22e858931f1cbed138b605ba01,geometry_risk_score,,,
geometry_risk_score,geometry,False,0.2,0.5781216295251925,0.34869945918104556,0.7992916174734357,0.9343065693430657,3883,126,2301,1354,0.6837783844308498,0.5593596355507356,0.5195691914105509,1f5b99d0dc1006181e3f0e3d1b98c2c25d493f7f3fb80f6bcfe30ab2a38e2ec9,930f2c976235e09d8f57efa69524c85f2029cfccaeda4ca03dec7b2632f8cd2a,geometry_risk_score,,,
geometry_risk_score,geometry,False,0.22719971370322448,0.595437535387134,0.3673024523160763,0.7957497048406139,0.9442127215849844,3670,107,2122,1348,0.6837783844308498,0.5593596355507356,0.5195691914105509,1f5b99d0dc1006181e3f0e3d1b98c2c25d493f7f3fb80f6bcfe30ab2a38e2ec9,9ac6a55dda619f359ab4312ee1c79648aa7a748a2dea789ecf34978384c803a6,geometry_risk_score,,,
geometry_risk_score,geometry,False,0.25,0.6099258477776409,0.38369441277080957,0.79456906729634,0.948905109489051,3508,98,1978,1346,0.6837783844308498,0.5593596355507356,0.5195691914105509,1f5b99d0dc1006181e3f0e3d1b98c2c25d493f7f3fb80f6bcfe30ab2a38e2ec9,21bf7a87b5693fbfbf375007b6e0c25e1fdb09aa6b97902b670cc7b2ceeddb21,geometry_risk_score,,,
geometry_risk_score,geometry,False,0.3,0.635883107233739,0.41599253266957065,0.7892561983471075,0.9551616266944734,3214,86,1715,1337,0.6837783844308498,0.5593596355507356,0.5195691914105509,1f5b99d0dc1006181e3f0e3d1b98c2c25d493f7f3fb80f6bcfe30ab2a38e2ec9,f805efbe0e4e63899980bdcdf302efcdc3a7db3463586cc0d7576cc2d490c14e,geometry_risk_score,,,
geometry_risk_score,geometry,False,0.35,0.6617047667131163,0.4502706359945873,0.7857142857142857,0.9614181438998958,2956,74,1482,1331,0.6837783844308498,0.5593596355507356,0.5195691914105509,1f5b99d0dc1006181e3f0e3d1b98c2c25d493f7f3fb80f6bcfe30ab2a38e2ec9,c09d4bc66ceb1f81010942fa70cb4d5645180a1af5487886b37082055e26f855,geometry_risk_score,,,
geometry_risk_score,geometry,False,0.4,0.6817905362381647,0.48152213684595685,0.7768595041322314,0.9650677789363921,2733,67,1284,1316,0.6837783844308498,0.5593596355507356,0.5195691914105509,1f5b99d0dc1006181e3f0e3d1b98c2c25d493f7f3fb80f6bcfe30ab2a38e2ec9,122eb2124f7613bc7734017d4ce4688598f1cf5db3eeda328e76c57fcad0a6c1,geometry_risk_score,,,
geometry_risk_score,geometry,False,0.48116431953571204,0.710888840894997,0.530036779730282,0.7656434474616293,0.9734098018769551,2447,51,1040,1297,0.6837783844308498,0.5593596355507356,0.5195691914105509,1f5b99d0dc1006181e3f0e3d1b98c2c25d493f7f3fb80f6bcfe30ab2a38e2ec9,48e2c4042f513f14f6eaf4148fc583a9d07ffc53eae31564f31f439e5cc3659d,geometry_risk_score,,,
geometry_risk_score,geometry,False,0.5,0.7180238547063872,0.5423302598491199,0.7638724911452184,0.9754953076120959,2386,47,989,1294,0.6837783844308498,0.5593596355507356,0.5195691914105509,1f5b99d0dc1006181e3f0e3d1b98c2c25d493f7f3fb80f6bcfe30ab2a38e2ec9,80e4898ba66d7312e2004c9178c59099ca710f0fef2783a159f4f580216c7a38,geometry_risk_score,,,
geometry_risk_score,geometry,False,0.6,0.7413777175586623,0.5966666666666667,0.7396694214876033,0.9817518248175182,2100,35,764,1253,0.6837783844308498,0.5593596355507356,0.5195691914105509,1f5b99d0dc1006181e3f0e3d1b98c2c25d493f7f3fb80f6bcfe30ab2a38e2ec9,156baa62f475a17cfd33409c17ed08566e63f315b4bcb28858501dd5e2a4f2c9,geometry_risk_score,,,
geometry_risk_score,geometry,False,0.7,0.7650955340598156,0.658207343412527,0.7195985832349469,0.9880083420229405,1852,23,572,1219,0.6837783844308498,0.5593596355507356,0.5195691914105509,1f5b99d0dc1006181e3f0e3d1b98c2c25d493f7f3fb80f6bcfe30ab2a38e2ec9,af3a67178e16d0f0ebede3432de3c3845e17771606fa9b2fb34f034fdd421ece,geometry_risk_score,,,
geometry_risk_score,geometry,False,0.8,0.7818472090072387,0.7272159800249688,0.6877213695395513,0.9921793534932221,1602,15,392,1165,0.6837783844308498,0.5593596355507356,0.5195691914105509,1f5b99d0dc1006181e3f0e3d1b98c2c25d493f7f3fb80f6bcfe30ab2a38e2ec9,8a9cce89caed71e1dd9f5e467dbcb81011de193ad3a1c29b20fd2eddabdc1db9,geometry_risk_score,,,
geometry_risk_score,geometry,False,0.9,0.7823129375002266,0.8170542635658915,0.6221959858323495,0.9963503649635036,1290,7,209,1054,0.6837783844308498,0.5593596355507356,0.5195691914105509,1f5b99d0dc1006181e3f0e3d1b98c2c25d493f7f3fb80f6bcfe30ab2a38e2ec9,a6fb9e1c935e16bec3d3433804d2e65f1ccd1fa06762080b34c3fa4b7605e091,geometry_risk_score,,,
geometry_risk_score,geometry,False,0.9158598513218462,0.7756003784367443,0.8316993464052288,0.6009445100354192,0.9984358706986444,1224,3,184,1018,0.6837783844308498,0.5593596355507356,0.5195691914105509,1f5b99d0dc1006181e3f0e3d1b98c2c25d493f7f3fb80f6bcfe30ab2a38e2ec9,f873bbae9719c6405a85b4e638a8c68321d06094fd063f49512e0ffdf13b0446,geometry_risk_score,,,
geometry_risk_score,geometry,False,0.9838809808375358,0.6102979224201053,0.9624183006535948,0.3476977567886659,0.9994786235662148,612,1,19,589,0.6837783844308498,0.5593596355507356,0.5195691914105509,1f5b99d0dc1006181e3f0e3d1b98c2c25d493f7f3fb80f6bcfe30ab2a38e2ec9,668b2dbe4ae9eb60c75b5a04e01770af6247a9342efff8b685de17d7c420d654,geometry_risk_score,,,
geometry_risk_score,geometry,False,0.999869743392996,0.001768867924528302,1.0,0.0005903187721369539,1.0,1,0,0,1,0.6837783844308498,0.5593596355507356,0.5195691914105509,1f5b99d0dc1006181e3f0e3d1b98c2c25d493f7f3fb80f6bcfe30ab2a38e2ec9,5098974df0fb94e294f4e154de70961dd836b7c5b3e1940fcd1dc26a14016df3,geometry_risk_score,,,
geometry_alpha_0p050,alpha_blend,False,0.0035517551764849523,0.3325738888392708,0.1538042293437977,0.832939787485242,0.7586027111574557,9174,463,6926,1411,0.6919177318064736,0.5675295433605999,0.5292046615401156,8df744568e3495a5858b6629990127b516e33dc5cd25dc3a0f17636482cae84f,ccb991951367090a8806dd7390c5cafa6c4d7df2f807067759c522e7871879bf,geometry_alpha_0p050,0.05,,
geometry_alpha_0p050,alpha_blend,False,0.009904581224109183,0.439717529775981,0.22694571615434925,0.8193624557260921,0.8362877997914494,6116,314,4171,1388,0.6919177318064736,0.5675295433605999,0.5292046615401156,8df744568e3495a5858b6629990127b516e33dc5cd25dc3a0f17636482cae84f,d2747891c0e2643ef72e822bd5eaff2300264d3e2f23b4a80ad9dd6d216fee6a,geometry_alpha_0p050,0.05,,
geometry_alpha_0p050,alpha_blend,False,0.037969990111915604,0.5938155898672097,0.3678474114441417,0.7969303423848878,0.927007299270073,3670,140,2062,1350,0.6919177318064736,0.5675295433605999,0.5292046615401156,8df744568e3495a5858b6629990127b516e33dc5cd25dc3a0f17636482cae84f,dc2810441b9ae0b10e32493bacdd109bc9a2391969857e0b530574c388f131ad,geometry_alpha_0p050,0.05,,
geometry_alpha_0p050,alpha_blend,False,0.05,0.6277992129450233,0.4081757169005491,0.7898465171192444,0.9410844629822732,3278,113,1724,1338,0.6919177318064736,0.5675295433605999,0.5292046615401156,8df744568e3495a5858b6629990127b516e33dc5cd25dc3a0f17636482cae84f,f5d6d1eea112c104db3e7cc1364296b4393f8b69d4ce9148dbcb08504b6c9dcd,geometry_alpha_0p050,0.05,,
geometry_alpha_0p050,alpha_blend,False,0.1,0.7081166193166115,0.5289087947882736,0.7668240850059032,0.9598540145985401,2456,77,1008,1299,0.6919177318064736,0.5675295433605999,0.5292046615401156,8df744568e3495a5858b6629990127b516e33dc5cd25dc3a0f17636482cae84f,ffd078ef1da037dfcf110bb2db422da891d1a56cc09aa9196f067f664f2dbdd5,geometry_alpha_0p050,0.05,,
geometry_alpha_0p050,alpha_blend,False,0.1009245179249992,0.7089596953174991,0.5304454434000817,0.7662337662337663,0.9603753910323254,2447,76,1001,1298,0.6919177318064736,0.5675295433605999,0.5292046615401156,8df744568e3495a5858b6629990127b516e33dc5cd25dc3a0f17636482cae84f,e933607e1e6f39e09a0f99aee98818221522c9cd1ad8ce6419cea6fbe3b551aa,geometry_alpha_0p050,0.05,,
geometry_alpha_0p050,alpha_blend,False,0.15,0.7382819745104793,0.5932043416705993,0.7420306965761512,0.9708029197080292,2119,56,752,1257,0.6919177318064736,0.5675295433605999,0.5292046615401156,8df744568e3495a5858b6629990127b516e33dc5cd25dc3a0f17636482cae84f,9866c74f415595f0a29ee378db5f0e457f5e1e4ff2ead9fcf27d3d72e41ffc37,geometry_alpha_0p050,0.05,,
geometry_alpha_0p050,alpha_blend,False,0.2,0.7620624548888619,0.6489473684210526,0.7278630460448642,0.9786235662148071,1900,41,580,1233,0.6919177318064736,0.5675295433605999,0.5292046615401156,8df744568e3495a5858b6629990127b516e33dc5cd25dc3a0f17636482cae84f,6d4b25dbd724930a23eaee81259f49732ce19f72f08e9011c16c55dbcd7d0fa6,geometry_alpha_0p050,0.05,,
geometry_alpha_0p050,alpha_blend,False,0.25,0.7723241836332814,0.689119170984456,0.7066115702479339,0.9822732012513035,1737,34,466,1197,0.6919177318064736,0.5675295433605999,0.5292046615401156,8df744568e3495a5858b6629990127b516e33dc5cd25dc3a0f17636482cae84f,cbc6af80486383be471f646131e4cc22b0223e931272340a80649d702c3d2347,geometry_alpha_0p050,0.05,,
geometry_alpha_0p050,alpha_blend,False,0.3,0.7851572260375101,0.7364438839848676,0.6894923258559622,0.9874869655891554,1586,24,365,1168,0.6919177318064736,0.5675295433605999,0.5292046615401156,8df744568e3495a5858b6629990127b516e33dc5cd25dc3a0f17636482cae84f,4dfa087e9eca3f155b0bc642e9dd90d7c1ee448f0fdcfb158db0c375ac37b1c7,geometry_alpha_0p050,0.05,,
geometry_alpha_0p050,alpha_blend,False,0.35,0.7881977490957988,0.7635632953784327,0.6729634002361276,0.9895724713242962,1493,20,308,1140,0.6919177318064736,0.5675295433605999,0.5292046615401156,8df744568e3495a5858b6629990127b516e33dc5cd25dc3a0f17636482cae84f,0834b06a75da4960bd3d26907d68e5959d08ce9e173d33ce077eed8730032795,geometry_alpha_0p050,0.05,,
geometry_alpha_0p050,alpha_blend,False,0.4,0.7872659700437131,0.794778825235678,0.6469893742621016,0.9932221063607924,1379,13,247,1096,0.6919177318064736,0.5675295433605999,0.5292046615401156,8df744568e3495a5858b6629990127b516e33dc5cd25dc3a0f17636482cae84f,a6ea00ec53019231d70e016e5ae5ae025d45fb39c56f13c6cb0f4895833c3c44,geometry_alpha_0p050,0.05,,
geometry_alpha_0p050,alpha_blend,False,0.48316462062549237,0.7689588748867167,0.8227124183006536,0.5944510035419126,0.9963503649635036,1224,7,187,1007,0.6919177318064736,0.5675295433605999,0.5292046615401156,8df744568e3495a5858b6629990127b516e33dc5cd25dc3a0f17636482cae84f,2bfc6ba15875147a5d6960a83996737cec8c113890c8932384bf7e1c4e6e88ce,geometry_alpha_0p050,0.05,,
geometry_alpha_0p050,alpha_blend,False,0.5,0.7668850580462955,0.832913518052057,0.5855962219598583,0.9963503649635036,1191,7,172,992,0.6919177318064736,0.5675295433605999,0.5292046615401156,8df744568e3495a5858b6629990127b516e33dc5cd25dc3a0f17636482cae84f,87a43d5da3bb6813115df486dce2d3db14a4c604dc9a876e89ae67863b5b4ecb,geometry_alpha_0p050,0.05,,
geometry_alpha_0p050,alpha_blend,False,0.6,0.7369144720861837,0.8796389167502507,0.5177095631641087,0.997393117831074,997,5,99,877,0.6919177318064736,0.5675295433605999,0.5292046615401156,8df744568e3495a5858b6629990127b516e33dc5cd25dc3a0f17636482cae84f,287718bf1311c7faa1abb9ab40626a9ea2696eb394c7086de34d5912def8612a,geometry_alpha_0p050,0.05,,
geometry_alpha_0p050,alpha_blend,False,0.7,0.6896679766514476,0.9245049504950495,0.4409681227863046,0.9994786235662148,808,1,53,747,0.6919177318064736,0.5675295433605999,0.5292046615401156,8df744568e3495a5858b6629990127b516e33dc5cd25dc3a0f17636482cae84f,c575cee9021f7077a135505c2cf1d4af8004fd573f8e7f5b3f21030d6473ca25,geometry_alpha_0p050,0.05,,
geometry_alpha_0p050,alpha_blend,False,0.8,0.6147389427005987,0.9552715654952076,0.3530106257378985,0.9994786235662148,626,1,22,598,0.6919177318064736,0.5675295433605999,0.5292046615401156,8df744568e3495a5858b6629990127b516e33dc5cd25dc3a0f17636482cae84f,43cab30bae443d6b322e23eea9c972bae7956c5689222f0591e01c4b700ccc91,geometry_alpha_0p050,0.05,,
geometry_alpha_0p050,alpha_blend,False,0.8062955325805383,0.6086462592049572,0.9591503267973857,0.346517119244392,0.9994786235662148,612,1,19,587,0.6919177318064736,0.5675295433605999,0.5292046615401156,8df744568e3495a5858b6629990127b516e33dc5cd25dc3a0f17636482cae84f,4b8c8b76f66c4cb1135fa5a35068db2dd4486469c3929747a5bdf99466ade1c3,geometry_alpha_0p050,0.05,,
geometry_alpha_0p050,alpha_blend,False,0.9,0.41966935142009326,0.9850746268656716,0.19480519480519481,1.0,335,0,4,330,0.6919177318064736,0.5675295433605999,0.5292046615401156,8df744568e3495a5858b6629990127b516e33dc5cd25dc3a0f17636482cae84f,6f520502ad4f5d157e8a396b7345bad715af6c3e226c126099c57f5cfcd6e048,geometry_alpha_0p050,0.05,,
geometry_alpha_0p050,alpha_blend,False,0.9811882366441751,0.001768867924528302,1.0,0.0005903187721369539,1.0,1,0,0,1,0.6919177318064736,0.5675295433605999,0.5292046615401156,8df744568e3495a5858b6629990127b516e33dc5cd25dc3a0f17636482cae84f,5098974df0fb94e294f4e154de70961dd836b7c5b3e1940fcd1dc26a14016df3,geometry_alpha_0p050,0.05,,
geometry_alpha_0p100,alpha_blend,False,0.004886590170787391,0.3326406153204249,0.1538042293437977,0.832939787485242,0.7596454640250261,9174,461,6940,1411,0.6918183731146017,0.5674544009699488,0.5290430317529958,c4c08970500667c4579240053873c0332701a36a15f472c7bf92ed6c94900d4f,3d1ba366e2989fd3307f49abec55e1d9b3c87b57475e23c36dcf2ef5150976f6,geometry_alpha_0p100,0.1,,
geometry_alpha_0p100,alpha_blend,False,0.013149137507136947,0.439456221449394,0.22678221059516024,0.8187721369539551,0.8362877997914494,6116,314,4189,1387,0.6918183731146017,0.5674544009699488,0.5290430317529958,c4c08970500667c4579240053873c0332701a36a15f472c7bf92ed6c94900d4f,22d8a9d2c3c58b49213d8efaf906f657ba3da9e809480efa966dda8215f3b8cb,geometry_alpha_0p100,0.1,,
geometry_alpha_0p100,alpha_blend,False,0.04813979913873288,0.5941081176552738,0.367574931880109,0.7963400236127509,0.9316996871741398,3670,131,2077,1349,0.6918183731146017,0.5674544009699488,0.5290430317529958,c4c08970500667c4579240053873c0332701a36a15f472c7bf92ed6c94900d4f,3862b12eede1c9eb6e9a54f162d9fc41ec4018f37f36151fa9202b804b4249ee,geometry_alpha_0p100,0.1,,
geometry_alpha_0p100,alpha_blend,False,0.05,0.5992537516068381,0.3734072022160665,0.7957497048406139,0.9332638164754953,3610,128,2022,1348,0.6918183731146017,0.5674544009699488,0.5290430317529958,c4c08970500667c4579240053873c0332701a36a15f472c7bf92ed6c94900d4f,ac08dd67d5dc3c51bc9f86c16fac3867ecc755ed0e27106ca7a25f911aeca9a3,geometry_alpha_0p100,0.1,,
geometry_alpha_0p100,alpha_blend,False,0.1,0.6892886912436317,0.4952883528081417,0.7756788665879575,0.9577685088633994,2653,81,1182,1314,0.6918183731146017,0.5674544009699488,0.5290430317529958,c4c08970500667c4579240053873c0332701a36a15f472c7bf92ed6c94900d4f,006d90aa278a2df90473e7ab48b7f123e8fc3b0555c863aa3014d32c49a00671,geometry_alpha_0p100,0.1,,
geometry_alpha_0p100,alpha_blend,False,0.12047896759498758,0.7091489583596692,0.5304454434000817,0.7662337662337663,0.9614181438998958,2447,74,1005,1298,0.6918183731146017,0.5674544009699488,0.5290430317529958,c4c08970500667c4579240053873c0332701a36a15f472c7bf92ed6c94900d4f,4a8c8cb1d6c0c2c7a850ee33b276bb6d8bcfdf260c5459e9c5129d842a01f926,geometry_alpha_0p100,0.1,,
geometry_alpha_0p100,alpha_blend,False,0.15,0.7254477016083039,0.5650821856952466,0.7508854781582054,0.9671532846715328,2251,63,857,1272,0.6918183731146017,0.5674544009699488,0.5290430317529958,c4c08970500667c4579240053873c0332701a36a15f472c7bf92ed6c94900d4f,5622410679ca39b203a37227af9290a93a98b88372401790991c409e83aff4d4,geometry_alpha_0p100,0.1,,
geometry_alpha_0p100,alpha_blend,False,0.2,0.7531708033797415,0.624312156078039,0.7367178276269185,0.9765380604796663,1999,45,659,1248,0.6918183731146017,0.5674544009699488,0.5290430317529958,c4c08970500667c4579240053873c0332701a36a15f472c7bf92ed6c94900d4f,c1b3e5b1d1f9b142351fdb12d25b95119fec8b42de6e8786d8ca9143771de8f4,geometry_alpha_0p100,0.1,,
geometry_alpha_0p100,alpha_blend,False,0.25,0.7687860248149281,0.6716417910447762,0.7172373081463991,0.9812304483837331,1809,36,517,1215,0.6918183731146017,0.5674544009699488,0.5290430317529958,c4c08970500667c4579240053873c0332701a36a15f472c7bf92ed6c94900d4f,790ddf1dfde23cbeabaeb37ab36ca0d0fc83cd48b60e3780b879a2681a0d9d27,geometry_alpha_0p100,0.1,,
geometry_alpha_0p100,alpha_blend,False,0.3,0.782364191686009,0.7190533980582524,0.6995277449822904,0.9859228362877998,1648,27,402,1185,0.6918183731146017,0.5674544009699488,0.5290430317529958,c4c08970500667c4579240053873c0332701a36a15f472c7bf92ed6c94900d4f,4aa4be0becf8d5d7b9d5a3a96e4808703f7a4ea0ebdfa52d75714698f73b05c7,geometry_alpha_0p100,0.1,,
geometry_alpha_0p100,alpha_blend,False,0.35,0.7875744487955979,0.7517915309446254,0.6812278630460449,0.9890510948905109,1535,21,335,1154,0.6918183731146017,0.5674544009699488,0.5290430317529958,c4c08970500667c4579240053873c0332701a36a15f472c7bf92ed6c94900d4f,861d03729d40e0b75f6d053decbd0834acca53180198da09d8dac8b8da412359,geometry_alpha_0p100,0.1,,
geometry_alpha_0p100,alpha_blend,False,0.4,0.7896155600713308,0.7815771109560363,0.6611570247933884,0.9927007299270073,1433,14,276,1120,0.6918183731146017,0.5674544009699488,0.5290430317529958,c4c08970500667c4579240053873c0332701a36a15f472c7bf92ed6c94900d4f,908b5155d2c1f513d9d5b2da87b76efe7867f1659a1db7c3a4d10d66db36ace0,geometry_alpha_0p100,0.1,,
geometry_alpha_0p100,alpha_blend,False,0.5,0.7737557692681748,0.824575586095392,0.602125147579693,0.9963503649635036,1237,7,188,1020,0.6918183731146017,0.5674544009699488,0.5290430317529958,c4c08970500667c4579240053873c0332701a36a15f472c7bf92ed6c94900d4f,2c74227fa1710e20ae0158bb08dcebfc51ba741f0a12984b69969b562ed6644b,geometry_alpha_0p100,0.1,,
geometry_alpha_0p100,alpha_blend,False,0.5064690583182144,0.7700926305587653,0.8243464052287581,0.5956316410861865,0.9963503649635036,1224,7,186,1009,0.6918183731146017,0.5674544009699488,0.5290430317529958,c4c08970500667c4579240053873c0332701a36a15f472c7bf92ed6c94900d4f,274a52c9e2376a6e47108618a54dd26a4791ec7937b59d62134c3d7f562ebf48,geometry_alpha_0p100,0.1,,
geometry_alpha_0p100,alpha_blend,False,0.6,0.7463185977452744,0.8751210067763795,0.5336481700118064,0.9968717413972888,1033,6,107,904,0.6918183731146017,0.5674544009699488,0.5290430317529958,c4c08970500667c4579240053873c0332701a36a15f472c7bf92ed6c94900d4f,27edd5bc7e763cce669d35e220793ff7ebb58663389ae0a227734c4adcfc4997,geometry_alpha_0p100,0.1,,
geometry_alpha_0p100,alpha_blend,False,0.7,0.6968924718435092,0.9130952380952381,0.4527744982290437,0.9989572471324296,840,2,62,767,0.6918183731146017,0.5674544009699488,0.5290430317529958,c4c08970500667c4579240053873c0332701a36a15f472c7bf92ed6c94900d4f,58ab81deee5edfb4192ba9f72a26ac75905eadc407829248543400c7eda75705,geometry_alpha_0p100,0.1,,
geometry_alpha_0p100,alpha_blend,False,0.8,0.6303949133104504,0.9541984732824428,0.3689492325855962,0.9994786235662148,655,1,24,625,0.6918183731146017,0.5674544009699488,0.5290430317529958,c4c08970500667c4579240053873c0332701a36a15f472c7bf92ed6c94900d4f,482743d369b960aa37dda179f7cb8956e2ce1417de74bf19cf3e3a646a1bbfae,geometry_alpha_0p100,0.1,,
geometry_alpha_0p100,alpha_blend,False,0.8158884179519095,0.6086462592049572,0.9591503267973857,0.346517119244392,0.9994786235662148,612,1,19,587,0.6918183731146017,0.5674544009699488,0.5290430317529958,c4c08970500667c4579240053873c0332701a36a15f472c7bf92ed6c94900d4f,4b8c8b76f66c4cb1135fa5a35068db2dd4486469c3929747a5bdf99466ade1c3,geometry_alpha_0p100,0.1,,
geometry_alpha_0p100,alpha_blend,False,0.9,0.43216080402010054,0.9828571428571429,0.20306965761511217,1.0,350,0,5,344,0.6918183731146017,0.5674544009699488,0.5290430317529958,c4c08970500667c4579240053873c0332701a36a15f472c7bf92ed6c94900d4f,45e7d1ee9eaf3443864c0a049f3dacbf9100db6dcf414395a27e61b581e2eb92,geometry_alpha_0p100,0.1,,
geometry_alpha_0p100,alpha_blend,False,0.9821714738414815,0.001768867924528302,1.0,0.0005903187721369539,1.0,1,0,0,1,0.6918183731146017,0.5674544009699488,0.5290430317529958,c4c08970500667c4579240053873c0332701a36a15f472c7bf92ed6c94900d4f,5098974df0fb94e294f4e154de70961dd836b7c5b3e1940fcd1dc26a14016df3,geometry_alpha_0p100,0.1,,
geometry_alpha_0p200,alpha_blend,False,0.007323385292777651,0.33290596404815614,0.1538042293437977,0.832939787485242,0.7638164754953076,9174,453,6969,1411,0.6915056589323483,0.5675039984618943,0.5287170200868234,9fe0dcebea15f41dc9d6ddc7533858b3fcb94d1a4f6da321ce27a309a5e9c321,25a3ce10d63fe729599da8e21dc6b5574758ab269006dec887c6d92222cf5571,geometry_alpha_0p200,0.2,,
geometry_alpha_0p200,alpha_blend,False,0.019481975796346543,0.4414806971234496,0.2275997383911053,0.8217237308146399,0.8441084462982273,6116,299,4211,1392,0.6915056589323483,0.5675039984618943,0.5287170200868234,9fe0dcebea15f41dc9d6ddc7533858b3fcb94d1a4f6da321ce27a309a5e9c321,4cbb8ea45cec158f144dbbcc636c714e683959ddc047fddf2b8c360cd6517e4a,geometry_alpha_0p200,0.2,,
geometry_alpha_0p200,alpha_blend,False,0.05,0.5553335267149583,0.32631074934163273,0.8046044864226682,0.913451511991658,4177,166,2517,1363,0.6915056589323483,0.5675039984618943,0.5287170200868234,9fe0dcebea15f41dc9d6ddc7533858b3fcb94d1a4f6da321ce27a309a5e9c321,af46b12323b6d2170aa0d216c98be0d5a270c19d1fca89a28af1e221e610558c,geometry_alpha_0p200,0.2,,
geometry_alpha_0p200,alpha_blend,False,0.0680347409100856,0.5948078233751213,0.3678474114441417,0.7969303423848878,0.9343065693430657,3670,126,2091,1350,0.6915056589323483,0.5675039984618943,0.5287170200868234,9fe0dcebea15f41dc9d6ddc7533858b3fcb94d1a4f6da321ce27a309a5e9c321,916616381fd78b90aa6f351bf0777a803f327843326ea47faa41c51359a13cfb,geometry_alpha_0p200,0.2,,
geometry_alpha_0p200,alpha_blend,False,0.1,0.6466332952246445,0.43129647591335274,0.7874852420306966,0.9515119916579771,3093,93,1578,1334,0.6915056589323483,0.5675039984618943,0.5287170200868234,9fe0dcebea15f41dc9d6ddc7533858b3fcb94d1a4f6da321ce27a309a5e9c321,b37ca5b8cc9450b632cd08bcddb6e41745f182f81cf65f745b283209b5be7520,geometry_alpha_0p200,0.2,,
geometry_alpha_0p200,alpha_blend,False,0.15,0.7028471250152889,0.5172277227722772,0.7709563164108618,0.9635036496350365,2525,70,1081,1306,0.6915056589323483,0.5675039984618943,0.5287170200868234,9fe0dcebea15f41dc9d6ddc7533858b3fcb94d1a4f6da321ce27a309a5e9c321,e96632612c2c44528457e193b6f372d13c67c7e31e6e32ff565243ffef660892,geometry_alpha_0p200,0.2,,
geometry_alpha_0p200,alpha_blend,False,0.16005955454660978,0.7103511463864266,0.5312627707396812,0.7674144037780402,0.9635036496350365,2447,70,1012,1300,0.6915056589323483,0.5675039984618943,0.5287170200868234,9fe0dcebea15f41dc9d6ddc7533858b3fcb94d1a4f6da321ce27a309a5e9c321,4379ea5b0e6d22ad89ca5d32e930f6f2037f3d3390262c6885215feddf55eb32,geometry_alpha_0p200,0.2,,
geometry_alpha_0p200,alpha_blend,False,0.2,0.7302883113030529,0.5730387736699729,0.7502951593860685,0.9708029197080292,2218,56,837,1271,0.6915056589323483,0.5675039984618943,0.5287170200868234,9fe0dcebea15f41dc9d6ddc7533858b3fcb94d1a4f6da321ce27a309a5e9c321,75a723cc46ac3d1f11b4bd4a63a7db680a4493c5bc363fb7bc9c54294b35eec5,geometry_alpha_0p200,0.2,,
geometry_alpha_0p200,alpha_blend,False,0.25,0.7543506737131478,0.6273917421953675,0.7355371900826446,0.9770594369134515,1986,44,650,1246,0.6915056589323483,0.5675039984618943,0.5287170200868234,9fe0dcebea15f41dc9d6ddc7533858b3fcb94d1a4f6da321ce27a309a5e9c321,90aa239820bc1f0604715abd92811616aaf950605772ead4fcfac6b43da6ecc0,geometry_alpha_0p200,0.2,,
geometry_alpha_0p200,alpha_blend,False,0.3,0.7692059769989101,0.6709000552181116,0.7172373081463991,0.9848800834202294,1811,29,525,1215,0.6915056589323483,0.5675039984618943,0.5287170200868234,9fe0dcebea15f41dc9d6ddc7533858b3fcb94d1a4f6da321ce27a309a5e9c321,81cb372436ca22dcb9eb97881237e3c353a6473db2393549aae74b1d6d02ead5,geometry_alpha_0p200,0.2,,
geometry_alpha_0p200,alpha_blend,False,0.35,0.7800016292084112,0.7135102533172497,0.6983471074380165,0.9874869655891554,1658,24,416,1183,0.6915056589323483,0.5675039984618943,0.5287170200868234,9fe0dcebea15f41dc9d6ddc7533858b3fcb94d1a4f6da321ce27a309a5e9c321,c9d0f1e06e0dc0a1098c26616556e86e9fe8189f6df324ce46fec003a61c5bb5,geometry_alpha_0p200,0.2,,
geometry_alpha_0p200,alpha_blend,False,0.4,0.7886913695644947,0.7517868745938922,0.6829988193624558,0.9906152241918665,1539,18,338,1157,0.6915056589323483,0.5675039984618943,0.5287170200868234,9fe0dcebea15f41dc9d6ddc7533858b3fcb94d1a4f6da321ce27a309a5e9c321,d3742f4b2705009ad6519f5d0035e226cf5699d65cbcfb7b750f4fe78b4f0bac,geometry_alpha_0p200,0.2,,
geometry_alpha_0p200,alpha_blend,False,0.5,0.7844979096364035,0.8083018867924529,0.6322314049586777,0.9947862356621481,1325,10,222,1071,0.6915056589323483,0.5675039984618943,0.5287170200868234,9fe0dcebea15f41dc9d6ddc7533858b3fcb94d1a4f6da321ce27a309a5e9c321,b220ec2fccedb3a3ad7b7653eaba83360c6c93fd01755ce649da1c8f05fd1df8,geometry_alpha_0p200,0.2,,
geometry_alpha_0p200,alpha_blend,False,0.5488290394955238,0.7723566715324118,0.8276143790849673,0.5979929161747344,0.9963503649635036,1224,7,183,1013,0.6915056589323483,0.5675039984618943,0.5287170200868234,9fe0dcebea15f41dc9d6ddc7533858b3fcb94d1a4f6da321ce27a309a5e9c321,52e162f72cb053eeaeb5de1d84505c5a7557e67040c7877acf174adbf8072332,geometry_alpha_0p200,0.2,,
geometry_alpha_0p200,alpha_blend,False,0.6,0.7601606297164976,0.8563734290843806,0.5631641086186541,0.9968717413972888,1114,6,137,954,0.6915056589323483,0.5675039984618943,0.5287170200868234,9fe0dcebea15f41dc9d6ddc7533858b3fcb94d1a4f6da321ce27a309a5e9c321,80c4cb66d4b289dd6b191d008aad420544087a6e8bdb5877fe5dbb5e5c85047a,geometry_alpha_0p200,0.2,,
geometry_alpha_0p200,alpha_blend,False,0.7,0.7176946464253404,0.9028697571743929,0.48288075560802834,0.9984358706986444,906,3,76,818,0.6915056589323483,0.5675039984618943,0.5287170200868234,9fe0dcebea15f41dc9d6ddc7533858b3fcb94d1a4f6da321ce27a309a5e9c321,806006e59002c68011d6782145149a8d2474b690e6aa4102f245f92a1073261a,geometry_alpha_0p200,0.2,,
geometry_alpha_0p200,alpha_blend,False,0.8,0.6469473003738546,0.9520348837209303,0.38665879574970485,0.9994786235662148,688,1,27,655,0.6915056589323483,0.5675039984618943,0.5287170200868234,9fe0dcebea15f41dc9d6ddc7533858b3fcb94d1a4f6da321ce27a309a5e9c321,e10995097fe16d18134557151e6f1c9ac39105c57ba0348c6de4a02ce906a6bd,geometry_alpha_0p200,0.2,,
geometry_alpha_0p200,alpha_blend,False,0.8343912720726312,0.6086462592049572,0.9591503267973857,0.346517119244392,0.9994786235662148,612,1,19,587,0.6915056589323483,0.5675039984618943,0.5287170200868234,9fe0dcebea15f41dc9d6ddc7533858b3fcb94d1a4f6da321ce27a309a5e9c321,7bacdb24e08b5839f9c8c84d6f3cd0d037310ffe7af66da14d09330acfcd6a72,geometry_alpha_0p200,0.2,,
geometry_alpha_0p200,alpha_blend,False,0.9,0.45965770171149145,0.9791666666666666,0.22195985832349469,1.0,384,0,6,376,0.6915056589323483,0.5675039984618943,0.5287170200868234,9fe0dcebea15f41dc9d6ddc7533858b3fcb94d1a4f6da321ce27a309a5e9c321,6bf4ccec8c341bfaca8c39bafc234dde3a3bda46e97110551f59f997d62d57cf,geometry_alpha_0p200,0.2,,
geometry_alpha_0p200,alpha_blend,False,0.9841379482360942,0.001768867924528302,1.0,0.0005903187721369539,1.0,1,0,0,1,0.6915056589323483,0.5675039984618943,0.5287170200868234,9fe0dcebea15f41dc9d6ddc7533858b3fcb94d1a4f6da321ce27a309a5e9c321,5098974df0fb94e294f4e154de70961dd836b7c5b3e1940fcd1dc26a14016df3,geometry_alpha_0p200,0.2,,
geometry_alpha_0p400,alpha_blend,False,0.011735881145093994,0.3332065903493862,0.1539132330499237,0.833530106257379,0.7653806047966631,9174,450,6997,1412,0.691711740338587,0.5674208927781017,0.5287274124837097,7951ac97c54fc7d011f79933b8e40cae8608d7788463612e71f845a0acd5f93b,cc83368cfb7d0ef53418be278b9f6c9be2b3296866b3390ca47c1fda041a45b0,geometry_alpha_0p400,0.4,,
geometry_alpha_0p400,alpha_blend,False,0.03211827194298962,0.4419536826939831,0.2275997383911053,0.8217237308146399,0.8493222106360793,6116,289,4242,1392,0.691711740338587,0.5674208927781017,0.5287274124837097,7951ac97c54fc7d011f79933b8e40cae8608d7788463612e71f845a0acd5f93b,a697c460e90632f1f6632b6ae39ec9542f9936b773d3018eeafef335c92e16b1,geometry_alpha_0p400,0.4,,
geometry_alpha_0p400,alpha_blend,False,0.05,0.4961422453228414,0.27066196631414025,0.8158205430932703,0.8879040667361835,5106,215,3356,1382,0.691711740338587,0.5674208927781017,0.5287274124837097,7951ac97c54fc7d011f79933b8e40cae8608d7788463612e71f845a0acd5f93b,9cfc2803c1e396bf5c90e46942ea30c55892fe050c3efed7cd5d02ce766cf658,geometry_alpha_0p400,0.4,,
geometry_alpha_0p400,alpha_blend,False,0.1,0.584549279095824,0.3561643835616438,0.7981109799291618,0.9332638164754953,3796,128,2210,1352,0.691711740338587,0.5674208927781017,0.5287274124837097,7951ac97c54fc7d011f79933b8e40cae8608d7788463612e71f845a0acd5f93b,4e18722ff1df2dadbe25e1d529ea27f9dce71f4464f166a03d7229533192637d,geometry_alpha_0p400,0.4,,
geometry_alpha_0p400,alpha_blend,False,0.10872576782471444,0.594743373116573,0.3673024523160763,0.7957497048406139,0.9389989572471324,3670,117,2105,1348,0.691711740338587,0.5674208927781017,0.5287274124837097,7951ac97c54fc7d011f79933b8e40cae8608d7788463612e71f845a0acd5f93b,b97eaaf6fef2d331473bbaf981f254e7f38b9ff234e52d8a5ccacac92eb35a89,geometry_alpha_0p400,0.4,,
geometry_alpha_0p400,alpha_blend,False,0.15,0.6426068941513313,0.4247141041931385,0.7892561983471075,0.9551616266944734,3148,86,1639,1337,0.691711740338587,0.5674208927781017,0.5287274124837097,7951ac97c54fc7d011f79933b8e40cae8608d7788463612e71f845a0acd5f93b,ac86e6a480393cc1080b5bf0366dff954ec9f69ca75bce1006c5db5b56b54ea8,geometry_alpha_0p400,0.4,,
geometry_alpha_0p400,alpha_blend,False,0.2,0.6845457394025146,0.48632668144863267,0.7768595041322314,0.9624608967674662,2706,72,1246,1316,0.691711740338587,0.5674208927781017,0.5287274124837097,7951ac97c54fc7d011f79933b8e40cae8608d7788463612e71f845a0acd5f93b,afe0d707ff30d737a7fff31a025b9096ce045fdd5bbda1bd29d03c497ab686c2,geometry_alpha_0p400,0.4,,
geometry_alpha_0p400,alpha_blend,False,0.24081790267544462,0.7100906483716203,0.5304454434000817,0.7662337662337663,0.9666319082377477,2447,64,1024,1298,0.691711740338587,0.5674208927781017,0.5287274124837097,7951ac97c54fc7d011f79933b8e40cae8608d7788463612e71f845a0acd5f93b,7a2afc4fd21f5eb2b89187ab3714bb31d25a3c83d7e032d0c0725490c070a056,geometry_alpha_0p400,0.4,,
geometry_alpha_0p400,alpha_blend,False,0.25,0.7146823923056365,0.538909696213067,0.7644628099173554,0.9671532846715328,2403,63,985,1295,0.691711740338587,0.5674208927781017,0.5287274124837097,7951ac97c54fc7d011f79933b8e40cae8608d7788463612e71f845a0acd5f93b,84f2fa215bac1831731c624ab46ab5e6b5db53ae53640758e21918278873fe75,geometry_alpha_0p400,0.4,,
geometry_alpha_0p400,alpha_blend,False,0.3,0.7361758817790547,0.583793738489871,0.7485242030696576,0.9744525547445255,2172,49,802,1268,0.691711740338587,0.5674208927781017,0.5287274124837097,7951ac97c54fc7d011f79933b8e40cae8608d7788463612e71f845a0acd5f93b,3e01485591123b53a7f97639edbecb0a649ee8000a04a9e69f9c2f6da62825ed,geometry_alpha_0p400,0.4,,
geometry_alpha_0p400,alpha_blend,False,0.35,0.7553789981377602,0.6280241935483871,0.7355371900826446,0.9807090719499478,1984,37,656,1246,0.691711740338587,0.5674208927781017,0.5287274124837097,7951ac97c54fc7d011f79933b8e40cae8608d7788463612e71f845a0acd5f93b,c28b6b27dea4fb8c64b32f2c54bcd5c58b34ed556ba826a91a4e233d54f712b6,geometry_alpha_0p400,0.4,,
geometry_alpha_0p400,alpha_blend,False,0.4,0.7683389544688027,0.6686846450192625,0.7172373081463991,0.9854014598540146,1817,28,533,1215,0.691711740338587,0.5674208927781017,0.5287274124837097,7951ac97c54fc7d011f79933b8e40cae8608d7788463612e71f845a0acd5f93b,50cd5dbdee2e1914355fd0467d9500a4628b73dfff0a6438857ee6cbf6aabe8f,geometry_alpha_0p400,0.4,,
geometry_alpha_0p400,alpha_blend,False,0.5,0.7898439156268683,0.7525974025974026,0.6841794569067297,0.9921793534932221,1540,15,340,1159,0.691711740338587,0.5674208927781017,0.5287274124837097,7951ac97c54fc7d011f79933b8e40cae8608d7788463612e71f845a0acd5f93b,58bf024f91c0ed76a1b599e6ca0bf03842d64b1e4999ddb88aff9f055a82a753,geometry_alpha_0p400,0.4,,
geometry_alpha_0p400,alpha_blend,False,0.6,0.7863584163262233,0.8132118451025057,0.6322314049586777,0.9963503649635036,1317,7,217,1071,0.691711740338587,0.5674208927781017,0.5287274124837097,7951ac97c54fc7d011f79933b8e40cae8608d7788463612e71f845a0acd5f93b,80bae5b72e685276728589336e4e58c298c25602d7f82f9d9d7570a89a9a7aa5,geometry_alpha_0p400,0.4,,
geometry_alpha_0p400,alpha_blend,False,0.640287363130819,0.7717910945319033,0.826797385620915,0.5974025974025974,0.9963503649635036,1224,7,184,1012,0.691711740338587,0.5674208927781017,0.5287274124837097,7951ac97c54fc7d011f79933b8e40cae8608d7788463612e71f845a0acd5f93b,b7925ec0385572e8bcd2f046b72efd174876d2721ec27de869ff48cdb80a9bd5,geometry_alpha_0p400,0.4,,
geometry_alpha_0p400,alpha_blend,False,0.7,0.7542745448036092,0.8675373134328358,0.5489964580873672,0.9968717413972888,1072,6,120,930,0.691711740338587,0.5674208927781017,0.5287274124837097,7951ac97c54fc7d011f79933b8e40cae8608d7788463612e71f845a0acd5f93b,35371d2b7574c2c8cf50560b899f593ba34473dbc9cd2b3e45d97c4d8d5ec719,geometry_alpha_0p400,0.4,,
geometry_alpha_0p400,alpha_blend,False,0.8,0.6896679766514476,0.9245049504950495,0.4409681227863046,0.9994786235662148,808,1,53,747,0.691711740338587,0.5674208927781017,0.5287274124837097,7951ac97c54fc7d011f79933b8e40cae8608d7788463612e71f845a0acd5f93b,f7519cf47409f0e8790cab16a20966f9f9b15ad694e3218d703a0fdbfc424fe4,geometry_alpha_0p400,0.4,,
geometry_alpha_0p400,alpha_blend,False,0.870477426652165,0.6086462592049572,0.9591503267973857,0.346517119244392,0.9994786235662148,612,1,19,587,0.691711740338587,0.5674208927781017,0.5287274124837097,7951ac97c54fc7d011f79933b8e40cae8608d7788463612e71f845a0acd5f93b,0bc57922acb59b2bc16aa743ae52263cecf8f89e0d5ca83a24d502c4a6deb680,geometry_alpha_0p400,0.4,,
geometry_alpha_0p400,alpha_blend,False,0.9,0.5273348519362187,0.9706498951781971,0.2733175914994097,1.0,477,0,12,463,0.691711740338587,0.5674208927781017,0.5287274124837097,7951ac97c54fc7d011f79933b8e40cae8608d7788463612e71f845a0acd5f93b,8cc739e82bb5ce6f21f753ef884185173dc8ce5d9413dd3604bf934495b367e2,geometry_alpha_0p400,0.4,,
geometry_alpha_0p400,alpha_blend,False,0.9880708970253196,0.001768867924528302,1.0,0.0005903187721369539,1.0,1,0,0,1,0.691711740338587,0.5674208927781017,0.5287274124837097,7951ac97c54fc7d011f79933b8e40cae8608d7788463612e71f845a0acd5f93b,5098974df0fb94e294f4e154de70961dd836b7c5b3e1940fcd1dc26a14016df3,geometry_alpha_0p400,0.4,,
geometry_alpha_0p600,alpha_blend,False,0.015990899711949086,0.3333708041661012,0.1539132330499237,0.833530106257379,0.7679874869655892,9174,445,7010,1412,0.6907014331374948,0.5662794995686408,0.5274373914958789,6e2942e0c35daa66003f32822f9cd0dabc7e9e167750126c99949c70ddd1c1d7,efbe0551a1ccf5aeb205d950a7434a1af79988d499dd74e9aad4e2a2bd2571f9,geometry_alpha_0p600,0.6,,
geometry_alpha_0p600,alpha_blend,False,0.04455118271052852,0.4423752845245791,0.2275997383911053,0.8217237308146399,0.8540145985401459,6116,280,4258,1392,0.6907014331374948,0.5662794995686408,0.5274373914958789,6e2942e0c35daa66003f32822f9cd0dabc7e9e167750126c99949c70ddd1c1d7,8bf76149a43f931a017f799d3459c5ea751565ca4548b23da6385040d6bf0cc2,geometry_alpha_0p600,0.6,,
geometry_alpha_0p600,alpha_blend,False,0.05,0.45755455322479327,0.23900343642611685,0.8211334120425029,0.8660062565172054,5820,257,3998,1391,0.6907014331374948,0.5662794995686408,0.5274373914958789,6e2942e0c35daa66003f32822f9cd0dabc7e9e167750126c99949c70ddd1c1d7,b62ac3ce4f7d63586797ccbde0c45e6739319c45e1287d85a6f872a8654c090d,geometry_alpha_0p600,0.6,,
geometry_alpha_0p600,alpha_blend,False,0.1,0.5444360648205279,0.31443653890291484,0.8087367178276269,0.9144942648592284,4357,164,2703,1370,0.6907014331374948,0.5662794995686408,0.5274373914958789,6e2942e0c35daa66003f32822f9cd0dabc7e9e167750126c99949c70ddd1c1d7,500253c2c17991359eacc58bb65a3c0d765b15e2503acdbfd0297213477f3235,geometry_alpha_0p600,0.6,,
geometry_alpha_0p600,alpha_blend,False,0.14838844966876794,0.594952259478785,0.3673024523160763,0.7957497048406139,0.940563086548488,3670,114,2111,1348,0.6907014331374948,0.5662794995686408,0.5274373914958789,6e2942e0c35daa66003f32822f9cd0dabc7e9e167750126c99949c70ddd1c1d7,70552975775e4729158cfa894e461edb3fa0187202e3925d1f095aa92c6759ee,geometry_alpha_0p600,0.6,,
geometry_alpha_0p600,alpha_blend,False,0.15,0.5964076703132627,0.3688098495212038,0.7957497048406139,0.9416058394160584,3655,112,2099,1348,0.6907014331374948,0.5662794995686408,0.5274373914958789,6e2942e0c35daa66003f32822f9cd0dabc7e9e167750126c99949c70ddd1c1d7,a91b4b0907141741b80aa4b9e7df8035d2cb9e3e74512a89f6ed4b44951398d6,geometry_alpha_0p600,0.6,,
geometry_alpha_0p600,alpha_blend,False,0.2,0.6389701153888155,0.4192740926157697,0.7910271546635183,0.9562043795620438,3196,84,1688,1340,0.6907014331374948,0.5662794995686408,0.5274373914958789,6e2942e0c35daa66003f32822f9cd0dabc7e9e167750126c99949c70ddd1c1d7,ed1195353fdff0c5d0c4f90de2fb46379ff169ccb9dc3c71ec37ae78e8cb07b3,geometry_alpha_0p600,0.6,,
geometry_alpha_0p600,alpha_blend,False,0.25,0.6729482046762221,0.4675141242937853,0.781582054309327,0.9619395203336809,2832,73,1366,1324,0.6907014331374948,0.5662794995686408,0.5274373914958789,6e2942e0c35daa66003f32822f9cd0dabc7e9e167750126c99949c70ddd1c1d7,b2bbd735656dbd5f273e1be523a988a51787f75a4bd22029999ab3137b94cbdc,geometry_alpha_0p600,0.6,,
geometry_alpha_0p600,alpha_blend,False,0.3,0.7011956095648765,0.5137795275590551,0.7703659976387249,0.9671532846715328,2540,63,1107,1305,0.6907014331374948,0.5662794995686408,0.5274373914958789,6e2942e0c35daa66003f32822f9cd0dabc7e9e167750126c99949c70ddd1c1d7,0cb2d3109fbeb7918ea3155f57b6f3b35b15327de89888e0274f1695c9fc3cdf,geometry_alpha_0p600,0.6,,
geometry_alpha_0p600,alpha_blend,False,0.3225044703748029,0.71037166135807,0.5304454434000817,0.7662337662337663,0.9681960375391032,2447,61,1029,1298,0.6907014331374948,0.5662794995686408,0.5274373914958789,6e2942e0c35daa66003f32822f9cd0dabc7e9e167750126c99949c70ddd1c1d7,ad0c2e8a570a2f06c5559dc94b194c69d66389baa0eee6cfd51cc89d52f0763c,geometry_alpha_0p600,0.6,,
geometry_alpha_0p600,alpha_blend,False,0.35,0.7227636637236806,0.5540249677141628,0.7597402597402597,0.9713242961418144,2323,55,925,1287,0.6907014331374948,0.5662794995686408,0.5274373914958789,6e2942e0c35daa66003f32822f9cd0dabc7e9e167750126c99949c70ddd1c1d7,1e3125195421c2787ff6b854f856b8317ec1d731069fd513d23f19f03900b1f2,geometry_alpha_0p600,0.6,,
geometry_alpha_0p600,alpha_blend,False,0.4,0.7400176608679561,0.5902939804013065,0.7467532467532467,0.9796663190823774,2143,39,787,1265,0.6907014331374948,0.5662794995686408,0.5274373914958789,6e2942e0c35daa66003f32822f9cd0dabc7e9e167750126c99949c70ddd1c1d7,4618e2d73d1ae705fd89553c68a1337eef940874f6f1ec49f2cbcdcb469070f1,geometry_alpha_0p600,0.6,,
geometry_alpha_0p600,alpha_blend,False,0.5,0.7684788613568103,0.6664844177145981,0.7195985832349469,0.986444212721585,1829,26,546,1219,0.6907014331374948,0.5662794995686408,0.5274373914958789,6e2942e0c35daa66003f32822f9cd0dabc7e9e167750126c99949c70ddd1c1d7,8b5476115c4030360106d4d64b96ce0bc0e185061cc9a7615ae42d6056d6c6c1,geometry_alpha_0p600,0.6,,
geometry_alpha_0p600,alpha_blend,False,0.6,0.7904095874364298,0.7512919896640827,0.6865407319952774,0.9921793534932221,1548,15,342,1163,0.6907014331374948,0.5662794995686408,0.5274373914958789,6e2942e0c35daa66003f32822f9cd0dabc7e9e167750126c99949c70ddd1c1d7,1a838b833c3f0a26d072e6d886eb16044bf48c1a279ebe93497ae4c57e5491a2,geometry_alpha_0p600,0.6,,
geometry_alpha_0p600,alpha_blend,False,0.7,0.7859248640170374,0.8157492354740061,0.6298701298701299,0.9963503649635036,1308,7,213,1067,0.6907014331374948,0.5662794995686408,0.5274373914958789,6e2942e0c35daa66003f32822f9cd0dabc7e9e167750126c99949c70ddd1c1d7,7eb9579c7c1541200cadf625872fdee47d6e4053f91b43a1c28ff6e78cafab74,geometry_alpha_0p600,0.6,,
geometry_alpha_0p600,alpha_blend,False,0.732307371229621,0.7724610649880685,0.8276143790849673,0.5979929161747344,0.9968717413972888,1224,6,184,1013,0.6907014331374948,0.5662794995686408,0.5274373914958789,6e2942e0c35daa66003f32822f9cd0dabc7e9e167750126c99949c70ddd1c1d7,7efa323d7d2768c2539c91333655c4ee59da6a73adfde1dc7a79cbd6023244b8,geometry_alpha_0p600,0.6,,
geometry_alpha_0p600,alpha_blend,False,0.8,0.7402889712601566,0.8813559322033898,0.5218417945690673,0.9984358706986444,1003,3,102,884,0.6907014331374948,0.5662794995686408,0.5274373914958789,6e2942e0c35daa66003f32822f9cd0dabc7e9e167750126c99949c70ddd1c1d7,2a67d6dbc9136bab8690a235fc7c8c37b0c9ba9ed5040a1a2cff05898187a23c,geometry_alpha_0p600,0.6,,
geometry_alpha_0p600,alpha_blend,False,0.9,0.6274618977765138,0.9538461538461539,0.3659976387249115,0.9994786235662148,650,1,24,620,0.6907014331374948,0.5662794995686408,0.5274373914958789,6e2942e0c35daa66003f32822f9cd0dabc7e9e167750126c99949c70ddd1c1d7,68691ecbeffb02ac64ac578737944027698aed01ee8f4eb6a6770d30e4c71ad0,geometry_alpha_0p600,0.6,,
geometry_alpha_0p600,alpha_blend,False,0.9077551326399068,0.6094723762910511,0.9607843137254902,0.34710743801652894,0.9994786235662148,612,1,19,588,0.6907014331374948,0.5662794995686408,0.5274373914958789,6e2942e0c35daa66003f32822f9cd0dabc7e9e167750126c99949c70ddd1c1d7,e62fa0603504a7d9c5326170f584862019d6169244376b364b91b865e29b49a9,geometry_alpha_0p600,0.6,,
geometry_alpha_0p600,alpha_blend,False,0.992003845814545,0.001768867924528302,1.0,0.0005903187721369539,1.0,1,0,0,1,0.6907014331374948,0.5662794995686408,0.5274373914958789,6e2942e0c35daa66003f32822f9cd0dabc7e9e167750126c99949c70ddd1c1d7,5098974df0fb94e294f4e154de70961dd836b7c5b3e1940fcd1dc26a14016df3,geometry_alpha_0p600,0.6,,
geometry_alpha_0p800,alpha_blend,False,0.020067325001368194,0.3334688755641252,0.1539132330499237,0.833530106257379,0.7695516162669447,9174,442,7020,1412,0.6880909437596596,0.5644488521499188,0.5258922681148842,949432f3cd2046eaba6261e07af24196f8bff65c72c006384881677c112ce9e6,b4a3bd892f9ce6d0519856de513b28efdb9e044389e0e030859f8cf2d670e57f,geometry_alpha_0p800,0.8,,
geometry_alpha_0p800,alpha_blend,False,0.05,0.42678747661287403,0.21565297931460328,0.8246753246753247,0.8477580813347236,6478,292,4597,1397,0.6880909437596596,0.5644488521499188,0.5258922681148842,949432f3cd2046eaba6261e07af24196f8bff65c72c006384881677c112ce9e6,95c70d88e69b63b8c81cc32572831e7760bf3372dd3923d05f96216a647e346e,geometry_alpha_0p800,0.8,,
geometry_alpha_0p800,alpha_blend,False,0.05670519946710177,0.4425614352406073,0.2275997383911053,0.8217237308146399,0.8561001042752867,6116,276,4269,1392,0.6880909437596596,0.5644488521499188,0.5258922681148842,949432f3cd2046eaba6261e07af24196f8bff65c72c006384881677c112ce9e6,041e13c702cb08f2ed278163fc85477f2a183fe35058697c6c24dcd3879e5889,geometry_alpha_0p800,0.8,,
geometry_alpha_0p800,alpha_blend,False,0.1,0.513460709333354,0.28550694588430436,0.8128689492325856,0.9009384775808134,4823,190,3124,1377,0.6880909437596596,0.5644488521499188,0.5258922681148842,949432f3cd2046eaba6261e07af24196f8bff65c72c006384881677c112ce9e6,e8e4d8293a2b5b29e384d10e4b46e493651c23ec44fb10d127f1aad99eb73ee3,geometry_alpha_0p800,0.8,,
geometry_alpha_0p800,alpha_blend,False,0.15,0.5651735661632559,0.33555720286632074,0.8016528925619835,0.9254431699687174,4047,143,2439,1358,0.6880909437596596,0.5644488521499188,0.5258922681148842,949432f3cd2046eaba6261e07af24196f8bff65c72c006384881677c112ce9e6,9f13bd45b06f6e8427498a00c2c146fd1f8bff0cd83240cb6cb592e2f798506d,geometry_alpha_0p800,0.8,,
geometry_alpha_0p800,alpha_blend,False,0.1880611827823052,0.5952299232731575,0.3673024523160763,0.7957497048406139,0.9426485922836287,3670,110,2115,1348,0.6880909437596596,0.5644488521499188,0.5258922681148842,949432f3cd2046eaba6261e07af24196f8bff65c72c006384881677c112ce9e6,1cb59f987bdfcd7abba2d6dc0e247bf3b30586617dd37e89881bacc87862cb3f,geometry_alpha_0p800,0.8,,
geometry_alpha_0p800,alpha_blend,False,0.2,0.6055150427885561,0.37868990722518975,0.795159386068477,0.9468196037539103,3557,102,2018,1347,0.6880909437596596,0.5644488521499188,0.5258922681148842,949432f3cd2046eaba6261e07af24196f8bff65c72c006384881677c112ce9e6,f65f45530dd4bd3ecd5ae9002f4da584c38ffd646f681b2fa1883e2269aad3d7,geometry_alpha_0p800,0.8,,
geometry_alpha_0p800,alpha_blend,False,0.25,0.6381161503726871,0.4184375,0.7904368358913814,0.9556830031282586,3200,85,1697,1339,0.6880909437596596,0.5644488521499188,0.5258922681148842,949432f3cd2046eaba6261e07af24196f8bff65c72c006384881677c112ce9e6,af615210161c3e555c69319541551e1a4eceaf5a8e5735ccf8bc8db55a38df01,geometry_alpha_0p800,0.8,,
geometry_alpha_0p800,alpha_blend,False,0.3,0.6665826434866812,0.45790200138026227,0.7833530106257379,0.9614181438998958,2898,74,1429,1327,0.6880909437596596,0.5644488521499188,0.5258922681148842,949432f3cd2046eaba6261e07af24196f8bff65c72c006384881677c112ce9e6,20c84fcdb06d0f857c29761b6f485ffe7df8c049870a6feda59efeb1dba07e2d,geometry_alpha_0p800,0.8,,
geometry_alpha_0p800,alpha_blend,False,0.35,0.6902946330312778,0.49546142208774585,0.7733175914994097,0.9666319082377477,2644,64,1204,1310,0.6880909437596596,0.5644488521499188,0.5258922681148842,949432f3cd2046eaba6261e07af24196f8bff65c72c006384881677c112ce9e6,1c18c29b5ea165bf41ba48ee03289658ce56d37070e6950ab4d272070743b5fb,geometry_alpha_0p800,0.8,,
geometry_alpha_0p800,alpha_blend,False,0.4,0.7111470622510746,0.5303957568339454,0.7674144037780402,0.9708029197080292,2451,56,1035,1300,0.6880909437596596,0.5644488521499188,0.5258922681148842,949432f3cd2046eaba6261e07af24196f8bff65c72c006384881677c112ce9e6,d745b62dad07d423c97f0254688325899b68ea86b5fcea8ba4289d76d7e19b89,geometry_alpha_0p800,0.8,,
geometry_alpha_0p800,alpha_blend,False,0.4010281958506116,0.7108384952077949,0.5304454434000817,0.7662337662337663,0.9708029197080292,2447,56,1033,1298,0.6880909437596596,0.5644488521499188,0.5258922681148842,949432f3cd2046eaba6261e07af24196f8bff65c72c006384881677c112ce9e6,1789e3b3634470444d89bc3dfb3d8fee13cc8a30bee0a95064e4102a1a069cee,geometry_alpha_0p800,0.8,,
geometry_alpha_0p800,alpha_blend,False,0.5,0.7413069959808306,0.594059405940594,0.743801652892562,0.9812304483837331,2121,36,774,1260,0.6880909437596596,0.5644488521499188,0.5258922681148842,949432f3cd2046eaba6261e07af24196f8bff65c72c006384881677c112ce9e6,f5d9dc5da189ce029f7511000ba14c15edba72261fdf7def870ddc156fbe1f63,geometry_alpha_0p800,0.8,,
geometry_alpha_0p800,alpha_blend,False,0.6,0.7676876207236604,0.6632265073329712,0.7207792207792207,0.9874869655891554,1841,24,559,1221,0.6880909437596596,0.5644488521499188,0.5258922681148842,949432f3cd2046eaba6261e07af24196f8bff65c72c006384881677c112ce9e6,bcfe9a2b70984d953c40a2c5a716e4a4bf0fdf80c93f4753b1ffbea7e371fe00,geometry_alpha_0p800,0.8,,
geometry_alpha_0p800,alpha_blend,False,0.7,0.7871975842264196,0.7415658816040739,0.6877213695395513,0.9916579770594369,1571,16,360,1165,0.6880909437596596,0.5644488521499188,0.5258922681148842,949432f3cd2046eaba6261e07af24196f8bff65c72c006384881677c112ce9e6,506bb7999686ca89579e854ac768a3018d434d094b12ae14e454cb863f7d22f8,geometry_alpha_0p800,0.8,,
geometry_alpha_0p800,alpha_blend,False,0.8,0.7855463912184246,0.8188126445643793,0.6269185360094451,0.997393117831074,1297,5,210,1062,0.6880909437596596,0.5644488521499188,0.5258922681148842,949432f3cd2046eaba6261e07af24196f8bff65c72c006384881677c112ce9e6,8488d0f4645a6eb5cd11a861fa01d0ea07000276cc145fd0ebcf4a6c0c7df84c,geometry_alpha_0p800,0.8,,
geometry_alpha_0p800,alpha_blend,False,0.8237282710046515,0.7759546244873002,0.8325163398692811,0.601534828807556,0.997393117831074,1224,5,180,1019,0.6880909437596596,0.5644488521499188,0.5258922681148842,949432f3cd2046eaba6261e07af24196f8bff65c72c006384881677c112ce9e6,41c42cbfde7b12d5c2073c3d48b73a73e96c829b537d06b0ea25f899c9a69774,geometry_alpha_0p800,0.8,,
geometry_alpha_0p800,alpha_blend,False,0.9,0.7113253721104684,0.9051918735891648,0.4734356552538371,0.9994786235662148,886,1,75,802,0.6880909437596596,0.5644488521499188,0.5258922681148842,949432f3cd2046eaba6261e07af24196f8bff65c72c006384881677c112ce9e6,e8850be9b4815374f23294b641f94225410dfb584366a004f2525e510b072d62,geometry_alpha_0p800,0.8,,
geometry_alpha_0p800,alpha_blend,False,0.9461779835221155,0.6102979224201053,0.9624183006535948,0.3476977567886659,0.9994786235662148,612,1,19,589,0.6880909437596596,0.5644488521499188,0.5258922681148842,949432f3cd2046eaba6261e07af24196f8bff65c72c006384881677c112ce9e6,393822fbee5f4acd0afccb8aafa0c4b0bd75260b451b3bb45e65fa6b6f2b7961,geometry_alpha_0p800,0.8,,
geometry_alpha_0p800,alpha_blend,False,0.9959367946037705,0.001768867924528302,1.0,0.0005903187721369539,1.0,1,0,0,1,0.6880909437596596,0.5644488521499188,0.5258922681148842,949432f3cd2046eaba6261e07af24196f8bff65c72c006384881677c112ce9e6,5098974df0fb94e294f4e154de70961dd836b7c5b3e1940fcd1dc26a14016df3,geometry_alpha_0p800,0.8,,
geometry_alpha_1p000,alpha_blend,False,0.024117069155710616,0.333761053898946,0.1539132330499237,0.833530106257379,0.7742440041710115,9174,433,7031,1412,0.6837783844308498,0.5593596355507356,0.5195691914105509,1f5b99d0dc1006181e3f0e3d1b98c2c25d493f7f3fb80f6bcfe30ab2a38e2ec9,dcfa829b9de40926f542732ebdf977a03d1cbc30f8415a28e545ba2c00138455,geometry_risk_score,1.0,,
geometry_alpha_1p000,alpha_blend,False,0.05,0.402593837787723,0.19835647492207426,0.8264462809917356,0.8331595411887383,7058,320,5118,1400,0.6837783844308498,0.5593596355507356,0.5195691914105509,1f5b99d0dc1006181e3f0e3d1b98c2c25d493f7f3fb80f6bcfe30ab2a38e2ec9,c0a9a896559008b254ee7b08d0ab1f3cf65cc0c6cfaa5003bcdb54a2a433f1c1,geometry_risk_score,1.0,,
geometry_alpha_1p000,alpha_blend,False,0.068892573686963,0.4429314937251371,0.2275997383911053,0.8217237308146399,0.8602711157455682,6116,268,4276,1392,0.6837783844308498,0.5593596355507356,0.5195691914105509,1f5b99d0dc1006181e3f0e3d1b98c2c25d493f7f3fb80f6bcfe30ab2a38e2ec9,5918fcb1859e4ec9cdcefbb2e0dd734ba1afb76b851449497adcd07ed0504fdb,geometry_risk_score,1.0,,
geometry_alpha_1p000,alpha_blend,False,0.1,0.4887362604409481,0.26379079977094866,0.8158205430932703,0.8915537017726799,5239,208,3502,1382,0.6837783844308498,0.5593596355507356,0.5195691914105509,1f5b99d0dc1006181e3f0e3d1b98c2c25d493f7f3fb80f6bcfe30ab2a38e2ec9,8576b582007981812ef64cf71332ce885616c17703a20018c60bec0b12ee5f99,geometry_risk_score,1.0,,
geometry_alpha_1p000,alpha_blend,False,0.15,0.5405330566698613,0.31048570131638675,0.807556080283353,0.9165797705943691,4406,160,2757,1368,0.6837783844308498,0.5593596355507356,0.5195691914105509,1f5b99d0dc1006181e3f0e3d1b98c2c25d493f7f3fb80f6bcfe30ab2a38e2ec9,26f2894d7d46f693139ee82cc355149356728b22e858931f1cbed138b605ba01,geometry_risk_score,1.0,,
geometry_alpha_1p000,alpha_blend,False,0.2,0.5781216295251925,0.34869945918104556,0.7992916174734357,0.9343065693430657,3883,126,2301,1354,0.6837783844308498,0.5593596355507356,0.5195691914105509,1f5b99d0dc1006181e3f0e3d1b98c2c25d493f7f3fb80f6bcfe30ab2a38e2ec9,930f2c976235e09d8f57efa69524c85f2029cfccaeda4ca03dec7b2632f8cd2a,geometry_risk_score,1.0,,
geometry_alpha_1p000,alpha_blend,False,0.22719971370322448,0.595437535387134,0.3673024523160763,0.7957497048406139,0.9442127215849844,3670,107,2122,1348,0.6837783844308498,0.5593596355507356,0.5195691914105509,1f5b99d0dc1006181e3f0e3d1b98c2c25d493f7f3fb80f6bcfe30ab2a38e2ec9,9ac6a55dda619f359ab4312ee1c79648aa7a748a2dea789ecf34978384c803a6,geometry_risk_score,1.0,,
geometry_alpha_1p000,alpha_blend,False,0.25,0.6099258477776409,0.38369441277080957,0.79456906729634,0.948905109489051,3508,98,1978,1346,0.6837783844308498,0.5593596355507356,0.5195691914105509,1f5b99d0dc1006181e3f0e3d1b98c2c25d493f7f3fb80f6bcfe30ab2a38e2ec9,21bf7a87b5693fbfbf375007b6e0c25e1fdb09aa6b97902b670cc7b2ceeddb21,geometry_risk_score,1.0,,
geometry_alpha_1p000,alpha_blend,False,0.3,0.635883107233739,0.41599253266957065,0.7892561983471075,0.9551616266944734,3214,86,1715,1337,0.6837783844308498,0.5593596355507356,0.5195691914105509,1f5b99d0dc1006181e3f0e3d1b98c2c25d493f7f3fb80f6bcfe30ab2a38e2ec9,f805efbe0e4e63899980bdcdf302efcdc3a7db3463586cc0d7576cc2d490c14e,geometry_risk_score,1.0,,
geometry_alpha_1p000,alpha_blend,False,0.35,0.6617047667131163,0.4502706359945873,0.7857142857142857,0.9614181438998958,2956,74,1482,1331,0.6837783844308498,0.5593596355507356,0.5195691914105509,1f5b99d0dc1006181e3f0e3d1b98c2c25d493f7f3fb80f6bcfe30ab2a38e2ec9,c09d4bc66ceb1f81010942fa70cb4d5645180a1af5487886b37082055e26f855,geometry_risk_score,1.0,,
geometry_alpha_1p000,alpha_blend,False,0.4,0.6817905362381647,0.48152213684595685,0.7768595041322314,0.9650677789363921,2733,67,1284,1316,0.6837783844308498,0.5593596355507356,0.5195691914105509,1f5b99d0dc1006181e3f0e3d1b98c2c25d493f7f3fb80f6bcfe30ab2a38e2ec9,122eb2124f7613bc7734017d4ce4688598f1cf5db3eeda328e76c57fcad0a6c1,geometry_risk_score,1.0,,
geometry_alpha_1p000,alpha_blend,False,0.48116431953571204,0.710888840894997,0.530036779730282,0.7656434474616293,0.9734098018769551,2447,51,1040,1297,0.6837783844308498,0.5593596355507356,0.5195691914105509,1f5b99d0dc1006181e3f0e3d1b98c2c25d493f7f3fb80f6bcfe30ab2a38e2ec9,48e2c4042f513f14f6eaf4148fc583a9d07ffc53eae31564f31f439e5cc3659d,geometry_risk_score,1.0,,
geometry_alpha_1p000,alpha_blend,False,0.5,0.7180238547063872,0.5423302598491199,0.7638724911452184,0.9754953076120959,2386,47,989,1294,0.6837783844308498,0.5593596355507356,0.5195691914105509,1f5b99d0dc1006181e3f0e3d1b98c2c25d493f7f3fb80f6bcfe30ab2a38e2ec9,80e4898ba66d7312e2004c9178c59099ca710f0fef2783a159f4f580216c7a38,geometry_risk_score,1.0,,
geometry_alpha_1p000,alpha_blend,False,0.6,0.7413777175586623,0.5966666666666667,0.7396694214876033,0.9817518248175182,2100,35,764,1253,0.6837783844308498,0.5593596355507356,0.5195691914105509,1f5b99d0dc1006181e3f0e3d1b98c2c25d493f7f3fb80f6bcfe30ab2a38e2ec9,156baa62f475a17cfd33409c17ed08566e63f315b4bcb28858501dd5e2a4f2c9,geometry_risk_score,1.0,,
geometry_alpha_1p000,alpha_blend,False,0.7,0.7650955340598156,0.658207343412527,0.7195985832349469,0.9880083420229405,1852,23,572,1219,0.6837783844308498,0.5593596355507356,0.5195691914105509,1f5b99d0dc1006181e3f0e3d1b98c2c25d493f7f3fb80f6bcfe30ab2a38e2ec9,af3a67178e16d0f0ebede3432de3c3845e17771606fa9b2fb34f034fdd421ece,geometry_risk_score,1.0,,
geometry_alpha_1p000,alpha_blend,False,0.8,0.7818472090072387,0.7272159800249688,0.6877213695395513,0.9921793534932221,1602,15,392,1165,0.6837783844308498,0.5593596355507356,0.5195691914105509,1f5b99d0dc1006181e3f0e3d1b98c2c25d493f7f3fb80f6bcfe30ab2a38e2ec9,8a9cce89caed71e1dd9f5e467dbcb81011de193ad3a1c29b20fd2eddabdc1db9,geometry_risk_score,1.0,,
geometry_alpha_1p000,alpha_blend,False,0.9,0.7823129375002266,0.8170542635658915,0.6221959858323495,0.9963503649635036,1290,7,209,1054,0.6837783844308498,0.5593596355507356,0.5195691914105509,1f5b99d0dc1006181e3f0e3d1b98c2c25d493f7f3fb80f6bcfe30ab2a38e2ec9,a6fb9e1c935e16bec3d3433804d2e65f1ccd1fa06762080b34c3fa4b7605e091,geometry_risk_score,1.0,,
geometry_alpha_1p000,alpha_blend,False,0.9158598513218462,0.7756003784367443,0.8316993464052288,0.6009445100354192,0.9984358706986444,1224,3,184,1018,0.6837783844308498,0.5593596355507356,0.5195691914105509,1f5b99d0dc1006181e3f0e3d1b98c2c25d493f7f3fb80f6bcfe30ab2a38e2ec9,f873bbae9719c6405a85b4e638a8c68321d06094fd063f49512e0ffdf13b0446,geometry_risk_score,1.0,,
geometry_alpha_1p000,alpha_blend,False,0.9838809808375358,0.6102979224201053,0.9624183006535948,0.3476977567886659,0.9994786235662148,612,1,19,589,0.6837783844308498,0.5593596355507356,0.5195691914105509,1f5b99d0dc1006181e3f0e3d1b98c2c25d493f7f3fb80f6bcfe30ab2a38e2ec9,668b2dbe4ae9eb60c75b5a04e01770af6247a9342efff8b685de17d7c420d654,geometry_risk_score,1.0,,
geometry_alpha_1p000,alpha_blend,False,0.999869743392996,0.001768867924528302,1.0,0.0005903187721369539,1.0,1,0,0,1,0.6837783844308498,0.5593596355507356,0.5195691914105509,1f5b99d0dc1006181e3f0e3d1b98c2c25d493f7f3fb80f6bcfe30ab2a38e2ec9,5098974df0fb94e294f4e154de70961dd836b7c5b3e1940fcd1dc26a14016df3,geometry_risk_score,1.0,,
class_reliability_gamma_0p250,class_scaled_raw,True,0.0019094226150997615,0.33180303485362045,0.15347721822541965,0.8311688311688312,0.7559958289885297,9174,468,6915,1408,0.6922885428849208,0.5676620864857058,0.5293559964411817,e2fbb6eac18968c3622fa8990c25a01673b4c96e16ceeb46d3a0de74773777ae,7ecef8893336b09b6bb1c2f5d06d2c42dc6fab87c5c81b2e8642ae29eddeba66,class_reliability_gamma_0p250,,0.25,
class_reliability_gamma_0p250,class_scaled_raw,True,0.005816032853302953,0.43897384185718485,0.22678221059516024,0.8187721369539551,0.8310740354535975,6116,324,4153,1387,0.6922885428849208,0.5676620864857058,0.5293559964411817,e2fbb6eac18968c3622fa8990c25a01673b4c96e16ceeb46d3a0de74773777ae,6b091c83dac364e64c09586d51b8c0e7aa2d379ec6f21b0936e53744c7975317,class_reliability_gamma_0p250,,0.25,
class_reliability_gamma_0p250,class_scaled_raw,True,0.025206325274641537,0.5927541315361347,0.367574931880109,0.7963400236127509,0.921793534932221,3670,150,2044,1349,0.6922885428849208,0.5676620864857058,0.5293559964411817,e2fbb6eac18968c3622fa8990c25a01673b4c96e16ceeb46d3a0de74773777ae,eed71f8f70ede92a874db31300c5c1c1e0b56e16b3f35066cf9cad8dab406131,class_reliability_gamma_0p250,,0.25,
class_reliability_gamma_0p250,class_scaled_raw,True,0.05,0.6698694810806782,0.46629015178256267,0.7798110979929161,0.9509906152241918,2833,94,1332,1321,0.6922885428849208,0.5676620864857058,0.5293559964411817,e2fbb6eac18968c3622fa8990c25a01673b4c96e16ceeb46d3a0de74773777ae,12378b7928da85b33559274e37d3c76e78e2bb648ec255a8ffca783c91c8eab9,class_reliability_gamma_0p250,,0.25,
class_reliability_gamma_0p250,class_scaled_raw,True,0.0754775910512728,0.7078519837636312,0.5296281160604822,0.7650531286894924,0.9588112617309698,2447,79,1002,1296,0.6922885428849208,0.5676620864857058,0.5293559964411817,e2fbb6eac18968c3622fa8990c25a01673b4c96e16ceeb46d3a0de74773777ae,5500258e232d58cb61c86523999f8e4424ec05236f402d6446aea2b46616931b,class_reliability_gamma_0p250,,0.25,
class_reliability_gamma_0p250,class_scaled_raw,True,0.1,0.728087774139446,0.5709793351302785,0.7502951593860685,0.9650677789363921,2226,67,825,1271,0.6922885428849208,0.5676620864857058,0.5293559964411817,e2fbb6eac18968c3622fa8990c25a01673b4c96e16ceeb46d3a0de74773777ae,bf7c71eb505cca39ef23ec4c6f093bd17c2c1f7ab0c850cc18f97f86ea191237,class_reliability_gamma_0p250,,0.25,
class_reliability_gamma_0p250,class_scaled_raw,True,0.15,0.7560641729652984,0.6351490236382322,0.7296340023612751,0.9775808133472367,1946,43,619,1236,0.6922885428849208,0.5676620864857058,0.5293559964411817,e2fbb6eac18968c3622fa8990c25a01673b4c96e16ceeb46d3a0de74773777ae,6122d79569b0ec4f08d218d17cb9593c51e86d5f398039c663812e253d7388e9,class_reliability_gamma_0p250,,0.25,
class_reliability_gamma_0p250,class_scaled_raw,True,0.2,0.7736117845099503,0.6871794871794872,0.7119244391971665,0.9822732012513035,1755,34,477,1206,0.6922885428849208,0.5676620864857058,0.5293559964411817,e2fbb6eac18968c3622fa8990c25a01673b4c96e16ceeb46d3a0de74773777ae,e47ff433be59c892123a4131e7a1c057e75b909c1ca57cf195c802e23071a588,class_reliability_gamma_0p250,,0.25,
class_reliability_gamma_0p250,class_scaled_raw,True,0.25,0.7831508487815518,0.7310819262038775,0.6900826446280992,0.986444212721585,1599,26,374,1169,0.6922885428849208,0.5676620864857058,0.5293559964411817,e2fbb6eac18968c3622fa8990c25a01673b4c96e16ceeb46d3a0de74773777ae,7c86b071b725e7590a0e06948758543430034646a93be190a8ad10d528ced95a,class_reliability_gamma_0p250,,0.25,
class_reliability_gamma_0p250,class_scaled_raw,True,0.3,0.7863803338061987,0.7634770889487871,0.6688311688311688,0.9900938477580813,1484,19,309,1133,0.6922885428849208,0.5676620864857058,0.5293559964411817,e2fbb6eac18968c3622fa8990c25a01673b4c96e16ceeb46d3a0de74773777ae,dd12b91124a9989205dc2f9f704c0696321ce2565f0a664282df49a808d96559,class_reliability_gamma_0p250,,0.25,
class_reliability_gamma_0p250,class_scaled_raw,True,0.35,0.7886938624447569,0.8002926115581566,0.6458087367178277,0.9942648592283628,1367,11,238,1094,0.6922885428849208,0.5676620864857058,0.5293559964411817,e2fbb6eac18968c3622fa8990c25a01673b4c96e16ceeb46d3a0de74773777ae,bbadd35daf26bcdae0f0748da84152e0af30f98af9027a8d0b837518e8271ae3,class_reliability_gamma_0p250,,0.25,
class_reliability_gamma_0p250,class_scaled_raw,True,0.4,0.7804666084257255,0.8202511773940345,0.6168831168831169,0.9963503649635036,1274,7,199,1045,0.6922885428849208,0.5676620864857058,0.5293559964411817,e2fbb6eac18968c3622fa8990c25a01673b4c96e16ceeb46d3a0de74773777ae,f3bb906021faf5e12d484cafe06002987fac90176595a5d08a3e2a8fba80c132,class_reliability_gamma_0p250,,0.25,
class_reliability_gamma_0p250,class_scaled_raw,True,0.4254240976284375,0.7706590742662719,0.8251633986928104,0.5962219598583235,0.9963503649635036,1224,7,185,1010,0.6922885428849208,0.5676620864857058,0.5293559964411817,e2fbb6eac18968c3622fa8990c25a01673b4c96e16ceeb46d3a0de74773777ae,e1beea3bf47ac007dc82c58d5c983805e4eaa7762f3908d44d12366ed49e9c60,class_reliability_gamma_0p250,,0.25,
class_reliability_gamma_0p250,class_scaled_raw,True,0.5,0.7526467246870181,0.8611111111111112,0.5489964580873672,0.9968717413972888,1080,6,127,930,0.6922885428849208,0.5676620864857058,0.5293559964411817,e2fbb6eac18968c3622fa8990c25a01673b4c96e16ceeb46d3a0de74773777ae,a4a5fc7f79b7079fef5c5f0d823594626a4e31a6645026ce385523e121bbc5b2,class_reliability_gamma_0p250,,0.25,
class_reliability_gamma_0p250,class_scaled_raw,True,0.6,0.713439334881636,0.9047085201793722,0.47638724911452185,0.9994786235662148,892,1,76,807,0.6922885428849208,0.5676620864857058,0.5293559964411817,e2fbb6eac18968c3622fa8990c25a01673b4c96e16ceeb46d3a0de74773777ae,2f1e777dfbed3ab4edea00b18f7aa17d1c70f25f916898584dc52263d1b7faf0,class_reliability_gamma_0p250,,0.25,
class_reliability_gamma_0p250,class_scaled_raw,True,0.7,0.645895153313551,0.9518950437317785,0.3854781582054309,1.0,686,0,28,653,0.6922885428849208,0.5676620864857058,0.5293559964411817,e2fbb6eac18968c3622fa8990c25a01673b4c96e16ceeb46d3a0de74773777ae,79dd2ad9e6cd435b04aa7c1e0b754607211da3af80d01c844438ff9d334517fd,class_reliability_gamma_0p250,,0.25,
class_reliability_gamma_0p250,class_scaled_raw,True,0.7441671956302658,0.6070563818747838,0.9558823529411765,0.34533648170011805,1.0,612,0,22,585,0.6922885428849208,0.5676620864857058,0.5293559964411817,e2fbb6eac18968c3622fa8990c25a01673b4c96e16ceeb46d3a0de74773777ae,e6d18260812e03e98c5d45061d9168ce2f942783c59097dcb4b1b3207e26aca4,class_reliability_gamma_0p250,,0.25,
class_reliability_gamma_0p250,class_scaled_raw,True,0.8,0.507745933384973,0.9689578713968958,0.2579693034238489,1.0,451,0,12,437,0.6922885428849208,0.5676620864857058,0.5293559964411817,e2fbb6eac18968c3622fa8990c25a01673b4c96e16ceeb46d3a0de74773777ae,5eb6a402f8729aa86580b57965ee3049cfbb40047eecf70067ff8e2e5a7cfaf6,class_reliability_gamma_0p250,,0.25,
class_reliability_gamma_0p250,class_scaled_raw,True,0.9,0.1777546777546777,0.9827586206896551,0.06729634002361275,1.0,116,0,2,114,0.6922885428849208,0.5676620864857058,0.5293559964411817,e2fbb6eac18968c3622fa8990c25a01673b4c96e16ceeb46d3a0de74773777ae,0ddeb3171286897d3d7f01bf13e25f154bce10abcf4c0d90f84b0a137e94f37c,class_reliability_gamma_0p250,,0.25,
class_reliability_gamma_0p250,class_scaled_raw,True,0.9587688119686151,0.001768867924528302,1.0,0.0005903187721369539,1.0,1,0,0,1,0.6922885428849208,0.5676620864857058,0.5293559964411817,e2fbb6eac18968c3622fa8990c25a01673b4c96e16ceeb46d3a0de74773777ae,d054229cec33bb2a0f661c39ed99edfc67e6b8af845b2a514720e841bb6d3b43,class_reliability_gamma_0p250,,0.25,
class_reliability_gamma_0p500,class_scaled_raw,True,0.001700850491116088,0.3317360010691307,0.15347721822541965,0.8311688311688312,0.7549530761209593,9174,470,6912,1408,0.6922885428849208,0.5676620864857058,0.5293559964411817,ca88befc3ff765af806f1f57a7eb8b3d1c756d79ee3ef2d11da4b61493ce1ab1,e4d3c633bf1fa0ea16ba16ba0f7abca987013aa9b071d3bbd8ae740d716d31eb,class_reliability_gamma_0p500,,0.5,
class_reliability_gamma_0p500,class_scaled_raw,True,0.005200182156414206,0.43933156624365105,0.22694571615434925,0.8193624557260921,0.8321167883211679,6116,322,4153,1388,0.6922885428849208,0.5676620864857058,0.5293559964411817,ca88befc3ff765af806f1f57a7eb8b3d1c756d79ee3ef2d11da4b61493ce1ab1,1bbba16990d51688eaae04297168b5e6504e4f27a06a2b22973d1767e95f134d,class_reliability_gamma_0p500,,0.5,
class_reliability_gamma_0p500,class_scaled_raw,True,0.02300444075810781,0.5928383961921131,0.3673024523160763,0.7957497048406139,0.9249217935349322,3670,144,2053,1348,0.6922885428849208,0.5676620864857058,0.5293559964411817,ca88befc3ff765af806f1f57a7eb8b3d1c756d79ee3ef2d11da4b61493ce1ab1,3a9b0b538e04ace7c90b6ec23884be1cdf554a87ea3047907911c768c8118543,class_reliability_gamma_0p500,,0.5,
class_reliability_gamma_0p500,class_scaled_raw,True,0.05,0.6793370841777568,0.48099415204678364,0.7768595041322314,0.9525547445255474,2736,91,1247,1316,0.6922885428849208,0.5676620864857058,0.5293559964411817,ca88befc3ff765af806f1f57a7eb8b3d1c756d79ee3ef2d11da4b61493ce1ab1,010bf6d83e5b16043052e5eda8390a536d5e725311a7b6ca9dc90c0fb5793d26,class_reliability_gamma_0p500,,0.5,
class_reliability_gamma_0p500,class_scaled_raw,True,0.0684056097648869,0.7082302496710927,0.5296281160604822,0.7650531286894924,0.9608967674661105,2447,75,1006,1296,0.6922885428849208,0.5676620864857058,0.5293559964411817,ca88befc3ff765af806f1f57a7eb8b3d1c756d79ee3ef2d11da4b61493ce1ab1,917fdb6501678f87df0c9a68d7377ad8a947b6fdd8d73bfca55bc1b0b3e9b9ef,class_reliability_gamma_0p500,,0.5,
class_reliability_gamma_0p500,class_scaled_raw,True,0.1,0.7345824579158753,0.5841035120147874,0.7461629279811098,0.9692387904066736,2164,59,786,1264,0.6922885428849208,0.5676620864857058,0.5293559964411817,ca88befc3ff765af806f1f57a7eb8b3d1c756d79ee3ef2d11da4b61493ce1ab1,c699f4c413d299a075400622e4540f9ef8486bdee0a8ff5f2b510095d4dc485e,class_reliability_gamma_0p500,,0.5,
class_reliability_gamma_0p500,class_scaled_raw,True,0.15,0.7625780459418097,0.6531699520511455,0.7237308146399055,0.9791449426485923,1877,40,567,1226,0.6922885428849208,0.5676620864857058,0.5293559964411817,ca88befc3ff765af806f1f57a7eb8b3d1c756d79ee3ef2d11da4b61493ce1ab1,4317889c08d71319e0c1e453180534c73a6e297906508f116da7d7dd7e8b9ecb,class_reliability_gamma_0p500,,0.5,
class_reliability_gamma_0p500,class_scaled_raw,True,0.2,0.775115804176938,0.6994117647058824,0.7018890200708382,0.9843587069864442,1700,30,446,1189,0.6922885428849208,0.5676620864857058,0.5293559964411817,ca88befc3ff765af806f1f57a7eb8b3d1c756d79ee3ef2d11da4b61493ce1ab1,e8d61e616394e93b8ed29545dcb4d419209c93f35f3c6ebfb6e235a64b964cc8,class_reliability_gamma_0p500,,0.5,
class_reliability_gamma_0p500,class_scaled_raw,True,0.25,0.7841059347384898,0.7445019404915912,0.679456906729634,0.9890510948905109,1546,21,348,1151,0.6922885428849208,0.5676620864857058,0.5293559964411817,ca88befc3ff765af806f1f57a7eb8b3d1c756d79ee3ef2d11da4b61493ce1ab1,31f3ecb6a82f12c412e70771d168b63fe8bb4ef05c0e4e341fdc97743f7d7322,class_reliability_gamma_0p500,,0.5,
class_reliability_gamma_0p500,class_scaled_raw,True,0.3,0.7848522091945865,0.7788732394366197,0.6528925619834711,0.9932221063607924,1420,13,278,1106,0.6922885428849208,0.5676620864857058,0.5293559964411817,ca88befc3ff765af806f1f57a7eb8b3d1c756d79ee3ef2d11da4b61493ce1ab1,c1d36ad6ed22b1b1fa9dbca74568a45797207bff1170558b07eb83e21d61371b,class_reliability_gamma_0p500,,0.5,
class_reliability_gamma_0p500,class_scaled_raw,True,0.35,0.7851186036304102,0.8121673003802281,0.6304604486422668,0.9963503649635036,1315,7,217,1068,0.6922885428849208,0.5676620864857058,0.5293559964411817,ca88befc3ff765af806f1f57a7eb8b3d1c756d79ee3ef2d11da4b61493ce1ab1,94076178b49bdc76725bc135822bd7edd36bff525e2053a42c52c552cf481f86,class_reliability_gamma_0p500,,0.5,
class_reliability_gamma_0p500,class_scaled_raw,True,0.39337431036768733,0.7707630092932837,0.8251633986928104,0.5962219598583235,0.9968717413972888,1224,6,186,1010,0.6922885428849208,0.5676620864857058,0.5293559964411817,ca88befc3ff765af806f1f57a7eb8b3d1c756d79ee3ef2d11da4b61493ce1ab1,470e0e04d45517483219a26ee2639a90ec5ace87c8d03f0c9f6ac36f4a364cd7,class_reliability_gamma_0p500,,0.5,
class_reliability_gamma_0p500,class_scaled_raw,True,0.4,0.7674510735650332,0.826302729528536,0.589728453364817,0.9968717413972888,1209,6,182,999,0.6922885428849208,0.5676620864857058,0.5293559964411817,ca88befc3ff765af806f1f57a7eb8b3d1c756d79ee3ef2d11da4b61493ce1ab1,a01e2bf141972b7c907ed592c5f9af013906db787650f5423b3f16e16e7548f1,class_reliability_gamma_0p500,,0.5,
class_reliability_gamma_0p500,class_scaled_raw,True,0.5,0.7337256679488757,0.8762575452716298,0.5141676505312869,0.997393117831074,994,5,106,871,0.6922885428849208,0.5676620864857058,0.5293559964411817,ca88befc3ff765af806f1f57a7eb8b3d1c756d79ee3ef2d11da4b61493ce1ab1,f44e5a2ba1c861e76dd61821d893a1eaf5d80dd51e94fec7e47a3d28abe48f47,class_reliability_gamma_0p500,,0.5,
class_reliability_gamma_0p500,class_scaled_raw,True,0.6,0.6838849365914013,0.9189526184538653,0.43506493506493504,1.0,802,0,59,737,0.6922885428849208,0.5676620864857058,0.5293559964411817,ca88befc3ff765af806f1f57a7eb8b3d1c756d79ee3ef2d11da4b61493ce1ab1,2cc217842d1d4ecad99677ccf3417622ffaaa80ab9075002b24d222010afbae7,class_reliability_gamma_0p500,,0.5,
class_reliability_gamma_0p500,class_scaled_raw,True,0.6888715085405817,0.6045706371191135,0.9509803921568627,0.3435655253837072,1.0,612,0,25,582,0.6922885428849208,0.5676620864857058,0.5293559964411817,ca88befc3ff765af806f1f57a7eb8b3d1c756d79ee3ef2d11da4b61493ce1ab1,587875696ec81c58f05ddecf5ffade583c36cd267799c41ffcfebb563d7fbf4a,class_reliability_gamma_0p500,,0.5,
class_reliability_gamma_0p500,class_scaled_raw,True,0.7,0.5953797689884495,0.9513422818791947,0.3347107438016529,1.0,596,0,25,567,0.6922885428849208,0.5676620864857058,0.5293559964411817,ca88befc3ff765af806f1f57a7eb8b3d1c756d79ee3ef2d11da4b61493ce1ab1,7c1de59721ad9cf469e4305aae75adf9361c3c94170610e4fe293f0cf579b04c,class_reliability_gamma_0p500,,0.5,
class_reliability_gamma_0p500,class_scaled_raw,True,0.8,0.41822033898305083,0.9762611275964391,0.19421487603305784,1.0,337,0,7,329,0.6922885428849208,0.5676620864857058,0.5293559964411817,ca88befc3ff765af806f1f57a7eb8b3d1c756d79ee3ef2d11da4b61493ce1ab1,bb15c9f2c93a70d61021eb176f54990ba65f2a517d670d008687ac104c3459d8,class_reliability_gamma_0p500,,0.5,
class_reliability_gamma_0p500,class_scaled_raw,True,0.9,0.02267441860465116,1.0,0.007674144037780401,1.0,13,0,0,13,0.6922885428849208,0.5676620864857058,0.5293559964411817,ca88befc3ff765af806f1f57a7eb8b3d1c756d79ee3ef2d11da4b61493ce1ab1,1383dcd810278b83164bdae1835aa86e33fcce85421cdd06ce3832300adb231f,class_reliability_gamma_0p500,,0.5,
class_reliability_gamma_0p500,class_scaled_raw,True,0.9505932084673646,0.001768867924528302,1.0,0.0005903187721369539,1.0,1,0,0,1,0.6922885428849208,0.5676620864857058,0.5293559964411817,ca88befc3ff765af806f1f57a7eb8b3d1c756d79ee3ef2d11da4b61493ce1ab1,d054229cec33bb2a0f661c39ed99edfc67e6b8af845b2a514720e841bb6d3b43,class_reliability_gamma_0p500,,0.5,
class_reliability_gamma_0p750,class_scaled_raw,True,0.0015143649521873945,0.33207075889323434,0.15369522563767168,0.8323494687131051,0.7539103232533889,9174,472,6911,1410,0.6922885428849208,0.5676620864857058,0.5293559964411817,0113e421dc8ae53c3a879c6a7011d3ee676b86becf4b3afc153d654c36a31a66,0acdbc4f603c96419fc4663cf91f6a11c0f5936bba075c1fa046e26ca266b705,class_reliability_gamma_0p750,,0.75,
class_reliability_gamma_0p750,class_scaled_raw,True,0.004689162383976547,0.4390887157611261,0.22694571615434925,0.8193624557260921,0.829509906152242,6116,327,4151,1388,0.6922885428849208,0.5676620864857058,0.5293559964411817,0113e421dc8ae53c3a879c6a7011d3ee676b86becf4b3afc153d654c36a31a66,55080ebacd6de191c71ccb5eb08a69d2ee1ee5da91d3e972a0e80c5f5fb51834,class_reliability_gamma_0p750,,0.75,
class_reliability_gamma_0p750,class_scaled_raw,True,0.02097766444265196,0.5929810679191619,0.3673024523160763,0.7957497048406139,0.9259645464025026,3670,142,2057,1348,0.6922885428849208,0.5676620864857058,0.5293559964411817,0113e421dc8ae53c3a879c6a7011d3ee676b86becf4b3afc153d654c36a31a66,6a10807f2fc29ea0c9edf4f001b277a9f83cf1a5b686fafd6700ad20c6142cc6,class_reliability_gamma_0p750,,0.75,
class_reliability_gamma_0p750,class_scaled_raw,True,0.05,0.6877919901100517,0.4939713639788998,0.7739079102715466,0.956725755995829,2654,83,1183,1311,0.6922885428849208,0.5676620864857058,0.5293559964411817,0113e421dc8ae53c3a879c6a7011d3ee676b86becf4b3afc153d654c36a31a66,3fa93ef58e729162c5cb3abb3464cb06de5ee51ae17a0ded89af68c8d6539466,class_reliability_gamma_0p750,,0.75,
class_reliability_gamma_0p750,class_scaled_raw,True,0.062225048210752414,0.7075937382959576,0.5288107887208827,0.7638724911452184,0.9619395203336809,2447,73,1011,1294,0.6922885428849208,0.5676620864857058,0.5293559964411817,0113e421dc8ae53c3a879c6a7011d3ee676b86becf4b3afc153d654c36a31a66,f06d7dc971d717ad99852545b5c74eabe6550276e25cfdd9ec3faa4b07ca7a0e,class_reliability_gamma_0p750,,0.75,
class_reliability_gamma_0p750,class_scaled_raw,True,0.1,0.741058497370202,0.5978105663969538,0.7414403778040142,0.9739311783107404,2101,50,744,1256,0.6922885428849208,0.5676620864857058,0.5293559964411817,0113e421dc8ae53c3a879c6a7011d3ee676b86becf4b3afc153d654c36a31a66,b95ff3dfa0e0b046de8f15fdfe59c34507375d643dabf646935fed1d8a9a45f4,class_reliability_gamma_0p750,,0.75,
class_reliability_gamma_0p750,class_scaled_raw,True,0.15,0.7666456426236128,0.667032967032967,0.7166469893742621,0.9817518248175182,1820,35,531,1214,0.6922885428849208,0.5676620864857058,0.5293559964411817,0113e421dc8ae53c3a879c6a7011d3ee676b86becf4b3afc153d654c36a31a66,061a1f097b9ff942e12ba26ecad2082669c63692a7af068e6e8f7c8c186e51a5,class_reliability_gamma_0p750,,0.75,
class_reliability_gamma_0p750,class_scaled_raw,True,0.2,0.778073876605617,0.7155067155067155,0.69185360094451,0.9874869655891554,1638,24,409,1172,0.6922885428849208,0.5676620864857058,0.5293559964411817,0113e421dc8ae53c3a879c6a7011d3ee676b86becf4b3afc153d654c36a31a66,99161091b65ad794b2b8b469a10d500ee9ee4b435781851f3fc65707276cd019,class_reliability_gamma_0p750,,0.75,
class_reliability_gamma_0p750,class_scaled_raw,True,0.25,0.7843339111920584,0.76062036412677,0.6658795749704841,0.9916579770594369,1483,16,315,1128,0.6922885428849208,0.5676620864857058,0.5293559964411817,0113e421dc8ae53c3a879c6a7011d3ee676b86becf4b3afc153d654c36a31a66,2d46ed53517f05835403247c39d8f4ac074d1e9447a6455390054bcd1fe087dc,class_reliability_gamma_0p750,,0.75,
class_reliability_gamma_0p750,class_scaled_raw,True,0.3,0.7832820487798835,0.7938371239911959,0.6387249114521841,0.9953076120959332,1363,9,249,1082,0.6922885428849208,0.5676620864857058,0.5293559964411817,0113e421dc8ae53c3a879c6a7011d3ee676b86becf4b3afc153d654c36a31a66,df0eeb263fd9adf7500366e4ea615763526ecd3edcf416c73e5fa7915339c929,class_reliability_gamma_0p750,,0.75,
class_reliability_gamma_0p750,class_scaled_raw,True,0.35,0.7716903942539732,0.8201612903225807,0.6003541912632822,0.997393117831074,1240,5,196,1017,0.6922885428849208,0.5676620864857058,0.5293559964411817,0113e421dc8ae53c3a879c6a7011d3ee676b86becf4b3afc153d654c36a31a66,6063cef227e64b4978ac5000982e38629afddd9aa4a1a08000348a1411b3b111,class_reliability_gamma_0p750,,0.75,
class_reliability_gamma_0p750,class_scaled_raw,True,0.3594316758742871,0.7685981307415874,0.8218954248366013,0.5938606847697757,0.997393117831074,1224,5,192,1006,0.6922885428849208,0.5676620864857058,0.5293559964411817,0113e421dc8ae53c3a879c6a7011d3ee676b86becf4b3afc153d654c36a31a66,d71362feee0d5f6758974666e1587ff2311a33fa2fec736d4994e708cf677c1b,class_reliability_gamma_0p750,,0.75,
class_reliability_gamma_0p750,class_scaled_raw,True,0.4,0.7529751691706024,0.8340649692712906,0.5608028335301063,0.9979144942648592,1139,4,166,950,0.6922885428849208,0.5676620864857058,0.5293559964411817,0113e421dc8ae53c3a879c6a7011d3ee676b86becf4b3afc153d654c36a31a66,428f334b3ebdd83868aff22b4fc6cd69e9b1a2d95b9fba55e155c4edfe83db41,class_reliability_gamma_0p750,,0.75,
class_reliability_gamma_0p750,class_scaled_raw,True,0.5,0.712696256167355,0.8867102396514162,0.4805194805194805,0.9994786235662148,918,1,95,814,0.6922885428849208,0.5676620864857058,0.5293559964411817,0113e421dc8ae53c3a879c6a7011d3ee676b86becf4b3afc153d654c36a31a66,d982cb0b2569fadd2a5271ea5f552113bc848a6d19cce00c763153832b58b0a6,class_reliability_gamma_0p750,,0.75,
class_reliability_gamma_0p750,class_scaled_raw,True,0.6,0.6428571428571428,0.9289772727272727,0.3860684769775679,1.0,704,0,45,654,0.6922885428849208,0.5676620864857058,0.5293559964411817,0113e421dc8ae53c3a879c6a7011d3ee676b86becf4b3afc153d654c36a31a66,da089805536db4702ebf3fd65d0aea4d403999ed2a6a9cec9a0776129b67794b,class_reliability_gamma_0p750,,0.75,
class_reliability_gamma_0p750,class_scaled_raw,True,0.6459661814389556,0.6045706371191135,0.9509803921568627,0.3435655253837072,1.0,612,0,27,582,0.6922885428849208,0.5676620864857058,0.5293559964411817,0113e421dc8ae53c3a879c6a7011d3ee676b86becf4b3afc153d654c36a31a66,204fc97c29389a9f16c79724baeaab1c7c3eaf964c3be5dd620f9e64ca9df65c,class_reliability_gamma_0p750,,0.75,
class_reliability_gamma_0p750,class_scaled_raw,True,0.7,0.5399551904406273,0.9601593625498008,0.2845336481700118,1.0,502,0,17,482,0.6922885428849208,0.5676620864857058,0.5293559964411817,0113e421dc8ae53c3a879c6a7011d3ee676b86becf4b3afc153d654c36a31a66,4a124cc50ed2fc317aa24c252839e667ff2efc6aa6b6662b2883d7f8ab73b3b9,class_reliability_gamma_0p750,,0.75,
class_reliability_gamma_0p750,class_scaled_raw,True,0.8,0.318941504178273,0.9913419913419913,0.13518299881936247,1.0,231,0,2,229,0.6922885428849208,0.5676620864857058,0.5293559964411817,0113e421dc8ae53c3a879c6a7011d3ee676b86becf4b3afc153d654c36a31a66,bd1d8e262a2f876868079a3a9832e293e247fcc0212f99b048fe2d4fd61ad1d6,class_reliability_gamma_0p750,,0.75,
class_reliability_gamma_0p750,class_scaled_raw,True,0.9,0.020954598370197905,1.0,0.0070838252656434475,1.0,12,0,0,12,0.6922885428849208,0.5676620864857058,0.5293559964411817,0113e421dc8ae53c3a879c6a7011d3ee676b86becf4b3afc153d654c36a31a66,af7672f8f1bae927718e2be20f99ee7edac74b3d898c4cbe830ec70d4b493046,class_reliability_gamma_0p750,,0.75,
class_reliability_gamma_0p750,class_scaled_raw,True,0.9424873198877668,0.001768867924528302,1.0,0.0005903187721369539,1.0,1,0,0,1,0.6922885428849208,0.5676620864857058,0.5293559964411817,0113e421dc8ae53c3a879c6a7011d3ee676b86becf4b3afc153d654c36a31a66,d054229cec33bb2a0f661c39ed99edfc67e6b8af845b2a514720e841bb6d3b43,class_reliability_gamma_0p750,,0.75,
class_reliability_gamma_1p000,class_scaled_raw,True,0.00135387735747239,0.33207075889323434,0.15369522563767168,0.8323494687131051,0.7539103232533889,9174,472,6908,1410,0.6922885428849208,0.5676620864857058,0.5293559964411817,3d271f336deadfca78ed6b72d22096efbd86ead72609f770600db96120b568e4,8ab9e60fb82f784d62ec2b07debc4da7d72c25add7f4c7f1b1350036a51ad6da,class_reliability_gamma_1p000,,1.0,
class_reliability_gamma_1p000,class_scaled_raw,True,0.0041426936331545195,0.4390887157611261,0.22694571615434925,0.8193624557260921,0.829509906152242,6116,327,4158,1388,0.6922885428849208,0.5676620864857058,0.5293559964411817,3d271f336deadfca78ed6b72d22096efbd86ead72609f770600db96120b568e4,800db98ee4e620595d4bc867b3645b1a18618e84aa5b9a52bbbb1d6e168a1ceb,class_reliability_gamma_1p000,,1.0,
class_reliability_gamma_1p000,class_scaled_raw,True,0.019222386275499496,0.5927061764663641,0.3670299727520436,0.795159386068477,0.9264859228362878,3670,141,2062,1347,0.6922885428849208,0.5676620864857058,0.5293559964411817,3d271f336deadfca78ed6b72d22096efbd86ead72609f770600db96120b568e4,238ea94be3304ab44af7fce25fe0e3edcdc00d4456532aaac574698bf3b39ed7,class_reliability_gamma_1p000,,1.0,
class_reliability_gamma_1p000,class_scaled_raw,True,0.05,0.695252456633518,0.506201550387597,0.7709563164108618,0.959332638164755,2580,78,1122,1306,0.6922885428849208,0.5676620864857058,0.5293559964411817,3d271f336deadfca78ed6b72d22096efbd86ead72609f770600db96120b568e4,4f84d23469af2af29ba13a2a5e5ce68ee9d113286b544844b7fa67123b47fbe9,class_reliability_gamma_1p000,,1.0,
class_reliability_gamma_1p000,class_scaled_raw,True,0.05769886864772222,0.7078755059470362,0.5288107887208827,0.7638724911452184,0.9635036496350365,2447,70,1016,1294,0.6922885428849208,0.5676620864857058,0.5293559964411817,3d271f336deadfca78ed6b72d22096efbd86ead72609f770600db96120b568e4,7dc9dc6e98269b35f972702b4fb56353bde021e2629e5c1f1dd9c0f5ce9dd146,class_reliability_gamma_1p000,,1.0,
class_reliability_gamma_1p000,class_scaled_raw,True,0.1,0.7465053523096669,0.6099463676255485,0.7384887839433294,0.9754953076120959,2051,47,706,1251,0.6922885428849208,0.5676620864857058,0.5293559964411817,3d271f336deadfca78ed6b72d22096efbd86ead72609f770600db96120b568e4,2e19a8f829af0c13bd4afc1406d7ea88acc83818381a24ffec9d31ebdb1062bc,class_reliability_gamma_1p000,,1.0,
class_reliability_gamma_1p000,class_scaled_raw,True,0.15,0.7686686481326689,0.6775832862789385,0.7083825265643447,0.9848800834202294,1771,29,504,1200,0.6922885428849208,0.5676620864857058,0.5293559964411817,3d271f336deadfca78ed6b72d22096efbd86ead72609f770600db96120b568e4,d2e845af10bcfdda13191c284569deabbc91d9460a97f5f9d670d8247985c221,class_reliability_gamma_1p000,,1.0,
class_reliability_gamma_1p000,class_scaled_raw,True,0.2,0.7794750937943531,0.7312579415501906,0.679456906729634,0.9906152241918665,1574,18,375,1151,0.6922885428849208,0.5676620864857058,0.5293559964411817,3d271f336deadfca78ed6b72d22096efbd86ead72609f770600db96120b568e4,992eb2abe6561ba35697b04913bed77b64a4bf086189aa5324a4c6f797e93274,class_reliability_gamma_1p000,,1.0,
class_reliability_gamma_1p000,class_scaled_raw,True,0.25,0.7803100376245748,0.7708479327259986,0.6493506493506493,0.9927007299270073,1427,14,290,1100,0.6922885428849208,0.5676620864857058,0.5293559964411817,3d271f336deadfca78ed6b72d22096efbd86ead72609f770600db96120b568e4,b65b0e192d6e3cadee72a0a62eb667ffd7493fc94fd7d76e5ed0d4fe3727533b,class_reliability_gamma_1p000,,1.0,
class_reliability_gamma_1p000,class_scaled_raw,True,0.3,0.7751840126493734,0.8063516653756778,0.614521841794569,0.997393117831074,1291,5,224,1041,0.6922885428849208,0.5676620864857058,0.5293559964411817,3d271f336deadfca78ed6b72d22096efbd86ead72609f770600db96120b568e4,84c98a2b1ccbcf666e9270a48e2a416bbf6b2992271759489647553579428e36,class_reliability_gamma_1p000,,1.0,
class_reliability_gamma_1p000,class_scaled_raw,True,0.3274125868314704,0.76699624414321,0.8194444444444444,0.5920897284533648,0.9979144942648592,1224,4,198,1003,0.6922885428849208,0.5676620864857058,0.5293559964411817,3d271f336deadfca78ed6b72d22096efbd86ead72609f770600db96120b568e4,cee4a04388da71a389d1e1eee6bedb34424088046249d0dfa11c6a5e15fff991,class_reliability_gamma_1p000,,1.0,
class_reliability_gamma_1p000,class_scaled_raw,True,0.35,0.7564424617134987,0.8238297872340425,0.5714285714285714,0.9979144942648592,1175,4,184,968,0.6922885428849208,0.5676620864857058,0.5293559964411817,3d271f336deadfca78ed6b72d22096efbd86ead72609f770600db96120b568e4,565e8c50c96f249ef3ddb6615d107fd4adf867accd43000befedb09e7a834524,class_reliability_gamma_1p000,,1.0,
class_reliability_gamma_1p000,class_scaled_raw,True,0.4,0.7372194969284303,0.8434864104967198,0.5312868949232585,0.9984358706986444,1067,3,149,900,0.6922885428849208,0.5676620864857058,0.5293559964411817,3d271f336deadfca78ed6b72d22096efbd86ead72609f770600db96120b568e4,af36bff009065d47abf195ad3de1f2d7a31d376347db7f7012c0ad75eeb1beb4,class_reliability_gamma_1p000,,1.0,
class_reliability_gamma_1p000,class_scaled_raw,True,0.5,0.6946529260940939,0.8943089430894309,0.45454545454545453,0.9994786235662148,861,1,83,770,0.6922885428849208,0.5676620864857058,0.5293559964411817,3d271f336deadfca78ed6b72d22096efbd86ead72609f770600db96120b568e4,e342c5b31622830158895d78f2b98fd8c7be214f454cc26bfc85efcfadb71ab6,class_reliability_gamma_1p000,,1.0,
class_reliability_gamma_1p000,class_scaled_raw,True,0.6,0.6122866894197952,0.9373040752351097,0.3530106257378985,1.0,638,0,37,598,0.6922885428849208,0.5676620864857058,0.5293559964411817,3d271f336deadfca78ed6b72d22096efbd86ead72609f770600db96120b568e4,0ce80d3d123e26b9fd115a316c2053f091dfd6471bc4f325a46dbb6543f4d386,class_reliability_gamma_1p000,,1.0,
class_reliability_gamma_1p000,class_scaled_raw,True,0.6113553242981165,0.6029106029106029,0.9477124183006536,0.34238488783943327,1.0,612,0,29,580,0.6922885428849208,0.5676620864857058,0.5293559964411817,3d271f336deadfca78ed6b72d22096efbd86ead72609f770600db96120b568e4,ccdcde1bd15f78a5cebe9af40b006d90848ad1ac38c2175610ecdae9691028bb,class_reliability_gamma_1p000,,1.0,
class_reliability_gamma_1p000,class_scaled_raw,True,0.7,0.4752,0.9658536585365853,0.23376623376623376,1.0,410,0,12,396,0.6922885428849208,0.5676620864857058,0.5293559964411817,3d271f336deadfca78ed6b72d22096efbd86ead72609f770600db96120b568e4,f5456e2374f16e5cc5cd5c5000a3bb9dcf5008f98f8526c2d979f9fffcad7b47,class_reliability_gamma_1p000,,1.0,
class_reliability_gamma_1p000,class_scaled_raw,True,0.8,0.09146341463414633,1.0,0.032467532467532464,1.0,55,0,0,55,0.6922885428849208,0.5676620864857058,0.5293559964411817,3d271f336deadfca78ed6b72d22096efbd86ead72609f770600db96120b568e4,29ab1ecf680d2a27ebbf4c581d36141153ad0e309e03a189da6427a1a2f88ca1,class_reliability_gamma_1p000,,1.0,
class_reliability_gamma_1p000,class_scaled_raw,True,0.9,0.01750291715285881,1.0,0.0059031877213695395,1.0,10,0,0,10,0.6922885428849208,0.5676620864857058,0.5293559964411817,3d271f336deadfca78ed6b72d22096efbd86ead72609f770600db96120b568e4,329a54168e8e69877b946645b3fe670c871d5d604974b9abda9ede1955876b10,class_reliability_gamma_1p000,,1.0,
class_reliability_gamma_1p000,class_scaled_raw,True,0.9350587129592896,0.001768867924528302,1.0,0.0005903187721369539,1.0,1,0,0,1,0.6922885428849208,0.5676620864857058,0.5293559964411817,3d271f336deadfca78ed6b72d22096efbd86ead72609f770600db96120b568e4,239ab002d1058bd296a165554fdaec3ecca3f23739c212443910c2f177f69003,class_reliability_gamma_1p000,,1.0,
raw_light_geom_gate_0p050,light_geometry_gate,False,0.002044143661598589,0.33190329005132446,0.15347721822541965,0.8311688311688312,0.7575599582898853,9174,465,6917,1408,0.6919754761451051,0.5677529449601844,0.529346256588088,6d66a06c17f6b710f13d5957f2e6787cd1f8a0f576b0a9c53d78b91d7348e3f7,be28e7e4ae7b30c699e453deebed1ea625767fa645585d614209fa507474c3a2,raw_light_geom_gate_0p050,,,0.05
raw_light_geom_gate_0p050,light_geometry_gate,False,0.006234779672886725,0.4390887157611261,0.22694571615434925,0.8193624557260921,0.829509906152242,6116,327,4148,1388,0.6919754761451051,0.5677529449601844,0.529346256588088,6d66a06c17f6b710f13d5957f2e6787cd1f8a0f576b0a9c53d78b91d7348e3f7,09624090a0759613792114a00a57d403916f5a432ceb65b1739f5883b0053cec,raw_light_geom_gate_0p050,,,0.05
raw_light_geom_gate_0p050,light_geometry_gate,False,0.026836791817006777,0.5927541315361347,0.367574931880109,0.7963400236127509,0.921793534932221,3670,150,2042,1349,0.6919754761451051,0.5677529449601844,0.529346256588088,6d66a06c17f6b710f13d5957f2e6787cd1f8a0f576b0a9c53d78b91d7348e3f7,f4737f243897ef61eac8c0a6f4927a3549bd3fd767e17e2d00181a880c7fb9b8,raw_light_geom_gate_0p050,,,0.05
raw_light_geom_gate_0p050,light_geometry_gate,False,0.05,0.6637118254354879,0.4576271186440678,0.78099173553719,0.9483837330552659,2891,99,1381,1323,0.6919754761451051,0.5677529449601844,0.529346256588088,6d66a06c17f6b710f13d5957f2e6787cd1f8a0f576b0a9c53d78b91d7348e3f7,19ddc9f6f306ad5943caeb6975ad26b6b4fa20355b0939cb2d7eb24f9c087555,raw_light_geom_gate_0p050,,,0.05
raw_light_geom_gate_0p050,light_geometry_gate,False,0.08055487029409883,0.7068389654421503,0.5288107887208827,0.7638724911452184,0.9577685088633994,2447,81,1000,1294,0.6919754761451051,0.5677529449601844,0.529346256588088,6d66a06c17f6b710f13d5957f2e6787cd1f8a0f576b0a9c53d78b91d7348e3f7,8c60f5474d5cf985247973c7a54d832bd0f278ce1ce529dcb58e64c77556009b,raw_light_geom_gate_0p050,,,0.05
raw_light_geom_gate_0p050,light_geometry_gate,False,0.1,0.7231059971332668,0.5602805786935554,0.7544273907910272,0.9629822732012513,2281,71,866,1278,0.6919754761451051,0.5677529449601844,0.529346256588088,6d66a06c17f6b710f13d5957f2e6787cd1f8a0f576b0a9c53d78b91d7348e3f7,997f96a36a3c4bd7f745a7b8596c8afe4fbc558c0c46c58c06feedc614dfc5b1,raw_light_geom_gate_0p050,,,0.05
raw_light_geom_gate_0p050,light_geometry_gate,False,0.15,0.7521208570868609,0.6240601503759399,0.7349468713105076,0.9749739311783108,1995,48,652,1245,0.6919754761451051,0.5677529449601844,0.529346256588088,6d66a06c17f6b710f13d5957f2e6787cd1f8a0f576b0a9c53d78b91d7348e3f7,95c050e2445590714e15c0f1aa91c8097552894dbc425064e1ae734881a43582,raw_light_geom_gate_0p050,,,0.05
raw_light_geom_gate_0p050,light_geometry_gate,False,0.2,0.7685180110529006,0.6725860155382908,0.7154663518299882,0.9812304483837331,1802,36,513,1212,0.6919754761451051,0.5677529449601844,0.529346256588088,6d66a06c17f6b710f13d5957f2e6787cd1f8a0f576b0a9c53d78b91d7348e3f7,62da67d76c364333eef375f6b3593d1af12e3246b8e4ece643817e3a4b11f6db,raw_light_geom_gate_0p050,,,0.05
raw_light_geom_gate_0p050,light_geometry_gate,False,0.25,0.7812972237321877,0.7196831200487508,0.6971664698937426,0.9843587069864442,1641,30,397,1181,0.6919754761451051,0.5677529449601844,0.529346256588088,6d66a06c17f6b710f13d5957f2e6787cd1f8a0f576b0a9c53d78b91d7348e3f7,a79ce3419a50074abca7bb337806757f683cfb375fc7516620080fab3af66a49,raw_light_geom_gate_0p050,,,0.05
raw_light_geom_gate_0p050,light_geometry_gate,False,0.3,0.7871036415347537,0.7532722513089005,0.679456906729634,0.9880083420229405,1528,23,328,1151,0.6919754761451051,0.5677529449601844,0.529346256588088,6d66a06c17f6b710f13d5957f2e6787cd1f8a0f576b0a9c53d78b91d7348e3f7,c44ac6bfe6e8b96e8de4c9e196e96c7e62693210e9a71ec857403ac6868bca21,raw_light_geom_gate_0p050,,,0.05
raw_light_geom_gate_0p050,light_geometry_gate,False,0.35,0.7882871578603486,0.7811188811188812,0.6593860684769776,0.9911366006256517,1430,17,273,1117,0.6919754761451051,0.5677529449601844,0.529346256588088,6d66a06c17f6b710f13d5957f2e6787cd1f8a0f576b0a9c53d78b91d7348e3f7,56383490465a80b6058f472f03e7efff20e1221e798ac9653fdf21d562c05ec3,raw_light_geom_gate_0p050,,,0.05
raw_light_geom_gate_0p050,light_geometry_gate,False,0.4,0.7828025893581688,0.8029962546816479,0.6328217237308147,0.9932221063607924,1335,13,228,1072,0.6919754761451051,0.5677529449601844,0.529346256588088,6d66a06c17f6b710f13d5957f2e6787cd1f8a0f576b0a9c53d78b91d7348e3f7,2bdea8ab67879514bc2778630b5dd95be9c599d2797325cf2d799cc485ab4567,raw_light_geom_gate_0p050,,,0.05
raw_light_geom_gate_0p050,light_geometry_gate,False,0.45929607610285794,0.7678239600591054,0.821078431372549,0.5932703659976387,0.9963503649635036,1224,7,189,1005,0.6919754761451051,0.5677529449601844,0.529346256588088,6d66a06c17f6b710f13d5957f2e6787cd1f8a0f576b0a9c53d78b91d7348e3f7,877d38cddb7c11f043210903dae0351cf5eb3035c02a47a9b7889efd1db26f67,raw_light_geom_gate_0p050,,,0.05
raw_light_geom_gate_0p050,light_geometry_gate,False,0.5,0.7619708102369593,0.8420138888888888,0.5726092089728453,0.9968717413972888,1152,6,156,970,0.6919754761451051,0.5677529449601844,0.529346256588088,6d66a06c17f6b710f13d5957f2e6787cd1f8a0f576b0a9c53d78b91d7348e3f7,eb3deec545fe5a8e14418b6525fe7fa29fa86b6d920e8e435b810a10bc38355f,raw_light_geom_gate_0p050,,,0.05
raw_light_geom_gate_0p050,light_geometry_gate,False,0.6,0.7313137848904241,0.8864809081527347,0.5070838252656434,0.9979144942648592,969,4,94,859,0.6919754761451051,0.5677529449601844,0.529346256588088,6d66a06c17f6b710f13d5957f2e6787cd1f8a0f576b0a9c53d78b91d7348e3f7,11467a0cfa7c34c9a465c9c5d75e4f375c4ac2749af4066b350b8cb3207505e4,raw_light_geom_gate_0p050,,,0.05
raw_light_geom_gate_0p050,light_geometry_gate,False,0.7,0.6814399691046491,0.9274809160305344,0.43034238488783944,0.9994786235662148,786,1,49,729,0.6919754761451051,0.5677529449601844,0.529346256588088,6d66a06c17f6b710f13d5957f2e6787cd1f8a0f576b0a9c53d78b91d7348e3f7,e186f740b5eb98a2835e061550955a1f7ca89b7c02c1c8452f0c33b1fb2ac9d7,raw_light_geom_gate_0p050,,,0.05
raw_light_geom_gate_0p050,light_geometry_gate,False,0.7962469473598525,0.6086462592049572,0.9591503267973857,0.346517119244392,0.9994786235662148,612,1,19,587,0.6919754761451051,0.5677529449601844,0.529346256588088,6d66a06c17f6b710f13d5957f2e6787cd1f8a0f576b0a9c53d78b91d7348e3f7,4b8c8b76f66c4cb1135fa5a35068db2dd4486469c3929747a5bdf99466ade1c3,raw_light_geom_gate_0p050,,,0.05
raw_light_geom_gate_0p050,light_geometry_gate,False,0.8,0.6055553776505063,0.9588138385502472,0.3435655253837072,0.9994786235662148,607,1,19,582,0.6919754761451051,0.5677529449601844,0.529346256588088,6d66a06c17f6b710f13d5957f2e6787cd1f8a0f576b0a9c53d78b91d7348e3f7,8ddaf63c64f8285dc95893f9be0506ad88f11c241ceb43c28f6db8f0c6debb81,raw_light_geom_gate_0p050,,,0.05
raw_light_geom_gate_0p050,light_geometry_gate,False,0.9,0.4048130640309411,0.9843260188087775,0.18536009445100354,1.0,319,0,4,314,0.6919754761451051,0.5677529449601844,0.529346256588088,6d66a06c17f6b710f13d5957f2e6787cd1f8a0f576b0a9c53d78b91d7348e3f7,8846ef1595c428b8e7b881a70189ca08599deb8fcda62aaff727500932c0bcda,raw_light_geom_gate_0p050,,,0.05
raw_light_geom_gate_0p050,light_geometry_gate,False,0.9801986155379989,0.001768867924528302,1.0,0.0005903187721369539,1.0,1,0,0,1,0.6919754761451051,0.5677529449601844,0.529346256588088,6d66a06c17f6b710f13d5957f2e6787cd1f8a0f576b0a9c53d78b91d7348e3f7,5098974df0fb94e294f4e154de70961dd836b7c5b3e1940fcd1dc26a14016df3,raw_light_geom_gate_0p050,,,0.05
raw_light_geom_gate_0p100,light_geometry_gate,False,0.0019406152712198293,0.3318699109566211,0.15347721822541965,0.8311688311688312,0.7570385818561001,9174,466,6916,1408,0.6920392234162641,0.567588751313367,0.5292088270972591,827a412169c27c99e33ce6b3deb97a97463d85a5dbae7740c9ae3c3e6251177f,1d24c7b9f84602cfc0b3f2310e3b3b205418442ad6c9b7b76893bfd1541e74e7,raw_light_geom_gate_0p100,,,0.1
raw_light_geom_gate_0p100,light_geometry_gate,False,0.00593599966171619,0.4390887157611261,0.22694571615434925,0.8193624557260921,0.829509906152242,6116,327,4149,1388,0.6920392234162641,0.567588751313367,0.5292088270972591,827a412169c27c99e33ce6b3deb97a97463d85a5dbae7740c9ae3c3e6251177f,ef1df0f37194dd4f7c82c625b56d02ee476111bf20e79371b59e8a9c450284f3,raw_light_geom_gate_0p100,,,0.1
raw_light_geom_gate_0p100,light_geometry_gate,False,0.025783507123773062,0.5928259637183514,0.367574931880109,0.7963400236127509,0.9223149113660063,3670,149,2044,1349,0.6920392234162641,0.567588751313367,0.5292088270972591,827a412169c27c99e33ce6b3deb97a97463d85a5dbae7740c9ae3c3e6251177f,89550dffbd02d21a651adf3835c569c673c51860f80d625e54bc30bc68403336,raw_light_geom_gate_0p100,,,0.1
raw_light_geom_gate_0p100,light_geometry_gate,False,0.05,0.6665076246936751,0.4615921787709497,0.7804014167650531,0.9494264859228363,2864,97,1357,1322,0.6920392234162641,0.567588751313367,0.5292088270972591,827a412169c27c99e33ce6b3deb97a97463d85a5dbae7740c9ae3c3e6251177f,f4ac55e035a817dcca7180a3e8b9422cc48ae0e9a164f3a00248af97f7c55525,raw_light_geom_gate_0p100,,,0.1
raw_light_geom_gate_0p100,light_geometry_gate,False,0.07809151859300086,0.7069335830100911,0.5288107887208827,0.7638724911452184,0.9582898852971846,2447,80,1001,1294,0.6920392234162641,0.567588751313367,0.5292088270972591,827a412169c27c99e33ce6b3deb97a97463d85a5dbae7740c9ae3c3e6251177f,2fac3ae32ccf691440dc7e699f2f8d1eb4250152dcb32bfa150b89a2ba151027,raw_light_geom_gate_0p100,,,0.1
raw_light_geom_gate_0p100,light_geometry_gate,False,0.1,0.725929605103551,0.5655447298494243,0.7538370720188902,0.9635036496350365,2258,70,846,1277,0.6920392234162641,0.567588751313367,0.5292088270972591,827a412169c27c99e33ce6b3deb97a97463d85a5dbae7740c9ae3c3e6251177f,3184bfc4d9d9f851cca0d05894bb84ffe91b400b9e4822138340b26df1d02872,raw_light_geom_gate_0p100,,,0.1
raw_light_geom_gate_0p100,light_geometry_gate,False,0.15,0.7524473417312187,0.6264512872286724,0.7325855962219598,0.9749739311783108,1981,48,643,1241,0.6920392234162641,0.567588751313367,0.5292088270972591,827a412169c27c99e33ce6b3deb97a97463d85a5dbae7740c9ae3c3e6251177f,ca738f9f066ec2a1fd65892edc299893e33df2fbd4ada9de47b24c8f193f21ba,raw_light_geom_gate_0p100,,,0.1
raw_light_geom_gate_0p100,light_geometry_gate,False,0.2,0.7692264523204538,0.6757965343767468,0.7136953955135773,0.9812304483837331,1789,36,503,1209,0.6920392234162641,0.567588751313367,0.5292088270972591,827a412169c27c99e33ce6b3deb97a97463d85a5dbae7740c9ae3c3e6251177f,80fe94e3b4d9df311b8bf4a88c2bca390c04e6cd0f9245e9c81340566f1509f6,raw_light_geom_gate_0p100,,,0.1
raw_light_geom_gate_0p100,light_geometry_gate,False,0.25,0.7824420693929215,0.7223241590214067,0.6971664698937426,0.9848800834202294,1635,29,393,1181,0.6920392234162641,0.567588751313367,0.5292088270972591,827a412169c27c99e33ce6b3deb97a97463d85a5dbae7740c9ae3c3e6251177f,b80a3593c9c306192b90d82a2e5b2805844e4821bc76e8f4cd4b112ea3e7fee9,raw_light_geom_gate_0p100,,,0.1
raw_light_geom_gate_0p100,light_geometry_gate,False,0.3,0.787286067104043,0.7549277266754271,0.6782762691853601,0.9885297184567258,1522,22,326,1149,0.6920392234162641,0.567588751313367,0.5292088270972591,827a412169c27c99e33ce6b3deb97a97463d85a5dbae7740c9ae3c3e6251177f,03b9cb15e8192e90ee25ce616337a37aee5629934a1b4f3e02e5edf192d9ebce,raw_light_geom_gate_0p100,,,0.1
raw_light_geom_gate_0p100,light_geometry_gate,False,0.35,0.7879912363424121,0.7819074333800842,0.6582054309327037,0.9911366006256517,1426,17,271,1115,0.6920392234162641,0.567588751313367,0.5292088270972591,827a412169c27c99e33ce6b3deb97a97463d85a5dbae7740c9ae3c3e6251177f,5a5c33c09f8a34144d417436f64cf52f6c88cdc6f68672af65ae22e39596741d,raw_light_geom_gate_0p100,,,0.1
raw_light_geom_gate_0p100,light_geometry_gate,False,0.4,0.7827030911265724,0.8039068369646882,0.6316410861865407,0.9942648592283628,1331,11,227,1070,0.6920392234162641,0.567588751313367,0.5292088270972591,827a412169c27c99e33ce6b3deb97a97463d85a5dbae7740c9ae3c3e6251177f,732dd91fe030be854dc15ab4a89601685a96a5029acecdeb3d096b2028514a90,raw_light_geom_gate_0p100,,,0.1
raw_light_geom_gate_0p100,light_geometry_gate,False,0.45653030892983404,0.7683915624784334,0.8218954248366013,0.5938606847697757,0.9963503649635036,1224,7,188,1006,0.6920392234162641,0.567588751313367,0.5292088270972591,827a412169c27c99e33ce6b3deb97a97463d85a5dbae7740c9ae3c3e6251177f,380548d04d49f5996019ab7a9eb30b84cf4ecc9c45d0b42da53ac99ba342284c,raw_light_geom_gate_0p100,,,0.1
raw_light_geom_gate_0p100,light_geometry_gate,False,0.5,0.762769721938746,0.8449477351916377,0.5726092089728453,0.9968717413972888,1148,6,152,970,0.6920392234162641,0.567588751313367,0.5292088270972591,827a412169c27c99e33ce6b3deb97a97463d85a5dbae7740c9ae3c3e6251177f,0dd888d64465108686ce47c1529e134ec4333ea6c80d0652ae3b605b2eeee3f8,raw_light_geom_gate_0p100,,,0.1
raw_light_geom_gate_0p100,light_geometry_gate,False,0.6,0.7310852766324202,0.8872802481902792,0.5064935064935064,0.9979144942648592,967,4,93,858,0.6920392234162641,0.567588751313367,0.5292088270972591,827a412169c27c99e33ce6b3deb97a97463d85a5dbae7740c9ae3c3e6251177f,2561f8b3b8e71ff0a1a8b502706dc781518ee2189f386bc51807dcb6c6ad80e2,raw_light_geom_gate_0p100,,,0.1
raw_light_geom_gate_0p100,light_geometry_gate,False,0.7,0.6811420241660878,0.9285714285714286,0.4297520661157025,0.9994786235662148,784,1,48,728,0.6920392234162641,0.567588751313367,0.5292088270972591,827a412169c27c99e33ce6b3deb97a97463d85a5dbae7740c9ae3c3e6251177f,d1e6a46b6be623d3d0372eae4f0407337db59db6b01b2ba25df60afcaaf3e63e,raw_light_geom_gate_0p100,,,0.1
raw_light_geom_gate_0p100,light_geometry_gate,False,0.7957912475105375,0.6086462592049572,0.9591503267973857,0.346517119244392,0.9994786235662148,612,1,19,587,0.6920392234162641,0.567588751313367,0.5292088270972591,827a412169c27c99e33ce6b3deb97a97463d85a5dbae7740c9ae3c3e6251177f,4b8c8b76f66c4cb1135fa5a35068db2dd4486469c3929747a5bdf99466ade1c3,raw_light_geom_gate_0p100,,,0.1
raw_light_geom_gate_0p100,light_geometry_gate,False,0.8,0.6039004176920353,0.9601990049751243,0.3417945690672963,0.9994786235662148,603,1,18,579,0.6920392234162641,0.567588751313367,0.5292088270972591,827a412169c27c99e33ce6b3deb97a97463d85a5dbae7740c9ae3c3e6251177f,df5dae9cae3189d18eac1db1240a1aac6254c95262e1c8f4cfe96aac870114d1,raw_light_geom_gate_0p100,,,0.1
raw_light_geom_gate_0p100,light_geometry_gate,False,0.9,0.40198190435157255,0.9841772151898734,0.18358913813459268,1.0,316,0,4,311,0.6920392234162641,0.567588751313367,0.5292088270972591,827a412169c27c99e33ce6b3deb97a97463d85a5dbae7740c9ae3c3e6251177f,307f548532485920750e26dccac50c2139ad0fa0cd2b883f539a1cc589c0c2d4,raw_light_geom_gate_0p100,,,0.1
raw_light_geom_gate_0p100,light_geometry_gate,False,0.9801922316291292,0.001768867924528302,1.0,0.0005903187721369539,1.0,1,0,0,1,0.6920392234162641,0.567588751313367,0.5292088270972591,827a412169c27c99e33ce6b3deb97a97463d85a5dbae7740c9ae3c3e6251177f,5098974df0fb94e294f4e154de70961dd836b7c5b3e1940fcd1dc26a14016df3,raw_light_geom_gate_0p100,,,0.1
raw_light_geom_gate_0p200,light_geometry_gate,False,0.0017320424888619401,0.3318699109566211,0.15347721822541965,0.8311688311688312,0.7570385818561001,9174,466,6916,1408,0.6915843731146787,0.5677145610110566,0.5290532518594422,244b9629d0b21bc62ae0cc3a442591c9aec9ec8125cf90213221de145c6c6437,2fe5bc2e3d8300f627aad848e77fa672ec0107f8e5642714cbd36342f732ad7f,raw_light_geom_gate_0p200,,,0.2
raw_light_geom_gate_0p200,light_geometry_gate,False,0.005321231764480834,0.4391373863716459,0.22694571615434925,0.8193624557260921,0.8300312825860271,6116,326,4150,1388,0.6915843731146787,0.5677145610110566,0.5290532518594422,244b9629d0b21bc62ae0cc3a442591c9aec9ec8125cf90213221de145c6c6437,7ed2418f5c2261aac647967cb8d1027bf5d5324fd050e83fbf6db218e395572f,raw_light_geom_gate_0p200,,,0.2
raw_light_geom_gate_0p200,light_geometry_gate,False,0.023614384783123048,0.5928977321166574,0.367574931880109,0.7963400236127509,0.9228362877997914,3670,148,2046,1349,0.6915843731146787,0.5677145610110566,0.5290532518594422,244b9629d0b21bc62ae0cc3a442591c9aec9ec8125cf90213221de145c6c6437,1d9eb634f7a00e442c9ea3d8a6608bf9cb43fe9e362e9864c4c217ece0dd8fbf,raw_light_geom_gate_0p200,,,0.2
raw_light_geom_gate_0p200,light_geometry_gate,False,0.05,0.6756219844981822,0.4748201438848921,0.7792207792207793,0.9515119916579771,2780,93,1284,1320,0.6915843731146787,0.5677145610110566,0.5290532518594422,244b9629d0b21bc62ae0cc3a442591c9aec9ec8125cf90213221de145c6c6437,d3d00c9fde348269e8ce5c50b012895aa2bf50094291ee346bddc66da82deb14,raw_light_geom_gate_0p200,,,0.2
raw_light_geom_gate_0p200,light_geometry_gate,False,0.07335527539208926,0.7070281229700419,0.5288107887208827,0.7638724911452184,0.9588112617309698,2447,79,1001,1294,0.6915843731146787,0.5677145610110566,0.5290532518594422,244b9629d0b21bc62ae0cc3a442591c9aec9ec8125cf90213221de145c6c6437,41409d158b0a137c9a28e0c38a2f41cad2a474aafc3171f767587c742461605f,raw_light_geom_gate_0p200,,,0.2
raw_light_geom_gate_0p200,light_geometry_gate,False,0.1,0.7278262034174489,0.5713642503376857,0.7491145218417946,0.9645464025026069,2221,68,822,1269,0.6915843731146787,0.5677145610110566,0.5290532518594422,244b9629d0b21bc62ae0cc3a442591c9aec9ec8125cf90213221de145c6c6437,e19da32c58128e1552c1f714a1e14eb05a73a9131c8be9ba8a438df517425473,raw_light_geom_gate_0p200,,,0.2
raw_light_geom_gate_0p200,light_geometry_gate,False,0.15,0.7565999834376883,0.6353846153846154,0.731404958677686,0.9765380604796663,1950,45,619,1239,0.6915843731146787,0.5677145610110566,0.5290532518594422,244b9629d0b21bc62ae0cc3a442591c9aec9ec8125cf90213221de145c6c6437,ed061f253f2832af78b33c7450431850cffe2e7d71ae95192602737dca95a43b,raw_light_geom_gate_0p200,,,0.2
raw_light_geom_gate_0p200,light_geometry_gate,False,0.2,0.7716675975330062,0.6823063877897118,0.7125147579693034,0.9817518248175182,1769,35,486,1207,0.6915843731146787,0.5677145610110566,0.5290532518594422,244b9629d0b21bc62ae0cc3a442591c9aec9ec8125cf90213221de145c6c6437,aadbda32429baf77217488fedee8f3573226d752da3e8fb9a5fafad698914cff,raw_light_geom_gate_0p200,,,0.2
raw_light_geom_gate_0p200,light_geometry_gate,False,0.25,0.7824696247503565,0.7260358688930117,0.693034238488784,0.986444212721585,1617,26,385,1174,0.6915843731146787,0.5677145610110566,0.5290532518594422,244b9629d0b21bc62ae0cc3a442591c9aec9ec8125cf90213221de145c6c6437,cbaa76da4273afc53166e1d59a645e0b06da590e534fdbadd75a15c4c389ffeb,raw_light_geom_gate_0p200,,,0.2
raw_light_geom_gate_0p200,light_geometry_gate,False,0.3,0.7888426957063692,0.7601060304837641,0.6770956316410862,0.9895724713242962,1509,20,317,1147,0.6915843731146787,0.5677145610110566,0.5290532518594422,244b9629d0b21bc62ae0cc3a442591c9aec9ec8125cf90213221de145c6c6437,5984e743604197ec8400fbd5e34dc8713d9d4fae54456f67db19a8e3ee395c9a,raw_light_geom_gate_0p200,,,0.2
raw_light_geom_gate_0p200,light_geometry_gate,False,0.35,0.7898875798621319,0.7882436260623229,0.6570247933884298,0.9927007299270073,1412,14,262,1113,0.6915843731146787,0.5677145610110566,0.5290532518594422,244b9629d0b21bc62ae0cc3a442591c9aec9ec8125cf90213221de145c6c6437,6ada184e07ed7f18fa3eccec56b2498bae975633b5632a3d60b57826cb94903f,raw_light_geom_gate_0p200,,,0.2
raw_light_geom_gate_0p200,light_geometry_gate,False,0.4,0.7829272105127526,0.8055764883195177,0.6310507674144038,0.9942648592283628,1327,11,224,1069,0.6915843731146787,0.5677145610110566,0.5290532518594422,244b9629d0b21bc62ae0cc3a442591c9aec9ec8125cf90213221de145c6c6437,957d0256f6c4e2a838d0e69b63a39244ccff31036575c2d44f98d96856ee5c69,raw_light_geom_gate_0p200,,,0.2
raw_light_geom_gate_0p200,light_geometry_gate,False,0.45296174101661396,0.7700926305587653,0.8243464052287581,0.5956316410861865,0.9963503649635036,1224,7,186,1009,0.6915843731146787,0.5677145610110566,0.5290532518594422,244b9629d0b21bc62ae0cc3a442591c9aec9ec8125cf90213221de145c6c6437,274a52c9e2376a6e47108618a54dd26a4791ec7937b59d62134c3d7f562ebf48,raw_light_geom_gate_0p200,,,0.2
raw_light_geom_gate_0p200,light_geometry_gate,False,0.5,0.7616618162233059,0.8499558693733451,0.5684769775678866,0.9968717413972888,1133,6,144,963,0.6915843731146787,0.5677145610110566,0.5290532518594422,244b9629d0b21bc62ae0cc3a442591c9aec9ec8125cf90213221de145c6c6437,42d44f9a1f5e5e124c97b7aee313abf72891c522a45dd504a908ab2d75b44039,raw_light_geom_gate_0p200,,,0.2
raw_light_geom_gate_0p200,light_geometry_gate,False,0.6,0.7286658766628954,0.8875,0.5029515938606848,0.9979144942648592,960,4,92,852,0.6915843731146787,0.5677145610110566,0.5290532518594422,244b9629d0b21bc62ae0cc3a442591c9aec9ec8125cf90213221de145c6c6437,523cf007e8e15c8a5672e289ddb7ee7d18eba643daa6b2b628bfba8cd55cfc73,raw_light_geom_gate_0p200,,,0.2
raw_light_geom_gate_0p200,light_geometry_gate,False,0.7,0.6806310482443253,0.9284802043422733,0.42916174734356555,0.9994786235662148,783,1,48,727,0.6915843731146787,0.5677145610110566,0.5290532518594422,244b9629d0b21bc62ae0cc3a442591c9aec9ec8125cf90213221de145c6c6437,7c3b2aecd72c00f8ca7043af6eb7b728ef51909ccbc9ba9b6c5e2491e62186c4,raw_light_geom_gate_0p200,,,0.2
raw_light_geom_gate_0p200,light_geometry_gate,False,0.7947387923914894,0.6086462592049572,0.9591503267973857,0.346517119244392,0.9994786235662148,612,1,19,587,0.6915843731146787,0.5677145610110566,0.5290532518594422,244b9629d0b21bc62ae0cc3a442591c9aec9ec8125cf90213221de145c6c6437,20a5d73ffef195b84e32327791028823774c61ae8ee653d24a3c82dc577de764,raw_light_geom_gate_0p200,,,0.2
raw_light_geom_gate_0p200,light_geometry_gate,False,0.8,0.6020275641424071,0.96,0.3400236127508855,0.9994786235662148,600,1,18,576,0.6915843731146787,0.5677145610110566,0.5290532518594422,244b9629d0b21bc62ae0cc3a442591c9aec9ec8125cf90213221de145c6c6437,748748ab79a8e69679d409be8836a6d3a776b1542c183e6ea9b28ed2078d280c,raw_light_geom_gate_0p200,,,0.2
raw_light_geom_gate_0p200,light_geometry_gate,False,0.9,0.4012079378774806,0.9872611464968153,0.18299881936245574,1.0,314,0,3,310,0.6915843731146787,0.5677145610110566,0.5290532518594422,244b9629d0b21bc62ae0cc3a442591c9aec9ec8125cf90213221de145c6c6437,3e296ffc4b05ae500d045bc462977591681a2637c724d30a568ea67ff9a1f217,raw_light_geom_gate_0p200,,,0.2
raw_light_geom_gate_0p200,light_geometry_gate,False,0.9801794638113895,0.001768867924528302,1.0,0.0005903187721369539,1.0,1,0,0,1,0.6915843731146787,0.5677145610110566,0.5290532518594422,244b9629d0b21bc62ae0cc3a442591c9aec9ec8125cf90213221de145c6c6437,5098974df0fb94e294f4e154de70961dd836b7c5b3e1940fcd1dc26a14016df3,raw_light_geom_gate_0p200,,,0.2
