score_col,mode_family,ap_rank_preserving_by_design,threshold,cal_balanced,cal_precision,cal_recall,cal_unknown_reject,cal_num_accepted,cal_unknown_false_accept,cal_background_false_accepts,cal_tp_known,cal_AP50,cal_AP75,cal_AP,stream_hash,acceptance_mask_hash,canonical_stream,alpha,gamma,beta
raw_score,raw,True,0.0021478294511325003,0.33190329005132446,0.15347721822541965,0.8311688311688312,0.7575599582898853,9174,465,6917,1408,0.6922885428849208,0.5676620864857058,0.5293559964411817,faae5a2ef32d196bb1449c81379c45faba4a326e61c2119906604288be19416e,c1e77c13b75dd33d91b0a824166ea301a1dc392aa945444d20a230d79410ec19,raw_score,,,
raw_score,raw,True,0.0065390930976718005,0.4390887157611261,0.22694571615434925,0.8193624557260921,0.829509906152242,6116,327,4147,1388,0.6922885428849208,0.5676620864857058,0.5293559964411817,faae5a2ef32d196bb1449c81379c45faba4a326e61c2119906604288be19416e,fb8a5b31f35c81b88b7b1a4909f579d6c5278cf6adf676a742ec612722034789,raw_score,,,
raw_score,raw,True,0.027845855243503984,0.5926822354849377,0.367574931880109,0.7963400236127509,0.9212721584984359,3670,151,2041,1349,0.6922885428849208,0.5676620864857058,0.5293559964411817,faae5a2ef32d196bb1449c81379c45faba4a326e61c2119906604288be19416e,fe80318d6b3cf7275add6f94549be82b0d74e393b0f5a5c2d6955a9880959f98,raw_score,,,
raw_score,raw,True,0.05,0.6603278019795884,0.4531463748290014,0.782172373081464,0.9452554744525548,2924,105,1403,1325,0.6922885428849208,0.5676620864857058,0.5293559964411817,faae5a2ef32d196bb1449c81379c45faba4a326e61c2119906604288be19416e,2635f3951ef370470ddee771a9a028dbc67307215ad007974ca2160dcc5c015f,raw_score,,,
raw_score,raw,True,0.08311327546834947,0.7067442701706178,0.5288107887208827,0.7638724911452184,0.9572471324296141,2447,82,1000,1294,0.6922885428849208,0.5676620864857058,0.5293559964411817,faae5a2ef32d196bb1449c81379c45faba4a326e61c2119906604288be19416e,cdfd1280d79cc4ee7c333e3b2f2a586ba82f344e824a59f7e965e89010e5333f,raw_score,,,
raw_score,raw,True,0.1,0.7202487074480918,0.5553625705601389,0.7550177095631642,0.9614181438998958,2303,74,884,1279,0.6922885428849208,0.5676620864857058,0.5293559964411817,faae5a2ef32d196bb1449c81379c45faba4a326e61c2119906604288be19416e,3f27c71d70aadd84d442ae6b37bce3d69b03201d531166c68f623f20f0bbfe32,raw_score,,,
raw_score,raw,True,0.15,0.7512083711620998,0.6217564870259481,0.7355371900826446,0.9749739311783108,2004,48,660,1246,0.6922885428849208,0.5676620864857058,0.5293559964411817,faae5a2ef32d196bb1449c81379c45faba4a326e61c2119906604288be19416e,c27cd83ec55573b6597b0765966e99b5aec47827567185c1b36a2c7978045b38,raw_score,,,
raw_score,raw,True,0.2,0.7672604056470537,0.6681318681318681,0.717827626918536,0.9801876955161627,1820,38,523,1216,0.6922885428849208,0.5676620864857058,0.5293559964411817,faae5a2ef32d196bb1449c81379c45faba4a326e61c2119906604288be19416e,5b33f069f55f21d197640fc7d325a9d9f777d6b99e57382fa1efe005480abd0b,raw_score,,,
raw_score,raw,True,0.25,0.780611698959404,0.7169696969696969,0.6983471074380165,0.983837330552659,1650,31,400,1183,0.6922885428849208,0.5676620864857058,0.5293559964411817,faae5a2ef32d196bb1449c81379c45faba4a326e61c2119906604288be19416e,9481017b957fb265bdfe7ee27959520a7378735414c8a4ff35a90faa3f4a4558,raw_score,,,
raw_score,raw,True,0.3,0.7865657538117894,0.751796211626388,0.679456906729634,0.9880083420229405,1531,23,331,1151,0.6922885428849208,0.5676620864857058,0.5293559964411817,faae5a2ef32d196bb1449c81379c45faba4a326e61c2119906604288be19416e,4f7a4d64931a832126483c91d4fecd1327760f850e69c053a5bb9b2981c17a79,raw_score,,,
raw_score,raw,True,0.35,0.7889146630676959,0.7804878048780488,0.6611570247933884,0.9911366006256517,1435,17,275,1120,0.6922885428849208,0.5676620864857058,0.5293559964411817,faae5a2ef32d196bb1449c81379c45faba4a326e61c2119906604288be19416e,e6a56c4b0b50c0031b306a3d888f080ececf271a9fab69c8b754fa2f31c0bea7,raw_score,,,
raw_score,raw,True,0.4,0.7842386968619103,0.8031319910514542,0.6357733175914995,0.9927007299270073,1341,14,228,1077,0.6922885428849208,0.5676620864857058,0.5293559964411817,faae5a2ef32d196bb1449c81379c45faba4a326e61c2119906604288be19416e,67d0b56b1b292af4566e0bb927c84d6d380875b424a0c1a4814c3c3d92d31869,raw_score,,,
raw_score,raw,True,0.4610013365745543,0.7678239600591054,0.821078431372549,0.5932703659976387,0.9963503649635036,1224,7,189,1005,0.6922885428849208,0.5676620864857058,0.5293559964411817,faae5a2ef32d196bb1449c81379c45faba4a326e61c2119906604288be19416e,877d38cddb7c11f043210903dae0351cf5eb3035c02a47a9b7889efd1db26f67,raw_score,,,
raw_score,raw,True,0.5,0.7624268320452201,0.8402417962003454,0.5743801652892562,0.9963503649635036,1158,7,158,973,0.6922885428849208,0.5676620864857058,0.5293559964411817,faae5a2ef32d196bb1449c81379c45faba4a326e61c2119906604288be19416e,a21974fe9131f14354b3694ea71a17e2c5f339d1f0a10117edd15e8757d83aac,raw_score,,,
raw_score,raw,True,0.6,0.7313345390630971,0.8847736625514403,0.5076741440377804,0.9979144942648592,972,4,95,860,0.6922885428849208,0.5676620864857058,0.5293559964411817,faae5a2ef32d196bb1449c81379c45faba4a326e61c2119906604288be19416e,d5ab5c28069c15a362dd474f282342a375f4536bdb32ef68fa6e1f70ed895abc,raw_score,,,
raw_score,raw,True,0.7,0.6819496453747488,0.9275730622617535,0.4309327036599764,0.9994786235662148,787,1,49,730,0.6922885428849208,0.5676620864857058,0.5293559964411817,faae5a2ef32d196bb1449c81379c45faba4a326e61c2119906604288be19416e,ff63516abfc8cd1456148f5520b2878f5a85b2b218402791cff8b6f6017ed807,raw_score,,,
raw_score,raw,True,0.7974246472120274,0.6086462592049572,0.9591503267973857,0.346517119244392,0.9994786235662148,612,1,19,587,0.6922885428849208,0.5676620864857058,0.5293559964411817,faae5a2ef32d196bb1449c81379c45faba4a326e61c2119906604288be19416e,176b911e69ee983d1b8d5109edc6e6aae636044d100612063436a7339400981a,raw_score,,,
raw_score,raw,True,0.8,0.60617526840818,0.9588815789473685,0.34415584415584416,0.9994786235662148,608,1,19,583,0.6922885428849208,0.5676620864857058,0.5293559964411817,faae5a2ef32d196bb1449c81379c45faba4a326e61c2119906604288be19416e,f957b9af3ef47f1762bc53a39906de6e2607f8ec932fd73ad6d7db40a7e94322,raw_score,,,
raw_score,raw,True,0.9,0.4057535422928295,0.984375,0.1859504132231405,1.0,320,0,4,315,0.6922885428849208,0.5676620864857058,0.5293559964411817,faae5a2ef32d196bb1449c81379c45faba4a326e61c2119906604288be19416e,7fe9c26a7281ade5e8ecc2ac50d1126c7bfda3c584430710a7ff10d74e9a5186,raw_score,,,
raw_score,raw,True,0.9802049994468688,0.001768867924528302,1.0,0.0005903187721369539,1.0,1,0,0,1,0.6922885428849208,0.5676620864857058,0.5293559964411817,faae5a2ef32d196bb1449c81379c45faba4a326e61c2119906604288be19416e,5098974df0fb94e294f4e154de70961dd836b7c5b3e1940fcd1dc26a14016df3,raw_score,,,
geometry_risk_score,geometry,False,0.014181705875043638,0.3340821600647736,0.1539132330499237,0.833530106257379,0.7794577685088634,9174,423,7059,1412,0.6723152791657866,0.5466150622222499,0.5091320650711966,bfb7d0059ef8e766ba363101bd39cd842b773c1200f5de5848365cb3ddeb1817,0fc0262d51afd10b48ee392595cd2c5fc21893750ff4aa64e8ea30dfc41f7d3b,geometry_risk_score,,,
geometry_risk_score,geometry,False,0.05,0.4207918208076447,0.21050248981439565,0.8234946871310508,0.8587069864442127,6627,271,4784,1395,0.6723152791657866,0.5466150622222499,0.5091320650711966,bfb7d0059ef8e766ba363101bd39cd842b773c1200f5de5848365cb3ddeb1817,f9933c48450224fd71e809aebea0ac0289645f8ad9ef42f015781c2726d1e99b,geometry_risk_score,,,
geometry_risk_score,geometry,False,0.0618648433721698,0.4433982733265652,0.22743623283191627,0.8211334120425029,0.8686131386861313,6116,252,4324,1391,0.6723152791657866,0.5466150622222499,0.5091320650711966,bfb7d0059ef8e766ba363101bd39cd842b773c1200f5de5848365cb3ddeb1817,d1e8bee5b92e401d0805eff5e7a8ccc392ce02f1c413cfcc8a0b158771a2b20b,geometry_risk_score,,,
geometry_risk_score,geometry,False,0.1,0.49843955496215697,0.2712765957446808,0.8128689492325856,0.9071949947862357,5076,178,3397,1377,0.6723152791657866,0.5466150622222499,0.5091320650711966,bfb7d0059ef8e766ba363101bd39cd842b773c1200f5de5848365cb3ddeb1817,3e29d9d40ea630986b519bcf79d9e8831d502f348863f984a503b2959f11968a,geometry_risk_score,,,
geometry_risk_score,geometry,False,0.15,0.5467621569209268,0.31596015751679407,0.8051948051948052,0.9259645464025026,4317,142,2714,1364,0.6723152791657866,0.5466150622222499,0.5091320650711966,bfb7d0059ef8e766ba363101bd39cd842b773c1200f5de5848365cb3ddeb1817,7aa0274c8715f0625b895ff3520c845564c9da688b2af4ab5d60da63e156c0fc,geometry_risk_score,,,
geometry_risk_score,geometry,False,0.2,0.5825313419812072,0.3532949790794979,0.7975206611570248,0.9384775808133472,3824,118,2265,1351,0.6723152791657866,0.5466150622222499,0.5091320650711966,bfb7d0059ef8e766ba363101bd39cd842b773c1200f5de5848365cb3ddeb1817,7517c371f167533353efdc4ab4d31d2832918892afedb63a5666806b94625772,geometry_risk_score,,,
geometry_risk_score,geometry,False,0.2215841262573052,0.5958555125355998,0.367574931880109,0.7963400236127509,0.9447340980187695,3670,106,2132,1349,0.6723152791657866,0.5466150622222499,0.5091320650711966,bfb7d0059ef8e766ba363101bd39cd842b773c1200f5de5848365cb3ddeb1817,6bf171bc88b06cc798f7122fd95e7eac868b69f37432c41bb038b724d0560b5c,geometry_risk_score,,,
geometry_risk_score,geometry,False,0.25,0.6115956131676938,0.3858742463393626,0.7933884297520661,0.9494264859228363,3483,97,1966,1344,0.6723152791657866,0.5466150622222499,0.5091320650711966,bfb7d0059ef8e766ba363101bd39cd842b773c1200f5de5848365cb3ddeb1817,c1410d49360d3d833c9801c76686674f17b6965ff4f2838421412295747aff20,geometry_risk_score,,,
geometry_risk_score,geometry,False,0.3,0.6379510303716657,0.4176305095342294,0.7886658795749705,0.9614181438998958,3199,74,1714,1336,0.6723152791657866,0.5466150622222499,0.5091320650711966,bfb7d0059ef8e766ba363101bd39cd842b773c1200f5de5848365cb3ddeb1817,f8930da16e1c301180e226797767d7d1f66495147bc03d11066b67372dcdd9dc,geometry_risk_score,,,
geometry_risk_score,geometry,False,0.35,0.6609896181967512,0.4489519945909398,0.7839433293978748,0.9655891553701773,2958,66,1492,1328,0.6723152791657866,0.5466150622222499,0.5091320650711966,bfb7d0059ef8e766ba363101bd39cd842b773c1200f5de5848365cb3ddeb1817,46fd5979892640fa7887fd68a6f88a00fbdd7e005e4d91237e9c297106c431e3,geometry_risk_score,,,
geometry_risk_score,geometry,False,0.4,0.6809351234248318,0.48021978021978023,0.7739079102715466,0.9697601668404588,2730,58,1295,1311,0.6723152791657866,0.5466150622222499,0.5091320650711966,bfb7d0059ef8e766ba363101bd39cd842b773c1200f5de5848365cb3ddeb1817,dd74ce3f175fecffca9516cf64d546e2507805dee7a1b19f0715143729e1339e,geometry_risk_score,,,
geometry_risk_score,geometry,False,0.48425198755809223,0.707566455553847,0.526767470371884,0.7609208972845336,0.9734098018769551,2447,51,1046,1289,0.6723152791657866,0.5466150622222499,0.5091320650711966,bfb7d0059ef8e766ba363101bd39cd842b773c1200f5de5848365cb3ddeb1817,2dec494e55d731f035b5fd36550bceee3522ed48c0642333bf7b8435a4d1f601,geometry_risk_score,,,
geometry_risk_score,geometry,False,0.5,0.7127273488865409,0.5358333333333334,0.7591499409681228,0.9749739311783108,2400,48,1005,1286,0.6723152791657866,0.5466150622222499,0.5091320650711966,bfb7d0059ef8e766ba363101bd39cd842b773c1200f5de5848365cb3ddeb1817,438c93cea3fed5e8f85816b52939b0143ee347be27d5d0760a536aceb2e74a65,geometry_risk_score,,,
geometry_risk_score,geometry,False,0.6,0.7362505313683027,0.5892351274787535,0.7367178276269185,0.9801876955161627,2118,38,786,1248,0.6723152791657866,0.5466150622222499,0.5091320650711966,bfb7d0059ef8e766ba363101bd39cd842b773c1200f5de5848365cb3ddeb1817,204635d4c5a53cde9ca40299e291db88c23a100a9737d55ad20c6367fd7a50a0,geometry_risk_score,,,
geometry_risk_score,geometry,False,0.7,0.7603181177920446,0.6500802568218299,0.7172373081463991,0.9869655891553701,1869,25,590,1215,0.6723152791657866,0.5466150622222499,0.5091320650711966,bfb7d0059ef8e766ba363101bd39cd842b773c1200f5de5848365cb3ddeb1817,1be97bbafc6bf45e6ad2baf7672bfee0ded97936188db9a564bc05115996aa89,geometry_risk_score,,,
geometry_risk_score,geometry,False,0.8,0.775814857635297,0.717391304347826,0.6818181818181818,0.9937434827945777,1610,12,410,1155,0.6723152791657866,0.5466150622222499,0.5091320650711966,bfb7d0059ef8e766ba363101bd39cd842b773c1200f5de5848365cb3ddeb1817,53775a604c4425697aa4091638828e1a07f9ee6aaba3629f0026ea87be7db339,geometry_risk_score,,,
geometry_risk_score,geometry,False,0.9,0.7788458035338472,0.8084615384615385,0.6204250295159386,0.9968717413972888,1300,6,222,1051,0.6723152791657866,0.5466150622222499,0.5091320650711966,bfb7d0059ef8e766ba363101bd39cd842b773c1200f5de5848365cb3ddeb1817,f11af0e4313c8de702befd99203a5af2f81ce4c1f78b3fab683b1cf193853d35,geometry_risk_score,,,
geometry_risk_score,geometry,False,0.9168994972579956,0.7716410958423652,0.8259803921568627,0.5968122786304605,0.9984358706986444,1224,3,189,1011,0.6723152791657866,0.5466150622222499,0.5091320650711966,bfb7d0059ef8e766ba363101bd39cd842b773c1200f5de5848365cb3ddeb1817,e282a383537c8448ad747b6b2967c3bb644c6902f7e917ca8fefd5f6734bd616,geometry_risk_score,,,
geometry_risk_score,geometry,False,0.9843946372467847,0.6070563818747838,0.9558823529411765,0.34533648170011805,1.0,612,0,23,585,0.6723152791657866,0.5466150622222499,0.5091320650711966,bfb7d0059ef8e766ba363101bd39cd842b773c1200f5de5848365cb3ddeb1817,8cc9f0453895576ae9cbaf9c7c7f0ac9e13035c129aec4de9f906c9498e3745a,geometry_risk_score,,,
geometry_risk_score,geometry,False,0.9999951422491383,0.001768867924528302,1.0,0.0005903187721369539,1.0,1,0,0,1,0.6723152791657866,0.5466150622222499,0.5091320650711966,bfb7d0059ef8e766ba363101bd39cd842b773c1200f5de5848365cb3ddeb1817,5098974df0fb94e294f4e154de70961dd836b7c5b3e1940fcd1dc26a14016df3,geometry_risk_score,,,
geometry_alpha_0p050,alpha_blend,False,0.003348555934134959,0.3325070055405319,0.1538042293437977,0.832939787485242,0.7575599582898853,9174,465,6925,1411,0.6920415273265823,0.5673612402848265,0.5291326686767523,02d3e3241254e4292118a41a1bccf7efcedb1bdd710858c88ec8bbf4b7bf02bb,f3be3736db9076b79e0ac65930915ad9b470374fedc0d6873bd85e842df0c8fc,geometry_alpha_0p050,0.05,,
geometry_alpha_0p050,alpha_blend,False,0.009667324426808295,0.43931202929871893,0.22678221059516024,0.8187721369539551,0.8347236704900939,6116,317,4172,1387,0.6920415273265823,0.5673612402848265,0.5291326686767523,02d3e3241254e4292118a41a1bccf7efcedb1bdd710858c88ec8bbf4b7bf02bb,a509373c5b5f4649dff6f837d6ecf8358472b2da77fe8af6ce63656dc30f76b3,geometry_alpha_0p050,0.05,,
geometry_alpha_0p050,alpha_blend,False,0.037823466731682756,0.5936829989392673,0.367574931880109,0.7963400236127509,0.9285714285714286,3670,137,2066,1349,0.6920415273265823,0.5673612402848265,0.5291326686767523,02d3e3241254e4292118a41a1bccf7efcedb1bdd710858c88ec8bbf4b7bf02bb,9b74a66bd9a58890dd73955b17f9db0e144e7f3d911bac7476741f0f863f646d,geometry_alpha_0p050,0.05,,
geometry_alpha_0p050,alpha_blend,False,0.05,0.6285363226610904,0.40885496183206105,0.7904368358913814,0.9416058394160584,3275,112,1724,1339,0.6920415273265823,0.5673612402848265,0.5291326686767523,02d3e3241254e4292118a41a1bccf7efcedb1bdd710858c88ec8bbf4b7bf02bb,a0b3739b1e08a905f8c83a5e4e04b4a96658891e72f546a0958811f81000e372,geometry_alpha_0p050,0.05,,
geometry_alpha_0p050,alpha_blend,False,0.1,0.7075426917830624,0.5280716029292107,0.7662337662337663,0.9603753910323254,2458,76,1013,1298,0.6920415273265823,0.5673612402848265,0.5291326686767523,02d3e3241254e4292118a41a1bccf7efcedb1bdd710858c88ec8bbf4b7bf02bb,cff67d41e17088fd80ca4bde4f41d1d987434667d71b4d0e3de732488e3b781b,geometry_alpha_0p050,0.05,,
geometry_alpha_0p050,alpha_blend,False,0.10096736182849549,0.7085478254473786,0.530036779730282,0.7656434474616293,0.9603753910323254,2447,76,1003,1297,0.6920415273265823,0.5673612402848265,0.5291326686767523,02d3e3241254e4292118a41a1bccf7efcedb1bdd710858c88ec8bbf4b7bf02bb,267aec47cd2891c55ac0838df14764fc2fe3bf306a6758b4cccb0daaaeb56879,geometry_alpha_0p050,0.05,,
geometry_alpha_0p050,alpha_blend,False,0.15,0.7384265427963574,0.5934844192634561,0.7420306965761512,0.9708029197080292,2118,56,750,1257,0.6920415273265823,0.5673612402848265,0.5291326686767523,02d3e3241254e4292118a41a1bccf7efcedb1bdd710858c88ec8bbf4b7bf02bb,f1978d15e85ca1f36808d6ec076e4a0038df0415f690bb0eb43e04982f1ffe23,geometry_alpha_0p050,0.05,,
geometry_alpha_0p050,alpha_blend,False,0.2,0.7621140158952494,0.6492890995260664,0.7278630460448642,0.9781021897810219,1899,42,578,1233,0.6920415273265823,0.5673612402848265,0.5291326686767523,02d3e3241254e4292118a41a1bccf7efcedb1bdd710858c88ec8bbf4b7bf02bb,d02789a2ea73e519fc150396a20d20c0d5fd5e7e8cf961fef89009c34c4d5c1f,geometry_alpha_0p050,0.05,,
geometry_alpha_0p050,alpha_blend,False,0.25,0.7729787555143982,0.6899135446685879,0.7066115702479339,0.983837330552659,1735,31,466,1197,0.6920415273265823,0.5673612402848265,0.5291326686767523,02d3e3241254e4292118a41a1bccf7efcedb1bdd710858c88ec8bbf4b7bf02bb,3d76d081ac76b34a83922ceca96c7be72346e1f7d1e02c6112dad54e874eb7a2,geometry_alpha_0p050,0.05,,
geometry_alpha_0p050,alpha_blend,False,0.3,0.7848055161505012,0.7355163727959698,0.6894923258559622,0.9874869655891554,1588,24,366,1168,0.6920415273265823,0.5673612402848265,0.5291326686767523,02d3e3241254e4292118a41a1bccf7efcedb1bdd710858c88ec8bbf4b7bf02bb,60384de388018f49cc60fb3231fc4e6f0fc4c8c4c3070224e183b59f5e1409c3,geometry_alpha_0p050,0.05,,
geometry_alpha_0p050,alpha_blend,False,0.35,0.7885612240559305,0.7645875251509054,0.6729634002361276,0.9895724713242962,1491,20,308,1140,0.6920415273265823,0.5673612402848265,0.5291326686767523,02d3e3241254e4292118a41a1bccf7efcedb1bdd710858c88ec8bbf4b7bf02bb,c3955a774db3c476a42ce63b0ffe7928998b18926db35de4588dec96c4d2d15c,geometry_alpha_0p050,0.05,,
geometry_alpha_0p050,alpha_blend,False,0.4,0.7871143385952897,0.7952069716775599,0.6463990554899646,0.9932221063607924,1377,13,246,1095,0.6920415273265823,0.5673612402848265,0.5291326686767523,02d3e3241254e4292118a41a1bccf7efcedb1bdd710858c88ec8bbf4b7bf02bb,ecfc890d2d6d80fcec55e823121916b7a0524d30fdd343c3d28cab02d830edc4,geometry_alpha_0p050,0.05,,
geometry_alpha_0p050,alpha_blend,False,0.48314770520930495,0.7689588748867167,0.8227124183006536,0.5944510035419126,0.9963503649635036,1224,7,187,1007,0.6920415273265823,0.5673612402848265,0.5291326686767523,02d3e3241254e4292118a41a1bccf7efcedb1bdd710858c88ec8bbf4b7bf02bb,2bfc6ba15875147a5d6960a83996737cec8c113890c8932384bf7e1c4e6e88ce,geometry_alpha_0p050,0.05,,
geometry_alpha_0p050,alpha_blend,False,0.5,0.7668850580462955,0.832913518052057,0.5855962219598583,0.9963503649635036,1191,7,172,992,0.6920415273265823,0.5673612402848265,0.5291326686767523,02d3e3241254e4292118a41a1bccf7efcedb1bdd710858c88ec8bbf4b7bf02bb,87a43d5da3bb6813115df486dce2d3db14a4c604dc9a876e89ae67863b5b4ecb,geometry_alpha_0p050,0.05,,
geometry_alpha_0p050,alpha_blend,False,0.6,0.7369144720861837,0.8796389167502507,0.5177095631641087,0.997393117831074,997,5,99,877,0.6920415273265823,0.5673612402848265,0.5291326686767523,02d3e3241254e4292118a41a1bccf7efcedb1bdd710858c88ec8bbf4b7bf02bb,287718bf1311c7faa1abb9ab40626a9ea2696eb394c7086de34d5912def8612a,geometry_alpha_0p050,0.05,,
geometry_alpha_0p050,alpha_blend,False,0.7,0.6893813085217426,0.9255583126550868,0.44037780401416765,0.9994786235662148,806,1,52,746,0.6920415273265823,0.5673612402848265,0.5291326686767523,02d3e3241254e4292118a41a1bccf7efcedb1bdd710858c88ec8bbf4b7bf02bb,e3cb90c2913993c4f8dc76459c535a832a14cefc2122a30db31142496154ebfc,geometry_alpha_0p050,0.05,,
geometry_alpha_0p050,alpha_blend,False,0.8,0.6143425999686507,0.9567307692307693,0.3524203069657615,0.9994786235662148,624,1,21,597,0.6920415273265823,0.5673612402848265,0.5291326686767523,02d3e3241254e4292118a41a1bccf7efcedb1bdd710858c88ec8bbf4b7bf02bb,fa11e14141be3d5d4e72ee00197bb0172c5759574dd1baa7ae05bf0fbd29957e,geometry_alpha_0p050,0.05,,
geometry_alpha_0p050,alpha_blend,False,0.8061660107166576,0.6086462592049572,0.9591503267973857,0.346517119244392,0.9994786235662148,612,1,19,587,0.6920415273265823,0.5673612402848265,0.5291326686767523,02d3e3241254e4292118a41a1bccf7efcedb1bdd710858c88ec8bbf4b7bf02bb,45f15124f115b258f35d701b49283e234d47e798223f1a28c69d9ccdb619fd19,geometry_alpha_0p050,0.05,,
geometry_alpha_0p050,alpha_blend,False,0.9,0.41875265167585907,0.9850299401197605,0.19421487603305784,1.0,334,0,4,329,0.6920415273265823,0.5673612402848265,0.5291326686767523,02d3e3241254e4292118a41a1bccf7efcedb1bdd710858c88ec8bbf4b7bf02bb,3eb030feee53a60486fab6d8749e4704069e51cad0e844b3ef7fa148ac3a4491,geometry_alpha_0p050,0.05,,
geometry_alpha_0p050,alpha_blend,False,0.9811945065869823,0.001768867924528302,1.0,0.0005903187721369539,1.0,1,0,0,1,0.6920415273265823,0.5673612402848265,0.5291326686767523,02d3e3241254e4292118a41a1bccf7efcedb1bdd710858c88ec8bbf4b7bf02bb,5098974df0fb94e294f4e154de70961dd836b7c5b3e1940fcd1dc26a14016df3,geometry_alpha_0p050,0.05,,
geometry_alpha_0p100,alpha_blend,False,0.004433009743427257,0.3328067490551652,0.1538042293437977,0.832939787485242,0.7622523461939521,9174,456,6949,1411,0.6912201770498239,0.5668550878107922,0.5285671598691961,146a351fa9993378df5777a677fdc55ebbe51d06010f85459ead4b7da98fd7fd,df760730a36a7bf1c09a2f91682ceffc7e4ab2b557aad4e5a6555d7546b1971e,geometry_alpha_0p100,0.1,,
geometry_alpha_0p100,alpha_blend,False,0.012496027047902276,0.44036202861158336,0.22710922171353826,0.819952774498229,0.8404588112617309,6116,306,4197,1389,0.6912201770498239,0.5668550878107922,0.5285671598691961,146a351fa9993378df5777a677fdc55ebbe51d06010f85459ead4b7da98fd7fd,fd2d799b8a40a7cce4c3810cbc85bc7b906502cd3c332cbe9562a577698e2a76,geometry_alpha_0p100,0.1,,
geometry_alpha_0p100,alpha_blend,False,0.04788848957284872,0.5948078233751213,0.3678474114441417,0.7969303423848878,0.9343065693430657,3670,126,2082,1350,0.6912201770498239,0.5668550878107922,0.5285671598691961,146a351fa9993378df5777a677fdc55ebbe51d06010f85459ead4b7da98fd7fd,3baa85798bfd9e62a41cd1ec0e89d329cfeb3a63ec305e82dffd4ffddae298a1,geometry_alpha_0p100,0.1,,
geometry_alpha_0p100,alpha_blend,False,0.05,0.6007800862205787,0.37472222222222223,0.7963400236127509,0.935349322210636,3600,124,2018,1349,0.6912201770498239,0.5668550878107922,0.5285671598691961,146a351fa9993378df5777a677fdc55ebbe51d06010f85459ead4b7da98fd7fd,6153d83fde73b036fb02f73664d9bb4a88f98bb3184b54c5a676220b45906cc5,geometry_alpha_0p100,0.1,,
geometry_alpha_0p100,alpha_blend,False,0.1,0.6889865469982581,0.4945427173503952,0.7756788665879575,0.9588112617309698,2657,79,1188,1314,0.6912201770498239,0.5668550878107922,0.5285671598691961,146a351fa9993378df5777a677fdc55ebbe51d06010f85459ead4b7da98fd7fd,cc3c8893370829b9f93397f0d03bfd31491608d4919fbe28f7780ba744ec8f56,geometry_alpha_0p100,0.1,,
geometry_alpha_0p100,alpha_blend,False,0.11998235327398044,0.7088312742630648,0.530036779730282,0.7656434474616293,0.9619395203336809,2447,73,1006,1297,0.6912201770498239,0.5668550878107922,0.5285671598691961,146a351fa9993378df5777a677fdc55ebbe51d06010f85459ead4b7da98fd7fd,04ec5630379b10821fd218c521d58967537af5c998fae13a87c86d71b764a5f4,geometry_alpha_0p100,0.1,,
geometry_alpha_0p100,alpha_blend,False,0.15,0.7257774063916231,0.5655264326965793,0.7514757969303424,0.9666319082377477,2251,64,856,1273,0.6912201770498239,0.5668550878107922,0.5285671598691961,146a351fa9993378df5777a677fdc55ebbe51d06010f85459ead4b7da98fd7fd,cff9df73d965876a3fd52cbb6525ca91002ef3e11558098305411000866c4277,geometry_alpha_0p100,0.1,,
geometry_alpha_0p100,alpha_blend,False,0.2,0.7537840385970862,0.626004016064257,0.7361275088547816,0.9765380604796663,1992,45,654,1247,0.6912201770498239,0.5668550878107922,0.5285671598691961,146a351fa9993378df5777a677fdc55ebbe51d06010f85459ead4b7da98fd7fd,e49a2cb6dcd954c57c4f574d1dfce44669e03f087d80f7f6a6350594dabf8322,geometry_alpha_0p100,0.1,,
geometry_alpha_0p100,alpha_blend,False,0.25,0.7690182026196387,0.6722037652270211,0.7166469893742621,0.9822732012513035,1806,34,516,1214,0.6912201770498239,0.5668550878107922,0.5285671598691961,146a351fa9993378df5777a677fdc55ebbe51d06010f85459ead4b7da98fd7fd,797ad8fc9ed9ca6d4c5a5b337efcaa593649b8830ee7db2533c5c43d15a811fd,geometry_alpha_0p100,0.1,,
geometry_alpha_0p100,alpha_blend,False,0.3,0.7817064250613178,0.7180109157064888,0.6989374262101535,0.9859228362877998,1649,27,403,1184,0.6912201770498239,0.5668550878107922,0.5285671598691961,146a351fa9993378df5777a677fdc55ebbe51d06010f85459ead4b7da98fd7fd,a4832fea44b8107be89d704df9bbe5dbdd3cadeac4429014999f2315e494c7d3,geometry_alpha_0p100,0.1,,
geometry_alpha_0p100,alpha_blend,False,0.35,0.7880756574116115,0.752442996742671,0.6818181818181818,0.9890510948905109,1535,21,334,1155,0.6912201770498239,0.5668550878107922,0.5285671598691961,146a351fa9993378df5777a677fdc55ebbe51d06010f85459ead4b7da98fd7fd,8359f9afd627da0960e9a2d0adb4ff026bf0b163e13ab630c1c634ba2ce0622c,geometry_alpha_0p100,0.1,,
geometry_alpha_0p100,alpha_blend,False,0.4,0.7886165778093869,0.7811188811188812,0.6593860684769776,0.9927007299270073,1430,14,276,1117,0.6912201770498239,0.5668550878107922,0.5285671598691961,146a351fa9993378df5777a677fdc55ebbe51d06010f85459ead4b7da98fd7fd,cc7a014a97098f2e4a2acb6cbf4f33df613f399b5fad3e2c4e7a48faf1d40202,geometry_alpha_0p100,0.1,,
geometry_alpha_0p100,alpha_blend,False,0.5,0.7732176177527832,0.8249594813614263,0.6009445100354192,0.9963503649635036,1234,7,186,1018,0.6912201770498239,0.5668550878107922,0.5285671598691961,146a351fa9993378df5777a677fdc55ebbe51d06010f85459ead4b7da98fd7fd,11be3a02a1fe29e34fdcca91d73cf3a9620e929cd8a1e0ab90293e9cb5d953d5,geometry_alpha_0p100,0.1,,
geometry_alpha_0p100,alpha_blend,False,0.5044750003087237,0.7706590742662719,0.8251633986928104,0.5962219598583235,0.9963503649635036,1224,7,185,1010,0.6912201770498239,0.5668550878107922,0.5285671598691961,146a351fa9993378df5777a677fdc55ebbe51d06010f85459ead4b7da98fd7fd,5b0a3f128a7ad126d5aad836b55b7fcffba346fe878e53dc5d3651443deb103d,geometry_alpha_0p100,0.1,,
geometry_alpha_0p100,alpha_blend,False,0.6,0.7465240346076236,0.875968992248062,0.5336481700118064,0.9968717413972888,1032,6,106,904,0.6912201770498239,0.5668550878107922,0.5285671598691961,146a351fa9993378df5777a677fdc55ebbe51d06010f85459ead4b7da98fd7fd,71ba072a836c723b3024f588cf7fda53681b12f171b9c8406dbc3a1cf61aa8d8,geometry_alpha_0p100,0.1,,
geometry_alpha_0p100,alpha_blend,False,0.7,0.6969128073132667,0.9151732377538829,0.45218417945690675,0.9994786235662148,837,1,61,766,0.6912201770498239,0.5668550878107922,0.5285671598691961,146a351fa9993378df5777a677fdc55ebbe51d06010f85459ead4b7da98fd7fd,6e68321173ff4e91106cd7f9eb20ca8687db9bf93da001884b612aa50649de69,geometry_alpha_0p100,0.1,,
geometry_alpha_0p100,alpha_blend,False,0.8,0.6298098894549405,0.9541284403669725,0.36835891381345925,0.9994786235662148,654,1,24,624,0.6912201770498239,0.5668550878107922,0.5285671598691961,146a351fa9993378df5777a677fdc55ebbe51d06010f85459ead4b7da98fd7fd,e8d832b7598ff24fea530c26eeeb5e5e14b3ccbd2bad4742bcdc4d7e820c7ebc,geometry_alpha_0p100,0.1,,
geometry_alpha_0p100,alpha_blend,False,0.8157670426350087,0.6086462592049572,0.9591503267973857,0.346517119244392,0.9994786235662148,612,1,19,587,0.6912201770498239,0.5668550878107922,0.5285671598691961,146a351fa9993378df5777a677fdc55ebbe51d06010f85459ead4b7da98fd7fd,45f15124f115b258f35d701b49283e234d47e798223f1a28c69d9ccdb619fd19,geometry_alpha_0p100,0.1,,
geometry_alpha_0p100,alpha_blend,False,0.9,0.4303691275167786,0.9827586206896551,0.20188902007083825,1.0,348,0,5,342,0.6912201770498239,0.5668550878107922,0.5285671598691961,146a351fa9993378df5777a677fdc55ebbe51d06010f85459ead4b7da98fd7fd,ad446f94a17c0703dc3a5ee6843730c11a4d943ad745995635ffa2d3c40a8dce,geometry_alpha_0p100,0.1,,
geometry_alpha_0p100,alpha_blend,False,0.9821840137270957,0.001768867924528302,1.0,0.0005903187721369539,1.0,1,0,0,1,0.6912201770498239,0.5668550878107922,0.5285671598691961,146a351fa9993378df5777a677fdc55ebbe51d06010f85459ead4b7da98fd7fd,5098974df0fb94e294f4e154de70961dd836b7c5b3e1940fcd1dc26a14016df3,geometry_alpha_0p100,0.1,,
geometry_alpha_0p200,alpha_blend,False,0.006019869280537438,0.333305233194423,0.1539132330499237,0.833530106257379,0.7669447340980188,9174,447,6974,1412,0.6911464552339672,0.5668002541409579,0.5281212271948034,3efd9aee95842dec469a7356c3d0fdd926ef3374e62b3c07f70df5889b00bfd6,f5d31ef3968cebcb697025d31647dccbc09753ce92f4f06421b4efc4ffc05d02,geometry_alpha_0p200,0.2,,
geometry_alpha_0p200,alpha_blend,False,0.01809222245633603,0.4413136709493012,0.22743623283191627,0.8211334120425029,0.8451511991657977,6116,297,4227,1391,0.6911464552339672,0.5668002541409579,0.5281212271948034,3efd9aee95842dec469a7356c3d0fdd926ef3374e62b3c07f70df5889b00bfd6,f438378f86c890867cf5a19795b275a31fb338c4d4531ad13d7bb981e0e32362,geometry_alpha_0p200,0.2,,
geometry_alpha_0p200,alpha_blend,False,0.05,0.5583713105228939,0.32906189555125726,0.8034238488783944,0.9181438998957248,4136,157,2501,1361,0.6911464552339672,0.5668002541409579,0.5281212271948034,3efd9aee95842dec469a7356c3d0fdd926ef3374e62b3c07f70df5889b00bfd6,239e55a67a034f7cfff6e6477f29c6afdd6301cde800e2153d56fcd6ebaf074d,geometry_alpha_0p200,0.2,,
geometry_alpha_0p200,alpha_blend,False,0.0676496959679982,0.5951592390440358,0.3678474114441417,0.7969303423848878,0.9369134515119917,3670,121,2096,1350,0.6911464552339672,0.5668002541409579,0.5281212271948034,3efd9aee95842dec469a7356c3d0fdd926ef3374e62b3c07f70df5889b00bfd6,b155d8057a83a53041588ec1f6573d01fea635e6e9b2b9dbcd586075513225e6,geometry_alpha_0p200,0.2,,
geometry_alpha_0p200,alpha_blend,False,0.1,0.6478407108297211,0.4326954265325981,0.7874852420306966,0.9525547445255474,3083,91,1571,1334,0.6911464552339672,0.5668002541409579,0.5281212271948034,3efd9aee95842dec469a7356c3d0fdd926ef3374e62b3c07f70df5889b00bfd6,2705bd4b23f11720242b757d66ab76b662c9451ad7d0ca5fc9cf55f20f5e5f1f,geometry_alpha_0p200,0.2,,
geometry_alpha_0p200,alpha_blend,False,0.15,0.7019320814783515,0.5155941571259376,0.7709563164108618,0.9640250260688217,2533,69,1093,1306,0.6911464552339672,0.5668002541409579,0.5281212271948034,3efd9aee95842dec469a7356c3d0fdd926ef3374e62b3c07f70df5889b00bfd6,293bfcd4bb0a51b26e85057cf1bc3d01b8d58c3de3daf853f87e391e51f3a147,geometry_alpha_0p200,0.2,,
geometry_alpha_0p200,alpha_blend,False,0.16183297099486468,0.7096207641958776,0.5304454434000817,0.7662337662337663,0.9640250260688217,2447,69,1018,1298,0.6911464552339672,0.5668002541409579,0.5281212271948034,3efd9aee95842dec469a7356c3d0fdd926ef3374e62b3c07f70df5889b00bfd6,caa266f0a74696f42192bee621573ebfab6cf018a61ab563dd2bea44390aff9d,geometry_alpha_0p200,0.2,,
geometry_alpha_0p200,alpha_blend,False,0.2,0.7294685622261143,0.5723951285520974,0.7491145218417946,0.970281543274244,2217,57,836,1269,0.6911464552339672,0.5668002541409579,0.5281212271948034,3efd9aee95842dec469a7356c3d0fdd926ef3374e62b3c07f70df5889b00bfd6,0c9010676f828f5c30892d54c08985d4cd34f9ef8c7a4906ea838172ccb92b99,geometry_alpha_0p200,0.2,,
geometry_alpha_0p200,alpha_blend,False,0.25,0.755061977520091,0.6275792652239557,0.7361275088547816,0.9791449426485923,1987,40,654,1247,0.6911464552339672,0.5668002541409579,0.5281212271948034,3efd9aee95842dec469a7356c3d0fdd926ef3374e62b3c07f70df5889b00bfd6,3cefd701dd2f76bc1de05b6b4d303095b946424a354b8e2fdffb5ecda05ccfb7,geometry_alpha_0p200,0.2,,
geometry_alpha_0p200,alpha_blend,False,0.3,0.7691372410515892,0.670711527854385,0.717827626918536,0.983837330552659,1813,31,524,1216,0.6911464552339672,0.5668002541409579,0.5281212271948034,3efd9aee95842dec469a7356c3d0fdd926ef3374e62b3c07f70df5889b00bfd6,6eb6d531c3455ebfca2ed44985fd4b07764419051c74097bca435b4b70ff4e90,geometry_alpha_0p200,0.2,,
geometry_alpha_0p200,alpha_blend,False,0.35,0.780487261589865,0.7141133896260555,0.6989374262101535,0.9874869655891554,1658,24,415,1184,0.6911464552339672,0.5668002541409579,0.5281212271948034,3efd9aee95842dec469a7356c3d0fdd926ef3374e62b3c07f70df5889b00bfd6,a3b01ba3d1fda6ac7f2f27adc16b9fe76800b904de520a38825f1fa8740fee33,geometry_alpha_0p200,0.2,,
geometry_alpha_0p200,alpha_blend,False,0.4,0.7883038342502862,0.7522816166883963,0.6812278630460449,0.9916579770594369,1534,16,338,1154,0.6911464552339672,0.5668002541409579,0.5281212271948034,3efd9aee95842dec469a7356c3d0fdd926ef3374e62b3c07f70df5889b00bfd6,878ecd66622fafb542541e5cbe17aadac02e1aee3cc219475f5d8116ff4b4ceb,geometry_alpha_0p200,0.2,,
geometry_alpha_0p200,alpha_blend,False,0.5,0.7846895023143615,0.8089123867069486,0.6322314049586777,0.9947862356621481,1324,10,220,1071,0.6911464552339672,0.5668002541409579,0.5281212271948034,3efd9aee95842dec469a7356c3d0fdd926ef3374e62b3c07f70df5889b00bfd6,e6d6cb4cdc1e592ba58c428cb6c205a1cf5d62dbea7606aa4de3eb05a1b3ea91,geometry_alpha_0p200,0.2,,
geometry_alpha_0p200,alpha_blend,False,0.5483058902816322,0.7730265064058433,0.8284313725490197,0.5985832349468713,0.9968717413972888,1224,6,183,1014,0.6911464552339672,0.5668002541409579,0.5281212271948034,3efd9aee95842dec469a7356c3d0fdd926ef3374e62b3c07f70df5889b00bfd6,7d6752c31d13ac6879039694c6ebf6adc614a0af25f174b8beb9efabc9240cb3,geometry_alpha_0p200,0.2,,
geometry_alpha_0p200,alpha_blend,False,0.6,0.7595770038402604,0.8568856885688569,0.5619834710743802,0.9968717413972888,1111,6,135,952,0.6911464552339672,0.5668002541409579,0.5281212271948034,3efd9aee95842dec469a7356c3d0fdd926ef3374e62b3c07f70df5889b00bfd6,da662ddd189a38f977391f01eec8bebc8e7f7a417b4ff17d9c1d00231b8615f9,geometry_alpha_0p200,0.2,,
geometry_alpha_0p200,alpha_blend,False,0.7,0.7172886962947376,0.9046563192904656,0.4817001180637544,0.9989572471324296,902,2,75,816,0.6911464552339672,0.5668002541409579,0.5281212271948034,3efd9aee95842dec469a7356c3d0fdd926ef3374e62b3c07f70df5889b00bfd6,7b095ee3e5727a93872e000cae5ebea6b9c49b142a1f021bec7ccee0612ed9cd,geometry_alpha_0p200,0.2,,
geometry_alpha_0p200,alpha_blend,False,0.8,0.6469473003738546,0.9520348837209303,0.38665879574970485,0.9994786235662148,688,1,27,655,0.6911464552339672,0.5668002541409579,0.5281212271948034,3efd9aee95842dec469a7356c3d0fdd926ef3374e62b3c07f70df5889b00bfd6,d7f42422b1d3d9f191f23900ef9ff9c79f7dfbfbc196e903ad94404d054d29f0,geometry_alpha_0p200,0.2,,
geometry_alpha_0p200,alpha_blend,False,0.8334079001259438,0.6086462592049572,0.9591503267973857,0.346517119244392,0.9994786235662148,612,1,19,587,0.6911464552339672,0.5668002541409579,0.5281212271948034,3efd9aee95842dec469a7356c3d0fdd926ef3374e62b3c07f70df5889b00bfd6,cdc22bfae50be14851783a50a0550c5b6fd1e9a2d4eb2fc34aef9260727083a7,geometry_alpha_0p200,0.2,,
geometry_alpha_0p200,alpha_blend,False,0.9,0.4571078431372549,0.979002624671916,0.22018890200708383,1.0,381,0,6,373,0.6911464552339672,0.5668002541409579,0.5281212271948034,3efd9aee95842dec469a7356c3d0fdd926ef3374e62b3c07f70df5889b00bfd6,ddc969c8c1ecfe48be49830a86715568781bec3e790c19e52a252d7622ad6153,geometry_alpha_0p200,0.2,,
geometry_alpha_0p200,alpha_blend,False,0.9841630280073227,0.001768867924528302,1.0,0.0005903187721369539,1.0,1,0,0,1,0.6911464552339672,0.5668002541409579,0.5281212271948034,3efd9aee95842dec469a7356c3d0fdd926ef3374e62b3c07f70df5889b00bfd6,5098974df0fb94e294f4e154de70961dd836b7c5b3e1940fcd1dc26a14016df3,geometry_alpha_0p200,0.2,,
geometry_alpha_0p400,alpha_blend,False,0.008548618822739239,0.3333708041661012,0.1539132330499237,0.833530106257379,0.7679874869655892,9174,445,7001,1412,0.6897021993857095,0.5650531788555412,0.5267654687319913,a7062dbc72d61b98860cde9f87a12773d5fb7ca4776913c012a576285301fef2,fffb34b933c971a801428370aa14aee49ab602911f0a0b5222cb091fdcba74d9,geometry_alpha_0p400,0.4,,
geometry_alpha_0p400,alpha_blend,False,0.029384603055479713,0.4419886540892365,0.22727272727272727,0.820543093270366,0.8555787278415016,6116,277,4274,1390,0.6897021993857095,0.5650531788555412,0.5267654687319913,a7062dbc72d61b98860cde9f87a12773d5fb7ca4776913c012a576285301fef2,029708fbe570b5f213d9c4aac5711d3502a1f085c31842203365bcf2cb6ff43c,geometry_alpha_0p400,0.4,,
geometry_alpha_0p400,alpha_blend,False,0.05,0.5041172462892413,0.27689523426503115,0.8128689492325856,0.9014598540145985,4973,189,3270,1377,0.6897021993857095,0.5650531788555412,0.5267654687319913,a7062dbc72d61b98860cde9f87a12773d5fb7ca4776913c012a576285301fef2,31320219bddb07684c4dea36a84bd1728c75261af2eef11079b42e88b353028b,geometry_alpha_0p400,0.4,,
geometry_alpha_0p400,alpha_blend,False,0.1,0.5878230054522954,0.3592878022854106,0.7981109799291618,0.9369134515119917,3763,121,2195,1352,0.6897021993857095,0.5650531788555412,0.5267654687319913,a7062dbc72d61b98860cde9f87a12773d5fb7ca4776913c012a576285301fef2,6977fd56c3ad6be165a07454c5ae54ba2c2aa3506e856f265d8cb29e32d91610,geometry_alpha_0p400,0.4,,
geometry_alpha_0p400,alpha_blend,False,0.10772426105683444,0.5959966657629513,0.3681198910081744,0.7975206611570248,0.940563086548488,3670,114,2110,1351,0.6897021993857095,0.5650531788555412,0.5267654687319913,a7062dbc72d61b98860cde9f87a12773d5fb7ca4776913c012a576285301fef2,bdc577fef6690531dc20f03011537cbbfb1f8b54def8a75d89c93d807c730233,geometry_alpha_0p400,0.4,,
geometry_alpha_0p400,alpha_blend,False,0.15,0.6432250913625224,0.42507936507936506,0.7904368358913814,0.9556830031282586,3150,85,1647,1339,0.6897021993857095,0.5650531788555412,0.5267654687319913,a7062dbc72d61b98860cde9f87a12773d5fb7ca4776913c012a576285301fef2,e5228a74c507ea998108264d0523d15ec07d10da10873f618e65ff654405e7ed,geometry_alpha_0p400,0.4,,
geometry_alpha_0p400,alpha_blend,False,0.2,0.6843962531800872,0.4859675036927622,0.7768595041322314,0.9629822732012513,2708,71,1254,1316,0.6897021993857095,0.5650531788555412,0.5267654687319913,a7062dbc72d61b98860cde9f87a12773d5fb7ca4776913c012a576285301fef2,5a231cb9c27a3751a7fe08cac8ff9b7a235ddfc73adedcbd1cc315e148c96da1,geometry_alpha_0p400,0.4,,
geometry_alpha_0p400,alpha_blend,False,0.24195628623043883,0.710051559554743,0.530036779730282,0.7656434474616293,0.9687174139728885,2447,60,1032,1297,0.6897021993857095,0.5650531788555412,0.5267654687319913,a7062dbc72d61b98860cde9f87a12773d5fb7ca4776913c012a576285301fef2,5a6dcf8ab0e0164ec3cc8f614bd0db27e5aa7c5e8f5bdba55e4134e3bf860305,geometry_alpha_0p400,0.4,,
geometry_alpha_0p400,alpha_blend,False,0.25,0.7129525779306637,0.5360696517412935,0.7632821723730815,0.9687174139728885,2412,60,1001,1293,0.6897021993857095,0.5650531788555412,0.5267654687319913,a7062dbc72d61b98860cde9f87a12773d5fb7ca4776913c012a576285301fef2,7e1a30b1ef67911f713ebe04dd197fd5d0fb8234c6c5453cd4c2e18d839f2d9d,geometry_alpha_0p400,0.4,,
geometry_alpha_0p400,alpha_blend,False,0.3,0.7345606135202136,0.5809261806510775,0.7479338842975206,0.9749739311783108,2181,48,812,1267,0.6897021993857095,0.5650531788555412,0.5267654687319913,a7062dbc72d61b98860cde9f87a12773d5fb7ca4776913c012a576285301fef2,254a596d669481c76f0f62b095af65c525a1511720153e12ce9c560dbed7fa3a,geometry_alpha_0p400,0.4,,
geometry_alpha_0p400,alpha_blend,False,0.35,0.7528581250132895,0.6243093922651933,0.7337662337662337,0.9801876955161627,1991,38,663,1243,0.6897021993857095,0.5650531788555412,0.5267654687319913,a7062dbc72d61b98860cde9f87a12773d5fb7ca4776913c012a576285301fef2,6412f85b97f052a9a6545e5980dcad623d3c6f965d3418aff10caf5fc80b550a,geometry_alpha_0p400,0.4,,
geometry_alpha_0p400,alpha_blend,False,0.4,0.7687302202127335,0.6696083838940982,0.7166469893742621,0.986444212721585,1813,26,532,1214,0.6897021993857095,0.5650531788555412,0.5267654687319913,a7062dbc72d61b98860cde9f87a12773d5fb7ca4776913c012a576285301fef2,80c9eb5a9ba66fddfa9f5a0533d2185c2292534fad059edbf58573976d09d415,geometry_alpha_0p400,0.4,,
geometry_alpha_0p400,alpha_blend,False,0.5,0.788699504666991,0.7516254876462939,0.6824085005903188,0.9921793534932221,1538,15,339,1156,0.6897021993857095,0.5650531788555412,0.5267654687319913,a7062dbc72d61b98860cde9f87a12773d5fb7ca4776913c012a576285301fef2,4d40fdcf30dabb2fd046edfd7b17dedfa634d7d0bb2a22b5cdae7e26305ac481,geometry_alpha_0p400,0.4,,
geometry_alpha_0p400,alpha_blend,False,0.6,0.7847535187655936,0.813598166539343,0.6286894923258559,0.9968717413972888,1309,6,216,1065,0.6897021993857095,0.5650531788555412,0.5267654687319913,a7062dbc72d61b98860cde9f87a12773d5fb7ca4776913c012a576285301fef2,33a1fb40f857f4454e366189badc52d92ac766e42271676280cfec82c0068620,geometry_alpha_0p400,0.4,,
geometry_alpha_0p400,alpha_blend,False,0.6373553192933749,0.7741565248441001,0.8300653594771242,0.5997638724911453,0.9968717413972888,1224,6,181,1016,0.6897021993857095,0.5650531788555412,0.5267654687319913,a7062dbc72d61b98860cde9f87a12773d5fb7ca4776913c012a576285301fef2,879587a507879dcf6b1269f42301a6d08723902dee4658ea8a0698277c057189,geometry_alpha_0p400,0.4,,
geometry_alpha_0p400,alpha_blend,False,0.7,0.7534685262104172,0.8672897196261682,0.5478158205430933,0.9968717413972888,1070,6,119,928,0.6897021993857095,0.5650531788555412,0.5267654687319913,a7062dbc72d61b98860cde9f87a12773d5fb7ca4776913c012a576285301fef2,4a900519791726850f08ba5ccbecc2f5277256cd39d865d8aa4a2ef121ec53e7,geometry_alpha_0p400,0.4,,
geometry_alpha_0p400,alpha_blend,False,0.8,0.6881692621319405,0.924223602484472,0.43919716646989376,0.9994786235662148,805,1,53,744,0.6897021993857095,0.5650531788555412,0.5267654687319913,a7062dbc72d61b98860cde9f87a12773d5fb7ca4776913c012a576285301fef2,e6e362710985bc76ab080197b3f2e29c613c8818c97fb6ee896135f262f3efb6,geometry_alpha_0p400,0.4,,
geometry_alpha_0p400,alpha_blend,False,0.8697554018132959,0.6078195705692977,0.9575163398692811,0.345926800472255,0.9994786235662148,612,1,20,586,0.6897021993857095,0.5650531788555412,0.5267654687319913,a7062dbc72d61b98860cde9f87a12773d5fb7ca4776913c012a576285301fef2,d89815f9bd3202521dfce360913a4ebca2ac411ea9dfae6fbef7e55695a956f4,geometry_alpha_0p400,0.4,,
geometry_alpha_0p400,alpha_blend,False,0.9,0.5282732447817837,0.9727463312368972,0.27390791027154665,1.0,477,0,11,464,0.6897021993857095,0.5650531788555412,0.5267654687319913,a7062dbc72d61b98860cde9f87a12773d5fb7ca4776913c012a576285301fef2,0fbbf944264bb81e78b69bf67eaa1f7af2d68620bcff36510afaee9e428ca48b,geometry_alpha_0p400,0.4,,
geometry_alpha_0p400,alpha_blend,False,0.9881210565677765,0.001768867924528302,1.0,0.0005903187721369539,1.0,1,0,0,1,0.6897021993857095,0.5650531788555412,0.5267654687319913,a7062dbc72d61b98860cde9f87a12773d5fb7ca4776913c012a576285301fef2,5098974df0fb94e294f4e154de70961dd836b7c5b3e1940fcd1dc26a14016df3,geometry_alpha_0p400,0.4,,
geometry_alpha_0p600,alpha_blend,False,0.010694751207713394,0.33370356413996893,0.1540222367560497,0.8341204250295159,0.7700729927007299,9174,441,7020,1413,0.6871436717998995,0.5631704980189808,0.5248911056518261,3b933cce421863f1f8a4699d0eeaf7c92a56b87287149d4ff142bdfee2740d9e,5958630c64066f9a7bb0a28a7dd19db32f205c6cc86ccc53c322c01c7a0cfb35,geometry_alpha_0p600,0.6,,
geometry_alpha_0p600,alpha_blend,False,0.040166615886514996,0.44298886265634135,0.22743623283191627,0.8211334120425029,0.8639207507820647,6116,261,4302,1391,0.6871436717998995,0.5631704980189808,0.5248911056518261,3b933cce421863f1f8a4699d0eeaf7c92a56b87287149d4ff142bdfee2740d9e,88b1a5ed361ac464bdeced1f1c1aea1f5918f5e96e8c6709a37f5a0ca92a4af1,geometry_alpha_0p600,0.6,,
geometry_alpha_0p600,alpha_blend,False,0.05,0.4685817688185091,0.24723707664884134,0.8187721369539551,0.8800834202294057,5610,230,3840,1387,0.6871436717998995,0.5631704980189808,0.5248911056518261,3b933cce421863f1f8a4699d0eeaf7c92a56b87287149d4ff142bdfee2740d9e,c0c01ab37f8112740fb18fa30e8342a4fd84f0345e30c40b0613008cda480e59,geometry_alpha_0p600,0.6,,
geometry_alpha_0p600,alpha_blend,False,0.1,0.5491597452016275,0.3186171455267461,0.8051948051948052,0.9238790406673618,4281,146,2668,1364,0.6871436717998995,0.5631704980189808,0.5248911056518261,3b933cce421863f1f8a4699d0eeaf7c92a56b87287149d4ff142bdfee2740d9e,a7ae0babf3382ac9be5c658c924bb9572d7b3f63f4326c7de61096ab10a41fd3,geometry_alpha_0p600,0.6,,
geometry_alpha_0p600,alpha_blend,False,0.1457856700157813,0.5962057368117105,0.3681198910081744,0.7975206611570248,0.9421272158498436,3670,111,2122,1351,0.6871436717998995,0.5631704980189808,0.5248911056518261,3b933cce421863f1f8a4699d0eeaf7c92a56b87287149d4ff142bdfee2740d9e,edd86c84b5c75222e2cc0556305647d078c5ac42bd5950153fd572e1bce0d882,geometry_alpha_0p600,0.6,,
geometry_alpha_0p600,alpha_blend,False,0.15,0.5996519430725272,0.37193272677143646,0.7963400236127509,0.9447340980187695,3627,106,2086,1349,0.6871436717998995,0.5631704980189808,0.5248911056518261,3b933cce421863f1f8a4699d0eeaf7c92a56b87287149d4ff142bdfee2740d9e,b369ebf3010066be8e95753b8fee1df734fa675ab94d419c2eced88f3a476855,geometry_alpha_0p600,0.6,,
geometry_alpha_0p600,alpha_blend,False,0.2,0.6395022882202913,0.4200626959247649,0.7910271546635183,0.9556830031282586,3190,85,1690,1340,0.6871436717998995,0.5631704980189808,0.5248911056518261,3b933cce421863f1f8a4699d0eeaf7c92a56b87287149d4ff142bdfee2740d9e,cdfadf6a805d691cdeb1ae448af7323ac0c625ecccd609478979b2318c110a1c,geometry_alpha_0p600,0.6,,
geometry_alpha_0p600,alpha_blend,False,0.25,0.6731074349987272,0.4677990092002831,0.7804014167650531,0.9635036496350365,2826,70,1367,1322,0.6871436717998995,0.5631704980189808,0.5248911056518261,3b933cce421863f1f8a4699d0eeaf7c92a56b87287149d4ff142bdfee2740d9e,851cc17a3fa8fec755078bae24eec148da2f54eecdab2e24fa6665c884172f33,geometry_alpha_0p600,0.6,,
geometry_alpha_0p600,alpha_blend,False,0.3,0.6993885288814821,0.5107885445272656,0.768595041322314,0.970281543274244,2549,57,1126,1302,0.6871436717998995,0.5631704980189808,0.5248911056518261,3b933cce421863f1f8a4699d0eeaf7c92a56b87287149d4ff142bdfee2740d9e,a622656259af1220ea561ddeb5aec11ec422edb5848aaedf697732d5ca3ed845,geometry_alpha_0p600,0.6,,
geometry_alpha_0p600,alpha_blend,False,0.32234713627705674,0.7097814152698215,0.5292194523906825,0.7644628099173554,0.9718456725755996,2447,54,1037,1295,0.6871436717998995,0.5631704980189808,0.5248911056518261,3b933cce421863f1f8a4699d0eeaf7c92a56b87287149d4ff142bdfee2740d9e,4bc9e2e06abf0f995cb1e6128a5450598e05c3380aa46923894dbc8eb36d1171,geometry_alpha_0p600,0.6,,
geometry_alpha_0p600,alpha_blend,False,0.35,0.7213719260500838,0.5510291595197255,0.7585596221959858,0.9749739311783108,2332,48,940,1285,0.6871436717998995,0.5631704980189808,0.5248911056518261,3b933cce421863f1f8a4699d0eeaf7c92a56b87287149d4ff142bdfee2740d9e,be6f5e35b97ff1924228b68f3b31ff29edbae9ca0b425afe3b07a6e590db9ff1,geometry_alpha_0p600,0.6,,
geometry_alpha_0p600,alpha_blend,False,0.4,0.7364348322957243,0.5855018587360595,0.743801652892562,0.9791449426485923,2152,40,800,1260,0.6871436717998995,0.5631704980189808,0.5248911056518261,3b933cce421863f1f8a4699d0eeaf7c92a56b87287149d4ff142bdfee2740d9e,12ab80d17c5337b86b2dd80b7ce98e5d410e67914e29297ae9c341468ab19ddc,geometry_alpha_0p600,0.6,,
geometry_alpha_0p600,alpha_blend,False,0.5,0.7664569896671553,0.6626768226332971,0.71900826446281,0.9859228362877998,1838,27,554,1218,0.6871436717998995,0.5631704980189808,0.5248911056518261,3b933cce421863f1f8a4699d0eeaf7c92a56b87287149d4ff142bdfee2740d9e,5ca7f0a9601d11ab35bc5865c6331bd4940681be3d59aec00016362b4c30edd9,geometry_alpha_0p600,0.6,,
geometry_alpha_0p600,alpha_blend,False,0.6,0.7878091334340354,0.7443946188340808,0.6859504132231405,0.9932221063607924,1561,13,357,1162,0.6871436717998995,0.5631704980189808,0.5248911056518261,3b933cce421863f1f8a4699d0eeaf7c92a56b87287149d4ff142bdfee2740d9e,acf5d6217a588b16e24a4fac10e8429ebabe0c05d96b76f755280559ff8ad268,geometry_alpha_0p600,0.6,,
geometry_alpha_0p600,alpha_blend,False,0.7,0.7853321968922707,0.8154670750382849,0.6286894923258559,0.9968717413972888,1306,6,213,1065,0.6871436717998995,0.5631704980189808,0.5248911056518261,3b933cce421863f1f8a4699d0eeaf7c92a56b87287149d4ff142bdfee2740d9e,dca8eddcb63829d8326181e9dec92fa6375cbde9c8d0deaa6c9c741f826ec8ab,geometry_alpha_0p600,0.6,,
geometry_alpha_0p600,alpha_blend,False,0.7300116350578303,0.7730265064058433,0.8284313725490197,0.5985832349468713,0.9968717413972888,1224,6,183,1014,0.6871436717998995,0.5631704980189808,0.5248911056518261,3b933cce421863f1f8a4699d0eeaf7c92a56b87287149d4ff142bdfee2740d9e,8c942ce20111f61a90d275d333d5590001c37693839e1d1cf5cbfc3a19f8cdea,geometry_alpha_0p600,0.6,,
geometry_alpha_0p600,alpha_blend,False,0.8,0.7398649210362119,0.8812375249500998,0.5212514757969303,0.9984358706986444,1002,3,102,883,0.6871436717998995,0.5631704980189808,0.5248911056518261,3b933cce421863f1f8a4699d0eeaf7c92a56b87287149d4ff142bdfee2740d9e,ddf6ff8feca1cbc87e356c3fa680473fa8533e2ba2eb66b935537ea2e0b2513a,geometry_alpha_0p600,0.6,,
geometry_alpha_0p600,alpha_blend,False,0.9,0.6259041421466857,0.955108359133127,0.3642266824085006,0.9994786235662148,646,1,23,617,0.6871436717998995,0.5631704980189808,0.5248911056518261,3b933cce421863f1f8a4699d0eeaf7c92a56b87287149d4ff142bdfee2740d9e,7a68dd99f96991856203a0bb87bbed740fe87215e7572cd76a336c3f5211b26d,geometry_alpha_0p600,0.6,,
geometry_alpha_0p600,alpha_blend,False,0.9071002323975941,0.6086462592049572,0.9591503267973857,0.346517119244392,0.9994786235662148,612,1,19,587,0.6871436717998995,0.5631704980189808,0.5248911056518261,3b933cce421863f1f8a4699d0eeaf7c92a56b87287149d4ff142bdfee2740d9e,d4e1fb800c4842ff007f63a4615074c0eabf47fb60ed2885bb59404466f84fd6,geometry_alpha_0p600,0.6,,
geometry_alpha_0p600,alpha_blend,False,0.9920790851282304,0.001768867924528302,1.0,0.0005903187721369539,1.0,1,0,0,1,0.6871436717998995,0.5631704980189808,0.5248911056518261,3b933cce421863f1f8a4699d0eeaf7c92a56b87287149d4ff142bdfee2740d9e,5098974df0fb94e294f4e154de70961dd836b7c5b3e1940fcd1dc26a14016df3,geometry_alpha_0p600,0.6,,
geometry_alpha_0p800,alpha_blend,False,0.012403254838899556,0.3340924847450741,0.1540222367560497,0.8341204250295159,0.7763295099061522,9174,429,7047,1413,0.6826838774125593,0.5594550151053278,0.5210324475376045,e7f6fc03d4bdc6c906ed1e102f6d07faa56aac68dfa1114b1aec9f043f018588,2c81c9c309a2eb88aa262c5c17ff595896fd7e9bfa9e09bd19a3e0f11008e034,geometry_alpha_0p800,0.8,,
geometry_alpha_0p800,alpha_blend,False,0.05,0.4408156911502379,0.22557122022362663,0.8217237308146399,0.8654848800834203,6171,258,4363,1392,0.6826838774125593,0.5594550151053278,0.5210324475376045,e7f6fc03d4bdc6c906ed1e102f6d07faa56aac68dfa1114b1aec9f043f018588,d8773132fb03f7eb271d05ec79333cc2954005662ef931315fe5585dda00014e,geometry_alpha_0p800,0.8,,
geometry_alpha_0p800,alpha_blend,False,0.05122971747234649,0.44357199322647395,0.2275997383911053,0.8217237308146399,0.867570385818561,6116,254,4313,1392,0.6826838774125593,0.5594550151053278,0.5210324475376045,e7f6fc03d4bdc6c906ed1e102f6d07faa56aac68dfa1114b1aec9f043f018588,fc6ff288ff414a9719e3a24f90e265f609f4ecb30bfe263ee5ec13bc1ac43256,geometry_alpha_0p800,0.8,,
geometry_alpha_0p800,alpha_blend,False,0.1,0.5200441911215468,0.2908628365486538,0.8099173553719008,0.9124087591240876,4717,168,3062,1372,0.6826838774125593,0.5594550151053278,0.5210324475376045,e7f6fc03d4bdc6c906ed1e102f6d07faa56aac68dfa1114b1aec9f043f018588,6c4457111b510ca0e7816db921aedb9990cc866e266bd4119a249434e02aa156,geometry_alpha_0p800,0.8,,
geometry_alpha_0p800,alpha_blend,False,0.15,0.5704047810326247,0.34036144578313254,0.8004722550177096,0.9327424400417101,3984,129,2407,1356,0.6826838774125593,0.5594550151053278,0.5210324475376045,e7f6fc03d4bdc6c906ed1e102f6d07faa56aac68dfa1114b1aec9f043f018588,401c6fa4dced9b9ffbd698fafd550515eb93887543c0c267e3f1760b5de20592,geometry_alpha_0p800,0.8,,
geometry_alpha_0p800,alpha_blend,False,0.18394654029179597,0.5965529739530847,0.3681198910081744,0.7975206611570248,0.9447340980187695,3670,106,2128,1351,0.6826838774125593,0.5594550151053278,0.5210324475376045,e7f6fc03d4bdc6c906ed1e102f6d07faa56aac68dfa1114b1aec9f043f018588,967a593518a81834ed8187e27d0fbd20a17eeed3104f339eca884fbf7af71722,geometry_alpha_0p800,0.8,,
geometry_alpha_0p800,alpha_blend,False,0.2,0.6074066163131822,0.3808312128922816,0.795159386068477,0.9473409801876955,3537,101,2009,1347,0.6826838774125593,0.5594550151053278,0.5210324475376045,e7f6fc03d4bdc6c906ed1e102f6d07faa56aac68dfa1114b1aec9f043f018588,288299ecfaac995b494e16d3787c1f1c791b9c4ca5790af01d77ce6233b5e53c,geometry_alpha_0p800,0.8,,
geometry_alpha_0p800,alpha_blend,False,0.25,0.6381137153537477,0.4184663536776213,0.7892561983471075,0.9572471324296141,3195,82,1702,1337,0.6826838774125593,0.5594550151053278,0.5210324475376045,e7f6fc03d4bdc6c906ed1e102f6d07faa56aac68dfa1114b1aec9f043f018588,7630105ff8988c68a35d6b9a9c8c3f66b9f3982917eada93ddb04c7ca62549bd,geometry_alpha_0p800,0.8,,
geometry_alpha_0p800,alpha_blend,False,0.3,0.6670336921012997,0.4580020739716557,0.782172373081464,0.9655891553701773,2893,66,1434,1325,0.6826838774125593,0.5594550151053278,0.5210324475376045,e7f6fc03d4bdc6c906ed1e102f6d07faa56aac68dfa1114b1aec9f043f018588,f2ac6f28f06af36bb5074db18f21ec4bca389b39c719eaa9a2188cecab816c03,geometry_alpha_0p800,0.8,,
geometry_alpha_0p800,alpha_blend,False,0.35,0.6887848774884638,0.49301623254058136,0.7709563164108618,0.9708029197080292,2649,56,1219,1306,0.6826838774125593,0.5594550151053278,0.5210324475376045,e7f6fc03d4bdc6c906ed1e102f6d07faa56aac68dfa1114b1aec9f043f018588,466ce434ea4c978382b3bfe9ce866ec9babcd46287257981d885559a88bbfdad,geometry_alpha_0p800,0.8,,
geometry_alpha_0p800,alpha_blend,False,0.4,0.7075196620092759,0.5258445258445258,0.7626918536009445,0.9734098018769551,2457,51,1053,1292,0.6826838774125593,0.5594550151053278,0.5210324475376045,e7f6fc03d4bdc6c906ed1e102f6d07faa56aac68dfa1114b1aec9f043f018588,3fdf64fff8ca19dac77c44558b720372cdc078331e2b25087466cde0aa3a095c,geometry_alpha_0p800,0.8,,
geometry_alpha_0p800,alpha_blend,False,0.4024875829751495,0.7083979883192414,0.5275847977114835,0.7621015348288076,0.9734098018769551,2447,51,1044,1291,0.6826838774125593,0.5594550151053278,0.5210324475376045,e7f6fc03d4bdc6c906ed1e102f6d07faa56aac68dfa1114b1aec9f043f018588,eaa5df84703de51dc952905d109dbac6275ce5d653d23bbd8930959f699495e7,geometry_alpha_0p800,0.8,,
geometry_alpha_0p800,alpha_blend,False,0.5,0.7357594264228177,0.5866104868913857,0.7396694214876033,0.9796663190823774,2136,39,794,1253,0.6826838774125593,0.5594550151053278,0.5210324475376045,e7f6fc03d4bdc6c906ed1e102f6d07faa56aac68dfa1114b1aec9f043f018588,bd63a60db1417435a981754b52c4d167c2149669b0dcbd9fb3b86e5ea621d076,geometry_alpha_0p800,0.8,,
geometry_alpha_0p800,alpha_blend,False,0.6,0.7647939579079057,0.656989247311828,0.7213695395513577,0.9859228362877998,1860,27,573,1222,0.6826838774125593,0.5594550151053278,0.5210324475376045,e7f6fc03d4bdc6c906ed1e102f6d07faa56aac68dfa1114b1aec9f043f018588,31e9f717a4daa7ada6b1035c02cd68f892abc70cb442e7d7b509670da724ab11,geometry_alpha_0p800,0.8,,
geometry_alpha_0p800,alpha_blend,False,0.7,0.7826635307514445,0.7330803289057558,0.6841794569067297,0.9927007299270073,1581,14,377,1159,0.6826838774125593,0.5594550151053278,0.5210324475376045,e7f6fc03d4bdc6c906ed1e102f6d07faa56aac68dfa1114b1aec9f043f018588,bef95d0643385c9e2290c4ff7263c57149403f0ab9b15b76021c938b2daded4e,geometry_alpha_0p800,0.8,,
geometry_alpha_0p800,alpha_blend,False,0.8,0.7844934385876349,0.8150422102839601,0.6269185360094451,0.9979144942648592,1303,4,215,1062,0.6826838774125593,0.5594550151053278,0.5210324475376045,e7f6fc03d4bdc6c906ed1e102f6d07faa56aac68dfa1114b1aec9f043f018588,44fdf5396ca73b5b64e1c0f6a4ab3b205dbef0f5d9054c05a4ed5013d8b4b6b7,geometry_alpha_0p800,0.8,,
geometry_alpha_0p800,alpha_blend,False,0.8240393390038714,0.7743659855529923,0.8300653594771242,0.5997638724911453,0.9979144942648592,1224,4,182,1016,0.6826838774125593,0.5594550151053278,0.5210324475376045,e7f6fc03d4bdc6c906ed1e102f6d07faa56aac68dfa1114b1aec9f043f018588,0587c35414a472b67f6bfc3e05c2e49ceb60e6aa711f56a80aa28496533cdbaa,geometry_alpha_0p800,0.8,,
geometry_alpha_0p800,alpha_blend,False,0.9,0.7083571845397201,0.9015837104072398,0.4704840613931523,0.9994786235662148,884,1,78,797,0.6826838774125593,0.5594550151053278,0.5210324475376045,e7f6fc03d4bdc6c906ed1e102f6d07faa56aac68dfa1114b1aec9f043f018588,a0184a239a1fe89a45c85aa6d2214cfad37f809a2c151cd29dfbc1b886a770e9,geometry_alpha_0p800,0.8,,
geometry_alpha_0p800,alpha_blend,False,0.9450858660433858,0.6102979224201053,0.9624183006535948,0.3476977567886659,0.9994786235662148,612,1,19,589,0.6826838774125593,0.5594550151053278,0.5210324475376045,e7f6fc03d4bdc6c906ed1e102f6d07faa56aac68dfa1114b1aec9f043f018588,077d0ab186fc372a4e9f2e3fe6ebe55aea8ae69b170d892879892b27db141879,geometry_alpha_0p800,0.8,,
geometry_alpha_0p800,alpha_blend,False,0.9960371136886844,0.001768867924528302,1.0,0.0005903187721369539,1.0,1,0,0,1,0.6826838774125593,0.5594550151053278,0.5210324475376045,e7f6fc03d4bdc6c906ed1e102f6d07faa56aac68dfa1114b1aec9f043f018588,5098974df0fb94e294f4e154de70961dd836b7c5b3e1940fcd1dc26a14016df3,geometry_alpha_0p800,0.8,,
geometry_alpha_1p000,alpha_blend,False,0.014181705875043638,0.3340821600647736,0.1539132330499237,0.833530106257379,0.7794577685088634,9174,423,7059,1412,0.6723152791657866,0.5466150622222499,0.5091320650711966,bfb7d0059ef8e766ba363101bd39cd842b773c1200f5de5848365cb3ddeb1817,0fc0262d51afd10b48ee392595cd2c5fc21893750ff4aa64e8ea30dfc41f7d3b,geometry_risk_score,1.0,,
geometry_alpha_1p000,alpha_blend,False,0.05,0.4207918208076447,0.21050248981439565,0.8234946871310508,0.8587069864442127,6627,271,4784,1395,0.6723152791657866,0.5466150622222499,0.5091320650711966,bfb7d0059ef8e766ba363101bd39cd842b773c1200f5de5848365cb3ddeb1817,f9933c48450224fd71e809aebea0ac0289645f8ad9ef42f015781c2726d1e99b,geometry_risk_score,1.0,,
geometry_alpha_1p000,alpha_blend,False,0.0618648433721698,0.4433982733265652,0.22743623283191627,0.8211334120425029,0.8686131386861313,6116,252,4324,1391,0.6723152791657866,0.5466150622222499,0.5091320650711966,bfb7d0059ef8e766ba363101bd39cd842b773c1200f5de5848365cb3ddeb1817,d1e8bee5b92e401d0805eff5e7a8ccc392ce02f1c413cfcc8a0b158771a2b20b,geometry_risk_score,1.0,,
geometry_alpha_1p000,alpha_blend,False,0.1,0.49843955496215697,0.2712765957446808,0.8128689492325856,0.9071949947862357,5076,178,3397,1377,0.6723152791657866,0.5466150622222499,0.5091320650711966,bfb7d0059ef8e766ba363101bd39cd842b773c1200f5de5848365cb3ddeb1817,3e29d9d40ea630986b519bcf79d9e8831d502f348863f984a503b2959f11968a,geometry_risk_score,1.0,,
geometry_alpha_1p000,alpha_blend,False,0.15,0.5467621569209268,0.31596015751679407,0.8051948051948052,0.9259645464025026,4317,142,2714,1364,0.6723152791657866,0.5466150622222499,0.5091320650711966,bfb7d0059ef8e766ba363101bd39cd842b773c1200f5de5848365cb3ddeb1817,7aa0274c8715f0625b895ff3520c845564c9da688b2af4ab5d60da63e156c0fc,geometry_risk_score,1.0,,
geometry_alpha_1p000,alpha_blend,False,0.2,0.5825313419812072,0.3532949790794979,0.7975206611570248,0.9384775808133472,3824,118,2265,1351,0.6723152791657866,0.5466150622222499,0.5091320650711966,bfb7d0059ef8e766ba363101bd39cd842b773c1200f5de5848365cb3ddeb1817,7517c371f167533353efdc4ab4d31d2832918892afedb63a5666806b94625772,geometry_risk_score,1.0,,
geometry_alpha_1p000,alpha_blend,False,0.2215841262573052,0.5958555125355998,0.367574931880109,0.7963400236127509,0.9447340980187695,3670,106,2132,1349,0.6723152791657866,0.5466150622222499,0.5091320650711966,bfb7d0059ef8e766ba363101bd39cd842b773c1200f5de5848365cb3ddeb1817,6bf171bc88b06cc798f7122fd95e7eac868b69f37432c41bb038b724d0560b5c,geometry_risk_score,1.0,,
geometry_alpha_1p000,alpha_blend,False,0.25,0.6115956131676938,0.3858742463393626,0.7933884297520661,0.9494264859228363,3483,97,1966,1344,0.6723152791657866,0.5466150622222499,0.5091320650711966,bfb7d0059ef8e766ba363101bd39cd842b773c1200f5de5848365cb3ddeb1817,c1410d49360d3d833c9801c76686674f17b6965ff4f2838421412295747aff20,geometry_risk_score,1.0,,
geometry_alpha_1p000,alpha_blend,False,0.3,0.6379510303716657,0.4176305095342294,0.7886658795749705,0.9614181438998958,3199,74,1714,1336,0.6723152791657866,0.5466150622222499,0.5091320650711966,bfb7d0059ef8e766ba363101bd39cd842b773c1200f5de5848365cb3ddeb1817,f8930da16e1c301180e226797767d7d1f66495147bc03d11066b67372dcdd9dc,geometry_risk_score,1.0,,
geometry_alpha_1p000,alpha_blend,False,0.35,0.6609896181967512,0.4489519945909398,0.7839433293978748,0.9655891553701773,2958,66,1492,1328,0.6723152791657866,0.5466150622222499,0.5091320650711966,bfb7d0059ef8e766ba363101bd39cd842b773c1200f5de5848365cb3ddeb1817,46fd5979892640fa7887fd68a6f88a00fbdd7e005e4d91237e9c297106c431e3,geometry_risk_score,1.0,,
geometry_alpha_1p000,alpha_blend,False,0.4,0.6809351234248318,0.48021978021978023,0.7739079102715466,0.9697601668404588,2730,58,1295,1311,0.6723152791657866,0.5466150622222499,0.5091320650711966,bfb7d0059ef8e766ba363101bd39cd842b773c1200f5de5848365cb3ddeb1817,dd74ce3f175fecffca9516cf64d546e2507805dee7a1b19f0715143729e1339e,geometry_risk_score,1.0,,
geometry_alpha_1p000,alpha_blend,False,0.48425198755809223,0.707566455553847,0.526767470371884,0.7609208972845336,0.9734098018769551,2447,51,1046,1289,0.6723152791657866,0.5466150622222499,0.5091320650711966,bfb7d0059ef8e766ba363101bd39cd842b773c1200f5de5848365cb3ddeb1817,2dec494e55d731f035b5fd36550bceee3522ed48c0642333bf7b8435a4d1f601,geometry_risk_score,1.0,,
geometry_alpha_1p000,alpha_blend,False,0.5,0.7127273488865409,0.5358333333333334,0.7591499409681228,0.9749739311783108,2400,48,1005,1286,0.6723152791657866,0.5466150622222499,0.5091320650711966,bfb7d0059ef8e766ba363101bd39cd842b773c1200f5de5848365cb3ddeb1817,438c93cea3fed5e8f85816b52939b0143ee347be27d5d0760a536aceb2e74a65,geometry_risk_score,1.0,,
geometry_alpha_1p000,alpha_blend,False,0.6,0.7362505313683027,0.5892351274787535,0.7367178276269185,0.9801876955161627,2118,38,786,1248,0.6723152791657866,0.5466150622222499,0.5091320650711966,bfb7d0059ef8e766ba363101bd39cd842b773c1200f5de5848365cb3ddeb1817,204635d4c5a53cde9ca40299e291db88c23a100a9737d55ad20c6367fd7a50a0,geometry_risk_score,1.0,,
geometry_alpha_1p000,alpha_blend,False,0.7,0.7603181177920446,0.6500802568218299,0.7172373081463991,0.9869655891553701,1869,25,590,1215,0.6723152791657866,0.5466150622222499,0.5091320650711966,bfb7d0059ef8e766ba363101bd39cd842b773c1200f5de5848365cb3ddeb1817,1be97bbafc6bf45e6ad2baf7672bfee0ded97936188db9a564bc05115996aa89,geometry_risk_score,1.0,,
geometry_alpha_1p000,alpha_blend,False,0.8,0.775814857635297,0.717391304347826,0.6818181818181818,0.9937434827945777,1610,12,410,1155,0.6723152791657866,0.5466150622222499,0.5091320650711966,bfb7d0059ef8e766ba363101bd39cd842b773c1200f5de5848365cb3ddeb1817,53775a604c4425697aa4091638828e1a07f9ee6aaba3629f0026ea87be7db339,geometry_risk_score,1.0,,
geometry_alpha_1p000,alpha_blend,False,0.9,0.7788458035338472,0.8084615384615385,0.6204250295159386,0.9968717413972888,1300,6,222,1051,0.6723152791657866,0.5466150622222499,0.5091320650711966,bfb7d0059ef8e766ba363101bd39cd842b773c1200f5de5848365cb3ddeb1817,f11af0e4313c8de702befd99203a5af2f81ce4c1f78b3fab683b1cf193853d35,geometry_risk_score,1.0,,
geometry_alpha_1p000,alpha_blend,False,0.9168994972579956,0.7716410958423652,0.8259803921568627,0.5968122786304605,0.9984358706986444,1224,3,189,1011,0.6723152791657866,0.5466150622222499,0.5091320650711966,bfb7d0059ef8e766ba363101bd39cd842b773c1200f5de5848365cb3ddeb1817,e282a383537c8448ad747b6b2967c3bb644c6902f7e917ca8fefd5f6734bd616,geometry_risk_score,1.0,,
geometry_alpha_1p000,alpha_blend,False,0.9843946372467847,0.6070563818747838,0.9558823529411765,0.34533648170011805,1.0,612,0,23,585,0.6723152791657866,0.5466150622222499,0.5091320650711966,bfb7d0059ef8e766ba363101bd39cd842b773c1200f5de5848365cb3ddeb1817,8cc9f0453895576ae9cbaf9c7c7f0ac9e13035c129aec4de9f906c9498e3745a,geometry_risk_score,1.0,,
geometry_alpha_1p000,alpha_blend,False,0.9999951422491383,0.001768867924528302,1.0,0.0005903187721369539,1.0,1,0,0,1,0.6723152791657866,0.5466150622222499,0.5091320650711966,bfb7d0059ef8e766ba363101bd39cd842b773c1200f5de5848365cb3ddeb1817,5098974df0fb94e294f4e154de70961dd836b7c5b3e1940fcd1dc26a14016df3,geometry_risk_score,1.0,,
class_reliability_gamma_0p250,class_scaled_raw,True,0.0019094226150997615,0.33180303485362045,0.15347721822541965,0.8311688311688312,0.7559958289885297,9174,468,6915,1408,0.6922885428849208,0.5676620864857058,0.5293559964411817,e2fbb6eac18968c3622fa8990c25a01673b4c96e16ceeb46d3a0de74773777ae,7ecef8893336b09b6bb1c2f5d06d2c42dc6fab87c5c81b2e8642ae29eddeba66,class_reliability_gamma_0p250,,0.25,
class_reliability_gamma_0p250,class_scaled_raw,True,0.005816032853302953,0.43897384185718485,0.22678221059516024,0.8187721369539551,0.8310740354535975,6116,324,4153,1387,0.6922885428849208,0.5676620864857058,0.5293559964411817,e2fbb6eac18968c3622fa8990c25a01673b4c96e16ceeb46d3a0de74773777ae,6b091c83dac364e64c09586d51b8c0e7aa2d379ec6f21b0936e53744c7975317,class_reliability_gamma_0p250,,0.25,
class_reliability_gamma_0p250,class_scaled_raw,True,0.025206325274641537,0.5927541315361347,0.367574931880109,0.7963400236127509,0.921793534932221,3670,150,2044,1349,0.6922885428849208,0.5676620864857058,0.5293559964411817,e2fbb6eac18968c3622fa8990c25a01673b4c96e16ceeb46d3a0de74773777ae,eed71f8f70ede92a874db31300c5c1c1e0b56e16b3f35066cf9cad8dab406131,class_reliability_gamma_0p250,,0.25,
class_reliability_gamma_0p250,class_scaled_raw,True,0.05,0.6698694810806782,0.46629015178256267,0.7798110979929161,0.9509906152241918,2833,94,1332,1321,0.6922885428849208,0.5676620864857058,0.5293559964411817,e2fbb6eac18968c3622fa8990c25a01673b4c96e16ceeb46d3a0de74773777ae,12378b7928da85b33559274e37d3c76e78e2bb648ec255a8ffca783c91c8eab9,class_reliability_gamma_0p250,,0.25,
class_reliability_gamma_0p250,class_scaled_raw,True,0.0754775910512728,0.7078519837636312,0.5296281160604822,0.7650531286894924,0.9588112617309698,2447,79,1002,1296,0.6922885428849208,0.5676620864857058,0.5293559964411817,e2fbb6eac18968c3622fa8990c25a01673b4c96e16ceeb46d3a0de74773777ae,5500258e232d58cb61c86523999f8e4424ec05236f402d6446aea2b46616931b,class_reliability_gamma_0p250,,0.25,
class_reliability_gamma_0p250,class_scaled_raw,True,0.1,0.728087774139446,0.5709793351302785,0.7502951593860685,0.9650677789363921,2226,67,825,1271,0.6922885428849208,0.5676620864857058,0.5293559964411817,e2fbb6eac18968c3622fa8990c25a01673b4c96e16ceeb46d3a0de74773777ae,bf7c71eb505cca39ef23ec4c6f093bd17c2c1f7ab0c850cc18f97f86ea191237,class_reliability_gamma_0p250,,0.25,
class_reliability_gamma_0p250,class_scaled_raw,True,0.15,0.7560641729652984,0.6351490236382322,0.7296340023612751,0.9775808133472367,1946,43,619,1236,0.6922885428849208,0.5676620864857058,0.5293559964411817,e2fbb6eac18968c3622fa8990c25a01673b4c96e16ceeb46d3a0de74773777ae,6122d79569b0ec4f08d218d17cb9593c51e86d5f398039c663812e253d7388e9,class_reliability_gamma_0p250,,0.25,
class_reliability_gamma_0p250,class_scaled_raw,True,0.2,0.7736117845099503,0.6871794871794872,0.7119244391971665,0.9822732012513035,1755,34,477,1206,0.6922885428849208,0.5676620864857058,0.5293559964411817,e2fbb6eac18968c3622fa8990c25a01673b4c96e16ceeb46d3a0de74773777ae,e47ff433be59c892123a4131e7a1c057e75b909c1ca57cf195c802e23071a588,class_reliability_gamma_0p250,,0.25,
class_reliability_gamma_0p250,class_scaled_raw,True,0.25,0.7831508487815518,0.7310819262038775,0.6900826446280992,0.986444212721585,1599,26,374,1169,0.6922885428849208,0.5676620864857058,0.5293559964411817,e2fbb6eac18968c3622fa8990c25a01673b4c96e16ceeb46d3a0de74773777ae,7c86b071b725e7590a0e06948758543430034646a93be190a8ad10d528ced95a,class_reliability_gamma_0p250,,0.25,
class_reliability_gamma_0p250,class_scaled_raw,True,0.3,0.7863803338061987,0.7634770889487871,0.6688311688311688,0.9900938477580813,1484,19,309,1133,0.6922885428849208,0.5676620864857058,0.5293559964411817,e2fbb6eac18968c3622fa8990c25a01673b4c96e16ceeb46d3a0de74773777ae,dd12b91124a9989205dc2f9f704c0696321ce2565f0a664282df49a808d96559,class_reliability_gamma_0p250,,0.25,
class_reliability_gamma_0p250,class_scaled_raw,True,0.35,0.7886938624447569,0.8002926115581566,0.6458087367178277,0.9942648592283628,1367,11,238,1094,0.6922885428849208,0.5676620864857058,0.5293559964411817,e2fbb6eac18968c3622fa8990c25a01673b4c96e16ceeb46d3a0de74773777ae,bbadd35daf26bcdae0f0748da84152e0af30f98af9027a8d0b837518e8271ae3,class_reliability_gamma_0p250,,0.25,
class_reliability_gamma_0p250,class_scaled_raw,True,0.4,0.7804666084257255,0.8202511773940345,0.6168831168831169,0.9963503649635036,1274,7,199,1045,0.6922885428849208,0.5676620864857058,0.5293559964411817,e2fbb6eac18968c3622fa8990c25a01673b4c96e16ceeb46d3a0de74773777ae,f3bb906021faf5e12d484cafe06002987fac90176595a5d08a3e2a8fba80c132,class_reliability_gamma_0p250,,0.25,
class_reliability_gamma_0p250,class_scaled_raw,True,0.4254240976284375,0.7706590742662719,0.8251633986928104,0.5962219598583235,0.9963503649635036,1224,7,185,1010,0.6922885428849208,0.5676620864857058,0.5293559964411817,e2fbb6eac18968c3622fa8990c25a01673b4c96e16ceeb46d3a0de74773777ae,e1beea3bf47ac007dc82c58d5c983805e4eaa7762f3908d44d12366ed49e9c60,class_reliability_gamma_0p250,,0.25,
class_reliability_gamma_0p250,class_scaled_raw,True,0.5,0.7526467246870181,0.8611111111111112,0.5489964580873672,0.9968717413972888,1080,6,127,930,0.6922885428849208,0.5676620864857058,0.5293559964411817,e2fbb6eac18968c3622fa8990c25a01673b4c96e16ceeb46d3a0de74773777ae,a4a5fc7f79b7079fef5c5f0d823594626a4e31a6645026ce385523e121bbc5b2,class_reliability_gamma_0p250,,0.25,
class_reliability_gamma_0p250,class_scaled_raw,True,0.6,0.713439334881636,0.9047085201793722,0.47638724911452185,0.9994786235662148,892,1,76,807,0.6922885428849208,0.5676620864857058,0.5293559964411817,e2fbb6eac18968c3622fa8990c25a01673b4c96e16ceeb46d3a0de74773777ae,2f1e777dfbed3ab4edea00b18f7aa17d1c70f25f916898584dc52263d1b7faf0,class_reliability_gamma_0p250,,0.25,
class_reliability_gamma_0p250,class_scaled_raw,True,0.7,0.645895153313551,0.9518950437317785,0.3854781582054309,1.0,686,0,28,653,0.6922885428849208,0.5676620864857058,0.5293559964411817,e2fbb6eac18968c3622fa8990c25a01673b4c96e16ceeb46d3a0de74773777ae,79dd2ad9e6cd435b04aa7c1e0b754607211da3af80d01c844438ff9d334517fd,class_reliability_gamma_0p250,,0.25,
class_reliability_gamma_0p250,class_scaled_raw,True,0.7441671956302658,0.6070563818747838,0.9558823529411765,0.34533648170011805,1.0,612,0,22,585,0.6922885428849208,0.5676620864857058,0.5293559964411817,e2fbb6eac18968c3622fa8990c25a01673b4c96e16ceeb46d3a0de74773777ae,e6d18260812e03e98c5d45061d9168ce2f942783c59097dcb4b1b3207e26aca4,class_reliability_gamma_0p250,,0.25,
class_reliability_gamma_0p250,class_scaled_raw,True,0.8,0.507745933384973,0.9689578713968958,0.2579693034238489,1.0,451,0,12,437,0.6922885428849208,0.5676620864857058,0.5293559964411817,e2fbb6eac18968c3622fa8990c25a01673b4c96e16ceeb46d3a0de74773777ae,5eb6a402f8729aa86580b57965ee3049cfbb40047eecf70067ff8e2e5a7cfaf6,class_reliability_gamma_0p250,,0.25,
class_reliability_gamma_0p250,class_scaled_raw,True,0.9,0.1777546777546777,0.9827586206896551,0.06729634002361275,1.0,116,0,2,114,0.6922885428849208,0.5676620864857058,0.5293559964411817,e2fbb6eac18968c3622fa8990c25a01673b4c96e16ceeb46d3a0de74773777ae,0ddeb3171286897d3d7f01bf13e25f154bce10abcf4c0d90f84b0a137e94f37c,class_reliability_gamma_0p250,,0.25,
class_reliability_gamma_0p250,class_scaled_raw,True,0.9587688119686151,0.001768867924528302,1.0,0.0005903187721369539,1.0,1,0,0,1,0.6922885428849208,0.5676620864857058,0.5293559964411817,e2fbb6eac18968c3622fa8990c25a01673b4c96e16ceeb46d3a0de74773777ae,d054229cec33bb2a0f661c39ed99edfc67e6b8af845b2a514720e841bb6d3b43,class_reliability_gamma_0p250,,0.25,
class_reliability_gamma_0p500,class_scaled_raw,True,0.001700850491116088,0.3317360010691307,0.15347721822541965,0.8311688311688312,0.7549530761209593,9174,470,6912,1408,0.6922885428849208,0.5676620864857058,0.5293559964411817,ca88befc3ff765af806f1f57a7eb8b3d1c756d79ee3ef2d11da4b61493ce1ab1,e4d3c633bf1fa0ea16ba16ba0f7abca987013aa9b071d3bbd8ae740d716d31eb,class_reliability_gamma_0p500,,0.5,
class_reliability_gamma_0p500,class_scaled_raw,True,0.005200182156414206,0.43933156624365105,0.22694571615434925,0.8193624557260921,0.8321167883211679,6116,322,4153,1388,0.6922885428849208,0.5676620864857058,0.5293559964411817,ca88befc3ff765af806f1f57a7eb8b3d1c756d79ee3ef2d11da4b61493ce1ab1,1bbba16990d51688eaae04297168b5e6504e4f27a06a2b22973d1767e95f134d,class_reliability_gamma_0p500,,0.5,
class_reliability_gamma_0p500,class_scaled_raw,True,0.02300444075810781,0.5928383961921131,0.3673024523160763,0.7957497048406139,0.9249217935349322,3670,144,2053,1348,0.6922885428849208,0.5676620864857058,0.5293559964411817,ca88befc3ff765af806f1f57a7eb8b3d1c756d79ee3ef2d11da4b61493ce1ab1,3a9b0b538e04ace7c90b6ec23884be1cdf554a87ea3047907911c768c8118543,class_reliability_gamma_0p500,,0.5,
class_reliability_gamma_0p500,class_scaled_raw,True,0.05,0.6793370841777568,0.48099415204678364,0.7768595041322314,0.9525547445255474,2736,91,1247,1316,0.6922885428849208,0.5676620864857058,0.5293559964411817,ca88befc3ff765af806f1f57a7eb8b3d1c756d79ee3ef2d11da4b61493ce1ab1,010bf6d83e5b16043052e5eda8390a536d5e725311a7b6ca9dc90c0fb5793d26,class_reliability_gamma_0p500,,0.5,
class_reliability_gamma_0p500,class_scaled_raw,True,0.0684056097648869,0.7082302496710927,0.5296281160604822,0.7650531286894924,0.9608967674661105,2447,75,1006,1296,0.6922885428849208,0.5676620864857058,0.5293559964411817,ca88befc3ff765af806f1f57a7eb8b3d1c756d79ee3ef2d11da4b61493ce1ab1,917fdb6501678f87df0c9a68d7377ad8a947b6fdd8d73bfca55bc1b0b3e9b9ef,class_reliability_gamma_0p500,,0.5,
class_reliability_gamma_0p500,class_scaled_raw,True,0.1,0.7345824579158753,0.5841035120147874,0.7461629279811098,0.9692387904066736,2164,59,786,1264,0.6922885428849208,0.5676620864857058,0.5293559964411817,ca88befc3ff765af806f1f57a7eb8b3d1c756d79ee3ef2d11da4b61493ce1ab1,c699f4c413d299a075400622e4540f9ef8486bdee0a8ff5f2b510095d4dc485e,class_reliability_gamma_0p500,,0.5,
class_reliability_gamma_0p500,class_scaled_raw,True,0.15,0.7625780459418097,0.6531699520511455,0.7237308146399055,0.9791449426485923,1877,40,567,1226,0.6922885428849208,0.5676620864857058,0.5293559964411817,ca88befc3ff765af806f1f57a7eb8b3d1c756d79ee3ef2d11da4b61493ce1ab1,4317889c08d71319e0c1e453180534c73a6e297906508f116da7d7dd7e8b9ecb,class_reliability_gamma_0p500,,0.5,
class_reliability_gamma_0p500,class_scaled_raw,True,0.2,0.775115804176938,0.6994117647058824,0.7018890200708382,0.9843587069864442,1700,30,446,1189,0.6922885428849208,0.5676620864857058,0.5293559964411817,ca88befc3ff765af806f1f57a7eb8b3d1c756d79ee3ef2d11da4b61493ce1ab1,e8d61e616394e93b8ed29545dcb4d419209c93f35f3c6ebfb6e235a64b964cc8,class_reliability_gamma_0p500,,0.5,
class_reliability_gamma_0p500,class_scaled_raw,True,0.25,0.7841059347384898,0.7445019404915912,0.679456906729634,0.9890510948905109,1546,21,348,1151,0.6922885428849208,0.5676620864857058,0.5293559964411817,ca88befc3ff765af806f1f57a7eb8b3d1c756d79ee3ef2d11da4b61493ce1ab1,31f3ecb6a82f12c412e70771d168b63fe8bb4ef05c0e4e341fdc97743f7d7322,class_reliability_gamma_0p500,,0.5,
class_reliability_gamma_0p500,class_scaled_raw,True,0.3,0.7848522091945865,0.7788732394366197,0.6528925619834711,0.9932221063607924,1420,13,278,1106,0.6922885428849208,0.5676620864857058,0.5293559964411817,ca88befc3ff765af806f1f57a7eb8b3d1c756d79ee3ef2d11da4b61493ce1ab1,c1d36ad6ed22b1b1fa9dbca74568a45797207bff1170558b07eb83e21d61371b,class_reliability_gamma_0p500,,0.5,
class_reliability_gamma_0p500,class_scaled_raw,True,0.35,0.7851186036304102,0.8121673003802281,0.6304604486422668,0.9963503649635036,1315,7,217,1068,0.6922885428849208,0.5676620864857058,0.5293559964411817,ca88befc3ff765af806f1f57a7eb8b3d1c756d79ee3ef2d11da4b61493ce1ab1,94076178b49bdc76725bc135822bd7edd36bff525e2053a42c52c552cf481f86,class_reliability_gamma_0p500,,0.5,
class_reliability_gamma_0p500,class_scaled_raw,True,0.39337431036768733,0.7707630092932837,0.8251633986928104,0.5962219598583235,0.9968717413972888,1224,6,186,1010,0.6922885428849208,0.5676620864857058,0.5293559964411817,ca88befc3ff765af806f1f57a7eb8b3d1c756d79ee3ef2d11da4b61493ce1ab1,470e0e04d45517483219a26ee2639a90ec5ace87c8d03f0c9f6ac36f4a364cd7,class_reliability_gamma_0p500,,0.5,
class_reliability_gamma_0p500,class_scaled_raw,True,0.4,0.7674510735650332,0.826302729528536,0.589728453364817,0.9968717413972888,1209,6,182,999,0.6922885428849208,0.5676620864857058,0.5293559964411817,ca88befc3ff765af806f1f57a7eb8b3d1c756d79ee3ef2d11da4b61493ce1ab1,a01e2bf141972b7c907ed592c5f9af013906db787650f5423b3f16e16e7548f1,class_reliability_gamma_0p500,,0.5,
class_reliability_gamma_0p500,class_scaled_raw,True,0.5,0.7337256679488757,0.8762575452716298,0.5141676505312869,0.997393117831074,994,5,106,871,0.6922885428849208,0.5676620864857058,0.5293559964411817,ca88befc3ff765af806f1f57a7eb8b3d1c756d79ee3ef2d11da4b61493ce1ab1,f44e5a2ba1c861e76dd61821d893a1eaf5d80dd51e94fec7e47a3d28abe48f47,class_reliability_gamma_0p500,,0.5,
class_reliability_gamma_0p500,class_scaled_raw,True,0.6,0.6838849365914013,0.9189526184538653,0.43506493506493504,1.0,802,0,59,737,0.6922885428849208,0.5676620864857058,0.5293559964411817,ca88befc3ff765af806f1f57a7eb8b3d1c756d79ee3ef2d11da4b61493ce1ab1,2cc217842d1d4ecad99677ccf3417622ffaaa80ab9075002b24d222010afbae7,class_reliability_gamma_0p500,,0.5,
class_reliability_gamma_0p500,class_scaled_raw,True,0.6888715085405817,0.6045706371191135,0.9509803921568627,0.3435655253837072,1.0,612,0,25,582,0.6922885428849208,0.5676620864857058,0.5293559964411817,ca88befc3ff765af806f1f57a7eb8b3d1c756d79ee3ef2d11da4b61493ce1ab1,587875696ec81c58f05ddecf5ffade583c36cd267799c41ffcfebb563d7fbf4a,class_reliability_gamma_0p500,,0.5,
class_reliability_gamma_0p500,class_scaled_raw,True,0.7,0.5953797689884495,0.9513422818791947,0.3347107438016529,1.0,596,0,25,567,0.6922885428849208,0.5676620864857058,0.5293559964411817,ca88befc3ff765af806f1f57a7eb8b3d1c756d79ee3ef2d11da4b61493ce1ab1,7c1de59721ad9cf469e4305aae75adf9361c3c94170610e4fe293f0cf579b04c,class_reliability_gamma_0p500,,0.5,
class_reliability_gamma_0p500,class_scaled_raw,True,0.8,0.41822033898305083,0.9762611275964391,0.19421487603305784,1.0,337,0,7,329,0.6922885428849208,0.5676620864857058,0.5293559964411817,ca88befc3ff765af806f1f57a7eb8b3d1c756d79ee3ef2d11da4b61493ce1ab1,bb15c9f2c93a70d61021eb176f54990ba65f2a517d670d008687ac104c3459d8,class_reliability_gamma_0p500,,0.5,
class_reliability_gamma_0p500,class_scaled_raw,True,0.9,0.02267441860465116,1.0,0.007674144037780401,1.0,13,0,0,13,0.6922885428849208,0.5676620864857058,0.5293559964411817,ca88befc3ff765af806f1f57a7eb8b3d1c756d79ee3ef2d11da4b61493ce1ab1,1383dcd810278b83164bdae1835aa86e33fcce85421cdd06ce3832300adb231f,class_reliability_gamma_0p500,,0.5,
class_reliability_gamma_0p500,class_scaled_raw,True,0.9505932084673646,0.001768867924528302,1.0,0.0005903187721369539,1.0,1,0,0,1,0.6922885428849208,0.5676620864857058,0.5293559964411817,ca88befc3ff765af806f1f57a7eb8b3d1c756d79ee3ef2d11da4b61493ce1ab1,d054229cec33bb2a0f661c39ed99edfc67e6b8af845b2a514720e841bb6d3b43,class_reliability_gamma_0p500,,0.5,
class_reliability_gamma_0p750,class_scaled_raw,True,0.0015143649521873945,0.33207075889323434,0.15369522563767168,0.8323494687131051,0.7539103232533889,9174,472,6911,1410,0.6922885428849208,0.5676620864857058,0.5293559964411817,0113e421dc8ae53c3a879c6a7011d3ee676b86becf4b3afc153d654c36a31a66,0acdbc4f603c96419fc4663cf91f6a11c0f5936bba075c1fa046e26ca266b705,class_reliability_gamma_0p750,,0.75,
class_reliability_gamma_0p750,class_scaled_raw,True,0.004689162383976547,0.4390887157611261,0.22694571615434925,0.8193624557260921,0.829509906152242,6116,327,4151,1388,0.6922885428849208,0.5676620864857058,0.5293559964411817,0113e421dc8ae53c3a879c6a7011d3ee676b86becf4b3afc153d654c36a31a66,55080ebacd6de191c71ccb5eb08a69d2ee1ee5da91d3e972a0e80c5f5fb51834,class_reliability_gamma_0p750,,0.75,
class_reliability_gamma_0p750,class_scaled_raw,True,0.02097766444265196,0.5929810679191619,0.3673024523160763,0.7957497048406139,0.9259645464025026,3670,142,2057,1348,0.6922885428849208,0.5676620864857058,0.5293559964411817,0113e421dc8ae53c3a879c6a7011d3ee676b86becf4b3afc153d654c36a31a66,6a10807f2fc29ea0c9edf4f001b277a9f83cf1a5b686fafd6700ad20c6142cc6,class_reliability_gamma_0p750,,0.75,
class_reliability_gamma_0p750,class_scaled_raw,True,0.05,0.6877919901100517,0.4939713639788998,0.7739079102715466,0.956725755995829,2654,83,1183,1311,0.6922885428849208,0.5676620864857058,0.5293559964411817,0113e421dc8ae53c3a879c6a7011d3ee676b86becf4b3afc153d654c36a31a66,3fa93ef58e729162c5cb3abb3464cb06de5ee51ae17a0ded89af68c8d6539466,class_reliability_gamma_0p750,,0.75,
class_reliability_gamma_0p750,class_scaled_raw,True,0.062225048210752414,0.7075937382959576,0.5288107887208827,0.7638724911452184,0.9619395203336809,2447,73,1011,1294,0.6922885428849208,0.5676620864857058,0.5293559964411817,0113e421dc8ae53c3a879c6a7011d3ee676b86becf4b3afc153d654c36a31a66,f06d7dc971d717ad99852545b5c74eabe6550276e25cfdd9ec3faa4b07ca7a0e,class_reliability_gamma_0p750,,0.75,
class_reliability_gamma_0p750,class_scaled_raw,True,0.1,0.741058497370202,0.5978105663969538,0.7414403778040142,0.9739311783107404,2101,50,744,1256,0.6922885428849208,0.5676620864857058,0.5293559964411817,0113e421dc8ae53c3a879c6a7011d3ee676b86becf4b3afc153d654c36a31a66,b95ff3dfa0e0b046de8f15fdfe59c34507375d643dabf646935fed1d8a9a45f4,class_reliability_gamma_0p750,,0.75,
class_reliability_gamma_0p750,class_scaled_raw,True,0.15,0.7666456426236128,0.667032967032967,0.7166469893742621,0.9817518248175182,1820,35,531,1214,0.6922885428849208,0.5676620864857058,0.5293559964411817,0113e421dc8ae53c3a879c6a7011d3ee676b86becf4b3afc153d654c36a31a66,061a1f097b9ff942e12ba26ecad2082669c63692a7af068e6e8f7c8c186e51a5,class_reliability_gamma_0p750,,0.75,
class_reliability_gamma_0p750,class_scaled_raw,True,0.2,0.778073876605617,0.7155067155067155,0.69185360094451,0.9874869655891554,1638,24,409,1172,0.6922885428849208,0.5676620864857058,0.5293559964411817,0113e421dc8ae53c3a879c6a7011d3ee676b86becf4b3afc153d654c36a31a66,99161091b65ad794b2b8b469a10d500ee9ee4b435781851f3fc65707276cd019,class_reliability_gamma_0p750,,0.75,
class_reliability_gamma_0p750,class_scaled_raw,True,0.25,0.7843339111920584,0.76062036412677,0.6658795749704841,0.9916579770594369,1483,16,315,1128,0.6922885428849208,0.5676620864857058,0.5293559964411817,0113e421dc8ae53c3a879c6a7011d3ee676b86becf4b3afc153d654c36a31a66,2d46ed53517f05835403247c39d8f4ac074d1e9447a6455390054bcd1fe087dc,class_reliability_gamma_0p750,,0.75,
class_reliability_gamma_0p750,class_scaled_raw,True,0.3,0.7832820487798835,0.7938371239911959,0.6387249114521841,0.9953076120959332,1363,9,249,1082,0.6922885428849208,0.5676620864857058,0.5293559964411817,0113e421dc8ae53c3a879c6a7011d3ee676b86becf4b3afc153d654c36a31a66,df0eeb263fd9adf7500366e4ea615763526ecd3edcf416c73e5fa7915339c929,class_reliability_gamma_0p750,,0.75,
class_reliability_gamma_0p750,class_scaled_raw,True,0.35,0.7716903942539732,0.8201612903225807,0.6003541912632822,0.997393117831074,1240,5,196,1017,0.6922885428849208,0.5676620864857058,0.5293559964411817,0113e421dc8ae53c3a879c6a7011d3ee676b86becf4b3afc153d654c36a31a66,6063cef227e64b4978ac5000982e38629afddd9aa4a1a08000348a1411b3b111,class_reliability_gamma_0p750,,0.75,
class_reliability_gamma_0p750,class_scaled_raw,True,0.3594316758742871,0.7685981307415874,0.8218954248366013,0.5938606847697757,0.997393117831074,1224,5,192,1006,0.6922885428849208,0.5676620864857058,0.5293559964411817,0113e421dc8ae53c3a879c6a7011d3ee676b86becf4b3afc153d654c36a31a66,d71362feee0d5f6758974666e1587ff2311a33fa2fec736d4994e708cf677c1b,class_reliability_gamma_0p750,,0.75,
class_reliability_gamma_0p750,class_scaled_raw,True,0.4,0.7529751691706024,0.8340649692712906,0.5608028335301063,0.9979144942648592,1139,4,166,950,0.6922885428849208,0.5676620864857058,0.5293559964411817,0113e421dc8ae53c3a879c6a7011d3ee676b86becf4b3afc153d654c36a31a66,428f334b3ebdd83868aff22b4fc6cd69e9b1a2d95b9fba55e155c4edfe83db41,class_reliability_gamma_0p750,,0.75,
class_reliability_gamma_0p750,class_scaled_raw,True,0.5,0.712696256167355,0.8867102396514162,0.4805194805194805,0.9994786235662148,918,1,95,814,0.6922885428849208,0.5676620864857058,0.5293559964411817,0113e421dc8ae53c3a879c6a7011d3ee676b86becf4b3afc153d654c36a31a66,d982cb0b2569fadd2a5271ea5f552113bc848a6d19cce00c763153832b58b0a6,class_reliability_gamma_0p750,,0.75,
class_reliability_gamma_0p750,class_scaled_raw,True,0.6,0.6428571428571428,0.9289772727272727,0.3860684769775679,1.0,704,0,45,654,0.6922885428849208,0.5676620864857058,0.5293559964411817,0113e421dc8ae53c3a879c6a7011d3ee676b86becf4b3afc153d654c36a31a66,da089805536db4702ebf3fd65d0aea4d403999ed2a6a9cec9a0776129b67794b,class_reliability_gamma_0p750,,0.75,
class_reliability_gamma_0p750,class_scaled_raw,True,0.6459661814389556,0.6045706371191135,0.9509803921568627,0.3435655253837072,1.0,612,0,27,582,0.6922885428849208,0.5676620864857058,0.5293559964411817,0113e421dc8ae53c3a879c6a7011d3ee676b86becf4b3afc153d654c36a31a66,204fc97c29389a9f16c79724baeaab1c7c3eaf964c3be5dd620f9e64ca9df65c,class_reliability_gamma_0p750,,0.75,
class_reliability_gamma_0p750,class_scaled_raw,True,0.7,0.5399551904406273,0.9601593625498008,0.2845336481700118,1.0,502,0,17,482,0.6922885428849208,0.5676620864857058,0.5293559964411817,0113e421dc8ae53c3a879c6a7011d3ee676b86becf4b3afc153d654c36a31a66,4a124cc50ed2fc317aa24c252839e667ff2efc6aa6b6662b2883d7f8ab73b3b9,class_reliability_gamma_0p750,,0.75,
class_reliability_gamma_0p750,class_scaled_raw,True,0.8,0.318941504178273,0.9913419913419913,0.13518299881936247,1.0,231,0,2,229,0.6922885428849208,0.5676620864857058,0.5293559964411817,0113e421dc8ae53c3a879c6a7011d3ee676b86becf4b3afc153d654c36a31a66,bd1d8e262a2f876868079a3a9832e293e247fcc0212f99b048fe2d4fd61ad1d6,class_reliability_gamma_0p750,,0.75,
class_reliability_gamma_0p750,class_scaled_raw,True,0.9,0.020954598370197905,1.0,0.0070838252656434475,1.0,12,0,0,12,0.6922885428849208,0.5676620864857058,0.5293559964411817,0113e421dc8ae53c3a879c6a7011d3ee676b86becf4b3afc153d654c36a31a66,af7672f8f1bae927718e2be20f99ee7edac74b3d898c4cbe830ec70d4b493046,class_reliability_gamma_0p750,,0.75,
class_reliability_gamma_0p750,class_scaled_raw,True,0.9424873198877668,0.001768867924528302,1.0,0.0005903187721369539,1.0,1,0,0,1,0.6922885428849208,0.5676620864857058,0.5293559964411817,0113e421dc8ae53c3a879c6a7011d3ee676b86becf4b3afc153d654c36a31a66,d054229cec33bb2a0f661c39ed99edfc67e6b8af845b2a514720e841bb6d3b43,class_reliability_gamma_0p750,,0.75,
class_reliability_gamma_1p000,class_scaled_raw,True,0.00135387735747239,0.33207075889323434,0.15369522563767168,0.8323494687131051,0.7539103232533889,9174,472,6908,1410,0.6922885428849208,0.5676620864857058,0.5293559964411817,3d271f336deadfca78ed6b72d22096efbd86ead72609f770600db96120b568e4,8ab9e60fb82f784d62ec2b07debc4da7d72c25add7f4c7f1b1350036a51ad6da,class_reliability_gamma_1p000,,1.0,
class_reliability_gamma_1p000,class_scaled_raw,True,0.0041426936331545195,0.4390887157611261,0.22694571615434925,0.8193624557260921,0.829509906152242,6116,327,4158,1388,0.6922885428849208,0.5676620864857058,0.5293559964411817,3d271f336deadfca78ed6b72d22096efbd86ead72609f770600db96120b568e4,800db98ee4e620595d4bc867b3645b1a18618e84aa5b9a52bbbb1d6e168a1ceb,class_reliability_gamma_1p000,,1.0,
class_reliability_gamma_1p000,class_scaled_raw,True,0.019222386275499496,0.5927061764663641,0.3670299727520436,0.795159386068477,0.9264859228362878,3670,141,2062,1347,0.6922885428849208,0.5676620864857058,0.5293559964411817,3d271f336deadfca78ed6b72d22096efbd86ead72609f770600db96120b568e4,238ea94be3304ab44af7fce25fe0e3edcdc00d4456532aaac574698bf3b39ed7,class_reliability_gamma_1p000,,1.0,
class_reliability_gamma_1p000,class_scaled_raw,True,0.05,0.695252456633518,0.506201550387597,0.7709563164108618,0.959332638164755,2580,78,1122,1306,0.6922885428849208,0.5676620864857058,0.5293559964411817,3d271f336deadfca78ed6b72d22096efbd86ead72609f770600db96120b568e4,4f84d23469af2af29ba13a2a5e5ce68ee9d113286b544844b7fa67123b47fbe9,class_reliability_gamma_1p000,,1.0,
class_reliability_gamma_1p000,class_scaled_raw,True,0.05769886864772222,0.7078755059470362,0.5288107887208827,0.7638724911452184,0.9635036496350365,2447,70,1016,1294,0.6922885428849208,0.5676620864857058,0.5293559964411817,3d271f336deadfca78ed6b72d22096efbd86ead72609f770600db96120b568e4,7dc9dc6e98269b35f972702b4fb56353bde021e2629e5c1f1dd9c0f5ce9dd146,class_reliability_gamma_1p000,,1.0,
class_reliability_gamma_1p000,class_scaled_raw,True,0.1,0.7465053523096669,0.6099463676255485,0.7384887839433294,0.9754953076120959,2051,47,706,1251,0.6922885428849208,0.5676620864857058,0.5293559964411817,3d271f336deadfca78ed6b72d22096efbd86ead72609f770600db96120b568e4,2e19a8f829af0c13bd4afc1406d7ea88acc83818381a24ffec9d31ebdb1062bc,class_reliability_gamma_1p000,,1.0,
class_reliability_gamma_1p000,class_scaled_raw,True,0.15,0.7686686481326689,0.6775832862789385,0.7083825265643447,0.9848800834202294,1771,29,504,1200,0.6922885428849208,0.5676620864857058,0.5293559964411817,3d271f336deadfca78ed6b72d22096efbd86ead72609f770600db96120b568e4,d2e845af10bcfdda13191c284569deabbc91d9460a97f5f9d670d8247985c221,class_reliability_gamma_1p000,,1.0,
class_reliability_gamma_1p000,class_scaled_raw,True,0.2,0.7794750937943531,0.7312579415501906,0.679456906729634,0.9906152241918665,1574,18,375,1151,0.6922885428849208,0.5676620864857058,0.5293559964411817,3d271f336deadfca78ed6b72d22096efbd86ead72609f770600db96120b568e4,992eb2abe6561ba35697b04913bed77b64a4bf086189aa5324a4c6f797e93274,class_reliability_gamma_1p000,,1.0,
class_reliability_gamma_1p000,class_scaled_raw,True,0.25,0.7803100376245748,0.7708479327259986,0.6493506493506493,0.9927007299270073,1427,14,290,1100,0.6922885428849208,0.5676620864857058,0.5293559964411817,3d271f336deadfca78ed6b72d22096efbd86ead72609f770600db96120b568e4,b65b0e192d6e3cadee72a0a62eb667ffd7493fc94fd7d76e5ed0d4fe3727533b,class_reliability_gamma_1p000,,1.0,
class_reliability_gamma_1p000,class_scaled_raw,True,0.3,0.7751840126493734,0.8063516653756778,0.614521841794569,0.997393117831074,1291,5,224,1041,0.6922885428849208,0.5676620864857058,0.5293559964411817,3d271f336deadfca78ed6b72d22096efbd86ead72609f770600db96120b568e4,84c98a2b1ccbcf666e9270a48e2a416bbf6b2992271759489647553579428e36,class_reliability_gamma_1p000,,1.0,
class_reliability_gamma_1p000,class_scaled_raw,True,0.3274125868314704,0.76699624414321,0.8194444444444444,0.5920897284533648,0.9979144942648592,1224,4,198,1003,0.6922885428849208,0.5676620864857058,0.5293559964411817,3d271f336deadfca78ed6b72d22096efbd86ead72609f770600db96120b568e4,cee4a04388da71a389d1e1eee6bedb34424088046249d0dfa11c6a5e15fff991,class_reliability_gamma_1p000,,1.0,
class_reliability_gamma_1p000,class_scaled_raw,True,0.35,0.7564424617134987,0.8238297872340425,0.5714285714285714,0.9979144942648592,1175,4,184,968,0.6922885428849208,0.5676620864857058,0.5293559964411817,3d271f336deadfca78ed6b72d22096efbd86ead72609f770600db96120b568e4,565e8c50c96f249ef3ddb6615d107fd4adf867accd43000befedb09e7a834524,class_reliability_gamma_1p000,,1.0,
class_reliability_gamma_1p000,class_scaled_raw,True,0.4,0.7372194969284303,0.8434864104967198,0.5312868949232585,0.9984358706986444,1067,3,149,900,0.6922885428849208,0.5676620864857058,0.5293559964411817,3d271f336deadfca78ed6b72d22096efbd86ead72609f770600db96120b568e4,af36bff009065d47abf195ad3de1f2d7a31d376347db7f7012c0ad75eeb1beb4,class_reliability_gamma_1p000,,1.0,
class_reliability_gamma_1p000,class_scaled_raw,True,0.5,0.6946529260940939,0.8943089430894309,0.45454545454545453,0.9994786235662148,861,1,83,770,0.6922885428849208,0.5676620864857058,0.5293559964411817,3d271f336deadfca78ed6b72d22096efbd86ead72609f770600db96120b568e4,e342c5b31622830158895d78f2b98fd8c7be214f454cc26bfc85efcfadb71ab6,class_reliability_gamma_1p000,,1.0,
class_reliability_gamma_1p000,class_scaled_raw,True,0.6,0.6122866894197952,0.9373040752351097,0.3530106257378985,1.0,638,0,37,598,0.6922885428849208,0.5676620864857058,0.5293559964411817,3d271f336deadfca78ed6b72d22096efbd86ead72609f770600db96120b568e4,0ce80d3d123e26b9fd115a316c2053f091dfd6471bc4f325a46dbb6543f4d386,class_reliability_gamma_1p000,,1.0,
class_reliability_gamma_1p000,class_scaled_raw,True,0.6113553242981165,0.6029106029106029,0.9477124183006536,0.34238488783943327,1.0,612,0,29,580,0.6922885428849208,0.5676620864857058,0.5293559964411817,3d271f336deadfca78ed6b72d22096efbd86ead72609f770600db96120b568e4,ccdcde1bd15f78a5cebe9af40b006d90848ad1ac38c2175610ecdae9691028bb,class_reliability_gamma_1p000,,1.0,
class_reliability_gamma_1p000,class_scaled_raw,True,0.7,0.4752,0.9658536585365853,0.23376623376623376,1.0,410,0,12,396,0.6922885428849208,0.5676620864857058,0.5293559964411817,3d271f336deadfca78ed6b72d22096efbd86ead72609f770600db96120b568e4,f5456e2374f16e5cc5cd5c5000a3bb9dcf5008f98f8526c2d979f9fffcad7b47,class_reliability_gamma_1p000,,1.0,
class_reliability_gamma_1p000,class_scaled_raw,True,0.8,0.09146341463414633,1.0,0.032467532467532464,1.0,55,0,0,55,0.6922885428849208,0.5676620864857058,0.5293559964411817,3d271f336deadfca78ed6b72d22096efbd86ead72609f770600db96120b568e4,29ab1ecf680d2a27ebbf4c581d36141153ad0e309e03a189da6427a1a2f88ca1,class_reliability_gamma_1p000,,1.0,
class_reliability_gamma_1p000,class_scaled_raw,True,0.9,0.01750291715285881,1.0,0.0059031877213695395,1.0,10,0,0,10,0.6922885428849208,0.5676620864857058,0.5293559964411817,3d271f336deadfca78ed6b72d22096efbd86ead72609f770600db96120b568e4,329a54168e8e69877b946645b3fe670c871d5d604974b9abda9ede1955876b10,class_reliability_gamma_1p000,,1.0,
class_reliability_gamma_1p000,class_scaled_raw,True,0.9350587129592896,0.001768867924528302,1.0,0.0005903187721369539,1.0,1,0,0,1,0.6922885428849208,0.5676620864857058,0.5293559964411817,3d271f336deadfca78ed6b72d22096efbd86ead72609f770600db96120b568e4,239ab002d1058bd296a165554fdaec3ecca3f23739c212443910c2f177f69003,class_reliability_gamma_1p000,,1.0,
raw_light_geom_gate_0p050,light_geometry_gate,False,0.0020434639250760302,0.33190329005132446,0.15347721822541965,0.8311688311688312,0.7575599582898853,9174,465,6917,1408,0.6920404661681436,0.5676171452162333,0.529262129841394,c5338d82623ee0dcb035f4ad834ed98781c4ac83989a13f54ca9771e307ae018,da6b66ce8facad4d08e1f93c8597ddf4a5335f1c8d782abaad4cc5a7d6f86db2,raw_light_geom_gate_0p050,,,0.05
raw_light_geom_gate_0p050,light_geometry_gate,False,0.006233674240119023,0.4390887157611261,0.22694571615434925,0.8193624557260921,0.829509906152242,6116,327,4148,1388,0.6920404661681436,0.5676171452162333,0.529262129841394,c5338d82623ee0dcb035f4ad834ed98781c4ac83989a13f54ca9771e307ae018,b423d42399e75434e07414af2f2c312e7b94c2ace2495d4e298764da149e077e,raw_light_geom_gate_0p050,,,0.05
raw_light_geom_gate_0p050,light_geometry_gate,False,0.026839012710700987,0.5927541315361347,0.367574931880109,0.7963400236127509,0.921793534932221,3670,150,2042,1349,0.6920404661681436,0.5676171452162333,0.529262129841394,c5338d82623ee0dcb035f4ad834ed98781c4ac83989a13f54ca9771e307ae018,bab2b403a9242ea1d2825378cf01a49e43e81c0da3f08ad7afc14b177740af0b,raw_light_geom_gate_0p050,,,0.05
raw_light_geom_gate_0p050,light_geometry_gate,False,0.05,0.6639079430395628,0.4577854671280277,0.78099173553719,0.948905109489051,2890,98,1381,1323,0.6920404661681436,0.5676171452162333,0.529262129841394,c5338d82623ee0dcb035f4ad834ed98781c4ac83989a13f54ca9771e307ae018,4c9da80856f53de6cc7c170dc0cd4c31abd0217293182678bae0c20403525a0c,raw_light_geom_gate_0p050,,,0.05
raw_light_geom_gate_0p050,light_geometry_gate,False,0.0805881212273417,0.7068389654421503,0.5288107887208827,0.7638724911452184,0.9577685088633994,2447,81,1000,1294,0.6920404661681436,0.5676171452162333,0.529262129841394,c5338d82623ee0dcb035f4ad834ed98781c4ac83989a13f54ca9771e307ae018,8c60f5474d5cf985247973c7a54d832bd0f278ce1ce529dcb58e64c77556009b,raw_light_geom_gate_0p050,,,0.05
raw_light_geom_gate_0p050,light_geometry_gate,False,0.1,0.7231059971332668,0.5602805786935554,0.7544273907910272,0.9629822732012513,2281,71,866,1278,0.6920404661681436,0.5676171452162333,0.529262129841394,c5338d82623ee0dcb035f4ad834ed98781c4ac83989a13f54ca9771e307ae018,997f96a36a3c4bd7f745a7b8596c8afe4fbc558c0c46c58c06feedc614dfc5b1,raw_light_geom_gate_0p050,,,0.05
raw_light_geom_gate_0p050,light_geometry_gate,False,0.15,0.7521208570868609,0.6240601503759399,0.7349468713105076,0.9749739311783108,1995,48,652,1245,0.6920404661681436,0.5676171452162333,0.529262129841394,c5338d82623ee0dcb035f4ad834ed98781c4ac83989a13f54ca9771e307ae018,a56f49d362fc7cde67d86a14f0f41b514dcbfa27869f9635bc258446c83419d0,raw_light_geom_gate_0p050,,,0.05
raw_light_geom_gate_0p050,light_geometry_gate,False,0.2,0.7683742459042664,0.6727777777777778,0.7148760330578512,0.9812304483837331,1800,36,512,1211,0.6920404661681436,0.5676171452162333,0.529262129841394,c5338d82623ee0dcb035f4ad834ed98781c4ac83989a13f54ca9771e307ae018,01d7257b65da6615be94f7c261e5da1da180c72dab49e730b6b50655692e5622,raw_light_geom_gate_0p050,,,0.05
raw_light_geom_gate_0p050,light_geometry_gate,False,0.25,0.7814695522649611,0.7201219512195122,0.6971664698937426,0.9843587069864442,1640,30,396,1181,0.6920404661681436,0.5676171452162333,0.529262129841394,c5338d82623ee0dcb035f4ad834ed98781c4ac83989a13f54ca9771e307ae018,ed3d137024e8dcbca74ce07d2f175bb842c675779f00f39d2cfe7c70b04b168c,raw_light_geom_gate_0p050,,,0.05
raw_light_geom_gate_0p050,light_geometry_gate,False,0.3,0.7869242639055234,0.7527795945062132,0.679456906729634,0.9880083420229405,1529,23,329,1151,0.6920404661681436,0.5676171452162333,0.529262129841394,c5338d82623ee0dcb035f4ad834ed98781c4ac83989a13f54ca9771e307ae018,02704876f41dc75fc0aa1d7d645966656b9e33242a577b986404b05fe01eb31b,raw_light_geom_gate_0p050,,,0.05
raw_light_geom_gate_0p050,light_geometry_gate,False,0.35,0.7882871578603486,0.7811188811188812,0.6593860684769776,0.9911366006256517,1430,17,273,1117,0.6920404661681436,0.5676171452162333,0.529262129841394,c5338d82623ee0dcb035f4ad834ed98781c4ac83989a13f54ca9771e307ae018,56383490465a80b6058f472f03e7efff20e1221e798ac9653fdf21d562c05ec3,raw_light_geom_gate_0p050,,,0.05
raw_light_geom_gate_0p050,light_geometry_gate,False,0.4,0.7828025893581688,0.8029962546816479,0.6328217237308147,0.9932221063607924,1335,13,228,1072,0.6920404661681436,0.5676171452162333,0.529262129841394,c5338d82623ee0dcb035f4ad834ed98781c4ac83989a13f54ca9771e307ae018,2bdea8ab67879514bc2778630b5dd95be9c599d2797325cf2d799cc485ab4567,raw_light_geom_gate_0p050,,,0.05
raw_light_geom_gate_0p050,light_geometry_gate,False,0.4588786191543012,0.7683915624784334,0.8218954248366013,0.5938606847697757,0.9963503649635036,1224,7,188,1006,0.6920404661681436,0.5676171452162333,0.529262129841394,c5338d82623ee0dcb035f4ad834ed98781c4ac83989a13f54ca9771e307ae018,380548d04d49f5996019ab7a9eb30b84cf4ecc9c45d0b42da53ac99ba342284c,raw_light_geom_gate_0p050,,,0.05
raw_light_geom_gate_0p050,light_geometry_gate,False,0.5,0.7621703812276543,0.8427454387489139,0.5726092089728453,0.9968717413972888,1151,6,155,970,0.6920404661681436,0.5676171452162333,0.529262129841394,c5338d82623ee0dcb035f4ad834ed98781c4ac83989a13f54ca9771e307ae018,0f4f7ed3d9a117feaeb9f205ff5cb9e446d327530f375f24a8b29f68bebcc46e,raw_light_geom_gate_0p050,,,0.05
raw_light_geom_gate_0p050,light_geometry_gate,False,0.6,0.7313137848904241,0.8864809081527347,0.5070838252656434,0.9979144942648592,969,4,94,859,0.6920404661681436,0.5676171452162333,0.529262129841394,c5338d82623ee0dcb035f4ad834ed98781c4ac83989a13f54ca9771e307ae018,11467a0cfa7c34c9a465c9c5d75e4f375c4ac2749af4066b350b8cb3207505e4,raw_light_geom_gate_0p050,,,0.05
raw_light_geom_gate_0p050,light_geometry_gate,False,0.7,0.6809296570392972,0.9273885350318471,0.4297520661157025,0.9994786235662148,785,1,49,728,0.6920404661681436,0.5676171452162333,0.529262129841394,c5338d82623ee0dcb035f4ad834ed98781c4ac83989a13f54ca9771e307ae018,69f7ca2c76c12423255ee9e276f07ace2a6ed8d4973e385843c15f32f7db23ce,raw_light_geom_gate_0p050,,,0.05
raw_light_geom_gate_0p050,light_geometry_gate,False,0.7961767485891186,0.6086462592049572,0.9591503267973857,0.346517119244392,0.9994786235662148,612,1,19,587,0.6920404661681436,0.5676171452162333,0.529262129841394,c5338d82623ee0dcb035f4ad834ed98781c4ac83989a13f54ca9771e307ae018,45f15124f115b258f35d701b49283e234d47e798223f1a28c69d9ccdb619fd19,raw_light_geom_gate_0p050,,,0.05
raw_light_geom_gate_0p050,light_geometry_gate,False,0.8,0.6049346260983608,0.9587458745874587,0.34297520661157027,0.9994786235662148,606,1,19,581,0.6920404661681436,0.5676171452162333,0.529262129841394,c5338d82623ee0dcb035f4ad834ed98781c4ac83989a13f54ca9771e307ae018,152f7243bbfbf03ba8723f9e5ff87239b69e1289b81f2ebcf7344a46c4109df5,raw_light_geom_gate_0p050,,,0.05
raw_light_geom_gate_0p050,light_geometry_gate,False,0.9,0.4038709677419355,0.9842767295597484,0.1847697756788666,1.0,318,0,4,313,0.6920404661681436,0.5676171452162333,0.529262129841394,c5338d82623ee0dcb035f4ad834ed98781c4ac83989a13f54ca9771e307ae018,bbe314960fce7ddc773880c8de3f40d4a62916b8b1c50bba040d94ffed3cc669,raw_light_geom_gate_0p050,,,0.05
raw_light_geom_gate_0p050,light_geometry_gate,False,0.9802047613672847,0.001768867924528302,1.0,0.0005903187721369539,1.0,1,0,0,1,0.6920404661681436,0.5676171452162333,0.529262129841394,c5338d82623ee0dcb035f4ad834ed98781c4ac83989a13f54ca9771e307ae018,5098974df0fb94e294f4e154de70961dd836b7c5b3e1940fcd1dc26a14016df3,raw_light_geom_gate_0p050,,,0.05
raw_light_geom_gate_0p100,light_geometry_gate,False,0.001940290870505517,0.3318699109566211,0.15347721822541965,0.8311688311688312,0.7570385818561001,9174,466,6916,1408,0.69194116655833,0.5676241696589599,0.5292443132397114,5be66bacba8402fc1b8c55eb7db3f9a0826e129999f98e37fce2d220e18a8d54,8418f199c297f921e99517fdaa889f48bbf33a0d584f7fff41bda217de0ae6c4,raw_light_geom_gate_0p100,,,0.1
raw_light_geom_gate_0p100,light_geometry_gate,False,0.005936314084023715,0.4390887157611261,0.22694571615434925,0.8193624557260921,0.829509906152242,6116,327,4149,1388,0.69194116655833,0.5676241696589599,0.5292443132397114,5be66bacba8402fc1b8c55eb7db3f9a0826e129999f98e37fce2d220e18a8d54,ef1df0f37194dd4f7c82c625b56d02ee476111bf20e79371b59e8a9c450284f3,raw_light_geom_gate_0p100,,,0.1
raw_light_geom_gate_0p100,light_geometry_gate,False,0.025756714228431458,0.5928259637183514,0.367574931880109,0.7963400236127509,0.9223149113660063,3670,149,2045,1349,0.69194116655833,0.5676241696589599,0.5292443132397114,5be66bacba8402fc1b8c55eb7db3f9a0826e129999f98e37fce2d220e18a8d54,1eff36990a0b65a9d96f61a76fb37db64cce383b49d5d5f6d409ba9d43f6f406,raw_light_geom_gate_0p100,,,0.1
raw_light_geom_gate_0p100,light_geometry_gate,False,0.05,0.6667317203947684,0.46191474493361284,0.7804014167650531,0.9494264859228363,2862,97,1355,1322,0.69194116655833,0.5676241696589599,0.5292443132397114,5be66bacba8402fc1b8c55eb7db3f9a0826e129999f98e37fce2d220e18a8d54,4985f5ca0efe7b48bf7d178da4e461160af3b6967510a0ff46cb2674e89f6758,raw_light_geom_gate_0p100,,,0.1
raw_light_geom_gate_0p100,light_geometry_gate,False,0.0779790468431033,0.7069335830100911,0.5288107887208827,0.7638724911452184,0.9582898852971846,2447,80,1001,1294,0.69194116655833,0.5676241696589599,0.5292443132397114,5be66bacba8402fc1b8c55eb7db3f9a0826e129999f98e37fce2d220e18a8d54,438d8ad663725d59d2a88d6acfa7d13d87f5d4151825a506fa8fe2f1e29c150a,raw_light_geom_gate_0p100,,,0.1
raw_light_geom_gate_0p100,light_geometry_gate,False,0.1,0.725929605103551,0.5655447298494243,0.7538370720188902,0.9635036496350365,2258,70,846,1277,0.69194116655833,0.5676241696589599,0.5292443132397114,5be66bacba8402fc1b8c55eb7db3f9a0826e129999f98e37fce2d220e18a8d54,3184bfc4d9d9f851cca0d05894bb84ffe91b400b9e4822138340b26df1d02872,raw_light_geom_gate_0p100,,,0.1
raw_light_geom_gate_0p100,light_geometry_gate,False,0.15,0.7524473417312187,0.6264512872286724,0.7325855962219598,0.9749739311783108,1981,48,644,1241,0.69194116655833,0.5676241696589599,0.5292443132397114,5be66bacba8402fc1b8c55eb7db3f9a0826e129999f98e37fce2d220e18a8d54,835b41537f2759d4f23d960f1becc833e1736e6e94791c3f8069f9a27a8603ce,raw_light_geom_gate_0p100,,,0.1
raw_light_geom_gate_0p100,light_geometry_gate,False,0.2,0.7692264523204538,0.6757965343767468,0.7136953955135773,0.9812304483837331,1789,36,503,1209,0.69194116655833,0.5676241696589599,0.5292443132397114,5be66bacba8402fc1b8c55eb7db3f9a0826e129999f98e37fce2d220e18a8d54,de0074c01e78c2bbf8c68ee10619660231a9cd6b3e142c9dc169a5c9dba3c687,raw_light_geom_gate_0p100,,,0.1
raw_light_geom_gate_0p100,light_geometry_gate,False,0.25,0.7829608005267213,0.7236519607843137,0.6971664698937426,0.9848800834202294,1632,29,390,1181,0.69194116655833,0.5676241696589599,0.5292443132397114,5be66bacba8402fc1b8c55eb7db3f9a0826e129999f98e37fce2d220e18a8d54,e83c827cebea436f1d7a14fe4cd315a6c8ac0e1f27c604ddc2104c5ab7d8fd47,raw_light_geom_gate_0p100,,,0.1
raw_light_geom_gate_0p100,light_geometry_gate,False,0.3,0.7867826589873966,0.7542706964520368,0.6776859504132231,0.9885297184567258,1522,22,327,1148,0.69194116655833,0.5676241696589599,0.5292443132397114,5be66bacba8402fc1b8c55eb7db3f9a0826e129999f98e37fce2d220e18a8d54,6130253c13028c90e986cf4158397225455e3f2b4e47476fdbd831acb7a12e49,raw_light_geom_gate_0p100,,,0.1
raw_light_geom_gate_0p100,light_geometry_gate,False,0.35,0.7879912363424121,0.7819074333800842,0.6582054309327037,0.9911366006256517,1426,17,271,1115,0.69194116655833,0.5676241696589599,0.5292443132397114,5be66bacba8402fc1b8c55eb7db3f9a0826e129999f98e37fce2d220e18a8d54,5a5c33c09f8a34144d417436f64cf52f6c88cdc6f68672af65ae22e39596741d,raw_light_geom_gate_0p100,,,0.1
raw_light_geom_gate_0p100,light_geometry_gate,False,0.4,0.7827030911265724,0.8039068369646882,0.6316410861865407,0.9942648592283628,1331,11,227,1070,0.69194116655833,0.5676241696589599,0.5292443132397114,5be66bacba8402fc1b8c55eb7db3f9a0826e129999f98e37fce2d220e18a8d54,732dd91fe030be854dc15ab4a89601685a96a5029acecdeb3d096b2028514a90,raw_light_geom_gate_0p100,,,0.1
raw_light_geom_gate_0p100,light_geometry_gate,False,0.4564654699900712,0.7683915624784334,0.8218954248366013,0.5938606847697757,0.9963503649635036,1224,7,188,1006,0.69194116655833,0.5676241696589599,0.5292443132397114,5be66bacba8402fc1b8c55eb7db3f9a0826e129999f98e37fce2d220e18a8d54,380548d04d49f5996019ab7a9eb30b84cf4ecc9c45d0b42da53ac99ba342284c,raw_light_geom_gate_0p100,,,0.1
raw_light_geom_gate_0p100,light_geometry_gate,False,0.5,0.7631698063517929,0.8464223385689355,0.5726092089728453,0.9968717413972888,1146,6,150,970,0.69194116655833,0.5676241696589599,0.5292443132397114,5be66bacba8402fc1b8c55eb7db3f9a0826e129999f98e37fce2d220e18a8d54,9e7cb99ab47086b39bd56499bae7b8d1ff864ffa316a16de01f5f293b6f1892d,raw_light_geom_gate_0p100,,,0.1
raw_light_geom_gate_0p100,light_geometry_gate,False,0.6,0.7308776876982728,0.8863636363636364,0.5064935064935064,0.9979144942648592,968,4,94,858,0.69194116655833,0.5676241696589599,0.5292443132397114,5be66bacba8402fc1b8c55eb7db3f9a0826e129999f98e37fce2d220e18a8d54,fde9fc32807be93f3cd0118a86c96c2338482614f8bbe18d8922fb8d463fb5e2,raw_light_geom_gate_0p100,,,0.1
raw_light_geom_gate_0p100,light_geometry_gate,False,0.7,0.6806310482443253,0.9284802043422733,0.42916174734356555,0.9994786235662148,783,1,48,727,0.69194116655833,0.5676241696589599,0.5292443132397114,5be66bacba8402fc1b8c55eb7db3f9a0826e129999f98e37fce2d220e18a8d54,86b2d4c11412a37526c5a65290ba6a906ab26c7361e03a859360f50c84b4c5ae,raw_light_geom_gate_0p100,,,0.1
raw_light_geom_gate_0p100,light_geometry_gate,False,0.7956511403606571,0.6086462592049572,0.9591503267973857,0.346517119244392,0.9994786235662148,612,1,19,587,0.69194116655833,0.5676241696589599,0.5292443132397114,5be66bacba8402fc1b8c55eb7db3f9a0826e129999f98e37fce2d220e18a8d54,45f15124f115b258f35d701b49283e234d47e798223f1a28c69d9ccdb619fd19,raw_light_geom_gate_0p100,,,0.1
raw_light_geom_gate_0p100,light_geometry_gate,False,0.8,0.6032770021829259,0.9601328903654485,0.3412042502951594,0.9994786235662148,602,1,18,578,0.69194116655833,0.5676241696589599,0.5292443132397114,5be66bacba8402fc1b8c55eb7db3f9a0826e129999f98e37fce2d220e18a8d54,6f7f412c70be7ae50bb37fa74317ab22cb37891e649a2c4252b1f7177594ef7a,raw_light_geom_gate_0p100,,,0.1
raw_light_geom_gate_0p100,light_geometry_gate,False,0.9,0.4021551724137931,0.9873015873015873,0.18358913813459268,1.0,315,0,4,311,0.69194116655833,0.5676241696589599,0.5292443132397114,5be66bacba8402fc1b8c55eb7db3f9a0826e129999f98e37fce2d220e18a8d54,265c04c70021b981d1699290bf3f680315bbee5e8899d2c646a42492584a0945,raw_light_geom_gate_0p100,,,0.1
raw_light_geom_gate_0p100,light_geometry_gate,False,0.9802045232877007,0.001768867924528302,1.0,0.0005903187721369539,1.0,1,0,0,1,0.69194116655833,0.5676241696589599,0.5292443132397114,5be66bacba8402fc1b8c55eb7db3f9a0826e129999f98e37fce2d220e18a8d54,5098974df0fb94e294f4e154de70961dd836b7c5b3e1940fcd1dc26a14016df3,raw_light_geom_gate_0p100,,,0.1
raw_light_geom_gate_0p200,light_geometry_gate,False,0.0017313103540328608,0.3318699109566211,0.15347721822541965,0.8311688311688312,0.7570385818561001,9174,466,6916,1408,0.6918898424806039,0.56750050248851,0.5291247556081687,5b169c1509a4a50c624fb3fdae18a51b5ea0d91189f30da6a44455775cc6df78,687a5abb3a6b80ce88ebf0d34270ba4da4104cc76d90627d7a03838f51fa91fc,raw_light_geom_gate_0p200,,,0.2
raw_light_geom_gate_0p200,light_geometry_gate,False,0.005323515426085317,0.4390887157611261,0.22694571615434925,0.8193624557260921,0.829509906152242,6116,327,4149,1388,0.6918898424806039,0.56750050248851,0.5291247556081687,5b169c1509a4a50c624fb3fdae18a51b5ea0d91189f30da6a44455775cc6df78,27be4865a1d26e1874f8b2dc1bcf950944604219ce60ab3cffa5d4b3d97db4fe,raw_light_geom_gate_0p200,,,0.2
raw_light_geom_gate_0p200,light_geometry_gate,False,0.023596757886654503,0.5929694368159711,0.367574931880109,0.7963400236127509,0.9233576642335767,3670,147,2048,1349,0.6918898424806039,0.56750050248851,0.5291247556081687,5b169c1509a4a50c624fb3fdae18a51b5ea0d91189f30da6a44455775cc6df78,c2d55efa0e6ba892b6e8a90c58954f386a40d757441c180d04005ef5f91b563a,raw_light_geom_gate_0p200,,,0.2
raw_light_geom_gate_0p200,light_geometry_gate,False,0.05,0.6758526011020128,0.47516198704103674,0.7792207792207793,0.9515119916579771,2778,93,1284,1320,0.6918898424806039,0.56750050248851,0.5291247556081687,5b169c1509a4a50c624fb3fdae18a51b5ea0d91189f30da6a44455775cc6df78,9e19ec2a6e25d281ec80d88229b76ca69ba726be8505f36722711da70dba7bff,raw_light_geom_gate_0p200,,,0.2
raw_light_geom_gate_0p200,light_geometry_gate,False,0.07330483693428286,0.7070281229700419,0.5288107887208827,0.7638724911452184,0.9588112617309698,2447,79,1001,1294,0.6918898424806039,0.56750050248851,0.5291247556081687,5b169c1509a4a50c624fb3fdae18a51b5ea0d91189f30da6a44455775cc6df78,52742486193f63b85e84bcc4d2065d36dac8c759d1a1858e6f4c2fe472d18f10,raw_light_geom_gate_0p200,,,0.2
raw_light_geom_gate_0p200,light_geometry_gate,False,0.1,0.7281632029182032,0.5716216216216217,0.7491145218417946,0.9655891553701773,2220,66,823,1269,0.6918898424806039,0.56750050248851,0.5291247556081687,5b169c1509a4a50c624fb3fdae18a51b5ea0d91189f30da6a44455775cc6df78,b26d4aa81c5d67480f77d2270ad1a6cddeeedb02bdee7a4b46e173443463c9c2,raw_light_geom_gate_0p200,,,0.2
raw_light_geom_gate_0p200,light_geometry_gate,False,0.15,0.7570622863540051,0.6363636363636364,0.731404958677686,0.9765380604796663,1947,45,616,1239,0.6918898424806039,0.56750050248851,0.5291247556081687,5b169c1509a4a50c624fb3fdae18a51b5ea0d91189f30da6a44455775cc6df78,584ce5b4c854847841bcc2be80d3bcf18d05e06d395831ad5fe08c0c9e9aead3,raw_light_geom_gate_0p200,,,0.2
raw_light_geom_gate_0p200,light_geometry_gate,False,0.2,0.7713600935863844,0.6821266968325792,0.7119244391971665,0.9817518248175182,1768,35,486,1206,0.6918898424806039,0.56750050248851,0.5291247556081687,5b169c1509a4a50c624fb3fdae18a51b5ea0d91189f30da6a44455775cc6df78,624bea0c9aabe5f6c079a406a462003c3848e3ffbf80efe7593c2c305dcf5240,raw_light_geom_gate_0p200,,,0.2
raw_light_geom_gate_0p200,light_geometry_gate,False,0.25,0.782612124180606,0.7257566399011736,0.6936245572609209,0.986444212721585,1619,26,386,1175,0.6918898424806039,0.56750050248851,0.5291247556081687,5b169c1509a4a50c624fb3fdae18a51b5ea0d91189f30da6a44455775cc6df78,6be1dae2ecc4af1e26c26214358986a49dc3fce196580a08fc3dae90ce80ae05,raw_light_geom_gate_0p200,,,0.2
raw_light_geom_gate_0p200,light_geometry_gate,False,0.3,0.7886618964688187,0.7596026490066226,0.6770956316410862,0.9895724713242962,1510,20,318,1147,0.6918898424806039,0.56750050248851,0.5291247556081687,5b169c1509a4a50c624fb3fdae18a51b5ea0d91189f30da6a44455775cc6df78,feb20653acfc1eb9f7b4efe4fc61410b912ce2752e46770767663e264658bc46,raw_light_geom_gate_0p200,,,0.2
raw_light_geom_gate_0p200,light_geometry_gate,False,0.35,0.789700764999574,0.7876857749469215,0.6570247933884298,0.9927007299270073,1413,14,263,1113,0.6918898424806039,0.56750050248851,0.5291247556081687,5b169c1509a4a50c624fb3fdae18a51b5ea0d91189f30da6a44455775cc6df78,072944a1c2828e09bf95bb0574877f7ca3acd027766a9f864218050bc0bf51a2,raw_light_geom_gate_0p200,,,0.2
raw_light_geom_gate_0p200,light_geometry_gate,False,0.4,0.7829604997597308,0.8066465256797583,0.6304604486422668,0.9942648592283628,1324,11,222,1068,0.6918898424806039,0.56750050248851,0.5291247556081687,5b169c1509a4a50c624fb3fdae18a51b5ea0d91189f30da6a44455775cc6df78,14d1f48ee279b8535a5d98e000b690a1e279fda0e2bd9dea7ea3716100ca9fd7,raw_light_geom_gate_0p200,,,0.2
raw_light_geom_gate_0p200,light_geometry_gate,False,0.4508422554355615,0.7700926305587653,0.8243464052287581,0.5956316410861865,0.9963503649635036,1224,7,185,1009,0.6918898424806039,0.56750050248851,0.5291247556081687,5b169c1509a4a50c624fb3fdae18a51b5ea0d91189f30da6a44455775cc6df78,6d451c0a8c497182d0fc3739f26790d740683cca058612861f982b9b813b55a6,raw_light_geom_gate_0p200,,,0.2
raw_light_geom_gate_0p200,light_geometry_gate,False,0.5,0.7616747582062456,0.8513274336283185,0.5678866587957497,0.9968717413972888,1130,6,142,962,0.6918898424806039,0.56750050248851,0.5291247556081687,5b169c1509a4a50c624fb3fdae18a51b5ea0d91189f30da6a44455775cc6df78,298c97859aedc82012ad73d222ae8440598c4c5939d13e18152bd0a5c4d53bc8,raw_light_geom_gate_0p200,,,0.2
raw_light_geom_gate_0p200,light_geometry_gate,False,0.6,0.7277861713022581,0.8872651356993737,0.5017709563164109,0.9979144942648592,958,4,92,850,0.6918898424806039,0.56750050248851,0.5291247556081687,5b169c1509a4a50c624fb3fdae18a51b5ea0d91189f30da6a44455775cc6df78,9ce5b5131eb0200d8e05a21391d0461046364c62815747f0679c3e579916acb6,raw_light_geom_gate_0p200,,,0.2
raw_light_geom_gate_0p200,light_geometry_gate,False,0.7,0.6798195984874473,0.9294871794871795,0.4279811097992916,0.9994786235662148,780,1,47,725,0.6918898424806039,0.56750050248851,0.5291247556081687,5b169c1509a4a50c624fb3fdae18a51b5ea0d91189f30da6a44455775cc6df78,fee5cff3e6bcbd99c72edc58b8ab019902811f825715c977c4028e749e6be580,raw_light_geom_gate_0p200,,,0.2
raw_light_geom_gate_0p200,light_geometry_gate,False,0.79455487284141,0.6086462592049572,0.9591503267973857,0.346517119244392,0.9994786235662148,612,1,19,587,0.6918898424806039,0.56750050248851,0.5291247556081687,5b169c1509a4a50c624fb3fdae18a51b5ea0d91189f30da6a44455775cc6df78,5074a6285d3572470fdf4e31055d9589d291e2f9ecfb004949f4366f3f1b4f94,raw_light_geom_gate_0p200,,,0.2
raw_light_geom_gate_0p200,light_geometry_gate,False,0.8,0.6007746379417532,0.959866220735786,0.33884297520661155,0.9994786235662148,598,1,18,574,0.6918898424806039,0.56750050248851,0.5291247556081687,5b169c1509a4a50c624fb3fdae18a51b5ea0d91189f30da6a44455775cc6df78,860ce3ac08a01d4f5b7ab509b6b7b4b70a55dbfe494ddc79d0827b43214cefc3,raw_light_geom_gate_0p200,,,0.2
raw_light_geom_gate_0p200,light_geometry_gate,False,0.9,0.40043196544276455,0.9903846153846154,0.18240850059031877,1.0,312,0,3,309,0.6918898424806039,0.56750050248851,0.5291247556081687,5b169c1509a4a50c624fb3fdae18a51b5ea0d91189f30da6a44455775cc6df78,b3af1f5e3ce55a42bbf129c8b9d9bf42c91b83333ceb4fbc097612f27fa78460,raw_light_geom_gate_0p200,,,0.2
raw_light_geom_gate_0p200,light_geometry_gate,False,0.9802040471285327,0.001768867924528302,1.0,0.0005903187721369539,1.0,1,0,0,1,0.6918898424806039,0.56750050248851,0.5291247556081687,5b169c1509a4a50c624fb3fdae18a51b5ea0d91189f30da6a44455775cc6df78,5098974df0fb94e294f4e154de70961dd836b7c5b3e1940fcd1dc26a14016df3,raw_light_geom_gate_0p200,,,0.2
