score_col,mode_family,ap_rank_preserving_by_design,threshold,cal_balanced,cal_precision,cal_recall,cal_unknown_reject,cal_num_accepted,cal_unknown_false_accept,cal_background_false_accepts,cal_tp_known,cal_AP50,cal_AP75,cal_AP,stream_hash,acceptance_mask_hash,canonical_stream,alpha,gamma,beta
raw_score,raw,True,0.0021222599898464752,0.35316691216373364,0.15902188710859777,0.8291018291018291,1.0,19098,0,15527,3037,0.6757385791257806,0.543168413529727,0.5003177959745545,5f8768d854c6376baa426ba2a979544acf538dcc1710435ca20b9d1bc09c590b,6c71797e06e020f5376e95a24fd0ed4802a1e2b4c0cb968b041452fc3bf0c8d3,raw_score,,,
raw_score,raw,True,0.00595418829470865,0.4627289141088471,0.23484134464341816,0.8162708162708163,1.0,12732,0,9338,2990,0.6757385791257806,0.543168413529727,0.5003177959745545,5f8768d854c6376baa426ba2a979544acf538dcc1710435ca20b9d1bc09c590b,d4e7864148ed28bb3e7dde6b323a9bc0b257b7f38378812e1a057da3123ded79,raw_score,,,
raw_score,raw,True,0.0234618021175265,0.6147731269785438,0.3813326351616704,0.7952497952497952,1.0,7639,0,4473,2913,0.6757385791257806,0.543168413529727,0.5003177959745545,5f8768d854c6376baa426ba2a979544acf538dcc1710435ca20b9d1bc09c590b,1ad59da684af4b681ebe9436881832c47730ad8bb9dac7cc1010683fd1975b2b,raw_score,,,
raw_score,raw,True,0.05,0.6911300121506683,0.48715313463514903,0.7764127764127764,1.0,5838,0,2797,2844,0.6757385791257806,0.543168413529727,0.5003177959745545,5f8768d854c6376baa426ba2a979544acf538dcc1710435ca20b9d1bc09c590b,e2d97d4a600ba6e7d04b63a3f8a4891a8cb03c54e7cb7e6f1f84fd688cf678e2,raw_score,,,
raw_score,raw,True,0.07545020878314976,0.7265016444521378,0.5493815040251325,0.7638547638547638,1.0,5093,0,2136,2798,0.6757385791257806,0.543168413529727,0.5003177959745545,5f8768d854c6376baa426ba2a979544acf538dcc1710435ca20b9d1bc09c590b,cbb49a7d7f37b6a79c5db9031fd5a3f7c5072f4502b5166a3b4476b7fa51492a,raw_score,,,
raw_score,raw,True,0.1,0.7459929367019832,0.5925766076823479,0.7496587496587497,1.0,4634,0,1746,2746,0.6757385791257806,0.543168413529727,0.5003177959745545,5f8768d854c6376baa426ba2a979544acf538dcc1710435ca20b9d1bc09c590b,ffd0e7c99c43f7670c092cd4bf4c3ab8d50c30281aef96814132168b02ac671c,raw_score,,,
raw_score,raw,True,0.15,0.7683278814700789,0.6542147947898747,0.7267267267267268,1.0,4069,0,1288,2662,0.6757385791257806,0.543168413529727,0.5003177959745545,5f8768d854c6376baa426ba2a979544acf538dcc1710435ca20b9d1bc09c590b,6b840e7502164a3740e8b2b7847af45897b7509c2338922a6019c617c2bf2d0e,raw_score,,,
raw_score,raw,True,0.2,0.7782578117150607,0.6963322545846817,0.7048867048867049,1.0,3708,0,1025,2582,0.6757385791257806,0.543168413529727,0.5003177959745545,5f8768d854c6376baa426ba2a979544acf538dcc1710435ca20b9d1bc09c590b,8406af1ca8e75cd72b645e1cc79f5ce4228c74eeb7bdaddca0d73af1684b7488,raw_score,,,
raw_score,raw,True,0.25,0.7828129894539,0.7317715959004393,0.6822276822276823,1.0,3415,0,827,2499,0.6757385791257806,0.543168413529727,0.5003177959745545,5f8768d854c6376baa426ba2a979544acf538dcc1710435ca20b9d1bc09c590b,ade2fe9a47653fd46c90f55d7abfeaad51159e740c3a2c3775a5090eff384c45,raw_score,,,
raw_score,raw,True,0.3,0.7816764132553605,0.7601895734597156,0.6568386568386568,1.0,3165,0,686,2406,0.6757385791257806,0.543168413529727,0.5003177959745545,5f8768d854c6376baa426ba2a979544acf538dcc1710435ca20b9d1bc09c590b,1b85241f7cbb073be962e80dbbaa0945d44e4e151ce60823dbad0c20a889cb7a,raw_score,,,
raw_score,raw,True,0.35,0.7782876329043088,0.7846987136086662,0.6328146328146328,1.0,2954,0,569,2318,0.6757385791257806,0.543168413529727,0.5003177959745545,5f8768d854c6376baa426ba2a979544acf538dcc1710435ca20b9d1bc09c590b,6a4cf599fc9db3cf4fbdad15688fab9f0459f8f5a7e02e8d089676d226ca31fd,raw_score,,,
raw_score,raw,True,0.4,0.77004976275894,0.803623188405797,0.6055146055146056,1.0,2760,0,486,2218,0.6757385791257806,0.543168413529727,0.5003177959745545,5f8768d854c6376baa426ba2a979544acf538dcc1710435ca20b9d1bc09c590b,f8f6e4d6c8c1ff5ab54a88d8dc8073418be99c4b46dbc1f0cdba0632798cdbd5,raw_score,,,
raw_score,raw,True,0.45241332650184685,0.762699651735319,0.8311739301138594,0.577941577941578,1.0,2547,0,385,2117,0.6757385791257806,0.543168413529727,0.5003177959745545,5f8768d854c6376baa426ba2a979544acf538dcc1710435ca20b9d1bc09c590b,2a90a0a747588595d3a0b2ebb72eadded88e956f0b0024e190470088462d858a,raw_score,,,
raw_score,raw,True,0.5,0.7524199553239018,0.8513058129738837,0.5517335517335518,1.0,2374,0,312,2021,0.6757385791257806,0.543168413529727,0.5003177959745545,5f8768d854c6376baa426ba2a979544acf538dcc1710435ca20b9d1bc09c590b,1553a789eb422419ef1b98b58d90f6dc5b2e2808dd0aa3aec5e2db128ecfba66,raw_score,,,
raw_score,raw,True,0.6,0.7169354838709676,0.8894447223611806,0.4853944853944854,1.0,1999,0,194,1778,0.6757385791257806,0.543168413529727,0.5003177959745545,5f8768d854c6376baa426ba2a979544acf538dcc1710435ca20b9d1bc09c590b,1aa5c5415db083fb3b62429769899f566bc0eabdc0c38ccf544ff8beaaccd279,raw_score,,,
raw_score,raw,True,0.7,0.6672527472527473,0.9233576642335767,0.4144144144144144,1.0,1644,0,105,1518,0.6757385791257806,0.543168413529727,0.5003177959745545,5f8768d854c6376baa426ba2a979544acf538dcc1710435ca20b9d1bc09c590b,102afd34d58ecd75093c299c2b0499650669ac5ed7b02a1083f6ae49d4f7d046,raw_score,,,
raw_score,raw,True,0.7923025459051131,0.5924902470741223,0.9536891679748822,0.3316953316953317,1.0,1274,0,53,1215,0.6757385791257806,0.543168413529727,0.5003177959745545,5f8768d854c6376baa426ba2a979544acf538dcc1710435ca20b9d1bc09c590b,22236fbd1a8f1527924bffd73319859123db2bd408454e6a9d334d34298d8557,raw_score,,,
raw_score,raw,True,0.8,0.5835251561986189,0.9571197411003236,0.32295932295932295,1.0,1236,0,47,1183,0.6757385791257806,0.543168413529727,0.5003177959745545,5f8768d854c6376baa426ba2a979544acf538dcc1710435ca20b9d1bc09c590b,f31c7d30cb8c6af915459130097b90faec1c9a59afeca15019daa51c9ea1e1e8,raw_score,,,
raw_score,raw,True,0.9,0.3680755026672137,0.9755301794453507,0.16325416325416325,1.0,613,0,14,598,0.6757385791257806,0.543168413529727,0.5003177959745545,5f8768d854c6376baa426ba2a979544acf538dcc1710435ca20b9d1bc09c590b,2c47d0b2fb7ea3a6ea1796c0354f0b58072fcd70904d5e07a7a430c5abde4cfd,raw_score,,,
raw_score,raw,True,0.9797402024269104,0.0008185538881309687,1.0,0.000273000273000273,1.0,1,0,0,1,0.6757385791257806,0.543168413529727,0.5003177959745545,5f8768d854c6376baa426ba2a979544acf538dcc1710435ca20b9d1bc09c590b,f1ed4573e9c53fe133c326f57c9caa4a3bcfe4aa71756e706ffd5bfff931befb,raw_score,,,
geometry_risk_score,geometry,False,0.02374209638113125,0.354192498450093,0.15954550214682164,0.8318318318318318,1.0,19098,0,15565,3047,0.6885202861963615,0.5488295321903489,0.5056792501074241,2386227179e7681fbbd7bac54247d6b1d5e3edb32228cdd0618299e3e26e0c7b,be66a5d3707e8cfe3b1e94e1253e33882b53a9edcd15f132e15830a2faf7a17c,geometry_risk_score,,,
geometry_risk_score,geometry,False,0.05,0.44234984655852694,0.2187296769997832,0.8263718263718264,1.0,13839,0,10424,3027,0.6885202861963615,0.5488295321903489,0.5056792501074241,2386227179e7681fbbd7bac54247d6b1d5e3edb32228cdd0618299e3e26e0c7b,86782b75c14f6e3919451ce34e9cc0c9dc02953b968568c2cf522ac31fc714ed,geometry_risk_score,,,
geometry_risk_score,geometry,False,0.0598290262541485,0.4661274535057442,0.23688344329249136,0.8233688233688233,1.0,12732,0,9343,3016,0.6885202861963615,0.5488295321903489,0.5056792501074241,2386227179e7681fbbd7bac54247d6b1d5e3edb32228cdd0618299e3e26e0c7b,22fc3580364f6455e8cbb2d201b3d6785d89ddbf5f93fbd76361ef992d94b248,geometry_risk_score,,,
geometry_risk_score,geometry,False,0.1,0.5383086375135525,0.29909638554216866,0.8132678132678133,1.0,9960,0,6664,2979,0.6885202861963615,0.5488295321903489,0.5056792501074241,2386227179e7681fbbd7bac54247d6b1d5e3edb32228cdd0618299e3e26e0c7b,e4ff2815b866e4fac8038edd5fcaa085e27df43d61e0a12720c1cc300e0f1e81,geometry_risk_score,,,
geometry_risk_score,geometry,False,0.15,0.6003258213412979,0.3630094815909371,0.8048048048048048,1.0,8121,0,4916,2948,0.6885202861963615,0.5488295321903489,0.5056792501074241,2386227179e7681fbbd7bac54247d6b1d5e3edb32228cdd0618299e3e26e0c7b,2ec9caaa4c7c64c2a724ee89ad0e5a4901665244af68ce09ed84d58f1426f39d,geometry_risk_score,,,
geometry_risk_score,geometry,False,0.16844390130886083,0.6189606741573034,0.3846053148317843,0.8020748020748021,1.0,7639,0,4456,2938,0.6885202861963615,0.5488295321903489,0.5056792501074241,2386227179e7681fbbd7bac54247d6b1d5e3edb32228cdd0618299e3e26e0c7b,eb3c85b457adbed6ef9bf3a6eeabbe0581d855a24402c23853172405a0771d46,geometry_risk_score,,,
geometry_risk_score,geometry,False,0.2,0.6426058918364356,0.4140226628895184,0.797979797979798,1.0,7060,0,3912,2923,0.6885202861963615,0.5488295321903489,0.5056792501074241,2386227179e7681fbbd7bac54247d6b1d5e3edb32228cdd0618299e3e26e0c7b,8bddff147932ef8541c07569272d5d405d753465c0725d8f184cfa01adb44f96,geometry_risk_score,,,
geometry_risk_score,geometry,False,0.25,0.6752741697129968,0.45936507936507937,0.79006279006279,1.0,6300,0,3210,2894,0.6885202861963615,0.5488295321903489,0.5056792501074241,2386227179e7681fbbd7bac54247d6b1d5e3edb32228cdd0618299e3e26e0c7b,a3c398392b41467881c5798e3f57545cb122b7b189055b830629166f3e2717d0,geometry_risk_score,,,
geometry_risk_score,geometry,False,0.3,0.7000973709834469,0.4971477960242005,0.7851487851487852,1.0,5785,0,2727,2876,0.6885202861963615,0.5488295321903489,0.5056792501074241,2386227179e7681fbbd7bac54247d6b1d5e3edb32228cdd0618299e3e26e0c7b,74f26f1475b45a68282ed1f68f7fd3c7ba08535f2e96b9fa6ed8de6650b68f26,geometry_risk_score,,,
geometry_risk_score,geometry,False,0.35,0.7213045676723411,0.5332710280373831,0.7788697788697788,1.0,5350,0,2334,2853,0.6885202861963615,0.5488295321903489,0.5056792501074241,2386227179e7681fbbd7bac54247d6b1d5e3edb32228cdd0618299e3e26e0c7b,5e4698866ebe64497bd16ad3cb2f574d6343a058c313814b973510a16b1af0c6,geometry_risk_score,,,
geometry_risk_score,geometry,False,0.3832304596186476,0.7335634167385678,0.5564500294521892,0.7736827736827737,1.0,5093,0,2110,2834,0.6885202861963615,0.5488295321903489,0.5056792501074241,2386227179e7681fbbd7bac54247d6b1d5e3edb32228cdd0618299e3e26e0c7b,a53b7fc0de97f8f48e9425d31f2e04c429dd3c4a606c17ec785ed5a35fe5376d,geometry_risk_score,,,
geometry_risk_score,geometry,False,0.4,0.7368833202819106,0.5638106650689035,0.7706797706797707,1.0,5007,0,2037,2823,0.6885202861963615,0.5488295321903489,0.5056792501074241,2386227179e7681fbbd7bac54247d6b1d5e3edb32228cdd0618299e3e26e0c7b,14ab18ea2d78bb49c008ef0a726d8baa2c838f093163903cd0323314c147933f,geometry_risk_score,,,
geometry_risk_score,geometry,False,0.5,0.7605130554283096,0.6169453734671126,0.7553917553917554,1.0,4485,0,1599,2767,0.6885202861963615,0.5488295321903489,0.5056792501074241,2386227179e7681fbbd7bac54247d6b1d5e3edb32228cdd0618299e3e26e0c7b,4670573765c24e7420934abbae6d8c1e3b43985cfbb9b54ab7775bf8772cc8f3,geometry_risk_score,,,
geometry_risk_score,geometry,False,0.6,0.7770719029742998,0.6669144981412639,0.7346437346437347,1.0,4035,0,1240,2691,0.6885202861963615,0.5488295321903489,0.5056792501074241,2386227179e7681fbbd7bac54247d6b1d5e3edb32228cdd0618299e3e26e0c7b,ef67ef01814af9bbafa1bc6b94bcf5655d19cc4c1450c88fceb5e77f7a919a29,geometry_risk_score,,,
geometry_risk_score,geometry,False,0.7,0.7888205024720008,0.7155409115870401,0.7114387114387114,1.0,3642,0,951,2606,0.6885202861963615,0.5488295321903489,0.5056792501074241,2386227179e7681fbbd7bac54247d6b1d5e3edb32228cdd0618299e3e26e0c7b,f0b8afc097c74a96a1fb5c160725325302b1ce38f2620fb83b9c41bfa02ba069,geometry_risk_score,,,
geometry_risk_score,geometry,False,0.8,0.7922772489036259,0.7674852346907056,0.674037674037674,1.0,3217,0,686,2469,0.6885202861963615,0.5488295321903489,0.5056792501074241,2386227179e7681fbbd7bac54247d6b1d5e3edb32228cdd0618299e3e26e0c7b,899066120d48830703cb5c80004468292cad8e16ee6be6671c01555136c4a6c2,geometry_risk_score,,,
geometry_risk_score,geometry,False,0.9,0.7776068173748373,0.8436055469953775,0.5978705978705978,1.0,2596,0,369,2190,0.6885202861963615,0.5488295321903489,0.5056792501074241,2386227179e7681fbbd7bac54247d6b1d5e3edb32228cdd0618299e3e26e0c7b,5ca68da71a5b6d0603c9a97efaf2a170d9356608395c4cc87f0451354f42ba60,geometry_risk_score,,,
geometry_risk_score,geometry,False,0.9064039629803787,0.776053479766026,0.850804868472713,0.5915915915915916,1.0,2547,0,347,2167,0.6885202861963615,0.5488295321903489,0.5056792501074241,2386227179e7681fbbd7bac54247d6b1d5e3edb32228cdd0618299e3e26e0c7b,f2b8450cb638a2ee0fa7675dda2ea36849baa759248c1b8ecfffddd4adcfdbf1,geometry_risk_score,,,
geometry_risk_score,geometry,False,0.9841644600554111,0.593663688058489,0.9560439560439561,0.3325143325143325,1.0,1274,0,45,1218,0.6885202861963615,0.5488295321903489,0.5056792501074241,2386227179e7681fbbd7bac54247d6b1d5e3edb32228cdd0618299e3e26e0c7b,910644044d0a3e94e04a49cc5c1aefdac4ae310dcb2e447410738e30771737ca,geometry_risk_score,,,
geometry_risk_score,geometry,False,0.9995484751410515,0.0008185538881309687,1.0,0.000273000273000273,1.0,1,0,0,1,0.6885202861963615,0.5488295321903489,0.5056792501074241,2386227179e7681fbbd7bac54247d6b1d5e3edb32228cdd0618299e3e26e0c7b,944425baba25767abb7b0f8e49d2f637b3563ee81f83304ee94a96fd56dc5286,geometry_risk_score,,,
geometry_alpha_0p050,alpha_blend,False,0.0033862922201821416,0.35367980467387516,0.15928369462770972,0.8304668304668305,1.0,19098,0,15531,3042,0.6770923773413499,0.5439465937643304,0.5008179703838123,478979e92d9154697e25bd523413b1223178f53f3767041490a8332c9c92d45d,421da1f2e9bada884f0c23964aef1f23c3bbdc4c1977b2703b84473bb49c62d9,geometry_alpha_0p050,0.05,,
geometry_alpha_0p050,alpha_blend,False,0.00890219049768834,0.46364480198019803,0.23539114043355325,0.8181818181818182,1.0,12732,0,9340,2997,0.6770923773413499,0.5439465937643304,0.5008179703838123,478979e92d9154697e25bd523413b1223178f53f3767041490a8332c9c92d45d,5d24cec8efa1b89e52224ecf2cced2543abaa873f9336b03f54b30d65385b3e7,geometry_alpha_0p050,0.05,,
geometry_alpha_0p050,alpha_blend,False,0.031046565711519262,0.6161147437249526,0.38237989265610683,0.7974337974337974,1.0,7639,0,4467,2921,0.6770923773413499,0.5439465937643304,0.5008179703838123,478979e92d9154697e25bd523413b1223178f53f3767041490a8332c9c92d45d,7fae335f539e30d1da1b9516f58526cfabe073082bc40e1d9df3da8510a059bc,geometry_alpha_0p050,0.05,,
geometry_alpha_0p050,alpha_blend,False,0.05,0.6695929148539466,0.4534406565656566,0.7843297843297843,1.0,6336,0,3246,2873,0.6770923773413499,0.5439465937643304,0.5008179703838123,478979e92d9154697e25bd523413b1223178f53f3767041490a8332c9c92d45d,422e500237322500ef4b905949f28335904de011238d4e1e53deed5df2ac597c,geometry_alpha_0p050,0.05,,
geometry_alpha_0p050,alpha_blend,False,0.09085912997599858,0.7280747275557862,0.5509522874533673,0.7660387660387661,1.0,5093,0,2127,2806,0.6770923773413499,0.5439465937643304,0.5008179703838123,478979e92d9154697e25bd523413b1223178f53f3767041490a8332c9c92d45d,9b11978b041ffd985e524ac5d596191f06319a24a96506abff3f718156ce5503,geometry_alpha_0p050,0.05,,
geometry_alpha_0p050,alpha_blend,False,0.1,0.7362579281183932,0.5682235366102386,0.7605787605787606,1.0,4903,0,1964,2786,0.6770923773413499,0.5439465937643304,0.5008179703838123,478979e92d9154697e25bd523413b1223178f53f3767041490a8332c9c92d45d,887d79e088750bde2a392a72892681440c0f5f068d0d8dcd0067fc1d95569ed8,geometry_alpha_0p050,0.05,,
geometry_alpha_0p050,alpha_blend,False,0.15,0.7635593220338983,0.6354019746121298,0.737919737919738,1.0,4254,0,1429,2703,0.6770923773413499,0.5439465937643304,0.5008179703838123,478979e92d9154697e25bd523413b1223178f53f3767041490a8332c9c92d45d,a710873a4e4f5065078b82468d5226f0024058ebce0ac2d232a1472caae7c5fb,geometry_alpha_0p050,0.05,,
geometry_alpha_0p050,alpha_blend,False,0.2,0.7754174488686889,0.6808953669963561,0.7141687141687142,1.0,3842,0,1120,2616,0.6770923773413499,0.5439465937643304,0.5008179703838123,478979e92d9154697e25bd523413b1223178f53f3767041490a8332c9c92d45d,a7a8b0283297b171d8b8a342692ce333e039ef3b8355add3c9e74932c9c5abd0,geometry_alpha_0p050,0.05,,
geometry_alpha_0p050,alpha_blend,False,0.25,0.7826755509994874,0.7175077530307302,0.6947856947856947,1.0,3547,0,907,2545,0.6770923773413499,0.5439465937643304,0.5008179703838123,478979e92d9154697e25bd523413b1223178f53f3767041490a8332c9c92d45d,257271a0ad8c4a90941f03246fde24f2583a3e863a12eef3bd82c7532288c353,geometry_alpha_0p050,0.05,,
geometry_alpha_0p050,alpha_blend,False,0.3,0.7850914504466185,0.7503048780487804,0.6718536718536718,1.0,3280,0,742,2461,0.6770923773413499,0.5439465937643304,0.5008179703838123,478979e92d9154697e25bd523413b1223178f53f3767041490a8332c9c92d45d,b15d0a4f58faff08d001959c818b1154786d8b3b35115da57f10a9098c3933dd,geometry_alpha_0p050,0.05,,
geometry_alpha_0p050,alpha_blend,False,0.35,0.7810435931307793,0.7738874345549738,0.6456456456456456,1.0,3056,0,622,2365,0.6770923773413499,0.5439465937643304,0.5008179703838123,478979e92d9154697e25bd523413b1223178f53f3767041490a8332c9c92d45d,7bdca62104364d07f06c080cb77ccecd955bae8a54c5b9d787eab2b225761014,geometry_alpha_0p050,0.05,,
geometry_alpha_0p050,alpha_blend,False,0.4,0.7746783559148354,0.7952314165497896,0.6191646191646192,1.0,2852,0,524,2268,0.6770923773413499,0.5439465937643304,0.5008179703838123,478979e92d9154697e25bd523413b1223178f53f3767041490a8332c9c92d45d,428b8e8aba43527d9aebd71db962f0e4b6cda0ce0cf5e444a6127e346362635c,geometry_alpha_0p050,0.05,,
geometry_alpha_0p050,alpha_blend,False,0.47399511859403254,0.7629682997118156,0.8315665488810365,0.5782145782145782,1.0,2547,0,383,2118,0.6770923773413499,0.5439465937643304,0.5008179703838123,478979e92d9154697e25bd523413b1223178f53f3767041490a8332c9c92d45d,0af2c21aacc410e520cd704b00050d7d633099e99deb66bfaf7ad29dee327a3c,geometry_alpha_0p050,0.05,,
geometry_alpha_0p050,alpha_blend,False,0.5,0.7592344264293551,0.8425324675324676,0.5667485667485668,1.0,2464,0,343,2076,0.6770923773413499,0.5439465937643304,0.5008179703838123,478979e92d9154697e25bd523413b1223178f53f3767041490a8332c9c92d45d,6058ad8e6e256d9e8e95237a0297f878c40001848a6f81614b612e4566c9c74b,geometry_alpha_0p050,0.05,,
geometry_alpha_0p050,alpha_blend,False,0.6,0.7263241315546164,0.8833734939759036,0.5004095004095004,1.0,2075,0,211,1833,0.6770923773413499,0.5439465937643304,0.5008179703838123,478979e92d9154697e25bd523413b1223178f53f3767041490a8332c9c92d45d,67dc7b0e3a8a2017f7ee3b7fff807e0574bd1da42e62ff7769fc635672462dc9,geometry_alpha_0p050,0.05,,
geometry_alpha_0p050,alpha_blend,False,0.7,0.6745974176701001,0.9226190476190477,0.42315042315042317,1.0,1680,0,108,1550,0.6770923773413499,0.5439465937643304,0.5008179703838123,478979e92d9154697e25bd523413b1223178f53f3767041490a8332c9c92d45d,e30052880e9da240e047ac863057410ecc1575198b2e68c11546ae4f8207ac01,geometry_alpha_0p050,0.05,,
geometry_alpha_0p050,alpha_blend,False,0.8,0.594550762244567,0.9539422326307572,0.3336063336063336,1.0,1281,0,53,1222,0.6770923773413499,0.5439465937643304,0.5008179703838123,478979e92d9154697e25bd523413b1223178f53f3767041490a8332c9c92d45d,a0334f59d81d385fbb448f5563e322f4a2da44348ca7ca74493f1819cc97fd3d,geometry_alpha_0p050,0.05,,
geometry_alpha_0p050,alpha_blend,False,0.8018050100330312,0.5924902470741223,0.9536891679748822,0.3316953316953317,1.0,1274,0,53,1215,0.6770923773413499,0.5439465937643304,0.5008179703838123,478979e92d9154697e25bd523413b1223178f53f3767041490a8332c9c92d45d,e61d17b96d49176c5408cb5de8dfc86b5641686e93592b249ad914450d15ac5c,geometry_alpha_0p050,0.05,,
geometry_alpha_0p050,alpha_blend,False,0.9,0.3899396378269618,0.9773071104387292,0.17635817635817636,1.0,661,0,14,646,0.6770923773413499,0.5439465937643304,0.5008179703838123,478979e92d9154697e25bd523413b1223178f53f3767041490a8332c9c92d45d,8c2be66c3e3e678d615ff24c914b85ae9cfa48958a4a019def6df62a3d85a9d5,geometry_alpha_0p050,0.05,,
geometry_alpha_0p050,alpha_blend,False,0.98050722667397,0.0008185538881309687,1.0,0.000273000273000273,1.0,1,0,0,1,0.6770923773413499,0.5439465937643304,0.5008179703838123,478979e92d9154697e25bd523413b1223178f53f3767041490a8332c9c92d45d,f1ed4573e9c53fe133c326f57c9caa4a3bcfe4aa71756e706ffd5bfff931befb,geometry_alpha_0p050,0.05,,
geometry_alpha_0p100,alpha_blend,False,0.004584024851415864,0.353884906025964,0.1593884176353545,0.831012831012831,1.0,19098,0,15530,3044,0.6783977661630103,0.5445763187512603,0.5014543680051529,2ff76dbb4477cde230e38a5137c48b11631684caabdf7bc501d31cd44c0ca24c,174b0a0d70d4f71878b14b87ea2c3ae87ac205e6ac1b6fd85c188c66519da8a4,geometry_alpha_0p100,0.1,,
geometry_alpha_0p100,alpha_blend,False,0.01172415717346751,0.4644293226105784,0.23586239396795475,0.8198198198198198,1.0,12732,0,9340,3003,0.6783977661630103,0.5445763187512603,0.5014543680051529,2ff76dbb4477cde230e38a5137c48b11631684caabdf7bc501d31cd44c0ca24c,910490b45de9dfe98c302266fb0267002663f4952d1dafa35633d0dbd7b1c2a3,geometry_alpha_0p100,0.1,,
geometry_alpha_0p100,alpha_blend,False,0.0384998766752623,0.6171199662660762,0.3831653357769342,0.799071799071799,1.0,7639,0,4458,2927,0.6783977661630103,0.5445763187512603,0.5014543680051529,2ff76dbb4477cde230e38a5137c48b11631684caabdf7bc501d31cd44c0ca24c,dfada6e61f46cbdf3fd9413d597ba1a4f48a38287f2e371e31e8625f887d3147,geometry_alpha_0p100,0.1,,
geometry_alpha_0p100,alpha_blend,False,0.05,0.6484310948796304,0.4231105923548293,0.7917007917007917,1.0,6854,0,3722,2900,0.6783977661630103,0.5445763187512603,0.5014543680051529,2ff76dbb4477cde230e38a5137c48b11631684caabdf7bc501d31cd44c0ca24c,39b7aa5f0eae8ef5e05d1c9e520e950a6c070c4a9e2f4cd95aedfb0cd009384f,geometry_alpha_0p100,0.1,,
geometry_alpha_0p100,alpha_blend,False,0.1,0.7245011561188661,0.5429341547939931,0.7698607698607699,1.0,5194,0,2208,2820,0.6783977661630103,0.5445763187512603,0.5014543680051529,2ff76dbb4477cde230e38a5137c48b11631684caabdf7bc501d31cd44c0ca24c,2e90a7731ea31ad17851f15f1875859a0961f24771f7c04d3f25dadd130e0a7f,geometry_alpha_0p100,0.1,,
geometry_alpha_0p100,alpha_blend,False,0.10536374611173216,0.7296456352636129,0.5525230708816022,0.7682227682227682,1.0,5093,0,2119,2814,0.6783977661630103,0.5445763187512603,0.5014543680051529,2ff76dbb4477cde230e38a5137c48b11631684caabdf7bc501d31cd44c0ca24c,17b60cdeae674d986f64dd397ff86689742473c8d9b5f919d5b7fe708e4dba61,geometry_alpha_0p100,0.1,,
geometry_alpha_0p100,alpha_blend,False,0.15,0.7566347217102839,0.6147798742138365,0.7472017472017473,1.0,4452,0,1585,2737,0.6783977661630103,0.5445763187512603,0.5014543680051529,2ff76dbb4477cde230e38a5137c48b11631684caabdf7bc501d31cd44c0ca24c,c5d4bdcf87169252e09672f4fe1268f7d8b0019ba7f19a3d268185a82dabc0d1,geometry_alpha_0p100,0.1,,
geometry_alpha_0p100,alpha_blend,False,0.2,0.7725733088164133,0.663756547767523,0.7264537264537264,1.0,4009,0,1233,2661,0.6783977661630103,0.5445763187512603,0.5014543680051529,2ff76dbb4477cde230e38a5137c48b11631684caabdf7bc501d31cd44c0ca24c,7ab69435f3aa255aec0c4f3d337d26f3d21ca89f70573453ea1c41352282b7f9,geometry_alpha_0p100,0.1,,
geometry_alpha_0p100,alpha_blend,False,0.25,0.7809667673716012,0.7020640956002173,0.7057057057057057,1.0,3682,0,995,2585,0.6783977661630103,0.5445763187512603,0.5014543680051529,2ff76dbb4477cde230e38a5137c48b11631684caabdf7bc501d31cd44c0ca24c,1d5c2d617175cd1d8f4faef06cd3449f142bd834a9f1395232dad3c61825baf0,geometry_alpha_0p100,0.1,,
geometry_alpha_0p100,alpha_blend,False,0.3,0.7845188284518829,0.7359434795407712,0.6825006825006825,1.0,3397,0,811,2500,0.6783977661630103,0.5445763187512603,0.5014543680051529,2ff76dbb4477cde230e38a5137c48b11631684caabdf7bc501d31cd44c0ca24c,11a6bb9b7807e23697767136a558a4593b1a65588314062a9833ec5531699451,geometry_alpha_0p100,0.1,,
geometry_alpha_0p100,alpha_blend,False,0.35,0.7831455805892549,0.7628996517885407,0.657930657930658,1.0,3159,0,677,2410,0.6783977661630103,0.5445763187512603,0.5014543680051529,2ff76dbb4477cde230e38a5137c48b11631684caabdf7bc501d31cd44c0ca24c,132a74aaa579a810d4ed6db2feb86dde98ede95714de9ec794626486644957a4,geometry_alpha_0p100,0.1,,
geometry_alpha_0p100,alpha_blend,False,0.4,0.7796913442182957,0.7864636209813874,0.6344526344526344,1.0,2955,0,564,2324,0.6783977661630103,0.5445763187512603,0.5014543680051529,2ff76dbb4477cde230e38a5137c48b11631684caabdf7bc501d31cd44c0ca24c,c0f2650ec7595be738875b59c66234ada5772ea383b7ab3b767796311419883c,geometry_alpha_0p100,0.1,,
geometry_alpha_0p100,alpha_blend,False,0.49581105575850243,0.7635054021608644,0.8323517864153906,0.5787605787605787,1.0,2547,0,381,2120,0.6783977661630103,0.5445763187512603,0.5014543680051529,2ff76dbb4477cde230e38a5137c48b11631684caabdf7bc501d31cd44c0ca24c,10777bfa0795578f6e73c80cd403820301112ac1c17460f12f0aafc48c514075,geometry_alpha_0p100,0.1,,
geometry_alpha_0p100,alpha_blend,False,0.5,0.7622832369942197,0.8336625839589096,0.5760305760305761,1.0,2531,0,375,2110,0.6783977661630103,0.5445763187512603,0.5014543680051529,2ff76dbb4477cde230e38a5137c48b11631684caabdf7bc501d31cd44c0ca24c,4ae5f4de29aa0fceda55ac6f43ed5bfe4aeb8620dcc476b7f7a7d82cbcb9f9d7,geometry_alpha_0p100,0.1,,
geometry_alpha_0p100,alpha_blend,False,0.6,0.7337062573175492,0.8768656716417911,0.5132405132405132,1.0,2144,0,232,1880,0.6783977661630103,0.5445763187512603,0.5014543680051529,2ff76dbb4477cde230e38a5137c48b11631684caabdf7bc501d31cd44c0ca24c,f02e410196f4257e4cb86ed8a02a8cb038b1de0fb2c697c9f4025a7ef54ffc3a,geometry_alpha_0p100,0.1,,
geometry_alpha_0p100,alpha_blend,False,0.7,0.6830874982099385,0.9190751445086706,0.43407043407043405,1.0,1730,0,117,1590,0.6783977661630103,0.5445763187512603,0.5014543680051529,2ff76dbb4477cde230e38a5137c48b11631684caabdf7bc501d31cd44c0ca24c,8c618a2482897ddf4ccbfd8c8cd647b9e2ac6bc5e1bffeb79ab6db8cba8093cb,geometry_alpha_0p100,0.1,,
geometry_alpha_0p100,alpha_blend,False,0.8,0.6051873198847262,0.9523809523809523,0.343980343980344,1.0,1323,0,56,1260,0.6783977661630103,0.5445763187512603,0.5014543680051529,2ff76dbb4477cde230e38a5137c48b11631684caabdf7bc501d31cd44c0ca24c,9db708a9c524bfe22779714367dc7472b79c75c862b59354b144f7a302bece52,geometry_alpha_0p100,0.1,,
geometry_alpha_0p100,alpha_blend,False,0.8109611385281003,0.5932726681832954,0.9552590266875981,0.33224133224133223,1.0,1274,0,51,1217,0.6783977661630103,0.5445763187512603,0.5014543680051529,2ff76dbb4477cde230e38a5137c48b11631684caabdf7bc501d31cd44c0ca24c,750887d080fbca1965c4d06cff0172228cf826b8ddcd0e3e95b0f6aee1eb1671,geometry_alpha_0p100,0.1,,
geometry_alpha_0p100,alpha_blend,False,0.9,0.40214797136038183,0.975397973950796,0.18400218400218402,1.0,691,0,15,674,0.6783977661630103,0.5445763187512603,0.5014543680051529,2ff76dbb4477cde230e38a5137c48b11631684caabdf7bc501d31cd44c0ca24c,f38ee6bb240722b7133cf3e36c213cf9aeb89a2b335d27e301e270c3f3ad578e,geometry_alpha_0p100,0.1,,
geometry_alpha_0p100,alpha_blend,False,0.9812742509210297,0.0008185538881309687,1.0,0.000273000273000273,1.0,1,0,0,1,0.6783977661630103,0.5445763187512603,0.5014543680051529,2ff76dbb4477cde230e38a5137c48b11631684caabdf7bc501d31cd44c0ca24c,f1ed4573e9c53fe133c326f57c9caa4a3bcfe4aa71756e706ffd5bfff931befb,geometry_alpha_0p100,0.1,,
geometry_alpha_0p200,alpha_blend,False,0.006880340011820778,0.3539874447802836,0.15944077913917687,0.8312858312858313,1.0,19098,0,15544,3045,0.6799661051983381,0.5454104162734785,0.5023553630961624,6e6cbaa8867fdf6fa5c129ec4b5614e51f6157fe0477a8eded3e4f93e2a24e8e,fdb359c3d36a61d6393460160cc26647bbce071aabd43c25efcbf1c8f8fe4275,geometry_alpha_0p200,0.2,,
geometry_alpha_0p200,alpha_blend,False,0.017146090005496245,0.4650827191671391,0.2362551052466227,0.8211848211848212,1.0,12732,0,9338,3008,0.6799661051983381,0.5454104162734785,0.5023553630961624,6e6cbaa8867fdf6fa5c129ec4b5614e51f6157fe0477a8eded3e4f93e2a24e8e,c7ac98c9e5042a2f8e7380992cff2ac8bf164f046a93858a12d663a30cddb2b3,geometry_alpha_0p200,0.2,,
geometry_alpha_0p200,alpha_blend,False,0.05,0.6087016574585635,0.37288996065490543,0.8020748020748021,1.0,7879,0,4686,2938,0.6799661051983381,0.5454104162734785,0.5023553630961624,6e6cbaa8867fdf6fa5c129ec4b5614e51f6157fe0477a8eded3e4f93e2a24e8e,e95be868a387ffa9fef6afe037d32ab3c916a95434b851c0f2da88f488ab5051,geometry_alpha_0p200,0.2,,
geometry_alpha_0p200,alpha_blend,False,0.05339800344793541,0.6174548520834796,0.38342715015054324,0.7996177996177997,1.0,7639,0,4459,2929,0.6799661051983381,0.5454104162734785,0.5023553630961624,6e6cbaa8867fdf6fa5c129ec4b5614e51f6157fe0477a8eded3e4f93e2a24e8e,67eaa1e82a44f5c6c64396e4600843c1d2dc9ad1eebbd89e269507cb4c75a568,geometry_alpha_0p200,0.2,,
geometry_alpha_0p200,alpha_blend,False,0.1,0.6959339057184514,0.49218078707681734,0.7818727818727819,1.0,5819,0,2762,2864,0.6799661051983381,0.5454104162734785,0.5023553630961624,6e6cbaa8867fdf6fa5c129ec4b5614e51f6157fe0477a8eded3e4f93e2a24e8e,12e629e7b7af7160aec5c992a6794b7c2aca1ad76d1622a07a2d1f8b4b6f7d7a,geometry_alpha_0p200,0.2,,
geometry_alpha_0p200,alpha_blend,False,0.13542880294431617,0.7312143720849887,0.554093854309837,0.7704067704067704,1.0,5093,0,2114,2822,0.6799661051983381,0.5454104162734785,0.5023553630961624,6e6cbaa8867fdf6fa5c129ec4b5614e51f6157fe0477a8eded3e4f93e2a24e8e,c879b4dad812b561fd2d74a4b9bccb187ee09e068105214abab40500cb79329e,geometry_alpha_0p200,0.2,,
geometry_alpha_0p200,alpha_blend,False,0.15,0.7387252747252746,0.5703522704133578,0.7646737646737647,1.0,4911,0,1963,2801,0.6799661051983381,0.5454104162734785,0.5023553630961624,6e6cbaa8867fdf6fa5c129ec4b5614e51f6157fe0477a8eded3e4f93e2a24e8e,8317999126b178e35e2c063bb91b6c0275f0d8f761d691a57a0f1b94a2f120a5,geometry_alpha_0p200,0.2,,
geometry_alpha_0p200,alpha_blend,False,0.2,0.7620067014147431,0.6270680147058824,0.745017745017745,1.0,4352,0,1498,2729,0.6799661051983381,0.5454104162734785,0.5023553630961624,6e6cbaa8867fdf6fa5c129ec4b5614e51f6157fe0477a8eded3e4f93e2a24e8e,cb93e9219c74aee3380c432520e550a9ec220729dc6cdb2d1e524b7d35d63f30,geometry_alpha_0p200,0.2,,
geometry_alpha_0p200,alpha_blend,False,0.25,0.7752186588921283,0.6701108870967742,0.7259077259077259,1.0,3968,0,1200,2659,0.6799661051983381,0.5454104162734785,0.5023553630961624,6e6cbaa8867fdf6fa5c129ec4b5614e51f6157fe0477a8eded3e4f93e2a24e8e,fb480031dc6a3bf48004b395031ac601a305e6ea4b11ab727c65e4604f48eac8,geometry_alpha_0p200,0.2,,
geometry_alpha_0p200,alpha_blend,False,0.3,0.7824116047144153,0.7044897959183674,0.7067977067977068,1.0,3675,0,984,2589,0.6799661051983381,0.5454104162734785,0.5023553630961624,6e6cbaa8867fdf6fa5c129ec4b5614e51f6157fe0477a8eded3e4f93e2a24e8e,0929d1b202fbe683219e64d8c5acdb57d608b8dd79aef388fd36acee8af699b5,geometry_alpha_0p200,0.2,,
geometry_alpha_0p200,alpha_blend,False,0.35,0.7863712374581939,0.7382984986753017,0.6846846846846847,1.0,3397,0,804,2508,0.6799661051983381,0.5454104162734785,0.5023553630961624,6e6cbaa8867fdf6fa5c129ec4b5614e51f6157fe0477a8eded3e4f93e2a24e8e,df6a2aef2583a9f5fb8aae7b4d9b7e398de831484e5b534339e7c44b9e9264da,geometry_alpha_0p200,0.2,,
geometry_alpha_0p200,alpha_blend,False,0.4,0.7848799480856586,0.7645385587863464,0.6603876603876604,1.0,3164,0,673,2419,0.6799661051983381,0.5454104162734785,0.5023553630961624,6e6cbaa8867fdf6fa5c129ec4b5614e51f6157fe0477a8eded3e4f93e2a24e8e,b5be748605575121bdfc0d9297ba534077b236e48839e9878f6029558153f40b,geometry_alpha_0p200,0.2,,
geometry_alpha_0p200,alpha_blend,False,0.5,0.7717277486910994,0.8125689084895259,0.6036036036036037,1.0,2721,0,458,2211,0.6799661051983381,0.5454104162734785,0.5023553630961624,6e6cbaa8867fdf6fa5c129ec4b5614e51f6157fe0477a8eded3e4f93e2a24e8e,3326b69746b21fab51bf2981afe12de294c9109382ecad0f52e32b359929bbcf,geometry_alpha_0p200,0.2,,
geometry_alpha_0p200,alpha_blend,False,0.540866942892873,0.7648470305938813,0.834314880251276,0.5801255801255801,1.0,2547,0,378,2125,0.6799661051983381,0.5454104162734785,0.5023553630961624,6e6cbaa8867fdf6fa5c129ec4b5614e51f6157fe0477a8eded3e4f93e2a24e8e,d8e780cb0bd10b6736757fe897862e74ae59e5d6f20e8efcf271693dad5ad60e,geometry_alpha_0p200,0.2,,
geometry_alpha_0p200,alpha_blend,False,0.6,0.7496231155778894,0.8617850953206239,0.542997542997543,1.0,2308,0,281,1989,0.6799661051983381,0.5454104162734785,0.5023553630961624,6e6cbaa8867fdf6fa5c129ec4b5614e51f6157fe0477a8eded3e4f93e2a24e8e,d155cc20b4e2f2906fdcfbed467e99410137cb62e0026ce16016150cd3dc4d87,geometry_alpha_0p200,0.2,,
geometry_alpha_0p200,alpha_blend,False,0.7,0.7019150707743547,0.9079159935379645,0.46027846027846026,1.0,1857,0,146,1686,0.6799661051983381,0.5454104162734785,0.5023553630961624,6e6cbaa8867fdf6fa5c129ec4b5614e51f6157fe0477a8eded3e4f93e2a24e8e,269d574f49a7e39a564aa91382ede8483b18c5d17977f840d50ecdebe59bd9d2,geometry_alpha_0p200,0.2,,
geometry_alpha_0p200,alpha_blend,False,0.8,0.6242395882077678,0.9434229137199435,0.36418236418236416,1.0,1414,0,70,1334,0.6799661051983381,0.5454104162734785,0.5023553630961624,6e6cbaa8867fdf6fa5c129ec4b5614e51f6157fe0477a8eded3e4f93e2a24e8e,ef77871b43e91ed58add015fabe06fc76d4a2a811eda38b8d8f3709d2f372565,geometry_alpha_0p200,0.2,,
geometry_alpha_0p200,alpha_blend,False,0.8294123432517794,0.593663688058489,0.9560439560439561,0.3325143325143325,1.0,1274,0,50,1218,0.6799661051983381,0.5454104162734785,0.5023553630961624,6e6cbaa8867fdf6fa5c129ec4b5614e51f6157fe0477a8eded3e4f93e2a24e8e,99c15115accd232de1a87a733a27ad03b32155ef861a6e94b4dc77ada658e57b,geometry_alpha_0p200,0.2,,
geometry_alpha_0p200,alpha_blend,False,0.9,0.44452931067405,0.9724310776942355,0.21184821184821184,1.0,798,0,20,776,0.6799661051983381,0.5454104162734785,0.5023553630961624,6e6cbaa8867fdf6fa5c129ec4b5614e51f6157fe0477a8eded3e4f93e2a24e8e,c68ea2c30200c2664950c7e582d9852782a5268c2136f7faa3d0c7faa833ddfd,geometry_alpha_0p200,0.2,,
geometry_alpha_0p200,alpha_blend,False,0.9828082994151488,0.0008185538881309687,1.0,0.000273000273000273,1.0,1,0,0,1,0.6799661051983381,0.5454104162734785,0.5023553630961624,6e6cbaa8867fdf6fa5c129ec4b5614e51f6157fe0477a8eded3e4f93e2a24e8e,f1ed4573e9c53fe133c326f57c9caa4a3bcfe4aa71756e706ffd5bfff931befb,geometry_alpha_0p200,0.2,,
geometry_alpha_0p400,alpha_blend,False,0.01129393854861065,0.35408997558801875,0.15949314064299927,0.8315588315588316,1.0,19098,0,15551,3046,0.6834817238181835,0.5473993399071707,0.504487268254475,6d3e27a90792ba5446bc874a26f0bd42fd4d1ac6486eeac2cb54d439fba1c3bf,2af9b03cba272a69f5d8ef67f8c1da145334f4e11d92963c2d854b324b68e0d3,geometry_alpha_0p400,0.4,,
geometry_alpha_0p400,alpha_blend,False,0.02789298042016179,0.4653439835094048,0.23641218975808986,0.8217308217308217,1.0,12732,0,9345,3010,0.6834817238181835,0.5473993399071707,0.504487268254475,6d3e27a90792ba5446bc874a26f0bd42fd4d1ac6486eeac2cb54d439fba1c3bf,67ff53ced50bfb1c062f999d8306a6722a10021886a595009775ef0fd8e7ec3f,geometry_alpha_0p400,0.4,,
geometry_alpha_0p400,alpha_blend,False,0.05,0.5446548564447159,0.30529019003595276,0.8113568113568114,1.0,9735,0,6446,2972,0.6834817238181835,0.5473993399071707,0.504487268254475,6d3e27a90792ba5446bc874a26f0bd42fd4d1ac6486eeac2cb54d439fba1c3bf,8fc0de7d8a4520f04b85356d018e22f7648583ddbbe712c40423796967fbc83d,geometry_alpha_0p400,0.4,,
geometry_alpha_0p400,alpha_blend,False,0.08218757236875832,0.6182916549592583,0.38408168608456605,0.800982800982801,1.0,7639,0,4462,2934,0.6834817238181835,0.5473993399071707,0.504487268254475,6d3e27a90792ba5446bc874a26f0bd42fd4d1ac6486eeac2cb54d439fba1c3bf,444dca4c9073e6279910eb951b56eb7ccbe149442ec4b8555610844ef29390ce,geometry_alpha_0p400,0.4,,
geometry_alpha_0p400,alpha_blend,False,0.1,0.6454015782874843,0.41796819028514115,0.7963417963417964,1.0,6979,0,3831,2917,0.6834817238181835,0.5473993399071707,0.504487268254475,6d3e27a90792ba5446bc874a26f0bd42fd4d1ac6486eeac2cb54d439fba1c3bf,b084c58700d957339eaf1f86f01c0f1fce7bf9904a79f29b3a4cd80a16501bf4,geometry_alpha_0p400,0.4,,
geometry_alpha_0p400,alpha_blend,False,0.15,0.6988235294117646,0.4957692971852875,0.7837837837837838,1.0,5791,0,2733,2871,0.6834817238181835,0.5473993399071707,0.504487268254475,6d3e27a90792ba5446bc874a26f0bd42fd4d1ac6486eeac2cb54d439fba1c3bf,dffd34d5e63f7d4d0051de7acb5d6d55bd76b9c7e79c43601b753a17b6a7f643,geometry_alpha_0p400,0.4,,
geometry_alpha_0p400,alpha_blend,False,0.19881412548243887,0.7331722471522264,0.5560573335951305,0.7731367731367731,1.0,5093,0,2107,2832,0.6834817238181835,0.5473993399071707,0.504487268254475,6d3e27a90792ba5446bc874a26f0bd42fd4d1ac6486eeac2cb54d439fba1c3bf,a5a2886267d8480911809de102bf3196deda913a28b777d93ef9835ec67e5e67,geometry_alpha_0p400,0.4,,
geometry_alpha_0p400,alpha_blend,False,0.2,0.7339322736696614,0.5573705963393033,0.7731367731367731,1.0,5081,0,2095,2832,0.6834817238181835,0.5473993399071707,0.504487268254475,6d3e27a90792ba5446bc874a26f0bd42fd4d1ac6486eeac2cb54d439fba1c3bf,fc48d95af11d1982ea6b3ab9a73cb4211d5157d8bb525cb72dd95b77303375ef,geometry_alpha_0p400,0.4,,
geometry_alpha_0p400,alpha_blend,False,0.25,0.7543462513582035,0.6031711555169418,0.7581217581217581,1.0,4604,0,1698,2777,0.6834817238181835,0.5473993399071707,0.504487268254475,6d3e27a90792ba5446bc874a26f0bd42fd4d1ac6486eeac2cb54d439fba1c3bf,7672ac8860e0367f0410c0e6c8c956baf0484363e59b9da9a8ccac0b31009cbc,geometry_alpha_0p400,0.4,,
geometry_alpha_0p400,alpha_blend,False,0.3,0.7682892383014782,0.6418121755545069,0.7425607425607426,1.0,4238,0,1401,2720,0.6834817238181835,0.5473993399071707,0.504487268254475,6d3e27a90792ba5446bc874a26f0bd42fd4d1ac6486eeac2cb54d439fba1c3bf,b44601a7b1198a68a0e1591476ad1b2e62859a176fced11b5f6fdb3b31ec1598,geometry_alpha_0p400,0.4,,
geometry_alpha_0p400,alpha_blend,False,0.35,0.7769973661106234,0.6750572082379863,0.7248157248157249,1.0,3933,0,1173,2655,0.6834817238181835,0.5473993399071707,0.504487268254475,6d3e27a90792ba5446bc874a26f0bd42fd4d1ac6486eeac2cb54d439fba1c3bf,a45da153dfabb311a5b9e4cbfcb384f7063d8bbeb18e2a2a09fe29436e61e150,geometry_alpha_0p400,0.4,,
geometry_alpha_0p400,alpha_blend,False,0.4,0.784699123072271,0.7084357084357085,0.7084357084357085,1.0,3663,0,970,2595,0.6834817238181835,0.5473993399071707,0.504487268254475,6d3e27a90792ba5446bc874a26f0bd42fd4d1ac6486eeac2cb54d439fba1c3bf,9049e165c75a7ff058eea2e1d67c43d299c2ddebd3926cdca25ef06eace25af9,geometry_alpha_0p400,0.4,,
geometry_alpha_0p400,alpha_blend,False,0.5,0.7883329739055425,0.7678008821676119,0.6653016653016653,1.0,3174,0,665,2437,0.6834817238181835,0.5473993399071707,0.504487268254475,6d3e27a90792ba5446bc874a26f0bd42fd4d1ac6486eeac2cb54d439fba1c3bf,165f1cad67f55070df9b548d57bdd30db324bc4481d31270313c2a40f429029d,geometry_alpha_0p400,0.4,,
geometry_alpha_0p400,alpha_blend,False,0.6,0.7741256287285062,0.823134328358209,0.6022386022386023,1.0,2680,0,426,2206,0.6834817238181835,0.5473993399071707,0.504487268254475,6d3e27a90792ba5446bc874a26f0bd42fd4d1ac6486eeac2cb54d439fba1c3bf,0b8c6fd2b5f1f99f4e3272974780a9fa7028d9424e49652c566a11288cd508c9,geometry_alpha_0p400,0.4,,
geometry_alpha_0p400,alpha_blend,False,0.6306468108853327,0.7675254643499101,0.8382410679230468,0.5828555828555828,1.0,2547,0,369,2135,0.6834817238181835,0.5473993399071707,0.504487268254475,6d3e27a90792ba5446bc874a26f0bd42fd4d1ac6486eeac2cb54d439fba1c3bf,00fa4f9c150be713f209af2e03dfb8a50641c34a5af4b630fe35cd3af35157f6,geometry_alpha_0p400,0.4,,
geometry_alpha_0p400,alpha_blend,False,0.7,0.7425134374200153,0.8723500225529995,0.527982527982528,1.0,2217,0,250,1934,0.6834817238181835,0.5473993399071707,0.504487268254475,6d3e27a90792ba5446bc874a26f0bd42fd4d1ac6486eeac2cb54d439fba1c3bf,04c4027efde79ed55dcf116f729d5adb02be72d720aee0f2afa197c1931ddd0d,geometry_alpha_0p400,0.4,,
geometry_alpha_0p400,alpha_blend,False,0.8,0.6747057968908906,0.9258373205741627,0.4226044226044226,1.0,1672,0,105,1548,0.6834817238181835,0.5473993399071707,0.504487268254475,6d3e27a90792ba5446bc874a26f0bd42fd4d1ac6486eeac2cb54d439fba1c3bf,87cd41e41566babd786cd1fccf5f441b55c6c4eefb47a09d46a45aba5c0493ca,geometry_alpha_0p400,0.4,,
geometry_alpha_0p400,alpha_blend,False,0.8682258413296945,0.5944453467597857,0.957613814756672,0.33306033306033306,1.0,1274,0,48,1220,0.6834817238181835,0.5473993399071707,0.504487268254475,6d3e27a90792ba5446bc874a26f0bd42fd4d1ac6486eeac2cb54d439fba1c3bf,ba06561f0da6454e6557be8f79f69eab50f12533587db81501536facfb51eeff,geometry_alpha_0p400,0.4,,
geometry_alpha_0p400,alpha_blend,False,0.9,0.519872813990461,0.9646017699115044,0.2678132678132678,1.0,1017,0,33,981,0.6834817238181835,0.5473993399071707,0.504487268254475,6d3e27a90792ba5446bc874a26f0bd42fd4d1ac6486eeac2cb54d439fba1c3bf,fbf5cb55cf7393c22f03ec6a2181ee165c05de5d3a01197b2d6d0c5254f90445,geometry_alpha_0p400,0.4,,
geometry_alpha_0p400,alpha_blend,False,0.9862905208072319,0.0008185538881309687,1.0,0.000273000273000273,1.0,1,0,0,1,0.6834817238181835,0.5473993399071707,0.504487268254475,6d3e27a90792ba5446bc874a26f0bd42fd4d1ac6486eeac2cb54d439fba1c3bf,f17bd9e682748736eac47ab4b1417f1c2cd3904b9fabb4c2d30a54e1916ff8c2,geometry_alpha_0p400,0.4,,
geometry_alpha_0p600,alpha_blend,False,0.015523736126845936,0.354192498450093,0.15954550214682164,0.8318318318318318,1.0,19098,0,15554,3047,0.6862303234752203,0.548614998920562,0.505926572427225,6e5f0e542c97ab0084e207465b8959674f7e7d3408233d7faa1f03ac5e799851,4d59b5293d9220617f4c35b979a12ee35c77fa18205b545a875a2efc1930a5c8,geometry_alpha_0p600,0.6,,
geometry_alpha_0p600,alpha_blend,False,0.03871625280500232,0.465866350662064,0.2367263587810242,0.8228228228228228,1.0,12732,0,9343,3014,0.6862303234752203,0.548614998920562,0.505926572427225,6e5f0e542c97ab0084e207465b8959674f7e7d3408233d7faa1f03ac5e799851,aaa4511a501f83629243fa4e16bcd088de48a51bdf8cf0e83f21ffd607f01a8d,geometry_alpha_0p600,0.6,,
geometry_alpha_0p600,alpha_blend,False,0.05,0.5008634616455908,0.26543264546984324,0.8181818181818182,1.0,11291,0,7942,2997,0.6862303234752203,0.548614998920562,0.505926572427225,6e5f0e542c97ab0084e207465b8959674f7e7d3408233d7faa1f03ac5e799851,3f77776fbdca6e68f80e33ae68b0c5d0d01932acf617f30206da0239594a52f9,geometry_alpha_0p600,0.6,,
geometry_alpha_0p600,alpha_blend,False,0.1,0.602536133078811,0.36555403896265043,0.8042588042588042,1.0,8059,0,4855,2946,0.6862303234752203,0.548614998920562,0.505926572427225,6e5f0e542c97ab0084e207465b8959674f7e7d3408233d7faa1f03ac5e799851,6be7fe84acd7a8d828c8940bf2df5bc6ffc05338fce1d311d20c2ed4915a91a1,geometry_alpha_0p600,0.6,,
geometry_alpha_0p600,alpha_blend,False,0.11069576483664698,0.6187934545965307,0.3844744076449797,0.8018018018018018,1.0,7639,0,4460,2937,0.6862303234752203,0.548614998920562,0.505926572427225,6e5f0e542c97ab0084e207465b8959674f7e7d3408233d7faa1f03ac5e799851,ac2fb8a163d2b7774de9113be42f85bd06b8d340f06d08d5c879bd71a986028c,geometry_alpha_0p600,0.6,,
geometry_alpha_0p600,alpha_blend,False,0.15,0.6593955919109292,0.4371798734558602,0.7922467922467923,1.0,6638,0,3517,2902,0.6862303234752203,0.548614998920562,0.505926572427225,6e5f0e542c97ab0084e207465b8959674f7e7d3408233d7faa1f03ac5e799851,2a809b4c1811430be6e7402be532f85d54b23f0aab6162f76160492ca51ad399,geometry_alpha_0p600,0.6,,
geometry_alpha_0p600,alpha_blend,False,0.2,0.6996432046707752,0.49646124633177974,0.7851487851487852,1.0,5793,0,2732,2876,0.6862303234752203,0.548614998920562,0.505926572427225,6e5f0e542c97ab0084e207465b8959674f7e7d3408233d7faa1f03ac5e799851,82652ff79fe629f831e9ac243335e67e8fc67729eac7e5a6a3d9e5e6f85314b4,geometry_alpha_0p600,0.6,,
geometry_alpha_0p600,alpha_blend,False,0.25,0.7281279397930386,0.5466101694915254,0.7747747747747747,1.0,5192,0,2193,2838,0.6862303234752203,0.548614998920562,0.505926572427225,6e5f0e542c97ab0084e207465b8959674f7e7d3408233d7faa1f03ac5e799851,bc4fd72ba795f6f75f7b0fca97d0e59aa2eb480a8035e4ad2cda4a875d85c879,geometry_alpha_0p600,0.6,,
geometry_alpha_0p600,alpha_blend,False,0.26015739193823306,0.732976611720031,0.5558609856666012,0.7728637728637728,1.0,5093,0,2107,2831,0.6862303234752203,0.548614998920562,0.505926572427225,6e5f0e542c97ab0084e207465b8959674f7e7d3408233d7faa1f03ac5e799851,c370f2cea4ab579107f0903345c3e82f50fd84c8104e9709a3e6337275d9d06b,geometry_alpha_0p600,0.6,,
geometry_alpha_0p600,alpha_blend,False,0.3,0.7477309129738386,0.5867197318810222,0.7646737646737647,1.0,4774,0,1837,2801,0.6862303234752203,0.548614998920562,0.505926572427225,6e5f0e542c97ab0084e207465b8959674f7e7d3408233d7faa1f03ac5e799851,e425b6e5193ec0d8d0a85333aac9c84446d2a09e0f9c6780825a8645da0c4af8,geometry_alpha_0p600,0.6,,
geometry_alpha_0p600,alpha_blend,False,0.35,0.762229387379088,0.6220117275597654,0.752934752934753,1.0,4434,0,1554,2758,0.6862303234752203,0.548614998920562,0.505926572427225,6e5f0e542c97ab0084e207465b8959674f7e7d3408233d7faa1f03ac5e799851,1b2fa3ea3ac49f42f8087fb5b76ac0b648dc9af575494a36553ebd030196ad84,geometry_alpha_0p600,0.6,,
geometry_alpha_0p600,alpha_blend,False,0.4,0.7719498289623717,0.6520587527088851,0.7392847392847393,1.0,4153,0,1337,2708,0.6862303234752203,0.548614998920562,0.505926572427225,6e5f0e542c97ab0084e207465b8959674f7e7d3408233d7faa1f03ac5e799851,d72d9e0fe808a45aa6e6b4fcbff85bc16c80ec914412552c5d639f5154c59ca3,geometry_alpha_0p600,0.6,,
geometry_alpha_0p600,alpha_blend,False,0.5,0.7861464004839686,0.7108862144420132,0.7095277095277095,1.0,3656,0,961,2599,0.6862303234752203,0.548614998920562,0.505926572427225,6e5f0e542c97ab0084e207465b8959674f7e7d3408233d7faa1f03ac5e799851,446039919da2498fd2f3f5140bff21fc34fdd02c53e977cb9b67ad06229e4b93,geometry_alpha_0p600,0.6,,
geometry_alpha_0p600,alpha_blend,False,0.6,0.7909501289767841,0.7694479297365119,0.6696696696696697,1.0,3188,0,670,2453,0.6862303234752203,0.548614998920562,0.505926572427225,6e5f0e542c97ab0084e207465b8959674f7e7d3408233d7faa1f03ac5e799851,07f86f8d89f4d222082e11a38fa4bd8933bb17a847cd16437dc8135a2dc419ed,geometry_alpha_0p600,0.6,,
geometry_alpha_0p600,alpha_blend,False,0.7,0.7756560449859419,0.8278319579894974,0.6025116025116025,1.0,2666,0,412,2207,0.6862303234752203,0.548614998920562,0.505926572427225,6e5f0e542c97ab0084e207465b8959674f7e7d3408233d7faa1f03ac5e799851,f1ae5883a75e3ee3dae7c10e47262815f1bf8debb5fa2b24a429ff402c5e6fee,geometry_alpha_0p600,0.6,,
geometry_alpha_0p600,alpha_blend,False,0.7213912256743428,0.7709978463747308,0.8433451118963486,0.5864045864045864,1.0,2547,0,359,2148,0.6862303234752203,0.548614998920562,0.505926572427225,6e5f0e542c97ab0084e207465b8959674f7e7d3408233d7faa1f03ac5e799851,f59129b34743a50264a5a92a1625449afce46ebb598a8cc98a803614cb872815,geometry_alpha_0p600,0.6,,
geometry_alpha_0p600,alpha_blend,False,0.8,0.7314473684210526,0.8891554702495201,0.5058695058695059,1.0,2084,0,206,1853,0.6862303234752203,0.548614998920562,0.505926572427225,6e5f0e542c97ab0084e207465b8959674f7e7d3408233d7faa1f03ac5e799851,092d1bd332aaa6dd92a643390010f95d50f4354eb1fb3141c1c6d0a4b011723a,geometry_alpha_0p600,0.6,,
geometry_alpha_0p600,alpha_blend,False,0.9,0.6060509044341285,0.9546142208774584,0.3445263445263445,1.0,1322,0,54,1262,0.6862303234752203,0.548614998920562,0.505926572427225,6e5f0e542c97ab0084e207465b8959674f7e7d3408233d7faa1f03ac5e799851,97900b87c20c701cbe24a5f19cc6ed09bf9f0df89343e5c5e26080f871d0b89f,geometry_alpha_0p600,0.6,,
geometry_alpha_0p600,alpha_blend,False,0.9056824676884474,0.594835985709646,0.9583987441130298,0.3333333333333333,1.0,1274,0,47,1221,0.6862303234752203,0.548614998920562,0.505926572427225,6e5f0e542c97ab0084e207465b8959674f7e7d3408233d7faa1f03ac5e799851,495c4a6c93ccaff837d7b78b94191f2330169b3074f8a25460fc9e75971a5c59,geometry_alpha_0p600,0.6,,
geometry_alpha_0p600,alpha_blend,False,0.9901166057290516,0.0008185538881309687,1.0,0.000273000273000273,1.0,1,0,0,1,0.6862303234752203,0.548614998920562,0.505926572427225,6e5f0e542c97ab0084e207465b8959674f7e7d3408233d7faa1f03ac5e799851,f17bd9e682748736eac47ab4b1417f1c2cd3904b9fabb4c2d30a54e1916ff8c2,geometry_alpha_0p600,0.6,,
geometry_alpha_0p800,alpha_blend,False,0.019710637082718478,0.354192498450093,0.15954550214682164,0.8318318318318318,1.0,19098,0,15562,3047,0.689007161733437,0.5511199771034279,0.5079126496347615,0f9cbc405cedccc6167a667e021d85706aa80213514bbe663ed38b2a995bb6c1,82b47cd605a51495e2a8c894218ef77ea0cb253ac46c85342af7c43eed25851f,geometry_alpha_0p800,0.8,,
geometry_alpha_0p800,alpha_blend,False,0.04923828667758663,0.4661274535057442,0.23688344329249136,0.8233688233688233,1.0,12732,0,9343,3016,0.689007161733437,0.5511199771034279,0.5079126496347615,0f9cbc405cedccc6167a667e021d85706aa80213514bbe663ed38b2a995bb6c1,b84d931a85d0fbf8f00d442381bf747a8f24b488cce9d197b90b90ee38f6605b,geometry_alpha_0p800,0.8,,
geometry_alpha_0p800,alpha_blend,False,0.05,0.4681919354003831,0.23850961158136225,0.8230958230958231,1.0,12641,0,9255,3015,0.689007161733437,0.5511199771034279,0.5079126496347615,0f9cbc405cedccc6167a667e021d85706aa80213514bbe663ed38b2a995bb6c1,300da41efb3636c74100e779d8f3fe6c88432844a2c160dda9bb8dbcaccbb1dc,geometry_alpha_0p800,0.8,,
geometry_alpha_0p800,alpha_blend,False,0.1,0.5667006109979633,0.3268362515141504,0.8102648102648102,1.0,9081,0,5826,2968,0.689007161733437,0.5511199771034279,0.5079126496347615,0f9cbc405cedccc6167a667e021d85706aa80213514bbe663ed38b2a995bb6c1,67b8b4bc61445cc32a50327b4b9a1bbec776d870400c793ceb541bc3e4f94de6,geometry_alpha_0p800,0.8,,
geometry_alpha_0p800,alpha_blend,False,0.13988944194217207,0.6189606741573034,0.3846053148317843,0.8020748020748021,1.0,7639,0,4459,2938,0.689007161733437,0.5511199771034279,0.5079126496347615,0f9cbc405cedccc6167a667e021d85706aa80213514bbe663ed38b2a995bb6c1,f3f85f3278b882d451004b64d6fe6a65ccd6457276b99d108238ba4cbaf71b66,geometry_alpha_0p800,0.8,,
geometry_alpha_0p800,alpha_blend,False,0.15,0.6297357301439519,0.3977473198534401,0.8001638001638002,1.0,7369,0,4202,2931,0.689007161733437,0.5511199771034279,0.5079126496347615,0f9cbc405cedccc6167a667e021d85706aa80213514bbe663ed38b2a995bb6c1,5b2e039e8c8eec469f942e3cc8a437d33ebfe2dc16f8638e4f271db16edbe752,geometry_alpha_0p800,0.8,,
geometry_alpha_0p800,alpha_blend,False,0.2,0.6688471602277974,0.4502642213242151,0.7908817908817909,1.0,6434,0,3333,2897,0.689007161733437,0.5511199771034279,0.5079126496347615,0f9cbc405cedccc6167a667e021d85706aa80213514bbe663ed38b2a995bb6c1,ad201ddb189f0d223f305a0319ff2d3b08966a32b856623f9ec16309c45d339c,geometry_alpha_0p800,0.8,,
geometry_alpha_0p800,alpha_blend,False,0.25,0.6998539435248297,0.49688904251641897,0.7848757848757849,1.0,5786,0,2728,2875,0.689007161733437,0.5511199771034279,0.5079126496347615,0f9cbc405cedccc6167a667e021d85706aa80213514bbe663ed38b2a995bb6c1,d3922855eb314c873caf9c9c3a70faeb3639ee873e6f76b696825a1739255429,geometry_alpha_0p800,0.8,,
geometry_alpha_0p800,alpha_blend,False,0.3,0.7244094488188977,0.5385196374622356,0.7785967785967786,1.0,5296,0,2283,2852,0.689007161733437,0.5511199771034279,0.5079126496347615,0f9cbc405cedccc6167a667e021d85706aa80213514bbe663ed38b2a995bb6c1,f1886b8f5a023584b7fbc5a5989fc176ef32eac1d241af88f7bd076854ed3bca,geometry_alpha_0p800,0.8,,
geometry_alpha_0p800,alpha_blend,False,0.3230043946787847,0.7327809425168306,0.5556646377380718,0.7725907725907726,1.0,5093,0,2111,2830,0.689007161733437,0.5511199771034279,0.5079126496347615,0f9cbc405cedccc6167a667e021d85706aa80213514bbe663ed38b2a995bb6c1,3e2e35854a8bafd089b090a92f1a8f90445898a4ee873ea015a88614d1a03be8,geometry_alpha_0p800,0.8,,
geometry_alpha_0p800,alpha_blend,False,0.35,0.7422951971200281,0.5741646291768541,0.7693147693147693,1.0,4908,0,1949,2818,0.689007161733437,0.5511199771034279,0.5079126496347615,0f9cbc405cedccc6167a667e021d85706aa80213514bbe663ed38b2a995bb6c1,f89bb33c293ed8a3dc379bceacc62d6baffbc88060f41b218d895a13729a080e,geometry_alpha_0p800,0.8,,
geometry_alpha_0p800,alpha_blend,False,0.4,0.7548107326768453,0.6026834018610691,0.7603057603057604,1.0,4621,0,1710,2785,0.689007161733437,0.5511199771034279,0.5079126496347615,0f9cbc405cedccc6167a667e021d85706aa80213514bbe663ed38b2a995bb6c1,c6dfdbbba34e462d104b74a09dad59cd47b0923a235d522e6e97917f8e2037ee,geometry_alpha_0p800,0.8,,
geometry_alpha_0p800,alpha_blend,False,0.5,0.7754164273406089,0.6612784717119765,0.7371007371007371,1.0,4083,0,1275,2700,0.689007161733437,0.5511199771034279,0.5079126496347615,0f9cbc405cedccc6167a667e021d85706aa80213514bbe663ed38b2a995bb6c1,311834b711ba9bce9f1e55c6d0d7e45bc7c182003e28c30b1b814f5fa3e3b303,geometry_alpha_0p800,0.8,,
geometry_alpha_0p800,alpha_blend,False,0.6,0.7881689005341126,0.7136600054749521,0.7117117117117117,1.0,3653,0,956,2607,0.689007161733437,0.5511199771034279,0.5079126496347615,0f9cbc405cedccc6167a667e021d85706aa80213514bbe663ed38b2a995bb6c1,423d01bd3e27ec111c6e07d029f9dc95d35b6e546f17deedf826b4ab59382c9f,geometry_alpha_0p800,0.8,,
geometry_alpha_0p800,alpha_blend,False,0.7,0.7920951156812339,0.7683915211970075,0.672945672945673,1.0,3208,0,679,2465,0.689007161733437,0.5511199771034279,0.5079126496347615,0f9cbc405cedccc6167a667e021d85706aa80213514bbe663ed38b2a995bb6c1,3f8f59315b453db4d0c49489844fd11fa7da79d495bdb8c0190b7959086ea3bb,geometry_alpha_0p800,0.8,,
geometry_alpha_0p800,alpha_blend,False,0.8,0.7781305114638448,0.8368740515933232,0.6022386022386023,1.0,2636,0,388,2206,0.689007161733437,0.5511199771034279,0.5079126496347615,0f9cbc405cedccc6167a667e021d85706aa80213514bbe663ed38b2a995bb6c1,aaa04535d8b6fdd016c0b6ffe77182e4859354ae7d5a389bc474a4bd962fbacc,geometry_alpha_0p800,0.8,,
geometry_alpha_0p800,alpha_blend,False,0.8139349429530706,0.7747252747252747,0.8488417746368276,0.5902265902265902,1.0,2547,0,347,2162,0.689007161733437,0.5511199771034279,0.5079126496347615,0f9cbc405cedccc6167a667e021d85706aa80213514bbe663ed38b2a995bb6c1,9a80b8227d0d6b63fd190fb90e1abff726850ef34be3a1c75eadaef56d2efff9,geometry_alpha_0p800,0.8,,
geometry_alpha_0p800,alpha_blend,False,0.9,0.6994665918023583,0.9227777777777778,0.45345345345345345,1.0,1800,0,122,1661,0.689007161733437,0.5511199771034279,0.5079126496347615,0f9cbc405cedccc6167a667e021d85706aa80213514bbe663ed38b2a995bb6c1,facfdcb76e38c7c692a58d325f0e632fa0f4d32ad42ae6cd6dbc76c157808111,geometry_alpha_0p800,0.8,,
geometry_alpha_0p800,alpha_blend,False,0.9441939850522046,0.5944453467597857,0.957613814756672,0.33306033306033306,1.0,1274,0,48,1220,0.689007161733437,0.5511199771034279,0.5079126496347615,0f9cbc405cedccc6167a667e021d85706aa80213514bbe663ed38b2a995bb6c1,462cdc04baf4bdcce43ddc805fd482959314ddbbc04603ff00a9d82cb2ac5b81,geometry_alpha_0p800,0.8,,
geometry_alpha_0p800,alpha_blend,False,0.994159635634809,0.0008185538881309687,1.0,0.000273000273000273,1.0,1,0,0,1,0.689007161733437,0.5511199771034279,0.5079126496347615,0f9cbc405cedccc6167a667e021d85706aa80213514bbe663ed38b2a995bb6c1,5f6dd1605e1f5a51e02f4fe547ade360ffd9e1cb0d291f1a125221519fe5b2f6,geometry_alpha_0p800,0.8,,
geometry_alpha_1p000,alpha_blend,False,0.02374209638113125,0.354192498450093,0.15954550214682164,0.8318318318318318,1.0,19098,0,15565,3047,0.6885202861963615,0.5488295321903489,0.5056792501074241,2386227179e7681fbbd7bac54247d6b1d5e3edb32228cdd0618299e3e26e0c7b,be66a5d3707e8cfe3b1e94e1253e33882b53a9edcd15f132e15830a2faf7a17c,geometry_risk_score,1.0,,
geometry_alpha_1p000,alpha_blend,False,0.05,0.44234984655852694,0.2187296769997832,0.8263718263718264,1.0,13839,0,10424,3027,0.6885202861963615,0.5488295321903489,0.5056792501074241,2386227179e7681fbbd7bac54247d6b1d5e3edb32228cdd0618299e3e26e0c7b,86782b75c14f6e3919451ce34e9cc0c9dc02953b968568c2cf522ac31fc714ed,geometry_risk_score,1.0,,
geometry_alpha_1p000,alpha_blend,False,0.0598290262541485,0.4661274535057442,0.23688344329249136,0.8233688233688233,1.0,12732,0,9343,3016,0.6885202861963615,0.5488295321903489,0.5056792501074241,2386227179e7681fbbd7bac54247d6b1d5e3edb32228cdd0618299e3e26e0c7b,22fc3580364f6455e8cbb2d201b3d6785d89ddbf5f93fbd76361ef992d94b248,geometry_risk_score,1.0,,
geometry_alpha_1p000,alpha_blend,False,0.1,0.5383086375135525,0.29909638554216866,0.8132678132678133,1.0,9960,0,6664,2979,0.6885202861963615,0.5488295321903489,0.5056792501074241,2386227179e7681fbbd7bac54247d6b1d5e3edb32228cdd0618299e3e26e0c7b,e4ff2815b866e4fac8038edd5fcaa085e27df43d61e0a12720c1cc300e0f1e81,geometry_risk_score,1.0,,
geometry_alpha_1p000,alpha_blend,False,0.15,0.6003258213412979,0.3630094815909371,0.8048048048048048,1.0,8121,0,4916,2948,0.6885202861963615,0.5488295321903489,0.5056792501074241,2386227179e7681fbbd7bac54247d6b1d5e3edb32228cdd0618299e3e26e0c7b,2ec9caaa4c7c64c2a724ee89ad0e5a4901665244af68ce09ed84d58f1426f39d,geometry_risk_score,1.0,,
geometry_alpha_1p000,alpha_blend,False,0.16844390130886083,0.6189606741573034,0.3846053148317843,0.8020748020748021,1.0,7639,0,4456,2938,0.6885202861963615,0.5488295321903489,0.5056792501074241,2386227179e7681fbbd7bac54247d6b1d5e3edb32228cdd0618299e3e26e0c7b,eb3c85b457adbed6ef9bf3a6eeabbe0581d855a24402c23853172405a0771d46,geometry_risk_score,1.0,,
geometry_alpha_1p000,alpha_blend,False,0.2,0.6426058918364356,0.4140226628895184,0.797979797979798,1.0,7060,0,3912,2923,0.6885202861963615,0.5488295321903489,0.5056792501074241,2386227179e7681fbbd7bac54247d6b1d5e3edb32228cdd0618299e3e26e0c7b,8bddff147932ef8541c07569272d5d405d753465c0725d8f184cfa01adb44f96,geometry_risk_score,1.0,,
geometry_alpha_1p000,alpha_blend,False,0.25,0.6752741697129968,0.45936507936507937,0.79006279006279,1.0,6300,0,3210,2894,0.6885202861963615,0.5488295321903489,0.5056792501074241,2386227179e7681fbbd7bac54247d6b1d5e3edb32228cdd0618299e3e26e0c7b,a3c398392b41467881c5798e3f57545cb122b7b189055b830629166f3e2717d0,geometry_risk_score,1.0,,
geometry_alpha_1p000,alpha_blend,False,0.3,0.7000973709834469,0.4971477960242005,0.7851487851487852,1.0,5785,0,2727,2876,0.6885202861963615,0.5488295321903489,0.5056792501074241,2386227179e7681fbbd7bac54247d6b1d5e3edb32228cdd0618299e3e26e0c7b,74f26f1475b45a68282ed1f68f7fd3c7ba08535f2e96b9fa6ed8de6650b68f26,geometry_risk_score,1.0,,
geometry_alpha_1p000,alpha_blend,False,0.35,0.7213045676723411,0.5332710280373831,0.7788697788697788,1.0,5350,0,2334,2853,0.6885202861963615,0.5488295321903489,0.5056792501074241,2386227179e7681fbbd7bac54247d6b1d5e3edb32228cdd0618299e3e26e0c7b,5e4698866ebe64497bd16ad3cb2f574d6343a058c313814b973510a16b1af0c6,geometry_risk_score,1.0,,
geometry_alpha_1p000,alpha_blend,False,0.3832304596186476,0.7335634167385678,0.5564500294521892,0.7736827736827737,1.0,5093,0,2110,2834,0.6885202861963615,0.5488295321903489,0.5056792501074241,2386227179e7681fbbd7bac54247d6b1d5e3edb32228cdd0618299e3e26e0c7b,a53b7fc0de97f8f48e9425d31f2e04c429dd3c4a606c17ec785ed5a35fe5376d,geometry_risk_score,1.0,,
geometry_alpha_1p000,alpha_blend,False,0.4,0.7368833202819106,0.5638106650689035,0.7706797706797707,1.0,5007,0,2037,2823,0.6885202861963615,0.5488295321903489,0.5056792501074241,2386227179e7681fbbd7bac54247d6b1d5e3edb32228cdd0618299e3e26e0c7b,14ab18ea2d78bb49c008ef0a726d8baa2c838f093163903cd0323314c147933f,geometry_risk_score,1.0,,
geometry_alpha_1p000,alpha_blend,False,0.5,0.7605130554283096,0.6169453734671126,0.7553917553917554,1.0,4485,0,1599,2767,0.6885202861963615,0.5488295321903489,0.5056792501074241,2386227179e7681fbbd7bac54247d6b1d5e3edb32228cdd0618299e3e26e0c7b,4670573765c24e7420934abbae6d8c1e3b43985cfbb9b54ab7775bf8772cc8f3,geometry_risk_score,1.0,,
geometry_alpha_1p000,alpha_blend,False,0.6,0.7770719029742998,0.6669144981412639,0.7346437346437347,1.0,4035,0,1240,2691,0.6885202861963615,0.5488295321903489,0.5056792501074241,2386227179e7681fbbd7bac54247d6b1d5e3edb32228cdd0618299e3e26e0c7b,ef67ef01814af9bbafa1bc6b94bcf5655d19cc4c1450c88fceb5e77f7a919a29,geometry_risk_score,1.0,,
geometry_alpha_1p000,alpha_blend,False,0.7,0.7888205024720008,0.7155409115870401,0.7114387114387114,1.0,3642,0,951,2606,0.6885202861963615,0.5488295321903489,0.5056792501074241,2386227179e7681fbbd7bac54247d6b1d5e3edb32228cdd0618299e3e26e0c7b,f0b8afc097c74a96a1fb5c160725325302b1ce38f2620fb83b9c41bfa02ba069,geometry_risk_score,1.0,,
geometry_alpha_1p000,alpha_blend,False,0.8,0.7922772489036259,0.7674852346907056,0.674037674037674,1.0,3217,0,686,2469,0.6885202861963615,0.5488295321903489,0.5056792501074241,2386227179e7681fbbd7bac54247d6b1d5e3edb32228cdd0618299e3e26e0c7b,899066120d48830703cb5c80004468292cad8e16ee6be6671c01555136c4a6c2,geometry_risk_score,1.0,,
geometry_alpha_1p000,alpha_blend,False,0.9,0.7776068173748373,0.8436055469953775,0.5978705978705978,1.0,2596,0,369,2190,0.6885202861963615,0.5488295321903489,0.5056792501074241,2386227179e7681fbbd7bac54247d6b1d5e3edb32228cdd0618299e3e26e0c7b,5ca68da71a5b6d0603c9a97efaf2a170d9356608395c4cc87f0451354f42ba60,geometry_risk_score,1.0,,
geometry_alpha_1p000,alpha_blend,False,0.9064039629803787,0.776053479766026,0.850804868472713,0.5915915915915916,1.0,2547,0,347,2167,0.6885202861963615,0.5488295321903489,0.5056792501074241,2386227179e7681fbbd7bac54247d6b1d5e3edb32228cdd0618299e3e26e0c7b,f2b8450cb638a2ee0fa7675dda2ea36849baa759248c1b8ecfffddd4adcfdbf1,geometry_risk_score,1.0,,
geometry_alpha_1p000,alpha_blend,False,0.9841644600554111,0.593663688058489,0.9560439560439561,0.3325143325143325,1.0,1274,0,45,1218,0.6885202861963615,0.5488295321903489,0.5056792501074241,2386227179e7681fbbd7bac54247d6b1d5e3edb32228cdd0618299e3e26e0c7b,910644044d0a3e94e04a49cc5c1aefdac4ae310dcb2e447410738e30771737ca,geometry_risk_score,1.0,,
geometry_alpha_1p000,alpha_blend,False,0.9995484751410515,0.0008185538881309687,1.0,0.000273000273000273,1.0,1,0,0,1,0.6885202861963615,0.5488295321903489,0.5056792501074241,2386227179e7681fbbd7bac54247d6b1d5e3edb32228cdd0618299e3e26e0c7b,944425baba25767abb7b0f8e49d2f637b3563ee81f83304ee94a96fd56dc5286,geometry_risk_score,1.0,,
class_reliability_gamma_0p250,class_scaled_raw,True,0.0018413967613556798,0.35326950657002215,0.15907424861242014,0.8293748293748294,1.0,19098,0,15532,3038,0.6757385791257806,0.543168413529727,0.5003177959745545,0cefff52d807b2eb6c48e30be57c28e61ecb3dafc5a096abea4be095670c8de1,de87520bb380bd4d6232ee6c5924145b8f21d4b71eea8778bd5ce50fe5a9bcd6,class_reliability_gamma_0p250,,0.25,
class_reliability_gamma_0p250,class_scaled_raw,True,0.0051743251709102135,0.4629906638469078,0.23499842915488534,0.8168168168168168,1.0,12732,0,9341,2992,0.6757385791257806,0.543168413529727,0.5003177959745545,0cefff52d807b2eb6c48e30be57c28e61ecb3dafc5a096abea4be095670c8de1,163067b507e97ee626976f82a7b0ac97bbe5fa8ab87d2b761e427825b464f838,class_reliability_gamma_0p250,,0.25,
class_reliability_gamma_0p250,class_scaled_raw,True,0.021007180769688705,0.6146053186998734,0.38120172797486584,0.794976794976795,1.0,7639,0,4477,2912,0.6757385791257806,0.543168413529727,0.5003177959745545,0cefff52d807b2eb6c48e30be57c28e61ecb3dafc5a096abea4be095670c8de1,0967858eb944045253d4268dec855e0aec08a6fc93d2bb998c9f34674e95d810,class_reliability_gamma_0p250,,0.25,
class_reliability_gamma_0p250,class_scaled_raw,True,0.05,0.7024595576097722,0.5051638176638177,0.7745017745017745,1.0,5616,0,2592,2837,0.6757385791257806,0.543168413529727,0.5003177959745545,0cefff52d807b2eb6c48e30be57c28e61ecb3dafc5a096abea4be095670c8de1,3b80e835a22ec17cbf884eaac4d2c121e0f6125e83ff425f997e785c1131314e,class_reliability_gamma_0p250,,0.25,
class_reliability_gamma_0p250,class_scaled_raw,True,0.06691200215863251,0.7274850765637166,0.5503632436677793,0.7652197652197652,1.0,5093,0,2130,2803,0.6757385791257806,0.543168413529727,0.5003177959745545,0cefff52d807b2eb6c48e30be57c28e61ecb3dafc5a096abea4be095670c8de1,eee437f6bba13a11a111c41b7f4e79da07513b7c5d3fd7dc99af978d4cdf2125,class_reliability_gamma_0p250,,0.25,
class_reliability_gamma_0p250,class_scaled_raw,True,0.1,0.7531762106426072,0.6097942754919499,0.7444717444717445,1.0,4472,0,1610,2727,0.6757385791257806,0.543168413529727,0.5003177959745545,0cefff52d807b2eb6c48e30be57c28e61ecb3dafc5a096abea4be095670c8de1,c8a9b6f776b9b07a42de73a6c539f798b2db3c009681e3f69380c14f906e2e5f,class_reliability_gamma_0p250,,0.25,
class_reliability_gamma_0p250,class_scaled_raw,True,0.15,0.7734352042315604,0.6724578436382218,0.7185367185367185,1.0,3914,0,1173,2632,0.6757385791257806,0.543168413529727,0.5003177959745545,0cefff52d807b2eb6c48e30be57c28e61ecb3dafc5a096abea4be095670c8de1,c5b09822d113340d5c88eb7b60d9b6dac41d501aeca1e23edfa7c3afd72b47c9,class_reliability_gamma_0p250,,0.25,
class_reliability_gamma_0p250,class_scaled_raw,True,0.2,0.7813011456628478,0.7137650686851696,0.6950586950586951,1.0,3567,0,925,2546,0.6757385791257806,0.543168413529727,0.5003177959745545,0cefff52d807b2eb6c48e30be57c28e61ecb3dafc5a096abea4be095670c8de1,4ceb9f4b19e4d58a3fc63098a6964f150353a4324cda852cabfc2c38852e64f6,class_reliability_gamma_0p250,,0.25,
class_reliability_gamma_0p250,class_scaled_raw,True,0.25,0.7823447982110532,0.7468740469655383,0.6685776685776685,1.0,3279,0,752,2449,0.6757385791257806,0.543168413529727,0.5003177959745545,0cefff52d807b2eb6c48e30be57c28e61ecb3dafc5a096abea4be095670c8de1,5ced54e0378ef7a0e4ac3a35014bba0dda2304cb408ef04e5bed5a47b8d210fc,class_reliability_gamma_0p250,,0.25,
class_reliability_gamma_0p250,class_scaled_raw,True,0.3,0.7796947577969476,0.7758336084516342,0.6415506415506416,1.0,3029,0,611,2350,0.6757385791257806,0.543168413529727,0.5003177959745545,0cefff52d807b2eb6c48e30be57c28e61ecb3dafc5a096abea4be095670c8de1,0fded89fb633fdf3a6f6a806cc6c5bc7c5952020590b422b8054f318b400e13c,class_reliability_gamma_0p250,,0.25,
class_reliability_gamma_0p250,class_scaled_raw,True,0.35,0.7744929529047783,0.8014941302027748,0.6150696150696151,1.0,2811,0,502,2253,0.6757385791257806,0.543168413529727,0.5003177959745545,0cefff52d807b2eb6c48e30be57c28e61ecb3dafc5a096abea4be095670c8de1,ee006e76fe488caa88dec13ccd423aa922b0c530de57448c2af2c681dc237238,class_reliability_gamma_0p250,,0.25,
class_reliability_gamma_0p250,class_scaled_raw,True,0.4,0.7683361025397579,0.8284069097888676,0.5891345891345892,1.0,2605,0,402,2158,0.6757385791257806,0.543168413529727,0.5003177959745545,0cefff52d807b2eb6c48e30be57c28e61ecb3dafc5a096abea4be095670c8de1,ef0edf7bfbc5d0e554f42f058b88083dc3efb736176393e4bbf3d91cce533ca0,class_reliability_gamma_0p250,,0.25,
class_reliability_gamma_0p250,class_scaled_raw,True,0.41310935020857303,0.7680603809752007,0.8390263054574009,0.5834015834015834,1.0,2547,0,368,2137,0.6757385791257806,0.543168413529727,0.5003177959745545,0cefff52d807b2eb6c48e30be57c28e61ecb3dafc5a096abea4be095670c8de1,383909ae74861acb96e08d5a0c720405f651fd7e56c90b5dc53325194e5a29fe,class_reliability_gamma_0p250,,0.25,
class_reliability_gamma_0p250,class_scaled_raw,True,0.5,0.7387341122095263,0.8686594202898551,0.5236145236145237,1.0,2208,0,257,1918,0.6757385791257806,0.543168413529727,0.5003177959745545,0cefff52d807b2eb6c48e30be57c28e61ecb3dafc5a096abea4be095670c8de1,97f97340d46a38262785c88433a9c4df1d0a431f126fc730fe50bef86705d89d,class_reliability_gamma_0p250,,0.25,
class_reliability_gamma_0p250,class_scaled_raw,True,0.6,0.6932472272918714,0.9073869900771775,0.4493584493584494,1.0,1814,0,146,1646,0.6757385791257806,0.543168413529727,0.5003177959745545,0cefff52d807b2eb6c48e30be57c28e61ecb3dafc5a096abea4be095670c8de1,7d361299208910bcbe91025e08ebf3ed5256193abdec4545071d7cc1c4dfd1df,class_reliability_gamma_0p250,,0.25,
class_reliability_gamma_0p250,class_scaled_raw,True,0.7,0.6252140077821012,0.9409697821503865,0.36554736554736555,1.0,1423,0,79,1339,0.6757385791257806,0.543168413529727,0.5003177959745545,0cefff52d807b2eb6c48e30be57c28e61ecb3dafc5a096abea4be095670c8de1,f909bd9d8f56506426f9ff53fde35f1d1024dd9304c62f6b68f1e018a4ca9fc6,class_reliability_gamma_0p250,,0.25,
class_reliability_gamma_0p250,class_scaled_raw,True,0.7341329418662037,0.5885704982090525,0.945839874411303,0.328965328965329,1.0,1274,0,64,1205,0.6757385791257806,0.543168413529727,0.5003177959745545,0cefff52d807b2eb6c48e30be57c28e61ecb3dafc5a096abea4be095670c8de1,f9455b861b5e31c20cff40912fe16ea4549ef45eba26ae9e7ff61cfa56e47d6a,class_reliability_gamma_0p250,,0.25,
class_reliability_gamma_0p250,class_scaled_raw,True,0.8,0.49746560463432293,0.9693121693121693,0.25006825006825006,1.0,945,0,29,916,0.6757385791257806,0.543168413529727,0.5003177959745545,0cefff52d807b2eb6c48e30be57c28e61ecb3dafc5a096abea4be095670c8de1,e8856333c17671252de7644e7d76a3d5cab29a867361358338fbbe77ce6a009a,class_reliability_gamma_0p250,,0.25,
class_reliability_gamma_0p250,class_scaled_raw,True,0.9,0.25452488687782804,0.981675392670157,0.10237510237510238,1.0,382,0,7,375,0.6757385791257806,0.543168413529727,0.5003177959745545,0cefff52d807b2eb6c48e30be57c28e61ecb3dafc5a096abea4be095670c8de1,ed5dd879b46a493f4d81d08c1fa009133b85ff139be6182fe8c68ff0af903109,class_reliability_gamma_0p250,,0.25,
class_reliability_gamma_0p250,class_scaled_raw,True,0.9599021673202516,0.0008185538881309687,1.0,0.000273000273000273,1.0,1,0,0,1,0.6757385791257806,0.543168413529727,0.5003177959745545,0cefff52d807b2eb6c48e30be57c28e61ecb3dafc5a096abea4be095670c8de1,0274993caa7e5427a7ce5194990a433907c89813868c656a3c158d16bc63d4e9,class_reliability_gamma_0p250,,0.25,
class_reliability_gamma_0p500,class_scaled_raw,True,0.0015886806545955864,0.3535772420742578,0.15923133312388732,0.8301938301938302,1.0,19098,0,15526,3041,0.6757385791257806,0.543168413529727,0.5003177959745545,7a9d9e809cc3ef8681c52c10a5087a9ca49fd6a35a2adc0762a388d4b00fc1cb,c5261ca5d93a04a16949352117b391cf744e261aca0d577e17e3aff844242bb0,class_reliability_gamma_0p500,,0.5,
class_reliability_gamma_0p500,class_scaled_raw,True,0.004523628463071751,0.4635140013408282,0.23531259817781966,0.8179088179088179,1.0,12732,0,9345,2996,0.6757385791257806,0.543168413529727,0.5003177959745545,7a9d9e809cc3ef8681c52c10a5087a9ca49fd6a35a2adc0762a388d4b00fc1cb,3ca78aa879ae80cc477c42efdbb4437f9b230153d27cd7a95c0c35eef63fa053,class_reliability_gamma_0p500,,0.5,
class_reliability_gamma_0p500,class_scaled_raw,True,0.018701475721587753,0.6139338494018297,0.3806780992276476,0.7938847938847939,1.0,7639,0,4482,2908,0.6757385791257806,0.543168413529727,0.5003177959745545,7a9d9e809cc3ef8681c52c10a5087a9ca49fd6a35a2adc0762a388d4b00fc1cb,0049861dbab420992b5a053319ef697bfaac4b7b846993ba1167b22a145a67a3,class_reliability_gamma_0p500,,0.5,
class_reliability_gamma_0p500,class_scaled_raw,True,0.05,0.7132284921369102,0.5234215885947047,0.7717717717717718,1.0,5401,0,2400,2827,0.6757385791257806,0.543168413529727,0.5003177959745545,7a9d9e809cc3ef8681c52c10a5087a9ca49fd6a35a2adc0762a388d4b00fc1cb,4aef0b53254c3fcfaa9551b4628681bce2c54d34a9d6e069d810c78ab4ccbed8,class_reliability_gamma_0p500,,0.5,
class_reliability_gamma_0p500,class_scaled_raw,True,0.05971993504331734,0.7282712098936261,0.5511486353818967,0.7663117663117663,1.0,5093,0,2131,2807,0.6757385791257806,0.543168413529727,0.5003177959745545,7a9d9e809cc3ef8681c52c10a5087a9ca49fd6a35a2adc0762a388d4b00fc1cb,048bf92769486c5ac7736dd348d5e5a92947cfaaaec5a4624e79be9112c893c3,class_reliability_gamma_0p500,,0.5,
class_reliability_gamma_0p500,class_scaled_raw,True,0.1,0.7601161483701762,0.6279015784586816,0.7384657384657385,1.0,4308,0,1478,2705,0.6757385791257806,0.543168413529727,0.5003177959745545,7a9d9e809cc3ef8681c52c10a5087a9ca49fd6a35a2adc0762a388d4b00fc1cb,44ca1e574a17fc4c8da2ca7feb3cf3b8b4abfdd48e3b332490b7e6db0bf21a71,class_reliability_gamma_0p500,,0.5,
class_reliability_gamma_0p500,class_scaled_raw,True,0.15,0.7749176893145765,0.6865552903739062,0.7067977067977068,1.0,3771,0,1077,2589,0.6757385791257806,0.543168413529727,0.5003177959745545,7a9d9e809cc3ef8681c52c10a5087a9ca49fd6a35a2adc0762a388d4b00fc1cb,8aef9f754bc697ebb4a0c0b6b1c219d54663efdb461058d4d15956416660970c,class_reliability_gamma_0p500,,0.5,
class_reliability_gamma_0p500,class_scaled_raw,True,0.2,0.7815493544356519,0.7275370747310265,0.683046683046683,1.0,3439,0,849,2502,0.6757385791257806,0.543168413529727,0.5003177959745545,7a9d9e809cc3ef8681c52c10a5087a9ca49fd6a35a2adc0762a388d4b00fc1cb,2382ad3a0fb438358fd7b468ac5d7ebed76ad2939983398c43632a5595656ef7,class_reliability_gamma_0p500,,0.5,
class_reliability_gamma_0p500,class_scaled_raw,True,0.25,0.7811345359704412,0.7623289850461342,0.6541086541086542,1.0,3143,0,673,2396,0.6757385791257806,0.543168413529727,0.5003177959745545,7a9d9e809cc3ef8681c52c10a5087a9ca49fd6a35a2adc0762a388d4b00fc1cb,2a43070c367da7eb15057fc1895a9190ae675bfd84bcf20827aa92eb67eecd73,class_reliability_gamma_0p500,,0.5,
class_reliability_gamma_0p500,class_scaled_raw,True,0.3,0.776794828172848,0.7951933124346917,0.6232596232596233,1.0,2871,0,533,2283,0.6757385791257806,0.543168413529727,0.5003177959745545,7a9d9e809cc3ef8681c52c10a5087a9ca49fd6a35a2adc0762a388d4b00fc1cb,8806166581105849fb86db0feec2ff1d5063751c73e88bf862daa9cc10176eb5,class_reliability_gamma_0p500,,0.5,
class_reliability_gamma_0p500,class_scaled_raw,True,0.35,0.7700704225352112,0.8191011235955056,0.597051597051597,1.0,2670,0,436,2187,0.6757385791257806,0.543168413529727,0.5003177959745545,7a9d9e809cc3ef8681c52c10a5087a9ca49fd6a35a2adc0762a388d4b00fc1cb,33018aa2f64c0f2e20186476bdaa7732b05719c51de3a9498a032a385eaa50f6,class_reliability_gamma_0p500,,0.5,
class_reliability_gamma_0p500,class_scaled_raw,True,0.37756973814604916,0.7621621621621621,0.8303886925795053,0.5773955773955773,1.0,2547,0,389,2115,0.6757385791257806,0.543168413529727,0.5003177959745545,7a9d9e809cc3ef8681c52c10a5087a9ca49fd6a35a2adc0762a388d4b00fc1cb,20d69748f577d88d761b041fe6adb19bd8be7d29da060f7d6cf626b59cd739e2,class_reliability_gamma_0p500,,0.5,
class_reliability_gamma_0p500,class_scaled_raw,True,0.4,0.7570642201834863,0.84238464679461,0.5631995631995632,1.0,2449,0,346,2063,0.6757385791257806,0.543168413529727,0.5003177959745545,7a9d9e809cc3ef8681c52c10a5087a9ca49fd6a35a2adc0762a388d4b00fc1cb,85bd5ec6fa047b87d4fc7f78e45b14f15889d9309d2b2405903231f4039d53c1,class_reliability_gamma_0p500,,0.5,
class_reliability_gamma_0p500,class_scaled_raw,True,0.5,0.7179658302189001,0.880648330058939,0.4894894894894895,1.0,2036,0,217,1793,0.6757385791257806,0.543168413529727,0.5003177959745545,7a9d9e809cc3ef8681c52c10a5087a9ca49fd6a35a2adc0762a388d4b00fc1cb,f61c6801f2f069d994d52223e7bc26a158ce81418eef8685f466916a53f60eee,class_reliability_gamma_0p500,,0.5,
class_reliability_gamma_0p500,class_scaled_raw,True,0.6,0.6630882352941176,0.9198286413708691,0.4103194103194103,1.0,1634,0,125,1503,0.6757385791257806,0.543168413529727,0.5003177959745545,7a9d9e809cc3ef8681c52c10a5087a9ca49fd6a35a2adc0762a388d4b00fc1cb,666173d8377b088903f52afdd26bc3a9cbf2628bb5b57c4abd5f07c027b2566a,class_reliability_gamma_0p500,,0.5,
class_reliability_gamma_0p500,class_scaled_raw,True,0.6890464038108096,0.5850317952062613,0.9387755102040817,0.3265083265083265,1.0,1274,0,75,1196,0.6757385791257806,0.543168413529727,0.5003177959745545,7a9d9e809cc3ef8681c52c10a5087a9ca49fd6a35a2adc0762a388d4b00fc1cb,e47e601f62cba0fe0107e01f17445bceb3e365ae356261d3f4f842d3fdc349ce,class_reliability_gamma_0p500,,0.5,
class_reliability_gamma_0p500,class_scaled_raw,True,0.7,0.5691029900332226,0.939917695473251,0.31176631176631175,1.0,1215,0,72,1142,0.6757385791257806,0.543168413529727,0.5003177959745545,7a9d9e809cc3ef8681c52c10a5087a9ca49fd6a35a2adc0762a388d4b00fc1cb,9caef6afc94f1ea7de3004bac802c018ba081ef37f18ada49b75ab182858d228,class_reliability_gamma_0p500,,0.5,
class_reliability_gamma_0p500,class_scaled_raw,True,0.8,0.4464319695528069,0.9654320987654321,0.2134862134862135,1.0,810,0,28,782,0.6757385791257806,0.543168413529727,0.5003177959745545,7a9d9e809cc3ef8681c52c10a5087a9ca49fd6a35a2adc0762a388d4b00fc1cb,c2f4529a3d61097895c3e8a8a4279275f8c1ed8b38b415a99255cc9f6f46575c,class_reliability_gamma_0p500,,0.5,
class_reliability_gamma_0p500,class_scaled_raw,True,0.9,0.16265499635302696,0.9823788546255506,0.06087906087906088,1.0,227,0,4,223,0.6757385791257806,0.543168413529727,0.5003177959745545,7a9d9e809cc3ef8681c52c10a5087a9ca49fd6a35a2adc0762a388d4b00fc1cb,057a7e3a609ac9f174b06fb6cfdb51b930cf494b5c7e30d3e8d9fd5677977f58,class_reliability_gamma_0p500,,0.5,
class_reliability_gamma_0p500,class_scaled_raw,True,0.9599021673202516,0.0008185538881309687,1.0,0.000273000273000273,1.0,1,0,0,1,0.6757385791257806,0.543168413529727,0.5003177959745545,7a9d9e809cc3ef8681c52c10a5087a9ca49fd6a35a2adc0762a388d4b00fc1cb,0274993caa7e5427a7ce5194990a433907c89813868c656a3c158d16bc63d4e9,class_reliability_gamma_0p500,,0.5,
class_reliability_gamma_0p750,class_scaled_raw,True,0.0013841529075265184,0.3535772420742578,0.15923133312388732,0.8301938301938302,1.0,19098,0,15535,3041,0.6757385791257806,0.543168413529727,0.5003177959745545,b158ff374170f3d1c17f909af7b38d58b90c0c99e2fdf0d782fd1cd8011a5e2a,df4b05c1ed45f9fbe6f5c1d687bca88645ac612a8fa3e88c666dea4da27029f9,class_reliability_gamma_0p750,,0.75,
class_reliability_gamma_0p750,class_scaled_raw,True,0.003937823571307961,0.46325235958533184,0.2351555136663525,0.8173628173628174,1.0,12732,0,9353,2994,0.6757385791257806,0.543168413529727,0.5003177959745545,b158ff374170f3d1c17f909af7b38d58b90c0c99e2fdf0d782fd1cd8011a5e2a,a81e694bd6ec2682539a74718551b33f922b15292d34624816a2c12a8cbfcf71,class_reliability_gamma_0p750,,0.75,
class_reliability_gamma_0p750,class_scaled_raw,True,0.01689712004150325,0.6137659230065452,0.38054719204084303,0.7936117936117936,1.0,7639,0,4488,2907,0.6757385791257806,0.543168413529727,0.5003177959745545,b158ff374170f3d1c17f909af7b38d58b90c0c99e2fdf0d782fd1cd8011a5e2a,6fd0bb3ef859f735ec84253bfc1b6da1ad6b67cd7af1ebc134a289250bbae666,class_reliability_gamma_0p750,,0.75,
class_reliability_gamma_0p750,class_scaled_raw,True,0.05,0.7203997949769348,0.5372706422018348,0.7674037674037674,1.0,5232,0,2259,2811,0.6757385791257806,0.543168413529727,0.5003177959745545,b158ff374170f3d1c17f909af7b38d58b90c0c99e2fdf0d782fd1cd8011a5e2a,37a4a3fac5f5c105a483aeab88a1548782edbc34b00d52702d2c000bacc5b596,class_reliability_gamma_0p750,,0.75,
class_reliability_gamma_0p750,class_scaled_raw,True,0.054097892382679105,0.7270918058319632,0.5499705478107206,0.7646737646737647,1.0,5093,0,2139,2801,0.6757385791257806,0.543168413529727,0.5003177959745545,b158ff374170f3d1c17f909af7b38d58b90c0c99e2fdf0d782fd1cd8011a5e2a,070d22833517f1100ef949ca8760f2e81c2931b5033b992216b7a00b6ed73d66,class_reliability_gamma_0p750,,0.75,
class_reliability_gamma_0p750,class_scaled_raw,True,0.1,0.7642802741812643,0.6424969987995198,0.7305487305487306,1.0,4165,0,1370,2676,0.6757385791257806,0.543168413529727,0.5003177959745545,b158ff374170f3d1c17f909af7b38d58b90c0c99e2fdf0d782fd1cd8011a5e2a,e99e25d738e69979581a209609196d64d29e6f16333f7bfff754aff6e192723f,class_reliability_gamma_0p750,,0.75,
class_reliability_gamma_0p750,class_scaled_raw,True,0.15,0.776517070205653,0.6994251300301122,0.6975156975156975,1.0,3653,0,1000,2555,0.6757385791257806,0.543168413529727,0.5003177959745545,b158ff374170f3d1c17f909af7b38d58b90c0c99e2fdf0d782fd1cd8011a5e2a,c4484087b6f1bec7f9687e69fa5ea8d4bf79dfcc23f97d5f4a603c6114b9f65d,class_reliability_gamma_0p750,,0.75,
class_reliability_gamma_0p750,class_scaled_raw,True,0.2,0.7799170301031806,0.7419550698239222,0.6672126672126673,1.0,3294,0,775,2444,0.6757385791257806,0.543168413529727,0.5003177959745545,b158ff374170f3d1c17f909af7b38d58b90c0c99e2fdf0d782fd1cd8011a5e2a,94aca95fa4221e7c1662d9fdb98ae74ac134c064e9dba08eb3ce2980f2bd6f1e,class_reliability_gamma_0p750,,0.75,
class_reliability_gamma_0p750,class_scaled_raw,True,0.25,0.7746903247405424,0.7754691689008043,0.6317226317226318,1.0,2984,0,608,2314,0.6757385791257806,0.543168413529727,0.5003177959745545,b158ff374170f3d1c17f909af7b38d58b90c0c99e2fdf0d782fd1cd8011a5e2a,91a857b8f61a174de9bb86a0d2449a91bceeb439a7aeb529c77a5ab735b3f3c4,class_reliability_gamma_0p750,,0.75,
class_reliability_gamma_0p750,class_scaled_raw,True,0.3,0.7657636618402616,0.8051565377532228,0.5967785967785968,1.0,2715,0,480,2186,0.6757385791257806,0.543168413529727,0.5003177959745545,b158ff374170f3d1c17f909af7b38d58b90c0c99e2fdf0d782fd1cd8011a5e2a,afb39663530b037745906dae1b4f9d101fef3db73250d6160e5c9d77b03ee5a4,class_reliability_gamma_0p750,,0.75,
class_reliability_gamma_0p750,class_scaled_raw,True,0.34429346715649156,0.7559624186942905,0.8213584609344327,0.5711165711165711,1.0,2547,0,412,2092,0.6757385791257806,0.543168413529727,0.5003177959745545,b158ff374170f3d1c17f909af7b38d58b90c0c99e2fdf0d782fd1cd8011a5e2a,8f78b0458a9d8babdba8a32b76a11f93b80366a82eaf3165fa2a248ca34d5ceb,class_reliability_gamma_0p750,,0.75,
class_reliability_gamma_0p750,class_scaled_raw,True,0.35,0.753449527959332,0.822107765451664,0.5664755664755665,1.0,2524,0,406,2075,0.6757385791257806,0.543168413529727,0.5003177959745545,b158ff374170f3d1c17f909af7b38d58b90c0c99e2fdf0d782fd1cd8011a5e2a,dca8bc4b9d77077799c057d4013b3ba4323de4c8cc48e773eb8721d8532df606,class_reliability_gamma_0p750,,0.75,
class_reliability_gamma_0p750,class_scaled_raw,True,0.4,0.7422485505419713,0.8505199306759099,0.5358995358995359,1.0,2308,0,313,1963,0.6757385791257806,0.543168413529727,0.5003177959745545,b158ff374170f3d1c17f909af7b38d58b90c0c99e2fdf0d782fd1cd8011a5e2a,d0f648b1a374ee58ddc28917332fdcb801fc31dda0c66f9c147f5497dba17fd9,class_reliability_gamma_0p750,,0.75,
class_reliability_gamma_0p750,class_scaled_raw,True,0.5,0.699614537444934,0.8883062401678028,0.4624624624624625,1.0,1907,0,199,1694,0.6757385791257806,0.543168413529727,0.5003177959745545,b158ff374170f3d1c17f909af7b38d58b90c0c99e2fdf0d782fd1cd8011a5e2a,84e8795e85529a4560e1dc9d1888dc5058c5864fa2d7f05d7feba54e2094dd80,class_reliability_gamma_0p750,,0.75,
class_reliability_gamma_0p750,class_scaled_raw,True,0.6,0.6233585663525413,0.9180887372013652,0.3671853671853672,1.0,1465,0,115,1345,0.6757385791257806,0.543168413529727,0.5003177959745545,b158ff374170f3d1c17f909af7b38d58b90c0c99e2fdf0d782fd1cd8011a5e2a,73e96002772e1aee23924d31e956e65f2e5b07135507f406c4b674626c97b3b8,class_reliability_gamma_0p750,,0.75,
class_reliability_gamma_0p750,class_scaled_raw,True,0.6432807599553972,0.5818775510204082,0.9324960753532182,0.32432432432432434,1.0,1274,0,85,1188,0.6757385791257806,0.543168413529727,0.5003177959745545,b158ff374170f3d1c17f909af7b38d58b90c0c99e2fdf0d782fd1cd8011a5e2a,4e0060d69168ef57a5c04f074533714d543298ce62bac3c7eb01887925ef291c,class_reliability_gamma_0p750,,0.75,
class_reliability_gamma_0p750,class_scaled_raw,True,0.7,0.5291666666666666,0.9398704902867715,0.27736827736827735,1.0,1081,0,64,1016,0.6757385791257806,0.543168413529727,0.5003177959745545,b158ff374170f3d1c17f909af7b38d58b90c0c99e2fdf0d782fd1cd8011a5e2a,34073d50d7bd644a2856baa722aa489fd69c1bb80a32bc8dab43947904cf3840,class_reliability_gamma_0p750,,0.75,
class_reliability_gamma_0p750,class_scaled_raw,True,0.8,0.4201992576675132,0.9702300405953992,0.19574119574119575,1.0,739,0,22,717,0.6757385791257806,0.543168413529727,0.5003177959745545,b158ff374170f3d1c17f909af7b38d58b90c0c99e2fdf0d782fd1cd8011a5e2a,5ed0820cf23ae96a40398bcedb99c85c6e5509779f46d7510ccbf6184b246e2a,class_reliability_gamma_0p750,,0.75,
class_reliability_gamma_0p750,class_scaled_raw,True,0.9,0.0702576112412178,1.0,0.02457002457002457,1.0,90,0,0,90,0.6757385791257806,0.543168413529727,0.5003177959745545,b158ff374170f3d1c17f909af7b38d58b90c0c99e2fdf0d782fd1cd8011a5e2a,551752409fe3dcdcd5fde2b3e0ebea0c3f439b29d49eb17dad1190c90398d757,class_reliability_gamma_0p750,,0.75,
class_reliability_gamma_0p750,class_scaled_raw,True,0.9599021673202516,0.0008185538881309687,1.0,0.000273000273000273,1.0,1,0,0,1,0.6757385791257806,0.543168413529727,0.5003177959745545,b158ff374170f3d1c17f909af7b38d58b90c0c99e2fdf0d782fd1cd8011a5e2a,0274993caa7e5427a7ce5194990a433907c89813868c656a3c158d16bc63d4e9,class_reliability_gamma_0p750,,0.75,
class_reliability_gamma_1p000,class_scaled_raw,True,0.0012091656951358392,0.3535772420742578,0.15923133312388732,0.8301938301938302,1.0,19098,0,15544,3041,0.6757385791257806,0.543168413529727,0.5003177959745545,da5e72821dfb763ec4e6f7267ddd7e9064b3afad6b475e0f6b441b7470104f5a,4e4631f9303c949e82dccdf3f3cf3c6a78da2ecd34022fb99aabb48f8b399a97,class_reliability_gamma_1p000,,1.0,
class_reliability_gamma_1p000,class_scaled_raw,True,0.0035115114280491527,0.46377558913009853,0.23546968268928684,0.8184548184548185,1.0,12732,0,9354,2998,0.6757385791257806,0.543168413529727,0.5003177959745545,da5e72821dfb763ec4e6f7267ddd7e9064b3afad6b475e0f6b441b7470104f5a,2a84fb1e458338a833a9bbfd5c8ae9ec7d8dd174b11e3bf06f1d7da7c3e44645,class_reliability_gamma_1p000,,1.0,
class_reliability_gamma_1p000,class_scaled_raw,True,0.015091515229154941,0.614269631297495,0.38093991360125673,0.7944307944307945,1.0,7639,0,4491,2910,0.6757385791257806,0.543168413529727,0.5003177959745545,da5e72821dfb763ec4e6f7267ddd7e9064b3afad6b475e0f6b441b7470104f5a,47362a35d7e3da79c9876983eed1314fcb00a19b07218fd51d250f1f0b868107,class_reliability_gamma_1p000,,1.0,
class_reliability_gamma_1p000,class_scaled_raw,True,0.049306793881269885,0.7261080332409972,0.5489888081680738,0.7633087633087633,1.0,5093,0,2146,2796,0.6757385791257806,0.543168413529727,0.5003177959745545,da5e72821dfb763ec4e6f7267ddd7e9064b3afad6b475e0f6b441b7470104f5a,7ab2566a9aeffae280fac1c10e431a7f701a595ddf1e61bdbd2bbba09681fbd8,class_reliability_gamma_1p000,,1.0,
class_reliability_gamma_1p000,class_scaled_raw,True,0.05,0.7275332117738994,0.5518672199170125,0.7624897624897625,1.0,5061,0,2120,2793,0.6757385791257806,0.543168413529727,0.5003177959745545,da5e72821dfb763ec4e6f7267ddd7e9064b3afad6b475e0f6b441b7470104f5a,88d1fe7e7001f1be35856092b685f52b692ecf3ada4e34130cddf329656a5614,class_reliability_gamma_1p000,,1.0,
class_reliability_gamma_1p000,class_scaled_raw,True,0.1,0.7674081237911025,0.6560019841269841,0.7220857220857221,1.0,4032,0,1274,2645,0.6757385791257806,0.543168413529727,0.5003177959745545,da5e72821dfb763ec4e6f7267ddd7e9064b3afad6b475e0f6b441b7470104f5a,abeae8f1d76ef24e37e3c3fcd077a3efec1040012f85dfa1f6122a9f4130de7b,class_reliability_gamma_1p000,,1.0,
class_reliability_gamma_1p000,class_scaled_raw,True,0.15,0.7755946225439503,0.71285999429712,0.6825006825006825,1.0,3507,0,917,2500,0.6757385791257806,0.543168413529727,0.5003177959745545,da5e72821dfb763ec4e6f7267ddd7e9064b3afad6b475e0f6b441b7470104f5a,4b293cc7e40c42ec578db20509bb010d11fdde8d536877d6e933a93eed27d2df,class_reliability_gamma_1p000,,1.0,
class_reliability_gamma_1p000,class_scaled_raw,True,0.2,0.7725490196078432,0.7497621313035204,0.6453726453726454,1.0,3153,0,717,2364,0.6757385791257806,0.543168413529727,0.5003177959745545,da5e72821dfb763ec4e6f7267ddd7e9064b3afad6b475e0f6b441b7470104f5a,c9bf5823312c5cb550cb2427a472f475579d9f327eea9b8cdcec808f48eb2a01,class_reliability_gamma_1p000,,1.0,
class_reliability_gamma_1p000,class_scaled_raw,True,0.25,0.7652501713502399,0.7813156053184045,0.6096096096096096,1.0,2858,0,572,2233,0.6757385791257806,0.543168413529727,0.5003177959745545,da5e72821dfb763ec4e6f7267ddd7e9064b3afad6b475e0f6b441b7470104f5a,572f8773153320cc54478bb95722d741e68ac5c6a4819d435ac96655d84e7b3a,class_reliability_gamma_1p000,,1.0,
class_reliability_gamma_1p000,class_scaled_raw,True,0.3,0.7573957467031008,0.8082921262837581,0.5801255801255801,1.0,2629,0,461,2125,0.6757385791257806,0.543168413529727,0.5003177959745545,da5e72821dfb763ec4e6f7267ddd7e9064b3afad6b475e0f6b441b7470104f5a,78fe818a42805c1ef12503a4d539dd5881ac0b164026386a36a87decca475d30,class_reliability_gamma_1p000,,1.0,
class_reliability_gamma_1p000,class_scaled_raw,True,0.3194235498567748,0.7529851646363527,0.8170396544954849,0.5681135681135682,1.0,2547,0,426,2081,0.6757385791257806,0.543168413529727,0.5003177959745545,da5e72821dfb763ec4e6f7267ddd7e9064b3afad6b475e0f6b441b7470104f5a,bb7fcbbba9c8fdbcc16cfe8bdee01df596c1828accc080cd7c051d785a76a863,class_reliability_gamma_1p000,,1.0,
class_reliability_gamma_1p000,class_scaled_raw,True,0.35,0.7441572894769383,0.8296112489660876,0.5476385476385477,1.0,2418,0,376,2006,0.6757385791257806,0.543168413529727,0.5003177959745545,da5e72821dfb763ec4e6f7267ddd7e9064b3afad6b475e0f6b441b7470104f5a,0fe7a6cef1735e428160aea25550330f006a0247bc83e0d60a0d6d6085e60f8b,class_reliability_gamma_1p000,,1.0,
class_reliability_gamma_1p000,class_scaled_raw,True,0.4,0.7279668694189206,0.8565555047967108,0.5118755118755118,1.0,2189,0,290,1875,0.6757385791257806,0.543168413529727,0.5003177959745545,da5e72821dfb763ec4e6f7267ddd7e9064b3afad6b475e0f6b441b7470104f5a,c274050b64a53fc546dd30e8882920ecb32e5ce3a11639cb9b63b6a77cc1a34c,class_reliability_gamma_1p000,,1.0,
class_reliability_gamma_1p000,class_scaled_raw,True,0.5,0.6749892994721074,0.891464104013567,0.43052143052143055,1.0,1769,0,185,1577,0.6757385791257806,0.543168413529727,0.5003177959745545,da5e72821dfb763ec4e6f7267ddd7e9064b3afad6b475e0f6b441b7470104f5a,1f9c3a05b953fda6aeb8864776b4bc945a6b9313bcb50d387ec28661cef84827,class_reliability_gamma_1p000,,1.0,
class_reliability_gamma_1p000,class_scaled_raw,True,0.6,0.5910260533933741,0.9210526315789473,0.33442533442533445,1.0,1330,0,104,1225,0.6757385791257806,0.543168413529727,0.5003177959745545,da5e72821dfb763ec4e6f7267ddd7e9064b3afad6b475e0f6b441b7470104f5a,f0954a887167e6d008d794b3a5c38f9c7b4456c467cc69d3151a142e28c7637f,class_reliability_gamma_1p000,,1.0,
class_reliability_gamma_1p000,class_scaled_raw,True,0.6147440868368925,0.5787150564001962,0.9262166405023547,0.3221403221403221,1.0,1274,0,93,1180,0.6757385791257806,0.543168413529727,0.5003177959745545,da5e72821dfb763ec4e6f7267ddd7e9064b3afad6b475e0f6b441b7470104f5a,73aa862df01ea439a80305803687766ac94c1a9660816ea3912a1050f58360fd,class_reliability_gamma_1p000,,1.0,
class_reliability_gamma_1p000,class_scaled_raw,True,0.7,0.5120524636653669,0.9478346456692913,0.2628992628992629,1.0,1016,0,52,963,0.6757385791257806,0.543168413529727,0.5003177959745545,da5e72821dfb763ec4e6f7267ddd7e9064b3afad6b475e0f6b441b7470104f5a,9a5b76f0905ec2b98402e71056857e38331934d26ddb8b5afa833a4ae7fe5c60,class_reliability_gamma_1p000,,1.0,
class_reliability_gamma_1p000,class_scaled_raw,True,0.8,0.3911209321012455,0.9744744744744744,0.17717717717717718,1.0,666,0,17,649,0.6757385791257806,0.543168413529727,0.5003177959745545,da5e72821dfb763ec4e6f7267ddd7e9064b3afad6b475e0f6b441b7470104f5a,f3d3815f9e9dfe3f5960f2edd729853e5a9285a45f7d4e65a6ae0b49d5b7fb2c,class_reliability_gamma_1p000,,1.0,
class_reliability_gamma_1p000,class_scaled_raw,True,0.9,0.016203078584931137,1.0,0.00546000546000546,1.0,20,0,0,20,0.6757385791257806,0.543168413529727,0.5003177959745545,da5e72821dfb763ec4e6f7267ddd7e9064b3afad6b475e0f6b441b7470104f5a,87b94e89312342818683072343821b76c2bd31a283e0185d62d4fe8e4e9c0590,class_reliability_gamma_1p000,,1.0,
class_reliability_gamma_1p000,class_scaled_raw,True,0.9599021673202516,0.0008185538881309687,1.0,0.000273000273000273,1.0,1,0,0,1,0.6757385791257806,0.543168413529727,0.5003177959745545,da5e72821dfb763ec4e6f7267ddd7e9064b3afad6b475e0f6b441b7470104f5a,0274993caa7e5427a7ce5194990a433907c89813868c656a3c158d16bc63d4e9,class_reliability_gamma_1p000,,1.0,
raw_light_geom_gate_0p050,light_geometry_gate,False,0.0020197551046689773,0.35316691216373364,0.15902188710859777,0.8291018291018291,1.0,19098,0,15528,3037,0.6758664678684448,0.5433354008193745,0.5002188270362543,a44c6b6aa7fdab3aa91ff58cd2032c1f29ab3a9d29866c914754db8d6e655caf,6fef8a52fbe9ca77c8ce6b907b7d687d77739ceb2f5dcaa17785d526baaf30ec,raw_light_geom_gate_0p050,,,0.05
raw_light_geom_gate_0p050,light_geometry_gate,False,0.005675064429442766,0.4627289141088471,0.23484134464341816,0.8162708162708163,1.0,12732,0,9338,2990,0.6758664678684448,0.5433354008193745,0.5002188270362543,a44c6b6aa7fdab3aa91ff58cd2032c1f29ab3a9d29866c914754db8d6e655caf,c0f3976a49dcdedc089f4d5b611b222b52d4e5e9fa702cb55950a7eb9424c0c4,raw_light_geom_gate_0p050,,,0.05
raw_light_geom_gate_0p050,light_geometry_gate,False,0.022507634979830524,0.6147731269785438,0.3813326351616704,0.7952497952497952,1.0,7639,0,4472,2913,0.6758664678684448,0.5433354008193745,0.5002188270362543,a44c6b6aa7fdab3aa91ff58cd2032c1f29ab3a9d29866c914754db8d6e655caf,521e364d03079d28fcac4a4981e62aa7e2fbadc8b2048174fa2af1cbeb739a09,raw_light_geom_gate_0p050,,,0.05
raw_light_geom_gate_0p050,light_geometry_gate,False,0.05,0.6942996742671009,0.4921212121212121,0.7758667758667759,1.0,5775,0,2740,2842,0.6758664678684448,0.5433354008193745,0.5002188270362543,a44c6b6aa7fdab3aa91ff58cd2032c1f29ab3a9d29866c914754db8d6e655caf,c30766f1f844f6a8549c603001b8aea23446b88f10669f7bc62ed6b8691d1b35,raw_light_geom_gate_0p050,,,0.05
raw_light_geom_gate_0p050,light_geometry_gate,False,0.07315389392394847,0.7265016444521378,0.5493815040251325,0.7638547638547638,1.0,5093,0,2135,2798,0.6758664678684448,0.5433354008193745,0.5002188270362543,a44c6b6aa7fdab3aa91ff58cd2032c1f29ab3a9d29866c914754db8d6e655caf,67d8dd9ed79d8235b4ba291046171ea04add2c296ecdd6c0e7ddf98ee477c91a,raw_light_geom_gate_0p050,,,0.05
raw_light_geom_gate_0p050,light_geometry_gate,False,0.1,0.7484991813716574,0.5978639930252834,0.7488397488397488,1.0,4588,0,1706,2743,0.6758664678684448,0.5433354008193745,0.5002188270362543,a44c6b6aa7fdab3aa91ff58cd2032c1f29ab3a9d29866c914754db8d6e655caf,c2adcaa0fef58d52281da892c97959d31b0d62cacd3c5efe225bbd3f0c22d9a6,raw_light_geom_gate_0p050,,,0.05
raw_light_geom_gate_0p050,light_geometry_gate,False,0.15,0.7693571773803769,0.658476048647307,0.7242697242697242,1.0,4029,0,1257,2653,0.6758664678684448,0.5433354008193745,0.5002188270362543,a44c6b6aa7fdab3aa91ff58cd2032c1f29ab3a9d29866c914754db8d6e655caf,e99a0adaaf58313df08ba9048535a5849b403745fab4c9cd875ef7b10034a222,raw_light_geom_gate_0p050,,,0.05
raw_light_geom_gate_0p050,light_geometry_gate,False,0.2,0.7795228027786167,0.6996476009758742,0.7046137046137047,1.0,3689,0,1007,2581,0.6758664678684448,0.5433354008193745,0.5002188270362543,a44c6b6aa7fdab3aa91ff58cd2032c1f29ab3a9d29866c914754db8d6e655caf,7f88a4908dbfbc8b4593f0c38e42f7aa157b4cdc9fe730e8c97c6396cf24cdee,raw_light_geom_gate_0p050,,,0.05
raw_light_geom_gate_0p050,light_geometry_gate,False,0.25,0.7831955634613373,0.7340394233598118,0.6811356811356811,1.0,3399,0,816,2495,0.6758664678684448,0.5433354008193745,0.5002188270362543,a44c6b6aa7fdab3aa91ff58cd2032c1f29ab3a9d29866c914754db8d6e655caf,3ed22afa3acf08466787c14190ec30e46c211e75d8fbdc405b9b43a693940d01,raw_light_geom_gate_0p050,,,0.05
raw_light_geom_gate_0p050,light_geometry_gate,False,0.3,0.7817176317501626,0.7614068441064639,0.6560196560196561,1.0,3156,0,680,2403,0.6758664678684448,0.5433354008193745,0.5002188270362543,a44c6b6aa7fdab3aa91ff58cd2032c1f29ab3a9d29866c914754db8d6e655caf,5352b599aff15f02f189c120d3e23e8392a6c4170dba147a834ef3f0f1b749f7,raw_light_geom_gate_0p050,,,0.05
raw_light_geom_gate_0p050,light_geometry_gate,False,0.35,0.7779273216689099,0.7861271676300579,0.6311766311766311,1.0,2941,0,564,2312,0.6758664678684448,0.5433354008193745,0.5002188270362543,a44c6b6aa7fdab3aa91ff58cd2032c1f29ab3a9d29866c914754db8d6e655caf,0d2df0adc97d3debeddd400893d2530cb9e8901d14ce7717f30405b5a50c2a39,raw_light_geom_gate_0p050,,,0.05
raw_light_geom_gate_0p050,light_geometry_gate,False,0.4,0.7700869565217391,0.8056768558951966,0.6044226044226044,1.0,2748,0,479,2214,0.6758664678684448,0.5433354008193745,0.5002188270362543,a44c6b6aa7fdab3aa91ff58cd2032c1f29ab3a9d29866c914754db8d6e655caf,7afa2898b9cc58d7d46c612e98a8c53d746a29aed85078fe716180ffeed248b4,raw_light_geom_gate_0p050,,,0.05
raw_light_geom_gate_0p050,light_geometry_gate,False,0.44921894685628144,0.762699651735319,0.8311739301138594,0.577941577941578,1.0,2547,0,384,2117,0.6758664678684448,0.5433354008193745,0.5002188270362543,a44c6b6aa7fdab3aa91ff58cd2032c1f29ab3a9d29866c914754db8d6e655caf,d10bf0f1a71e1a55e4cd4e750db13ad118057bc271d4d35d82dc5628b5e3e678,raw_light_geom_gate_0p050,,,0.05
raw_light_geom_gate_0p050,light_geometry_gate,False,0.5,0.752330060892258,0.852916314454776,0.5509145509145509,1.0,2366,0,307,2018,0.6758664678684448,0.5433354008193745,0.5002188270362543,a44c6b6aa7fdab3aa91ff58cd2032c1f29ab3a9d29866c914754db8d6e655caf,9a766579214a192eb7ee293b0e83426d3bfcc1bbfc91bcc8857d848146aa09cf,raw_light_geom_gate_0p050,,,0.05
raw_light_geom_gate_0p050,light_geometry_gate,False,0.6,0.7161889382317319,0.8896690070210632,0.4843024843024843,1.0,1994,0,193,1774,0.6758664678684448,0.5433354008193745,0.5002188270362543,a44c6b6aa7fdab3aa91ff58cd2032c1f29ab3a9d29866c914754db8d6e655caf,6ac251a103921330839a621a17e31a5b8aa46672e2b22eed13f13d1659afd260,raw_light_geom_gate_0p050,,,0.05
raw_light_geom_gate_0p050,light_geometry_gate,False,0.7,0.6668621700879765,0.9238269347958562,0.4138684138684139,1.0,1641,0,104,1516,0.6758664678684448,0.5433354008193745,0.5002188270362543,a44c6b6aa7fdab3aa91ff58cd2032c1f29ab3a9d29866c914754db8d6e655caf,936408cc7ade571b9a7a7a5e7eefa10199072e0779d4323dec21b1244783c4b2,raw_light_geom_gate_0p050,,,0.05
raw_light_geom_gate_0p050,light_geometry_gate,False,0.7916283477385386,0.5924902470741223,0.9536891679748822,0.3316953316953317,1.0,1274,0,53,1215,0.6758664678684448,0.5433354008193745,0.5002188270362543,a44c6b6aa7fdab3aa91ff58cd2032c1f29ab3a9d29866c914754db8d6e655caf,efeaaf23d6bbdafa754c6a5fcc428681c2ae18064e793d9377560f7b217be1db,raw_light_geom_gate_0p050,,,0.05
raw_light_geom_gate_0p050,light_geometry_gate,False,0.8,0.5821116784714215,0.9577235772357724,0.3215943215943216,1.0,1230,0,46,1178,0.6758664678684448,0.5433354008193745,0.5002188270362543,a44c6b6aa7fdab3aa91ff58cd2032c1f29ab3a9d29866c914754db8d6e655caf,9a0454ddfb15073e343e7807238cce8bbf2f8f9bb6a120f6f90f42243e43876c,raw_light_geom_gate_0p050,,,0.05
raw_light_geom_gate_0p050,light_geometry_gate,False,0.9,0.3666803615447823,0.9754098360655737,0.16243516243516243,1.0,610,0,14,595,0.6758664678684448,0.5433354008193745,0.5002188270362543,a44c6b6aa7fdab3aa91ff58cd2032c1f29ab3a9d29866c914754db8d6e655caf,41490c7a782366a8b229b9dd5ee12ac3ad032b452dd8a490e82c2d8d72a2e98a,raw_light_geom_gate_0p050,,,0.05
raw_light_geom_gate_0p050,light_geometry_gate,False,0.9794992200092215,0.0008185538881309687,1.0,0.000273000273000273,1.0,1,0,0,1,0.6758664678684448,0.5433354008193745,0.5002188270362543,a44c6b6aa7fdab3aa91ff58cd2032c1f29ab3a9d29866c914754db8d6e655caf,f1ed4573e9c53fe133c326f57c9caa4a3bcfe4aa71756e706ffd5bfff931befb,raw_light_geom_gate_0p050,,,0.05
raw_light_geom_gate_0p100,light_geometry_gate,False,0.001916297346242346,0.35316691216373364,0.15902188710859777,0.8291018291018291,1.0,19098,0,15528,3037,0.6760753859697791,0.5434539641295782,0.5003183636990121,7e7cbbeb293861fe8c2db36d6c0b6fad3482cdb0e9ca210e4f28bbd7c00c856f,461b73a61c56e3f3affde3b649e92d3001b8a65aca66015da6ff9376be94cae6,raw_light_geom_gate_0p100,,,0.1
raw_light_geom_gate_0p100,light_geometry_gate,False,0.0053938974895150395,0.4627289141088471,0.23484134464341816,0.8162708162708163,1.0,12732,0,9338,2990,0.6760753859697791,0.5434539641295782,0.5003183636990121,7e7cbbeb293861fe8c2db36d6c0b6fad3482cdb0e9ca210e4f28bbd7c00c856f,3fa82a8d0f3f11094459e1c50416c7f218018cbaed9ba8cb0b4c13ccfe6b84c2,raw_light_geom_gate_0p100,,,0.1
raw_light_geom_gate_0p100,light_geometry_gate,False,0.02152551835915387,0.6147731269785438,0.3813326351616704,0.7952497952497952,1.0,7639,0,4472,2913,0.6760753859697791,0.5434539641295782,0.5003183636990121,7e7cbbeb293861fe8c2db36d6c0b6fad3482cdb0e9ca210e4f28bbd7c00c856f,25f4478048e816f34ca22767616122bcf4f184ec01cfb1bd412cc44acd545e88,raw_light_geom_gate_0p100,,,0.1
raw_light_geom_gate_0p100,light_geometry_gate,False,0.05,0.6980745596067185,0.4980708523325149,0.7753207753207754,1.0,5702,0,2669,2840,0.6760753859697791,0.5434539641295782,0.5003183636990121,7e7cbbeb293861fe8c2db36d6c0b6fad3482cdb0e9ca210e4f28bbd7c00c856f,0b4c300b9f20670bfe714166a57294abf76000aedc269d1f17ec267c0940d21f,raw_light_geom_gate_0p100,,,0.1
raw_light_geom_gate_0p100,light_geometry_gate,False,0.07087542708603997,0.7265016444521378,0.5493815040251325,0.7638547638547638,1.0,5093,0,2134,2798,0.6760753859697791,0.5434539641295782,0.5003183636990121,7e7cbbeb293861fe8c2db36d6c0b6fad3482cdb0e9ca210e4f28bbd7c00c856f,a73f117c7f4c2472ea0ded51d7a107afa1ad4b85108cb84421d53494959b3160,raw_light_geom_gate_0p100,,,0.1
raw_light_geom_gate_0p100,light_geometry_gate,False,0.1,0.7511651283925798,0.6035242290748899,0.748020748020748,1.0,4540,0,1663,2740,0.6760753859697791,0.5434539641295782,0.5003183636990121,7e7cbbeb293861fe8c2db36d6c0b6fad3482cdb0e9ca210e4f28bbd7c00c856f,324516a0bb99f5e0ca31a987b267b412aa63730652b8a18692adb48472eb8008,raw_light_geom_gate_0p100,,,0.1
raw_light_geom_gate_0p100,light_geometry_gate,False,0.15,0.7711124053581829,0.6634928589325984,0.7229047229047229,1.0,3991,0,1226,2648,0.6760753859697791,0.5434539641295782,0.5003183636990121,7e7cbbeb293861fe8c2db36d6c0b6fad3482cdb0e9ca210e4f28bbd7c00c856f,8a068fad2cf5b2547c3f94e45e1461006599bf6e0c10bc28c21266e4aeb8ca96,raw_light_geom_gate_0p100,,,0.1
raw_light_geom_gate_0p100,light_geometry_gate,False,0.2,0.7795084454333974,0.7028727770177838,0.7013377013377013,1.0,3655,0,986,2569,0.6760753859697791,0.5434539641295782,0.5003183636990121,7e7cbbeb293861fe8c2db36d6c0b6fad3482cdb0e9ca210e4f28bbd7c00c856f,0caf30e35e5a44ac7814227d682508dae680a731f1c86c20624fc5e5025f2d15,raw_light_geom_gate_0p100,,,0.1
raw_light_geom_gate_0p100,light_geometry_gate,False,0.25,0.7834715950855823,0.7373258227097539,0.678951678951679,1.0,3373,0,801,2487,0.6760753859697791,0.5434539641295782,0.5003183636990121,7e7cbbeb293861fe8c2db36d6c0b6fad3482cdb0e9ca210e4f28bbd7c00c856f,c022d62c660a5b3b1bf47415a56422c3d182a0860d508f77705c4fc87f824a1e,raw_light_geom_gate_0p100,,,0.1
raw_light_geom_gate_0p100,light_geometry_gate,False,0.3,0.7819565217391304,0.7639375597323989,0.6546546546546547,1.0,3139,0,670,2398,0.6760753859697791,0.5434539641295782,0.5003183636990121,7e7cbbeb293861fe8c2db36d6c0b6fad3482cdb0e9ca210e4f28bbd7c00c856f,41630433383472fc2d08b5f4636e0e2de2282c915c832ce0346326fe5cb8378e,raw_light_geom_gate_0p100,,,0.1
raw_light_geom_gate_0p100,light_geometry_gate,False,0.35,0.777002700270027,0.7875470407115976,0.6284466284466285,1.0,2923,0,556,2302,0.6760753859697791,0.5434539641295782,0.5003183636990121,7e7cbbeb293861fe8c2db36d6c0b6fad3482cdb0e9ca210e4f28bbd7c00c856f,8b0623d1276dc2b7c0730d502c30a486bb633a0ed006cc5d762e06a91cee09f7,raw_light_geom_gate_0p100,,,0.1
raw_light_geom_gate_0p100,light_geometry_gate,False,0.4,0.7701242885352537,0.8077485380116959,0.6033306033306033,1.0,2736,0,471,2210,0.6760753859697791,0.5434539641295782,0.5003183636990121,7e7cbbeb293861fe8c2db36d6c0b6fad3482cdb0e9ca210e4f28bbd7c00c856f,0485a74eacbea9e8a74317df47dddea638c1130c859a6975e9b0ba7d01d4726d,raw_light_geom_gate_0p100,,,0.1
raw_light_geom_gate_0p100,light_geometry_gate,False,0.44676216535403107,0.7629682997118156,0.8315665488810365,0.5782145782145782,1.0,2547,0,383,2118,0.6760753859697791,0.5434539641295782,0.5003183636990121,7e7cbbeb293861fe8c2db36d6c0b6fad3482cdb0e9ca210e4f28bbd7c00c856f,0af2c21aacc410e520cd704b00050d7d633099e99deb66bfaf7ad29dee327a3c,raw_light_geom_gate_0p100,,,0.1
raw_light_geom_gate_0p100,light_geometry_gate,False,0.5,0.7520537714712472,0.8544760288502333,0.5498225498225499,1.0,2357,0,303,2014,0.6760753859697791,0.5434539641295782,0.5003183636990121,7e7cbbeb293861fe8c2db36d6c0b6fad3482cdb0e9ca210e4f28bbd7c00c856f,feb3723a4e5b9a10ae04c20bb82cb2cb09db5dca8aed9062f3a3127e1569fa61,raw_light_geom_gate_0p100,,,0.1
raw_light_geom_gate_0p100,light_geometry_gate,False,0.6,0.715844785772029,0.8908450704225352,0.48348348348348347,1.0,1988,0,190,1771,0.6760753859697791,0.5434539641295782,0.5003183636990121,7e7cbbeb293861fe8c2db36d6c0b6fad3482cdb0e9ca210e4f28bbd7c00c856f,5e4f3856a669fb6b8b0617bda5a92b04351ba823d374b4c8f2e5c186da179a20,raw_light_geom_gate_0p100,,,0.1
raw_light_geom_gate_0p100,light_geometry_gate,False,0.7,0.6658837345860246,0.9236408063530849,0.41277641277641275,1.0,1637,0,104,1512,0.6760753859697791,0.5434539641295782,0.5003183636990121,7e7cbbeb293861fe8c2db36d6c0b6fad3482cdb0e9ca210e4f28bbd7c00c856f,4ab5d5899ba6da6c6b7dfa9c5afa3dcb782a9f9322ee6e9bc830808111262e49,raw_light_geom_gate_0p100,,,0.1
raw_light_geom_gate_0p100,light_geometry_gate,False,0.7908272596710025,0.5928815212091663,0.9544740973312402,0.331968331968332,1.0,1274,0,52,1216,0.6760753859697791,0.5434539641295782,0.5003183636990121,7e7cbbeb293861fe8c2db36d6c0b6fad3482cdb0e9ca210e4f28bbd7c00c856f,ad7380cff5ecdf4ed67181f3fb95dbfdc88c8c617634b2c3094f2d9dafa4c0b8,raw_light_geom_gate_0p100,,,0.1
raw_light_geom_gate_0p100,light_geometry_gate,False,0.8,0.5806930693069307,0.9583333333333334,0.3202293202293202,1.0,1224,0,45,1173,0.6760753859697791,0.5434539641295782,0.5003183636990121,7e7cbbeb293861fe8c2db36d6c0b6fad3482cdb0e9ca210e4f28bbd7c00c856f,0d031e597ac8341040a04998bb435ec200e381c375dcfafc58865485e883cf8c,raw_light_geom_gate_0p100,,,0.1
raw_light_geom_gate_0p100,light_geometry_gate,False,0.9,0.36528177704648296,0.9752883031301482,0.16161616161616163,1.0,607,0,14,592,0.6760753859697791,0.5434539641295782,0.5003183636990121,7e7cbbeb293861fe8c2db36d6c0b6fad3482cdb0e9ca210e4f28bbd7c00c856f,bd628559f19d51486a1c3409e9c8e1dd9706160c68e94d01a95364699633179e,raw_light_geom_gate_0p100,,,0.1
raw_light_geom_gate_0p100,light_geometry_gate,False,0.9792582375915329,0.0008185538881309687,1.0,0.000273000273000273,1.0,1,0,0,1,0.6760753859697791,0.5434539641295782,0.5003183636990121,7e7cbbeb293861fe8c2db36d6c0b6fad3482cdb0e9ca210e4f28bbd7c00c856f,f1ed4573e9c53fe133c326f57c9caa4a3bcfe4aa71756e706ffd5bfff931befb,raw_light_geom_gate_0p100,,,0.1
raw_light_geom_gate_0p200,light_geometry_gate,False,0.001710580257030479,0.35316691216373364,0.15902188710859777,0.8291018291018291,1.0,19098,0,15528,3037,0.6765550815785177,0.5436970503165084,0.5005886268615616,19b1261d47349ff3ba40815c20099ee139bb993bf4070bf1481d20b1b9e366c6,96e8b1bc9c371763d4628febe03a6cd1e2ec3fc847023f0433d547493c8e2794,raw_light_geom_gate_0p200,,,0.2
raw_light_geom_gate_0p200,light_geometry_gate,False,0.004842755574439306,0.4627289141088471,0.23484134464341816,0.8162708162708163,1.0,12732,0,9337,2990,0.6765550815785177,0.5436970503165084,0.5005886268615616,19b1261d47349ff3ba40815c20099ee139bb993bf4070bf1481d20b1b9e366c6,3fa8c123b42b4db56675e67055b0adf5b8aee6c0081c131520b2ba9807f18bbf,raw_light_geom_gate_0p200,,,0.2
raw_light_geom_gate_0p200,light_geometry_gate,False,0.019540561951504193,0.6149409116488463,0.3814635423484749,0.7955227955227955,1.0,7639,0,4471,2914,0.6765550815785177,0.5436970503165084,0.5005886268615616,19b1261d47349ff3ba40815c20099ee139bb993bf4070bf1481d20b1b9e366c6,0de43ce41555e599c9f0a05e04c6637194877060f7ac3181551648ad0fa698b3,raw_light_geom_gate_0p200,,,0.2
raw_light_geom_gate_0p200,light_geometry_gate,False,0.05,0.705706702057067,0.5103473096994782,0.7742287742287742,1.0,5557,0,2535,2836,0.6765550815785177,0.5436970503165084,0.5005886268615616,19b1261d47349ff3ba40815c20099ee139bb993bf4070bf1481d20b1b9e366c6,95d5c443677db85816e970ed33d6b0490214b3b48dadd494e23a6fe6e038156d,raw_light_geom_gate_0p200,,,0.2
raw_light_geom_gate_0p200,light_geometry_gate,False,0.06611117857427302,0.7265016444521378,0.5493815040251325,0.7638547638547638,1.0,5093,0,2134,2798,0.6765550815785177,0.5436970503165084,0.5005886268615616,19b1261d47349ff3ba40815c20099ee139bb993bf4070bf1481d20b1b9e366c6,e344e16f5b83f5bf4858aaee6fed613462b678290993c82feb23a020a6000589,raw_light_geom_gate_0p200,,,0.2
raw_light_geom_gate_0p200,light_geometry_gate,False,0.1,0.7537272225289895,0.6103286384976526,0.7452907452907452,1.0,4473,0,1608,2730,0.6765550815785177,0.5436970503165084,0.5005886268615616,19b1261d47349ff3ba40815c20099ee139bb993bf4070bf1481d20b1b9e366c6,42aa50c34fb337098f06a82ddfcab019317027980582f1b84b6c75653915a394,raw_light_geom_gate_0p200,,,0.2
raw_light_geom_gate_0p200,light_geometry_gate,False,0.15,0.7721902157992384,0.6686960933536276,0.7196287196287197,1.0,3942,0,1191,2636,0.6765550815785177,0.5436970503165084,0.5005886268615616,19b1261d47349ff3ba40815c20099ee139bb993bf4070bf1481d20b1b9e366c6,fcf3c89b5e0f2d9556af9a2ba7222502a8b937cfcc5859cf9ada3b7439e270d1,raw_light_geom_gate_0p200,,,0.2
raw_light_geom_gate_0p200,light_geometry_gate,False,0.2,0.781072298943948,0.708091687379177,0.6999726999727,1.0,3621,0,958,2564,0.6765550815785177,0.5436970503165084,0.5005886268615616,19b1261d47349ff3ba40815c20099ee139bb993bf4070bf1481d20b1b9e366c6,40ac092c55ded0d4bf4098202d4441a5211d90796e8cac2a25d9c27c2827833a,raw_light_geom_gate_0p200,,,0.2
raw_light_geom_gate_0p200,light_geometry_gate,False,0.25,0.7843282008015188,0.7422155688622755,0.6767676767676768,1.0,3340,0,777,2479,0.6765550815785177,0.5436970503165084,0.5005886268615616,19b1261d47349ff3ba40815c20099ee139bb993bf4070bf1481d20b1b9e366c6,af9225b59e90be2687e56f51cb40ef7f8b4076f7e9e110db35e490cb18e65958,raw_light_geom_gate_0p200,,,0.2
raw_light_geom_gate_0p200,light_geometry_gate,False,0.3,0.7824235807860261,0.7686615186615187,0.6521976521976522,1.0,3108,0,650,2389,0.6765550815785177,0.5436970503165084,0.5005886268615616,19b1261d47349ff3ba40815c20099ee139bb993bf4070bf1481d20b1b9e366c6,a690c5a05bd117a39fe055472d9c25ec604962605b1f765c4b22521edeb9414a,raw_light_geom_gate_0p200,,,0.2
raw_light_geom_gate_0p200,light_geometry_gate,False,0.35,0.7773142406133724,0.7902338376891335,0.6273546273546273,1.0,2908,0,545,2298,0.6765550815785177,0.5436970503165084,0.5005886268615616,19b1261d47349ff3ba40815c20099ee139bb993bf4070bf1481d20b1b9e366c6,26c4e7db4c7bb261e9b0cb4fd5d230cf0fb31f688cf0a7dc00f3c56e482c9cf9,raw_light_geom_gate_0p200,,,0.2
raw_light_geom_gate_0p200,light_geometry_gate,False,0.4,0.770979020979021,0.8130530973451328,0.601965601965602,1.0,2712,0,455,2205,0.6765550815785177,0.5436970503165084,0.5005886268615616,19b1261d47349ff3ba40815c20099ee139bb993bf4070bf1481d20b1b9e366c6,32c052b5b3544258e3e7776764b6ab9732ad7ffb33d1f20eab651e844358c640,raw_light_geom_gate_0p200,,,0.2
raw_light_geom_gate_0p200,light_geometry_gate,False,0.4418861767464538,0.7632368831792531,0.8319591676482135,0.5784875784875785,1.0,2547,0,382,2119,0.6765550815785177,0.5436970503165084,0.5005886268615616,19b1261d47349ff3ba40815c20099ee139bb993bf4070bf1481d20b1b9e366c6,7dd0f43453c0e172001554c60127bb3b0f9d3f2c3e98ada759ee62a17a35a6df,raw_light_geom_gate_0p200,,,0.2
raw_light_geom_gate_0p200,light_geometry_gate,False,0.5,0.7519640852974186,0.8567774936061381,0.5487305487305487,1.0,2346,0,297,2010,0.6765550815785177,0.5436970503165084,0.5005886268615616,19b1261d47349ff3ba40815c20099ee139bb993bf4070bf1481d20b1b9e366c6,31d8bb463cb454c756c8eda3fd4232d03e6e833309fc49ecb23ccc84480ba943,raw_light_geom_gate_0p200,,,0.2
raw_light_geom_gate_0p200,light_geometry_gate,False,0.6,0.7149419075925426,0.8931645569620253,0.48157248157248156,1.0,1975,0,185,1764,0.6765550815785177,0.5436970503165084,0.5005886268615616,19b1261d47349ff3ba40815c20099ee139bb993bf4070bf1481d20b1b9e366c6,3b12504956d8cf6bdff820dd6b94c765f5c23e283755c4d42d67e7e413ed041f,raw_light_geom_gate_0p200,,,0.2
raw_light_geom_gate_0p200,light_geometry_gate,False,0.7,0.6649507280482424,0.9251074278698588,0.4114114114114114,1.0,1629,0,102,1507,0.6765550815785177,0.5436970503165084,0.5005886268615616,19b1261d47349ff3ba40815c20099ee139bb993bf4070bf1481d20b1b9e366c6,7960e8275be6e37655515ad21a2c481d17367ae9091587c9ab5e0976217aec2e,raw_light_geom_gate_0p200,,,0.2
raw_light_geom_gate_0p200,light_geometry_gate,False,0.7886840356491932,0.593663688058489,0.9560439560439561,0.3325143325143325,1.0,1274,0,50,1218,0.6765550815785177,0.5436970503165084,0.5005886268615616,19b1261d47349ff3ba40815c20099ee139bb993bf4070bf1481d20b1b9e366c6,3e89f76b923f7901c02f2974d7e7bcf775badccf0329b442a926c049d556f2b4,raw_light_geom_gate_0p200,,,0.2
raw_light_geom_gate_0p200,light_geometry_gate,False,0.8,0.5784508440913605,0.9596375617792422,0.31804531804531805,1.0,1214,0,43,1165,0.6765550815785177,0.5436970503165084,0.5005886268615616,19b1261d47349ff3ba40815c20099ee139bb993bf4070bf1481d20b1b9e366c6,3e5e1d6c7053cc9a3fac8e1c9c7f5862fb2451657ab7cd1fef1c39275a7efb2e,raw_light_geom_gate_0p200,,,0.2
raw_light_geom_gate_0p200,light_geometry_gate,False,0.9,0.3630179344465059,0.9767054908485857,0.16025116025116026,1.0,601,0,13,587,0.6765550815785177,0.5436970503165084,0.5005886268615616,19b1261d47349ff3ba40815c20099ee139bb993bf4070bf1481d20b1b9e366c6,e565e33ace0a494ea0df388a09fe1cfb1fc630a2c53d8e9f4026e1f57601b5f0,raw_light_geom_gate_0p200,,,0.2
raw_light_geom_gate_0p200,light_geometry_gate,False,0.9787762727561551,0.0008185538881309687,1.0,0.000273000273000273,1.0,1,0,0,1,0.6765550815785177,0.5436970503165084,0.5005886268615616,19b1261d47349ff3ba40815c20099ee139bb993bf4070bf1481d20b1b9e366c6,f1ed4573e9c53fe133c326f57c9caa4a3bcfe4aa71756e706ffd5bfff931befb,raw_light_geom_gate_0p200,,,0.2
