score_col,mode_family,ap_rank_preserving_by_design,threshold,cal_balanced,cal_precision,cal_recall,cal_unknown_reject,cal_num_accepted,cal_unknown_false_accept,cal_background_false_accepts,cal_tp_known,cal_AP50,cal_AP75,cal_AP,stream_hash,acceptance_mask_hash,canonical_stream,alpha,gamma,beta
raw_score,raw,True,0.00227937172167,0.33879745190175503,0.15691687015606753,0.8322072072072072,0.78099173553719,9419,424,7138,1478,0.7179887094596571,0.5614793519608735,0.5211238607784312,7dae77c152ce39a612eecb422e1073ce7503460842443f2e915a7ce9c326ff98,0d561edfee8584ce9e37120683aea7a722a1c3dd2e6e761c67bd5bd3d5630e02,raw_score,,,
raw_score,raw,True,0.0071407090872526,0.4470073293858594,0.2318471337579618,0.8198198198198198,0.8486570247933884,6280,293,4304,1456,0.7179887094596571,0.5614793519608735,0.5211238607784312,7dae77c152ce39a612eecb422e1073ce7503460842443f2e915a7ce9c326ff98,83489cc8d30a195bdd513f595c096c8e4a8273a4f8c21958db59c9e350b45370,raw_score,,,
raw_score,raw,True,0.029434863105416247,0.5970547003204865,0.37314225053078554,0.7916666666666666,0.9245867768595042,3768,146,2108,1406,0.7179887094596571,0.5614793519608735,0.5211238607784312,7dae77c152ce39a612eecb422e1073ce7503460842443f2e915a7ce9c326ff98,d3b3aa199a8bd7e26e4dc73c8bd2724ec5c6f2787ac48f03d6ef9be27062fbee,raw_score,,,
raw_score,raw,True,0.05,0.6560639288186731,0.45069033530571995,0.7719594594594594,0.9447314049586777,3042,107,1480,1371,0.7179887094596571,0.5614793519608735,0.5211238607784312,7dae77c152ce39a612eecb422e1073ce7503460842443f2e915a7ce9c326ff98,b7e9fe748c1ae3d709422a1844609dd9c7b760a18c32fcfe5b798f183d3a0836,raw_score,,,
raw_score,raw,True,0.08260721117258091,0.7019665536778175,0.5286624203821656,0.7477477477477478,0.9571280991735537,2512,83,1036,1328,0.7179887094596571,0.5614793519608735,0.5211238607784312,7dae77c152ce39a612eecb422e1073ce7503460842443f2e915a7ce9c326ff98,655bf19a4a34d22ba23d3d0d7454ffdf09802fd8364559f9355d7f198f402e67,raw_score,,,
raw_score,raw,True,0.1,0.7186229891283352,0.5614035087719298,0.7387387387387387,0.9617768595041323,2337,74,893,1312,0.7179887094596571,0.5614793519608735,0.5211238607784312,7dae77c152ce39a612eecb422e1073ce7503460842443f2e915a7ce9c326ff98,d566e0486bdbf9d70341c9c403e2525f2836c13fb827eef8791a30ef228ea35e,raw_score,,,
raw_score,raw,True,0.15,0.7482735227781546,0.6298861949529936,0.7167792792792793,0.9741735537190083,2021,50,654,1273,0.7179887094596571,0.5614793519608735,0.5211238607784312,7dae77c152ce39a612eecb422e1073ce7503460842443f2e915a7ce9c326ff98,eb6ab9bc80b5f303622bc064bf98a11132e371881e30f22ca7f325c02fb5026c,raw_score,,,
raw_score,raw,True,0.2,0.7621417223414996,0.6780219780219781,0.6948198198198198,0.9783057851239669,1820,42,508,1234,0.7179887094596571,0.5614793519608735,0.5211238607784312,7dae77c152ce39a612eecb422e1073ce7503460842443f2e915a7ce9c326ff98,23b4a413e1c6c44e52339f991f0c639ee61a6f78d2461c8084d96b80cf7b0c7d,raw_score,,,
raw_score,raw,True,0.25,0.7717592397502626,0.7236363636363636,0.6722972972972973,0.9824380165289256,1650,34,390,1194,0.7179887094596571,0.5614793519608735,0.5211238607784312,7dae77c152ce39a612eecb422e1073ce7503460842443f2e915a7ce9c326ff98,5588c289359f778e4732490d75c421813dbc3ca900d2dd1ff8f6a976be56d0eb,raw_score,,,
raw_score,raw,True,0.3,0.7751980635085456,0.7542262678803641,0.6531531531531531,0.9870867768595041,1538,25,327,1160,0.7179887094596571,0.5614793519608735,0.5211238607784312,7dae77c152ce39a612eecb422e1073ce7503460842443f2e915a7ce9c326ff98,7d1c43a41d3785de383988a3368ce92ace2612e8afed92ee710d65c486d1e517,raw_score,,,
raw_score,raw,True,0.35,0.774281550060981,0.7793199167244969,0.6323198198198198,0.9901859504132231,1441,19,276,1123,0.7179887094596571,0.5614793519608735,0.5211238607784312,7dae77c152ce39a612eecb422e1073ce7503460842443f2e915a7ce9c326ff98,c72e085b16dee125763e491064cdbcb255266d244286111d39ee2ddc8dbf3061,raw_score,,,
raw_score,raw,True,0.4,0.7727150770978993,0.8053293856402665,0.6126126126126126,0.9917355371900827,1351,16,229,1088,0.7179887094596571,0.5614793519608735,0.5211238607784312,7dae77c152ce39a612eecb422e1073ce7503460842443f2e915a7ce9c326ff98,fcbeb5ab7effd845d91c3e5aa191e4024c253fa12f95c3904700fcb06ee89c89,raw_score,,,
raw_score,raw,True,0.4531261682510378,0.763753659595015,0.8256369426751592,0.5838963963963963,0.9958677685950413,1256,8,193,1037,0.7179887094596571,0.5614793519608735,0.5211238607784312,7dae77c152ce39a612eecb422e1073ce7503460842443f2e915a7ce9c326ff98,9cb15bfbe4291aedca4cd793a3720ea35216e7ea6fa9d57b3b9efd91910beee2,raw_score,,,
raw_score,raw,True,0.5,0.7535996509429389,0.8467465753424658,0.5568693693693694,0.9958677685950413,1168,8,155,989,0.7179887094596571,0.5614793519608735,0.5211238607784312,7dae77c152ce39a612eecb422e1073ce7503460842443f2e915a7ce9c326ff98,865fe46873c4c55dc910e920ecfd250d7a65446d3d5f8b7c2f5aabc01c2a96e7,raw_score,,,
raw_score,raw,True,0.6,0.7229177644695223,0.8929663608562691,0.49324324324324326,0.9974173553719008,981,5,90,876,0.7179887094596571,0.5614793519608735,0.5211238607784312,7dae77c152ce39a612eecb422e1073ce7503460842443f2e915a7ce9c326ff98,8899f516b53ceb554f1620e722597c9f190ed3c7654212f65e55b0bc3d4d9601,raw_score,,,
raw_score,raw,True,0.7,0.6726943942133815,0.9323308270676691,0.4189189189189189,1.0,798,0,49,744,0.7179887094596571,0.5614793519608735,0.5211238607784312,7dae77c152ce39a612eecb422e1073ce7503460842443f2e915a7ce9c326ff98,e2d3bedebb87437128ccce51199624fab6b175530ca6cb12139e16233e1e7b18,raw_score,,,
raw_score,raw,True,0.785727035999298,0.6,0.9570063694267515,0.3384009009009009,1.0,628,0,23,601,0.7179887094596571,0.5614793519608735,0.5211238607784312,7dae77c152ce39a612eecb422e1073ce7503460842443f2e915a7ce9c326ff98,1b3032ecb6a52954ae2674a0ff722c515d38a63784dd44f1866f5357a3294f5c,raw_score,,,
raw_score,raw,True,0.8,0.5828513099693773,0.964527027027027,0.32150900900900903,1.0,592,0,18,571,0.7179887094596571,0.5614793519608735,0.5211238607784312,7dae77c152ce39a612eecb422e1073ce7503460842443f2e915a7ce9c326ff98,e1112c85acb405efd7a85aeffc7de06b9c8d01d94ca4e51bab2f1aeb90787f13,raw_score,,,
raw_score,raw,True,0.9,0.37326022775200335,0.9833333333333333,0.1661036036036036,1.0,300,0,5,295,0.7179887094596571,0.5614793519608735,0.5211238607784312,7dae77c152ce39a612eecb422e1073ce7503460842443f2e915a7ce9c326ff98,9a1ee401d9f69275d1a560e3e2d6d7ee879911d9d34204657dcea48432a03e0f,raw_score,,,
raw_score,raw,True,0.9802049994468688,0.001687289088863892,1.0,0.0005630630630630631,1.0,1,0,0,1,0.7179887094596571,0.5614793519608735,0.5211238607784312,7dae77c152ce39a612eecb422e1073ce7503460842443f2e915a7ce9c326ff98,b074905080870fe5a63e1f2d23e9f2b3785055549f6db11a708d362599796897,raw_score,,,
geometry_risk_score,geometry,False,0.024892583774911353,0.33854796650817404,0.1563860282407899,0.8293918918918919,0.7928719008264463,9419,401,7254,1473,0.7179887094596571,0.5614793519608735,0.5211238607784312,72a905d890f5aecdecba0dc3ba1a131af2c859dd3f13ee1537986a7d09b892bc,cf9f148375e9c4253f2f23a8e7208423c360e5f6d74a11322d199b2b72423c8e,geometry_risk_score,,,
geometry_risk_score,geometry,False,0.05,0.4013901341968566,0.19717171717171716,0.8243243243243243,0.8409090909090909,7425,308,5438,1464,0.7179887094596571,0.5614793519608735,0.5211238607784312,72a905d890f5aecdecba0dc3ba1a131af2c859dd3f13ee1537986a7d09b892bc,6836f01f26c99e3c3707a4635b5bc3f127f45ece7aa754a5c4927e9489c8d6ad,geometry_risk_score,,,
geometry_risk_score,geometry,False,0.07137535927797665,0.4485527218572209,0.23152866242038217,0.8186936936936937,0.8713842975206612,6280,249,4404,1454,0.7179887094596571,0.5614793519608735,0.5211238607784312,72a905d890f5aecdecba0dc3ba1a131af2c859dd3f13ee1537986a7d09b892bc,984396623c3d1c6bfe7516729fe946bae17522b726d12c22b4a872231d3a3d47,geometry_risk_score,,,
geometry_risk_score,geometry,False,0.1,0.4940929976451599,0.26751710112775007,0.8147522522522522,0.9039256198347108,5409,186,3627,1447,0.7179887094596571,0.5614793519608735,0.5211238607784312,72a905d890f5aecdecba0dc3ba1a131af2c859dd3f13ee1537986a7d09b892bc,a03a89b61b166f1eaa99ea3abe3ae7ffe7576130ef90ad7353124852da0b3e06,geometry_risk_score,,,
geometry_risk_score,geometry,False,0.15,0.5500365537463959,0.31872775800711745,0.8068693693693694,0.928202479338843,4496,139,2806,1433,0.7179887094596571,0.5614793519608735,0.5211238607784312,72a905d890f5aecdecba0dc3ba1a131af2c859dd3f13ee1537986a7d09b892bc,0ea7ca0fe25adcb822b31c3bfc43130cfaeb5f3367e1062aa2970686268b0c16,geometry_risk_score,,,
geometry_risk_score,geometry,False,0.2,0.5839098979811596,0.3555724033358605,0.7922297297297297,0.940599173553719,3957,115,2342,1407,0.7179887094596571,0.5614793519608735,0.5211238607784312,72a905d890f5aecdecba0dc3ba1a131af2c859dd3f13ee1537986a7d09b892bc,afc0e596e922b13e315f49bd9fab8fe434f8e11652e732e7a2821e985eef1e64,geometry_risk_score,,,
geometry_risk_score,geometry,False,0.22145253399179946,0.59873750662451,0.37208067940552014,0.7894144144144144,0.946797520661157,3768,103,2176,1402,0.7179887094596571,0.5614793519608735,0.5211238607784312,72a905d890f5aecdecba0dc3ba1a131af2c859dd3f13ee1537986a7d09b892bc,688e31e918ba28817c0c40dc4aadb9f4a803e6ff7c115292a494e29211854405,geometry_risk_score,,,
geometry_risk_score,geometry,False,0.25,0.6182427823115609,0.3948631103584533,0.7877252252252253,0.9519628099173554,3543,93,1969,1399,0.7179887094596571,0.5614793519608735,0.5211238607784312,72a905d890f5aecdecba0dc3ba1a131af2c859dd3f13ee1537986a7d09b892bc,8264c139755013dc5dee129da7ed3e3bedde8027099d5c34aca2c647efb35881,geometry_risk_score,,,
geometry_risk_score,geometry,False,0.3,0.6439253873451335,0.4290152221186704,0.7775900900900901,0.9597107438016529,3219,78,1690,1381,0.7179887094596571,0.5614793519608735,0.5211238607784312,72a905d890f5aecdecba0dc3ba1a131af2c859dd3f13ee1537986a7d09b892bc,a7aa9bb365002f4af3255c7bb262c2dfb62cc014de0f9ac044f4f256618ff584,geometry_risk_score,,,
geometry_risk_score,geometry,False,0.35,0.6679873587360277,0.46487039563437926,0.767454954954955,0.9643595041322314,2932,69,1434,1363,0.7179887094596571,0.5614793519608735,0.5211238607784312,72a905d890f5aecdecba0dc3ba1a131af2c859dd3f13ee1537986a7d09b892bc,880844ace9bb6a1904b2ea2f46c4baf17e1e70fed85dadd233f0eb0cad922609,geometry_risk_score,,,
geometry_risk_score,geometry,False,0.4,0.6868794186320741,0.4966789667896679,0.7578828828828829,0.9664256198347108,2710,65,1238,1346,0.7179887094596571,0.5614793519608735,0.5211238607784312,72a905d890f5aecdecba0dc3ba1a131af2c859dd3f13ee1537986a7d09b892bc,0dd957906b35671731e3f7f4cb123833212449effd15a7bf0172fb71b56f3b94,geometry_risk_score,,,
geometry_risk_score,geometry,False,0.4502301985111525,0.7064489357767545,0.5306528662420382,0.7505630630630631,0.9710743801652892,2512,56,1066,1333,0.7179887094596571,0.5614793519608735,0.5211238607784312,72a905d890f5aecdecba0dc3ba1a131af2c859dd3f13ee1537986a7d09b892bc,99ccfe994a0d72cd3aca62ba100a35bcce6ef1cab348dff66d61129dd15ae861,geometry_risk_score,,,
geometry_risk_score,geometry,False,0.5,0.7202097661035741,0.5601535836177475,0.7393018018018018,0.9731404958677686,2344,52,926,1313,0.7179887094596571,0.5614793519608735,0.5211238607784312,72a905d890f5aecdecba0dc3ba1a131af2c859dd3f13ee1537986a7d09b892bc,6f5387c31ce61431493f96d2bc0951006e55d71b0a2b7fe3044cb6cccfa53e62,geometry_risk_score,,,
geometry_risk_score,geometry,False,0.6,0.7402397755900588,0.6104456157163393,0.7173423423423423,0.9798553719008265,2087,39,731,1274,0.7179887094596571,0.5614793519608735,0.5211238607784312,72a905d890f5aecdecba0dc3ba1a131af2c859dd3f13ee1537986a7d09b892bc,f52a285f3ec07c43e5c8a25f09acc75eda63256cb446066b2e43b02893400877,geometry_risk_score,,,
geometry_risk_score,geometry,False,0.7,0.7603244279176387,0.6690102758247701,0.696509009009009,0.9850206611570248,1849,29,546,1237,0.7179887094596571,0.5614793519608735,0.5211238607784312,72a905d890f5aecdecba0dc3ba1a131af2c859dd3f13ee1537986a7d09b892bc,618b410fc175c4fe52490667af0c3b535e9d16f89df758d9736d0d18563b00b1,geometry_risk_score,,,
geometry_risk_score,geometry,False,0.8,0.7773463914236003,0.7476160203432931,0.6621621621621622,0.9886363636363636,1573,22,348,1176,0.7179887094596571,0.5614793519608735,0.5211238607784312,72a905d890f5aecdecba0dc3ba1a131af2c859dd3f13ee1537986a7d09b892bc,0efcb8d8cb444c54b923be4ed422e6d3845188d4d715146ca0d10e4f771a81df,geometry_risk_score,,,
geometry_risk_score,geometry,False,0.9,0.7743901538818785,0.8267594740912606,0.6019144144144144,0.996900826446281,1293,6,200,1069,0.7179887094596571,0.5614793519608735,0.5211238607784312,72a905d890f5aecdecba0dc3ba1a131af2c859dd3f13ee1537986a7d09b892bc,c7db7649916b5dc08e0f6df755845886924dbabbb040e16f2b898a2060759cd0,geometry_risk_score,,,
geometry_risk_score,geometry,False,0.9089628704958508,0.7688817410486674,0.8328025477707006,0.588963963963964,0.996900826446281,1256,6,187,1046,0.7179887094596571,0.5614793519608735,0.5211238607784312,72a905d890f5aecdecba0dc3ba1a131af2c859dd3f13ee1537986a7d09b892bc,16c3cc045b092122bfb498ccde85ae477ac0bb83824c75da7308d5c85e0841fd,geometry_risk_score,,,
geometry_risk_score,geometry,False,0.982104592753805,0.5968010663112296,0.9506369426751592,0.33614864864864863,1.0,628,0,27,597,0.7179887094596571,0.5614793519608735,0.5211238607784312,72a905d890f5aecdecba0dc3ba1a131af2c859dd3f13ee1537986a7d09b892bc,5fdaeb67c76e562e52316dec05fbf6e2cf0c1a1d56463e518d6f7e9a104a723b,geometry_risk_score,,,
geometry_risk_score,geometry,False,0.9997773474307665,0.001687289088863892,1.0,0.0005630630630630631,1.0,1,0,0,1,0.7179887094596571,0.5614793519608735,0.5211238607784312,72a905d890f5aecdecba0dc3ba1a131af2c859dd3f13ee1537986a7d09b892bc,b074905080870fe5a63e1f2d23e9f2b3785055549f6db11a708d362599796897,geometry_risk_score,,,
geometry_alpha_0p050,alpha_blend,False,0.003722717479104719,0.33840211470149795,0.15659836500690094,0.8305180180180181,0.7840909090909091,9419,418,7168,1475,0.7179887094596571,0.5614793519608735,0.5211238607784312,dde3e6cd550210b40208a1b8e7c608c6efecad17f02da8434a117ff222df5613,3e45007100166a73e7fd7935935f284d84b9f038b576554a6d7b6fa66be144cc,geometry_alpha_0p050,0.05,,
geometry_alpha_0p050,alpha_blend,False,0.01047230646758112,0.4476090787522936,0.2321656050955414,0.8209459459459459,0.8496900826446281,6280,291,4314,1458,0.7179887094596571,0.5614793519608735,0.5211238607784312,dde3e6cd550210b40208a1b8e7c608c6efecad17f02da8434a117ff222df5613,c9fd3a6e26128420f976c87d935951c281cded1a2baae52d2575d9a3316bfd97,geometry_alpha_0p050,0.05,,
geometry_alpha_0p050,alpha_blend,False,0.038696675105376284,0.5982459038054968,0.3734076433121019,0.7922297297297297,0.9307851239669421,3768,134,2120,1407,0.7179887094596571,0.5614793519608735,0.5211238607784312,dde3e6cd550210b40208a1b8e7c608c6efecad17f02da8434a117ff222df5613,3752c8c870a092216df8764e2854a827409c9954b4d391f24fe51fa54e1cf152,geometry_alpha_0p050,0.05,,
geometry_alpha_0p050,alpha_blend,False,0.05,0.6267046976317359,0.4093187850191684,0.7815315315315315,0.9395661157024794,3391,117,1793,1388,0.7179887094596571,0.5614793519608735,0.5211238607784312,dde3e6cd550210b40208a1b8e7c608c6efecad17f02da8434a117ff222df5613,d992a357161bf302c378657587200f8d54a1a446445e4fe27a0e79727f09b2bb,geometry_alpha_0p050,0.05,,
geometry_alpha_0p050,alpha_blend,False,0.1,0.7029192623934246,0.5292479108635098,0.7488738738738738,0.9586776859504132,2513,80,1038,1330,0.7179887094596571,0.5614793519608735,0.5211238607784312,dde3e6cd550210b40208a1b8e7c608c6efecad17f02da8434a117ff222df5613,4ef3408275ec8d11bbc4215cd7fe37911088d562a48cb3632e48c577f0edf439,geometry_alpha_0p050,0.05,,
geometry_alpha_0p050,alpha_blend,False,0.10014122116744328,0.7030431176690393,0.5294585987261147,0.7488738738738738,0.9586776859504132,2512,80,1037,1330,0.7179887094596571,0.5614793519608735,0.5211238607784312,dde3e6cd550210b40208a1b8e7c608c6efecad17f02da8434a117ff222df5613,13f4e0f77144dd74c6abf17c5a3fd9bb2266a4601eb872229f588b5160fe1cbe,geometry_alpha_0p050,0.05,,
geometry_alpha_0p050,alpha_blend,False,0.15,0.7366856361604185,0.6016830294530154,0.7246621621621622,0.9705578512396694,2139,57,749,1287,0.7179887094596571,0.5614793519608735,0.5211238607784312,dde3e6cd550210b40208a1b8e7c608c6efecad17f02da8434a117ff222df5613,28cffbbb8227167d2aedb19c7853263fc27132208c779633e4b8ba2016940649,geometry_alpha_0p050,0.05,,
geometry_alpha_0p050,alpha_blend,False,0.2,0.7543859649122807,0.653906659674882,0.7021396396396397,0.9772727272727273,1907,44,578,1247,0.7179887094596571,0.5614793519608735,0.5211238607784312,dde3e6cd550210b40208a1b8e7c608c6efecad17f02da8434a117ff222df5613,928fce1830028f71951e3b8b7ce43cb0e84a6c267a848a619a5ed3cabe89f6b9,geometry_alpha_0p050,0.05,,
geometry_alpha_0p050,alpha_blend,False,0.25,0.765454954870012,0.6978085351787774,0.6813063063063063,0.9819214876033058,1734,35,453,1210,0.7179887094596571,0.5614793519608735,0.5211238607784312,dde3e6cd550210b40208a1b8e7c608c6efecad17f02da8434a117ff222df5613,7a965a6a7824499fb644cdfc9e390a2f22d241fda06c11d049670ec6f2c3c174,geometry_alpha_0p050,0.05,,
geometry_alpha_0p050,alpha_blend,False,0.3,0.7755678859264167,0.742749054224464,0.6632882882882883,0.9860537190082644,1586,27,353,1178,0.7179887094596571,0.5614793519608735,0.5211238607784312,dde3e6cd550210b40208a1b8e7c608c6efecad17f02da8434a117ff222df5613,7167b1d5f4570b955c6e7fe205994fd60e67fa96c3a410289f5addbbaaff5354,geometry_alpha_0p050,0.05,,
geometry_alpha_0p050,alpha_blend,False,0.35,0.775302445405811,0.7669576897246474,0.6430180180180181,0.9896694214876033,1489,20,302,1142,0.7179887094596571,0.5614793519608735,0.5211238607784312,dde3e6cd550210b40208a1b8e7c608c6efecad17f02da8434a117ff222df5613,337f50ee4bde036b7dcf1b7376c4c5fcc17e8d5e3e6d95d4afeea4043bf858c8,geometry_alpha_0p050,0.05,,
geometry_alpha_0p050,alpha_blend,False,0.4,0.7746269440022393,0.7935483870967742,0.6233108108108109,0.9917355371900827,1395,16,253,1107,0.7179887094596571,0.5614793519608735,0.5211238607784312,dde3e6cd550210b40208a1b8e7c608c6efecad17f02da8434a117ff222df5613,34e98403e47bc8b354881dcfb98731e9176b0ff51cfb17cfb5afc9412b8ff9f9,geometry_alpha_0p050,0.05,,
geometry_alpha_0p050,alpha_blend,False,0.4754840070394772,0.7648495647304383,0.8272292993630573,0.5850225225225225,0.9958677685950413,1256,8,191,1039,0.7179887094596571,0.5614793519608735,0.5211238607784312,dde3e6cd550210b40208a1b8e7c608c6efecad17f02da8434a117ff222df5613,1f428fc0f3725da786f3a3c715516653387608caf24fc7ea2b6ea0d17f844bf2,geometry_alpha_0p050,0.05,,
geometry_alpha_0p050,alpha_blend,False,0.5,0.7587820920064278,0.8383084577114428,0.5692567567567568,0.9958677685950413,1206,8,170,1011,0.7179887094596571,0.5614793519608735,0.5211238607784312,dde3e6cd550210b40208a1b8e7c608c6efecad17f02da8434a117ff222df5613,48eafbb4aa1d325cd7c3ab0e54b4744b0b2f2ae65e7d4ab75fce930e26b427b9,geometry_alpha_0p050,0.05,,
geometry_alpha_0p050,alpha_blend,False,0.6,0.7299957897185687,0.887240356083086,0.5050675675675675,0.9974173553719008,1011,5,98,897,0.7179887094596571,0.5614793519608735,0.5211238607784312,dde3e6cd550210b40208a1b8e7c608c6efecad17f02da8434a117ff222df5613,11966be93e5c8c5b868bfe8edbdc1dc0d7f0aaa3b29310c3a6b52a88d6493ade,geometry_alpha_0p050,0.05,,
geometry_alpha_0p050,alpha_blend,False,0.7,0.6827893175074183,0.9274486094316807,0.43186936936936937,1.0,827,0,53,767,0.7179887094596571,0.5614793519608735,0.5211238607784312,dde3e6cd550210b40208a1b8e7c608c6efecad17f02da8434a117ff222df5613,8d10e9f18a3c15bb7267ac0c4a7ab006000d433a6e06c9d41ee0132fd9efcdaf,geometry_alpha_0p050,0.05,,
geometry_alpha_0p050,alpha_blend,False,0.7955363285663991,0.6007984031936128,0.9585987261146497,0.33896396396396394,1.0,628,0,23,602,0.7179887094596571,0.5614793519608735,0.5211238607784312,dde3e6cd550210b40208a1b8e7c608c6efecad17f02da8434a117ff222df5613,543894f05991a344d67ea2445ba4e6f3ef17dc6910fdbe507d87fd4ab876d901,geometry_alpha_0p050,0.05,,
geometry_alpha_0p050,alpha_blend,False,0.8,0.5949748743718593,0.9594813614262561,0.3333333333333333,1.0,617,0,22,592,0.7179887094596571,0.5614793519608735,0.5211238607784312,dde3e6cd550210b40208a1b8e7c608c6efecad17f02da8434a117ff222df5613,5216144c2eafd61f9c87f90931cafd40e1f1c1c4266f6150352c5047c5e458c6,geometry_alpha_0p050,0.05,,
geometry_alpha_0p050,alpha_blend,False,0.9,0.3882646691635455,0.9841772151898734,0.1751126126126126,1.0,316,0,5,311,0.7179887094596571,0.5614793519608735,0.5211238607784312,dde3e6cd550210b40208a1b8e7c608c6efecad17f02da8434a117ff222df5613,e14eddbab775423672bff1b4998cd9ef2dd7b296ee88d77afc4a2301366372a9,geometry_alpha_0p050,0.05,,
geometry_alpha_0p050,alpha_blend,False,0.9811836168460636,0.001687289088863892,1.0,0.0005630630630630631,1.0,1,0,0,1,0.7179887094596571,0.5614793519608735,0.5211238607784312,dde3e6cd550210b40208a1b8e7c608c6efecad17f02da8434a117ff222df5613,b074905080870fe5a63e1f2d23e9f2b3785055549f6db11a708d362599796897,geometry_alpha_0p050,0.05,,
geometry_alpha_0p100,alpha_blend,False,0.005079532527253261,0.33833352084162166,0.15649219662384542,0.829954954954955,0.7861570247933884,9419,414,7190,1474,0.7179887094596571,0.5614793519608735,0.5211238607784312,6bdd2f2f272f83c07a491e39f74e25f7f33f31abf5d93262adb985f8036ae57b,372196e409e50237081dae9a4aa4b3d958ce82d2251548dcffec20a280af4ecb,geometry_alpha_0p100,0.1,,
geometry_alpha_0p100,alpha_blend,False,0.013703249814073233,0.44734053593471773,0.2318471337579618,0.8198198198198198,0.8522727272727273,6280,286,4334,1456,0.7179887094596571,0.5614793519608735,0.5211238607784312,6bdd2f2f272f83c07a491e39f74e25f7f33f31abf5d93262adb985f8036ae57b,0adb7987affed12b6a9f0e12547205656e936c8ee62eabd51c0d858e8f3825f8,geometry_alpha_0p100,0.1,,
geometry_alpha_0p100,alpha_blend,False,0.04878786021986123,0.5984781591664774,0.37314225053078554,0.7916666666666666,0.9349173553719008,3768,126,2130,1406,0.7179887094596571,0.5614793519608735,0.5211238607784312,6bdd2f2f272f83c07a491e39f74e25f7f33f31abf5d93262adb985f8036ae57b,f2c818ab072e8cdf900248aaf5522aabdf2b994e1a52b00f5efd1a84fbf8d543,geometry_alpha_0p100,0.1,,
geometry_alpha_0p100,alpha_blend,False,0.05,0.6025943845479829,0.37755102040816324,0.7916666666666666,0.9375,3724,121,2097,1406,0.7179887094596571,0.5614793519608735,0.5211238607784312,6bdd2f2f272f83c07a491e39f74e25f7f33f31abf5d93262adb985f8036ae57b,ccf9134c060fad962b783fd775d5d7e370fb1f079a647e9b8307f85a8d46186c,geometry_alpha_0p100,0.1,,
geometry_alpha_0p100,alpha_blend,False,0.1,0.6855119235209173,0.4963235294117647,0.7601351351351351,0.956095041322314,2720,85,1212,1350,0.7179887094596571,0.5614793519608735,0.5211238607784312,6bdd2f2f272f83c07a491e39f74e25f7f33f31abf5d93262adb985f8036ae57b,42064f09c79179cd9c39efbbbce4ff8a640a2fa7e2d6896b301c492d23d77af6,geometry_alpha_0p100,0.1,,
geometry_alpha_0p100,alpha_blend,False,0.11747063151925688,0.7052887627932883,0.5310509554140127,0.7511261261261262,0.9622933884297521,2512,73,1042,1334,0.7179887094596571,0.5614793519608735,0.5211238607784312,6bdd2f2f272f83c07a491e39f74e25f7f33f31abf5d93262adb985f8036ae57b,65df49d41a213d605831ad1d2213f19294f7bb2dc5d15af2371ad8d3c48edb8e,geometry_alpha_0p100,0.1,,
geometry_alpha_0p100,alpha_blend,False,0.15,0.7254444957442558,0.573748902546093,0.7359234234234234,0.9674586776859504,2278,63,855,1307,0.7179887094596571,0.5614793519608735,0.5211238607784312,6bdd2f2f272f83c07a491e39f74e25f7f33f31abf5d93262adb985f8036ae57b,8b36c45e0ef5aa638604b28c642ee2b653977081b59856840d8d334b92002a6b,geometry_alpha_0p100,0.1,,
geometry_alpha_0p100,alpha_blend,False,0.2,0.749806271633001,0.6335992023928215,0.7156531531531531,0.9752066115702479,2006,48,645,1271,0.7179887094596571,0.5614793519608735,0.5211238607784312,6bdd2f2f272f83c07a491e39f74e25f7f33f31abf5d93262adb985f8036ae57b,2fb32e46b6123009c65f776e355ba5d5060439d08fd773dc881e0ab3e464af48,geometry_alpha_0p100,0.1,,
geometry_alpha_0p100,alpha_blend,False,0.25,0.7613973234800773,0.6759715380405036,0.6953828828828829,0.9777892561983471,1827,43,513,1235,0.7179887094596571,0.5614793519608735,0.5211238607784312,6bdd2f2f272f83c07a491e39f74e25f7f33f31abf5d93262adb985f8036ae57b,3d12a44059e10795623097d3560d59cdf5dd8e6643588ad67f5c0f547c6ea4ad,geometry_alpha_0p100,0.1,,
geometry_alpha_0p100,alpha_blend,False,0.3,0.7727818625453083,0.725121359223301,0.6728603603603603,0.9834710743801653,1648,32,388,1195,0.7179887094596571,0.5614793519608735,0.5211238607784312,6bdd2f2f272f83c07a491e39f74e25f7f33f31abf5d93262adb985f8036ae57b,46bc47d73cf8c0ae0c83ab62e202c76307d678ad33cc6a535bab876dec0bf704,geometry_alpha_0p100,0.1,,
geometry_alpha_0p100,alpha_blend,False,0.35,0.7760098953611654,0.7548764629388817,0.6537162162162162,0.9886363636363636,1538,22,327,1161,0.7179887094596571,0.5614793519608735,0.5211238607784312,6bdd2f2f272f83c07a491e39f74e25f7f33f31abf5d93262adb985f8036ae57b,7d316f35622e8e3de2614a7d8ca2dbb365fa1b3ac0f9e3788f1c4f90b55453ac,geometry_alpha_0p100,0.1,,
geometry_alpha_0p100,alpha_blend,False,0.4,0.7743867874895707,0.7793199167244969,0.6323198198198198,0.9907024793388429,1441,18,277,1123,0.7179887094596571,0.5614793519608735,0.5211238607784312,6bdd2f2f272f83c07a491e39f74e25f7f33f31abf5d93262adb985f8036ae57b,b7847b24be0c609b8aa82db9bf117e7997635fc8eb23d17eaeeb45ba95ac1489,geometry_alpha_0p100,0.1,,
geometry_alpha_0p100,alpha_blend,False,0.49753782710582756,0.7653971123543352,0.8280254777070064,0.5855855855855856,0.9958677685950413,1256,8,190,1040,0.7179887094596571,0.5614793519608735,0.5211238607784312,6bdd2f2f272f83c07a491e39f74e25f7f33f31abf5d93262adb985f8036ae57b,a12420a995e60cc5a613eef89818b88be0eb8b4a36ece6d3925d84777bc0742e,geometry_alpha_0p100,0.1,,
geometry_alpha_0p100,alpha_blend,False,0.5,0.7635944517065196,0.8273381294964028,0.5827702702702703,0.9958677685950413,1251,8,190,1035,0.7179887094596571,0.5614793519608735,0.5211238607784312,6bdd2f2f272f83c07a491e39f74e25f7f33f31abf5d93262adb985f8036ae57b,f6fd6b77cdfa879f8bd08820dfa8a37f019d66636f2bee5a01aa943395379244,geometry_alpha_0p100,0.1,,
geometry_alpha_0p100,alpha_blend,False,0.6,0.7381385483578042,0.8774928774928775,0.5202702702702703,0.9974173553719008,1053,5,110,924,0.7179887094596571,0.5614793519608735,0.5211238607784312,6bdd2f2f272f83c07a491e39f74e25f7f33f31abf5d93262adb985f8036ae57b,9c038bbf44672d1f667eb7232eb764ff4853babceaf005984838cdbdd9c0a6f8,geometry_alpha_0p100,0.1,,
geometry_alpha_0p100,alpha_blend,False,0.7,0.6895114212181039,0.9171528588098017,0.44256756756756754,0.9989669421487604,857,2,62,786,0.7179887094596571,0.5614793519608735,0.5211238607784312,6bdd2f2f272f83c07a491e39f74e25f7f33f31abf5d93262adb985f8036ae57b,01c3366fb36e9c09fd4d7c0de16a80fbb3ecac5ce3a7cf6ee03f2e8917bf5279,geometry_alpha_0p100,0.1,,
geometry_alpha_0p100,alpha_blend,False,0.8,0.6088962108731467,0.9580093312597201,0.34684684684684686,1.0,643,0,23,616,0.7179887094596571,0.5614793519608735,0.5211238607784312,6bdd2f2f272f83c07a491e39f74e25f7f33f31abf5d93262adb985f8036ae57b,620ae0c898f68e9dc64835b02e9e0908334c2a2018f8e2cd9c8d02c98e0e3857,geometry_alpha_0p100,0.1,,
geometry_alpha_0p100,alpha_blend,False,0.8050469900481028,0.6007984031936128,0.9585987261146497,0.33896396396396394,1.0,628,0,23,602,0.7179887094596571,0.5614793519608735,0.5211238607784312,6bdd2f2f272f83c07a491e39f74e25f7f33f31abf5d93262adb985f8036ae57b,f8bba7b210a0fb9ee6dcb676477ef479a909ab2b35028c878663cb6bd23ce12d,geometry_alpha_0p100,0.1,,
geometry_alpha_0p100,alpha_blend,False,0.9,0.4054054054054054,0.9821428571428571,0.1858108108108108,1.0,336,0,6,330,0.7179887094596571,0.5614793519608735,0.5211238607784312,6bdd2f2f272f83c07a491e39f74e25f7f33f31abf5d93262adb985f8036ae57b,03a71567e9710c1a35b3b5567017c7d4451916f2eeb7d20c7d7f2df8f4770a1f,geometry_alpha_0p100,0.1,,
geometry_alpha_0p100,alpha_blend,False,0.9821622342452586,0.001687289088863892,1.0,0.0005630630630630631,1.0,1,0,0,1,0.7179887094596571,0.5614793519608735,0.5211238607784312,6bdd2f2f272f83c07a491e39f74e25f7f33f31abf5d93262adb985f8036ae57b,b074905080870fe5a63e1f2d23e9f2b3785055549f6db11a708d362599796897,geometry_alpha_0p100,0.1,,
geometry_alpha_0p200,alpha_blend,False,0.007445327424586529,0.33879051240049807,0.15670453338995646,0.831081081081081,0.7871900826446281,9419,412,7205,1476,0.7179887094596571,0.5614793519608735,0.5211238607784312,a89985fe884f8ec9365c6311832714fa5747c877fb850e828a4eba9c2166e1a6,4c7e27ad645f67d1747d7766449f23a437b5f4108ff4ab8d2f9d4a3ae393e1ea,geometry_alpha_0p200,0.2,,
geometry_alpha_0p200,alpha_blend,False,0.02042906723185866,0.44737045366098566,0.23168789808917198,0.8192567567567568,0.8553719008264463,6280,280,4350,1455,0.7179887094596571,0.5614793519608735,0.5211238607784312,a89985fe884f8ec9365c6311832714fa5747c877fb850e828a4eba9c2166e1a6,b4b0f9a3c71ebd53cef3a280a34374ea6a76d91a06581db021553bd5149f8b2f,geometry_alpha_0p200,0.2,,
geometry_alpha_0p200,alpha_blend,False,0.05,0.5619308927022911,0.33216864663405543,0.8029279279279279,0.9235537190082644,4293,148,2603,1426,0.7179887094596571,0.5614793519608735,0.5211238607784312,a89985fe884f8ec9365c6311832714fa5747c877fb850e828a4eba9c2166e1a6,7e6be5e3f1e709d8bd3b5511985efd39b2c7d26d2ee77e48781e0087f4216f94,geometry_alpha_0p200,0.2,,
geometry_alpha_0p200,alpha_blend,False,0.06851463952239205,0.5993058746307843,0.3734076433121019,0.7922297297297297,0.9385330578512396,3768,119,2140,1407,0.7179887094596571,0.5614793519608735,0.5211238607784312,a89985fe884f8ec9365c6311832714fa5747c877fb850e828a4eba9c2166e1a6,c44cfb8728f2a33950ce6db247931f596ea7033db3312b1efe8e15faee706988,geometry_alpha_0p200,0.2,,
geometry_alpha_0p200,alpha_blend,False,0.1,0.6500342494107281,0.4397571108980505,0.7747747747747747,0.9519628099173554,3129,93,1578,1376,0.7179887094596571,0.5614793519608735,0.5211238607784312,a89985fe884f8ec9365c6311832714fa5747c877fb850e828a4eba9c2166e1a6,0999d1cf8200ac1d6370a7a463c384a2c10996920fd4dadbb9a5f5306ea9d1c4,geometry_alpha_0p200,0.2,,
geometry_alpha_0p200,alpha_blend,False,0.15,0.7022757555151721,0.524275646045419,0.7539414414414415,0.9633264462809917,2554,71,1079,1339,0.7179887094596571,0.5614793519608735,0.5211238607784312,a89985fe884f8ec9365c6311832714fa5747c877fb850e828a4eba9c2166e1a6,e3f35f4dffce92d26ba3798a74c54ed434653cccd2f268d106c8f5721c49919a,geometry_alpha_0p200,0.2,,
geometry_alpha_0p200,alpha_blend,False,0.15466290788068385,0.7060580027527191,0.5314490445859873,0.7516891891891891,0.9643595041322314,2512,69,1047,1335,0.7179887094596571,0.5614793519608735,0.5211238607784312,a89985fe884f8ec9365c6311832714fa5747c877fb850e828a4eba9c2166e1a6,8f14c4c53e5fd2b9fb65fb7fdd5e6d5d6a79fcea61b597688f076f989f754e8f,geometry_alpha_0p200,0.2,,
geometry_alpha_0p200,alpha_blend,False,0.2,0.7312165274324693,0.5851685393258427,0.7331081081081081,0.9710743801652892,2225,56,817,1302,0.7179887094596571,0.5614793519608735,0.5211238607784312,a89985fe884f8ec9365c6311832714fa5747c877fb850e828a4eba9c2166e1a6,57bcd57542502c4a6802120014cf00028b5aa2b37dc007063f0fb0d580653ea6,geometry_alpha_0p200,0.2,,
geometry_alpha_0p200,alpha_blend,False,0.25,0.7512423997286083,0.6369107321965898,0.7150900900900901,0.9757231404958677,1994,47,635,1270,0.7179887094596571,0.5614793519608735,0.5211238607784312,a89985fe884f8ec9365c6311832714fa5747c877fb850e828a4eba9c2166e1a6,a1c958fd9a1bc8871f2cea8e6631a420a21c46feebc357b6f6e10e16f4bed603,geometry_alpha_0p200,0.2,,
geometry_alpha_0p200,alpha_blend,False,0.3,0.7628458600847027,0.6776315789473685,0.6959459459459459,0.9803719008264463,1824,38,512,1236,0.7179887094596571,0.5614793519608735,0.5211238607784312,a89985fe884f8ec9365c6311832714fa5747c877fb850e828a4eba9c2166e1a6,5d1f987646a8db3ce678bdb224fb8e98b35f47cf758e3fd065975bef8346fa09,geometry_alpha_0p200,0.2,,
geometry_alpha_0p200,alpha_blend,False,0.35,0.7734717698154181,0.7257281553398058,0.6734234234234234,0.984504132231405,1648,30,389,1196,0.7179887094596571,0.5614793519608735,0.5211238607784312,a89985fe884f8ec9365c6311832714fa5747c877fb850e828a4eba9c2166e1a6,113a436991968160b89f461192af2c682e24d2d002ddae6dd8000ed4ff34fdc2,geometry_alpha_0p200,0.2,,
geometry_alpha_0p200,alpha_blend,False,0.4,0.7769556542093492,0.7565104166666666,0.6542792792792793,0.9891528925619835,1536,21,325,1162,0.7179887094596571,0.5614793519608735,0.5211238607784312,a89985fe884f8ec9365c6311832714fa5747c877fb850e828a4eba9c2166e1a6,d48321da990249865bb57405735d442aea8d474d0d55501d5a3c86afde4721f7,geometry_alpha_0p200,0.2,,
geometry_alpha_0p200,alpha_blend,False,0.5,0.7734415362923969,0.8086373790022338,0.6114864864864865,0.9932851239669421,1343,13,225,1086,0.7179887094596571,0.5614793519608735,0.5211238607784312,a89985fe884f8ec9365c6311832714fa5747c877fb850e828a4eba9c2166e1a6,e95e67a6b89321fa0392155075aba287e50683bacc55b4705f6fd74655ae3e5d,geometry_alpha_0p200,0.2,,
geometry_alpha_0p200,alpha_blend,False,0.5423643849472274,0.7653971123543352,0.8280254777070064,0.5855855855855856,0.9958677685950413,1256,8,190,1040,0.7179887094596571,0.5614793519608735,0.5211238607784312,a89985fe884f8ec9365c6311832714fa5747c877fb850e828a4eba9c2166e1a6,6cbdff4fd1b53882b462bbec3467f103b094692b3f8d983db38462d2262c1f0e,geometry_alpha_0p200,0.2,,
geometry_alpha_0p200,alpha_blend,False,0.6,0.7514399112756288,0.8581497797356828,0.5484234234234234,0.9963842975206612,1135,7,140,974,0.7179887094596571,0.5614793519608735,0.5211238607784312,a89985fe884f8ec9365c6311832714fa5747c877fb850e828a4eba9c2166e1a6,f25acb1028a41a2aa21042fb4e376701efd42ef26d241ae2f2bc3d236bcbf111,geometry_alpha_0p200,0.2,,
geometry_alpha_0p200,alpha_blend,False,0.7,0.7052727974704277,0.9095920617420066,0.46452702702702703,0.9984504132231405,907,3,72,825,0.7179887094596571,0.5614793519608735,0.5211238607784312,a89985fe884f8ec9365c6311832714fa5747c877fb850e828a4eba9c2166e1a6,6a9b398fe4ca894975e9f7b0c16ed70ed009394c50e12c9ac3843a546f633e68,geometry_alpha_0p200,0.2,,
geometry_alpha_0p200,alpha_blend,False,0.8,0.6260869565217391,0.9515418502202643,0.36486486486486486,1.0,681,0,28,648,0.7179887094596571,0.5614793519608735,0.5211238607784312,a89985fe884f8ec9365c6311832714fa5747c877fb850e828a4eba9c2166e1a6,0d079809cdf9c7c655bfa28dbbcf1b53c0630dfed5784488e6ee1b70ad8b08ec,geometry_alpha_0p200,0.2,,
geometry_alpha_0p200,alpha_blend,False,0.8245534157776372,0.6007984031936128,0.9585987261146497,0.33896396396396394,1.0,628,0,23,602,0.7179887094596571,0.5614793519608735,0.5211238607784312,a89985fe884f8ec9365c6311832714fa5747c877fb850e828a4eba9c2166e1a6,40cbd3d9577da83ff50e8bf6fb8ab3a853fff4c515649b9dc3ef3daeeb278979,geometry_alpha_0p200,0.2,,
geometry_alpha_0p200,alpha_blend,False,0.9,0.4365805168986084,0.9812332439678284,0.20608108108108109,1.0,373,0,7,366,0.7179887094596571,0.5614793519608735,0.5211238607784312,a89985fe884f8ec9365c6311832714fa5747c877fb850e828a4eba9c2166e1a6,4b15181d22aeabbc77defa02994872a75aab1d3026ed534b615862822cd972e5,geometry_alpha_0p200,0.2,,
geometry_alpha_0p200,alpha_blend,False,0.9841194690436483,0.001687289088863892,1.0,0.0005630630630630631,1.0,1,0,0,1,0.7179887094596571,0.5614793519608735,0.5211238607784312,a89985fe884f8ec9365c6311832714fa5747c877fb850e828a4eba9c2166e1a6,b074905080870fe5a63e1f2d23e9f2b3785055549f6db11a708d362599796897,geometry_alpha_0p200,0.2,,
geometry_alpha_0p400,alpha_blend,False,0.012025797533083242,0.33885422403351145,0.15670453338995646,0.831081081081081,0.7882231404958677,9419,410,7222,1476,0.7179887094596571,0.5614793519608735,0.5211238607784312,a45177080c74a6e56eb1bcb229fb2b3f76fd494ec878a56c6c94d7deaba61622,99b77b384d9c1d62502a45c8e1c0e958269b5ced376f0163fb14b55e3f5df3b8,geometry_alpha_0p400,0.4,,
geometry_alpha_0p400,alpha_blend,False,0.03317559514689293,0.44804814669543047,0.23152866242038217,0.8186936936936937,0.865702479338843,6280,260,4382,1454,0.7179887094596571,0.5614793519608735,0.5211238607784312,a45177080c74a6e56eb1bcb229fb2b3f76fd494ec878a56c6c94d7deaba61622,d70ac5d63d860d3b011b339f623425fa6f5ade5da0bcdcad45fe33c5e6966025,geometry_alpha_0p400,0.4,,
geometry_alpha_0p400,alpha_blend,False,0.05,0.5005019014747537,0.2740740740740741,0.8125,0.8972107438016529,5265,199,3473,1443,0.7179887094596571,0.5614793519608735,0.5211238607784312,a45177080c74a6e56eb1bcb229fb2b3f76fd494ec878a56c6c94d7deaba61622,f609f78e4ae1ff5f048b07e2e3cf53011399e1ba3e5fea25ea2c3b1ba9defd1b,geometry_alpha_0p400,0.4,,
geometry_alpha_0p400,alpha_blend,False,0.1,0.5903468407494933,0.36272235112142304,0.7922297297297297,0.9411157024793388,3879,114,2259,1407,0.7179887094596571,0.5614793519608735,0.5211238607784312,a45177080c74a6e56eb1bcb229fb2b3f76fd494ec878a56c6c94d7deaba61622,8c1efd8fab990bfaaef86f500adffa238823c0ddfa8f4a87a33adbeafdba8cac,geometry_alpha_0p400,0.4,,
geometry_alpha_0p400,alpha_blend,False,0.10698202611371146,0.6000049016404156,0.3734076433121019,0.7922297297297297,0.943698347107438,3768,109,2156,1407,0.7179887094596571,0.5614793519608735,0.5211238607784312,a45177080c74a6e56eb1bcb229fb2b3f76fd494ec878a56c6c94d7deaba61622,a894fc8fb4387e7a712114d027095279ca9fb4356ca150951f0aceadf70d0bab,geometry_alpha_0p400,0.4,,
geometry_alpha_0p400,alpha_blend,False,0.15,0.6474072159201549,0.434878587196468,0.776463963963964,0.9555785123966942,3171,86,1629,1379,0.7179887094596571,0.5614793519608735,0.5211238607784312,a45177080c74a6e56eb1bcb229fb2b3f76fd494ec878a56c6c94d7deaba61622,381ac495a248abd2f3e8eea37c13b62079c63ce8adc39fcc226f6ca960193021,geometry_alpha_0p400,0.4,,
geometry_alpha_0p400,alpha_blend,False,0.2,0.687492978682689,0.49760236075248987,0.7595720720720721,0.9638429752066116,2711,70,1227,1349,0.7179887094596571,0.5614793519608735,0.5211238607784312,a45177080c74a6e56eb1bcb229fb2b3f76fd494ec878a56c6c94d7deaba61622,61866d89dd16dafb1d4daa50df81036083e1c8062e8804a90849434aafec929d,geometry_alpha_0p400,0.4,,
geometry_alpha_0p400,alpha_blend,False,0.22776848124782362,0.7066104281995903,0.5314490445859873,0.7516891891891891,0.9674586776859504,2512,63,1056,1335,0.7179887094596571,0.5614793519608735,0.5211238607784312,a45177080c74a6e56eb1bcb229fb2b3f76fd494ec878a56c6c94d7deaba61622,31710a510710eca5109c8abee77cc60c7b30bb8a9af923ba7cf5c2c688fa1f57,geometry_alpha_0p400,0.4,,
geometry_alpha_0p400,alpha_blend,False,0.25,0.7172719665110425,0.5539689206215875,0.7426801801801802,0.9700413223140496,2381,58,950,1319,0.7179887094596571,0.5614793519608735,0.5211238607784312,a45177080c74a6e56eb1bcb229fb2b3f76fd494ec878a56c6c94d7deaba61622,1f8cea8472698104a8a24c2258d4ef5db97fea758ea27a7bdcbb95ea012a08a8,geometry_alpha_0p400,0.4,,
geometry_alpha_0p400,alpha_blend,False,0.3,0.735552624692437,0.5954022988505747,0.7291666666666666,0.9731404958677686,2175,52,781,1295,0.7179887094596571,0.5614793519608735,0.5211238607784312,a45177080c74a6e56eb1bcb229fb2b3f76fd494ec878a56c6c94d7deaba61622,61d163e0db64b141597770e48c658764c9324ef48783005132a887735cb52e12,geometry_alpha_0p400,0.4,,
geometry_alpha_0p400,alpha_blend,False,0.35,0.7546899106247313,0.6435091277890467,0.714527027027027,0.9788223140495868,1972,41,621,1269,0.7179887094596571,0.5614793519608735,0.5211238607784312,a45177080c74a6e56eb1bcb229fb2b3f76fd494ec878a56c6c94d7deaba61622,bc5e4024b58e9ba25392d7d8068f69ee305d52e54f67a9b8e1734c41015c7ca4,geometry_alpha_0p400,0.4,,
geometry_alpha_0p400,alpha_blend,False,0.4,0.7627645397094899,0.6753955264593563,0.6970720720720721,0.9824380165289256,1833,34,524,1238,0.7179887094596571,0.5614793519608735,0.5211238607784312,a45177080c74a6e56eb1bcb229fb2b3f76fd494ec878a56c6c94d7deaba61622,74bed9d5afb1a444e11e9c7b0520ef8f013e53432a940844cd32e4b1ef9659e0,geometry_alpha_0p400,0.4,,
geometry_alpha_0p400,alpha_blend,False,0.5,0.7785419577102443,0.7584635416666666,0.6559684684684685,0.9896694214876033,1536,20,325,1165,0.7179887094596571,0.5614793519608735,0.5211238607784312,a45177080c74a6e56eb1bcb229fb2b3f76fd494ec878a56c6c94d7deaba61622,ea1963e5ef5c4567ef859acb273891188c8a8427c7b16b9b494ba4307f52759d,geometry_alpha_0p400,0.4,,
geometry_alpha_0p400,alpha_blend,False,0.6,0.7736964408111406,0.8124531132783196,0.6097972972972973,0.9932851239669421,1333,13,219,1083,0.7179887094596571,0.5614793519608735,0.5211238607784312,a45177080c74a6e56eb1bcb229fb2b3f76fd494ec878a56c6c94d7deaba61622,9aad2b639fcd3f41832b63d335670f74c13c8bedb6db869f29a073fd01a04661,geometry_alpha_0p400,0.4,,
geometry_alpha_0p400,alpha_blend,False,0.6345436684611878,0.7658425001654356,0.8288216560509554,0.5861486486486487,0.9953512396694215,1256,9,189,1041,0.7179887094596571,0.5614793519608735,0.5211238607784312,a45177080c74a6e56eb1bcb229fb2b3f76fd494ec878a56c6c94d7deaba61622,2502e8445f9437bab753b28102bbe89da815faf43c6751f525b9e43343c3994d,geometry_alpha_0p400,0.4,,
geometry_alpha_0p400,alpha_blend,False,0.7,0.7455766834724351,0.8743068391866913,0.5326576576576577,0.9974173553719008,1082,5,118,946,0.7179887094596571,0.5614793519608735,0.5211238607784312,a45177080c74a6e56eb1bcb229fb2b3f76fd494ec878a56c6c94d7deaba61622,9ef7c1337a79edc514852d844ca754e9185575f0975243f7d4f406a042c6e5f0,geometry_alpha_0p400,0.4,,
geometry_alpha_0p400,alpha_blend,False,0.8,0.6820208023774147,0.9283980582524272,0.43074324324324326,1.0,824,0,52,765,0.7179887094596571,0.5614793519608735,0.5211238607784312,a45177080c74a6e56eb1bcb229fb2b3f76fd494ec878a56c6c94d7deaba61622,5cb0f3688a83f54d47cde0b59f91209074afa3ed0be6eddabb636cfc74909563,geometry_alpha_0p400,0.4,,
geometry_alpha_0p400,alpha_blend,False,0.8634551461570206,0.6015962753574992,0.9601910828025477,0.33952702702702703,1.0,628,0,22,603,0.7179887094596571,0.5614793519608735,0.5211238607784312,a45177080c74a6e56eb1bcb229fb2b3f76fd494ec878a56c6c94d7deaba61622,91677ff6aa95e7c939b9c82e756667b02863eb669e98f7a531bf6049fddd63a3,geometry_alpha_0p400,0.4,,
geometry_alpha_0p400,alpha_blend,False,0.9,0.5156077855306647,0.9770354906054279,0.2635135135135135,1.0,479,0,11,468,0.7179887094596571,0.5614793519608735,0.5211238607784312,a45177080c74a6e56eb1bcb229fb2b3f76fd494ec878a56c6c94d7deaba61622,b3594714f8ad101c31ed1d9d15e6208e7d4fb6c493f71c1fff3b548dd09affac,geometry_alpha_0p400,0.4,,
geometry_alpha_0p400,alpha_blend,False,0.9880339386404278,0.001687289088863892,1.0,0.0005630630630630631,1.0,1,0,0,1,0.7179887094596571,0.5614793519608735,0.5211238607784312,a45177080c74a6e56eb1bcb229fb2b3f76fd494ec878a56c6c94d7deaba61622,b074905080870fe5a63e1f2d23e9f2b3785055549f6db11a708d362599796897,geometry_alpha_0p400,0.4,,
geometry_alpha_0p600,alpha_blend,False,0.016340528884186287,0.33852421268055954,0.15649219662384542,0.829954954954955,0.7892561983471075,9419,408,7235,1474,0.7179887094596571,0.5614793519608735,0.5211238607784312,c4be673b14b5bf31b6cd8157c99886b6ac95e34d09723a20f232f957b3255baf,dbf5090eccabb08306855819a769531c502d8631b329e3c47c3c65dd5b428141,geometry_alpha_0p600,0.6,,
geometry_alpha_0p600,alpha_blend,False,0.04609146472938071,0.4485333958961835,0.23168789808917198,0.8192567567567568,0.8682851239669421,6280,255,4393,1455,0.7179887094596571,0.5614793519608735,0.5211238607784312,c4be673b14b5bf31b6cd8157c99886b6ac95e34d09723a20f232f957b3255baf,002a034e88bd9252e9befafae7dfa34477c37a4449ed869d81016994bf1b0576,geometry_alpha_0p600,0.6,,
geometry_alpha_0p600,alpha_blend,False,0.05,0.4590775643790053,0.23989440686355387,0.8186936936936937,0.8734504132231404,6061,245,4197,1454,0.7179887094596571,0.5614793519608735,0.5211238607784312,c4be673b14b5bf31b6cd8157c99886b6ac95e34d09723a20f232f957b3255baf,7aad26f6d3b2f5ab51576758a66ac9e42d4cfbb782dcd08c3abcafc3a8b2ad7c,geometry_alpha_0p600,0.6,,
geometry_alpha_0p600,alpha_blend,False,0.1,0.5532466815685626,0.3223773075191355,0.8063063063063063,0.9256198347107438,4442,144,2750,1432,0.7179887094596571,0.5614793519608735,0.5211238607784312,c4be673b14b5bf31b6cd8157c99886b6ac95e34d09723a20f232f957b3255baf,e0b2ab03190e9b03c61dd293e5e3e8083033fd53a9bb855cfd413c97dd471c28,geometry_alpha_0p600,0.6,,
geometry_alpha_0p600,alpha_blend,False,0.14677949489917574,0.6001439840148359,0.3734076433121019,0.7922297297297297,0.9447314049586777,3768,107,2162,1407,0.7179887094596571,0.5614793519608735,0.5211238607784312,c4be673b14b5bf31b6cd8157c99886b6ac95e34d09723a20f232f957b3255baf,2bdaed1f92a017a29522b24fe2b3c5f900e3315b898e18841f694671b7d409f6,geometry_alpha_0p600,0.6,,
geometry_alpha_0p600,alpha_blend,False,0.15,0.6046846201971582,0.3786329386437029,0.7922297297297297,0.9452479338842975,3716,106,2113,1407,0.7179887094596571,0.5614793519608735,0.5211238607784312,c4be673b14b5bf31b6cd8157c99886b6ac95e34d09723a20f232f957b3255baf,a2d925ffe60091f3dafb2a2ed2fe5d1750d4cb8ecd9182b8ddae0badcf0e18e6,geometry_alpha_0p600,0.6,,
geometry_alpha_0p600,alpha_blend,False,0.2,0.6451637825385911,0.4317470256731371,0.776463963963964,0.956095041322314,3194,85,1655,1379,0.7179887094596571,0.5614793519608735,0.5211238607784312,c4be673b14b5bf31b6cd8157c99886b6ac95e34d09723a20f232f957b3255baf,5a4888171733db4e94ff43917de7a96850401e6bee28e57f451f575c1a15a14a,geometry_alpha_0p600,0.6,,
geometry_alpha_0p600,alpha_blend,False,0.25,0.6794165691193265,0.48326210826210825,0.7640765765765766,0.9638429752066116,2808,70,1318,1357,0.7179887094596571,0.5614793519608735,0.5211238607784312,c4be673b14b5bf31b6cd8157c99886b6ac95e34d09723a20f232f957b3255baf,3b23bdd4e9f536507b8f336da2b0bc3bae26940c5ed36bbb78bf216ce93a6568,geometry_alpha_0p600,0.6,,
geometry_alpha_0p600,alpha_blend,False,0.3,0.7038514412679302,0.5273159144893111,0.75,0.96849173553719,2526,61,1075,1332,0.7179887094596571,0.5614793519608735,0.5211238607784312,c4be673b14b5bf31b6cd8157c99886b6ac95e34d09723a20f232f957b3255baf,ec7cbaefa84355a9081ac5119852447bca2817b6e50626aac9198b128a354072,geometry_alpha_0p600,0.6,,
geometry_alpha_0p600,alpha_blend,False,0.30220764089983987,0.7055913915307561,0.5302547770700637,0.75,0.96849173553719,2512,61,1061,1332,0.7179887094596571,0.5614793519608735,0.5211238607784312,c4be673b14b5bf31b6cd8157c99886b6ac95e34d09723a20f232f957b3255baf,7d8faf101f8655916f88123936fe3bf86b07dc7bb363b074b469588e1c6ab731,geometry_alpha_0p600,0.6,,
geometry_alpha_0p600,alpha_blend,False,0.35,0.72541996801541,0.5708678587003925,0.7370495495495496,0.9736570247933884,2293,51,881,1309,0.7179887094596571,0.5614793519608735,0.5211238607784312,c4be673b14b5bf31b6cd8157c99886b6ac95e34d09723a20f232f957b3255baf,1e8a310dc7dc09c6c55dab9099a58912fa4ff5f77cd136085b7f28e04312c0bf,geometry_alpha_0p600,0.6,,
geometry_alpha_0p600,alpha_blend,False,0.4,0.7400512740358416,0.6046838407494145,0.7269144144144144,0.9762396694214877,2135,46,753,1291,0.7179887094596571,0.5614793519608735,0.5211238607784312,c4be673b14b5bf31b6cd8157c99886b6ac95e34d09723a20f232f957b3255baf,bbeda90178bffa3ace6b60c362ebb319c0c5a4dbab831624f337a833ed0f197b,geometry_alpha_0p600,0.6,,
geometry_alpha_0p600,alpha_blend,False,0.5,0.7619417793749733,0.6737472766884531,0.696509009009009,0.9829545454545454,1836,33,529,1237,0.7179887094596571,0.5614793519608735,0.5211238607784312,c4be673b14b5bf31b6cd8157c99886b6ac95e34d09723a20f232f957b3255baf,c2ef7a9d6a902c2d3d6932df07fa2a534190abd6fe245e2284492c7181d950f8,geometry_alpha_0p600,0.6,,
geometry_alpha_0p600,alpha_blend,False,0.6,0.7775837624799663,0.751604621309371,0.6593468468468469,0.9891528925619835,1558,21,338,1171,0.7179887094596571,0.5614793519608735,0.5211238607784312,c4be673b14b5bf31b6cd8157c99886b6ac95e34d09723a20f232f957b3255baf,ed80633c1f589eaf1749d52bb886aaf2740fa0059b5a92963d031ef33cf30ba5,geometry_alpha_0p600,0.6,,
geometry_alpha_0p600,alpha_blend,False,0.7,0.7735266574095006,0.8155706727135299,0.607545045045045,0.993801652892562,1323,12,214,1079,0.7179887094596571,0.5614793519608735,0.5211238607784312,c4be673b14b5bf31b6cd8157c99886b6ac95e34d09723a20f232f957b3255baf,9117c4b0e8a3fd67c1c1c057342c3697f9b55c42926d077caa58c47b54de1998,geometry_alpha_0p600,0.6,,
geometry_alpha_0p600,alpha_blend,False,0.7256688381906136,0.7675846078750408,0.8312101910828026,0.5878378378378378,0.9958677685950413,1256,8,188,1044,0.7179887094596571,0.5614793519608735,0.5211238607784312,c4be673b14b5bf31b6cd8157c99886b6ac95e34d09723a20f232f957b3255baf,b2a617778ae0ddc67e3364eacfade0e4834c507ffc66417dcc527f165801d596,geometry_alpha_0p600,0.6,,
geometry_alpha_0p600,alpha_blend,False,0.8,0.7353399278247159,0.8910696761530913,0.5112612612612613,0.9984504132231405,1019,3,98,908,0.7179887094596571,0.5614793519608735,0.5211238607784312,c4be673b14b5bf31b6cd8157c99886b6ac95e34d09723a20f232f957b3255baf,bfb75582199cd991984ac40483a418f270acff88351054d89e6f7ab5bce409a7,geometry_alpha_0p600,0.6,,
geometry_alpha_0p600,alpha_blend,False,0.9,0.6077202243483999,0.9578783151326054,0.34572072072072074,1.0,641,0,23,614,0.7179887094596571,0.5614793519608735,0.5211238607784312,c4be673b14b5bf31b6cd8157c99886b6ac95e34d09723a20f232f957b3255baf,cbda7dd7a33b614bd07b3817ff5c0f8b56940db679f2831a0d76124969d224eb,geometry_alpha_0p600,0.6,,
geometry_alpha_0p600,alpha_blend,False,0.9029578471232572,0.6023936170212766,0.9617834394904459,0.3400900900900901,1.0,628,0,21,604,0.7179887094596571,0.5614793519608735,0.5211238607784312,c4be673b14b5bf31b6cd8157c99886b6ac95e34d09723a20f232f957b3255baf,11d08c98dcf3afd9285793910876fc0618bff4e2de69fe59bdb684d16a357288,geometry_alpha_0p600,0.6,,
geometry_alpha_0p600,alpha_blend,False,0.9919484082372074,0.001687289088863892,1.0,0.0005630630630630631,1.0,1,0,0,1,0.7179887094596571,0.5614793519608735,0.5211238607784312,c4be673b14b5bf31b6cd8157c99886b6ac95e34d09723a20f232f957b3255baf,b074905080870fe5a63e1f2d23e9f2b3785055549f6db11a708d362599796897,geometry_alpha_0p600,0.6,,
geometry_alpha_0p800,alpha_blend,False,0.02056315803793211,0.33865062913146526,0.15649219662384542,0.829954954954955,0.7913223140495868,9419,404,7244,1474,0.7179887094596571,0.5614793519608735,0.5211238607784312,6f58629dcba666e95d09463ab6ae4267222fb39a557186302b8cddd6fd20514f,46ca11dbcdd5826c0c7aa35193522f1f9c87e8e183350bfbe8e508c18160056b,geometry_alpha_0p800,0.8,,
geometry_alpha_0p800,alpha_blend,False,0.05,0.42682190817755894,0.2154027736795515,0.8220720720720721,0.8548553719008265,6778,281,4849,1460,0.7179887094596571,0.5614793519608735,0.5211238607784312,6f58629dcba666e95d09463ab6ae4267222fb39a557186302b8cddd6fd20514f,7ea1b119f40da1d8fa1c3cb7153e6e5e475a0ac91cbb964ca2866f337ddeb56a,geometry_alpha_0p800,0.8,,
geometry_alpha_0p800,alpha_blend,False,0.05872249659927256,0.4485793182800198,0.23168789808917198,0.8192567567567568,0.868801652892562,6280,254,4396,1455,0.7179887094596571,0.5614793519608735,0.5211238607784312,6f58629dcba666e95d09463ab6ae4267222fb39a557186302b8cddd6fd20514f,a91c1bbf3b29ec7fac9bd51845d5b164b4b2a5e3672b97da93348dc4f27d7276,geometry_alpha_0p800,0.8,,
geometry_alpha_0p800,alpha_blend,False,0.1,0.5187550432715159,0.28947897807282236,0.8102477477477478,0.9137396694214877,4971,167,3227,1439,0.7179887094596571,0.5614793519608735,0.5211238607784312,6f58629dcba666e95d09463ab6ae4267222fb39a557186302b8cddd6fd20514f,62dc852bf770058bad8b687fae1886025059bf1e8c62416e880ab732d3e64721,geometry_alpha_0p800,0.8,,
geometry_alpha_0p800,alpha_blend,False,0.15,0.5724895858186687,0.3425054308472122,0.7989864864864865,0.9354338842975207,4143,125,2497,1419,0.7179887094596571,0.5614793519608735,0.5211238607784312,6f58629dcba666e95d09463ab6ae4267222fb39a557186302b8cddd6fd20514f,febc7b12dd87ad66b37c21be84f283cd46079e32907e2f33bddc908ede24fd8d,geometry_alpha_0p800,0.8,,
geometry_alpha_0p800,alpha_blend,False,0.1836824605498506,0.598867430566095,0.3723460721868365,0.7899774774774775,0.9452479338842975,3768,106,2171,1403,0.7179887094596571,0.5614793519608735,0.5211238607784312,6f58629dcba666e95d09463ab6ae4267222fb39a557186302b8cddd6fd20514f,f7403ff624b71955b7a9bfe64925b3241cb731b83b54049ba462ea803685ac34,geometry_alpha_0p800,0.8,,
geometry_alpha_0p800,alpha_blend,False,0.2,0.6119600268918287,0.38723051409618575,0.7888513513513513,0.9504132231404958,3618,96,2035,1401,0.7179887094596571,0.5614793519608735,0.5211238607784312,6f58629dcba666e95d09463ab6ae4267222fb39a557186302b8cddd6fd20514f,e1c4119caa1db85a66383f7d77e333b725c11a43f34ce5fadf23c60f45cb65d9,geometry_alpha_0p800,0.8,,
geometry_alpha_0p800,alpha_blend,False,0.25,0.6442317613632075,0.42990654205607476,0.777027027027027,0.9581611570247934,3210,81,1677,1380,0.7179887094596571,0.5614793519608735,0.5211238607784312,6f58629dcba666e95d09463ab6ae4267222fb39a557186302b8cddd6fd20514f,e6e1d24fde87efc7d011267cb573e9bebc698bc361f80e0780e99131b1c1e7ec,geometry_alpha_0p800,0.8,,
geometry_alpha_0p800,alpha_blend,False,0.3,0.6730057591046475,0.47289784572619875,0.7663288288288288,0.9633264462809917,2878,71,1381,1361,0.7179887094596571,0.5614793519608735,0.5211238607784312,6f58629dcba666e95d09463ab6ae4267222fb39a557186302b8cddd6fd20514f,19c1ef98a1c51444f65a6380b9ed5b17f01b5d610ba107ac80103662037184e3,geometry_alpha_0p800,0.8,,
geometry_alpha_0p800,alpha_blend,False,0.35,0.6928912767052303,0.5071860816944024,0.7550675675675675,0.9674586776859504,2644,63,1179,1341,0.7179887094596571,0.5614793519608735,0.5211238607784312,6f58629dcba666e95d09463ab6ae4267222fb39a557186302b8cddd6fd20514f,4a51648b67a30b3d3026b6c4b26d2ef128a430ee9814d0853518dd0b8a38f7be,geometry_alpha_0p800,0.8,,
geometry_alpha_0p800,alpha_blend,False,0.37716241183587806,0.7053726582511026,0.5298566878980892,0.7494369369369369,0.9695247933884298,2512,59,1064,1331,0.7179887094596571,0.5614793519608735,0.5211238607784312,6f58629dcba666e95d09463ab6ae4267222fb39a557186302b8cddd6fd20514f,4bb90b3c92a22f9d5403d148fba0cab19e965455ecad0658405234d77253cbc5,geometry_alpha_0p800,0.8,,
geometry_alpha_0p800,alpha_blend,False,0.4,0.7145972657308718,0.5465787304204451,0.7466216216216216,0.9715909090909091,2426,55,989,1326,0.7179887094596571,0.5614793519608735,0.5211238607784312,6f58629dcba666e95d09463ab6ae4267222fb39a557186302b8cddd6fd20514f,f6d8662774ce1400692b591e7dc9ff542c30eedaf8397cb5a262d426f733c586,geometry_alpha_0p800,0.8,,
geometry_alpha_0p800,alpha_blend,False,0.5,0.7411731127409427,0.6091081593927894,0.722972972972973,0.9777892561983471,2108,43,737,1284,0.7179887094596571,0.5614793519608735,0.5211238607784312,6f58629dcba666e95d09463ab6ae4267222fb39a557186302b8cddd6fd20514f,89f3b49585bb2ee9a135ed788f143321120d72e51ce5da1779642dfee86457ac,geometry_alpha_0p800,0.8,,
geometry_alpha_0p800,alpha_blend,False,0.6,0.7613252748062443,0.6721044045676998,0.6959459459459459,0.984504132231405,1839,30,535,1236,0.7179887094596571,0.5614793519608735,0.5211238607784312,6f58629dcba666e95d09463ab6ae4267222fb39a557186302b8cddd6fd20514f,64f0d7ffa4ce6903881d4a890a5fa51649b668b9a722fa60bf35c1f710fddd6e,geometry_alpha_0p800,0.8,,
geometry_alpha_0p800,alpha_blend,False,0.7,0.7775312367745898,0.75,0.660472972972973,0.9891528925619835,1564,21,342,1173,0.7179887094596571,0.5614793519608735,0.5211238607784312,6f58629dcba666e95d09463ab6ae4267222fb39a557186302b8cddd6fd20514f,a5a87a8f4a9918f9b45fa331194f94662d68b14aae85e8becaa35a23e9a26e6c,geometry_alpha_0p800,0.8,,
geometry_alpha_0p800,alpha_blend,False,0.8,0.7742575355698595,0.8190114068441064,0.606418918918919,0.9953512396694215,1315,9,211,1077,0.7179887094596571,0.5614793519608735,0.5211238607784312,6f58629dcba666e95d09463ab6ae4267222fb39a557186302b8cddd6fd20514f,e23dedfc54a2b8598caf92b2f23c302bbdbe9fc0fcd479b5a6fd8af10ef4c4f1,geometry_alpha_0p800,0.8,,
geometry_alpha_0p800,alpha_blend,False,0.8174427675667648,0.7683355174935999,0.8320063694267515,0.5884009009009009,0.996900826446281,1256,6,189,1045,0.7179887094596571,0.5614793519608735,0.5211238607784312,6f58629dcba666e95d09463ab6ae4267222fb39a557186302b8cddd6fd20514f,8b172548f24d2b08950a5322f1dd251f34f2b929365c47b4ab8a041916419d26,geometry_alpha_0p800,0.8,,
geometry_alpha_0p800,alpha_blend,False,0.9,0.70292774229865,0.9148936170212766,0.4600225225225225,0.9989669421487604,893,2,65,817,0.7179887094596571,0.5614793519608735,0.5211238607784312,6f58629dcba666e95d09463ab6ae4267222fb39a557186302b8cddd6fd20514f,c832a099bf1a4737e3e0e6de7222d3b38a89287e436f1e277e146dde39293662,geometry_alpha_0p800,0.8,,
geometry_alpha_0p800,alpha_blend,False,0.9420851038026374,0.6015962753574992,0.9601910828025477,0.33952702702702703,1.0,628,0,23,603,0.7179887094596571,0.5614793519608735,0.5211238607784312,6f58629dcba666e95d09463ab6ae4267222fb39a557186302b8cddd6fd20514f,ffd59a2b766ca540107862d963bc9788c03322f76640a9bebad681c5dd08b3a0,geometry_alpha_0p800,0.8,,
geometry_alpha_0p800,alpha_blend,False,0.995862877833987,0.001687289088863892,1.0,0.0005630630630630631,1.0,1,0,0,1,0.7179887094596571,0.5614793519608735,0.5211238607784312,6f58629dcba666e95d09463ab6ae4267222fb39a557186302b8cddd6fd20514f,b074905080870fe5a63e1f2d23e9f2b3785055549f6db11a708d362599796897,geometry_alpha_0p800,0.8,,
geometry_alpha_1p000,alpha_blend,False,0.024892583774911353,0.33854796650817404,0.1563860282407899,0.8293918918918919,0.7928719008264463,9419,401,7254,1473,0.7179887094596571,0.5614793519608735,0.5211238607784312,72a905d890f5aecdecba0dc3ba1a131af2c859dd3f13ee1537986a7d09b892bc,cf9f148375e9c4253f2f23a8e7208423c360e5f6d74a11322d199b2b72423c8e,geometry_risk_score,1.0,,
geometry_alpha_1p000,alpha_blend,False,0.05,0.4013901341968566,0.19717171717171716,0.8243243243243243,0.8409090909090909,7425,308,5438,1464,0.7179887094596571,0.5614793519608735,0.5211238607784312,72a905d890f5aecdecba0dc3ba1a131af2c859dd3f13ee1537986a7d09b892bc,6836f01f26c99e3c3707a4635b5bc3f127f45ece7aa754a5c4927e9489c8d6ad,geometry_risk_score,1.0,,
geometry_alpha_1p000,alpha_blend,False,0.07137535927797665,0.4485527218572209,0.23152866242038217,0.8186936936936937,0.8713842975206612,6280,249,4404,1454,0.7179887094596571,0.5614793519608735,0.5211238607784312,72a905d890f5aecdecba0dc3ba1a131af2c859dd3f13ee1537986a7d09b892bc,984396623c3d1c6bfe7516729fe946bae17522b726d12c22b4a872231d3a3d47,geometry_risk_score,1.0,,
geometry_alpha_1p000,alpha_blend,False,0.1,0.4940929976451599,0.26751710112775007,0.8147522522522522,0.9039256198347108,5409,186,3627,1447,0.7179887094596571,0.5614793519608735,0.5211238607784312,72a905d890f5aecdecba0dc3ba1a131af2c859dd3f13ee1537986a7d09b892bc,a03a89b61b166f1eaa99ea3abe3ae7ffe7576130ef90ad7353124852da0b3e06,geometry_risk_score,1.0,,
geometry_alpha_1p000,alpha_blend,False,0.15,0.5500365537463959,0.31872775800711745,0.8068693693693694,0.928202479338843,4496,139,2806,1433,0.7179887094596571,0.5614793519608735,0.5211238607784312,72a905d890f5aecdecba0dc3ba1a131af2c859dd3f13ee1537986a7d09b892bc,0ea7ca0fe25adcb822b31c3bfc43130cfaeb5f3367e1062aa2970686268b0c16,geometry_risk_score,1.0,,
geometry_alpha_1p000,alpha_blend,False,0.2,0.5839098979811596,0.3555724033358605,0.7922297297297297,0.940599173553719,3957,115,2342,1407,0.7179887094596571,0.5614793519608735,0.5211238607784312,72a905d890f5aecdecba0dc3ba1a131af2c859dd3f13ee1537986a7d09b892bc,afc0e596e922b13e315f49bd9fab8fe434f8e11652e732e7a2821e985eef1e64,geometry_risk_score,1.0,,
geometry_alpha_1p000,alpha_blend,False,0.22145253399179946,0.59873750662451,0.37208067940552014,0.7894144144144144,0.946797520661157,3768,103,2176,1402,0.7179887094596571,0.5614793519608735,0.5211238607784312,72a905d890f5aecdecba0dc3ba1a131af2c859dd3f13ee1537986a7d09b892bc,688e31e918ba28817c0c40dc4aadb9f4a803e6ff7c115292a494e29211854405,geometry_risk_score,1.0,,
geometry_alpha_1p000,alpha_blend,False,0.25,0.6182427823115609,0.3948631103584533,0.7877252252252253,0.9519628099173554,3543,93,1969,1399,0.7179887094596571,0.5614793519608735,0.5211238607784312,72a905d890f5aecdecba0dc3ba1a131af2c859dd3f13ee1537986a7d09b892bc,8264c139755013dc5dee129da7ed3e3bedde8027099d5c34aca2c647efb35881,geometry_risk_score,1.0,,
geometry_alpha_1p000,alpha_blend,False,0.3,0.6439253873451335,0.4290152221186704,0.7775900900900901,0.9597107438016529,3219,78,1690,1381,0.7179887094596571,0.5614793519608735,0.5211238607784312,72a905d890f5aecdecba0dc3ba1a131af2c859dd3f13ee1537986a7d09b892bc,a7aa9bb365002f4af3255c7bb262c2dfb62cc014de0f9ac044f4f256618ff584,geometry_risk_score,1.0,,
geometry_alpha_1p000,alpha_blend,False,0.35,0.6679873587360277,0.46487039563437926,0.767454954954955,0.9643595041322314,2932,69,1434,1363,0.7179887094596571,0.5614793519608735,0.5211238607784312,72a905d890f5aecdecba0dc3ba1a131af2c859dd3f13ee1537986a7d09b892bc,880844ace9bb6a1904b2ea2f46c4baf17e1e70fed85dadd233f0eb0cad922609,geometry_risk_score,1.0,,
geometry_alpha_1p000,alpha_blend,False,0.4,0.6868794186320741,0.4966789667896679,0.7578828828828829,0.9664256198347108,2710,65,1238,1346,0.7179887094596571,0.5614793519608735,0.5211238607784312,72a905d890f5aecdecba0dc3ba1a131af2c859dd3f13ee1537986a7d09b892bc,0dd957906b35671731e3f7f4cb123833212449effd15a7bf0172fb71b56f3b94,geometry_risk_score,1.0,,
geometry_alpha_1p000,alpha_blend,False,0.4502301985111525,0.7064489357767545,0.5306528662420382,0.7505630630630631,0.9710743801652892,2512,56,1066,1333,0.7179887094596571,0.5614793519608735,0.5211238607784312,72a905d890f5aecdecba0dc3ba1a131af2c859dd3f13ee1537986a7d09b892bc,99ccfe994a0d72cd3aca62ba100a35bcce6ef1cab348dff66d61129dd15ae861,geometry_risk_score,1.0,,
geometry_alpha_1p000,alpha_blend,False,0.5,0.7202097661035741,0.5601535836177475,0.7393018018018018,0.9731404958677686,2344,52,926,1313,0.7179887094596571,0.5614793519608735,0.5211238607784312,72a905d890f5aecdecba0dc3ba1a131af2c859dd3f13ee1537986a7d09b892bc,6f5387c31ce61431493f96d2bc0951006e55d71b0a2b7fe3044cb6cccfa53e62,geometry_risk_score,1.0,,
geometry_alpha_1p000,alpha_blend,False,0.6,0.7402397755900588,0.6104456157163393,0.7173423423423423,0.9798553719008265,2087,39,731,1274,0.7179887094596571,0.5614793519608735,0.5211238607784312,72a905d890f5aecdecba0dc3ba1a131af2c859dd3f13ee1537986a7d09b892bc,f52a285f3ec07c43e5c8a25f09acc75eda63256cb446066b2e43b02893400877,geometry_risk_score,1.0,,
geometry_alpha_1p000,alpha_blend,False,0.7,0.7603244279176387,0.6690102758247701,0.696509009009009,0.9850206611570248,1849,29,546,1237,0.7179887094596571,0.5614793519608735,0.5211238607784312,72a905d890f5aecdecba0dc3ba1a131af2c859dd3f13ee1537986a7d09b892bc,618b410fc175c4fe52490667af0c3b535e9d16f89df758d9736d0d18563b00b1,geometry_risk_score,1.0,,
geometry_alpha_1p000,alpha_blend,False,0.8,0.7773463914236003,0.7476160203432931,0.6621621621621622,0.9886363636363636,1573,22,348,1176,0.7179887094596571,0.5614793519608735,0.5211238607784312,72a905d890f5aecdecba0dc3ba1a131af2c859dd3f13ee1537986a7d09b892bc,0efcb8d8cb444c54b923be4ed422e6d3845188d4d715146ca0d10e4f771a81df,geometry_risk_score,1.0,,
geometry_alpha_1p000,alpha_blend,False,0.9,0.7743901538818785,0.8267594740912606,0.6019144144144144,0.996900826446281,1293,6,200,1069,0.7179887094596571,0.5614793519608735,0.5211238607784312,72a905d890f5aecdecba0dc3ba1a131af2c859dd3f13ee1537986a7d09b892bc,c7db7649916b5dc08e0f6df755845886924dbabbb040e16f2b898a2060759cd0,geometry_risk_score,1.0,,
geometry_alpha_1p000,alpha_blend,False,0.9089628704958508,0.7688817410486674,0.8328025477707006,0.588963963963964,0.996900826446281,1256,6,187,1046,0.7179887094596571,0.5614793519608735,0.5211238607784312,72a905d890f5aecdecba0dc3ba1a131af2c859dd3f13ee1537986a7d09b892bc,16c3cc045b092122bfb498ccde85ae477ac0bb83824c75da7308d5c85e0841fd,geometry_risk_score,1.0,,
geometry_alpha_1p000,alpha_blend,False,0.982104592753805,0.5968010663112296,0.9506369426751592,0.33614864864864863,1.0,628,0,27,597,0.7179887094596571,0.5614793519608735,0.5211238607784312,72a905d890f5aecdecba0dc3ba1a131af2c859dd3f13ee1537986a7d09b892bc,5fdaeb67c76e562e52316dec05fbf6e2cf0c1a1d56463e518d6f7e9a104a723b,geometry_risk_score,1.0,,
geometry_alpha_1p000,alpha_blend,False,0.9997773474307665,0.001687289088863892,1.0,0.0005630630630630631,1.0,1,0,0,1,0.7179887094596571,0.5614793519608735,0.5211238607784312,72a905d890f5aecdecba0dc3ba1a131af2c859dd3f13ee1537986a7d09b892bc,b074905080870fe5a63e1f2d23e9f2b3785055549f6db11a708d362599796897,geometry_risk_score,1.0,,
class_reliability_gamma_0p250,class_scaled_raw,True,0.002007802017715007,0.33876503238374295,0.15691687015606753,0.8322072072072072,0.7804752066115702,9419,425,7134,1478,0.7179887094596571,0.5614793519608735,0.5211238607784312,54a190f610a74e51c15096ac74eacbc6200bbd0f5c8876e431d3d36cfe96ff79,3ec5c10d4b2b9741f3207eb5f6c055c983a348a95e32ccf3b9ef95e7b300647a,class_reliability_gamma_0p250,,0.25,
class_reliability_gamma_0p250,class_scaled_raw,True,0.00632156824998801,0.4470073293858594,0.2318471337579618,0.8198198198198198,0.8486570247933884,6280,293,4305,1456,0.7179887094596571,0.5614793519608735,0.5211238607784312,54a190f610a74e51c15096ac74eacbc6200bbd0f5c8876e431d3d36cfe96ff79,378aabc7889550bf44b97c616d9b72a33dc001f8b52c71db1d128f2602c27bf3,class_reliability_gamma_0p250,,0.25,
class_reliability_gamma_0p250,class_scaled_raw,True,0.0264579871692202,0.5971264658549463,0.37314225053078554,0.7916666666666666,0.925103305785124,3768,145,2111,1406,0.7179887094596571,0.5614793519608735,0.5211238607784312,54a190f610a74e51c15096ac74eacbc6200bbd0f5c8876e431d3d36cfe96ff79,374f34a6a5246d780875b42b7f6d974a8b54c05e9327f752eefa93a9773e8cd5,class_reliability_gamma_0p250,,0.25,
class_reliability_gamma_0p250,class_scaled_raw,True,0.05,0.665658966681044,0.4650528469144221,0.7680180180180181,0.9483471074380165,2933,100,1392,1364,0.7179887094596571,0.5614793519608735,0.5211238607784312,54a190f610a74e51c15096ac74eacbc6200bbd0f5c8876e431d3d36cfe96ff79,5ff2bafa690298d7c267d4cb2fd88fb9ee0b805f8c240dcb7bb1042f1d932844,class_reliability_gamma_0p250,,0.25,
class_reliability_gamma_0p250,class_scaled_raw,True,0.07478959626211133,0.7036558345642541,0.5302547770700637,0.75,0.9576446280991735,2512,82,1035,1332,0.7179887094596571,0.5614793519608735,0.5211238607784312,54a190f610a74e51c15096ac74eacbc6200bbd0f5c8876e431d3d36cfe96ff79,6b75aff800ef58dd2b813b071f14fd1fc8f123b6b1cfe4c9fdaf66ca40d647f6,class_reliability_gamma_0p250,,0.25,
class_reliability_gamma_0p250,class_scaled_raw,True,0.1,0.7266665714816032,0.5769230769230769,0.7347972972972973,0.9669421487603306,2262,64,840,1305,0.7179887094596571,0.5614793519608735,0.5211238607784312,54a190f610a74e51c15096ac74eacbc6200bbd0f5c8876e431d3d36cfe96ff79,4bd317801527edb3277c97d225f9b45cdb7b3834f66416c2db52599c3e1efc99,class_reliability_gamma_0p250,,0.25,
class_reliability_gamma_0p250,class_scaled_raw,True,0.15,0.7521550932639008,0.6446153846153846,0.7077702702702703,0.9762396694214877,1950,46,607,1257,0.7179887094596571,0.5614793519608735,0.5211238607784312,54a190f610a74e51c15096ac74eacbc6200bbd0f5c8876e431d3d36cfe96ff79,0c00fd940e2f5d27cb4f93561b8f9f96a5eaffecb4ca1a668c33780b64879247,class_reliability_gamma_0p250,,0.25,
class_reliability_gamma_0p250,class_scaled_raw,True,0.2,0.7669381627248459,0.6953302961275627,0.6875,0.981404958677686,1756,36,466,1221,0.7179887094596571,0.5614793519608735,0.5211238607784312,54a190f610a74e51c15096ac74eacbc6200bbd0f5c8876e431d3d36cfe96ff79,76b3bd497ebf9d64d1c2f7464db1993eb4b99faeea9193221652d71775d2f8e2,class_reliability_gamma_0p250,,0.25,
class_reliability_gamma_0p250,class_scaled_raw,True,0.25,0.7737465188338827,0.7391577624135763,0.6621621621621622,0.9860537190082644,1591,27,360,1176,0.7179887094596571,0.5614793519608735,0.5211238607784312,54a190f610a74e51c15096ac74eacbc6200bbd0f5c8876e431d3d36cfe96ff79,28b530abe2367107530a600357026ee5af91a139e05ae0ab6152352bd2511a63,class_reliability_gamma_0p250,,0.25,
class_reliability_gamma_0p250,class_scaled_raw,True,0.3,0.7739015147837697,0.7670492910195814,0.6396396396396397,0.9907024793388429,1481,18,304,1136,0.7179887094596571,0.5614793519608735,0.5211238607784312,54a190f610a74e51c15096ac74eacbc6200bbd0f5c8876e431d3d36cfe96ff79,a88e55ab985f3a2b19329e4047278eb17c8ea9f7b53aa65394abe1ea17cfe41c,class_reliability_gamma_0p250,,0.25,
class_reliability_gamma_0p250,class_scaled_raw,True,0.35,0.7732980107917351,0.7947976878612717,0.6193693693693694,0.9932851239669421,1384,13,250,1100,0.7179887094596571,0.5614793519608735,0.5211238607784312,54a190f610a74e51c15096ac74eacbc6200bbd0f5c8876e431d3d36cfe96ff79,c3bd6a068f1d16c47168218438abe7ca298d08774459a1ad39e61f6e517030a5,class_reliability_gamma_0p250,,0.25,
class_reliability_gamma_0p250,class_scaled_raw,True,0.4,0.7689254804370953,0.8219284603421462,0.5951576576576577,0.9953512396694215,1286,9,202,1057,0.7179887094596571,0.5614793519608735,0.5211238607784312,54a190f610a74e51c15096ac74eacbc6200bbd0f5c8876e431d3d36cfe96ff79,ee4e32153d5f959ac0f49fd43faf503eeac6e18cc9c5929de37ab02598d92c1c,class_reliability_gamma_0p250,,0.25,
class_reliability_gamma_0p250,class_scaled_raw,True,0.4173942957512123,0.7652953677802636,0.8280254777070064,0.5855855855855856,0.9953512396694215,1256,9,189,1040,0.7179887094596571,0.5614793519608735,0.5211238607784312,54a190f610a74e51c15096ac74eacbc6200bbd0f5c8876e431d3d36cfe96ff79,69094d3cacfc227312a98facb0ecbc46e552939f0d72ed617b0fcfe56cac4fb8,class_reliability_gamma_0p250,,0.25,
class_reliability_gamma_0p250,class_scaled_raw,True,0.5,0.7441233193942051,0.8657534246575342,0.5337837837837838,0.996900826446281,1095,6,128,948,0.7179887094596571,0.5614793519608735,0.5211238607784312,54a190f610a74e51c15096ac74eacbc6200bbd0f5c8876e431d3d36cfe96ff79,ef5dc5c587bb618d2248ec9100021d54971ddfb4404087dc96bbd8499629e1b7,class_reliability_gamma_0p250,,0.25,
class_reliability_gamma_0p250,class_scaled_raw,True,0.6,0.7012413361145485,0.9175141242937853,0.4572072072072072,0.9989669421487604,885,2,64,812,0.7179887094596571,0.5614793519608735,0.5211238607784312,54a190f610a74e51c15096ac74eacbc6200bbd0f5c8876e431d3d36cfe96ff79,4e60ee6fa2e0a7e21b5dec79ab707f78c9caf9c44715e80c93c43700f0d5ee6c,class_reliability_gamma_0p250,,0.25,
class_reliability_gamma_0p250,class_scaled_raw,True,0.7,0.6240310077519381,0.9526627218934911,0.36261261261261263,1.0,676,0,29,644,0.7179887094596571,0.5614793519608735,0.5211238607784312,54a190f610a74e51c15096ac74eacbc6200bbd0f5c8876e431d3d36cfe96ff79,ea02ab533819c75d29b485b6178acb79405c2a1be80f398374efc99f0d97799f,class_reliability_gamma_0p250,,0.25,
class_reliability_gamma_0p250,class_scaled_raw,True,0.7175323785962013,0.6015962753574992,0.9601910828025477,0.33952702702702703,1.0,628,0,23,603,0.7179887094596571,0.5614793519608735,0.5211238607784312,54a190f610a74e51c15096ac74eacbc6200bbd0f5c8876e431d3d36cfe96ff79,1e37f526f3e74aa9ea3b66e1f323d30886efee509049ddcdbbedbebfe7713504,class_reliability_gamma_0p250,,0.25,
class_reliability_gamma_0p250,class_scaled_raw,True,0.8,0.46064366033346255,0.972972972972973,0.22297297297297297,1.0,407,0,11,396,0.7179887094596571,0.5614793519608735,0.5211238607784312,54a190f610a74e51c15096ac74eacbc6200bbd0f5c8876e431d3d36cfe96ff79,55c7aac3de129711dbbdfbef00c8a0ee46d5db8ea4cad4514918a30e0a3ebcd5,class_reliability_gamma_0p250,,0.25,
class_reliability_gamma_0p250,class_scaled_raw,True,0.9,0.13384615384615384,1.0,0.048986486486486486,1.0,87,0,0,87,0.7179887094596571,0.5614793519608735,0.5211238607784312,54a190f610a74e51c15096ac74eacbc6200bbd0f5c8876e431d3d36cfe96ff79,373de8c7da622358addd217f8f87b0e7a664b8efed3836597cdaf4aef71d08a6,class_reliability_gamma_0p250,,0.25,
class_reliability_gamma_0p250,class_scaled_raw,True,0.9343345761299132,0.001687289088863892,1.0,0.0005630630630630631,1.0,1,0,0,1,0.7179887094596571,0.5614793519608735,0.5211238607784312,54a190f610a74e51c15096ac74eacbc6200bbd0f5c8876e431d3d36cfe96ff79,e38a0a17f74ee45545eb53984fef2f2dcd81de5b57f3c91a9708b1dab734f63e,class_reliability_gamma_0p250,,0.25,
class_reliability_gamma_0p500,class_scaled_raw,True,0.0017660398965150177,0.3386013522883901,0.15681070177301198,0.8316441441441441,0.78099173553719,9419,424,7143,1477,0.7179887094596571,0.5614793519608735,0.5211238607784312,11d09ee755dc4bd36cbb383824f33314e7f3f562d06e472ebdea0703dd966176,29d0045dfb5f37c80069bf270c3aeb1009ca3c4f67e3437c409748f8c215769e,class_reliability_gamma_0p500,,0.5,
class_reliability_gamma_0p500,class_scaled_raw,True,0.005595505490577722,0.447670419557581,0.23232484076433121,0.821509009009009,0.8476239669421488,6280,295,4302,1459,0.7179887094596571,0.5614793519608735,0.5211238607784312,11d09ee755dc4bd36cbb383824f33314e7f3f562d06e472ebdea0703dd966176,73a3d57a5dbbec0861349b5e014fc3f15abc9f55ae0dc8639dda78c9faa6c81d,class_reliability_gamma_0p500,,0.5,
class_reliability_gamma_0p500,class_scaled_raw,True,0.023798404125760415,0.5965311603769291,0.37261146496815284,0.7905405405405406,0.9256198347107438,3768,144,2112,1404,0.7179887094596571,0.5614793519608735,0.5211238607784312,11d09ee755dc4bd36cbb383824f33314e7f3f562d06e472ebdea0703dd966176,8aeb6855cdf3235d2fa079a4c03532ee8dafc8422fb3b77cd3f1cc1dcd224a6d,class_reliability_gamma_0p500,,0.5,
class_reliability_gamma_0p500,class_scaled_raw,True,0.05,0.675743789003471,0.48038176033934255,0.7652027027027027,0.9514462809917356,2829,94,1305,1359,0.7179887094596571,0.5614793519608735,0.5211238607784312,11d09ee755dc4bd36cbb383824f33314e7f3f562d06e472ebdea0703dd966176,2ae731bef5c021bf5094796907b7333cbd3eef9da2b8e61b55856f3b49a42465,class_reliability_gamma_0p500,,0.5,
class_reliability_gamma_0p500,class_scaled_raw,True,0.06761557874779563,0.704426291303431,0.5306528662420382,0.7505630630630631,0.9597107438016529,2512,78,1037,1333,0.7179887094596571,0.5614793519608735,0.5211238607784312,11d09ee755dc4bd36cbb383824f33314e7f3f562d06e472ebdea0703dd966176,ed78c35358d034c3a5a310e45a830a842fe66e4112aa8604c526463b4c9e7ad3,class_reliability_gamma_0p500,,0.5,
class_reliability_gamma_0p500,class_scaled_raw,True,0.1,0.7327343396341713,0.5914076782449725,0.7286036036036037,0.9700413223140496,2188,58,787,1294,0.7179887094596571,0.5614793519608735,0.5211238607784312,11d09ee755dc4bd36cbb383824f33314e7f3f562d06e472ebdea0703dd966176,358feac1cf4fd79c7107f3aeb3d65eae7907ee1bfdca0a1d386f99676177e49f,class_reliability_gamma_0p500,,0.5,
class_reliability_gamma_0p500,class_scaled_raw,True,0.15,0.7603571885191517,0.6663107314468767,0.7027027027027027,0.9788223140495868,1873,41,548,1248,0.7179887094596571,0.5614793519608735,0.5211238607784312,11d09ee755dc4bd36cbb383824f33314e7f3f562d06e472ebdea0703dd966176,a95c271fa1917bd6c25d0440c0534f0d098d141f2351399be9f1dc166bfce97f,class_reliability_gamma_0p500,,0.5,
class_reliability_gamma_0p500,class_scaled_raw,True,0.2,0.7697627779738141,0.7125074096028453,0.6768018018018018,0.9839876033057852,1687,31,425,1202,0.7179887094596571,0.5614793519608735,0.5211238607784312,11d09ee755dc4bd36cbb383824f33314e7f3f562d06e472ebdea0703dd966176,4c52a849bdcaa11b1c8cd82f4dee80f3d76453433ad122ca066bfdaad32feb3e,class_reliability_gamma_0p500,,0.5,
class_reliability_gamma_0p500,class_scaled_raw,True,0.25,0.7735625370480143,0.752442996742671,0.6503378378378378,0.9886363636363636,1535,22,332,1155,0.7179887094596571,0.5614793519608735,0.5211238607784312,11d09ee755dc4bd36cbb383824f33314e7f3f562d06e472ebdea0703dd966176,ce390de4722c7d70eea786048783fd0f03555a4ccd0e0f4483edbf248ce9d34b,class_reliability_gamma_0p500,,0.5,
class_reliability_gamma_0p500,class_scaled_raw,True,0.3,0.7725398424719127,0.7810526315789473,0.6266891891891891,0.9927685950413223,1425,14,276,1113,0.7179887094596571,0.5614793519608735,0.5211238607784312,11d09ee755dc4bd36cbb383824f33314e7f3f562d06e472ebdea0703dd966176,07225312b81af52516f1e90067104ced76dacc1e478d4d4ae2d7e80b6f37dab8,class_reliability_gamma_0p500,,0.5,
class_reliability_gamma_0p500,class_scaled_raw,True,0.35,0.7706245434324034,0.8116490166414524,0.6041666666666666,0.9943181818181818,1322,11,220,1073,0.7179887094596571,0.5614793519608735,0.5211238607784312,11d09ee755dc4bd36cbb383824f33314e7f3f562d06e472ebdea0703dd966176,09bc3d25bffd0a2c58409258a48624ff5a4916f4da4e660e39ad506f3ab18089,class_reliability_gamma_0p500,,0.5,
class_reliability_gamma_0p500,class_scaled_raw,True,0.38343452729325167,0.7664913987115364,0.8296178343949044,0.5867117117117117,0.9958677685950413,1256,8,189,1042,0.7179887094596571,0.5614793519608735,0.5211238607784312,11d09ee755dc4bd36cbb383824f33314e7f3f562d06e472ebdea0703dd966176,87d880683635e86b0e9d2e05d92fc2e0e594994075eab1f348d4b610bc5924db,class_reliability_gamma_0p500,,0.5,
class_reliability_gamma_0p500,class_scaled_raw,True,0.4,0.7618702790564963,0.8351020408163266,0.5760135135135135,0.9958677685950413,1225,8,177,1023,0.7179887094596571,0.5614793519608735,0.5211238607784312,11d09ee755dc4bd36cbb383824f33314e7f3f562d06e472ebdea0703dd966176,52c97dba244b2d24a51a2aac8ccd85c98e0afeb7f7c180a3e9eb989492764200,class_reliability_gamma_0p500,,0.5,
class_reliability_gamma_0p500,class_scaled_raw,True,0.5,0.7246597382636903,0.8891129032258065,0.4966216216216216,0.9984504132231405,992,3,96,882,0.7179887094596571,0.5614793519608735,0.5211238607784312,11d09ee755dc4bd36cbb383824f33314e7f3f562d06e472ebdea0703dd966176,b2e548b96ff1ca4ddbfc5cfb31799c913b3558891e735dbd6c55f5acb0671279,class_reliability_gamma_0p500,,0.5,
class_reliability_gamma_0p500,class_scaled_raw,True,0.6,0.6594474298259548,0.9300518134715026,0.40427927927927926,0.9994834710743802,772,1,50,718,0.7179887094596571,0.5614793519608735,0.5211238607784312,11d09ee755dc4bd36cbb383824f33314e7f3f562d06e472ebdea0703dd966176,1c46da629b98fd71c9d2962819d9d2e3c0c72dfc4d5fe206fca882201ddf4fa3,class_reliability_gamma_0p500,,0.5,
class_reliability_gamma_0p500,class_scaled_raw,True,0.6588120149666092,0.5960000000000001,0.9490445859872612,0.3355855855855856,1.0,628,0,30,596,0.7179887094596571,0.5614793519608735,0.5211238607784312,11d09ee755dc4bd36cbb383824f33314e7f3f562d06e472ebdea0703dd966176,eb4db0c3454c1b7aec26d637127452bbb8082519d5855e171488f597b467ae4b,class_reliability_gamma_0p500,,0.5,
class_reliability_gamma_0p500,class_scaled_raw,True,0.7,0.5463224893917963,0.9590316573556797,0.2899774774774775,1.0,537,0,20,515,0.7179887094596571,0.5614793519608735,0.5211238607784312,11d09ee755dc4bd36cbb383824f33314e7f3f562d06e472ebdea0703dd966176,bc806090c12959661fa8791d3da7b6234041f3e98a26a817b838721e3bfcccf1,class_reliability_gamma_0p500,,0.5,
class_reliability_gamma_0p500,class_scaled_raw,True,0.8,0.37119932432432434,0.979933110367893,0.16497747747747749,1.0,299,0,6,293,0.7179887094596571,0.5614793519608735,0.5211238607784312,11d09ee755dc4bd36cbb383824f33314e7f3f562d06e472ebdea0703dd966176,1b14e503eb42e43051b5878c1b7b7727ac6eb3c835e22755ae9e18c29fc00a70,class_reliability_gamma_0p500,,0.5,
class_reliability_gamma_0p500,class_scaled_raw,True,0.9,0.006726457399103139,1.0,0.0022522522522522522,1.0,4,0,0,4,0.7179887094596571,0.5614793519608735,0.5211238607784312,11d09ee755dc4bd36cbb383824f33314e7f3f562d06e472ebdea0703dd966176,b5b9e334c767f0fb42c8c43163391ec4c05da05cfb9190b12e1c2f838dc3e19c,class_reliability_gamma_0p500,,0.5,
class_reliability_gamma_0p500,class_scaled_raw,True,0.9343345761299132,0.001687289088863892,1.0,0.0005630630630630631,1.0,1,0,0,1,0.7179887094596571,0.5614793519608735,0.5211238607784312,11d09ee755dc4bd36cbb383824f33314e7f3f562d06e472ebdea0703dd966176,e38a0a17f74ee45545eb53984fef2f2dcd81de5b57f3c91a9708b1dab734f63e,class_reliability_gamma_0p500,,0.5,
class_reliability_gamma_0p750,class_scaled_raw,True,0.001565989410424521,0.33866600648543255,0.15681070177301198,0.8316441441441441,0.7820247933884298,9419,422,7151,1477,0.7179887094596571,0.5614793519608735,0.5211238607784312,14743caa4cc57c33b2d2bd2df0fd34256d7d843a2e9424b36f7def156c5bea46,6902f494ca71504a9b49b89abfbe9ede50d14597ba2dcbb65c74e01705e6ffce,class_reliability_gamma_0p750,,0.75,
class_reliability_gamma_0p750,class_scaled_raw,True,0.005003634576849434,0.44757426938470746,0.23232484076433121,0.821509009009009,0.8465909090909091,6280,297,4304,1459,0.7179887094596571,0.5614793519608735,0.5211238607784312,14743caa4cc57c33b2d2bd2df0fd34256d7d843a2e9424b36f7def156c5bea46,c9a2b5ef094e841168e72b373c25a8630307f2327e47e840a6bf29cc75d61cbf,class_reliability_gamma_0p750,,0.75,
class_reliability_gamma_0p750,class_scaled_raw,True,0.0218120824181051,0.5956494080975973,0.37208067940552014,0.7894144144144144,0.9240702479338843,3768,147,2113,1402,0.7179887094596571,0.5614793519608735,0.5211238607784312,14743caa4cc57c33b2d2bd2df0fd34256d7d843a2e9424b36f7def156c5bea46,e334de1b91b300a22e7f127d283fd6082651a81168e0ec107231a654c724ef60,class_reliability_gamma_0p750,,0.75,
class_reliability_gamma_0p750,class_scaled_raw,True,0.05,0.6840438529717361,0.4944974321349963,0.759009009009009,0.956095041322314,2726,85,1224,1348,0.7179887094596571,0.5614793519608735,0.5211238607784312,14743caa4cc57c33b2d2bd2df0fd34256d7d843a2e9424b36f7def156c5bea46,e44753883b908b1050a354cab39677acd606022004283d01adaae2e213f33509,class_reliability_gamma_0p750,,0.75,
class_reliability_gamma_0p750,class_scaled_raw,True,0.06129076978750275,0.7055955936786107,0.5314490445859873,0.7516891891891891,0.9617768595041323,2512,74,1040,1335,0.7179887094596571,0.5614793519608735,0.5211238607784312,14743caa4cc57c33b2d2bd2df0fd34256d7d843a2e9424b36f7def156c5bea46,fc605ff7e3f8d728c00b42c89b406992e0fe53b25bdb4c299f8286587f1cd267,class_reliability_gamma_0p750,,0.75,
class_reliability_gamma_0p750,class_scaled_raw,True,0.1,0.7373404937051037,0.603764705882353,0.7224099099099099,0.9726239669421488,2125,53,741,1283,0.7179887094596571,0.5614793519608735,0.5211238607784312,14743caa4cc57c33b2d2bd2df0fd34256d7d843a2e9424b36f7def156c5bea46,a1b2138e0a32d8cd27c8da788419c75f7dd85a45c78ad5a90fc294d7aaa2277d,class_reliability_gamma_0p750,,0.75,
class_reliability_gamma_0p750,class_scaled_raw,True,0.15,0.7611563345198475,0.6771349862258953,0.6920045045045045,0.9808884297520661,1815,37,517,1229,0.7179887094596571,0.5614793519608735,0.5211238607784312,14743caa4cc57c33b2d2bd2df0fd34256d7d843a2e9424b36f7def156c5bea46,37014153c12beb64bf0dd7f16310f2f7060c58c62203cde79b65cf02284a91ca,class_reliability_gamma_0p750,,0.75,
class_reliability_gamma_0p750,class_scaled_raw,True,0.2,0.7677031282086385,0.7235221674876847,0.6615990990990991,0.9860537190082644,1624,27,392,1175,0.7179887094596571,0.5614793519608735,0.5211238607784312,14743caa4cc57c33b2d2bd2df0fd34256d7d843a2e9424b36f7def156c5bea46,d518846c6f4096d7853f584938e44b45d10f57d16ece6725abe69c9fa31f83ca,class_reliability_gamma_0p750,,0.75,
class_reliability_gamma_0p750,class_scaled_raw,True,0.25,0.7735713512456105,0.7690217391304348,0.6373873873873874,0.9912190082644629,1472,17,301,1132,0.7179887094596571,0.5614793519608735,0.5211238607784312,14743caa4cc57c33b2d2bd2df0fd34256d7d843a2e9424b36f7def156c5bea46,98ecd069b95da44f53ce17d76794b71fd26bd32259267ddb2185f149b43ec181,class_reliability_gamma_0p750,,0.75,
class_reliability_gamma_0p750,class_scaled_raw,True,0.3,0.7693640144294912,0.7960381511371973,0.6109234234234234,0.993801652892562,1363,12,246,1085,0.7179887094596571,0.5614793519608735,0.5211238607784312,14743caa4cc57c33b2d2bd2df0fd34256d7d843a2e9424b36f7def156c5bea46,f59e6f0f931c283ab4eb54bbab2884ec163982ae84034f84a58e4dd1782ad795,class_reliability_gamma_0p750,,0.75,
class_reliability_gamma_0p750,class_scaled_raw,True,0.3490830158020978,0.7653971123543352,0.8280254777070064,0.5855855855855856,0.9958677685950413,1256,8,190,1040,0.7179887094596571,0.5614793519608735,0.5211238607784312,14743caa4cc57c33b2d2bd2df0fd34256d7d843a2e9424b36f7def156c5bea46,7ac1c7f323567e7fc1ae12d455686f28cb97b98c1acfd24a0417377fb52c41d3,class_reliability_gamma_0p750,,0.75,
class_reliability_gamma_0p750,class_scaled_raw,True,0.35,0.7652251066552032,0.828548644338118,0.5850225225225225,0.9958677685950413,1254,8,189,1039,0.7179887094596571,0.5614793519608735,0.5211238607784312,14743caa4cc57c33b2d2bd2df0fd34256d7d843a2e9424b36f7def156c5bea46,88b825fca26b7cf283938dd6fbefb733641312db88881d22a3901b32ce69a37d,class_reliability_gamma_0p750,,0.75,
class_reliability_gamma_0p750,class_scaled_raw,True,0.4,0.746137404840847,0.8481123792800702,0.543918918918919,0.996900826446281,1139,6,152,966,0.7179887094596571,0.5614793519608735,0.5211238607784312,14743caa4cc57c33b2d2bd2df0fd34256d7d843a2e9424b36f7def156c5bea46,69ca0fbad01bf798a0d75a8299ba94109cf5a22bfb16d4fcaed0c34e0cf58d2a,class_reliability_gamma_0p750,,0.75,
class_reliability_gamma_0p750,class_scaled_raw,True,0.5,0.6937410770850289,0.9040632054176072,0.4510135135135135,0.9989669421487604,886,2,80,801,0.7179887094596571,0.5614793519608735,0.5211238607784312,14743caa4cc57c33b2d2bd2df0fd34256d7d843a2e9424b36f7def156c5bea46,fae884096ba78379c5716c0edd02cfad4d12cf11cde7e90512222b5555f8bcb5,class_reliability_gamma_0p750,,0.75,
class_reliability_gamma_0p750,class_scaled_raw,True,0.6,0.6076570680628273,0.9364599092284418,0.34853603603603606,1.0,661,0,40,619,0.7179887094596571,0.5614793519608735,0.5211238607784312,14743caa4cc57c33b2d2bd2df0fd34256d7d843a2e9424b36f7def156c5bea46,57085db7b27664bb60aeb1e674372381f767f63f81977baa699bed1f119cf88a,class_reliability_gamma_0p750,,0.75,
class_reliability_gamma_0p750,class_scaled_raw,True,0.6181332942567797,0.5927903871829105,0.9426751592356688,0.3333333333333333,1.0,628,0,34,592,0.7179887094596571,0.5614793519608735,0.5211238607784312,14743caa4cc57c33b2d2bd2df0fd34256d7d843a2e9424b36f7def156c5bea46,7b779e1473b38c3d2a30eba1222afbbc8802c021b2dd784ea15ef6973b5acb5a,class_reliability_gamma_0p750,,0.75,
class_reliability_gamma_0p750,class_scaled_raw,True,0.7,0.4915445321307778,0.9710467706013363,0.24549549549549549,1.0,449,0,12,436,0.7179887094596571,0.5614793519608735,0.5211238607784312,14743caa4cc57c33b2d2bd2df0fd34256d7d843a2e9424b36f7def156c5bea46,28cc73bd918bd784f02028697d5995d89e62df46c4e8d02ec8e0f8049ca0dbf8,class_reliability_gamma_0p750,,0.75,
class_reliability_gamma_0p750,class_scaled_raw,True,0.8,0.23624288425047438,1.0,0.09346846846846847,1.0,166,0,0,166,0.7179887094596571,0.5614793519608735,0.5211238607784312,14743caa4cc57c33b2d2bd2df0fd34256d7d843a2e9424b36f7def156c5bea46,19c6d1fd34439e8360b12185d463462eb49bfee93392c97c18c8d2cb8e85eb8b,class_reliability_gamma_0p750,,0.75,
class_reliability_gamma_0p750,class_scaled_raw,True,0.9,0.006726457399103139,1.0,0.0022522522522522522,1.0,4,0,0,4,0.7179887094596571,0.5614793519608735,0.5211238607784312,14743caa4cc57c33b2d2bd2df0fd34256d7d843a2e9424b36f7def156c5bea46,b5b9e334c767f0fb42c8c43163391ec4c05da05cfb9190b12e1c2f838dc3e19c,class_reliability_gamma_0p750,,0.75,
class_reliability_gamma_0p750,class_scaled_raw,True,0.9343345761299132,0.001687289088863892,1.0,0.0005630630630630631,1.0,1,0,0,1,0.7179887094596571,0.5614793519608735,0.5211238607784312,14743caa4cc57c33b2d2bd2df0fd34256d7d843a2e9424b36f7def156c5bea46,e38a0a17f74ee45545eb53984fef2f2dcd81de5b57f3c91a9708b1dab734f63e,class_reliability_gamma_0p750,,0.75,
class_reliability_gamma_1p000,class_scaled_raw,True,0.0013828518718614288,0.3388298347584829,0.15691687015606753,0.8322072072072072,0.78150826446281,9419,423,7156,1478,0.7179887094596571,0.5614793519608735,0.5211238607784312,195b30f8da0434b8b71dcd0b3ba623a2d2af042489739b8f5ce488c137fb1854,249237a5c20a088aee6bf85c63bc9424c706aa8e2e956d8a1012b313ad6a0632,class_reliability_gamma_1p000,,1.0,
class_reliability_gamma_1p000,class_scaled_raw,True,0.0044724859403660186,0.44736957645401226,0.2321656050955414,0.8209459459459459,0.8471074380165289,6280,296,4309,1458,0.7179887094596571,0.5614793519608735,0.5211238607784312,195b30f8da0434b8b71dcd0b3ba623a2d2af042489739b8f5ce488c137fb1854,e6cc16c6c031fb0105a7183383633943778e02d493527199bb4045cb760cb73b,class_reliability_gamma_1p000,,1.0,
class_reliability_gamma_1p000,class_scaled_raw,True,0.019800337332736857,0.5957923612750063,0.37208067940552014,0.7894144144144144,0.925103305785124,3768,145,2115,1402,0.7179887094596571,0.5614793519608735,0.5211238607784312,195b30f8da0434b8b71dcd0b3ba623a2d2af042489739b8f5ce488c137fb1854,62804dcfa0d23e97531d3a36f03b449f69606b0819175036e7c67e52bbae0a0a,class_reliability_gamma_1p000,,1.0,
class_reliability_gamma_1p000,class_scaled_raw,True,0.05,0.6930822462485765,0.5091047040971168,0.7556306306306306,0.9607438016528925,2636,76,1155,1342,0.7179887094596571,0.5614793519608735,0.5211238607784312,195b30f8da0434b8b71dcd0b3ba623a2d2af042489739b8f5ce488c137fb1854,da4592ffff6cf5be3c25bc40c93ba25c160a97d3618cf373c24fd6d7adaba2c0,class_reliability_gamma_1p000,,1.0,
class_reliability_gamma_1p000,class_scaled_raw,True,0.055799256364749514,0.7056882255201501,0.5314490445859873,0.7516891891891891,0.9622933884297521,2512,73,1042,1335,0.7179887094596571,0.5614793519608735,0.5211238607784312,195b30f8da0434b8b71dcd0b3ba623a2d2af042489739b8f5ce488c137fb1854,4c60d9174002f030faf28a9f71c724f79641201dcd1c74e1366113627823a899,class_reliability_gamma_1p000,,1.0,
class_reliability_gamma_1p000,class_scaled_raw,True,0.1,0.7432843597946115,0.6193957115009746,0.7156531531531531,0.9762396694214877,2052,46,696,1271,0.7179887094596571,0.5614793519608735,0.5211238607784312,195b30f8da0434b8b71dcd0b3ba623a2d2af042489739b8f5ce488c137fb1854,61e37d661f72a77905adf89d30768656b58990acd85337d55a1d3a3c807d773f,class_reliability_gamma_1p000,,1.0,
class_reliability_gamma_1p000,class_scaled_raw,True,0.15,0.7638957377379401,0.6911680911680912,0.6829954954954955,0.9839876033057852,1755,31,479,1213,0.7179887094596571,0.5614793519608735,0.5211238607784312,195b30f8da0434b8b71dcd0b3ba623a2d2af042489739b8f5ce488c137fb1854,471850e8fe328ca482e9f26fef46aa40c69e22acc4b200dd84dd5a8ff9fed81a,class_reliability_gamma_1p000,,1.0,
class_reliability_gamma_1p000,class_scaled_raw,True,0.2,0.7695728173203716,0.7418111753371869,0.6503378378378378,0.987603305785124,1557,24,353,1155,0.7179887094596571,0.5614793519608735,0.5211238607784312,195b30f8da0434b8b71dcd0b3ba623a2d2af042489739b8f5ce488c137fb1854,3ead73040a885b1f5175adb574508e6c132c6f803a6b3543a1b06db494b6ffde,class_reliability_gamma_1p000,,1.0,
class_reliability_gamma_1p000,class_scaled_raw,True,0.25,0.7699113507945734,0.7779339423752635,0.6233108108108109,0.9932851239669421,1423,13,282,1107,0.7179887094596571,0.5614793519608735,0.5211238607784312,195b30f8da0434b8b71dcd0b3ba623a2d2af042489739b8f5ce488c137fb1854,0cb71dee8f52118794df09085445a094898352e1e7306a40a6c542206d7d65f7,class_reliability_gamma_1p000,,1.0,
class_reliability_gamma_1p000,class_scaled_raw,True,0.3,0.7660719607235204,0.812933025404157,0.5945945945945946,0.9958677685950413,1299,8,216,1056,0.7179887094596571,0.5614793519608735,0.5211238607784312,195b30f8da0434b8b71dcd0b3ba623a2d2af042489739b8f5ce488c137fb1854,7a92e715b7794404711e5b9ce32e43e327032fb781005c5451070dad4e27124c,class_reliability_gamma_1p000,,1.0,
class_reliability_gamma_1p000,class_scaled_raw,True,0.3203677917968698,0.7632053016840835,0.8248407643312102,0.5833333333333334,0.9958677685950413,1256,8,194,1036,0.7179887094596571,0.5614793519608735,0.5211238607784312,195b30f8da0434b8b71dcd0b3ba623a2d2af042489739b8f5ce488c137fb1854,55392a8397f1cb3c793144ec4c13acc65a8722015b37a4c067d33cdef9e19efc,class_reliability_gamma_1p000,,1.0,
class_reliability_gamma_1p000,class_scaled_raw,True,0.35,0.7484655599057576,0.8357446808510638,0.5529279279279279,0.996900826446281,1175,6,171,982,0.7179887094596571,0.5614793519608735,0.5211238607784312,195b30f8da0434b8b71dcd0b3ba623a2d2af042489739b8f5ce488c137fb1854,b8f5c978607a58ae6f2cc25712a81e656d459ae554008765dee9c3cab39e0c27,class_reliability_gamma_1p000,,1.0,
class_reliability_gamma_1p000,class_scaled_raw,True,0.4,0.7281021277113517,0.8591682419659735,0.5118243243243243,0.9974173553719008,1058,5,134,909,0.7179887094596571,0.5614793519608735,0.5211238607784312,195b30f8da0434b8b71dcd0b3ba623a2d2af042489739b8f5ce488c137fb1854,b3696dd0104bd61f1fb7e2a41fda83fb73b8e6f6ca496e63fe45fdbb68ac5148,class_reliability_gamma_1p000,,1.0,
class_reliability_gamma_1p000,class_scaled_raw,True,0.5,0.6554749636173542,0.9044025157232705,0.40484234234234234,0.9989669421487604,795,2,71,719,0.7179887094596571,0.5614793519608735,0.5211238607784312,195b30f8da0434b8b71dcd0b3ba623a2d2af042489739b8f5ce488c137fb1854,b2a6146766ccdc152ca0f596c7cb911757ded87a907e8d11baafdb8db5a24f0a,class_reliability_gamma_1p000,,1.0,
class_reliability_gamma_1p000,class_scaled_raw,True,0.5822109719385968,0.5903775476110925,0.9378980891719745,0.33164414414414417,1.0,628,0,37,589,0.7179887094596571,0.5614793519608735,0.5211238607784312,195b30f8da0434b8b71dcd0b3ba623a2d2af042489739b8f5ce488c137fb1854,f4ae294c1ec788346ae1d6453770df17431a9e281022852492187694123256b0,class_reliability_gamma_1p000,,1.0,
class_reliability_gamma_1p000,class_scaled_raw,True,0.6,0.5756646216768916,0.946218487394958,0.3170045045045045,1.0,595,0,30,563,0.7179887094596571,0.5614793519608735,0.5211238607784312,195b30f8da0434b8b71dcd0b3ba623a2d2af042489739b8f5ce488c137fb1854,85fc733084dc70411da0e863959b2eab532b686cca171b2631d0c115592b5a1d,class_reliability_gamma_1p000,,1.0,
class_reliability_gamma_1p000,class_scaled_raw,True,0.7,0.42857142857142855,0.9754098360655737,0.20101351351351351,1.0,366,0,9,357,0.7179887094596571,0.5614793519608735,0.5211238607784312,195b30f8da0434b8b71dcd0b3ba623a2d2af042489739b8f5ce488c137fb1854,bf1247c41da435178d6f4cba3008f3dc184a03459aa2256771e45424c9aa64fa,class_reliability_gamma_1p000,,1.0,
class_reliability_gamma_1p000,class_scaled_raw,True,0.8,0.023281596452328152,1.0,0.007882882882882882,1.0,14,0,0,14,0.7179887094596571,0.5614793519608735,0.5211238607784312,195b30f8da0434b8b71dcd0b3ba623a2d2af042489739b8f5ce488c137fb1854,77752eff84fba2b3ae2368f8093efc9518f04bde60a4e3db57ec3bd53c2adcc7,class_reliability_gamma_1p000,,1.0,
class_reliability_gamma_1p000,class_scaled_raw,True,0.9,0.006726457399103139,1.0,0.0022522522522522522,1.0,4,0,0,4,0.7179887094596571,0.5614793519608735,0.5211238607784312,195b30f8da0434b8b71dcd0b3ba623a2d2af042489739b8f5ce488c137fb1854,b5b9e334c767f0fb42c8c43163391ec4c05da05cfb9190b12e1c2f838dc3e19c,class_reliability_gamma_1p000,,1.0,
class_reliability_gamma_1p000,class_scaled_raw,True,0.9343345761299132,0.001687289088863892,1.0,0.0005630630630630631,1.0,1,0,0,1,0.7179887094596571,0.5614793519608735,0.5211238607784312,195b30f8da0434b8b71dcd0b3ba623a2d2af042489739b8f5ce488c137fb1854,e38a0a17f74ee45545eb53984fef2f2dcd81de5b57f3c91a9708b1dab734f63e,class_reliability_gamma_1p000,,1.0,
raw_light_geom_gate_0p050,light_geometry_gate,False,0.0021704148113810984,0.33879745190175503,0.15691687015606753,0.8322072072072072,0.78099173553719,9419,424,7138,1478,0.7179887094596571,0.5614793519608735,0.5211238607784312,9a63ed7917f025f8347c64e7255017e6db28a79ae2a547feb45badbd74d38648,0d561edfee8584ce9e37120683aea7a722a1c3dd2e6e761c67bd5bd3d5630e02,raw_light_geom_gate_0p050,,,0.05
raw_light_geom_gate_0p050,light_geometry_gate,False,0.006812201388295471,0.4470073293858594,0.2318471337579618,0.8198198198198198,0.8486570247933884,6280,293,4304,1456,0.7179887094596571,0.5614793519608735,0.5211238607784312,9a63ed7917f025f8347c64e7255017e6db28a79ae2a547feb45badbd74d38648,d924d76fc573cce1146274b5f2d943baffb0f04c1a13459b56ef142f67a1dea4,raw_light_geom_gate_0p050,,,0.05
raw_light_geom_gate_0p050,light_geometry_gate,False,0.02820215574238964,0.5971264658549463,0.37314225053078554,0.7916666666666666,0.925103305785124,3768,145,2109,1406,0.7179887094596571,0.5614793519608735,0.5211238607784312,9a63ed7917f025f8347c64e7255017e6db28a79ae2a547feb45badbd74d38648,4513588f4b01853c80b4db1b4f88a39b4e7d7e91c812d0d0f7d183aea67bf256,raw_light_geom_gate_0p050,,,0.05
raw_light_geom_gate_0p050,light_geometry_gate,False,0.05,0.659259570799205,0.4552710342534087,0.7708333333333334,0.9462809917355371,3007,104,1453,1369,0.7179887094596571,0.5614793519608735,0.5211238607784312,9a63ed7917f025f8347c64e7255017e6db28a79ae2a547feb45badbd74d38648,08c8cbacd7c23bcd03099dfa57fd3955a3aa4573b6f5189ac3a3f7a017abd330,raw_light_geom_gate_0p050,,,0.05
raw_light_geom_gate_0p050,light_geometry_gate,False,0.08032508968385038,0.7019665536778175,0.5286624203821656,0.7477477477477478,0.9571280991735537,2512,83,1036,1328,0.7179887094596571,0.5614793519608735,0.5211238607784312,9a63ed7917f025f8347c64e7255017e6db28a79ae2a547feb45badbd74d38648,275e5830d222030f8026859c89f6b7c2edabf45d2cf36856fe30541799e8aa16,raw_light_geom_gate_0p050,,,0.05
raw_light_geom_gate_0p050,light_geometry_gate,False,0.1,0.7211340936442178,0.5658178679326715,0.7381756756756757,0.9633264462809917,2317,71,878,1311,0.7179887094596571,0.5614793519608735,0.5211238607784312,9a63ed7917f025f8347c64e7255017e6db28a79ae2a547feb45badbd74d38648,01cb991d1454b8919b95293457c111373a2d7e38f4f6f70d68b2aa748a42b81f,raw_light_geom_gate_0p050,,,0.05
raw_light_geom_gate_0p050,light_geometry_gate,False,0.15,0.749259251397527,0.6322067594433399,0.7162162162162162,0.9746900826446281,2012,49,647,1272,0.7179887094596571,0.5614793519608735,0.5211238607784312,9a63ed7917f025f8347c64e7255017e6db28a79ae2a547feb45badbd74d38648,f9535ed2b526a0e56df546339859f4c6bc58cac3f44cdab5db10153ea237d77a,raw_light_geom_gate_0p050,,,0.05
raw_light_geom_gate_0p050,light_geometry_gate,False,0.2,0.7633990281224332,0.6810154525386314,0.6948198198198198,0.9783057851239669,1812,42,501,1234,0.7179887094596571,0.5614793519608735,0.5211238607784312,9a63ed7917f025f8347c64e7255017e6db28a79ae2a547feb45badbd74d38648,3a68c6e59e2ee8c3a7fc3bdb30132af6b78073ec0c83555331b0379f1ac00808,raw_light_geom_gate_0p050,,,0.05
raw_light_geom_gate_0p050,light_geometry_gate,False,0.25,0.7729937420141713,0.7269957343083485,0.6717342342342343,0.9834710743801653,1641,32,387,1193,0.7179887094596571,0.5614793519608735,0.5211238607784312,9a63ed7917f025f8347c64e7255017e6db28a79ae2a547feb45badbd74d38648,75cf8d0c9e5e9ee764a7d68f18cde14df9dd43a1298db0cc2f1d38cee35211f9,raw_light_geom_gate_0p050,,,0.05
raw_light_geom_gate_0p050,light_geometry_gate,False,0.3,0.775501881355173,0.7555410691003911,0.6525900900900901,0.987603305785124,1534,24,325,1159,0.7179887094596571,0.5614793519608735,0.5211238607784312,9a63ed7917f025f8347c64e7255017e6db28a79ae2a547feb45badbd74d38648,6e07cf9008b89d011d441771a83b410b97782cbede8c57aecec148f2f580dcb6,raw_light_geom_gate_0p050,,,0.05
raw_light_geom_gate_0p050,light_geometry_gate,False,0.35,0.7744838182452576,0.7807933194154488,0.6317567567567568,0.9901859504132231,1437,19,274,1122,0.7179887094596571,0.5614793519608735,0.5211238607784312,9a63ed7917f025f8347c64e7255017e6db28a79ae2a547feb45badbd74d38648,5ceb3ea222ed2541fe36ea61f4f9c6c5229b1198f4bee45c2c9763becf4421b5,raw_light_geom_gate_0p050,,,0.05
raw_light_geom_gate_0p050,light_geometry_gate,False,0.4,0.7720287674316656,0.8050407709414381,0.6114864864864865,0.9917355371900827,1349,16,229,1086,0.7179887094596571,0.5614793519608735,0.5211238607784312,9a63ed7917f025f8347c64e7255017e6db28a79ae2a547feb45badbd74d38648,0f2a6649006a8e274f6eaff8e561f524626459d75d8296f9027eee544d97cf74,raw_light_geom_gate_0p050,,,0.05
raw_light_geom_gate_0p050,light_geometry_gate,False,0.4502244443618433,0.764301747210533,0.8264331210191083,0.5844594594594594,0.9958677685950413,1256,8,192,1038,0.7179887094596571,0.5614793519608735,0.5211238607784312,9a63ed7917f025f8347c64e7255017e6db28a79ae2a547feb45badbd74d38648,f370a3b811be00478a9d06e46459128024c01601bbbb7b69c12b23bd6e3fc866,raw_light_geom_gate_0p050,,,0.05
raw_light_geom_gate_0p050,light_geometry_gate,False,0.5,0.7533236209742641,0.8479381443298969,0.5557432432432432,0.9963842975206612,1164,7,154,987,0.7179887094596571,0.5614793519608735,0.5211238607784312,9a63ed7917f025f8347c64e7255017e6db28a79ae2a547feb45badbd74d38648,496a53d991f4c322c6cb61538772363d861d34387cd80299f94f08a240c08e76,raw_light_geom_gate_0p050,,,0.05
raw_light_geom_gate_0p050,light_geometry_gate,False,0.6,0.7228884476753622,0.8946830265848671,0.49268018018018017,0.9974173553719008,978,5,89,875,0.7179887094596571,0.5614793519608735,0.5211238607784312,9a63ed7917f025f8347c64e7255017e6db28a79ae2a547feb45badbd74d38648,1074fa7d8ae66379f03b1a6828ba8a6822043a7fbf7e3a3221e010054c1e9b8a,raw_light_geom_gate_0p050,,,0.05
raw_light_geom_gate_0p050,light_geometry_gate,False,0.7,0.6721954161640531,0.9322459222082811,0.41835585585585583,1.0,797,0,49,743,0.7179887094596571,0.5614793519608735,0.5211238607784312,9a63ed7917f025f8347c64e7255017e6db28a79ae2a547feb45badbd74d38648,7947834fb4f3e94c5d9a41fab28a9bc94e4c8252f864ac93984e2d8933dea2d7,raw_light_geom_gate_0p050,,,0.05
raw_light_geom_gate_0p050,light_geometry_gate,False,0.7850139247342056,0.6007984031936128,0.9585987261146497,0.33896396396396394,1.0,628,0,23,602,0.7179887094596571,0.5614793519608735,0.5211238607784312,9a63ed7917f025f8347c64e7255017e6db28a79ae2a547feb45badbd74d38648,543894f05991a344d67ea2445ba4e6f3ef17dc6910fdbe507d87fd4ab876d901,raw_light_geom_gate_0p050,,,0.05
raw_light_geom_gate_0p050,light_geometry_gate,False,0.8,0.5809751108080464,0.9643463497453311,0.31981981981981983,1.0,589,0,18,568,0.7179887094596571,0.5614793519608735,0.5211238607784312,9a63ed7917f025f8347c64e7255017e6db28a79ae2a547feb45badbd74d38648,791f5ac23fc29dc0565f06949c34f6450a9dad2a989b21f8bbf68d3c419bfbd2,raw_light_geom_gate_0p050,,,0.05
raw_light_geom_gate_0p050,light_geometry_gate,False,0.9,0.37230899113550026,0.9832775919732442,0.16554054054054054,1.0,299,0,5,294,0.7179887094596571,0.5614793519608735,0.5211238607784312,9a63ed7917f025f8347c64e7255017e6db28a79ae2a547feb45badbd74d38648,948cddcc81d8d06e42c69371192a1dcce7acac71e44851631762ee4431a96684,raw_light_geom_gate_0p050,,,0.05
raw_light_geom_gate_0p050,light_geometry_gate,False,0.9801940871887936,0.001687289088863892,1.0,0.0005630630630630631,1.0,1,0,0,1,0.7179887094596571,0.5614793519608735,0.5211238607784312,9a63ed7917f025f8347c64e7255017e6db28a79ae2a547feb45badbd74d38648,b074905080870fe5a63e1f2d23e9f2b3785055549f6db11a708d362599796897,raw_light_geom_gate_0p050,,,0.05
raw_light_geom_gate_0p100,light_geometry_gate,False,0.002060812382482102,0.33879745190175503,0.15691687015606753,0.8322072072072072,0.78099173553719,9419,424,7138,1478,0.7179887094596571,0.5614793519608735,0.5211238607784312,f08b82ab59515ad155a83fd042b3a03aa822cbdb604d4036fc48b301fca278c4,a8a389e90bfb3bdb5fef94a9e1843870c0359ba2d66d75e495726b902081c390,raw_light_geom_gate_0p100,,,0.1
raw_light_geom_gate_0p100,light_geometry_gate,False,0.006481043889645284,0.44695953727255233,0.2318471337579618,0.8198198198198198,0.8481404958677686,6280,294,4303,1456,0.7179887094596571,0.5614793519608735,0.5211238607784312,f08b82ab59515ad155a83fd042b3a03aa822cbdb604d4036fc48b301fca278c4,f28e53193b6a4f87de7452bf34e0a99b93ce543f3af85cf30c06c9ca54f98344,raw_light_geom_gate_0p100,,,0.1
raw_light_geom_gate_0p100,light_geometry_gate,False,0.027037772517229886,0.597198168519469,0.37314225053078554,0.7916666666666666,0.9256198347107438,3768,144,2110,1406,0.7179887094596571,0.5614793519608735,0.5211238607784312,f08b82ab59515ad155a83fd042b3a03aa822cbdb604d4036fc48b301fca278c4,68acf9b573de82a75bc305ab8feb3ba3766f7af118e411c5f92b23efb076608c,raw_light_geom_gate_0p100,,,0.1
raw_light_geom_gate_0p100,light_geometry_gate,False,0.05,0.6629521883990628,0.46114864864864863,0.768581081081081,0.9473140495867769,2960,102,1412,1365,0.7179887094596571,0.5614793519608735,0.5211238607784312,f08b82ab59515ad155a83fd042b3a03aa822cbdb604d4036fc48b301fca278c4,b48eec8c9d2be2328b87547cc3493f29093af49f0c7c0e33d524f23358204b4b,raw_light_geom_gate_0p100,,,0.1
raw_light_geom_gate_0p100,light_geometry_gate,False,0.07766540940216195,0.7019665536778175,0.5286624203821656,0.7477477477477478,0.9571280991735537,2512,83,1035,1328,0.7179887094596571,0.5614793519608735,0.5211238607784312,f08b82ab59515ad155a83fd042b3a03aa822cbdb604d4036fc48b301fca278c4,3419fab67edafe1bc141247b3f7816fe3ee58ea3725852ba1455ec029e890a1c,raw_light_geom_gate_0p100,,,0.1
raw_light_geom_gate_0p100,light_geometry_gate,False,0.1,0.7232051723304777,0.5698129621574598,0.7376126126126126,0.9638429752066116,2299,70,862,1310,0.7179887094596571,0.5614793519608735,0.5211238607784312,f08b82ab59515ad155a83fd042b3a03aa822cbdb604d4036fc48b301fca278c4,269ad6fc47216fff5b2f1c72440ee8de8b558126db17ebe19d90658849cdef43,raw_light_geom_gate_0p100,,,0.1
raw_light_geom_gate_0p100,light_geometry_gate,False,0.15,0.7497224955161489,0.6358613761928679,0.7128378378378378,0.9746900826446281,1991,49,632,1266,0.7179887094596571,0.5614793519608735,0.5211238607784312,f08b82ab59515ad155a83fd042b3a03aa822cbdb604d4036fc48b301fca278c4,ee3be728512fe67cdfcc5a8c5249a4f991b16b3ec20d09ead61afc522975c2d2,raw_light_geom_gate_0p100,,,0.1
raw_light_geom_gate_0p100,light_geometry_gate,False,0.2,0.7640365095936841,0.6844741235392321,0.6925675675675675,0.9788223140495868,1797,41,492,1230,0.7179887094596571,0.5614793519608735,0.5211238607784312,f08b82ab59515ad155a83fd042b3a03aa822cbdb604d4036fc48b301fca278c4,bea1a947dd9a0e87df3af9e020e97b8742fe912b506d41adc4aa82e470c1dcf1,raw_light_geom_gate_0p100,,,0.1
raw_light_geom_gate_0p100,light_geometry_gate,False,0.25,0.773685416219715,0.7294981640146879,0.6711711711711712,0.9834710743801653,1634,32,381,1192,0.7179887094596571,0.5614793519608735,0.5211238607784312,f08b82ab59515ad155a83fd042b3a03aa822cbdb604d4036fc48b301fca278c4,9c0a0fb943a872ca45524a1dc5962b832bfbc2b9c887027da2f37a2ffdba008d,raw_light_geom_gate_0p100,,,0.1
raw_light_geom_gate_0p100,light_geometry_gate,False,0.3,0.7760856000554645,0.7573577501635056,0.652027027027027,0.9886363636363636,1529,22,324,1158,0.7179887094596571,0.5614793519608735,0.5211238607784312,f08b82ab59515ad155a83fd042b3a03aa822cbdb604d4036fc48b301fca278c4,b22db712c0f7bb7a8b923278f2bd54281cc45dd3a59987479474d8e4dab32df9,raw_light_geom_gate_0p100,,,0.1
raw_light_geom_gate_0p100,light_geometry_gate,False,0.35,0.7738189989268133,0.7804878048780488,0.6306306306306306,0.9901859504132231,1435,19,274,1120,0.7179887094596571,0.5614793519608735,0.5211238607784312,f08b82ab59515ad155a83fd042b3a03aa822cbdb604d4036fc48b301fca278c4,53daa732819fa3c1c4089096c7c752b80ae75daf0590ee040e441d49463cd171,raw_light_geom_gate_0p100,,,0.1
raw_light_geom_gate_0p100,light_geometry_gate,False,0.4,0.771524147693573,0.8053491827637445,0.6103603603603603,0.9917355371900827,1346,16,228,1084,0.7179887094596571,0.5614793519608735,0.5211238607784312,f08b82ab59515ad155a83fd042b3a03aa822cbdb604d4036fc48b301fca278c4,9be12216d268fe397858f8d5c726eaffb77e34fe57099054fc5fccfd235991f9,raw_light_geom_gate_0p100,,,0.1
raw_light_geom_gate_0p100,light_geometry_gate,False,0.44865910979969825,0.764301747210533,0.8264331210191083,0.5844594594594594,0.9958677685950413,1256,8,192,1038,0.7179887094596571,0.5614793519608735,0.5211238607784312,f08b82ab59515ad155a83fd042b3a03aa822cbdb604d4036fc48b301fca278c4,9177129bae98ca8a9aa0503f71b29d945c7fa425c8005a8008137da4ee476e96,raw_light_geom_gate_0p100,,,0.1
raw_light_geom_gate_0p100,light_geometry_gate,False,0.5,0.7537160898864281,0.8520761245674741,0.5546171171171171,0.9963842975206612,1156,7,148,985,0.7179887094596571,0.5614793519608735,0.5211238607784312,f08b82ab59515ad155a83fd042b3a03aa822cbdb604d4036fc48b301fca278c4,00e5e3d5445ad9d17938ac1687e57d31e7ac459ff0ff074252b9a32ba224caf2,raw_light_geom_gate_0p100,,,0.1
raw_light_geom_gate_0p100,light_geometry_gate,False,0.6,0.7218029384254382,0.8952772073921971,0.49099099099099097,0.9974173553719008,974,5,88,872,0.7179887094596571,0.5614793519608735,0.5211238607784312,f08b82ab59515ad155a83fd042b3a03aa822cbdb604d4036fc48b301fca278c4,aef1fb76697c677688830d457a7b70d4d1e14a1fdcd7d4b91b810cac2ac6cd5c,raw_light_geom_gate_0p100,,,0.1
raw_light_geom_gate_0p100,light_geometry_gate,False,0.7,0.6718985813462119,0.9333333333333333,0.4177927927927928,1.0,795,0,48,742,0.7179887094596571,0.5614793519608735,0.5211238607784312,f08b82ab59515ad155a83fd042b3a03aa822cbdb604d4036fc48b301fca278c4,ac965e3633d528e596eb36c902c428116edb19af8bf487352f2a4ab873538106,raw_light_geom_gate_0p100,,,0.1
raw_light_geom_gate_0p100,light_geometry_gate,False,0.7843108449308287,0.6007984031936128,0.9585987261146497,0.33896396396396394,1.0,628,0,23,602,0.7179887094596571,0.5614793519608735,0.5211238607784312,f08b82ab59515ad155a83fd042b3a03aa822cbdb604d4036fc48b301fca278c4,543894f05991a344d67ea2445ba4e6f3ef17dc6910fdbe507d87fd4ab876d901,raw_light_geom_gate_0p100,,,0.1
raw_light_geom_gate_0p100,light_geometry_gate,False,0.8,0.5784615384615385,0.9641025641025641,0.31756756756756754,1.0,585,0,18,564,0.7179887094596571,0.5614793519608735,0.5211238607784312,f08b82ab59515ad155a83fd042b3a03aa822cbdb604d4036fc48b301fca278c4,5a3f85939a9aea2491f2dc5b10a3d0c1d7d044ddfe04168439cd2f3e82713c38,raw_light_geom_gate_0p100,,,0.1
raw_light_geom_gate_0p100,light_geometry_gate,False,0.9,0.37230899113550026,0.9832775919732442,0.16554054054054054,1.0,299,0,5,294,0.7179887094596571,0.5614793519608735,0.5211238607784312,f08b82ab59515ad155a83fd042b3a03aa822cbdb604d4036fc48b301fca278c4,948cddcc81d8d06e42c69371192a1dcce7acac71e44851631762ee4431a96684,raw_light_geom_gate_0p100,,,0.1
raw_light_geom_gate_0p100,light_geometry_gate,False,0.9801831749307186,0.001687289088863892,1.0,0.0005630630630630631,1.0,1,0,0,1,0.7179887094596571,0.5614793519608735,0.5211238607784312,f08b82ab59515ad155a83fd042b3a03aa822cbdb604d4036fc48b301fca278c4,b074905080870fe5a63e1f2d23e9f2b3785055549f6db11a708d362599796897,raw_light_geom_gate_0p100,,,0.1
raw_light_geom_gate_0p200,light_geometry_gate,False,0.0018411525749073546,0.33879745190175503,0.15691687015606753,0.8322072072072072,0.78099173553719,9419,424,7138,1478,0.7179887094596571,0.5614793519608735,0.5211238607784312,3970fe8d155741826b0f7b6e7e314a7a4021e077e2f91823795c7c0845d3c8ab,64eff5c1ca4f9bc50adf4c87ec1dc84c853e966898e485f64d5063fcfb0a843e,raw_light_geom_gate_0p200,,,0.2
raw_light_geom_gate_0p200,light_geometry_gate,False,0.005820610124409471,0.44695953727255233,0.2318471337579618,0.8198198198198198,0.8481404958677686,6280,294,4303,1456,0.7179887094596571,0.5614793519608735,0.5211238607784312,3970fe8d155741826b0f7b6e7e314a7a4021e077e2f91823795c7c0845d3c8ab,25a97a0edfb52407b0a21413ac2e8c995caea8840a50b5d4b9b21f52420c8423,raw_light_geom_gate_0p200,,,0.2
raw_light_geom_gate_0p200,light_geometry_gate,False,0.024702028053394467,0.5974843521276058,0.37314225053078554,0.7916666666666666,0.9276859504132231,3768,140,2113,1406,0.7179887094596571,0.5614793519608735,0.5211238607784312,3970fe8d155741826b0f7b6e7e314a7a4021e077e2f91823795c7c0845d3c8ab,d76ef67f7d47ddff854eeb458a617343e3458123224925d1f00401e0f995025d,raw_light_geom_gate_0p200,,,0.2
raw_light_geom_gate_0p200,light_geometry_gate,False,0.05,0.6707237701650481,0.4724054147865325,0.7663288288288288,0.9514462809917356,2881,94,1346,1361,0.7179887094596571,0.5614793519608735,0.5211238607784312,3970fe8d155741826b0f7b6e7e314a7a4021e077e2f91823795c7c0845d3c8ab,ad2e3ac663f4d58281c4e0d751d93d711217af30f2f2e4430575e770abc0cae2,raw_light_geom_gate_0p200,,,0.2
raw_light_geom_gate_0p200,light_geometry_gate,False,0.07300403828580562,0.7023658453666113,0.5290605095541401,0.7483108108108109,0.9571280991735537,2512,83,1034,1329,0.7179887094596571,0.5614793519608735,0.5211238607784312,3970fe8d155741826b0f7b6e7e314a7a4021e077e2f91823795c7c0845d3c8ab,6dcac63a770c2a414374fe9c23b7e0663d64c681a4ad693dcb19fdd44c5ed91d,raw_light_geom_gate_0p200,,,0.2
raw_light_geom_gate_0p200,light_geometry_gate,False,0.1,0.7261765824361716,0.5770593445527015,0.7336711711711712,0.9659090909090909,2258,66,834,1303,0.7179887094596571,0.5614793519608735,0.5211238607784312,3970fe8d155741826b0f7b6e7e314a7a4021e077e2f91823795c7c0845d3c8ab,f3d91eea34dbf86fa018edcd8a194efa4623e46f5f03c5893ba6fc0560934c2c,raw_light_geom_gate_0p200,,,0.2
raw_light_geom_gate_0p200,light_geometry_gate,False,0.15,0.7527206885852168,0.6430753564154786,0.7111486486486487,0.9762396694214877,1964,46,612,1263,0.7179887094596571,0.5614793519608735,0.5211238607784312,3970fe8d155741826b0f7b6e7e314a7a4021e077e2f91823795c7c0845d3c8ab,580c8a44c510bf953487f7ce72152ec52984ba6a1a00fa009a3166daf9df6fff,raw_light_geom_gate_0p200,,,0.2
raw_light_geom_gate_0p200,light_geometry_gate,False,0.2,0.7642862964158139,0.688413948256468,0.6891891891891891,0.9788223140495868,1778,41,479,1224,0.7179887094596571,0.5614793519608735,0.5211238607784312,3970fe8d155741826b0f7b6e7e314a7a4021e077e2f91823795c7c0845d3c8ab,53b4931f9140247b7b6b99156c36c1b094bb06829dde0f9bbe4361a127c9309c,raw_light_geom_gate_0p200,,,0.2
raw_light_geom_gate_0p200,light_geometry_gate,False,0.25,0.7746751268559895,0.7360248447204969,0.6672297297297297,0.9850206611570248,1610,29,368,1185,0.7179887094596571,0.5614793519608735,0.5211238607784312,3970fe8d155741826b0f7b6e7e314a7a4021e077e2f91823795c7c0845d3c8ab,6e5d9c79f8b32a47f94e9b13278ef7204b14892b1c35bdaa268a220a16ba1a29,raw_light_geom_gate_0p200,,,0.2
raw_light_geom_gate_0p200,light_geometry_gate,False,0.3,0.7757532133965211,0.7603960396039604,0.6486486486486487,0.9896694214876033,1515,20,318,1152,0.7179887094596571,0.5614793519608735,0.5211238607784312,3970fe8d155741826b0f7b6e7e314a7a4021e077e2f91823795c7c0845d3c8ab,093f91cacfb0ae32b29aa7a11fd331d8c8891543bc0f5742c41cf0f7951ff8ba,raw_light_geom_gate_0p200,,,0.2
raw_light_geom_gate_0p200,light_geometry_gate,False,0.35,0.7755085221491295,0.7867698803659395,0.6295045045045045,0.9912190082644629,1421,17,266,1118,0.7179887094596571,0.5614793519608735,0.5211238607784312,3970fe8d155741826b0f7b6e7e314a7a4021e077e2f91823795c7c0845d3c8ab,b9521be8db8682afedf8f82a8e254108afb66a4924698ae95dae7b0ac6c6e6c9,raw_light_geom_gate_0p200,,,0.2
raw_light_geom_gate_0p200,light_geometry_gate,False,0.4,0.7725110995322446,0.8098802395209581,0.6092342342342343,0.9927685950413223,1336,14,221,1082,0.7179887094596571,0.5614793519608735,0.5211238607784312,3970fe8d155741826b0f7b6e7e314a7a4021e077e2f91823795c7c0845d3c8ab,4036d7daaff58061902a916ef3ad06159bff70f4ef860d9823b4ab0a6875776e,raw_light_geom_gate_0p200,,,0.2
raw_light_geom_gate_0p200,light_geometry_gate,False,0.4440097572771552,0.7648495647304383,0.8272292993630573,0.5850225225225225,0.9958677685950413,1256,8,191,1039,0.7179887094596571,0.5614793519608735,0.5211238607784312,3970fe8d155741826b0f7b6e7e314a7a4021e077e2f91823795c7c0845d3c8ab,1f428fc0f3725da786f3a3c715516653387608caf24fc7ea2b6ea0d17f844bf2,raw_light_geom_gate_0p200,,,0.2
raw_light_geom_gate_0p200,light_geometry_gate,False,0.5,0.754105668140206,0.8549087749782798,0.5540540540540541,0.9963842975206612,1151,7,146,984,0.7179887094596571,0.5614793519608735,0.5211238607784312,3970fe8d155741826b0f7b6e7e314a7a4021e077e2f91823795c7c0845d3c8ab,0949862c44e5216ab8ec54ec5d985c335fe96278a801d3ac6846b5d40832e55d,raw_light_geom_gate_0p200,,,0.2
raw_light_geom_gate_0p200,light_geometry_gate,False,0.6,0.7214326673144871,0.8969072164948454,0.48986486486486486,0.9979338842975206,970,4,87,870,0.7179887094596571,0.5614793519608735,0.5211238607784312,3970fe8d155741826b0f7b6e7e314a7a4021e077e2f91823795c7c0845d3c8ab,d611a7267accaf150d0639eebdfb730947afcdd9cb7567fcadda8fcdea1353ea,raw_light_geom_gate_0p200,,,0.2
raw_light_geom_gate_0p200,light_geometry_gate,False,0.7,0.6711003627569528,0.9343434343434344,0.4166666666666667,1.0,792,0,47,740,0.7179887094596571,0.5614793519608735,0.5211238607784312,3970fe8d155741826b0f7b6e7e314a7a4021e077e2f91823795c7c0845d3c8ab,9a4ca69782c5b082fea1013031b76bed2612d18a984b97034886345de78553f2,raw_light_geom_gate_0p200,,,0.2
raw_light_geom_gate_0p200,light_geometry_gate,False,0.7828256186623214,0.6007984031936128,0.9585987261146497,0.33896396396396394,1.0,628,0,23,602,0.7179887094596571,0.5614793519608735,0.5211238607784312,3970fe8d155741826b0f7b6e7e314a7a4021e077e2f91823795c7c0845d3c8ab,f8bba7b210a0fb9ee6dcb676477ef479a909ab2b35028c878663cb6bd23ce12d,raw_light_geom_gate_0p200,,,0.2
raw_light_geom_gate_0p200,light_geometry_gate,False,0.8,0.577199589181787,0.9639794168096055,0.31644144144144143,1.0,583,0,18,562,0.7179887094596571,0.5614793519608735,0.5211238607784312,3970fe8d155741826b0f7b6e7e314a7a4021e077e2f91823795c7c0845d3c8ab,e68a5224919f977a48db8635ac8ac622e9383408cbc275f3b66f3c221697d349,raw_light_geom_gate_0p200,,,0.2
raw_light_geom_gate_0p200,light_geometry_gate,False,0.9,0.37071519255184093,0.9898305084745763,0.16441441441441443,1.0,295,0,3,292,0.7179887094596571,0.5614793519608735,0.5211238607784312,3970fe8d155741826b0f7b6e7e314a7a4021e077e2f91823795c7c0845d3c8ab,54cc5e4b1e44aa4b9b6d5f13dbe312d626abe2cb9179e79ea4d7947d1a6ad898,raw_light_geom_gate_0p200,,,0.2
raw_light_geom_gate_0p200,light_geometry_gate,False,0.9801613504145683,0.001687289088863892,1.0,0.0005630630630630631,1.0,1,0,0,1,0.7179887094596571,0.5614793519608735,0.5211238607784312,3970fe8d155741826b0f7b6e7e314a7a4021e077e2f91823795c7c0845d3c8ab,b074905080870fe5a63e1f2d23e9f2b3785055549f6db11a708d362599796897,raw_light_geom_gate_0p200,,,0.2
