image_id,det_id,risk_label_tp,risk_error_type
lvis_000000543043,lvis_000000543043_yw_263093,1,known_tp
lvis_000000397133,lvis_000000397133_yw_193951,1,known_tp
lvis_000000005060,lvis_000000005060_yw_002462,1,known_tp
lvis_000000197388,lvis_000000197388_yw_096602,1,known_tp
lvis_000000510095,lvis_000000510095_yw_248059,1,known_tp
lvis_000000012639,lvis_000000012639_yw_005720,1,known_tp
lvis_000000080273,lvis_000000080273_yw_035758,1,known_tp
lvis_000000394559,lvis_000000394559_yw_192909,1,known_tp
lvis_000000370677,lvis_000000370677_yw_181070,1,known_tp
lvis_000000370677,lvis_000000370677_yw_181071,1,known_tp
lvis_000000378454,lvis_000000378454_yw_186264,1,known_tp
lvis_000000095155,lvis_000000095155_yw_042637,1,known_tp
lvis_000000128699,lvis_000000128699_yw_057330,1,known_tp
lvis_000000541123,lvis_000000541123_yw_262131,1,known_tp
lvis_000000541123,lvis_000000541123_yw_262132,1,known_tp
lvis_000000197388,lvis_000000197388_yw_096603,1,known_tp
lvis_000000012639,lvis_000000012639_yw_005721,1,known_tp
lvis_000000210273,lvis_000000210273_yw_102141,1,known_tp
lvis_000000211674,lvis_000000211674_yw_102927,1,known_tp
lvis_000000197388,lvis_000000197388_yw_096604,1,known_tp
lvis_000000095155,lvis_000000095155_yw_042638,1,known_tp
lvis_000000012639,lvis_000000012639_yw_005722,1,known_tp
lvis_000000229553,lvis_000000229553_yw_112894,1,known_tp
lvis_000000161861,lvis_000000161861_yw_077014,1,known_tp
lvis_000000123480,lvis_000000123480_yw_054659,1,known_tp
lvis_000000210273,lvis_000000210273_yw_102142,1,known_tp
lvis_000000541123,lvis_000000541123_yw_262133,1,known_tp
lvis_000000084241,lvis_000000084241_yw_037915,1,known_tp
lvis_000000370677,lvis_000000370677_yw_181072,1,known_tp
lvis_000000299609,lvis_000000299609_yw_146966,1,known_tp
lvis_000000387916,lvis_000000387916_yw_190176,1,known_tp
lvis_000000458223,lvis_000000458223_yw_223705,1,known_tp
lvis_000000197388,lvis_000000197388_yw_096605,1,known_tp
lvis_000000323751,lvis_000000323751_yw_158178,1,known_tp
lvis_000000335529,lvis_000000335529_yw_163459,1,known_tp
lvis_000000442161,lvis_000000442161_yw_216564,1,known_tp
lvis_000000571598,lvis_000000571598_yw_277203,1,known_tp
lvis_000000005992,lvis_000000005992_yw_002696,1,known_tp
lvis_000000009448,lvis_000000009448_yw_004439,1,known_tp
lvis_000000095155,lvis_000000095155_yw_042639,1,known_tp
lvis_000000158227,lvis_000000158227_yw_075200,1,known_tp
lvis_000000275392,lvis_000000275392_yw_133207,1,known_tp
lvis_000000215259,lvis_000000215259_yw_105681,1,known_tp
lvis_000000226154,lvis_000000226154_yw_110490,1,known_tp
lvis_000000105264,lvis_000000105264_yw_046623,1,known_tp
lvis_000000518326,lvis_000000518326_yw_251631,1,known_tp
lvis_000000078823,lvis_000000078823_yw_034826,1,known_tp
lvis_000000571598,lvis_000000571598_yw_277204,1,known_tp
lvis_000000210273,lvis_000000210273_yw_102143,1,known_tp
lvis_000000061471,lvis_000000061471_yw_028031,1,known_tp
lvis_000000571598,lvis_000000571598_yw_277205,1,known_tp
lvis_000000105264,lvis_000000105264_yw_046624,1,known_tp
lvis_000000078823,lvis_000000078823_yw_034827,1,known_tp
lvis_000000105264,lvis_000000105264_yw_046625,1,known_tp
lvis_000000105264,lvis_000000105264_yw_046626,1,known_tp
lvis_000000105264,lvis_000000105264_yw_046627,1,known_tp
lvis_000000323751,lvis_000000323751_yw_158179,1,known_tp
lvis_000000005992,lvis_000000005992_yw_002697,1,known_tp
lvis_000000105264,lvis_000000105264_yw_046628,1,known_tp
lvis_000000541123,lvis_000000541123_yw_262134,1,known_tp
lvis_000000387916,lvis_000000387916_yw_190177,1,known_tp
lvis_000000210273,lvis_000000210273_yw_102144,1,known_tp
lvis_000000275392,lvis_000000275392_yw_133208,1,known_tp
lvis_000000147740,lvis_000000147740_yw_069622,1,known_tp
lvis_000000421060,lvis_000000421060_yw_205078,1,known_tp
lvis_000000210273,lvis_000000210273_yw_102145,1,known_tp
lvis_000000355905,lvis_000000355905_yw_172840,1,known_tp
lvis_000000255749,lvis_000000255749_yw_123927,1,known_tp
lvis_000000442161,lvis_000000442161_yw_216565,1,known_tp
lvis_000000387916,lvis_000000387916_yw_190178,1,known_tp
lvis_000000146667,lvis_000000146667_yw_068254,1,known_tp
lvis_000000387916,lvis_000000387916_yw_190179,1,known_tp
lvis_000000442161,lvis_000000442161_yw_216566,1,known_tp
lvis_000000210273,lvis_000000210273_yw_102146,1,known_tp
lvis_000000095155,lvis_000000095155_yw_042640,1,known_tp
lvis_000000541123,lvis_000000541123_yw_262135,1,known_tp
lvis_000000190637,lvis_000000190637_yw_092823,1,known_tp
lvis_000000210273,lvis_000000210273_yw_102147,1,known_tp
lvis_000000379332,lvis_000000379332_yw_186882,1,known_tp
lvis_000000105264,lvis_000000105264_yw_046629,1,known_tp
lvis_000000387916,lvis_000000387916_yw_190180,1,known_tp
lvis_000000210273,lvis_000000210273_yw_102148,1,known_tp
lvis_000000210273,lvis_000000210273_yw_102149,1,known_tp
lvis_000000197388,lvis_000000197388_yw_096606,1,known_tp
lvis_000000196442,lvis_000000196442_yw_096297,0,background_false_accept
lvis_000000441543,lvis_000000441543_yw_215812,1,known_tp
lvis_000000146667,lvis_000000146667_yw_068255,1,known_tp
lvis_000000012639,lvis_000000012639_yw_005723,1,known_tp
lvis_000000108503,lvis_000000108503_yw_048081,1,known_tp
lvis_000000387916,lvis_000000387916_yw_190181,1,known_tp
lvis_000000210273,lvis_000000210273_yw_102150,1,known_tp
lvis_000000387916,lvis_000000387916_yw_190182,1,known_tp
lvis_000000005992,lvis_000000005992_yw_002698,1,known_tp
lvis_000000387916,lvis_000000387916_yw_190183,1,known_tp
lvis_000000197528,lvis_000000197528_yw_096614,1,known_tp
lvis_000000210273,lvis_000000210273_yw_102151,1,known_tp
lvis_000000541123,lvis_000000541123_yw_262136,1,known_tp
lvis_000000210273,lvis_000000210273_yw_102152,1,known_tp
lvis_000000146667,lvis_000000146667_yw_068256,1,known_tp
lvis_000000210273,lvis_000000210273_yw_102153,1,known_tp
lvis_000000485237,lvis_000000485237_yw_236840,1,known_tp
lvis_000000128699,lvis_000000128699_yw_057331,1,known_tp
lvis_000000541123,lvis_000000541123_yw_262137,1,known_tp
lvis_000000210273,lvis_000000210273_yw_102154,1,known_tp
lvis_000000324818,lvis_000000324818_yw_158651,1,known_tp
lvis_000000215259,lvis_000000215259_yw_105682,1,known_tp
lvis_000000147740,lvis_000000147740_yw_069623,1,known_tp
lvis_000000361621,lvis_000000361621_yw_176434,1,known_tp
lvis_000000464522,lvis_000000464522_yw_228046,1,known_tp
lvis_000000084241,lvis_000000084241_yw_037916,1,known_tp
lvis_000000081394,lvis_000000081394_yw_036162,1,known_tp
lvis_000000255749,lvis_000000255749_yw_123928,1,known_tp
lvis_000000210273,lvis_000000210273_yw_102155,1,known_tp
lvis_000000108503,lvis_000000108503_yw_048082,1,known_tp
lvis_000000147740,lvis_000000147740_yw_069624,1,known_tp
lvis_000000210273,lvis_000000210273_yw_102156,1,known_tp
lvis_000000146667,lvis_000000146667_yw_068257,1,known_tp
lvis_000000146667,lvis_000000146667_yw_068258,1,known_tp
lvis_000000167486,lvis_000000167486_yw_080216,1,known_tp
lvis_000000226154,lvis_000000226154_yw_110491,1,known_tp
lvis_000000244379,lvis_000000244379_yw_119738,1,known_tp
lvis_000000147740,lvis_000000147740_yw_069625,1,known_tp
lvis_000000012639,lvis_000000012639_yw_005724,1,known_tp
lvis_000000146667,lvis_000000146667_yw_068259,1,known_tp
lvis_000000167486,lvis_000000167486_yw_080217,1,known_tp
lvis_000000210273,lvis_000000210273_yw_102157,1,known_tp
lvis_000000059598,lvis_000000059598_yw_026043,1,known_tp
lvis_000000128699,lvis_000000128699_yw_057332,1,known_tp
lvis_000000387916,lvis_000000387916_yw_190184,1,known_tp
lvis_000000271471,lvis_000000271471_yw_131554,1,known_tp
lvis_000000324818,lvis_000000324818_yw_158652,1,known_tp
lvis_000000323751,lvis_000000323751_yw_158180,1,known_tp
lvis_000000157756,lvis_000000157756_yw_074883,1,known_tp
lvis_000000407298,lvis_000000407298_yw_198135,1,known_tp
lvis_000000196442,lvis_000000196442_yw_096298,1,known_tp
lvis_000000167486,lvis_000000167486_yw_080218,0,background_false_accept
lvis_000000210273,lvis_000000210273_yw_102158,0,background_false_accept
lvis_000000210273,lvis_000000210273_yw_102159,1,known_tp
lvis_000000084241,lvis_000000084241_yw_037917,1,known_tp
lvis_000000485237,lvis_000000485237_yw_236841,1,known_tp
lvis_000000128699,lvis_000000128699_yw_057333,1,known_tp
lvis_000000012639,lvis_000000012639_yw_005725,0,background_false_accept
lvis_000000128699,lvis_000000128699_yw_057334,1,known_tp
lvis_000000167486,lvis_000000167486_yw_080219,1,known_tp
lvis_000000441543,lvis_000000441543_yw_215813,1,known_tp
lvis_000000012639,lvis_000000012639_yw_005726,0,background_false_accept
lvis_000000210273,lvis_000000210273_yw_102160,1,known_tp
lvis_000000210273,lvis_000000210273_yw_102161,1,known_tp
lvis_000000146667,lvis_000000146667_yw_068260,0,background_false_accept
lvis_000000128699,lvis_000000128699_yw_057335,0,background_false_accept
lvis_000000210273,lvis_000000210273_yw_102162,1,known_tp
lvis_000000128699,lvis_000000128699_yw_057336,1,known_tp
lvis_000000064868,lvis_000000064868_yw_028619,1,known_tp
lvis_000000314264,lvis_000000314264_yw_154902,1,known_tp
lvis_000000012639,lvis_000000012639_yw_005727,0,background_false_accept
lvis_000000146667,lvis_000000146667_yw_068261,1,known_tp
lvis_000000541123,lvis_000000541123_yw_262138,0,background_false_accept
lvis_000000255749,lvis_000000255749_yw_123929,1,known_tp
lvis_000000379332,lvis_000000379332_yw_186883,1,known_tp
lvis_000000189752,lvis_000000189752_yw_092384,1,known_tp
lvis_000000128699,lvis_000000128699_yw_057337,1,known_tp
lvis_000000210273,lvis_000000210273_yw_102163,0,background_false_accept
lvis_000000571598,lvis_000000571598_yw_277206,0,background_false_accept
lvis_000000211674,lvis_000000211674_yw_102928,0,background_false_accept
lvis_000000005992,lvis_000000005992_yw_002699,1,known_tp
lvis_000000387916,lvis_000000387916_yw_190185,1,known_tp
lvis_000000211674,lvis_000000211674_yw_102929,1,known_tp
lvis_000000157756,lvis_000000157756_yw_074884,1,known_tp
lvis_000000210273,lvis_000000210273_yw_102164,0,background_false_accept
lvis_000000210273,lvis_000000210273_yw_102165,1,known_tp
lvis_000000244379,lvis_000000244379_yw_119739,1,known_tp
lvis_000000458223,lvis_000000458223_yw_223706,1,known_tp
lvis_000000146667,lvis_000000146667_yw_068262,1,known_tp
lvis_000000146667,lvis_000000146667_yw_068263,1,known_tp
lvis_000000059598,lvis_000000059598_yw_026044,0,background_false_accept
lvis_000000128699,lvis_000000128699_yw_057338,1,known_tp
lvis_000000441543,lvis_000000441543_yw_215814,1,known_tp
lvis_000000335529,lvis_000000335529_yw_163460,1,known_tp
lvis_000000157756,lvis_000000157756_yw_074885,1,known_tp
lvis_000000441543,lvis_000000441543_yw_215815,0,background_false_accept
lvis_000000194216,lvis_000000194216_yw_095239,0,unknown_false_accept
lvis_000000157756,lvis_000000157756_yw_074886,0,background_false_accept
lvis_000000210273,lvis_000000210273_yw_102166,1,known_tp
lvis_000000488664,lvis_000000488664_yw_237732,1,known_tp
lvis_000000441543,lvis_000000441543_yw_215816,1,known_tp
lvis_000000210273,lvis_000000210273_yw_102167,0,background_false_accept
lvis_000000012639,lvis_000000012639_yw_005728,1,known_tp
lvis_000000128699,lvis_000000128699_yw_057339,1,known_tp
lvis_000000491613,lvis_000000491613_yw_239201,0,background_false_accept
lvis_000000189752,lvis_000000189752_yw_092385,1,known_tp
lvis_000000157756,lvis_000000157756_yw_074887,1,known_tp
lvis_000000147740,lvis_000000147740_yw_069626,1,known_tp
lvis_000000210273,lvis_000000210273_yw_102168,1,known_tp
lvis_000000335529,lvis_000000335529_yw_163461,1,known_tp
lvis_000000146667,lvis_000000146667_yw_068264,1,known_tp
lvis_000000210273,lvis_000000210273_yw_102169,1,known_tp
lvis_000000226154,lvis_000000226154_yw_110492,1,known_tp
lvis_000000394559,lvis_000000394559_yw_192910,0,background_false_accept
lvis_000000211674,lvis_000000211674_yw_102930,1,known_tp
lvis_000000098497,lvis_000000098497_yw_044032,0,background_false_accept
lvis_000000541123,lvis_000000541123_yw_262139,1,known_tp
lvis_000000157756,lvis_000000157756_yw_074888,1,known_tp
lvis_000000147740,lvis_000000147740_yw_069627,1,known_tp
lvis_000000210273,lvis_000000210273_yw_102170,1,known_tp
lvis_000000078823,lvis_000000078823_yw_034828,1,known_tp
lvis_000000255749,lvis_000000255749_yw_123930,1,known_tp
lvis_000000441543,lvis_000000441543_yw_215817,1,known_tp
lvis_000000210273,lvis_000000210273_yw_102171,1,known_tp
lvis_000000226154,lvis_000000226154_yw_110493,1,known_tp
lvis_000000167486,lvis_000000167486_yw_080220,0,background_false_accept
lvis_000000315001,lvis_000000315001_yw_154961,1,known_tp
lvis_000000271471,lvis_000000271471_yw_131555,1,known_tp
lvis_000000078823,lvis_000000078823_yw_034829,1,known_tp
lvis_000000157756,lvis_000000157756_yw_074889,1,known_tp
lvis_000000012639,lvis_000000012639_yw_005729,1,known_tp
lvis_000000211674,lvis_000000211674_yw_102931,1,known_tp
lvis_000000005992,lvis_000000005992_yw_002700,1,known_tp
lvis_000000211674,lvis_000000211674_yw_102932,0,background_false_accept
lvis_000000442161,lvis_000000442161_yw_216567,1,known_tp
lvis_000000441543,lvis_000000441543_yw_215818,1,known_tp
lvis_000000210273,lvis_000000210273_yw_102172,0,background_false_accept
lvis_000000210273,lvis_000000210273_yw_102173,0,background_false_accept
lvis_000000387916,lvis_000000387916_yw_190186,1,known_tp
lvis_000000513181,lvis_000000513181_yw_249448,1,known_tp
lvis_000000180878,lvis_000000180878_yw_086809,1,known_tp
lvis_000000128699,lvis_000000128699_yw_057340,1,known_tp
lvis_000000210273,lvis_000000210273_yw_102174,0,background_false_accept
lvis_000000194216,lvis_000000194216_yw_095240,0,unknown_false_accept
lvis_000000012639,lvis_000000012639_yw_005730,0,wrong_known_class_or_duplicate
lvis_000000441543,lvis_000000441543_yw_215819,1,known_tp
lvis_000000571598,lvis_000000571598_yw_277207,1,known_tp
lvis_000000012639,lvis_000000012639_yw_005731,1,known_tp
lvis_000000157756,lvis_000000157756_yw_074890,1,known_tp
lvis_000000475904,lvis_000000475904_yw_232426,1,known_tp
lvis_000000167486,lvis_000000167486_yw_080221,1,known_tp
lvis_000000197528,lvis_000000197528_yw_096615,0,background_false_accept
lvis_000000146667,lvis_000000146667_yw_068265,0,background_false_accept
lvis_000000210273,lvis_000000210273_yw_102175,1,known_tp
lvis_000000012639,lvis_000000012639_yw_005732,1,known_tp
lvis_000000485237,lvis_000000485237_yw_236842,1,known_tp
lvis_000000210273,lvis_000000210273_yw_102176,0,background_false_accept
lvis_000000239347,lvis_000000239347_yw_117724,1,known_tp
lvis_000000157756,lvis_000000157756_yw_074891,0,background_false_accept
lvis_000000128699,lvis_000000128699_yw_057341,1,known_tp
lvis_000000012639,lvis_000000012639_yw_005733,1,known_tp
lvis_000000410735,lvis_000000410735_yw_200321,1,known_tp
lvis_000000146667,lvis_000000146667_yw_068266,1,known_tp
lvis_000000157756,lvis_000000157756_yw_074892,1,known_tp
lvis_000000210273,lvis_000000210273_yw_102177,0,background_false_accept
lvis_000000210273,lvis_000000210273_yw_102178,0,background_false_accept
lvis_000000147740,lvis_000000147740_yw_069628,1,known_tp
lvis_000000441543,lvis_000000441543_yw_215820,1,known_tp
lvis_000000513181,lvis_000000513181_yw_249449,1,known_tp
lvis_000000084650,lvis_000000084650_yw_038390,1,known_tp
lvis_000000441543,lvis_000000441543_yw_215821,1,known_tp
lvis_000000421060,lvis_000000421060_yw_205079,0,background_false_accept
lvis_000000194216,lvis_000000194216_yw_095241,0,unknown_false_accept
lvis_000000157756,lvis_000000157756_yw_074893,1,known_tp
lvis_000000146667,lvis_000000146667_yw_068267,0,background_false_accept
lvis_000000210273,lvis_000000210273_yw_102179,0,background_false_accept
lvis_000000210273,lvis_000000210273_yw_102180,1,known_tp
lvis_000000255749,lvis_000000255749_yw_123931,1,known_tp
lvis_000000210273,lvis_000000210273_yw_102181,0,background_false_accept
lvis_000000081394,lvis_000000081394_yw_036163,1,known_tp
lvis_000000518326,lvis_000000518326_yw_251632,0,background_false_accept
lvis_000000239347,lvis_000000239347_yw_117725,0,background_false_accept
lvis_000000167486,lvis_000000167486_yw_080222,1,known_tp
lvis_000000105264,lvis_000000105264_yw_046631,0,background_false_accept
lvis_000000196442,lvis_000000196442_yw_096299,1,known_tp
lvis_000000421060,lvis_000000421060_yw_205080,1,known_tp
lvis_000000513181,lvis_000000513181_yw_249450,1,known_tp
lvis_000000518326,lvis_000000518326_yw_251633,0,unknown_false_accept
lvis_000000578500,lvis_000000578500_yw_280306,0,unknown_false_accept
lvis_000000146667,lvis_000000146667_yw_068268,0,background_false_accept
lvis_000000157756,lvis_000000157756_yw_074894,1,known_tp
lvis_000000541123,lvis_000000541123_yw_262140,0,background_false_accept
lvis_000000012639,lvis_000000012639_yw_005734,0,background_false_accept
lvis_000000397133,lvis_000000397133_yw_193952,0,background_false_accept
lvis_000000157756,lvis_000000157756_yw_074895,0,wrong_known_class_or_duplicate
lvis_000000441543,lvis_000000441543_yw_215822,1,known_tp
lvis_000000226154,lvis_000000226154_yw_110494,1,known_tp
lvis_000000012639,lvis_000000012639_yw_005735,0,background_false_accept
lvis_000000458223,lvis_000000458223_yw_223707,1,known_tp
lvis_000000211674,lvis_000000211674_yw_102933,0,background_false_accept
lvis_000000210273,lvis_000000210273_yw_102182,1,known_tp
lvis_000000211674,lvis_000000211674_yw_102934,0,background_false_accept
lvis_000000335529,lvis_000000335529_yw_163462,1,known_tp
lvis_000000578500,lvis_000000578500_yw_280307,0,unknown_false_accept
lvis_000000541123,lvis_000000541123_yw_262141,0,background_false_accept
lvis_000000146667,lvis_000000146667_yw_068269,1,known_tp
lvis_000000128699,lvis_000000128699_yw_057342,0,background_false_accept
lvis_000000315001,lvis_000000315001_yw_154962,1,known_tp
lvis_000000543043,lvis_000000543043_yw_263094,1,known_tp
lvis_000000513181,lvis_000000513181_yw_249451,1,known_tp
lvis_000000541123,lvis_000000541123_yw_262142,0,background_false_accept
lvis_000000167486,lvis_000000167486_yw_080223,1,known_tp
lvis_000000239347,lvis_000000239347_yw_117727,0,background_false_accept
lvis_000000012639,lvis_000000012639_yw_005736,0,background_false_accept
lvis_000000211674,lvis_000000211674_yw_102935,0,background_false_accept
lvis_000000210273,lvis_000000210273_yw_102183,0,background_false_accept
lvis_000000147740,lvis_000000147740_yw_069629,1,known_tp
lvis_000000361621,lvis_000000361621_yw_176436,0,wrong_known_class_or_duplicate
lvis_000000210273,lvis_000000210273_yw_102184,1,known_tp
lvis_000000485237,lvis_000000485237_yw_236843,1,known_tp
lvis_000000335529,lvis_000000335529_yw_163463,1,known_tp
lvis_000000108503,lvis_000000108503_yw_048083,0,background_false_accept
lvis_000000012639,lvis_000000012639_yw_005737,1,known_tp
lvis_000000315001,lvis_000000315001_yw_154963,1,known_tp
lvis_000000441543,lvis_000000441543_yw_215823,1,known_tp
lvis_000000146667,lvis_000000146667_yw_068271,0,background_false_accept
lvis_000000315001,lvis_000000315001_yw_154964,1,known_tp
lvis_000000146667,lvis_000000146667_yw_068272,0,background_false_accept
lvis_000000387916,lvis_000000387916_yw_190187,0,unknown_false_accept
lvis_000000541123,lvis_000000541123_yw_262143,0,background_false_accept
lvis_000000211674,lvis_000000211674_yw_102936,0,background_false_accept
lvis_000000064868,lvis_000000064868_yw_028620,0,wrong_known_class_or_duplicate
lvis_000000211674,lvis_000000211674_yw_102937,1,known_tp
lvis_000000012639,lvis_000000012639_yw_005739,0,background_false_accept
lvis_000000098497,lvis_000000098497_yw_044033,0,background_false_accept
lvis_000000157756,lvis_000000157756_yw_074896,1,known_tp
lvis_000000211674,lvis_000000211674_yw_102938,1,known_tp
lvis_000000441543,lvis_000000441543_yw_215824,0,background_false_accept
lvis_000000441543,lvis_000000441543_yw_215825,0,background_false_accept
lvis_000000211674,lvis_000000211674_yw_102939,0,background_false_accept
lvis_000000485237,lvis_000000485237_yw_236844,0,wrong_known_class_or_duplicate
lvis_000000157756,lvis_000000157756_yw_074897,1,known_tp
lvis_000000315001,lvis_000000315001_yw_154965,1,known_tp
lvis_000000146667,lvis_000000146667_yw_068273,0,background_false_accept
lvis_000000210273,lvis_000000210273_yw_102185,1,known_tp
lvis_000000541123,lvis_000000541123_yw_262144,0,background_false_accept
lvis_000000157756,lvis_000000157756_yw_074898,1,known_tp
lvis_000000081394,lvis_000000081394_yw_036164,1,known_tp
lvis_000000210273,lvis_000000210273_yw_102186,0,background_false_accept
lvis_000000541123,lvis_000000541123_yw_262145,0,background_false_accept
lvis_000000475904,lvis_000000475904_yw_232427,1,known_tp
lvis_000000211674,lvis_000000211674_yw_102940,1,known_tp
lvis_000000081394,lvis_000000081394_yw_036165,0,background_false_accept
lvis_000000106235,lvis_000000106235_yw_047154,0,unknown_false_accept
lvis_000000157756,lvis_000000157756_yw_074899,0,background_false_accept
lvis_000000147740,lvis_000000147740_yw_069630,0,wrong_known_class_or_duplicate
lvis_000000485237,lvis_000000485237_yw_236845,0,wrong_known_class_or_duplicate
lvis_000000518326,lvis_000000518326_yw_251634,1,known_tp
lvis_000000081394,lvis_000000081394_yw_036166,1,known_tp
lvis_000000513181,lvis_000000513181_yw_249452,1,known_tp
lvis_000000315001,lvis_000000315001_yw_154966,0,background_false_accept
lvis_000000157756,lvis_000000157756_yw_074900,1,known_tp
lvis_000000335529,lvis_000000335529_yw_163465,1,known_tp
lvis_000000098497,lvis_000000098497_yw_044034,0,background_false_accept
lvis_000000244379,lvis_000000244379_yw_119740,1,known_tp
lvis_000000543043,lvis_000000543043_yw_263095,0,background_false_accept
lvis_000000421060,lvis_000000421060_yw_205081,1,known_tp
lvis_000000157756,lvis_000000157756_yw_074902,0,background_false_accept
lvis_000000315001,lvis_000000315001_yw_154967,1,known_tp
lvis_000000157756,lvis_000000157756_yw_074903,1,known_tp
lvis_000000513181,lvis_000000513181_yw_249453,0,background_false_accept
lvis_000000518326,lvis_000000518326_yw_251635,0,background_false_accept
lvis_000000147740,lvis_000000147740_yw_069631,0,wrong_known_class_or_duplicate
lvis_000000315001,lvis_000000315001_yw_154968,0,background_false_accept
lvis_000000421060,lvis_000000421060_yw_205082,1,known_tp
lvis_000000210273,lvis_000000210273_yw_102187,1,known_tp
lvis_000000347456,lvis_000000347456_yw_169670,0,unknown_false_accept
lvis_000000189752,lvis_000000189752_yw_092386,1,known_tp
lvis_000000210273,lvis_000000210273_yw_102188,0,background_false_accept
lvis_000000210273,lvis_000000210273_yw_102189,0,background_false_accept
lvis_000000108503,lvis_000000108503_yw_048084,1,known_tp
lvis_000000210273,lvis_000000210273_yw_102190,0,background_false_accept
lvis_000000210273,lvis_000000210273_yw_102191,0,background_false_accept
lvis_000000012639,lvis_000000012639_yw_005740,1,known_tp
lvis_000000315001,lvis_000000315001_yw_154969,1,known_tp
lvis_000000210273,lvis_000000210273_yw_102192,0,background_false_accept
lvis_000000335529,lvis_000000335529_yw_163466,1,known_tp
lvis_000000098497,lvis_000000098497_yw_044035,0,background_false_accept
lvis_000000146667,lvis_000000146667_yw_068276,0,background_false_accept
lvis_000000335529,lvis_000000335529_yw_163467,0,background_false_accept
lvis_000000210273,lvis_000000210273_yw_102194,0,background_false_accept
lvis_000000543043,lvis_000000543043_yw_263097,1,known_tp
lvis_000000211674,lvis_000000211674_yw_102944,1,known_tp
lvis_000000485237,lvis_000000485237_yw_236846,1,known_tp
lvis_000000421060,lvis_000000421060_yw_205083,1,known_tp
lvis_000000578500,lvis_000000578500_yw_280308,0,unknown_false_accept
lvis_000000210273,lvis_000000210273_yw_102195,0,background_false_accept
lvis_000000128699,lvis_000000128699_yw_057343,0,background_false_accept
lvis_000000210273,lvis_000000210273_yw_102196,0,background_false_accept
lvis_000000315001,lvis_000000315001_yw_154970,0,background_false_accept
lvis_000000441543,lvis_000000441543_yw_215826,0,background_false_accept
lvis_000000210273,lvis_000000210273_yw_102197,1,known_tp
lvis_000000488664,lvis_000000488664_yw_237733,1,known_tp
lvis_000000146667,lvis_000000146667_yw_068277,0,background_false_accept
lvis_000000211674,lvis_000000211674_yw_102945,1,known_tp
lvis_000000427649,lvis_000000427649_yw_208494,1,known_tp
lvis_000000441543,lvis_000000441543_yw_215829,0,background_false_accept
lvis_000000030213,lvis_000000030213_yw_013581,0,background_false_accept
lvis_000000518326,lvis_000000518326_yw_251636,0,background_false_accept
lvis_000000315001,lvis_000000315001_yw_154971,1,known_tp
lvis_000000315001,lvis_000000315001_yw_154972,0,background_false_accept
lvis_000000518326,lvis_000000518326_yw_251637,0,background_false_accept
lvis_000000210273,lvis_000000210273_yw_102199,0,background_false_accept
lvis_000000215259,lvis_000000215259_yw_105683,0,background_false_accept
lvis_000000012639,lvis_000000012639_yw_005741,0,background_false_accept
lvis_000000335529,lvis_000000335529_yw_163468,0,background_false_accept
lvis_000000146667,lvis_000000146667_yw_068278,0,background_false_accept
lvis_000000157756,lvis_000000157756_yw_074904,0,background_false_accept
lvis_000000315001,lvis_000000315001_yw_154973,0,background_false_accept
lvis_000000157756,lvis_000000157756_yw_074905,0,background_false_accept
lvis_000000315001,lvis_000000315001_yw_154974,0,background_false_accept
lvis_000000488664,lvis_000000488664_yw_237734,1,known_tp
lvis_000000513181,lvis_000000513181_yw_249454,0,background_false_accept
lvis_000000210273,lvis_000000210273_yw_102200,0,background_false_accept
lvis_000000513181,lvis_000000513181_yw_249455,0,background_false_accept
lvis_000000315001,lvis_000000315001_yw_154975,0,background_false_accept
lvis_000000315001,lvis_000000315001_yw_154976,0,background_false_accept
lvis_000000098497,lvis_000000098497_yw_044036,0,background_false_accept
lvis_000000541664,lvis_000000541664_yw_262454,0,background_false_accept
lvis_000000147740,lvis_000000147740_yw_069632,0,background_false_accept
lvis_000000315001,lvis_000000315001_yw_154977,0,background_false_accept
lvis_000000315001,lvis_000000315001_yw_154978,0,background_false_accept
lvis_000000239347,lvis_000000239347_yw_117728,0,unknown_false_accept
lvis_000000394559,lvis_000000394559_yw_192911,0,background_false_accept
lvis_000000485237,lvis_000000485237_yw_236847,0,background_false_accept
lvis_000000146667,lvis_000000146667_yw_068282,0,background_false_accept
lvis_000000064868,lvis_000000064868_yw_028621,1,known_tp
lvis_000000315001,lvis_000000315001_yw_154979,0,background_false_accept
lvis_000000335529,lvis_000000335529_yw_163469,1,known_tp
lvis_000000315001,lvis_000000315001_yw_154980,0,background_false_accept
lvis_000000146667,lvis_000000146667_yw_068283,0,wrong_known_class_or_duplicate
lvis_000000541123,lvis_000000541123_yw_262147,0,background_false_accept
lvis_000000315001,lvis_000000315001_yw_154981,1,known_tp
lvis_000000081394,lvis_000000081394_yw_036168,0,background_false_accept
lvis_000000315001,lvis_000000315001_yw_154982,0,background_false_accept
lvis_000000387916,lvis_000000387916_yw_190189,0,background_false_accept
lvis_000000012639,lvis_000000012639_yw_005743,0,background_false_accept
lvis_000000541123,lvis_000000541123_yw_262148,0,background_false_accept
lvis_000000458223,lvis_000000458223_yw_223708,0,background_false_accept
lvis_000000513181,lvis_000000513181_yw_249456,0,background_false_accept
lvis_000000108503,lvis_000000108503_yw_048085,1,known_tp
lvis_000000146667,lvis_000000146667_yw_068284,0,background_false_accept
lvis_000000153343,lvis_000000153343_yw_072153,0,unknown_false_accept
lvis_000000211674,lvis_000000211674_yw_102948,0,background_false_accept
lvis_000000210273,lvis_000000210273_yw_102203,0,wrong_known_class_or_duplicate
lvis_000000210273,lvis_000000210273_yw_102204,1,known_tp
lvis_000000541123,lvis_000000541123_yw_262149,0,background_false_accept
lvis_000000226154,lvis_000000226154_yw_110496,1,known_tp
lvis_000000196442,lvis_000000196442_yw_096300,0,background_false_accept
lvis_000000146667,lvis_000000146667_yw_068286,1,known_tp
lvis_000000541123,lvis_000000541123_yw_262150,0,background_false_accept
lvis_000000541123,lvis_000000541123_yw_262151,1,known_tp
lvis_000000210273,lvis_000000210273_yw_102205,0,background_false_accept
lvis_000000081394,lvis_000000081394_yw_036170,0,background_false_accept
lvis_000000541123,lvis_000000541123_yw_262152,0,background_false_accept
lvis_000000315001,lvis_000000315001_yw_154983,0,background_false_accept
lvis_000000441543,lvis_000000441543_yw_215831,0,background_false_accept
lvis_000000210273,lvis_000000210273_yw_102206,0,background_false_accept
lvis_000000541664,lvis_000000541664_yw_262455,0,unknown_false_accept
lvis_000000431727,lvis_000000431727_yw_210600,0,unknown_false_accept
lvis_000000194216,lvis_000000194216_yw_095242,0,background_false_accept
lvis_000000541123,lvis_000000541123_yw_262154,0,background_false_accept
lvis_000000106235,lvis_000000106235_yw_047155,0,unknown_false_accept
lvis_000000211674,lvis_000000211674_yw_102950,0,background_false_accept
lvis_000000541123,lvis_000000541123_yw_262155,0,background_false_accept
lvis_000000210273,lvis_000000210273_yw_102207,1,known_tp
lvis_000000335529,lvis_000000335529_yw_163470,0,background_false_accept
lvis_000000210273,lvis_000000210273_yw_102208,0,wrong_known_class_or_duplicate
lvis_000000030213,lvis_000000030213_yw_013582,0,unknown_false_accept
lvis_000000106235,lvis_000000106235_yw_047156,0,background_false_accept
lvis_000000211674,lvis_000000211674_yw_102951,0,background_false_accept
lvis_000000323751,lvis_000000323751_yw_158181,0,background_false_accept
lvis_000000211674,lvis_000000211674_yw_102952,0,wrong_known_class_or_duplicate
lvis_000000332455,lvis_000000332455_yw_161741,0,background_false_accept
lvis_000000210273,lvis_000000210273_yw_102209,0,background_false_accept
lvis_000000541123,lvis_000000541123_yw_262157,0,background_false_accept
lvis_000000153343,lvis_000000153343_yw_072154,0,unknown_false_accept
lvis_000000541123,lvis_000000541123_yw_262158,0,background_false_accept
lvis_000000106235,lvis_000000106235_yw_047157,0,background_false_accept
lvis_000000081394,lvis_000000081394_yw_036171,0,background_false_accept
lvis_000000197528,lvis_000000197528_yw_096616,0,background_false_accept
lvis_000000211674,lvis_000000211674_yw_102953,0,background_false_accept
lvis_000000485237,lvis_000000485237_yw_236848,0,background_false_accept
lvis_000000441543,lvis_000000441543_yw_215832,0,background_false_accept
lvis_000000541123,lvis_000000541123_yw_262159,0,background_false_accept
lvis_000000541123,lvis_000000541123_yw_262160,0,background_false_accept
lvis_000000030213,lvis_000000030213_yw_013583,0,unknown_false_accept
lvis_000000210273,lvis_000000210273_yw_102211,0,wrong_known_class_or_duplicate
lvis_000000211674,lvis_000000211674_yw_102954,0,background_false_accept
lvis_000000541123,lvis_000000541123_yw_262162,0,background_false_accept
lvis_000000167486,lvis_000000167486_yw_080227,0,background_false_accept
lvis_000000153343,lvis_000000153343_yw_072155,0,unknown_false_accept
lvis_000000541123,lvis_000000541123_yw_262163,0,background_false_accept
lvis_000000543043,lvis_000000543043_yw_263099,0,wrong_known_class_or_duplicate
lvis_000000441543,lvis_000000441543_yw_215834,0,background_false_accept
lvis_000000157756,lvis_000000157756_yw_074906,1,known_tp
lvis_000000315001,lvis_000000315001_yw_154985,1,known_tp
lvis_000000541123,lvis_000000541123_yw_262164,0,background_false_accept
lvis_000000108503,lvis_000000108503_yw_048086,0,background_false_accept
lvis_000000541123,lvis_000000541123_yw_262165,0,unknown_false_accept
lvis_000000541123,lvis_000000541123_yw_262166,0,background_false_accept
lvis_000000315001,lvis_000000315001_yw_154986,0,background_false_accept
lvis_000000458223,lvis_000000458223_yw_223709,0,background_false_accept
lvis_000000323751,lvis_000000323751_yw_158182,1,known_tp
lvis_000000210273,lvis_000000210273_yw_102213,0,background_false_accept
lvis_000000157756,lvis_000000157756_yw_074907,0,wrong_known_class_or_duplicate
lvis_000000541123,lvis_000000541123_yw_262167,0,background_false_accept
lvis_000000541123,lvis_000000541123_yw_262168,0,background_false_accept
lvis_000000105264,lvis_000000105264_yw_046633,1,known_tp
lvis_000000323751,lvis_000000323751_yw_158183,0,background_false_accept
lvis_000000541664,lvis_000000541664_yw_262456,0,background_false_accept
lvis_000000541123,lvis_000000541123_yw_262169,0,background_false_accept
lvis_000000210273,lvis_000000210273_yw_102214,1,known_tp
lvis_000000098497,lvis_000000098497_yw_044038,0,background_false_accept
lvis_000000210273,lvis_000000210273_yw_102216,0,background_false_accept
lvis_000000197528,lvis_000000197528_yw_096617,0,background_false_accept
lvis_000000146667,lvis_000000146667_yw_068290,1,known_tp
lvis_000000081394,lvis_000000081394_yw_036172,1,known_tp
lvis_000000541664,lvis_000000541664_yw_262457,0,background_false_accept
lvis_000000533855,lvis_000000533855_yw_258884,0,background_false_accept
lvis_000000211674,lvis_000000211674_yw_102957,0,background_false_accept
lvis_000000314264,lvis_000000314264_yw_154903,0,background_false_accept
lvis_000000513181,lvis_000000513181_yw_249458,0,background_false_accept
lvis_000000108503,lvis_000000108503_yw_048087,0,background_false_accept
lvis_000000541123,lvis_000000541123_yw_262170,0,background_false_accept
lvis_000000541123,lvis_000000541123_yw_262171,0,background_false_accept
lvis_000000081394,lvis_000000081394_yw_036173,0,background_false_accept
lvis_000000431727,lvis_000000431727_yw_210601,0,unknown_false_accept
lvis_000000441543,lvis_000000441543_yw_215835,0,background_false_accept
lvis_000000513181,lvis_000000513181_yw_249459,0,wrong_known_class_or_duplicate
lvis_000000153343,lvis_000000153343_yw_072156,0,unknown_false_accept
lvis_000000541123,lvis_000000541123_yw_262172,0,background_false_accept
lvis_000000315001,lvis_000000315001_yw_154987,0,background_false_accept
lvis_000000541123,lvis_000000541123_yw_262173,0,background_false_accept
lvis_000000315001,lvis_000000315001_yw_154988,0,background_false_accept
lvis_000000005992,lvis_000000005992_yw_002701,0,background_false_accept
lvis_000000541123,lvis_000000541123_yw_262174,1,known_tp
lvis_000000323751,lvis_000000323751_yw_158184,0,background_false_accept
lvis_000000348012,lvis_000000348012_yw_169795,0,unknown_false_accept
lvis_000000421060,lvis_000000421060_yw_205085,1,known_tp
lvis_000000541123,lvis_000000541123_yw_262176,0,background_false_accept
lvis_000000431727,lvis_000000431727_yw_210602,0,unknown_false_accept
lvis_000000315001,lvis_000000315001_yw_154989,0,background_false_accept
lvis_000000441543,lvis_000000441543_yw_215836,0,background_false_accept
lvis_000000210273,lvis_000000210273_yw_102219,0,background_false_accept
lvis_000000210273,lvis_000000210273_yw_102220,0,background_false_accept
lvis_000000210273,lvis_000000210273_yw_102221,0,background_false_accept
lvis_000000485237,lvis_000000485237_yw_236849,1,known_tp
lvis_000000543043,lvis_000000543043_yw_263101,0,background_false_accept
lvis_000000513181,lvis_000000513181_yw_249460,0,background_false_accept
lvis_000000323751,lvis_000000323751_yw_158185,1,known_tp
lvis_000000210273,lvis_000000210273_yw_102222,0,background_false_accept
lvis_000000541123,lvis_000000541123_yw_262177,0,background_false_accept
lvis_000000541123,lvis_000000541123_yw_262178,0,background_false_accept
lvis_000000167486,lvis_000000167486_yw_080229,0,background_false_accept
lvis_000000410735,lvis_000000410735_yw_200323,0,unknown_false_accept
lvis_000000441543,lvis_000000441543_yw_215837,0,background_false_accept
lvis_000000012639,lvis_000000012639_yw_005745,0,background_false_accept
lvis_000000081394,lvis_000000081394_yw_036175,0,background_false_accept
lvis_000000541123,lvis_000000541123_yw_262179,0,background_false_accept
lvis_000000335529,lvis_000000335529_yw_163473,0,background_false_accept
lvis_000000513181,lvis_000000513181_yw_249461,1,known_tp
lvis_000000421060,lvis_000000421060_yw_205087,0,background_false_accept
lvis_000000541123,lvis_000000541123_yw_262180,0,background_false_accept
lvis_000000541123,lvis_000000541123_yw_262181,0,background_false_accept
lvis_000000315001,lvis_000000315001_yw_154990,0,background_false_accept
lvis_000000012639,lvis_000000012639_yw_005746,0,background_false_accept
lvis_000000541123,lvis_000000541123_yw_262182,0,background_false_accept
lvis_000000541123,lvis_000000541123_yw_262183,0,background_false_accept
lvis_000000541123,lvis_000000541123_yw_262184,0,background_false_accept
lvis_000000315001,lvis_000000315001_yw_154991,0,background_false_accept
lvis_000000518326,lvis_000000518326_yw_251638,0,unknown_false_accept
lvis_000000128699,lvis_000000128699_yw_057345,0,background_false_accept
lvis_000000513181,lvis_000000513181_yw_249462,0,background_false_accept
lvis_000000541123,lvis_000000541123_yw_262185,0,background_false_accept
lvis_000000211674,lvis_000000211674_yw_102961,0,background_false_accept
lvis_000000458223,lvis_000000458223_yw_223711,0,background_false_accept
lvis_000000441543,lvis_000000441543_yw_215838,0,background_false_accept
lvis_000000578500,lvis_000000578500_yw_280309,0,background_false_accept
lvis_000000541123,lvis_000000541123_yw_262186,0,background_false_accept
lvis_000000157756,lvis_000000157756_yw_074911,0,background_false_accept
lvis_000000441543,lvis_000000441543_yw_215839,0,background_false_accept
lvis_000000541123,lvis_000000541123_yw_262187,0,background_false_accept
lvis_000000541123,lvis_000000541123_yw_262188,0,background_false_accept
lvis_000000108503,lvis_000000108503_yw_048088,0,background_false_accept
lvis_000000541123,lvis_000000541123_yw_262189,1,known_tp
lvis_000000005992,lvis_000000005992_yw_002704,0,background_false_accept
lvis_000000323751,lvis_000000323751_yw_158186,0,wrong_known_class_or_duplicate
lvis_000000146667,lvis_000000146667_yw_068297,0,background_false_accept
lvis_000000513181,lvis_000000513181_yw_249463,0,background_false_accept
lvis_000000211674,lvis_000000211674_yw_102962,0,wrong_known_class_or_duplicate
lvis_000000541123,lvis_000000541123_yw_262190,0,background_false_accept
lvis_000000541123,lvis_000000541123_yw_262191,0,background_false_accept
lvis_000000541123,lvis_000000541123_yw_262192,0,background_false_accept
lvis_000000315001,lvis_000000315001_yw_154992,1,known_tp
lvis_000000541123,lvis_000000541123_yw_262193,0,background_false_accept
lvis_000000210273,lvis_000000210273_yw_102227,0,background_false_accept
lvis_000000335529,lvis_000000335529_yw_163475,0,background_false_accept
lvis_000000475904,lvis_000000475904_yw_232429,0,background_false_accept
lvis_000000421060,lvis_000000421060_yw_205088,0,background_false_accept
lvis_000000541123,lvis_000000541123_yw_262194,0,background_false_accept
lvis_000000543043,lvis_000000543043_yw_263104,0,background_false_accept
lvis_000000315001,lvis_000000315001_yw_154993,0,background_false_accept
lvis_000000315001,lvis_000000315001_yw_154994,0,background_false_accept
lvis_000000211674,lvis_000000211674_yw_102963,0,background_false_accept
lvis_000000211674,lvis_000000211674_yw_102964,0,background_false_accept
lvis_000000210273,lvis_000000210273_yw_102228,0,background_false_accept
lvis_000000211674,lvis_000000211674_yw_102965,0,background_false_accept
lvis_000000108503,lvis_000000108503_yw_048089,0,background_false_accept
lvis_000000541123,lvis_000000541123_yw_262195,0,background_false_accept
lvis_000000226154,lvis_000000226154_yw_110498,0,background_false_accept
lvis_000000194216,lvis_000000194216_yw_095243,0,background_false_accept
lvis_000000197528,lvis_000000197528_yw_096618,0,background_false_accept
lvis_000000106235,lvis_000000106235_yw_047158,0,unknown_false_accept
lvis_000000167486,lvis_000000167486_yw_080233,0,background_false_accept
lvis_000000513181,lvis_000000513181_yw_249464,0,background_false_accept
lvis_000000210273,lvis_000000210273_yw_102229,0,background_false_accept
lvis_000000543043,lvis_000000543043_yw_263105,0,background_false_accept
lvis_000000513181,lvis_000000513181_yw_249465,1,known_tp
lvis_000000541123,lvis_000000541123_yw_262196,0,background_false_accept
lvis_000000108503,lvis_000000108503_yw_048090,1,known_tp
lvis_000000167486,lvis_000000167486_yw_080234,0,background_false_accept
lvis_000000315001,lvis_000000315001_yw_154995,0,background_false_accept
lvis_000000541123,lvis_000000541123_yw_262199,0,background_false_accept
lvis_000000315001,lvis_000000315001_yw_154996,0,background_false_accept
lvis_000000541123,lvis_000000541123_yw_262200,0,background_false_accept
lvis_000000541123,lvis_000000541123_yw_262201,0,background_false_accept
lvis_000000541123,lvis_000000541123_yw_262202,0,background_false_accept
lvis_000000315001,lvis_000000315001_yw_154997,0,background_false_accept
lvis_000000147740,lvis_000000147740_yw_069634,0,background_false_accept
lvis_000000541123,lvis_000000541123_yw_262203,0,background_false_accept
lvis_000000210273,lvis_000000210273_yw_102230,0,background_false_accept
lvis_000000543043,lvis_000000543043_yw_263106,0,background_false_accept
lvis_000000541123,lvis_000000541123_yw_262204,0,background_false_accept
lvis_000000211674,lvis_000000211674_yw_102969,0,background_false_accept
lvis_000000541123,lvis_000000541123_yw_262205,0,background_false_accept
lvis_000000091654,lvis_000000091654_yw_041406,0,background_false_accept
lvis_000000541123,lvis_000000541123_yw_262206,0,background_false_accept
lvis_000000315001,lvis_000000315001_yw_154998,0,background_false_accept
lvis_000000541123,lvis_000000541123_yw_262207,0,background_false_accept
lvis_000000485237,lvis_000000485237_yw_236850,0,background_false_accept
lvis_000000541123,lvis_000000541123_yw_262208,0,background_false_accept
lvis_000000315001,lvis_000000315001_yw_154999,0,background_false_accept
lvis_000000335529,lvis_000000335529_yw_163476,0,background_false_accept
lvis_000000541123,lvis_000000541123_yw_262209,0,background_false_accept
lvis_000000315001,lvis_000000315001_yw_155000,0,background_false_accept
lvis_000000541123,lvis_000000541123_yw_262210,0,background_false_accept
lvis_000000541123,lvis_000000541123_yw_262211,0,background_false_accept
lvis_000000315001,lvis_000000315001_yw_155001,0,background_false_accept
lvis_000000146667,lvis_000000146667_yw_068300,0,background_false_accept
lvis_000000541123,lvis_000000541123_yw_262212,0,background_false_accept
lvis_000000196442,lvis_000000196442_yw_096301,1,known_tp
lvis_000000541123,lvis_000000541123_yw_262213,0,background_false_accept
lvis_000000387916,lvis_000000387916_yw_190193,0,background_false_accept
lvis_000000335529,lvis_000000335529_yw_163477,1,known_tp
lvis_000000106235,lvis_000000106235_yw_047159,0,unknown_false_accept
lvis_000000525600,lvis_000000525600_yw_254934,0,unknown_false_accept
lvis_000000210273,lvis_000000210273_yw_102234,1,known_tp
lvis_000000541123,lvis_000000541123_yw_262214,0,background_false_accept
lvis_000000421060,lvis_000000421060_yw_205089,0,background_false_accept
lvis_000000323751,lvis_000000323751_yw_158188,0,background_false_accept
lvis_000000541123,lvis_000000541123_yw_262215,0,background_false_accept
lvis_000000196442,lvis_000000196442_yw_096302,0,background_false_accept
lvis_000000541123,lvis_000000541123_yw_262216,0,background_false_accept
lvis_000000379332,lvis_000000379332_yw_186885,0,background_false_accept
lvis_000000541123,lvis_000000541123_yw_262217,0,background_false_accept
lvis_000000541123,lvis_000000541123_yw_262218,0,background_false_accept
lvis_000000347456,lvis_000000347456_yw_169671,0,unknown_false_accept
lvis_000000167486,lvis_000000167486_yw_080235,0,background_false_accept
lvis_000000226154,lvis_000000226154_yw_110499,0,background_false_accept
lvis_000000541123,lvis_000000541123_yw_262219,0,background_false_accept
lvis_000000239347,lvis_000000239347_yw_117732,1,known_tp
lvis_000000541123,lvis_000000541123_yw_262220,0,background_false_accept
lvis_000000210273,lvis_000000210273_yw_102237,0,background_false_accept
lvis_000000196442,lvis_000000196442_yw_096303,0,background_false_accept
lvis_000000541123,lvis_000000541123_yw_262221,0,background_false_accept
lvis_000000541123,lvis_000000541123_yw_262222,0,background_false_accept
lvis_000000315001,lvis_000000315001_yw_155003,0,background_false_accept
lvis_000000541123,lvis_000000541123_yw_262223,0,background_false_accept
lvis_000000030213,lvis_000000030213_yw_013584,0,background_false_accept
lvis_000000541123,lvis_000000541123_yw_262225,0,background_false_accept
lvis_000000210273,lvis_000000210273_yw_102238,0,background_false_accept
lvis_000000315001,lvis_000000315001_yw_155004,0,background_false_accept
lvis_000000541123,lvis_000000541123_yw_262226,0,background_false_accept
lvis_000000541123,lvis_000000541123_yw_262227,0,background_false_accept
lvis_000000157756,lvis_000000157756_yw_074914,0,background_false_accept
lvis_000000226154,lvis_000000226154_yw_110500,0,background_false_accept
lvis_000000541123,lvis_000000541123_yw_262229,0,background_false_accept
lvis_000000541123,lvis_000000541123_yw_262230,0,background_false_accept
lvis_000000541123,lvis_000000541123_yw_262231,0,background_false_accept
lvis_000000541123,lvis_000000541123_yw_262232,0,background_false_accept
lvis_000000211674,lvis_000000211674_yw_102975,0,background_false_accept
lvis_000000315001,lvis_000000315001_yw_155005,0,background_false_accept
lvis_000000315001,lvis_000000315001_yw_155006,0,background_false_accept
lvis_000000541123,lvis_000000541123_yw_262233,0,background_false_accept
lvis_000000211674,lvis_000000211674_yw_102976,0,background_false_accept
lvis_000000210273,lvis_000000210273_yw_102239,1,known_tp
lvis_000000541123,lvis_000000541123_yw_262234,0,background_false_accept
lvis_000000541123,lvis_000000541123_yw_262235,0,background_false_accept
lvis_000000541123,lvis_000000541123_yw_262236,0,background_false_accept
lvis_000000541123,lvis_000000541123_yw_262237,0,background_false_accept
lvis_000000441543,lvis_000000441543_yw_215845,0,background_false_accept
lvis_000000541123,lvis_000000541123_yw_262239,0,background_false_accept
lvis_000000541123,lvis_000000541123_yw_262240,0,background_false_accept
lvis_000000210273,lvis_000000210273_yw_102240,0,background_false_accept
lvis_000000153343,lvis_000000153343_yw_072157,0,background_false_accept
lvis_000000541123,lvis_000000541123_yw_262241,0,background_false_accept
lvis_000000323751,lvis_000000323751_yw_158189,0,background_false_accept
lvis_000000541123,lvis_000000541123_yw_262242,0,background_false_accept
lvis_000000421060,lvis_000000421060_yw_205090,0,background_false_accept
lvis_000000196442,lvis_000000196442_yw_096304,0,background_false_accept
lvis_000000541123,lvis_000000541123_yw_262243,0,background_false_accept
lvis_000000210273,lvis_000000210273_yw_102241,0,background_false_accept
lvis_000000314264,lvis_000000314264_yw_154904,0,background_false_accept
lvis_000000441543,lvis_000000441543_yw_215848,0,background_false_accept
lvis_000000210273,lvis_000000210273_yw_102242,0,background_false_accept
lvis_000000541123,lvis_000000541123_yw_262246,0,background_false_accept
lvis_000000541123,lvis_000000541123_yw_262247,0,background_false_accept
lvis_000000485237,lvis_000000485237_yw_236853,0,background_false_accept
lvis_000000335529,lvis_000000335529_yw_163479,0,background_false_accept
lvis_000000441543,lvis_000000441543_yw_215849,0,background_false_accept
lvis_000000541123,lvis_000000541123_yw_262248,0,background_false_accept
lvis_000000485237,lvis_000000485237_yw_236854,0,background_false_accept
lvis_000000543043,lvis_000000543043_yw_263107,0,wrong_known_class_or_duplicate
lvis_000000541123,lvis_000000541123_yw_262249,0,background_false_accept
lvis_000000335529,lvis_000000335529_yw_163480,0,background_false_accept
lvis_000000541123,lvis_000000541123_yw_262250,0,background_false_accept
lvis_000000541123,lvis_000000541123_yw_262251,0,background_false_accept
lvis_000000541123,lvis_000000541123_yw_262252,0,background_false_accept
lvis_000000315001,lvis_000000315001_yw_155007,0,background_false_accept
lvis_000000146667,lvis_000000146667_yw_068304,0,background_false_accept
lvis_000000541123,lvis_000000541123_yw_262253,0,background_false_accept
lvis_000000299609,lvis_000000299609_yw_146967,0,background_false_accept
lvis_000000541123,lvis_000000541123_yw_262254,0,background_false_accept
lvis_000000441543,lvis_000000441543_yw_215851,0,background_false_accept
lvis_000000315001,lvis_000000315001_yw_155008,0,background_false_accept
lvis_000000541123,lvis_000000541123_yw_262255,0,background_false_accept
lvis_000000541123,lvis_000000541123_yw_262256,0,background_false_accept
lvis_000000427649,lvis_000000427649_yw_208495,0,background_false_accept
lvis_000000541123,lvis_000000541123_yw_262257,0,background_false_accept
lvis_000000541123,lvis_000000541123_yw_262258,0,background_false_accept
lvis_000000211674,lvis_000000211674_yw_102977,0,background_false_accept
lvis_000000541123,lvis_000000541123_yw_262259,0,background_false_accept
lvis_000000541123,lvis_000000541123_yw_262260,0,background_false_accept
lvis_000000197528,lvis_000000197528_yw_096621,0,wrong_known_class_or_duplicate
lvis_000000541123,lvis_000000541123_yw_262261,0,background_false_accept
lvis_000000513181,lvis_000000513181_yw_249467,0,background_false_accept
lvis_000000541123,lvis_000000541123_yw_262262,0,background_false_accept
lvis_000000210273,lvis_000000210273_yw_102243,0,background_false_accept
lvis_000000513181,lvis_000000513181_yw_249468,1,known_tp
lvis_000000315001,lvis_000000315001_yw_155009,0,background_false_accept
lvis_000000541123,lvis_000000541123_yw_262263,0,background_false_accept
lvis_000000210273,lvis_000000210273_yw_102245,0,background_false_accept
lvis_000000441543,lvis_000000441543_yw_215852,0,background_false_accept
lvis_000000323751,lvis_000000323751_yw_158190,0,background_false_accept
lvis_000000541123,lvis_000000541123_yw_262265,0,background_false_accept
lvis_000000421060,lvis_000000421060_yw_205092,1,known_tp
lvis_000000421060,lvis_000000421060_yw_205093,0,background_false_accept
lvis_000000541123,lvis_000000541123_yw_262266,0,background_false_accept
lvis_000000379332,lvis_000000379332_yw_186888,0,background_false_accept
lvis_000000146667,lvis_000000146667_yw_068305,0,background_false_accept
lvis_000000541123,lvis_000000541123_yw_262267,0,background_false_accept
lvis_000000546011,lvis_000000546011_yw_264407,0,unknown_false_accept
lvis_000000541123,lvis_000000541123_yw_262268,0,background_false_accept
lvis_000000541123,lvis_000000541123_yw_262269,0,background_false_accept
lvis_000000441543,lvis_000000441543_yw_215854,0,background_false_accept
lvis_000000108503,lvis_000000108503_yw_048091,1,known_tp
lvis_000000541123,lvis_000000541123_yw_262270,0,background_false_accept
lvis_000000541123,lvis_000000541123_yw_262271,0,background_false_accept
lvis_000000335529,lvis_000000335529_yw_163483,0,background_false_accept
lvis_000000441543,lvis_000000441543_yw_215855,0,background_false_accept
lvis_000000541123,lvis_000000541123_yw_262273,0,background_false_accept
lvis_000000541123,lvis_000000541123_yw_262274,0,background_false_accept
lvis_000000153343,lvis_000000153343_yw_072158,0,background_false_accept
lvis_000000541123,lvis_000000541123_yw_262275,0,background_false_accept
lvis_000000323751,lvis_000000323751_yw_158191,0,background_false_accept
lvis_000000541123,lvis_000000541123_yw_262276,0,background_false_accept
lvis_000000421060,lvis_000000421060_yw_205094,0,background_false_accept
lvis_000000541123,lvis_000000541123_yw_262278,0,background_false_accept
lvis_000000541123,lvis_000000541123_yw_262279,0,background_false_accept
lvis_000000518326,lvis_000000518326_yw_251640,0,background_false_accept
lvis_000000005060,lvis_000000005060_yw_002463,0,background_false_accept
lvis_000000541123,lvis_000000541123_yw_262280,0,background_false_accept
lvis_000000513181,lvis_000000513181_yw_249469,0,background_false_accept
lvis_000000541123,lvis_000000541123_yw_262281,0,background_false_accept
lvis_000000541123,lvis_000000541123_yw_262282,0,background_false_accept
lvis_000000541123,lvis_000000541123_yw_262283,0,background_false_accept
lvis_000000541123,lvis_000000541123_yw_262284,0,background_false_accept
lvis_000000541123,lvis_000000541123_yw_262285,0,background_false_accept
lvis_000000315001,lvis_000000315001_yw_155010,0,background_false_accept
lvis_000000541123,lvis_000000541123_yw_262286,0,background_false_accept
lvis_000000541123,lvis_000000541123_yw_262287,0,background_false_accept
lvis_000000348012,lvis_000000348012_yw_169796,0,background_false_accept
lvis_000000210273,lvis_000000210273_yw_102249,0,background_false_accept
lvis_000000543043,lvis_000000543043_yw_263110,0,background_false_accept
lvis_000000315001,lvis_000000315001_yw_155011,0,background_false_accept
lvis_000000210273,lvis_000000210273_yw_102250,0,background_false_accept
lvis_000000421060,lvis_000000421060_yw_205095,0,background_false_accept
lvis_000000190637,lvis_000000190637_yw_092825,0,unknown_false_accept
lvis_000000541123,lvis_000000541123_yw_262288,0,background_false_accept
lvis_000000335529,lvis_000000335529_yw_163484,0,background_false_accept
lvis_000000541123,lvis_000000541123_yw_262289,0,background_false_accept
lvis_000000541123,lvis_000000541123_yw_262290,0,background_false_accept
lvis_000000541123,lvis_000000541123_yw_262291,0,background_false_accept
lvis_000000541123,lvis_000000541123_yw_262292,0,background_false_accept
lvis_000000421060,lvis_000000421060_yw_205096,0,background_false_accept
lvis_000000541123,lvis_000000541123_yw_262293,0,background_false_accept
lvis_000000185802,lvis_000000185802_yw_090409,0,unknown_false_accept
lvis_000000541123,lvis_000000541123_yw_262294,0,background_false_accept
lvis_000000210273,lvis_000000210273_yw_102251,0,background_false_accept
lvis_000000541123,lvis_000000541123_yw_262295,0,background_false_accept
lvis_000000513181,lvis_000000513181_yw_249470,0,background_false_accept
lvis_000000541123,lvis_000000541123_yw_262296,0,background_false_accept
lvis_000000513181,lvis_000000513181_yw_249471,0,background_false_accept
lvis_000000146667,lvis_000000146667_yw_068310,0,background_false_accept
lvis_000000541123,lvis_000000541123_yw_262297,0,background_false_accept
lvis_000000541123,lvis_000000541123_yw_262298,0,background_false_accept
lvis_000000315001,lvis_000000315001_yw_155012,1,known_tp
lvis_000000030213,lvis_000000030213_yw_013585,0,background_false_accept
lvis_000000541123,lvis_000000541123_yw_262299,0,background_false_accept
lvis_000000541123,lvis_000000541123_yw_262300,0,background_false_accept
lvis_000000518326,lvis_000000518326_yw_251642,0,unknown_false_accept
lvis_000000210273,lvis_000000210273_yw_102252,0,background_false_accept
lvis_000000518326,lvis_000000518326_yw_251643,0,unknown_false_accept
lvis_000000315001,lvis_000000315001_yw_155013,0,background_false_accept
lvis_000000541123,lvis_000000541123_yw_262301,0,background_false_accept
lvis_000000146667,lvis_000000146667_yw_068311,0,background_false_accept
lvis_000000541123,lvis_000000541123_yw_262302,0,background_false_accept
lvis_000000196442,lvis_000000196442_yw_096305,0,background_false_accept
lvis_000000541123,lvis_000000541123_yw_262304,0,background_false_accept
lvis_000000541123,lvis_000000541123_yw_262305,0,background_false_accept
lvis_000000541123,lvis_000000541123_yw_262306,0,background_false_accept
lvis_000000315001,lvis_000000315001_yw_155014,0,background_false_accept
lvis_000000146667,lvis_000000146667_yw_068312,0,background_false_accept
lvis_000000541123,lvis_000000541123_yw_262307,0,background_false_accept
lvis_000000541123,lvis_000000541123_yw_262308,0,background_false_accept
lvis_000000541123,lvis_000000541123_yw_262309,0,background_false_accept
lvis_000000315001,lvis_000000315001_yw_155015,0,background_false_accept
lvis_000000541123,lvis_000000541123_yw_262311,0,background_false_accept
lvis_000000146667,lvis_000000146667_yw_068313,0,background_false_accept
lvis_000000421060,lvis_000000421060_yw_205097,1,known_tp
lvis_000000541123,lvis_000000541123_yw_262312,0,background_false_accept
lvis_000000215259,lvis_000000215259_yw_105684,0,background_false_accept
lvis_000000541123,lvis_000000541123_yw_262313,0,background_false_accept
lvis_000000541123,lvis_000000541123_yw_262314,0,background_false_accept
lvis_000000541123,lvis_000000541123_yw_262315,0,background_false_accept
lvis_000000541123,lvis_000000541123_yw_262316,0,background_false_accept
lvis_000000541123,lvis_000000541123_yw_262317,0,background_false_accept
lvis_000000210273,lvis_000000210273_yw_102255,0,background_false_accept
lvis_000000541123,lvis_000000541123_yw_262318,0,background_false_accept
lvis_000000108503,lvis_000000108503_yw_048092,0,background_false_accept
lvis_000000513181,lvis_000000513181_yw_249474,0,background_false_accept
lvis_000000541123,lvis_000000541123_yw_262319,0,background_false_accept
lvis_000000541123,lvis_000000541123_yw_262320,0,background_false_accept
lvis_000000541123,lvis_000000541123_yw_262321,0,background_false_accept
lvis_000000541123,lvis_000000541123_yw_262322,0,background_false_accept
lvis_000000518326,lvis_000000518326_yw_251645,0,background_false_accept
lvis_000000335529,lvis_000000335529_yw_163486,0,background_false_accept
lvis_000000541123,lvis_000000541123_yw_262323,0,background_false_accept
lvis_000000210273,lvis_000000210273_yw_102256,0,background_false_accept
lvis_000000485237,lvis_000000485237_yw_236855,0,wrong_known_class_or_duplicate
lvis_000000091654,lvis_000000091654_yw_041407,0,background_false_accept
lvis_000000210273,lvis_000000210273_yw_102257,0,background_false_accept
lvis_000000541123,lvis_000000541123_yw_262324,0,background_false_accept
lvis_000000541123,lvis_000000541123_yw_262326,0,background_false_accept
lvis_000000541123,lvis_000000541123_yw_262327,0,background_false_accept
lvis_000000541123,lvis_000000541123_yw_262328,0,background_false_accept
lvis_000000157756,lvis_000000157756_yw_074917,0,background_false_accept
lvis_000000315001,lvis_000000315001_yw_155017,1,known_tp
lvis_000000541123,lvis_000000541123_yw_262329,0,background_false_accept
lvis_000000541123,lvis_000000541123_yw_262330,0,background_false_accept
lvis_000000211674,lvis_000000211674_yw_102989,0,background_false_accept
lvis_000000541123,lvis_000000541123_yw_262331,0,background_false_accept
lvis_000000541123,lvis_000000541123_yw_262332,0,background_false_accept
lvis_000000323751,lvis_000000323751_yw_158193,0,background_false_accept
lvis_000000239347,lvis_000000239347_yw_117738,0,background_false_accept
lvis_000000541123,lvis_000000541123_yw_262333,0,background_false_accept
lvis_000000146667,lvis_000000146667_yw_068315,0,background_false_accept
lvis_000000541123,lvis_000000541123_yw_262334,0,background_false_accept
lvis_000000147740,lvis_000000147740_yw_069636,0,background_false_accept
lvis_000000541123,lvis_000000541123_yw_262335,0,background_false_accept
lvis_000000541123,lvis_000000541123_yw_262336,0,background_false_accept
lvis_000000543043,lvis_000000543043_yw_263113,0,background_false_accept
lvis_000000210273,lvis_000000210273_yw_102260,0,background_false_accept
lvis_000000541123,lvis_000000541123_yw_262338,0,background_false_accept
lvis_000000323751,lvis_000000323751_yw_158194,0,background_false_accept
lvis_000000211674,lvis_000000211674_yw_102990,0,background_false_accept
lvis_000000315001,lvis_000000315001_yw_155020,0,background_false_accept
lvis_000000541123,lvis_000000541123_yw_262339,0,background_false_accept
lvis_000000518326,lvis_000000518326_yw_251647,0,unknown_false_accept
lvis_000000210273,lvis_000000210273_yw_102262,0,background_false_accept
lvis_000000315001,lvis_000000315001_yw_155021,0,background_false_accept
lvis_000000210273,lvis_000000210273_yw_102263,0,background_false_accept
lvis_000000335529,lvis_000000335529_yw_163488,0,background_false_accept
lvis_000000189752,lvis_000000189752_yw_092391,0,background_false_accept
lvis_000000541123,lvis_000000541123_yw_262340,0,background_false_accept
lvis_000000546011,lvis_000000546011_yw_264408,0,unknown_false_accept
lvis_000000157756,lvis_000000157756_yw_074919,0,background_false_accept
lvis_000000541123,lvis_000000541123_yw_262341,0,background_false_accept
lvis_000000210273,lvis_000000210273_yw_102265,0,background_false_accept
lvis_000000315001,lvis_000000315001_yw_155022,1,known_tp
lvis_000000421060,lvis_000000421060_yw_205098,0,background_false_accept
lvis_000000157756,lvis_000000157756_yw_074920,0,background_false_accept
lvis_000000210273,lvis_000000210273_yw_102267,0,background_false_accept
lvis_000000541123,lvis_000000541123_yw_262343,0,background_false_accept
lvis_000000541123,lvis_000000541123_yw_262344,0,background_false_accept
lvis_000000210273,lvis_000000210273_yw_102268,0,background_false_accept
lvis_000000485237,lvis_000000485237_yw_236856,0,background_false_accept
lvis_000000244379,lvis_000000244379_yw_119741,0,background_false_accept
lvis_000000541123,lvis_000000541123_yw_262345,0,background_false_accept
lvis_000000210273,lvis_000000210273_yw_102269,0,background_false_accept
lvis_000000210273,lvis_000000210273_yw_102270,0,background_false_accept
lvis_000000421060,lvis_000000421060_yw_205099,0,background_false_accept
lvis_000000541123,lvis_000000541123_yw_262347,0,background_false_accept
lvis_000000108503,lvis_000000108503_yw_048093,0,unknown_false_accept
lvis_000000541123,lvis_000000541123_yw_262348,0,background_false_accept
lvis_000000317024,lvis_000000317024_yw_155580,0,unknown_false_accept
lvis_000000541123,lvis_000000541123_yw_262349,0,background_false_accept
lvis_000000315001,lvis_000000315001_yw_155024,0,background_false_accept
lvis_000000421060,lvis_000000421060_yw_205100,0,background_false_accept
lvis_000000541123,lvis_000000541123_yw_262351,0,background_false_accept
lvis_000000167486,lvis_000000167486_yw_080240,0,background_false_accept
lvis_000000541123,lvis_000000541123_yw_262353,0,background_false_accept
lvis_000000421060,lvis_000000421060_yw_205101,0,background_false_accept
lvis_000000541123,lvis_000000541123_yw_262354,0,background_false_accept
lvis_000000513181,lvis_000000513181_yw_249475,0,background_false_accept
lvis_000000513181,lvis_000000513181_yw_249476,0,background_false_accept
lvis_000000541123,lvis_000000541123_yw_262355,0,background_false_accept
lvis_000000541123,lvis_000000541123_yw_262356,0,background_false_accept
lvis_000000541123,lvis_000000541123_yw_262357,0,background_false_accept
lvis_000000541123,lvis_000000541123_yw_262358,0,background_false_accept
lvis_000000210273,lvis_000000210273_yw_102273,0,background_false_accept
lvis_000000421060,lvis_000000421060_yw_205102,0,background_false_accept
lvis_000000541123,lvis_000000541123_yw_262359,0,background_false_accept
lvis_000000211674,lvis_000000211674_yw_102992,0,background_false_accept
lvis_000000210273,lvis_000000210273_yw_102274,0,wrong_known_class_or_duplicate
lvis_000000541123,lvis_000000541123_yw_262361,0,background_false_accept
lvis_000000421060,lvis_000000421060_yw_205103,0,background_false_accept
lvis_000000441543,lvis_000000441543_yw_215866,0,background_false_accept
lvis_000000541123,lvis_000000541123_yw_262363,0,background_false_accept
lvis_000000421060,lvis_000000421060_yw_205104,0,background_false_accept
lvis_000000332455,lvis_000000332455_yw_161744,0,unknown_false_accept
lvis_000000394559,lvis_000000394559_yw_192913,0,background_false_accept
lvis_000000167486,lvis_000000167486_yw_080242,0,background_false_accept
lvis_000000513181,lvis_000000513181_yw_249480,0,wrong_known_class_or_duplicate
lvis_000000464522,lvis_000000464522_yw_228047,0,background_false_accept
lvis_000000541123,lvis_000000541123_yw_262364,0,background_false_accept
lvis_000000541123,lvis_000000541123_yw_262365,0,background_false_accept
lvis_000000153343,lvis_000000153343_yw_072159,0,background_false_accept
lvis_000000196442,lvis_000000196442_yw_096306,0,background_false_accept
lvis_000000518326,lvis_000000518326_yw_251650,0,background_false_accept
lvis_000000078823,lvis_000000078823_yw_034831,0,background_false_accept
lvis_000000541123,lvis_000000541123_yw_262366,0,background_false_accept
lvis_000000108503,lvis_000000108503_yw_048094,0,unknown_false_accept
lvis_000000210273,lvis_000000210273_yw_102276,0,background_false_accept
lvis_000000541123,lvis_000000541123_yw_262367,0,background_false_accept
lvis_000000128699,lvis_000000128699_yw_057348,0,background_false_accept
lvis_000000541123,lvis_000000541123_yw_262368,0,background_false_accept
lvis_000000541123,lvis_000000541123_yw_262369,0,background_false_accept
lvis_000000541123,lvis_000000541123_yw_262370,0,background_false_accept
lvis_000000315001,lvis_000000315001_yw_155025,0,background_false_accept
lvis_000000541123,lvis_000000541123_yw_262371,0,background_false_accept
lvis_000000485237,lvis_000000485237_yw_236857,0,background_false_accept
lvis_000000543043,lvis_000000543043_yw_263116,0,background_false_accept
lvis_000000541123,lvis_000000541123_yw_262372,0,background_false_accept
lvis_000000541123,lvis_000000541123_yw_262373,0,background_false_accept
lvis_000000315001,lvis_000000315001_yw_155027,0,background_false_accept
lvis_000000348012,lvis_000000348012_yw_169797,0,background_false_accept
lvis_000000012639,lvis_000000012639_yw_005754,0,background_false_accept
lvis_000000315001,lvis_000000315001_yw_155028,0,background_false_accept
lvis_000000541123,lvis_000000541123_yw_262374,0,background_false_accept
lvis_000000541123,lvis_000000541123_yw_262375,0,background_false_accept
lvis_000000315001,lvis_000000315001_yw_155029,0,background_false_accept
lvis_000000315001,lvis_000000315001_yw_155030,0,background_false_accept
lvis_000000541123,lvis_000000541123_yw_262376,0,background_false_accept
lvis_000000441543,lvis_000000441543_yw_215867,1,known_tp
lvis_000000541123,lvis_000000541123_yw_262378,0,background_false_accept
lvis_000000421060,lvis_000000421060_yw_205105,0,background_false_accept
lvis_000000315001,lvis_000000315001_yw_155031,0,background_false_accept
lvis_000000541123,lvis_000000541123_yw_262380,0,background_false_accept
lvis_000000005992,lvis_000000005992_yw_002707,0,background_false_accept
lvis_000000464522,lvis_000000464522_yw_228048,0,background_false_accept
lvis_000000315001,lvis_000000315001_yw_155032,0,background_false_accept
lvis_000000146667,lvis_000000146667_yw_068323,0,background_false_accept
lvis_000000153343,lvis_000000153343_yw_072160,0,background_false_accept
lvis_000000541123,lvis_000000541123_yw_262381,0,background_false_accept
lvis_000000441543,lvis_000000441543_yw_215869,0,background_false_accept
lvis_000000323751,lvis_000000323751_yw_158195,0,background_false_accept
lvis_000000541123,lvis_000000541123_yw_262383,0,background_false_accept
lvis_000000421060,lvis_000000421060_yw_205106,0,background_false_accept
lvis_000000196442,lvis_000000196442_yw_096307,0,background_false_accept
lvis_000000541123,lvis_000000541123_yw_262384,0,background_false_accept
lvis_000000485237,lvis_000000485237_yw_236858,0,background_false_accept
lvis_000000541123,lvis_000000541123_yw_262385,0,background_false_accept
lvis_000000541123,lvis_000000541123_yw_262386,0,background_false_accept
lvis_000000541123,lvis_000000541123_yw_262387,0,background_false_accept
lvis_000000335529,lvis_000000335529_yw_163492,0,background_false_accept
lvis_000000012639,lvis_000000012639_yw_005755,0,background_false_accept
lvis_000000541123,lvis_000000541123_yw_262389,0,background_false_accept
lvis_000000518326,lvis_000000518326_yw_251651,0,unknown_false_accept
lvis_000000541123,lvis_000000541123_yw_262390,0,background_false_accept
lvis_000000458223,lvis_000000458223_yw_223712,0,background_false_accept
lvis_000000541123,lvis_000000541123_yw_262391,0,background_false_accept
lvis_000000541123,lvis_000000541123_yw_262392,0,background_false_accept
lvis_000000541123,lvis_000000541123_yw_262394,0,background_false_accept
lvis_000000541123,lvis_000000541123_yw_262395,0,background_false_accept
lvis_000000098497,lvis_000000098497_yw_044042,0,background_false_accept
lvis_000000078823,lvis_000000078823_yw_034832,0,background_false_accept
lvis_000000525600,lvis_000000525600_yw_254935,0,unknown_false_accept
lvis_000000133631,lvis_000000133631_yw_060533,0,unknown_false_accept
lvis_000000239347,lvis_000000239347_yw_117741,0,unknown_false_accept
lvis_000000033707,lvis_000000033707_yw_015682,0,unknown_false_accept
lvis_000000005600,lvis_000000005600_yw_002694,0,background_false_accept
lvis_000000210273,lvis_000000210273_yw_102281,0,background_false_accept
lvis_000000513181,lvis_000000513181_yw_249483,0,background_false_accept
lvis_000000211674,lvis_000000211674_yw_103000,0,background_false_accept
lvis_000000541123,lvis_000000541123_yw_262397,0,background_false_accept
lvis_000000210273,lvis_000000210273_yw_102282,0,background_false_accept
lvis_000000210273,lvis_000000210273_yw_102283,0,background_false_accept
lvis_000000541123,lvis_000000541123_yw_262399,0,background_false_accept
lvis_000000541123,lvis_000000541123_yw_262400,0,background_false_accept
lvis_000000379332,lvis_000000379332_yw_186892,0,background_false_accept
lvis_000000167486,lvis_000000167486_yw_080244,0,background_false_accept
lvis_000000441543,lvis_000000441543_yw_215874,0,background_false_accept
lvis_000000441543,lvis_000000441543_yw_215875,0,background_false_accept
lvis_000000541123,lvis_000000541123_yw_262404,0,background_false_accept
lvis_000000421060,lvis_000000421060_yw_205107,0,background_false_accept
lvis_000000335529,lvis_000000335529_yw_163495,0,background_false_accept
lvis_000000546011,lvis_000000546011_yw_264409,0,unknown_false_accept
lvis_000000012639,lvis_000000012639_yw_005756,0,background_false_accept
lvis_000000323751,lvis_000000323751_yw_158196,0,background_false_accept
lvis_000000541123,lvis_000000541123_yw_262405,0,background_false_accept
lvis_000000210273,lvis_000000210273_yw_102285,0,background_false_accept
lvis_000000541123,lvis_000000541123_yw_262406,0,background_false_accept
lvis_000000541123,lvis_000000541123_yw_262407,0,background_false_accept
lvis_000000475904,lvis_000000475904_yw_232431,0,background_false_accept
lvis_000000146667,lvis_000000146667_yw_068329,0,background_false_accept
lvis_000000541123,lvis_000000541123_yw_262408,0,background_false_accept
lvis_000000513181,lvis_000000513181_yw_249485,0,background_false_accept
lvis_000000315001,lvis_000000315001_yw_155036,1,known_tp
lvis_000000441543,lvis_000000441543_yw_215876,0,background_false_accept
lvis_000000421060,lvis_000000421060_yw_205108,0,background_false_accept
lvis_000000541123,lvis_000000541123_yw_262409,0,background_false_accept
lvis_000000541123,lvis_000000541123_yw_262410,0,background_false_accept
lvis_000000335529,lvis_000000335529_yw_163496,0,background_false_accept
lvis_000000541123,lvis_000000541123_yw_262411,0,background_false_accept
lvis_000000185802,lvis_000000185802_yw_090411,0,unknown_false_accept
lvis_000000541123,lvis_000000541123_yw_262412,0,background_false_accept
lvis_000000010995,lvis_000000010995_yw_004901,0,unknown_false_accept
lvis_000000541123,lvis_000000541123_yw_262413,0,background_false_accept
lvis_000000030213,lvis_000000030213_yw_013586,0,background_false_accept
lvis_000000541123,lvis_000000541123_yw_262415,0,background_false_accept
lvis_000000128699,lvis_000000128699_yw_057353,0,background_false_accept
lvis_000000211674,lvis_000000211674_yw_103002,0,background_false_accept
lvis_000000541123,lvis_000000541123_yw_262416,0,background_false_accept
lvis_000000541123,lvis_000000541123_yw_262417,0,background_false_accept
lvis_000000421060,lvis_000000421060_yw_205109,0,background_false_accept
lvis_000000146667,lvis_000000146667_yw_068331,0,background_false_accept
lvis_000000157756,lvis_000000157756_yw_074928,0,background_false_accept
lvis_000000348012,lvis_000000348012_yw_169798,0,unknown_false_accept
lvis_000000394559,lvis_000000394559_yw_192914,0,background_false_accept
lvis_000000541123,lvis_000000541123_yw_262418,0,background_false_accept
lvis_000000421060,lvis_000000421060_yw_205110,0,background_false_accept
lvis_000000084650,lvis_000000084650_yw_038391,0,background_false_accept
lvis_000000210273,lvis_000000210273_yw_102288,0,background_false_accept
lvis_000000378454,lvis_000000378454_yw_186265,0,background_false_accept
lvis_000000315001,lvis_000000315001_yw_155038,0,background_false_accept
lvis_000000485237,lvis_000000485237_yw_236860,0,background_false_accept
lvis_000000541123,lvis_000000541123_yw_262419,0,background_false_accept
lvis_000000541664,lvis_000000541664_yw_262460,0,unknown_false_accept
lvis_000000108503,lvis_000000108503_yw_048095,0,background_false_accept
lvis_000000541123,lvis_000000541123_yw_262421,0,background_false_accept
lvis_000000210273,lvis_000000210273_yw_102289,0,background_false_accept
lvis_000000315001,lvis_000000315001_yw_155039,1,known_tp
lvis_000000541123,lvis_000000541123_yw_262423,0,background_false_accept
lvis_000000518326,lvis_000000518326_yw_251653,0,background_false_accept
lvis_000000211674,lvis_000000211674_yw_103004,0,background_false_accept
lvis_000000157756,lvis_000000157756_yw_074930,0,background_false_accept
lvis_000000421060,lvis_000000421060_yw_205111,0,background_false_accept
lvis_000000387916,lvis_000000387916_yw_190195,0,background_false_accept
lvis_000000541123,lvis_000000541123_yw_262424,0,background_false_accept
lvis_000000335529,lvis_000000335529_yw_163498,0,background_false_accept
lvis_000000485237,lvis_000000485237_yw_236861,0,background_false_accept
lvis_000000081394,lvis_000000081394_yw_036185,0,background_false_accept
lvis_000000541123,lvis_000000541123_yw_262425,0,background_false_accept
lvis_000000541123,lvis_000000541123_yw_262426,0,background_false_accept
lvis_000000167486,lvis_000000167486_yw_080248,0,background_false_accept
lvis_000000146667,lvis_000000146667_yw_068337,0,background_false_accept
lvis_000000146667,lvis_000000146667_yw_068338,0,background_false_accept
lvis_000000513181,lvis_000000513181_yw_249490,0,wrong_known_class_or_duplicate
lvis_000000541123,lvis_000000541123_yw_262427,0,background_false_accept
lvis_000000361621,lvis_000000361621_yw_176437,0,wrong_known_class_or_duplicate
lvis_000000210273,lvis_000000210273_yw_102292,0,background_false_accept
lvis_000000421060,lvis_000000421060_yw_205112,0,background_false_accept
lvis_000000397133,lvis_000000397133_yw_193956,0,unknown_false_accept
lvis_000000475904,lvis_000000475904_yw_232434,0,background_false_accept
lvis_000000540502,lvis_000000540502_yw_261959,0,background_false_accept
lvis_000000157138,lvis_000000157138_yw_074727,0,background_false_accept
lvis_000000211674,lvis_000000211674_yw_103005,0,background_false_accept
lvis_000000335529,lvis_000000335529_yw_163499,0,background_false_accept
lvis_000000361621,lvis_000000361621_yw_176438,0,background_false_accept
lvis_000000543043,lvis_000000543043_yw_263117,0,background_false_accept
lvis_000000441543,lvis_000000441543_yw_215879,0,background_false_accept
lvis_000000541123,lvis_000000541123_yw_262429,0,background_false_accept
lvis_000000525600,lvis_000000525600_yw_254936,0,background_false_accept
lvis_000000541123,lvis_000000541123_yw_262430,0,background_false_accept
lvis_000000157756,lvis_000000157756_yw_074932,0,background_false_accept
lvis_000000543043,lvis_000000543043_yw_263118,0,background_false_accept
lvis_000000518326,lvis_000000518326_yw_251655,0,background_false_accept
lvis_000000315001,lvis_000000315001_yw_155040,0,background_false_accept
lvis_000000210273,lvis_000000210273_yw_102294,0,background_false_accept
lvis_000000215259,lvis_000000215259_yw_105686,0,background_false_accept
lvis_000000108503,lvis_000000108503_yw_048096,0,background_false_accept
lvis_000000387916,lvis_000000387916_yw_190196,0,background_false_accept
lvis_000000167486,lvis_000000167486_yw_080250,0,background_false_accept
lvis_000000543043,lvis_000000543043_yw_263119,0,background_false_accept
lvis_000000210273,lvis_000000210273_yw_102297,0,background_false_accept
lvis_000000196442,lvis_000000196442_yw_096308,0,background_false_accept
lvis_000000387916,lvis_000000387916_yw_190197,0,background_false_accept
lvis_000000347456,lvis_000000347456_yw_169672,0,background_false_accept
lvis_000000335529,lvis_000000335529_yw_163501,0,background_false_accept
lvis_000000211674,lvis_000000211674_yw_103007,0,background_false_accept
lvis_000000348012,lvis_000000348012_yw_169799,0,background_false_accept
lvis_000000108503,lvis_000000108503_yw_048097,1,known_tp
lvis_000000185802,lvis_000000185802_yw_090412,0,background_false_accept
lvis_000000533855,lvis_000000533855_yw_258888,0,unknown_false_accept
lvis_000000361621,lvis_000000361621_yw_176440,0,unknown_false_accept
lvis_000000356498,lvis_000000356498_yw_173629,0,background_false_accept
lvis_000000211674,lvis_000000211674_yw_103008,0,wrong_known_class_or_duplicate
lvis_000000143998,lvis_000000143998_yw_067033,0,unknown_false_accept
lvis_000000078823,lvis_000000078823_yw_034833,0,background_false_accept
lvis_000000180878,lvis_000000180878_yw_086810,0,unknown_false_accept
lvis_000000084650,lvis_000000084650_yw_038392,0,unknown_false_accept
lvis_000000078823,lvis_000000078823_yw_034834,0,background_false_accept
lvis_000000210273,lvis_000000210273_yw_102299,0,background_false_accept
lvis_000000543043,lvis_000000543043_yw_263120,0,background_false_accept
lvis_000000324818,lvis_000000324818_yw_158653,0,background_false_accept
lvis_000000543043,lvis_000000543043_yw_263121,0,background_false_accept
lvis_000000153343,lvis_000000153343_yw_072161,0,background_false_accept
lvis_000000157756,lvis_000000157756_yw_074934,0,background_false_accept
lvis_000000485237,lvis_000000485237_yw_236863,0,background_false_accept
lvis_000000513181,lvis_000000513181_yw_249491,0,wrong_known_class_or_duplicate
lvis_000000210273,lvis_000000210273_yw_102301,0,background_false_accept
lvis_000000543043,lvis_000000543043_yw_263122,0,background_false_accept
lvis_000000157756,lvis_000000157756_yw_074935,0,background_false_accept
lvis_000000513181,lvis_000000513181_yw_249492,0,background_false_accept
lvis_000000441543,lvis_000000441543_yw_215887,0,background_false_accept
lvis_000000098497,lvis_000000098497_yw_044043,0,background_false_accept
lvis_000000441543,lvis_000000441543_yw_215888,0,background_false_accept
lvis_000000211674,lvis_000000211674_yw_103010,0,background_false_accept
lvis_000000485237,lvis_000000485237_yw_236864,0,background_false_accept
lvis_000000146667,lvis_000000146667_yw_068342,0,background_false_accept
lvis_000000147740,lvis_000000147740_yw_069641,0,background_false_accept
lvis_000000030213,lvis_000000030213_yw_013587,0,unknown_false_accept
lvis_000000348012,lvis_000000348012_yw_169800,0,background_false_accept
lvis_000000005060,lvis_000000005060_yw_002464,0,background_false_accept
lvis_000000210273,lvis_000000210273_yw_102305,0,background_false_accept
lvis_000000210273,lvis_000000210273_yw_102306,0,background_false_accept
lvis_000000485237,lvis_000000485237_yw_236865,0,background_false_accept
lvis_000000407298,lvis_000000407298_yw_198136,0,unknown_false_accept
lvis_000000211674,lvis_000000211674_yw_103011,0,background_false_accept
lvis_000000332455,lvis_000000332455_yw_161745,0,background_false_accept
lvis_000000012639,lvis_000000012639_yw_005761,0,background_false_accept
lvis_000000421060,lvis_000000421060_yw_205113,0,background_false_accept
lvis_000000421060,lvis_000000421060_yw_205114,0,background_false_accept
lvis_000000147740,lvis_000000147740_yw_069642,0,background_false_accept
lvis_000000196442,lvis_000000196442_yw_096309,0,background_false_accept
lvis_000000431727,lvis_000000431727_yw_210604,0,background_false_accept
lvis_000000525600,lvis_000000525600_yw_254937,0,unknown_false_accept
lvis_000000578500,lvis_000000578500_yw_280311,0,background_false_accept
lvis_000000211674,lvis_000000211674_yw_103012,0,background_false_accept
lvis_000000315001,lvis_000000315001_yw_155042,0,background_false_accept
lvis_000000421060,lvis_000000421060_yw_205115,0,background_false_accept
lvis_000000335529,lvis_000000335529_yw_163505,0,background_false_accept
lvis_000000485237,lvis_000000485237_yw_236866,0,background_false_accept
lvis_000000146667,lvis_000000146667_yw_068344,0,background_false_accept
lvis_000000441543,lvis_000000441543_yw_215891,0,background_false_accept
lvis_000000143998,lvis_000000143998_yw_067034,0,unknown_false_accept
lvis_000000421060,lvis_000000421060_yw_205116,0,background_false_accept
lvis_000000211674,lvis_000000211674_yw_103014,0,background_false_accept
lvis_000000210273,lvis_000000210273_yw_102308,0,background_false_accept
lvis_000000578500,lvis_000000578500_yw_280312,0,unknown_false_accept
lvis_000000458223,lvis_000000458223_yw_223714,0,background_false_accept
lvis_000000153343,lvis_000000153343_yw_072162,0,background_false_accept
lvis_000000543043,lvis_000000543043_yw_263125,0,background_false_accept
lvis_000000078823,lvis_000000078823_yw_034837,0,background_false_accept
lvis_000000361621,lvis_000000361621_yw_176441,0,background_false_accept
lvis_000000315001,lvis_000000315001_yw_155043,0,background_false_accept
lvis_000000335529,lvis_000000335529_yw_163507,0,wrong_known_class_or_duplicate
lvis_000000167486,lvis_000000167486_yw_080253,0,background_false_accept
lvis_000000157756,lvis_000000157756_yw_074937,0,background_false_accept
lvis_000000540502,lvis_000000540502_yw_261960,0,unknown_false_accept
lvis_000000441543,lvis_000000441543_yw_215893,0,background_false_accept
lvis_000000421060,lvis_000000421060_yw_205117,0,background_false_accept
lvis_000000387916,lvis_000000387916_yw_190198,1,known_tp
lvis_000000335529,lvis_000000335529_yw_163508,0,background_false_accept
lvis_000000210273,lvis_000000210273_yw_102309,0,background_false_accept
lvis_000000147740,lvis_000000147740_yw_069643,0,background_false_accept
lvis_000000147740,lvis_000000147740_yw_069644,0,background_false_accept
lvis_000000421060,lvis_000000421060_yw_205118,0,background_false_accept
lvis_000000387916,lvis_000000387916_yw_190199,0,unknown_false_accept
lvis_000000012639,lvis_000000012639_yw_005763,0,background_false_accept
lvis_000000335529,lvis_000000335529_yw_163509,0,background_false_accept
lvis_000000271471,lvis_000000271471_yw_131559,0,background_false_accept
lvis_000000064868,lvis_000000064868_yw_028622,0,background_false_accept
lvis_000000146667,lvis_000000146667_yw_068346,0,background_false_accept
lvis_000000543043,lvis_000000543043_yw_263126,0,background_false_accept
lvis_000000153343,lvis_000000153343_yw_072163,0,background_false_accept
lvis_000000146667,lvis_000000146667_yw_068348,0,background_false_accept
lvis_000000211674,lvis_000000211674_yw_103017,0,background_false_accept
lvis_000000491613,lvis_000000491613_yw_239202,0,unknown_false_accept
lvis_000000441543,lvis_000000441543_yw_215896,0,background_false_accept
lvis_000000211674,lvis_000000211674_yw_103018,0,background_false_accept
lvis_000000146667,lvis_000000146667_yw_068350,0,background_false_accept
lvis_000000421060,lvis_000000421060_yw_205120,0,background_false_accept
lvis_000000210273,lvis_000000210273_yw_102311,0,background_false_accept
lvis_000000146667,lvis_000000146667_yw_068351,0,background_false_accept
lvis_000000211674,lvis_000000211674_yw_103019,0,background_false_accept
lvis_000000211674,lvis_000000211674_yw_103020,1,known_tp
lvis_000000578500,lvis_000000578500_yw_280313,0,background_false_accept
lvis_000000211674,lvis_000000211674_yw_103021,0,background_false_accept
lvis_000000211674,lvis_000000211674_yw_103022,0,wrong_known_class_or_duplicate
lvis_000000441543,lvis_000000441543_yw_215902,0,background_false_accept
lvis_000000335529,lvis_000000335529_yw_163513,0,background_false_accept
lvis_000000525600,lvis_000000525600_yw_254938,0,background_false_accept
lvis_000000421060,lvis_000000421060_yw_205122,0,background_false_accept
lvis_000000314264,lvis_000000314264_yw_154905,0,background_false_accept
lvis_000000059598,lvis_000000059598_yw_026047,0,background_false_accept
lvis_000000578500,lvis_000000578500_yw_280314,0,background_false_accept
lvis_000000211674,lvis_000000211674_yw_103025,0,background_false_accept
lvis_000000421060,lvis_000000421060_yw_205123,0,background_false_accept
lvis_000000421060,lvis_000000421060_yw_205124,0,background_false_accept
lvis_000000332455,lvis_000000332455_yw_161748,0,background_false_accept
lvis_000000255749,lvis_000000255749_yw_123934,0,background_false_accept
lvis_000000513181,lvis_000000513181_yw_249497,0,background_false_accept
lvis_000000485237,lvis_000000485237_yw_236867,0,background_false_accept
lvis_000000543043,lvis_000000543043_yw_263129,0,background_false_accept
lvis_000000533855,lvis_000000533855_yw_258889,0,unknown_false_accept
lvis_000000146667,lvis_000000146667_yw_068354,0,background_false_accept
lvis_000000315001,lvis_000000315001_yw_155047,0,background_false_accept
lvis_000000315001,lvis_000000315001_yw_155048,0,background_false_accept
lvis_000000255749,lvis_000000255749_yw_123935,0,background_false_accept
lvis_000000543043,lvis_000000543043_yw_263130,0,background_false_accept
lvis_000000098497,lvis_000000098497_yw_044044,0,background_false_accept
lvis_000000578500,lvis_000000578500_yw_280315,0,background_false_accept
lvis_000000427649,lvis_000000427649_yw_208497,0,background_false_accept
lvis_000000147740,lvis_000000147740_yw_069645,0,background_false_accept
lvis_000000084241,lvis_000000084241_yw_037918,0,background_false_accept
lvis_000000211674,lvis_000000211674_yw_103026,0,background_false_accept
lvis_000000543043,lvis_000000543043_yw_263132,0,background_false_accept
lvis_000000153343,lvis_000000153343_yw_072164,0,background_false_accept
lvis_000000347456,lvis_000000347456_yw_169673,0,unknown_false_accept
lvis_000000210273,lvis_000000210273_yw_102320,0,background_false_accept
lvis_000000421060,lvis_000000421060_yw_205126,0,background_false_accept
lvis_000000533855,lvis_000000533855_yw_258890,0,background_false_accept
lvis_000000421060,lvis_000000421060_yw_205127,0,background_false_accept
lvis_000000185802,lvis_000000185802_yw_090415,0,unknown_false_accept
lvis_000000211674,lvis_000000211674_yw_103028,0,background_false_accept
lvis_000000010995,lvis_000000010995_yw_004902,0,unknown_false_accept
lvis_000000244379,lvis_000000244379_yw_119742,0,background_false_accept
lvis_000000543043,lvis_000000543043_yw_263134,0,background_false_accept
lvis_000000421060,lvis_000000421060_yw_205128,0,background_false_accept
lvis_000000335529,lvis_000000335529_yw_163515,0,background_false_accept
lvis_000000475904,lvis_000000475904_yw_232435,0,background_false_accept
lvis_000000543043,lvis_000000543043_yw_263135,0,background_false_accept
lvis_000000315001,lvis_000000315001_yw_155050,0,background_false_accept
lvis_000000543043,lvis_000000543043_yw_263136,0,background_false_accept
lvis_000000108503,lvis_000000108503_yw_048098,0,background_false_accept
lvis_000000335529,lvis_000000335529_yw_163516,0,background_false_accept
lvis_000000421060,lvis_000000421060_yw_205129,0,background_false_accept
lvis_000000323751,lvis_000000323751_yw_158200,0,background_false_accept
lvis_000000210273,lvis_000000210273_yw_102322,0,background_false_accept
lvis_000000543043,lvis_000000543043_yw_263137,0,background_false_accept
lvis_000000009448,lvis_000000009448_yw_004440,0,background_false_accept
lvis_000000315001,lvis_000000315001_yw_155051,0,background_false_accept
lvis_000000485237,lvis_000000485237_yw_236870,0,background_false_accept
lvis_000000348012,lvis_000000348012_yw_169801,0,unknown_false_accept
lvis_000000226154,lvis_000000226154_yw_110505,0,background_false_accept
lvis_000000012639,lvis_000000012639_yw_005770,0,background_false_accept
lvis_000000335529,lvis_000000335529_yw_163517,0,background_false_accept
lvis_000000157756,lvis_000000157756_yw_074941,0,background_false_accept
lvis_000000421060,lvis_000000421060_yw_205130,0,background_false_accept
lvis_000000513181,lvis_000000513181_yw_249499,0,background_false_accept
lvis_000000513181,lvis_000000513181_yw_249500,0,background_false_accept
lvis_000000335529,lvis_000000335529_yw_163518,0,background_false_accept
lvis_000000335529,lvis_000000335529_yw_163519,0,background_false_accept
lvis_000000485237,lvis_000000485237_yw_236871,0,background_false_accept
lvis_000000491613,lvis_000000491613_yw_239203,0,background_false_accept
lvis_000000239347,lvis_000000239347_yw_117745,0,background_false_accept
lvis_000000012639,lvis_000000012639_yw_005773,0,background_false_accept
lvis_000000210273,lvis_000000210273_yw_102325,0,background_false_accept
lvis_000000146667,lvis_000000146667_yw_068357,0,background_false_accept
lvis_000000315001,lvis_000000315001_yw_155053,0,background_false_accept
lvis_000000098497,lvis_000000098497_yw_044045,0,background_false_accept
lvis_000000210273,lvis_000000210273_yw_102326,0,background_false_accept
lvis_000000210273,lvis_000000210273_yw_102327,0,background_false_accept
lvis_000000335529,lvis_000000335529_yw_163522,0,background_false_accept
lvis_000000421060,lvis_000000421060_yw_205131,0,background_false_accept
lvis_000000226154,lvis_000000226154_yw_110506,0,background_false_accept
lvis_000000513181,lvis_000000513181_yw_249501,0,background_false_accept
lvis_000000421060,lvis_000000421060_yw_205132,0,background_false_accept
lvis_000000128699,lvis_000000128699_yw_057357,0,background_false_accept
lvis_000000146667,lvis_000000146667_yw_068362,0,background_false_accept
lvis_000000543043,lvis_000000543043_yw_263140,0,background_false_accept
lvis_000000210273,lvis_000000210273_yw_102328,0,background_false_accept
lvis_000000211674,lvis_000000211674_yw_103034,0,background_false_accept
lvis_000000335529,lvis_000000335529_yw_163523,0,background_false_accept
lvis_000000421060,lvis_000000421060_yw_205133,0,background_false_accept
lvis_000000211674,lvis_000000211674_yw_103035,0,background_false_accept
lvis_000000210273,lvis_000000210273_yw_102330,0,background_false_accept
lvis_000000128699,lvis_000000128699_yw_057358,0,background_false_accept
lvis_000000147740,lvis_000000147740_yw_069648,0,background_false_accept
lvis_000000543043,lvis_000000543043_yw_263141,0,background_false_accept
lvis_000000146667,lvis_000000146667_yw_068363,0,background_false_accept
lvis_000000012639,lvis_000000012639_yw_005774,0,background_false_accept
lvis_000000211674,lvis_000000211674_yw_103036,0,background_false_accept
lvis_000000431727,lvis_000000431727_yw_210607,0,background_false_accept
lvis_000000441543,lvis_000000441543_yw_215911,0,background_false_accept
lvis_000000387916,lvis_000000387916_yw_190202,0,background_false_accept
lvis_000000210273,lvis_000000210273_yw_102331,0,background_false_accept
lvis_000000210273,lvis_000000210273_yw_102332,0,background_false_accept
lvis_000000441543,lvis_000000441543_yw_215912,0,background_false_accept
lvis_000000513181,lvis_000000513181_yw_249502,0,background_false_accept
lvis_000000485237,lvis_000000485237_yw_236873,0,background_false_accept
lvis_000000513181,lvis_000000513181_yw_249503,0,background_false_accept
lvis_000000210273,lvis_000000210273_yw_102334,0,background_false_accept
lvis_000000143998,lvis_000000143998_yw_067036,0,unknown_false_accept
lvis_000000488664,lvis_000000488664_yw_237737,0,background_false_accept
lvis_000000210273,lvis_000000210273_yw_102335,0,background_false_accept
lvis_000000315001,lvis_000000315001_yw_155055,1,known_tp
lvis_000000157756,lvis_000000157756_yw_074942,0,background_false_accept
lvis_000000012639,lvis_000000012639_yw_005775,0,background_false_accept
lvis_000000229553,lvis_000000229553_yw_112895,0,unknown_false_accept
lvis_000000485237,lvis_000000485237_yw_236874,0,background_false_accept
lvis_000000210273,lvis_000000210273_yw_102336,0,background_false_accept
lvis_000000518326,lvis_000000518326_yw_251661,0,background_false_accept
lvis_000000211674,lvis_000000211674_yw_103037,0,background_false_accept
lvis_000000315001,lvis_000000315001_yw_155056,0,background_false_accept
lvis_000000441543,lvis_000000441543_yw_215914,0,background_false_accept
lvis_000000513181,lvis_000000513181_yw_249505,0,background_false_accept
lvis_000000543043,lvis_000000543043_yw_263143,0,background_false_accept
lvis_000000513181,lvis_000000513181_yw_249506,0,background_false_accept
lvis_000000335529,lvis_000000335529_yw_163527,0,background_false_accept
lvis_000000387916,lvis_000000387916_yw_190203,0,unknown_false_accept
lvis_000000379332,lvis_000000379332_yw_186900,0,background_false_accept
lvis_000000211674,lvis_000000211674_yw_103038,0,background_false_accept
lvis_000000211674,lvis_000000211674_yw_103039,0,background_false_accept
lvis_000000146667,lvis_000000146667_yw_068368,0,background_false_accept
lvis_000000513181,lvis_000000513181_yw_249507,0,background_false_accept
lvis_000000098497,lvis_000000098497_yw_044047,0,background_false_accept
lvis_000000525600,lvis_000000525600_yw_254939,0,unknown_false_accept
lvis_000000210273,lvis_000000210273_yw_102338,0,background_false_accept
lvis_000000543043,lvis_000000543043_yw_263146,0,background_false_accept
lvis_000000210273,lvis_000000210273_yw_102339,0,background_false_accept
lvis_000000543043,lvis_000000543043_yw_263147,0,background_false_accept
lvis_000000543043,lvis_000000543043_yw_263148,0,background_false_accept
lvis_000000108503,lvis_000000108503_yw_048099,0,background_false_accept
lvis_000000081394,lvis_000000081394_yw_036189,0,background_false_accept
lvis_000000190637,lvis_000000190637_yw_092826,0,background_false_accept
lvis_000000315001,lvis_000000315001_yw_155059,0,background_false_accept
lvis_000000347456,lvis_000000347456_yw_169674,0,background_false_accept
lvis_000000210273,lvis_000000210273_yw_102341,0,background_false_accept
lvis_000000315001,lvis_000000315001_yw_155061,0,background_false_accept
lvis_000000513181,lvis_000000513181_yw_249508,0,background_false_accept
lvis_000000421060,lvis_000000421060_yw_205134,0,background_false_accept
lvis_000000211674,lvis_000000211674_yw_103043,0,background_false_accept
lvis_000000210273,lvis_000000210273_yw_102343,0,background_false_accept
lvis_000000541664,lvis_000000541664_yw_262464,0,unknown_false_accept
lvis_000000211674,lvis_000000211674_yw_103044,0,background_false_accept
lvis_000000379332,lvis_000000379332_yw_186902,0,background_false_accept
lvis_000000315001,lvis_000000315001_yw_155062,0,background_false_accept
lvis_000000540502,lvis_000000540502_yw_261962,0,background_false_accept
lvis_000000458223,lvis_000000458223_yw_223715,0,background_false_accept
lvis_000000226154,lvis_000000226154_yw_110507,0,background_false_accept
lvis_000000441543,lvis_000000441543_yw_215917,0,background_false_accept
lvis_000000153343,lvis_000000153343_yw_072168,0,background_false_accept
lvis_000000513181,lvis_000000513181_yw_249509,0,wrong_known_class_or_duplicate
lvis_000000147740,lvis_000000147740_yw_069651,0,background_false_accept
lvis_000000421060,lvis_000000421060_yw_205135,0,background_false_accept
lvis_000000446574,lvis_000000446574_yw_218073,0,background_false_accept
lvis_000000255749,lvis_000000255749_yw_123937,0,background_false_accept
lvis_000000387916,lvis_000000387916_yw_190205,0,background_false_accept
lvis_000000335529,lvis_000000335529_yw_163531,0,background_false_accept
lvis_000000081394,lvis_000000081394_yw_036191,0,background_false_accept
lvis_000000005992,lvis_000000005992_yw_002709,0,background_false_accept
lvis_000000146667,lvis_000000146667_yw_068373,0,wrong_known_class_or_duplicate
lvis_000000271471,lvis_000000271471_yw_131560,0,background_false_accept
lvis_000000485237,lvis_000000485237_yw_236875,0,background_false_accept
lvis_000000543043,lvis_000000543043_yw_263149,0,background_false_accept
lvis_000000323751,lvis_000000323751_yw_158202,0,wrong_known_class_or_duplicate
lvis_000000146667,lvis_000000146667_yw_068374,0,background_false_accept
lvis_000000081394,lvis_000000081394_yw_036192,0,background_false_accept
lvis_000000012639,lvis_000000012639_yw_005777,0,background_false_accept
lvis_000000485237,lvis_000000485237_yw_236876,0,background_false_accept
lvis_000000485237,lvis_000000485237_yw_236877,0,background_false_accept
lvis_000000335529,lvis_000000335529_yw_163533,0,background_false_accept
lvis_000000157756,lvis_000000157756_yw_074944,0,background_false_accept
lvis_000000012639,lvis_000000012639_yw_005778,0,background_false_accept
lvis_000000081394,lvis_000000081394_yw_036193,0,background_false_accept
lvis_000000491613,lvis_000000491613_yw_239204,0,background_false_accept
lvis_000000379332,lvis_000000379332_yw_186903,0,background_false_accept
lvis_000000180878,lvis_000000180878_yw_086811,0,background_false_accept
lvis_000000211674,lvis_000000211674_yw_103054,0,background_false_accept
lvis_000000211674,lvis_000000211674_yw_103055,0,background_false_accept
lvis_000000315001,lvis_000000315001_yw_155063,0,background_false_accept
lvis_000000543043,lvis_000000543043_yw_263150,0,background_false_accept
lvis_000000210273,lvis_000000210273_yw_102349,0,background_false_accept
lvis_000000543043,lvis_000000543043_yw_263151,0,background_false_accept
lvis_000000012639,lvis_000000012639_yw_005779,0,background_false_accept
lvis_000000525600,lvis_000000525600_yw_254940,0,unknown_false_accept
lvis_000000146667,lvis_000000146667_yw_068377,0,background_false_accept
lvis_000000315001,lvis_000000315001_yw_155064,0,background_false_accept
lvis_000000518326,lvis_000000518326_yw_251665,0,background_false_accept
lvis_000000335529,lvis_000000335529_yw_163536,0,background_false_accept
lvis_000000128699,lvis_000000128699_yw_057362,0,background_false_accept
lvis_000000323751,lvis_000000323751_yw_158203,0,background_false_accept
lvis_000000147740,lvis_000000147740_yw_069655,0,background_false_accept
lvis_000000407298,lvis_000000407298_yw_198139,0,background_false_accept
lvis_000000210273,lvis_000000210273_yw_102353,0,background_false_accept
lvis_000000513181,lvis_000000513181_yw_249511,0,background_false_accept
lvis_000000167486,lvis_000000167486_yw_080263,0,background_false_accept
lvis_000000146667,lvis_000000146667_yw_068378,0,background_false_accept
lvis_000000421060,lvis_000000421060_yw_205136,0,background_false_accept
lvis_000000518326,lvis_000000518326_yw_251667,0,background_false_accept
lvis_000000157756,lvis_000000157756_yw_074947,0,background_false_accept
lvis_000000210273,lvis_000000210273_yw_102354,0,background_false_accept
lvis_000000196442,lvis_000000196442_yw_096311,0,background_false_accept
lvis_000000421060,lvis_000000421060_yw_205137,0,background_false_accept
lvis_000000533855,lvis_000000533855_yw_258891,0,background_false_accept
lvis_000000513181,lvis_000000513181_yw_249512,0,background_false_accept
lvis_000000335529,lvis_000000335529_yw_163539,0,background_false_accept
lvis_000000441543,lvis_000000441543_yw_215926,0,background_false_accept
lvis_000000153343,lvis_000000153343_yw_072172,0,background_false_accept
lvis_000000543043,lvis_000000543043_yw_263156,0,background_false_accept
lvis_000000210273,lvis_000000210273_yw_102356,0,background_false_accept
lvis_000000533855,lvis_000000533855_yw_258892,0,background_false_accept
lvis_000000315001,lvis_000000315001_yw_155066,0,background_false_accept
lvis_000000485237,lvis_000000485237_yw_236878,0,background_false_accept
lvis_000000143998,lvis_000000143998_yw_067037,0,background_false_accept
lvis_000000210273,lvis_000000210273_yw_102358,0,background_false_accept
lvis_000000335529,lvis_000000335529_yw_163541,0,background_false_accept
lvis_000000210273,lvis_000000210273_yw_102359,0,background_false_accept
lvis_000000421060,lvis_000000421060_yw_205138,0,background_false_accept
lvis_000000335529,lvis_000000335529_yw_163542,0,background_false_accept
lvis_000000421060,lvis_000000421060_yw_205139,0,background_false_accept
lvis_000000244379,lvis_000000244379_yw_119744,0,background_false_accept
lvis_000000323751,lvis_000000323751_yw_158204,1,known_tp
lvis_000000513181,lvis_000000513181_yw_249513,0,background_false_accept
lvis_000000513181,lvis_000000513181_yw_249514,0,background_false_accept
lvis_000000157756,lvis_000000157756_yw_074948,1,known_tp
lvis_000000229553,lvis_000000229553_yw_112896,0,background_false_accept
lvis_000000421060,lvis_000000421060_yw_205140,0,background_false_accept
lvis_000000146667,lvis_000000146667_yw_068382,0,background_false_accept
lvis_000000446574,lvis_000000446574_yw_218074,0,unknown_false_accept
lvis_000000421060,lvis_000000421060_yw_205141,0,background_false_accept
lvis_000000239347,lvis_000000239347_yw_117747,0,background_false_accept
lvis_000000064868,lvis_000000064868_yw_028623,0,background_false_accept
lvis_000000146667,lvis_000000146667_yw_068384,0,background_false_accept
lvis_000000081394,lvis_000000081394_yw_036194,0,background_false_accept
lvis_000000196442,lvis_000000196442_yw_096312,0,unknown_false_accept
lvis_000000442161,lvis_000000442161_yw_216573,0,background_false_accept
lvis_000000421060,lvis_000000421060_yw_205142,0,background_false_accept
lvis_000000146667,lvis_000000146667_yw_068385,0,unknown_false_accept
lvis_000000323751,lvis_000000323751_yw_158205,0,background_false_accept
lvis_000000210273,lvis_000000210273_yw_102362,0,background_false_accept
lvis_000000215259,lvis_000000215259_yw_105690,0,background_false_accept
lvis_000000421060,lvis_000000421060_yw_205143,0,background_false_accept
lvis_000000091654,lvis_000000091654_yw_041411,0,unknown_false_accept
lvis_000000197528,lvis_000000197528_yw_096628,0,background_false_accept
lvis_000000431727,lvis_000000431727_yw_210608,0,background_false_accept
lvis_000000210273,lvis_000000210273_yw_102364,0,background_false_accept
lvis_000000513181,lvis_000000513181_yw_249515,0,background_false_accept
lvis_000000210273,lvis_000000210273_yw_102365,0,background_false_accept
lvis_000000421060,lvis_000000421060_yw_205144,1,known_tp
lvis_000000541664,lvis_000000541664_yw_262466,0,unknown_false_accept
lvis_000000513181,lvis_000000513181_yw_249516,0,background_false_accept
lvis_000000421060,lvis_000000421060_yw_205145,0,background_false_accept
lvis_000000210273,lvis_000000210273_yw_102366,0,background_false_accept
lvis_000000146667,lvis_000000146667_yw_068387,0,background_false_accept
lvis_000000211674,lvis_000000211674_yw_103059,0,background_false_accept
lvis_000000153343,lvis_000000153343_yw_072173,0,background_false_accept
lvis_000000475904,lvis_000000475904_yw_232436,0,background_false_accept
lvis_000000421060,lvis_000000421060_yw_205146,0,background_false_accept
lvis_000000316666,lvis_000000316666_yw_155559,0,background_false_accept
lvis_000000012639,lvis_000000012639_yw_005784,0,background_false_accept
lvis_000000421060,lvis_000000421060_yw_205147,0,background_false_accept
lvis_000000543043,lvis_000000543043_yw_263161,0,background_false_accept
lvis_000000189752,lvis_000000189752_yw_092397,0,background_false_accept
lvis_000000185802,lvis_000000185802_yw_090420,0,unknown_false_accept
lvis_000000146667,lvis_000000146667_yw_068389,0,background_false_accept
lvis_000000215259,lvis_000000215259_yw_105691,0,background_false_accept
lvis_000000378454,lvis_000000378454_yw_186266,0,background_false_accept
lvis_000000488664,lvis_000000488664_yw_237739,0,background_false_accept
lvis_000000146667,lvis_000000146667_yw_068391,0,background_false_accept
lvis_000000441543,lvis_000000441543_yw_215930,0,background_false_accept
lvis_000000335529,lvis_000000335529_yw_163548,0,background_false_accept
lvis_000000335529,lvis_000000335529_yw_163549,0,background_false_accept
lvis_000000421060,lvis_000000421060_yw_205149,0,background_false_accept
lvis_000000421060,lvis_000000421060_yw_205150,0,background_false_accept
lvis_000000335529,lvis_000000335529_yw_163550,0,background_false_accept
lvis_000000441543,lvis_000000441543_yw_215932,0,background_false_accept
lvis_000000513181,lvis_000000513181_yw_249517,0,background_false_accept
lvis_000000335529,lvis_000000335529_yw_163551,0,background_false_accept
lvis_000000211674,lvis_000000211674_yw_103061,0,background_false_accept
lvis_000000146667,lvis_000000146667_yw_068393,0,background_false_accept
lvis_000000421060,lvis_000000421060_yw_205151,0,background_false_accept
lvis_000000441543,lvis_000000441543_yw_215935,0,background_false_accept
lvis_000000513181,lvis_000000513181_yw_249518,0,background_false_accept
lvis_000000210273,lvis_000000210273_yw_102371,0,background_false_accept
lvis_000000211674,lvis_000000211674_yw_103063,0,background_false_accept
lvis_000000513181,lvis_000000513181_yw_249519,0,background_false_accept
lvis_000000543043,lvis_000000543043_yw_263164,0,background_false_accept
lvis_000000030213,lvis_000000030213_yw_013590,0,background_false_accept
lvis_000000153343,lvis_000000153343_yw_072174,0,background_false_accept
lvis_000000485237,lvis_000000485237_yw_236880,0,background_false_accept
lvis_000000005992,lvis_000000005992_yw_002711,0,background_false_accept
lvis_000000421060,lvis_000000421060_yw_205152,0,background_false_accept
lvis_000000211674,lvis_000000211674_yw_103065,0,wrong_known_class_or_duplicate
lvis_000000146667,lvis_000000146667_yw_068395,0,background_false_accept
lvis_000000485237,lvis_000000485237_yw_236881,0,background_false_accept
lvis_000000157756,lvis_000000157756_yw_074953,0,background_false_accept
lvis_000000525600,lvis_000000525600_yw_254941,0,unknown_false_accept
lvis_000000244379,lvis_000000244379_yw_119745,0,background_false_accept
lvis_000000106235,lvis_000000106235_yw_047163,0,background_false_accept
lvis_000000316666,lvis_000000316666_yw_155560,0,background_false_accept
lvis_000000513181,lvis_000000513181_yw_249520,0,background_false_accept
lvis_000000146667,lvis_000000146667_yw_068396,0,background_false_accept
lvis_000000215259,lvis_000000215259_yw_105692,0,background_false_accept
lvis_000000210273,lvis_000000210273_yw_102373,0,background_false_accept
lvis_000000518326,lvis_000000518326_yw_251671,0,background_false_accept
lvis_000000210273,lvis_000000210273_yw_102375,0,background_false_accept
lvis_000000543043,lvis_000000543043_yw_263165,0,background_false_accept
lvis_000000081394,lvis_000000081394_yw_036199,0,background_false_accept
lvis_000000146667,lvis_000000146667_yw_068399,0,background_false_accept
lvis_000000518326,lvis_000000518326_yw_251672,0,unknown_false_accept
lvis_000000244379,lvis_000000244379_yw_119746,0,background_false_accept
lvis_000000427649,lvis_000000427649_yw_208499,0,background_false_accept
lvis_000000421060,lvis_000000421060_yw_205155,0,background_false_accept
lvis_000000167486,lvis_000000167486_yw_080266,0,background_false_accept
lvis_000000147740,lvis_000000147740_yw_069660,0,background_false_accept
lvis_000000421060,lvis_000000421060_yw_205157,0,background_false_accept
lvis_000000153343,lvis_000000153343_yw_072175,0,background_false_accept
lvis_000000513181,lvis_000000513181_yw_249521,0,background_false_accept
lvis_000000255749,lvis_000000255749_yw_123940,0,background_false_accept
lvis_000000211674,lvis_000000211674_yw_103067,0,background_false_accept
lvis_000000485237,lvis_000000485237_yw_236882,0,background_false_accept
lvis_000000513181,lvis_000000513181_yw_249523,0,background_false_accept
lvis_000000157138,lvis_000000157138_yw_074728,0,background_false_accept
lvis_000000335529,lvis_000000335529_yw_163555,0,background_false_accept
lvis_000000211674,lvis_000000211674_yw_103072,0,background_false_accept
lvis_000000005060,lvis_000000005060_yw_002465,0,background_false_accept
lvis_000000525600,lvis_000000525600_yw_254942,0,unknown_false_accept
lvis_000000513181,lvis_000000513181_yw_249524,0,background_false_accept
lvis_000000407298,lvis_000000407298_yw_198140,0,background_false_accept
lvis_000000123480,lvis_000000123480_yw_054660,0,wrong_known_class_or_duplicate
lvis_000000081394,lvis_000000081394_yw_036202,0,background_false_accept
lvis_000000513181,lvis_000000513181_yw_249525,0,background_false_accept
lvis_000000167486,lvis_000000167486_yw_080267,0,background_false_accept
lvis_000000239347,lvis_000000239347_yw_117749,0,background_false_accept
lvis_000000030213,lvis_000000030213_yw_013591,0,background_false_accept
lvis_000000005992,lvis_000000005992_yw_002713,0,background_false_accept
lvis_000000394559,lvis_000000394559_yw_192917,0,background_false_accept
lvis_000000226154,lvis_000000226154_yw_110508,0,background_false_accept
lvis_000000210273,lvis_000000210273_yw_102379,0,background_false_accept
lvis_000000210273,lvis_000000210273_yw_102381,0,background_false_accept
lvis_000000442161,lvis_000000442161_yw_216574,0,background_false_accept
lvis_000000098497,lvis_000000098497_yw_044050,0,background_false_accept
lvis_000000441543,lvis_000000441543_yw_215942,0,background_false_accept
lvis_000000009448,lvis_000000009448_yw_004441,0,background_false_accept
lvis_000000421060,lvis_000000421060_yw_205159,0,background_false_accept
lvis_000000081394,lvis_000000081394_yw_036203,0,background_false_accept
lvis_000000210273,lvis_000000210273_yw_102382,0,background_false_accept
lvis_000000485237,lvis_000000485237_yw_236885,0,background_false_accept
lvis_000000518326,lvis_000000518326_yw_251675,0,background_false_accept
lvis_000000441543,lvis_000000441543_yw_215944,0,background_false_accept
lvis_000000146667,lvis_000000146667_yw_068406,0,background_false_accept
lvis_000000211674,lvis_000000211674_yw_103074,0,background_false_accept
lvis_000000078823,lvis_000000078823_yw_034845,0,background_false_accept
lvis_000000316666,lvis_000000316666_yw_155561,0,background_false_accept
lvis_000000525600,lvis_000000525600_yw_254943,0,unknown_false_accept
lvis_000000518326,lvis_000000518326_yw_251676,0,background_false_accept
lvis_000000513181,lvis_000000513181_yw_249526,0,background_false_accept
lvis_000000146667,lvis_000000146667_yw_068408,0,background_false_accept
lvis_000000108503,lvis_000000108503_yw_048104,0,background_false_accept
lvis_000000078823,lvis_000000078823_yw_034846,0,background_false_accept
lvis_000000211674,lvis_000000211674_yw_103076,0,background_false_accept
lvis_000000012639,lvis_000000012639_yw_005791,0,background_false_accept
lvis_000000244379,lvis_000000244379_yw_119747,0,background_false_accept
lvis_000000421060,lvis_000000421060_yw_205160,0,background_false_accept
lvis_000000513181,lvis_000000513181_yw_249527,0,background_false_accept
lvis_000000316666,lvis_000000316666_yw_155562,0,unknown_false_accept
lvis_000000147740,lvis_000000147740_yw_069662,0,background_false_accept
lvis_000000427649,lvis_000000427649_yw_208500,0,background_false_accept
lvis_000000146667,lvis_000000146667_yw_068409,0,background_false_accept
lvis_000000421060,lvis_000000421060_yw_205161,0,background_false_accept
lvis_000000167486,lvis_000000167486_yw_080269,0,background_false_accept
lvis_000000421060,lvis_000000421060_yw_205162,0,background_false_accept
lvis_000000335529,lvis_000000335529_yw_163559,0,background_false_accept
lvis_000000485237,lvis_000000485237_yw_236886,0,background_false_accept
lvis_000000012639,lvis_000000012639_yw_005792,0,background_false_accept
lvis_000000211674,lvis_000000211674_yw_103078,0,background_false_accept
lvis_000000271471,lvis_000000271471_yw_131563,0,background_false_accept
lvis_000000335529,lvis_000000335529_yw_163561,0,background_false_accept
lvis_000000167486,lvis_000000167486_yw_080270,0,background_false_accept
lvis_000000458223,lvis_000000458223_yw_223716,0,background_false_accept
lvis_000000012639,lvis_000000012639_yw_005793,0,background_false_accept
lvis_000000441543,lvis_000000441543_yw_215949,0,background_false_accept
lvis_000000316666,lvis_000000316666_yw_155563,0,background_false_accept
lvis_000000446574,lvis_000000446574_yw_218075,0,unknown_false_accept
lvis_000000167486,lvis_000000167486_yw_080271,0,background_false_accept
lvis_000000540502,lvis_000000540502_yw_261963,0,background_false_accept
lvis_000000167486,lvis_000000167486_yw_080272,0,background_false_accept
lvis_000000197528,lvis_000000197528_yw_096634,0,background_false_accept
lvis_000000335529,lvis_000000335529_yw_163562,0,background_false_accept
lvis_000000513181,lvis_000000513181_yw_249528,0,background_false_accept
lvis_000000210273,lvis_000000210273_yw_102389,0,background_false_accept
lvis_000000513181,lvis_000000513181_yw_249529,0,background_false_accept
lvis_000000315001,lvis_000000315001_yw_155074,0,background_false_accept
lvis_000000441543,lvis_000000441543_yw_215954,0,background_false_accept
lvis_000000485237,lvis_000000485237_yw_236887,0,background_false_accept
lvis_000000244379,lvis_000000244379_yw_119748,0,background_false_accept
lvis_000000513181,lvis_000000513181_yw_249530,0,background_false_accept
lvis_000000421060,lvis_000000421060_yw_205164,0,background_false_accept
lvis_000000084650,lvis_000000084650_yw_038394,0,unknown_false_accept
lvis_000000157756,lvis_000000157756_yw_074959,0,background_false_accept
lvis_000000030213,lvis_000000030213_yw_013593,0,background_false_accept
lvis_000000158227,lvis_000000158227_yw_075201,0,background_false_accept
lvis_000000081394,lvis_000000081394_yw_036204,0,background_false_accept
lvis_000000513181,lvis_000000513181_yw_249531,0,background_false_accept
lvis_000000128699,lvis_000000128699_yw_057366,0,background_false_accept
lvis_000000210273,lvis_000000210273_yw_102390,0,background_false_accept
lvis_000000210273,lvis_000000210273_yw_102391,0,background_false_accept
lvis_000000518326,lvis_000000518326_yw_251678,0,background_false_accept
lvis_000000081394,lvis_000000081394_yw_036205,0,background_false_accept
lvis_000000244379,lvis_000000244379_yw_119749,0,background_false_accept
lvis_000000167486,lvis_000000167486_yw_080275,0,background_false_accept
lvis_000000347456,lvis_000000347456_yw_169675,0,background_false_accept
lvis_000000421060,lvis_000000421060_yw_205165,0,background_false_accept
lvis_000000197022,lvis_000000197022_yw_096598,0,unknown_false_accept
lvis_000000421060,lvis_000000421060_yw_205166,0,background_false_accept
lvis_000000189752,lvis_000000189752_yw_092400,0,background_false_accept
lvis_000000012639,lvis_000000012639_yw_005797,0,background_false_accept
lvis_000000543043,lvis_000000543043_yw_263175,0,background_false_accept
lvis_000000012639,lvis_000000012639_yw_005799,0,background_false_accept
lvis_000000485237,lvis_000000485237_yw_236888,0,background_false_accept
lvis_000000323751,lvis_000000323751_yw_158208,0,background_false_accept
lvis_000000543043,lvis_000000543043_yw_263176,0,background_false_accept
lvis_000000064868,lvis_000000064868_yw_028625,0,background_false_accept
lvis_000000513181,lvis_000000513181_yw_249533,0,background_false_accept
lvis_000000510095,lvis_000000510095_yw_248060,0,background_false_accept
lvis_000000513181,lvis_000000513181_yw_249534,0,background_false_accept
lvis_000000441543,lvis_000000441543_yw_215957,0,background_false_accept
lvis_000000059598,lvis_000000059598_yw_026051,0,unknown_false_accept
lvis_000000543043,lvis_000000543043_yw_263178,0,background_false_accept
lvis_000000421060,lvis_000000421060_yw_205167,0,background_false_accept
lvis_000000421060,lvis_000000421060_yw_205168,0,background_false_accept
lvis_000000348012,lvis_000000348012_yw_169802,0,background_false_accept
lvis_000000421060,lvis_000000421060_yw_205169,0,background_false_accept
lvis_000000190637,lvis_000000190637_yw_092828,0,background_false_accept
lvis_000000441543,lvis_000000441543_yw_215958,0,background_false_accept
lvis_000000421060,lvis_000000421060_yw_205170,0,background_false_accept
lvis_000000167486,lvis_000000167486_yw_080277,0,background_false_accept
lvis_000000210273,lvis_000000210273_yw_102396,0,background_false_accept
lvis_000000543043,lvis_000000543043_yw_263179,0,background_false_accept
lvis_000000226154,lvis_000000226154_yw_110509,0,background_false_accept
lvis_000000210273,lvis_000000210273_yw_102397,0,background_false_accept
lvis_000000106235,lvis_000000106235_yw_047165,0,unknown_false_accept
lvis_000000059598,lvis_000000059598_yw_026053,0,background_false_accept
lvis_000000153343,lvis_000000153343_yw_072177,0,background_false_accept
lvis_000000543043,lvis_000000543043_yw_263180,0,background_false_accept
lvis_000000543043,lvis_000000543043_yw_263181,0,background_false_accept
lvis_000000210273,lvis_000000210273_yw_102398,0,background_false_accept
lvis_000000379332,lvis_000000379332_yw_186909,0,unknown_false_accept
lvis_000000210273,lvis_000000210273_yw_102399,0,background_false_accept
lvis_000000421060,lvis_000000421060_yw_205171,1,known_tp
lvis_000000146667,lvis_000000146667_yw_068423,0,background_false_accept
lvis_000000157138,lvis_000000157138_yw_074729,0,background_false_accept
lvis_000000098497,lvis_000000098497_yw_044054,0,background_false_accept
lvis_000000167486,lvis_000000167486_yw_080278,0,background_false_accept
lvis_000000081394,lvis_000000081394_yw_036208,0,wrong_known_class_or_duplicate
lvis_000000210273,lvis_000000210273_yw_102403,0,background_false_accept
lvis_000000316666,lvis_000000316666_yw_155564,0,background_false_accept
lvis_000000543043,lvis_000000543043_yw_263184,0,background_false_accept
lvis_000000315001,lvis_000000315001_yw_155077,0,background_false_accept
lvis_000000513181,lvis_000000513181_yw_249535,0,background_false_accept
lvis_000000127494,lvis_000000127494_yw_056764,0,background_false_accept
lvis_000000005992,lvis_000000005992_yw_002716,0,background_false_accept
lvis_000000064868,lvis_000000064868_yw_028626,0,background_false_accept
lvis_000000158227,lvis_000000158227_yw_075202,0,background_false_accept
lvis_000000210273,lvis_000000210273_yw_102404,0,wrong_known_class_or_duplicate
lvis_000000210273,lvis_000000210273_yw_102405,0,background_false_accept
lvis_000000361621,lvis_000000361621_yw_176442,0,wrong_known_class_or_duplicate
lvis_000000244379,lvis_000000244379_yw_119750,0,background_false_accept
lvis_000000316666,lvis_000000316666_yw_155565,0,background_false_accept
lvis_000000518326,lvis_000000518326_yw_251680,0,background_false_accept
lvis_000000356498,lvis_000000356498_yw_173630,0,background_false_accept
lvis_000000513181,lvis_000000513181_yw_249537,0,background_false_accept
lvis_000000012639,lvis_000000012639_yw_005802,0,background_false_accept
lvis_000000513181,lvis_000000513181_yw_249538,0,background_false_accept
lvis_000000335529,lvis_000000335529_yw_163566,0,background_false_accept
lvis_000000513181,lvis_000000513181_yw_249539,0,background_false_accept
lvis_000000064868,lvis_000000064868_yw_028627,0,wrong_known_class_or_duplicate
lvis_000000518326,lvis_000000518326_yw_251681,0,background_false_accept
lvis_000000146667,lvis_000000146667_yw_068428,0,background_false_accept
lvis_000000167486,lvis_000000167486_yw_080281,0,background_false_accept
lvis_000000488664,lvis_000000488664_yw_237741,0,background_false_accept
lvis_000000513181,lvis_000000513181_yw_249540,0,background_false_accept
lvis_000000210273,lvis_000000210273_yw_102408,0,background_false_accept
lvis_000000335529,lvis_000000335529_yw_163567,0,background_false_accept
lvis_000000387916,lvis_000000387916_yw_190214,0,unknown_false_accept
lvis_000000146667,lvis_000000146667_yw_068429,0,background_false_accept
lvis_000000009448,lvis_000000009448_yw_004443,0,background_false_accept
lvis_000000226154,lvis_000000226154_yw_110510,0,background_false_accept
lvis_000000211674,lvis_000000211674_yw_103088,0,background_false_accept
lvis_000000441543,lvis_000000441543_yw_215964,0,background_false_accept
lvis_000000098497,lvis_000000098497_yw_044056,0,background_false_accept
lvis_000000210273,lvis_000000210273_yw_102409,0,background_false_accept
lvis_000000005992,lvis_000000005992_yw_002718,0,background_false_accept
lvis_000000543043,lvis_000000543043_yw_263185,0,background_false_accept
lvis_000000323751,lvis_000000323751_yw_158210,0,background_false_accept
lvis_000000196442,lvis_000000196442_yw_096313,0,background_false_accept
lvis_000000441543,lvis_000000441543_yw_215966,0,background_false_accept
lvis_000000323751,lvis_000000323751_yw_158211,0,background_false_accept
lvis_000000210273,lvis_000000210273_yw_102410,0,background_false_accept
lvis_000000210273,lvis_000000210273_yw_102411,0,background_false_accept
lvis_000000314264,lvis_000000314264_yw_154906,0,background_false_accept
lvis_000000421060,lvis_000000421060_yw_205172,0,background_false_accept
lvis_000000441543,lvis_000000441543_yw_215967,0,background_false_accept
lvis_000000540502,lvis_000000540502_yw_261964,0,background_false_accept
lvis_000000226154,lvis_000000226154_yw_110511,0,background_false_accept
lvis_000000488664,lvis_000000488664_yw_237742,0,background_false_accept
lvis_000000167486,lvis_000000167486_yw_080283,0,background_false_accept
lvis_000000513181,lvis_000000513181_yw_249541,0,background_false_accept
lvis_000000475904,lvis_000000475904_yw_232438,0,background_false_accept
lvis_000000571598,lvis_000000571598_yw_277263,0,background_false_accept
lvis_000000226154,lvis_000000226154_yw_110512,0,wrong_known_class_or_duplicate
lvis_000000441543,lvis_000000441543_yw_215968,0,background_false_accept
lvis_000000210273,lvis_000000210273_yw_102413,0,background_false_accept
lvis_000000378454,lvis_000000378454_yw_186267,0,background_false_accept
lvis_000000078823,lvis_000000078823_yw_034848,0,background_false_accept
lvis_000000513181,lvis_000000513181_yw_249543,0,background_false_accept
lvis_000000108503,lvis_000000108503_yw_048106,0,background_false_accept
lvis_000000335529,lvis_000000335529_yw_163568,0,background_false_accept
lvis_000000518326,lvis_000000518326_yw_251683,0,background_false_accept
lvis_000000146667,lvis_000000146667_yw_068435,0,background_false_accept
lvis_000000546011,lvis_000000546011_yw_264410,0,background_false_accept
lvis_000000335529,lvis_000000335529_yw_163569,0,background_false_accept
lvis_000000108503,lvis_000000108503_yw_048107,0,background_false_accept
lvis_000000210273,lvis_000000210273_yw_102414,0,background_false_accept
lvis_000000005992,lvis_000000005992_yw_002719,0,background_false_accept
lvis_000000543043,lvis_000000543043_yw_263187,0,background_false_accept
lvis_000000446574,lvis_000000446574_yw_218076,0,unknown_false_accept
lvis_000000335529,lvis_000000335529_yw_163570,0,background_false_accept
lvis_000000167486,lvis_000000167486_yw_080284,0,background_false_accept
lvis_000000513181,lvis_000000513181_yw_249545,0,background_false_accept
lvis_000000578500,lvis_000000578500_yw_280321,0,background_false_accept
lvis_000000078823,lvis_000000078823_yw_034849,0,background_false_accept
lvis_000000442161,lvis_000000442161_yw_216576,0,background_false_accept
lvis_000000146667,lvis_000000146667_yw_068439,0,background_false_accept
lvis_000000421060,lvis_000000421060_yw_205174,0,background_false_accept
lvis_000000335529,lvis_000000335529_yw_163572,0,background_false_accept
lvis_000000421060,lvis_000000421060_yw_205175,0,background_false_accept
lvis_000000315001,lvis_000000315001_yw_155079,0,background_false_accept
lvis_000000421060,lvis_000000421060_yw_205176,0,background_false_accept
lvis_000000146667,lvis_000000146667_yw_068440,0,background_false_accept
lvis_000000153343,lvis_000000153343_yw_072179,0,background_false_accept
lvis_000000210273,lvis_000000210273_yw_102415,0,background_false_accept
lvis_000000146667,lvis_000000146667_yw_068441,0,background_false_accept
lvis_000000157756,lvis_000000157756_yw_074967,0,background_false_accept
lvis_000000108503,lvis_000000108503_yw_048108,0,background_false_accept
lvis_000000513181,lvis_000000513181_yw_249546,0,background_false_accept
lvis_000000513181,lvis_000000513181_yw_249547,0,background_false_accept
lvis_000000211674,lvis_000000211674_yw_103092,0,background_false_accept
lvis_000000543043,lvis_000000543043_yw_263188,0,background_false_accept
lvis_000000441543,lvis_000000441543_yw_215975,0,unknown_false_accept
lvis_000000315001,lvis_000000315001_yw_155080,0,background_false_accept
lvis_000000421060,lvis_000000421060_yw_205177,0,background_false_accept
lvis_000000005992,lvis_000000005992_yw_002722,0,background_false_accept
lvis_000000244379,lvis_000000244379_yw_119753,0,background_false_accept
lvis_000000335529,lvis_000000335529_yw_163575,0,background_false_accept
lvis_000000543043,lvis_000000543043_yw_263189,0,background_false_accept
lvis_000000157756,lvis_000000157756_yw_074969,0,background_false_accept
lvis_000000421060,lvis_000000421060_yw_205178,0,background_false_accept
lvis_000000012639,lvis_000000012639_yw_005806,0,background_false_accept
lvis_000000105264,lvis_000000105264_yw_046637,0,background_false_accept
lvis_000000211674,lvis_000000211674_yw_103093,0,background_false_accept
lvis_000000543043,lvis_000000543043_yw_263190,0,background_false_accept
lvis_000000033707,lvis_000000033707_yw_015683,0,unknown_false_accept
lvis_000000210273,lvis_000000210273_yw_102418,0,background_false_accept
lvis_000000485237,lvis_000000485237_yw_236891,0,background_false_accept
lvis_000000081394,lvis_000000081394_yw_036211,0,background_false_accept
lvis_000000157756,lvis_000000157756_yw_074970,0,background_false_accept
lvis_000000012639,lvis_000000012639_yw_005807,0,background_false_accept
lvis_000000167486,lvis_000000167486_yw_080289,0,background_false_accept
lvis_000000540502,lvis_000000540502_yw_261965,0,background_false_accept
lvis_000000167486,lvis_000000167486_yw_080290,0,background_false_accept
lvis_000000091654,lvis_000000091654_yw_041412,0,unknown_false_accept
lvis_000000210273,lvis_000000210273_yw_102420,0,background_false_accept
lvis_000000323751,lvis_000000323751_yw_158213,0,background_false_accept
lvis_000000059598,lvis_000000059598_yw_026054,0,background_false_accept
lvis_000000210273,lvis_000000210273_yw_102421,0,background_false_accept
lvis_000000543043,lvis_000000543043_yw_263191,0,background_false_accept
lvis_000000210273,lvis_000000210273_yw_102424,0,background_false_accept
lvis_000000458223,lvis_000000458223_yw_223718,0,background_false_accept
lvis_000000510095,lvis_000000510095_yw_248061,1,known_tp
lvis_000000128699,lvis_000000128699_yw_057370,0,unknown_false_accept
lvis_000000421060,lvis_000000421060_yw_205179,0,background_false_accept
lvis_000000146667,lvis_000000146667_yw_068454,0,background_false_accept
lvis_000000316666,lvis_000000316666_yw_155566,0,background_false_accept
lvis_000000146667,lvis_000000146667_yw_068457,0,background_false_accept
lvis_000000153343,lvis_000000153343_yw_072181,0,background_false_accept
lvis_000000153343,lvis_000000153343_yw_072182,0,background_false_accept
lvis_000000210273,lvis_000000210273_yw_102426,0,background_false_accept
lvis_000000332455,lvis_000000332455_yw_161749,0,background_false_accept
lvis_000000146667,lvis_000000146667_yw_068458,0,background_false_accept
lvis_000000485237,lvis_000000485237_yw_236892,0,background_false_accept
lvis_000000180878,lvis_000000180878_yw_086812,0,unknown_false_accept
lvis_000000146667,lvis_000000146667_yw_068459,0,background_false_accept
lvis_000000441543,lvis_000000441543_yw_215983,0,background_false_accept
lvis_000000197022,lvis_000000197022_yw_096599,0,unknown_false_accept
lvis_000000543043,lvis_000000543043_yw_263194,0,background_false_accept
lvis_000000105264,lvis_000000105264_yw_046638,0,background_false_accept
lvis_000000485237,lvis_000000485237_yw_236893,0,background_false_accept
lvis_000000421060,lvis_000000421060_yw_205180,0,background_false_accept
lvis_000000146667,lvis_000000146667_yw_068461,0,background_false_accept
lvis_000000064868,lvis_000000064868_yw_028630,0,background_false_accept
lvis_000000421060,lvis_000000421060_yw_205181,0,background_false_accept
lvis_000000078823,lvis_000000078823_yw_034850,0,background_false_accept
lvis_000000255749,lvis_000000255749_yw_123945,0,background_false_accept
lvis_000000146667,lvis_000000146667_yw_068466,0,background_false_accept
lvis_000000146667,lvis_000000146667_yw_068467,1,known_tp
lvis_000000441543,lvis_000000441543_yw_215988,0,background_false_accept
lvis_000000421060,lvis_000000421060_yw_205183,0,background_false_accept
lvis_000000543043,lvis_000000543043_yw_263195,0,background_false_accept
lvis_000000335529,lvis_000000335529_yw_163583,0,background_false_accept
lvis_000000210273,lvis_000000210273_yw_102429,0,background_false_accept
lvis_000000210273,lvis_000000210273_yw_102430,0,background_false_accept
lvis_000000378454,lvis_000000378454_yw_186268,0,background_false_accept
lvis_000000146667,lvis_000000146667_yw_068468,0,background_false_accept
lvis_000000197022,lvis_000000197022_yw_096600,0,unknown_false_accept
lvis_000000335529,lvis_000000335529_yw_163584,0,background_false_accept
lvis_000000485237,lvis_000000485237_yw_236895,0,background_false_accept
lvis_000000153343,lvis_000000153343_yw_072184,0,background_false_accept
lvis_000000441543,lvis_000000441543_yw_215990,0,background_false_accept
lvis_000000431727,lvis_000000431727_yw_210609,0,background_false_accept
lvis_000000578500,lvis_000000578500_yw_280322,0,background_false_accept
lvis_000000157756,lvis_000000157756_yw_074971,0,wrong_known_class_or_duplicate
lvis_000000379332,lvis_000000379332_yw_186912,0,background_false_accept
lvis_000000488664,lvis_000000488664_yw_237743,0,background_false_accept
lvis_000000210273,lvis_000000210273_yw_102434,0,background_false_accept
lvis_000000196442,lvis_000000196442_yw_096315,0,unknown_false_accept
lvis_000000525600,lvis_000000525600_yw_254944,0,unknown_false_accept
lvis_000000108503,lvis_000000108503_yw_048109,0,background_false_accept
lvis_000000189752,lvis_000000189752_yw_092402,0,background_false_accept
lvis_000000226154,lvis_000000226154_yw_110515,0,background_false_accept
lvis_000000012639,lvis_000000012639_yw_005809,0,background_false_accept
lvis_000000210273,lvis_000000210273_yw_102435,0,background_false_accept
lvis_000000541664,lvis_000000541664_yw_262469,0,unknown_false_accept
lvis_000000167486,lvis_000000167486_yw_080295,0,background_false_accept
lvis_000000147740,lvis_000000147740_yw_069673,0,background_false_accept
lvis_000000421060,lvis_000000421060_yw_205184,0,background_false_accept
lvis_000000458223,lvis_000000458223_yw_223719,0,background_false_accept
lvis_000000485237,lvis_000000485237_yw_236896,0,background_false_accept
lvis_000000128699,lvis_000000128699_yw_057371,0,background_false_accept
lvis_000000197528,lvis_000000197528_yw_096641,0,wrong_known_class_or_duplicate
lvis_000000513181,lvis_000000513181_yw_249552,0,background_false_accept
lvis_000000091654,lvis_000000091654_yw_041413,0,unknown_false_accept
lvis_000000513181,lvis_000000513181_yw_249553,0,background_false_accept
lvis_000000421060,lvis_000000421060_yw_205185,0,background_false_accept
lvis_000000458223,lvis_000000458223_yw_223720,0,background_false_accept
lvis_000000347456,lvis_000000347456_yw_169676,0,background_false_accept
lvis_000000441543,lvis_000000441543_yw_215996,0,background_false_accept
lvis_000000421060,lvis_000000421060_yw_205186,0,background_false_accept
lvis_000000513181,lvis_000000513181_yw_249555,0,background_false_accept
lvis_000000211674,lvis_000000211674_yw_103100,0,background_false_accept
lvis_000000441543,lvis_000000441543_yw_215997,0,background_false_accept
lvis_000000197528,lvis_000000197528_yw_096642,0,background_false_accept
lvis_000000485237,lvis_000000485237_yw_236897,0,background_false_accept
lvis_000000421060,lvis_000000421060_yw_205187,0,background_false_accept
lvis_000000533855,lvis_000000533855_yw_258893,0,background_false_accept
lvis_000000196442,lvis_000000196442_yw_096316,0,background_false_accept
lvis_000000271471,lvis_000000271471_yw_131564,0,background_false_accept
lvis_000000098497,lvis_000000098497_yw_044058,0,background_false_accept
lvis_000000525600,lvis_000000525600_yw_254945,0,background_false_accept
lvis_000000335529,lvis_000000335529_yw_163587,0,background_false_accept
lvis_000000157756,lvis_000000157756_yw_074975,0,background_false_accept
lvis_000000146667,lvis_000000146667_yw_068481,0,wrong_known_class_or_duplicate
lvis_000000421060,lvis_000000421060_yw_205188,0,background_false_accept
lvis_000000157756,lvis_000000157756_yw_074976,0,background_false_accept
lvis_000000098497,lvis_000000098497_yw_044059,0,background_false_accept
lvis_000000012639,lvis_000000012639_yw_005811,0,background_false_accept
lvis_000000146667,lvis_000000146667_yw_068483,0,background_false_accept
lvis_000000441543,lvis_000000441543_yw_216001,0,background_false_accept
lvis_000000421060,lvis_000000421060_yw_205189,0,background_false_accept
lvis_000000147740,lvis_000000147740_yw_069675,0,background_false_accept
lvis_000000157756,lvis_000000157756_yw_074977,0,background_false_accept
lvis_000000335529,lvis_000000335529_yw_163588,0,background_false_accept
lvis_000000540502,lvis_000000540502_yw_261966,0,background_false_accept
lvis_000000157756,lvis_000000157756_yw_074978,0,background_false_accept
lvis_000000157756,lvis_000000157756_yw_074979,0,background_false_accept
lvis_000000513181,lvis_000000513181_yw_249557,0,background_false_accept
lvis_000000108503,lvis_000000108503_yw_048110,0,background_false_accept
lvis_000000513181,lvis_000000513181_yw_249558,0,background_false_accept
lvis_000000513181,lvis_000000513181_yw_249559,0,background_false_accept
lvis_000000421060,lvis_000000421060_yw_205190,0,background_false_accept
lvis_000000485237,lvis_000000485237_yw_236899,0,background_false_accept
lvis_000000335529,lvis_000000335529_yw_163589,0,background_false_accept
lvis_000000513181,lvis_000000513181_yw_249560,0,wrong_known_class_or_duplicate
lvis_000000441543,lvis_000000441543_yw_216005,0,background_false_accept
lvis_000000081394,lvis_000000081394_yw_036218,0,background_false_accept
lvis_000000543043,lvis_000000543043_yw_263203,0,background_false_accept
lvis_000000315001,lvis_000000315001_yw_155087,0,background_false_accept
lvis_000000128699,lvis_000000128699_yw_057374,0,unknown_false_accept
lvis_000000314264,lvis_000000314264_yw_154909,0,background_false_accept
lvis_000000059598,lvis_000000059598_yw_026056,0,background_false_accept
lvis_000000323751,lvis_000000323751_yw_158217,0,background_false_accept
lvis_000000335529,lvis_000000335529_yw_163590,0,background_false_accept
lvis_000000147740,lvis_000000147740_yw_069677,0,background_false_accept
lvis_000000147740,lvis_000000147740_yw_069678,0,background_false_accept
lvis_000000030213,lvis_000000030213_yw_013597,0,background_false_accept
lvis_000000323751,lvis_000000323751_yw_158218,0,background_false_accept
lvis_000000571598,lvis_000000571598_yw_277271,0,background_false_accept
lvis_000000196442,lvis_000000196442_yw_096318,0,background_false_accept
lvis_000000441543,lvis_000000441543_yw_216009,0,background_false_accept
lvis_000000185802,lvis_000000185802_yw_090424,0,background_false_accept
lvis_000000211674,lvis_000000211674_yw_103106,0,background_false_accept
lvis_000000005992,lvis_000000005992_yw_002724,0,background_false_accept
lvis_000000005992,lvis_000000005992_yw_002725,0,background_false_accept
lvis_000000421060,lvis_000000421060_yw_205192,0,background_false_accept
lvis_000000314264,lvis_000000314264_yw_154910,0,background_false_accept
lvis_000000084241,lvis_000000084241_yw_037920,0,background_false_accept
lvis_000000005992,lvis_000000005992_yw_002726,0,background_false_accept
lvis_000000421060,lvis_000000421060_yw_205193,0,background_false_accept
lvis_000000335529,lvis_000000335529_yw_163592,0,background_false_accept
lvis_000000335529,lvis_000000335529_yw_163593,0,wrong_known_class_or_duplicate
lvis_000000335529,lvis_000000335529_yw_163594,0,background_false_accept
lvis_000000421060,lvis_000000421060_yw_205194,0,background_false_accept
lvis_000000518326,lvis_000000518326_yw_251695,0,background_false_accept
lvis_000000108503,lvis_000000108503_yw_048111,0,background_false_accept
lvis_000000030213,lvis_000000030213_yw_013598,0,background_false_accept
lvis_000000005060,lvis_000000005060_yw_002468,0,background_false_accept
lvis_000000513181,lvis_000000513181_yw_249562,0,background_false_accept
lvis_000000323751,lvis_000000323751_yw_158219,0,background_false_accept
lvis_000000211674,lvis_000000211674_yw_103108,0,background_false_accept
lvis_000000518326,lvis_000000518326_yw_251696,0,background_false_accept
lvis_000000316666,lvis_000000316666_yw_155568,0,unknown_false_accept
lvis_000000513181,lvis_000000513181_yw_249564,0,background_false_accept
lvis_000000421060,lvis_000000421060_yw_205195,0,background_false_accept
lvis_000000513181,lvis_000000513181_yw_249565,0,background_false_accept
lvis_000000475904,lvis_000000475904_yw_232440,0,background_false_accept
lvis_000000030213,lvis_000000030213_yw_013599,0,background_false_accept
lvis_000000464522,lvis_000000464522_yw_228049,0,background_false_accept
lvis_000000335529,lvis_000000335529_yw_163596,0,background_false_accept
lvis_000000335529,lvis_000000335529_yw_163597,0,background_false_accept
lvis_000000271471,lvis_000000271471_yw_131565,0,background_false_accept
lvis_000000009448,lvis_000000009448_yw_004444,0,wrong_known_class_or_duplicate
lvis_000000211674,lvis_000000211674_yw_103109,1,known_tp
lvis_000000485237,lvis_000000485237_yw_236900,0,background_false_accept
lvis_000000335529,lvis_000000335529_yw_163598,0,background_false_accept
lvis_000000421060,lvis_000000421060_yw_205196,0,background_false_accept
lvis_000000421060,lvis_000000421060_yw_205197,0,background_false_accept
lvis_000000315001,lvis_000000315001_yw_155088,0,background_false_accept
lvis_000000421060,lvis_000000421060_yw_205198,0,background_false_accept
lvis_000000421060,lvis_000000421060_yw_205199,0,background_false_accept
lvis_000000211674,lvis_000000211674_yw_103110,0,background_false_accept
lvis_000000441543,lvis_000000441543_yw_216016,0,background_false_accept
lvis_000000030213,lvis_000000030213_yw_013600,0,unknown_false_accept
lvis_000000196442,lvis_000000196442_yw_096319,0,background_false_accept
lvis_000000475904,lvis_000000475904_yw_232441,0,wrong_known_class_or_duplicate
lvis_000000464522,lvis_000000464522_yw_228050,0,background_false_accept
lvis_000000146667,lvis_000000146667_yw_068494,0,background_false_accept
lvis_000000146667,lvis_000000146667_yw_068495,0,background_false_accept
lvis_000000335529,lvis_000000335529_yw_163600,0,background_false_accept
lvis_000000335529,lvis_000000335529_yw_163601,0,background_false_accept
lvis_000000335529,lvis_000000335529_yw_163602,0,background_false_accept
lvis_000000323751,lvis_000000323751_yw_158221,0,background_false_accept
lvis_000000081394,lvis_000000081394_yw_036221,0,background_false_accept
lvis_000000157756,lvis_000000157756_yw_074983,0,background_false_accept
lvis_000000123480,lvis_000000123480_yw_054663,0,background_false_accept
lvis_000000510095,lvis_000000510095_yw_248062,0,wrong_known_class_or_duplicate
lvis_000000239347,lvis_000000239347_yw_117752,0,background_false_accept
lvis_000000510095,lvis_000000510095_yw_248063,0,background_false_accept
lvis_000000518326,lvis_000000518326_yw_251701,0,background_false_accept
lvis_000000128699,lvis_000000128699_yw_057378,0,background_false_accept
lvis_000000458223,lvis_000000458223_yw_223723,0,background_false_accept
lvis_000000335529,lvis_000000335529_yw_163603,0,background_false_accept
lvis_000000387916,lvis_000000387916_yw_190216,0,unknown_false_accept
lvis_000000335529,lvis_000000335529_yw_163604,0,background_false_accept
lvis_000000146667,lvis_000000146667_yw_068498,0,background_false_accept
lvis_000000543043,lvis_000000543043_yw_263213,0,background_false_accept
lvis_000000421060,lvis_000000421060_yw_205201,0,background_false_accept
lvis_000000546011,lvis_000000546011_yw_264411,0,background_false_accept
lvis_000000543043,lvis_000000543043_yw_263215,0,background_false_accept
lvis_000000211674,lvis_000000211674_yw_103112,0,background_false_accept
lvis_000000226154,lvis_000000226154_yw_110518,0,background_false_accept
lvis_000000442161,lvis_000000442161_yw_216581,0,background_false_accept
lvis_000000513181,lvis_000000513181_yw_249567,0,background_false_accept
lvis_000000128699,lvis_000000128699_yw_057380,0,background_false_accept
lvis_000000105264,lvis_000000105264_yw_046643,0,background_false_accept
lvis_000000167486,lvis_000000167486_yw_080310,0,background_false_accept
lvis_000000421060,lvis_000000421060_yw_205202,0,background_false_accept
lvis_000000485237,lvis_000000485237_yw_236901,0,background_false_accept
lvis_000000005992,lvis_000000005992_yw_002728,0,background_false_accept
lvis_000000335529,lvis_000000335529_yw_163608,0,background_false_accept
lvis_000000541664,lvis_000000541664_yw_262473,0,unknown_false_accept
lvis_000000421060,lvis_000000421060_yw_205203,0,background_false_accept
lvis_000000421060,lvis_000000421060_yw_205204,0,background_false_accept
lvis_000000255749,lvis_000000255749_yw_123948,0,background_false_accept
lvis_000000157756,lvis_000000157756_yw_074985,0,background_false_accept
lvis_000000543043,lvis_000000543043_yw_263217,0,background_false_accept
lvis_000000064868,lvis_000000064868_yw_028633,0,background_false_accept
lvis_000000146667,lvis_000000146667_yw_068501,0,background_false_accept
lvis_000000441543,lvis_000000441543_yw_216022,0,background_false_accept
lvis_000000196442,lvis_000000196442_yw_096321,0,background_false_accept
lvis_000000441543,lvis_000000441543_yw_216023,0,background_false_accept
lvis_000000513181,lvis_000000513181_yw_249569,0,background_false_accept
lvis_000000578500,lvis_000000578500_yw_280325,0,background_false_accept
lvis_000000084241,lvis_000000084241_yw_037921,0,background_false_accept
lvis_000000335529,lvis_000000335529_yw_163610,0,background_false_accept
lvis_000000543043,lvis_000000543043_yw_263218,0,background_false_accept
lvis_000000147740,lvis_000000147740_yw_069682,0,background_false_accept
lvis_000000421060,lvis_000000421060_yw_205205,0,background_false_accept
lvis_000000543043,lvis_000000543043_yw_263220,0,background_false_accept
lvis_000000540502,lvis_000000540502_yw_261967,0,background_false_accept
lvis_000000442161,lvis_000000442161_yw_216582,0,unknown_false_accept
lvis_000000078823,lvis_000000078823_yw_034856,0,background_false_accept
lvis_000000157756,lvis_000000157756_yw_074987,0,background_false_accept
lvis_000000167486,lvis_000000167486_yw_080313,0,background_false_accept
lvis_000000059598,lvis_000000059598_yw_026057,0,background_false_accept
lvis_000000108503,lvis_000000108503_yw_048112,0,background_false_accept
lvis_000000335529,lvis_000000335529_yw_163612,0,background_false_accept
lvis_000000335529,lvis_000000335529_yw_163613,0,background_false_accept
lvis_000000323751,lvis_000000323751_yw_158222,0,background_false_accept
lvis_000000513181,lvis_000000513181_yw_249570,0,background_false_accept
lvis_000000211674,lvis_000000211674_yw_103119,0,background_false_accept
lvis_000000147740,lvis_000000147740_yw_069683,0,background_false_accept
lvis_000000108503,lvis_000000108503_yw_048113,0,background_false_accept
lvis_000000133631,lvis_000000133631_yw_060534,0,background_false_accept
lvis_000000091654,lvis_000000091654_yw_041415,0,background_false_accept
lvis_000000211674,lvis_000000211674_yw_103120,0,background_false_accept
lvis_000000147740,lvis_000000147740_yw_069684,0,background_false_accept
lvis_000000525600,lvis_000000525600_yw_254947,0,background_false_accept
lvis_000000081394,lvis_000000081394_yw_036225,0,background_false_accept
lvis_000000491613,lvis_000000491613_yw_239206,0,background_false_accept
lvis_000000518326,lvis_000000518326_yw_251706,0,background_false_accept
lvis_000000255749,lvis_000000255749_yw_123949,0,background_false_accept
lvis_000000370677,lvis_000000370677_yw_181081,0,background_false_accept
lvis_000000513181,lvis_000000513181_yw_249571,0,background_false_accept
lvis_000000196442,lvis_000000196442_yw_096322,0,background_false_accept
lvis_000000441543,lvis_000000441543_yw_216028,0,background_false_accept
lvis_000000098497,lvis_000000098497_yw_044063,0,background_false_accept
lvis_000000394559,lvis_000000394559_yw_192919,0,background_false_accept
lvis_000000146667,lvis_000000146667_yw_068509,0,background_false_accept
lvis_000000543043,lvis_000000543043_yw_263224,0,background_false_accept
lvis_000000275392,lvis_000000275392_yw_133209,0,background_false_accept
lvis_000000196442,lvis_000000196442_yw_096323,0,background_false_accept
lvis_000000421060,lvis_000000421060_yw_205207,0,background_false_accept
lvis_000000157756,lvis_000000157756_yw_074991,0,background_false_accept
lvis_000000081394,lvis_000000081394_yw_036228,0,background_false_accept
lvis_000000543043,lvis_000000543043_yw_263227,0,background_false_accept
lvis_000000387916,lvis_000000387916_yw_190220,0,unknown_false_accept
lvis_000000475904,lvis_000000475904_yw_232444,0,background_false_accept
lvis_000000081394,lvis_000000081394_yw_036229,0,wrong_known_class_or_duplicate
lvis_000000005992,lvis_000000005992_yw_002734,0,background_false_accept
lvis_000000078823,lvis_000000078823_yw_034857,0,background_false_accept
lvis_000000421060,lvis_000000421060_yw_205209,0,background_false_accept
lvis_000000491613,lvis_000000491613_yw_239207,0,background_false_accept
lvis_000000146667,lvis_000000146667_yw_068512,0,wrong_known_class_or_duplicate
lvis_000000211674,lvis_000000211674_yw_103126,0,wrong_known_class_or_duplicate
lvis_000000427649,lvis_000000427649_yw_208503,0,background_false_accept
lvis_000000475904,lvis_000000475904_yw_232445,0,background_false_accept
lvis_000000513181,lvis_000000513181_yw_249572,0,background_false_accept
lvis_000000146667,lvis_000000146667_yw_068514,0,background_false_accept
lvis_000000441543,lvis_000000441543_yw_216031,0,background_false_accept
lvis_000000485237,lvis_000000485237_yw_236903,0,background_false_accept
lvis_000000335529,lvis_000000335529_yw_163618,0,background_false_accept
lvis_000000255749,lvis_000000255749_yw_123950,0,background_false_accept
lvis_000000421060,lvis_000000421060_yw_205211,0,background_false_accept
lvis_000000431727,lvis_000000431727_yw_210611,0,background_false_accept
lvis_000000543043,lvis_000000543043_yw_263228,0,background_false_accept
lvis_000000335529,lvis_000000335529_yw_163619,0,background_false_accept
lvis_000000485237,lvis_000000485237_yw_236904,0,background_false_accept
lvis_000000005992,lvis_000000005992_yw_002735,0,background_false_accept
lvis_000000211674,lvis_000000211674_yw_103130,0,background_false_accept
lvis_000000157756,lvis_000000157756_yw_074992,0,background_false_accept
lvis_000000324818,lvis_000000324818_yw_158654,0,background_false_accept
lvis_000000525600,lvis_000000525600_yw_254949,0,background_false_accept
lvis_000000081394,lvis_000000081394_yw_036231,0,wrong_known_class_or_duplicate
lvis_000000485237,lvis_000000485237_yw_236905,0,background_false_accept
lvis_000000485237,lvis_000000485237_yw_236906,0,background_false_accept
lvis_000000347456,lvis_000000347456_yw_169677,0,background_false_accept
lvis_000000196442,lvis_000000196442_yw_096324,0,background_false_accept
lvis_000000211674,lvis_000000211674_yw_103132,0,background_false_accept
lvis_000000513181,lvis_000000513181_yw_249574,0,background_false_accept
lvis_000000081394,lvis_000000081394_yw_036232,0,background_false_accept
lvis_000000441543,lvis_000000441543_yw_216033,0,background_false_accept
lvis_000000157756,lvis_000000157756_yw_074993,0,background_false_accept
lvis_000000244379,lvis_000000244379_yw_119757,0,background_false_accept
lvis_000000485237,lvis_000000485237_yw_236908,0,background_false_accept
lvis_000000324818,lvis_000000324818_yw_158655,0,background_false_accept
lvis_000000106235,lvis_000000106235_yw_047168,0,background_false_accept
lvis_000000335529,lvis_000000335529_yw_163623,0,background_false_accept
lvis_000000081394,lvis_000000081394_yw_036233,0,background_false_accept
lvis_000000190637,lvis_000000190637_yw_092831,0,background_false_accept
lvis_000000485237,lvis_000000485237_yw_236910,0,background_false_accept
lvis_000000133631,lvis_000000133631_yw_060535,0,background_false_accept
lvis_000000315001,lvis_000000315001_yw_155092,0,background_false_accept
lvis_000000146667,lvis_000000146667_yw_068520,0,background_false_accept
lvis_000000167486,lvis_000000167486_yw_080320,0,background_false_accept
lvis_000000211674,lvis_000000211674_yw_103134,0,background_false_accept
lvis_000000421060,lvis_000000421060_yw_205212,0,background_false_accept
lvis_000000157756,lvis_000000157756_yw_074994,0,background_false_accept
lvis_000000543043,lvis_000000543043_yw_263234,0,background_false_accept
lvis_000000211674,lvis_000000211674_yw_103135,0,background_false_accept
lvis_000000518326,lvis_000000518326_yw_251710,0,unknown_false_accept
lvis_000000421060,lvis_000000421060_yw_205213,0,background_false_accept
lvis_000000347456,lvis_000000347456_yw_169678,0,background_false_accept
lvis_000000488664,lvis_000000488664_yw_237745,0,background_false_accept
lvis_000000255749,lvis_000000255749_yw_123952,0,background_false_accept
lvis_000000196442,lvis_000000196442_yw_096326,0,unknown_false_accept
lvis_000000518326,lvis_000000518326_yw_251711,0,background_false_accept
lvis_000000441543,lvis_000000441543_yw_216037,0,background_false_accept
lvis_000000475904,lvis_000000475904_yw_232447,0,background_false_accept
lvis_000000146667,lvis_000000146667_yw_068523,0,background_false_accept
lvis_000000105264,lvis_000000105264_yw_046645,0,background_false_accept
lvis_000000239347,lvis_000000239347_yw_117756,0,background_false_accept
lvis_000000123480,lvis_000000123480_yw_054665,0,background_false_accept
lvis_000000146667,lvis_000000146667_yw_068525,0,background_false_accept
lvis_000000211674,lvis_000000211674_yw_103139,0,background_false_accept
lvis_000000361621,lvis_000000361621_yw_176449,0,background_false_accept
lvis_000000543043,lvis_000000543043_yw_263235,0,background_false_accept
lvis_000000157756,lvis_000000157756_yw_074996,0,background_false_accept
lvis_000000244379,lvis_000000244379_yw_119758,0,background_false_accept
lvis_000000518326,lvis_000000518326_yw_251713,0,background_false_accept
lvis_000000005060,lvis_000000005060_yw_002472,0,background_false_accept
lvis_000000379332,lvis_000000379332_yw_186919,0,unknown_false_accept
lvis_000000421060,lvis_000000421060_yw_205214,0,background_false_accept
lvis_000000197528,lvis_000000197528_yw_096654,0,background_false_accept
lvis_000000485237,lvis_000000485237_yw_236911,0,background_false_accept
lvis_000000421060,lvis_000000421060_yw_205215,0,background_false_accept
lvis_000000157756,lvis_000000157756_yw_074998,0,background_false_accept
lvis_000000332455,lvis_000000332455_yw_161755,0,background_false_accept
lvis_000000108503,lvis_000000108503_yw_048114,0,background_false_accept
lvis_000000421060,lvis_000000421060_yw_205216,0,background_false_accept
lvis_000000485237,lvis_000000485237_yw_236912,0,background_false_accept
lvis_000000146667,lvis_000000146667_yw_068529,0,background_false_accept
lvis_000000387916,lvis_000000387916_yw_190222,0,unknown_false_accept
lvis_000000190637,lvis_000000190637_yw_092832,0,unknown_false_accept
lvis_000000197022,lvis_000000197022_yw_096601,0,background_false_accept
lvis_000000211674,lvis_000000211674_yw_103141,0,background_false_accept
lvis_000000157138,lvis_000000157138_yw_074730,0,background_false_accept
lvis_000000421060,lvis_000000421060_yw_205217,0,background_false_accept
lvis_000000127494,lvis_000000127494_yw_056766,0,background_false_accept
lvis_000000513181,lvis_000000513181_yw_249578,0,background_false_accept
lvis_000000197528,lvis_000000197528_yw_096655,0,background_false_accept
lvis_000000108503,lvis_000000108503_yw_048115,0,background_false_accept
lvis_000000485237,lvis_000000485237_yw_236913,0,background_false_accept
lvis_000000543043,lvis_000000543043_yw_263237,0,background_false_accept
lvis_000000157756,lvis_000000157756_yw_074999,0,background_false_accept
lvis_000000153343,lvis_000000153343_yw_072196,0,background_false_accept
lvis_000000146667,lvis_000000146667_yw_068532,0,background_false_accept
lvis_000000513181,lvis_000000513181_yw_249579,0,background_false_accept
lvis_000000407298,lvis_000000407298_yw_198142,0,background_false_accept
lvis_000000441543,lvis_000000441543_yw_216044,0,background_false_accept
lvis_000000387916,lvis_000000387916_yw_190223,0,background_false_accept
lvis_000000485237,lvis_000000485237_yw_236915,0,background_false_accept
lvis_000000005992,lvis_000000005992_yw_002737,0,background_false_accept
lvis_000000146667,lvis_000000146667_yw_068533,0,background_false_accept
lvis_000000370677,lvis_000000370677_yw_181084,0,background_false_accept
lvis_000000421060,lvis_000000421060_yw_205218,0,unknown_false_accept
lvis_000000513181,lvis_000000513181_yw_249580,0,background_false_accept
lvis_000000271471,lvis_000000271471_yw_131570,0,background_false_accept
lvis_000000078823,lvis_000000078823_yw_034860,0,background_false_accept
lvis_000000421060,lvis_000000421060_yw_205219,0,background_false_accept
lvis_000000080273,lvis_000000080273_yw_035759,0,unknown_false_accept
lvis_000000211674,lvis_000000211674_yw_103144,0,background_false_accept
lvis_000000153343,lvis_000000153343_yw_072197,0,background_false_accept
lvis_000000081394,lvis_000000081394_yw_036239,0,background_false_accept
lvis_000000315001,lvis_000000315001_yw_155095,0,background_false_accept
lvis_000000196442,lvis_000000196442_yw_096327,0,background_false_accept
lvis_000000421060,lvis_000000421060_yw_205220,0,background_false_accept
lvis_000000244379,lvis_000000244379_yw_119759,0,background_false_accept
lvis_000000543043,lvis_000000543043_yw_263243,0,background_false_accept
lvis_000000196442,lvis_000000196442_yw_096328,0,background_false_accept
lvis_000000005992,lvis_000000005992_yw_002738,0,background_false_accept
lvis_000000335529,lvis_000000335529_yw_163625,0,background_false_accept
lvis_000000196442,lvis_000000196442_yw_096329,0,background_false_accept
lvis_000000485237,lvis_000000485237_yw_236916,0,background_false_accept
lvis_000000167486,lvis_000000167486_yw_080327,0,background_false_accept
lvis_000000513181,lvis_000000513181_yw_249581,0,background_false_accept
lvis_000000543043,lvis_000000543043_yw_263245,0,background_false_accept
lvis_000000030213,lvis_000000030213_yw_013601,0,unknown_false_accept
lvis_000000215259,lvis_000000215259_yw_105701,0,background_false_accept
lvis_000000059598,lvis_000000059598_yw_026059,0,background_false_accept
lvis_000000128699,lvis_000000128699_yw_057387,0,background_false_accept
lvis_000000347456,lvis_000000347456_yw_169679,0,background_false_accept
lvis_000000211674,lvis_000000211674_yw_103145,0,background_false_accept
lvis_000000518326,lvis_000000518326_yw_251715,0,unknown_false_accept
lvis_000000441543,lvis_000000441543_yw_216048,0,background_false_accept
lvis_000000513181,lvis_000000513181_yw_249583,0,background_false_accept
lvis_000000421060,lvis_000000421060_yw_205221,0,background_false_accept
lvis_000000475904,lvis_000000475904_yw_232449,0,background_false_accept
lvis_000000485237,lvis_000000485237_yw_236917,0,background_false_accept
lvis_000000128699,lvis_000000128699_yw_057388,0,background_false_accept
lvis_000000084241,lvis_000000084241_yw_037922,0,background_false_accept
lvis_000000513181,lvis_000000513181_yw_249585,0,background_false_accept
lvis_000000525600,lvis_000000525600_yw_254950,0,background_false_accept
lvis_000000485237,lvis_000000485237_yw_236918,0,background_false_accept
lvis_000000196442,lvis_000000196442_yw_096330,0,background_false_accept
lvis_000000157756,lvis_000000157756_yw_075004,0,background_false_accept
lvis_000000407298,lvis_000000407298_yw_198144,0,unknown_false_accept
lvis_000000211674,lvis_000000211674_yw_103147,0,background_false_accept
lvis_000000485237,lvis_000000485237_yw_236919,0,background_false_accept
lvis_000000421060,lvis_000000421060_yw_205222,0,background_false_accept
lvis_000000316666,lvis_000000316666_yw_155573,0,background_false_accept
lvis_000000491613,lvis_000000491613_yw_239209,0,background_false_accept
lvis_000000518326,lvis_000000518326_yw_251718,0,background_false_accept
lvis_000000441543,lvis_000000441543_yw_216051,0,background_false_accept
lvis_000000458223,lvis_000000458223_yw_223727,0,background_false_accept
lvis_000000244379,lvis_000000244379_yw_119760,0,background_false_accept
lvis_000000458223,lvis_000000458223_yw_223728,0,background_false_accept
lvis_000000146667,lvis_000000146667_yw_068540,0,background_false_accept
lvis_000000543043,lvis_000000543043_yw_263246,0,background_false_accept
lvis_000000215259,lvis_000000215259_yw_105704,0,background_false_accept
lvis_000000211674,lvis_000000211674_yw_103148,0,background_false_accept
lvis_000000196442,lvis_000000196442_yw_096331,0,background_false_accept
lvis_000000431727,lvis_000000431727_yw_210612,0,background_false_accept
lvis_000000226154,lvis_000000226154_yw_110520,0,background_false_accept
lvis_000000244379,lvis_000000244379_yw_119761,0,background_false_accept
lvis_000000335529,lvis_000000335529_yw_163629,0,background_false_accept
lvis_000000356498,lvis_000000356498_yw_173631,0,background_false_accept
lvis_000000518326,lvis_000000518326_yw_251720,0,background_false_accept
lvis_000000546011,lvis_000000546011_yw_264412,0,background_false_accept
lvis_000000078823,lvis_000000078823_yw_034861,0,background_false_accept
lvis_000000347456,lvis_000000347456_yw_169680,0,background_false_accept
lvis_000000128699,lvis_000000128699_yw_057389,0,background_false_accept
lvis_000000005060,lvis_000000005060_yw_002474,0,background_false_accept
lvis_000000153343,lvis_000000153343_yw_072200,0,background_false_accept
lvis_000000146667,lvis_000000146667_yw_068543,0,background_false_accept
lvis_000000211674,lvis_000000211674_yw_103153,0,background_false_accept
lvis_000000335529,lvis_000000335529_yw_163631,0,background_false_accept
lvis_000000226154,lvis_000000226154_yw_110521,0,background_false_accept
lvis_000000064868,lvis_000000064868_yw_028638,0,background_false_accept
lvis_000000541664,lvis_000000541664_yw_262478,0,background_false_accept
lvis_000000543043,lvis_000000543043_yw_263247,0,background_false_accept
lvis_000000127494,lvis_000000127494_yw_056768,0,background_false_accept
lvis_000000157756,lvis_000000157756_yw_075007,0,background_false_accept
lvis_000000335529,lvis_000000335529_yw_163632,0,background_false_accept
lvis_000000108503,lvis_000000108503_yw_048116,0,background_false_accept
lvis_000000475904,lvis_000000475904_yw_232450,0,background_false_accept
lvis_000000347456,lvis_000000347456_yw_169681,0,background_false_accept
lvis_000000316666,lvis_000000316666_yw_155575,0,background_false_accept
lvis_000000081394,lvis_000000081394_yw_036242,0,background_false_accept
lvis_000000146667,lvis_000000146667_yw_068546,0,background_false_accept
lvis_000000421060,lvis_000000421060_yw_205223,0,background_false_accept
lvis_000000185802,lvis_000000185802_yw_090426,0,unknown_false_accept
lvis_000000525600,lvis_000000525600_yw_254952,0,background_false_accept
lvis_000000571598,lvis_000000571598_yw_277285,0,background_false_accept
lvis_000000189752,lvis_000000189752_yw_092408,0,background_false_accept
lvis_000000361621,lvis_000000361621_yw_176452,0,background_false_accept
lvis_000000543043,lvis_000000543043_yw_263248,0,background_false_accept
lvis_000000397133,lvis_000000397133_yw_193960,0,background_false_accept
lvis_000000153343,lvis_000000153343_yw_072201,0,background_false_accept
lvis_000000153343,lvis_000000153343_yw_072202,0,background_false_accept
lvis_000000543043,lvis_000000543043_yw_263250,0,background_false_accept
lvis_000000475904,lvis_000000475904_yw_232451,0,background_false_accept
lvis_000000211674,lvis_000000211674_yw_103155,0,background_false_accept
lvis_000000064868,lvis_000000064868_yw_028639,0,unknown_false_accept
lvis_000000211674,lvis_000000211674_yw_103156,0,background_false_accept
lvis_000000211674,lvis_000000211674_yw_103157,0,background_false_accept
lvis_000000012639,lvis_000000012639_yw_005841,0,background_false_accept
lvis_000000335529,lvis_000000335529_yw_163636,0,background_false_accept
lvis_000000485237,lvis_000000485237_yw_236923,0,background_false_accept
lvis_000000009448,lvis_000000009448_yw_004446,0,background_false_accept
lvis_000000091654,lvis_000000091654_yw_041416,0,unknown_false_accept
lvis_000000323751,lvis_000000323751_yw_158227,0,background_false_accept
lvis_000000030213,lvis_000000030213_yw_013604,0,background_false_accept
lvis_000000128699,lvis_000000128699_yw_057391,0,background_false_accept
lvis_000000211674,lvis_000000211674_yw_103158,0,background_false_accept
lvis_000000211674,lvis_000000211674_yw_103159,0,background_false_accept
lvis_000000485237,lvis_000000485237_yw_236924,0,background_false_accept
lvis_000000488664,lvis_000000488664_yw_237747,0,background_false_accept
lvis_000000421060,lvis_000000421060_yw_205225,0,background_false_accept
lvis_000000361621,lvis_000000361621_yw_176454,0,background_false_accept
lvis_000000211674,lvis_000000211674_yw_103160,0,background_false_accept
lvis_000000513181,lvis_000000513181_yw_249592,0,background_false_accept
lvis_000000485237,lvis_000000485237_yw_236925,0,background_false_accept
lvis_000000324818,lvis_000000324818_yw_158658,0,background_false_accept
lvis_000000030213,lvis_000000030213_yw_013605,0,background_false_accept
lvis_000000084650,lvis_000000084650_yw_038395,0,unknown_false_accept
lvis_000000488664,lvis_000000488664_yw_237748,0,background_false_accept
lvis_000000541664,lvis_000000541664_yw_262479,0,background_false_accept
lvis_000000421060,lvis_000000421060_yw_205227,0,background_false_accept
lvis_000000106235,lvis_000000106235_yw_047172,0,background_false_accept
lvis_000000335529,lvis_000000335529_yw_163639,0,background_false_accept
lvis_000000510095,lvis_000000510095_yw_248065,0,background_false_accept
lvis_000000335529,lvis_000000335529_yw_163640,0,background_false_accept
lvis_000000543043,lvis_000000543043_yw_263252,0,background_false_accept
lvis_000000239347,lvis_000000239347_yw_117757,0,background_false_accept
lvis_000000518326,lvis_000000518326_yw_251725,0,background_false_accept
lvis_000000078823,lvis_000000078823_yw_034863,0,background_false_accept
lvis_000000211674,lvis_000000211674_yw_103162,0,background_false_accept
lvis_000000347456,lvis_000000347456_yw_169682,0,background_false_accept
lvis_000000081394,lvis_000000081394_yw_036248,0,background_false_accept
lvis_000000167486,lvis_000000167486_yw_080337,0,background_false_accept
lvis_000000167486,lvis_000000167486_yw_080338,0,background_false_accept
lvis_000000197528,lvis_000000197528_yw_096661,0,background_false_accept
lvis_000000226154,lvis_000000226154_yw_110524,0,background_false_accept
lvis_000000255749,lvis_000000255749_yw_123956,0,background_false_accept
lvis_000000518326,lvis_000000518326_yw_251727,0,unknown_false_accept
lvis_000000211674,lvis_000000211674_yw_103163,0,background_false_accept
lvis_000000157756,lvis_000000157756_yw_075010,0,wrong_known_class_or_duplicate
lvis_000000211674,lvis_000000211674_yw_103164,0,background_false_accept
lvis_000000226154,lvis_000000226154_yw_110525,0,background_false_accept
lvis_000000229553,lvis_000000229553_yw_112898,0,background_false_accept
lvis_000000157756,lvis_000000157756_yw_075011,0,background_false_accept
lvis_000000167486,lvis_000000167486_yw_080340,0,background_false_accept
lvis_000000421060,lvis_000000421060_yw_205228,0,background_false_accept
lvis_000000441543,lvis_000000441543_yw_216079,0,background_false_accept
lvis_000000441543,lvis_000000441543_yw_216080,0,background_false_accept
lvis_000000211674,lvis_000000211674_yw_103165,0,background_false_accept
lvis_000000323751,lvis_000000323751_yw_158228,0,background_false_accept
lvis_000000189752,lvis_000000189752_yw_092409,0,unknown_false_accept
lvis_000000081394,lvis_000000081394_yw_036251,0,background_false_accept
lvis_000000421060,lvis_000000421060_yw_205230,0,background_false_accept
lvis_000000128699,lvis_000000128699_yw_057394,0,background_false_accept
lvis_000000167486,lvis_000000167486_yw_080341,0,background_false_accept
lvis_000000211674,lvis_000000211674_yw_103167,0,background_false_accept
lvis_000000335529,lvis_000000335529_yw_163645,0,background_false_accept
lvis_000000335529,lvis_000000335529_yw_163646,0,background_false_accept
lvis_000000441543,lvis_000000441543_yw_216082,0,background_false_accept
lvis_000000370677,lvis_000000370677_yw_181086,0,background_false_accept
lvis_000000005992,lvis_000000005992_yw_002741,0,background_false_accept
lvis_000000387916,lvis_000000387916_yw_190227,0,background_false_accept
lvis_000000543043,lvis_000000543043_yw_263256,0,background_false_accept
lvis_000000513181,lvis_000000513181_yw_249597,0,background_false_accept
lvis_000000525600,lvis_000000525600_yw_254954,0,background_false_accept
lvis_000000153343,lvis_000000153343_yw_072204,0,background_false_accept
lvis_000000335529,lvis_000000335529_yw_163647,0,background_false_accept
lvis_000000421060,lvis_000000421060_yw_205231,0,background_false_accept
lvis_000000335529,lvis_000000335529_yw_163649,0,background_false_accept
lvis_000000421060,lvis_000000421060_yw_205232,0,background_false_accept
lvis_000000370677,lvis_000000370677_yw_181087,0,unknown_false_accept
lvis_000000157756,lvis_000000157756_yw_075015,0,background_false_accept
lvis_000000485237,lvis_000000485237_yw_236930,0,background_false_accept
lvis_000000128699,lvis_000000128699_yw_057395,0,background_false_accept
lvis_000000081394,lvis_000000081394_yw_036252,0,background_false_accept
lvis_000000153343,lvis_000000153343_yw_072205,0,background_false_accept
lvis_000000098497,lvis_000000098497_yw_044065,0,background_false_accept
lvis_000000543043,lvis_000000543043_yw_263257,0,background_false_accept
lvis_000000513181,lvis_000000513181_yw_249598,0,background_false_accept
lvis_000000518326,lvis_000000518326_yw_251733,0,background_false_accept
lvis_000000153343,lvis_000000153343_yw_072206,0,background_false_accept
lvis_000000127494,lvis_000000127494_yw_056770,0,background_false_accept
lvis_000000211674,lvis_000000211674_yw_103172,0,background_false_accept
lvis_000000485237,lvis_000000485237_yw_236931,0,background_false_accept
lvis_000000255749,lvis_000000255749_yw_123958,0,wrong_known_class_or_duplicate
lvis_000000005992,lvis_000000005992_yw_002744,0,background_false_accept
lvis_000000441543,lvis_000000441543_yw_216090,0,background_false_accept
lvis_000000441543,lvis_000000441543_yw_216091,0,background_false_accept
lvis_000000106235,lvis_000000106235_yw_047173,0,background_false_accept
lvis_000000255749,lvis_000000255749_yw_123959,0,background_false_accept
lvis_000000255749,lvis_000000255749_yw_123960,0,background_false_accept
lvis_000000128699,lvis_000000128699_yw_057397,0,wrong_known_class_or_duplicate
lvis_000000513181,lvis_000000513181_yw_249599,0,background_false_accept
lvis_000000513181,lvis_000000513181_yw_249600,0,background_false_accept
lvis_000000153343,lvis_000000153343_yw_072207,0,background_false_accept
lvis_000000316666,lvis_000000316666_yw_155578,0,background_false_accept
lvis_000000189752,lvis_000000189752_yw_092411,0,background_false_accept
lvis_000000518326,lvis_000000518326_yw_251735,0,background_false_accept
lvis_000000167486,lvis_000000167486_yw_080344,0,background_false_accept
lvis_000000513181,lvis_000000513181_yw_249602,0,background_false_accept
lvis_000000211674,lvis_000000211674_yw_103175,0,background_false_accept
lvis_000000226154,lvis_000000226154_yw_110527,0,background_false_accept
lvis_000000211674,lvis_000000211674_yw_103176,0,background_false_accept
lvis_000000441543,lvis_000000441543_yw_216096,0,background_false_accept
lvis_000000211674,lvis_000000211674_yw_103179,0,background_false_accept
lvis_000000196442,lvis_000000196442_yw_096334,0,wrong_known_class_or_duplicate
lvis_000000421060,lvis_000000421060_yw_205236,0,background_false_accept
lvis_000000211674,lvis_000000211674_yw_103180,0,background_false_accept
lvis_000000323751,lvis_000000323751_yw_158233,0,background_false_accept
lvis_000000427649,lvis_000000427649_yw_208506,0,background_false_accept
lvis_000000525600,lvis_000000525600_yw_254955,0,background_false_accept
lvis_000000335529,lvis_000000335529_yw_163654,0,background_false_accept
lvis_000000540502,lvis_000000540502_yw_261968,0,unknown_false_accept
lvis_000000427649,lvis_000000427649_yw_208507,0,background_false_accept
lvis_000000081394,lvis_000000081394_yw_036253,0,background_false_accept
lvis_000000335529,lvis_000000335529_yw_163656,0,background_false_accept
lvis_000000185802,lvis_000000185802_yw_090429,0,unknown_false_accept
lvis_000000421060,lvis_000000421060_yw_205237,0,background_false_accept
lvis_000000098497,lvis_000000098497_yw_044066,0,background_false_accept
lvis_000000133631,lvis_000000133631_yw_060536,0,background_false_accept
lvis_000000421060,lvis_000000421060_yw_205238,0,background_false_accept
lvis_000000108503,lvis_000000108503_yw_048117,0,background_false_accept
lvis_000000106235,lvis_000000106235_yw_047174,0,background_false_accept
lvis_000000379332,lvis_000000379332_yw_186922,1,known_tp
lvis_000000518326,lvis_000000518326_yw_251736,0,background_false_accept
lvis_000000518326,lvis_000000518326_yw_251737,0,background_false_accept
lvis_000000458223,lvis_000000458223_yw_223730,0,background_false_accept
lvis_000000335529,lvis_000000335529_yw_163657,0,background_false_accept
lvis_000000543043,lvis_000000543043_yw_263259,0,background_false_accept
lvis_000000335529,lvis_000000335529_yw_163658,0,background_false_accept
lvis_000000518326,lvis_000000518326_yw_251738,0,background_false_accept
lvis_000000518326,lvis_000000518326_yw_251739,0,background_false_accept
lvis_000000255749,lvis_000000255749_yw_123961,0,background_false_accept
lvis_000000078823,lvis_000000078823_yw_034866,0,background_false_accept
lvis_000000244379,lvis_000000244379_yw_119763,0,background_false_accept
lvis_000000421060,lvis_000000421060_yw_205240,0,background_false_accept
lvis_000000030213,lvis_000000030213_yw_013606,0,unknown_false_accept
lvis_000000081394,lvis_000000081394_yw_036254,0,background_false_accept
lvis_000000091654,lvis_000000091654_yw_041417,0,background_false_accept
lvis_000000543043,lvis_000000543043_yw_263264,0,background_false_accept
lvis_000000323751,lvis_000000323751_yw_158235,0,background_false_accept
lvis_000000546011,lvis_000000546011_yw_264415,0,background_false_accept
lvis_000000081394,lvis_000000081394_yw_036255,0,background_false_accept
lvis_000000485237,lvis_000000485237_yw_236933,0,background_false_accept
lvis_000000211674,lvis_000000211674_yw_103182,0,background_false_accept
lvis_000000315001,lvis_000000315001_yw_155107,0,wrong_known_class_or_duplicate
lvis_000000458223,lvis_000000458223_yw_223732,0,background_false_accept
lvis_000000361621,lvis_000000361621_yw_176457,0,background_false_accept
lvis_000000078823,lvis_000000078823_yw_034867,0,background_false_accept
lvis_000000153343,lvis_000000153343_yw_072210,0,background_false_accept
lvis_000000167486,lvis_000000167486_yw_080349,0,background_false_accept
lvis_000000421060,lvis_000000421060_yw_205245,0,background_false_accept
lvis_000000167486,lvis_000000167486_yw_080350,0,background_false_accept
lvis_000000081394,lvis_000000081394_yw_036256,0,background_false_accept
lvis_000000518326,lvis_000000518326_yw_251740,0,background_false_accept
lvis_000000475904,lvis_000000475904_yw_232457,0,background_false_accept
lvis_000000475904,lvis_000000475904_yw_232458,0,background_false_accept
lvis_000000543043,lvis_000000543043_yw_263265,0,background_false_accept
lvis_000000005060,lvis_000000005060_yw_002476,0,background_false_accept
lvis_000000421060,lvis_000000421060_yw_205246,0,background_false_accept
lvis_000000147740,lvis_000000147740_yw_069715,0,background_false_accept
lvis_000000543043,lvis_000000543043_yw_263267,0,background_false_accept
lvis_000000441543,lvis_000000441543_yw_216103,0,background_false_accept
lvis_000000211674,lvis_000000211674_yw_103183,0,background_false_accept
lvis_000000081394,lvis_000000081394_yw_036258,0,wrong_known_class_or_duplicate
lvis_000000543043,lvis_000000543043_yw_263269,0,background_false_accept
lvis_000000064868,lvis_000000064868_yw_028644,0,background_false_accept
lvis_000000244379,lvis_000000244379_yw_119764,0,background_false_accept
lvis_000000441543,lvis_000000441543_yw_216104,0,background_false_accept
lvis_000000147740,lvis_000000147740_yw_069717,0,background_false_accept
lvis_000000211674,lvis_000000211674_yw_103184,0,background_false_accept
lvis_000000335529,lvis_000000335529_yw_163660,0,background_false_accept
lvis_000000421060,lvis_000000421060_yw_205247,0,background_false_accept
lvis_000000147740,lvis_000000147740_yw_069718,0,background_false_accept
lvis_000000441543,lvis_000000441543_yw_216109,0,background_false_accept
lvis_000000475904,lvis_000000475904_yw_232459,0,background_false_accept
lvis_000000421060,lvis_000000421060_yw_205248,0,unknown_false_accept
lvis_000000064868,lvis_000000064868_yw_028645,0,unknown_false_accept
lvis_000000485237,lvis_000000485237_yw_236937,0,background_false_accept
lvis_000000513181,lvis_000000513181_yw_249610,0,background_false_accept
lvis_000000147740,lvis_000000147740_yw_069719,0,background_false_accept
lvis_000000108503,lvis_000000108503_yw_048119,0,background_false_accept
lvis_000000128699,lvis_000000128699_yw_057403,0,background_false_accept
lvis_000000410735,lvis_000000410735_yw_200333,0,background_false_accept
lvis_000000190637,lvis_000000190637_yw_092835,0,background_false_accept
lvis_000000421060,lvis_000000421060_yw_205249,0,background_false_accept
lvis_000000157756,lvis_000000157756_yw_075019,0,background_false_accept
lvis_000000153343,lvis_000000153343_yw_072212,0,background_false_accept
lvis_000000513181,lvis_000000513181_yw_249611,0,background_false_accept
lvis_000000431727,lvis_000000431727_yw_210615,0,background_false_accept
lvis_000000475904,lvis_000000475904_yw_232460,0,background_false_accept
lvis_000000098497,lvis_000000098497_yw_044067,0,background_false_accept
lvis_000000128699,lvis_000000128699_yw_057404,0,background_false_accept
lvis_000000370677,lvis_000000370677_yw_181089,0,unknown_false_accept
lvis_000000158227,lvis_000000158227_yw_075210,0,background_false_accept
lvis_000000133631,lvis_000000133631_yw_060537,0,background_false_accept
lvis_000000157756,lvis_000000157756_yw_075020,0,background_false_accept
lvis_000000078823,lvis_000000078823_yw_034868,0,background_false_accept
lvis_000000157756,lvis_000000157756_yw_075021,0,background_false_accept
lvis_000000540502,lvis_000000540502_yw_261969,0,background_false_accept
lvis_000000421060,lvis_000000421060_yw_205251,0,background_false_accept
lvis_000000244379,lvis_000000244379_yw_119765,0,background_false_accept
lvis_000000064868,lvis_000000064868_yw_028646,0,unknown_false_accept
lvis_000000518326,lvis_000000518326_yw_251747,0,background_false_accept
lvis_000000005992,lvis_000000005992_yw_002749,0,background_false_accept
lvis_000000387916,lvis_000000387916_yw_190235,0,unknown_false_accept
lvis_000000485237,lvis_000000485237_yw_236938,0,background_false_accept
lvis_000000098497,lvis_000000098497_yw_044068,0,background_false_accept
lvis_000000108503,lvis_000000108503_yw_048120,0,background_false_accept
lvis_000000421060,lvis_000000421060_yw_205252,0,background_false_accept
lvis_000000105264,lvis_000000105264_yw_046650,0,background_false_accept
lvis_000000255749,lvis_000000255749_yw_123965,0,background_false_accept
lvis_000000106235,lvis_000000106235_yw_047176,0,background_false_accept
lvis_000000211674,lvis_000000211674_yw_103190,0,background_false_accept
lvis_000000323751,lvis_000000323751_yw_158236,0,background_false_accept
lvis_000000335529,lvis_000000335529_yw_163663,0,background_false_accept
lvis_000000421060,lvis_000000421060_yw_205254,0,background_false_accept
lvis_000000513181,lvis_000000513181_yw_249612,0,background_false_accept
lvis_000000078823,lvis_000000078823_yw_034870,0,background_false_accept
lvis_000000513181,lvis_000000513181_yw_249613,0,wrong_known_class_or_duplicate
lvis_000000157756,lvis_000000157756_yw_075025,0,background_false_accept
lvis_000000421060,lvis_000000421060_yw_205255,0,background_false_accept
lvis_000000421060,lvis_000000421060_yw_205256,0,background_false_accept
lvis_000000335529,lvis_000000335529_yw_163664,0,background_false_accept
lvis_000000167486,lvis_000000167486_yw_080358,0,background_false_accept
lvis_000000323751,lvis_000000323751_yw_158238,0,background_false_accept
lvis_000000431727,lvis_000000431727_yw_210616,0,background_false_accept
lvis_000000153343,lvis_000000153343_yw_072215,0,background_false_accept
lvis_000000012639,lvis_000000012639_yw_005853,0,background_false_accept
lvis_000000335529,lvis_000000335529_yw_163666,0,background_false_accept
lvis_000000189752,lvis_000000189752_yw_092418,0,unknown_false_accept
lvis_000000012639,lvis_000000012639_yw_005855,0,background_false_accept
lvis_000000421060,lvis_000000421060_yw_205259,0,background_false_accept
lvis_000000510095,lvis_000000510095_yw_248066,0,unknown_false_accept
lvis_000000421060,lvis_000000421060_yw_205261,0,background_false_accept
lvis_000000167486,lvis_000000167486_yw_080359,0,background_false_accept
lvis_000000387916,lvis_000000387916_yw_190237,0,background_false_accept
lvis_000000323751,lvis_000000323751_yw_158239,0,background_false_accept
lvis_000000442161,lvis_000000442161_yw_216593,0,background_false_accept
lvis_000000081394,lvis_000000081394_yw_036261,0,background_false_accept
lvis_000000153343,lvis_000000153343_yw_072216,0,background_false_accept
lvis_000000513181,lvis_000000513181_yw_249615,0,background_false_accept
lvis_000000196442,lvis_000000196442_yw_096335,0,background_false_accept
lvis_000000211674,lvis_000000211674_yw_103195,0,background_false_accept
lvis_000000513181,lvis_000000513181_yw_249616,0,background_false_accept
lvis_000000485237,lvis_000000485237_yw_236939,0,background_false_accept
lvis_000000226154,lvis_000000226154_yw_110531,0,background_false_accept
lvis_000000255749,lvis_000000255749_yw_123967,0,background_false_accept
lvis_000000335529,lvis_000000335529_yw_163667,0,background_false_accept
lvis_000000485237,lvis_000000485237_yw_236940,0,background_false_accept
lvis_000000335529,lvis_000000335529_yw_163669,0,background_false_accept
lvis_000000005060,lvis_000000005060_yw_002477,0,background_false_accept
lvis_000000323751,lvis_000000323751_yw_158240,0,background_false_accept
lvis_000000167486,lvis_000000167486_yw_080361,0,background_false_accept
lvis_000000578500,lvis_000000578500_yw_280328,0,background_false_accept
lvis_000000157756,lvis_000000157756_yw_075029,0,background_false_accept
lvis_000000335529,lvis_000000335529_yw_163671,0,background_false_accept
lvis_000000347456,lvis_000000347456_yw_169684,0,background_false_accept
lvis_000000541664,lvis_000000541664_yw_262481,0,background_false_accept
lvis_000000197528,lvis_000000197528_yw_096670,0,background_false_accept
lvis_000000513181,lvis_000000513181_yw_249618,0,background_false_accept
lvis_000000143998,lvis_000000143998_yw_067047,0,unknown_false_accept
lvis_000000005060,lvis_000000005060_yw_002478,0,background_false_accept
lvis_000000299609,lvis_000000299609_yw_146968,0,background_false_accept
lvis_000000323751,lvis_000000323751_yw_158241,0,background_false_accept
lvis_000000543043,lvis_000000543043_yw_263277,0,background_false_accept
lvis_000000167486,lvis_000000167486_yw_080363,0,background_false_accept
lvis_000000185802,lvis_000000185802_yw_090432,0,background_false_accept
lvis_000000335529,lvis_000000335529_yw_163672,0,background_false_accept
lvis_000000012639,lvis_000000012639_yw_005856,0,wrong_known_class_or_duplicate
lvis_000000211674,lvis_000000211674_yw_103199,0,background_false_accept
lvis_000000167486,lvis_000000167486_yw_080366,0,background_false_accept
lvis_000000226154,lvis_000000226154_yw_110533,0,background_false_accept
lvis_000000543043,lvis_000000543043_yw_263278,0,background_false_accept
lvis_000000255749,lvis_000000255749_yw_123969,0,background_false_accept
lvis_000000518326,lvis_000000518326_yw_251755,0,background_false_accept
lvis_000000578500,lvis_000000578500_yw_280329,0,background_false_accept
lvis_000000485237,lvis_000000485237_yw_236942,0,background_false_accept
lvis_000000128699,lvis_000000128699_yw_057407,0,background_false_accept
lvis_000000098497,lvis_000000098497_yw_044069,0,background_false_accept
lvis_000000106235,lvis_000000106235_yw_047181,0,background_false_accept
lvis_000000314264,lvis_000000314264_yw_154913,0,background_false_accept
lvis_000000394559,lvis_000000394559_yw_192926,0,unknown_false_accept
lvis_000000255749,lvis_000000255749_yw_123970,0,background_false_accept
lvis_000000518326,lvis_000000518326_yw_251757,0,unknown_false_accept
lvis_000000226154,lvis_000000226154_yw_110534,0,background_false_accept
lvis_000000335529,lvis_000000335529_yw_163675,0,background_false_accept
lvis_000000211674,lvis_000000211674_yw_103201,0,background_false_accept
lvis_000000475904,lvis_000000475904_yw_232462,0,background_false_accept
lvis_000000080273,lvis_000000080273_yw_035760,0,unknown_false_accept
lvis_000000211674,lvis_000000211674_yw_103202,0,background_false_accept
lvis_000000513181,lvis_000000513181_yw_249621,0,background_false_accept
lvis_000000543043,lvis_000000543043_yw_263282,0,background_false_accept
lvis_000000211674,lvis_000000211674_yw_103204,0,background_false_accept
lvis_000000421060,lvis_000000421060_yw_205266,0,background_false_accept
lvis_000000147740,lvis_000000147740_yw_069732,0,background_false_accept
lvis_000000421060,lvis_000000421060_yw_205267,0,background_false_accept
lvis_000000108503,lvis_000000108503_yw_048121,0,background_false_accept
lvis_000000421060,lvis_000000421060_yw_205268,0,background_false_accept
lvis_000000167486,lvis_000000167486_yw_080370,0,background_false_accept
lvis_000000335529,lvis_000000335529_yw_163676,0,background_false_accept
lvis_000000211674,lvis_000000211674_yw_103205,0,background_false_accept
lvis_000000226154,lvis_000000226154_yw_110535,0,background_false_accept
lvis_000000421060,lvis_000000421060_yw_205269,0,background_false_accept
lvis_000000105264,lvis_000000105264_yw_046653,0,background_false_accept
lvis_000000005060,lvis_000000005060_yw_002479,0,background_false_accept
lvis_000000239347,lvis_000000239347_yw_117763,0,background_false_accept
lvis_000000211674,lvis_000000211674_yw_103206,0,background_false_accept
lvis_000000335529,lvis_000000335529_yw_163677,0,background_false_accept
lvis_000000196442,lvis_000000196442_yw_096336,0,background_false_accept
lvis_000000078823,lvis_000000078823_yw_034876,0,background_false_accept
lvis_000000009448,lvis_000000009448_yw_004447,0,background_false_accept
lvis_000000167486,lvis_000000167486_yw_080374,0,background_false_accept
lvis_000000106235,lvis_000000106235_yw_047182,0,background_false_accept
lvis_000000421060,lvis_000000421060_yw_205271,0,background_false_accept
lvis_000000211674,lvis_000000211674_yw_103208,0,background_false_accept
lvis_000000167486,lvis_000000167486_yw_080375,0,background_false_accept
lvis_000000485237,lvis_000000485237_yw_236944,0,background_false_accept
lvis_000000335529,lvis_000000335529_yw_163678,0,background_false_accept
lvis_000000081394,lvis_000000081394_yw_036267,0,background_false_accept
lvis_000000108503,lvis_000000108503_yw_048123,0,background_false_accept
lvis_000000513181,lvis_000000513181_yw_249623,0,background_false_accept
lvis_000000009448,lvis_000000009448_yw_004448,0,background_false_accept
lvis_000000271471,lvis_000000271471_yw_131579,0,background_false_accept
lvis_000000314264,lvis_000000314264_yw_154914,0,background_false_accept
lvis_000000543043,lvis_000000543043_yw_263285,0,background_false_accept
lvis_000000153343,lvis_000000153343_yw_072217,0,background_false_accept
lvis_000000128699,lvis_000000128699_yw_057411,0,background_false_accept
lvis_000000091654,lvis_000000091654_yw_041419,0,unknown_false_accept
lvis_000000215259,lvis_000000215259_yw_105710,0,background_false_accept
lvis_000000081394,lvis_000000081394_yw_036268,0,background_false_accept
lvis_000000370677,lvis_000000370677_yw_181096,0,unknown_false_accept
lvis_000000513181,lvis_000000513181_yw_249626,0,background_false_accept
lvis_000000095155,lvis_000000095155_yw_042641,0,unknown_false_accept
lvis_000000226154,lvis_000000226154_yw_110536,0,background_false_accept
lvis_000000361621,lvis_000000361621_yw_176461,0,background_false_accept
lvis_000000540502,lvis_000000540502_yw_261971,0,unknown_false_accept
lvis_000000427649,lvis_000000427649_yw_208511,0,background_false_accept
lvis_000000421060,lvis_000000421060_yw_205274,0,background_false_accept
lvis_000000197528,lvis_000000197528_yw_096673,0,background_false_accept
lvis_000000157756,lvis_000000157756_yw_075033,0,background_false_accept
lvis_000000211674,lvis_000000211674_yw_103211,0,background_false_accept
lvis_000000540502,lvis_000000540502_yw_261972,0,background_false_accept
lvis_000000543043,lvis_000000543043_yw_263290,0,background_false_accept
lvis_000000518326,lvis_000000518326_yw_251763,0,background_false_accept
lvis_000000275392,lvis_000000275392_yw_133210,0,background_false_accept
lvis_000000540502,lvis_000000540502_yw_261973,0,background_false_accept
lvis_000000211674,lvis_000000211674_yw_103213,0,background_false_accept
lvis_000000543043,lvis_000000543043_yw_263291,0,background_false_accept
lvis_000000211674,lvis_000000211674_yw_103214,0,background_false_accept
lvis_000000226154,lvis_000000226154_yw_110538,0,background_false_accept
lvis_000000543043,lvis_000000543043_yw_263292,0,background_false_accept
lvis_000000030213,lvis_000000030213_yw_013608,0,background_false_accept
lvis_000000167486,lvis_000000167486_yw_080379,0,background_false_accept
lvis_000000397133,lvis_000000397133_yw_193964,0,background_false_accept
lvis_000000421060,lvis_000000421060_yw_205276,0,background_false_accept
lvis_000000098497,lvis_000000098497_yw_044070,0,background_false_accept
lvis_000000421060,lvis_000000421060_yw_205277,0,background_false_accept
lvis_000000464522,lvis_000000464522_yw_228052,0,wrong_known_class_or_duplicate
lvis_000000185802,lvis_000000185802_yw_090434,0,background_false_accept
lvis_000000387916,lvis_000000387916_yw_190244,0,background_false_accept
lvis_000000211674,lvis_000000211674_yw_103216,0,background_false_accept
lvis_000000488664,lvis_000000488664_yw_237750,0,background_false_accept
lvis_000000491613,lvis_000000491613_yw_239212,0,background_false_accept
lvis_000000540502,lvis_000000540502_yw_261974,0,background_false_accept
lvis_000000323751,lvis_000000323751_yw_158245,0,background_false_accept
lvis_000000335529,lvis_000000335529_yw_163683,0,background_false_accept
lvis_000000540502,lvis_000000540502_yw_261975,0,background_false_accept
lvis_000000485237,lvis_000000485237_yw_236946,0,background_false_accept
lvis_000000361621,lvis_000000361621_yw_176462,0,background_false_accept
lvis_000000030213,lvis_000000030213_yw_013609,0,background_false_accept
lvis_000000197528,lvis_000000197528_yw_096674,0,background_false_accept
lvis_000000543043,lvis_000000543043_yw_263296,0,background_false_accept
lvis_000000543043,lvis_000000543043_yw_263298,0,background_false_accept
lvis_000000098497,lvis_000000098497_yw_044072,0,background_false_accept
lvis_000000157756,lvis_000000157756_yw_075037,0,background_false_accept
lvis_000000475904,lvis_000000475904_yw_232463,0,background_false_accept
lvis_000000335529,lvis_000000335529_yw_163685,0,background_false_accept
lvis_000000543043,lvis_000000543043_yw_263299,0,background_false_accept
lvis_000000098497,lvis_000000098497_yw_044073,0,background_false_accept
lvis_000000185802,lvis_000000185802_yw_090435,0,background_false_accept
lvis_000000005060,lvis_000000005060_yw_002480,0,background_false_accept
lvis_000000153343,lvis_000000153343_yw_072219,0,background_false_accept
lvis_000000543043,lvis_000000543043_yw_263300,0,background_false_accept
lvis_000000442161,lvis_000000442161_yw_216597,0,background_false_accept
lvis_000000081394,lvis_000000081394_yw_036275,0,background_false_accept
lvis_000000315001,lvis_000000315001_yw_155119,0,background_false_accept
lvis_000000153343,lvis_000000153343_yw_072220,0,background_false_accept
lvis_000000081394,lvis_000000081394_yw_036276,0,background_false_accept
lvis_000000458223,lvis_000000458223_yw_223734,0,background_false_accept
lvis_000000157756,lvis_000000157756_yw_075039,0,background_false_accept
lvis_000000361621,lvis_000000361621_yw_176463,0,background_false_accept
lvis_000000211674,lvis_000000211674_yw_103221,0,background_false_accept
lvis_000000081394,lvis_000000081394_yw_036277,0,background_false_accept
lvis_000000543043,lvis_000000543043_yw_263305,0,background_false_accept
lvis_000000421060,lvis_000000421060_yw_205282,0,background_false_accept
lvis_000000081394,lvis_000000081394_yw_036278,0,background_false_accept
lvis_000000543043,lvis_000000543043_yw_263306,0,background_false_accept
lvis_000000421060,lvis_000000421060_yw_205283,0,background_false_accept
lvis_000000064868,lvis_000000064868_yw_028649,0,background_false_accept
lvis_000000513181,lvis_000000513181_yw_249630,0,background_false_accept
lvis_000000541664,lvis_000000541664_yw_262485,0,background_false_accept
lvis_000000012639,lvis_000000012639_yw_005862,0,background_false_accept
lvis_000000167486,lvis_000000167486_yw_080386,0,background_false_accept
lvis_000000244379,lvis_000000244379_yw_119769,0,background_false_accept
lvis_000000078823,lvis_000000078823_yw_034881,0,background_false_accept
lvis_000000485237,lvis_000000485237_yw_236947,0,background_false_accept
lvis_000000394559,lvis_000000394559_yw_192928,0,background_false_accept
lvis_000000147740,lvis_000000147740_yw_069745,0,background_false_accept
lvis_000000394559,lvis_000000394559_yw_192929,0,unknown_false_accept
lvis_000000442161,lvis_000000442161_yw_216598,0,background_false_accept
lvis_000000081394,lvis_000000081394_yw_036280,0,background_false_accept
lvis_000000059598,lvis_000000059598_yw_026068,0,background_false_accept
lvis_000000485237,lvis_000000485237_yw_236948,0,background_false_accept
lvis_000000347456,lvis_000000347456_yw_169687,0,background_false_accept
lvis_000000128699,lvis_000000128699_yw_057415,0,background_false_accept
lvis_000000323751,lvis_000000323751_yw_158246,0,background_false_accept
lvis_000000421060,lvis_000000421060_yw_205285,0,background_false_accept
lvis_000000464522,lvis_000000464522_yw_228053,1,known_tp
lvis_000000078823,lvis_000000078823_yw_034882,0,background_false_accept
lvis_000000271471,lvis_000000271471_yw_131583,0,background_false_accept
lvis_000000226154,lvis_000000226154_yw_110541,0,background_false_accept
lvis_000000167486,lvis_000000167486_yw_080390,0,background_false_accept
lvis_000000226154,lvis_000000226154_yw_110543,0,background_false_accept
lvis_000000196442,lvis_000000196442_yw_096338,0,background_false_accept
lvis_000000485237,lvis_000000485237_yw_236949,0,background_false_accept
lvis_000000226154,lvis_000000226154_yw_110544,0,background_false_accept
lvis_000000153343,lvis_000000153343_yw_072223,0,background_false_accept
lvis_000000540502,lvis_000000540502_yw_261977,0,background_false_accept
lvis_000000421060,lvis_000000421060_yw_205287,0,background_false_accept
lvis_000000059598,lvis_000000059598_yw_026070,0,background_false_accept
lvis_000000106235,lvis_000000106235_yw_047185,0,background_false_accept
lvis_000000098497,lvis_000000098497_yw_044074,0,background_false_accept
lvis_000000518326,lvis_000000518326_yw_251775,0,background_false_accept
lvis_000000211674,lvis_000000211674_yw_103225,0,background_false_accept
lvis_000000211674,lvis_000000211674_yw_103226,0,background_false_accept
lvis_000000147740,lvis_000000147740_yw_069748,0,background_false_accept
lvis_000000189752,lvis_000000189752_yw_092426,0,unknown_false_accept
