score_col,mode_family,ap_rank_preserving_by_design,threshold,cal_balanced,cal_precision,cal_recall,cal_unknown_reject,cal_num_accepted,cal_unknown_false_accept,cal_background_false_accepts,cal_tp_known,cal_AP50,cal_AP75,cal_AP,stream_hash,acceptance_mask_hash,canonical_stream,alpha,gamma,beta
raw_score,raw,True,0.00227017269935455,0.32648330438996104,0.1501536505245311,0.8243164630599186,0.7599591419816139,9437,470,7169,1417,0.7177328007258912,0.6010754418128619,0.5523252582581842,192d2f0d75d9895edc7aae6858d42187cf5ef5bb63f071af5cdc65b31b22dcbc,5051fd5fae840fb3abcdeff681ac94d90c48b86451152805548c8d919ecf9971,raw_score,,,
raw_score,raw,True,0.0070870639756321,0.4323371357570132,0.22186904005085822,0.8121000581733566,0.8329928498467825,6292,327,4331,1396,0.7177328007258912,0.6010754418128619,0.5523252582581842,192d2f0d75d9895edc7aae6858d42187cf5ef5bb63f071af5cdc65b31b22dcbc,9076f0a345e396cd0277602201c18e967b62ab858989968c142e744f5ac7c5e2,raw_score,,,
raw_score,raw,True,0.028023122996091752,0.5829802513464991,0.35841059602649006,0.787085514834206,0.9213483146067416,3775,154,2143,1353,0.7177328007258912,0.6010754418128619,0.5523252582581842,192d2f0d75d9895edc7aae6858d42187cf5ef5bb63f071af5cdc65b31b22dcbc,0dbab087b6f9ba7d476ced62520c7f73f6f03252346dcfe411729d83e3bce301,raw_score,,,
raw_score,raw,True,0.05,0.6545682667245528,0.44747474747474747,0.7731239092495636,0.947906026557712,2970,102,1444,1329,0.7177328007258912,0.6010754418128619,0.5523252582581842,192d2f0d75d9895edc7aae6858d42187cf5ef5bb63f071af5cdc65b31b22dcbc,5f2bd542ec4a5c7334d0f6d5a9071cd6d465a5c3f13febaea72488a4f805b318,raw_score,,,
raw_score,raw,True,0.07757144123315808,0.6939778668089603,0.5133094954310687,0.7515997673065736,0.9576098059244127,2517,83,1063,1292,0.7177328007258912,0.6010754418128619,0.5523252582581842,192d2f0d75d9895edc7aae6858d42187cf5ef5bb63f071af5cdc65b31b22dcbc,c87f02ef3e2f7d109fd51db0079289b27c1bc80542f27c9192d3d8f8c949b2a3,raw_score,,,
raw_score,raw,True,0.1,0.7135302526153591,0.5539473684210526,0.7347294938917975,0.9632277834525026,2280,72,876,1263,0.7177328007258912,0.6010754418128619,0.5523252582581842,192d2f0d75d9895edc7aae6858d42187cf5ef5bb63f071af5cdc65b31b22dcbc,ac2ce625d8460232f25f6b3231b9cb878928eb8df92f1b0df2a61a97e2d9612f,raw_score,,,
raw_score,raw,True,0.15,0.7445046974239637,0.6279669762641898,0.7079697498545666,0.9759959141981613,1938,47,622,1217,0.7177328007258912,0.6010754418128619,0.5523252582581842,192d2f0d75d9895edc7aae6858d42187cf5ef5bb63f071af5cdc65b31b22dcbc,e26b069fbbdfe9ad1515850d35760dd172f841a28885bf67c5c81da7e7fd19e3,raw_score,,,
raw_score,raw,True,0.2,0.7571777357870486,0.6770472895040369,0.682955206515416,0.9795709908069459,1734,40,475,1174,0.7177328007258912,0.6010754418128619,0.5523252582581842,192d2f0d75d9895edc7aae6858d42187cf5ef5bb63f071af5cdc65b31b22dcbc,159655a014f49439e297e3d3ca7096da43c13163bf679c7cf472fef6cd739dbb,raw_score,,,
raw_score,raw,True,0.25,0.7643102848529355,0.7211231652839821,0.6573589296102386,0.9831460674157303,1567,33,364,1130,0.7177328007258912,0.6010754418128619,0.5523252582581842,192d2f0d75d9895edc7aae6858d42187cf5ef5bb63f071af5cdc65b31b22dcbc,1ead41684bf7c9032d947380c4fd9a4a94b1ed359b92086b41bceb168777730e,raw_score,,,
raw_score,raw,True,0.3,0.7666481656817613,0.7525773195876289,0.6369982547993019,0.9856996935648621,1455,28,299,1095,0.7177328007258912,0.6010754418128619,0.5523252582581842,192d2f0d75d9895edc7aae6858d42187cf5ef5bb63f071af5cdc65b31b22dcbc,c9f4f259923524557ea1de372cf1f4dca72b9abc3944f75d1d2afb0ea0ff8fe5,raw_score,,,
raw_score,raw,True,0.35,0.76625666750638,0.7799852832965416,0.6166375799883653,0.9887640449438202,1359,22,247,1060,0.7177328007258912,0.6010754418128619,0.5523252582581842,192d2f0d75d9895edc7aae6858d42187cf5ef5bb63f071af5cdc65b31b22dcbc,8901fd2956faf75cec4d92f60134174bde4b08f2bbbf52fb918893972bb16d77,raw_score,,,
raw_score,raw,True,0.3934837102890033,0.7607901925253938,0.8061953931691819,0.5904595695171612,0.9908069458631257,1259,18,201,1015,0.7177328007258912,0.6010754418128619,0.5523252582581842,192d2f0d75d9895edc7aae6858d42187cf5ef5bb63f071af5cdc65b31b22dcbc,75f5f2175cdbc66e99e344dc0a49c7959e1e96d19f1ceb7d66e00afdee3f57fa,raw_score,,,
raw_score,raw,True,0.4,0.7604590551573915,0.8094475580464372,0.5881326352530541,0.9908069458631257,1249,18,196,1011,0.7177328007258912,0.6010754418128619,0.5523252582581842,192d2f0d75d9895edc7aae6858d42187cf5ef5bb63f071af5cdc65b31b22dcbc,08191e94798836fbd5d8fc91d406e5c8002e3601e2e4ba1d9174f54e0e253ff8,raw_score,,,
raw_score,raw,True,0.5,0.741187131051094,0.8555452003727866,0.5340314136125655,0.9938712972420838,1073,12,123,918,0.7177328007258912,0.6010754418128619,0.5523252582581842,192d2f0d75d9895edc7aae6858d42187cf5ef5bb63f071af5cdc65b31b22dcbc,e46ed2eb1a32d19ac2cecd1df1b23404d294c59d1eb7bd0c52bf3ece6a3f15d0,raw_score,,,
raw_score,raw,True,0.6,0.7021261117562583,0.89,0.46596858638743455,0.9969356486210419,900,6,80,801,0.7177328007258912,0.6010754418128619,0.5523252582581842,192d2f0d75d9895edc7aae6858d42187cf5ef5bb63f071af5cdc65b31b22dcbc,05f6a5b20fd26d4e6bc796adefc89b5ee532534b12367e9df2da689ec9cebfa4,raw_score,,,
raw_score,raw,True,0.7,0.6653310200440358,0.9374167776298269,0.40954043048283884,0.9994892747701737,751,1,40,704,0.7177328007258912,0.6010754418128619,0.5523252582581842,192d2f0d75d9895edc7aae6858d42187cf5ef5bb63f071af5cdc65b31b22dcbc,864bb9e679dfaa204754072bd551a2203d68110faccb52d26f250afec3c2a8da,raw_score,,,
raw_score,raw,True,0.783070385456085,0.613549148949975,0.9587301587301588,0.35136707388016286,0.9994892747701737,630,1,20,604,0.7177328007258912,0.6010754418128619,0.5523252582581842,192d2f0d75d9895edc7aae6858d42187cf5ef5bb63f071af5cdc65b31b22dcbc,54e9c8410493045ccdbb798963e7bd0c6ddbd810b5967a03c6ef938d57046ccb,raw_score,,,
raw_score,raw,True,0.8,0.593266425827112,0.966044142614601,0.3310063990692263,0.9994892747701737,589,1,16,569,0.7177328007258912,0.6010754418128619,0.5523252582581842,192d2f0d75d9895edc7aae6858d42187cf5ef5bb63f071af5cdc65b31b22dcbc,a8be2a29e66e7c93277f99d7774b8ac883c5ed7e9278d89e65ea8ea2a87fc2cf,raw_score,,,
raw_score,raw,True,0.9,0.3856773080241588,0.9900332225913622,0.1733566026759744,1.0,301,0,3,298,0.7177328007258912,0.6010754418128619,0.5523252582581842,192d2f0d75d9895edc7aae6858d42187cf5ef5bb63f071af5cdc65b31b22dcbc,9b8624bcc4c385c49aeb2318d64c2746881075c06c518e8183baf1e973ca93e7,raw_score,,,
raw_score,raw,True,0.9802049994468688,0.0017431725740848344,1.0,0.0005817335660267597,1.0,1,0,0,1,0.7177328007258912,0.6010754418128619,0.5523252582581842,192d2f0d75d9895edc7aae6858d42187cf5ef5bb63f071af5cdc65b31b22dcbc,d4edf9b6d6567b3384c75a9b83af060ac270bca48378b1ccdd62d322102bbbfe,raw_score,,,
geometry_risk_score,geometry,False,0.030061438629985025,0.32908871384795535,0.15100137755642684,0.8289703315881326,0.7768130745658836,9437,437,7298,1425,0.7259976061252552,0.6041793529397781,0.5549058065268709,1e65f462ecdd113d9643748e4121eb42005efa17f4b91fa02c1aceaf4718d330,093f04cd8d7d0bdf7d9874f0e488b0d2086a7f69e3a6ab8fcd266c787b225829,geometry_risk_score,,,
geometry_risk_score,geometry,False,0.05,0.3803860171829237,0.1836205779447972,0.8243164630599186,0.8146067415730337,7717,363,5717,1417,0.7259976061252552,0.6041793529397781,0.5549058065268709,1e65f462ecdd113d9643748e4121eb42005efa17f4b91fa02c1aceaf4718d330,77940ecde9f7ba642d3fd08fff773b01328cdc60cad2caacd8eff72ce322c64a,geometry_risk_score,,,
geometry_risk_score,geometry,False,0.07404494392664673,0.43737818655365285,0.2234583598219962,0.8179173938336242,0.8610827374872319,6292,272,4443,1406,0.7259976061252552,0.6041793529397781,0.5549058065268709,1e65f462ecdd113d9643748e4121eb42005efa17f4b91fa02c1aceaf4718d330,427bfb41487e27fe6b15a040629416fc3d567f73f8add0282f3c7a50fb866fda,geometry_risk_score,,,
geometry_risk_score,geometry,False,0.1,0.4841128683933375,0.2598030105928266,0.8132635253054101,0.8942798774259448,5381,207,3630,1398,0.7259976061252552,0.6041793529397781,0.5549058065268709,1e65f462ecdd113d9643748e4121eb42005efa17f4b91fa02c1aceaf4718d330,24fe1132985d5896c37614bfec0fda215b73de9accaaf0f0fb29a374791171ef,geometry_risk_score,,,
geometry_risk_score,geometry,False,0.15,0.5492509100783518,0.31933163146901833,0.8004653868528214,0.924923391215526,4309,147,2668,1376,0.7259976061252552,0.6041793529397781,0.5549058065268709,1e65f462ecdd113d9643748e4121eb42005efa17f4b91fa02c1aceaf4718d330,6a265608d732ea01e05d272752780a0365ab9e641eba7922aca82c92c6ab9c04,geometry_risk_score,,,
geometry_risk_score,geometry,False,0.19272189786367636,0.5907108590347264,0.36185430463576157,0.7946480511925538,0.9463738508682329,3775,105,2199,1366,0.7259976061252552,0.6041793529397781,0.5549058065268709,1e65f462ecdd113d9643748e4121eb42005efa17f4b91fa02c1aceaf4718d330,6cc394ace8c1ef5b6fe3a1731a0f316d90d7f4fbcdcb29f9e51f1e6836396c63,geometry_risk_score,,,
geometry_risk_score,geometry,False,0.2,0.597479428824697,0.3695181375203032,0.794066317626527,0.9473953013278856,3694,103,2123,1365,0.7259976061252552,0.6041793529397781,0.5549058065268709,1e65f462ecdd113d9643748e4121eb42005efa17f4b91fa02c1aceaf4718d330,f0e0ebc915ef0d1aeebb09c2f52326ed30540957bff2674bdd1d8933f405d502,geometry_risk_score,,,
geometry_risk_score,geometry,False,0.25,0.6359916105157846,0.4166666666666667,0.7853403141361257,0.958120531154239,3240,82,1721,1350,0.7259976061252552,0.6041793529397781,0.5549058065268709,1e65f462ecdd113d9643748e4121eb42005efa17f4b91fa02c1aceaf4718d330,1b84987dd47a8b61c84e2cb437b7c9f32b317e772cef8288e096cfed09a4dfe5,geometry_risk_score,,,
geometry_risk_score,geometry,False,0.3,0.6634797950903795,0.4540522210918956,0.7789412449098313,0.9657814096016343,2949,67,1462,1339,0.7259976061252552,0.6041793529397781,0.5549058065268709,1e65f462ecdd113d9643748e4121eb42005efa17f4b91fa02c1aceaf4718d330,9175cf0b46396d49c79fcf92bd59b2231cdb2636ae43dde479ad0e7b4e83b0b0,geometry_risk_score,,,
geometry_risk_score,geometry,False,0.35,0.688749618686439,0.4936661698956781,0.7707969749854566,0.9683350357507661,2684,62,1230,1325,0.7259976061252552,0.6041793529397781,0.5549058065268709,1e65f462ecdd113d9643748e4121eb42005efa17f4b91fa02c1aceaf4718d330,458c42340dde6273042ec3e96829e046c676dd0e762648be7790386486bf286e,geometry_risk_score,,,
geometry_risk_score,geometry,False,0.3952950271920109,0.7033171894182748,0.5200635677393722,0.7614892379290285,0.9713993871297242,2517,56,1087,1309,0.7259976061252552,0.6041793529397781,0.5549058065268709,1e65f462ecdd113d9643748e4121eb42005efa17f4b91fa02c1aceaf4718d330,08f9e04795844542c1bd7b4accdca83cf816f2c708c7f688945a19f34610a3d1,geometry_risk_score,,,
geometry_risk_score,geometry,False,0.4,0.7046189572975743,0.5230276331597917,0.7597440372309482,0.9713993871297242,2497,56,1072,1306,0.7259976061252552,0.6041793529397781,0.5549058065268709,1e65f462ecdd113d9643748e4121eb42005efa17f4b91fa02c1aceaf4718d330,592d9a124b43bade2300a6d976af29c8fd16c915ebd547b240b8942d2c0090a4,geometry_risk_score,,,
geometry_risk_score,geometry,False,0.5,0.7355307444168162,0.5854779411764706,0.7411285631180919,0.9790602655771196,2176,41,804,1274,0.7259976061252552,0.6041793529397781,0.5549058065268709,1e65f462ecdd113d9643748e4121eb42005efa17f4b91fa02c1aceaf4718d330,0f7b7851ccda2f5f5cdd74e7db3cab2ee9bb74ea0d9d0bd6555277fb8c71aca5,geometry_risk_score,,,
geometry_risk_score,geometry,False,0.6,0.7552038703038978,0.6384734399174833,0.7201861547411286,0.982635342185904,1939,34,621,1238,0.7259976061252552,0.6041793529397781,0.5549058065268709,1e65f462ecdd113d9643748e4121eb42005efa17f4b91fa02c1aceaf4718d330,03788a2d4a2cc66b06c0ac4cc0336d55a683f962992fe56240d8ecad56917daa,geometry_risk_score,,,
geometry_risk_score,geometry,False,0.7,0.7700443415390664,0.6983471074380165,0.6881908086096568,0.9892747701736466,1694,21,453,1183,0.7259976061252552,0.6041793529397781,0.5549058065268709,1e65f462ecdd113d9643748e4121eb42005efa17f4b91fa02c1aceaf4718d330,b43bc41db3e40d2f3568aeddb873dda8435c60f9d339100c2be95e85cb730a0a,geometry_risk_score,,,
geometry_risk_score,geometry,False,0.8,0.7777226287181831,0.7614178595773687,0.6497963932518906,0.9948927477017364,1467,10,310,1117,0.7259976061252552,0.6041793529397781,0.5549058065268709,1e65f462ecdd113d9643748e4121eb42005efa17f4b91fa02c1aceaf4718d330,90e435d6945f05d067a24bcd7abf8789566c4a7d8fd9c9b46e87545c1778bd68,geometry_risk_score,,,
geometry_risk_score,geometry,False,0.8845095688698809,0.7715614628114676,0.8196981731532963,0.6003490401396161,0.9974463738508682,1259,5,201,1032,0.7259976061252552,0.6041793529397781,0.5549058065268709,1e65f462ecdd113d9643748e4121eb42005efa17f4b91fa02c1aceaf4718d330,801c7b34732dfafb780215306ec0192202f03d6aac350e3b7d33db20d2467a35,geometry_risk_score,,,
geometry_risk_score,geometry,False,0.9,0.7718213140642198,0.8426311407160699,0.5887143688190809,0.998467824310521,1201,3,168,1012,0.7259976061252552,0.6041793529397781,0.5549058065268709,1e65f462ecdd113d9643748e4121eb42005efa17f4b91fa02c1aceaf4718d330,67af6f88f20049fa39da9817766eaa654c816d3c52914abad4c9459008541a73,geometry_risk_score,,,
geometry_risk_score,geometry,False,0.9840285057236917,0.6168413933040244,0.9650793650793651,0.35369400814426993,1.0,630,0,21,608,0.7259976061252552,0.6041793529397781,0.5549058065268709,1e65f462ecdd113d9643748e4121eb42005efa17f4b91fa02c1aceaf4718d330,edec685291986395818d40d8edb5d72ba74303e792772923712b3dfd8922e68c,geometry_risk_score,,,
geometry_risk_score,geometry,False,0.9999256206880308,0.0017431725740848344,1.0,0.0005817335660267597,1.0,1,0,0,1,0.7259976061252552,0.6041793529397781,0.5549058065268709,1e65f462ecdd113d9643748e4121eb42005efa17f4b91fa02c1aceaf4718d330,3592869032b471f50a6be61f850aae4092b1476fdedc887d3fecc43eaf6036a2,geometry_risk_score,,,
geometry_alpha_0p050,alpha_blend,False,0.003998681882359636,0.32761773524362425,0.15057751404047898,0.8266433973240256,0.7655771195097038,9437,459,7209,1421,0.7196014885044746,0.601881023839673,0.5532784815142988,907d6dd6cf98e859f27548b843e9afcd4871054f4d9fd6ca8297e6dba4958c87,80d0bc63881bf7df1bdfe9e8e4940b96a2e7a96d328d7a4bac48ee695cfd4c39,geometry_alpha_0p050,0.05,,
geometry_alpha_0p050,alpha_blend,False,0.010624087933116592,0.434514747056985,0.222822631913541,0.8155904595695171,0.8401430030643514,6292,313,4354,1402,0.7196014885044746,0.601881023839673,0.5532784815142988,907d6dd6cf98e859f27548b843e9afcd4871054f4d9fd6ca8297e6dba4958c87,7ca38f7c8f093da0c20e105dca80a1f000df153593db520cf33971e06065ee09,geometry_alpha_0p050,0.05,,
geometry_alpha_0p050,alpha_blend,False,0.03650614644855761,0.5861779571872875,0.36026490066225164,0.7911576497963932,0.9274770173646578,3775,142,2151,1360,0.7196014885044746,0.601881023839673,0.5532784815142988,907d6dd6cf98e859f27548b843e9afcd4871054f4d9fd6ca8297e6dba4958c87,ed0dd294710989d1d33bea32258adb345bd72b1ac28bcda09e41873b27788741,geometry_alpha_0p050,0.05,,
geometry_alpha_0p050,alpha_blend,False,0.05,0.6282638349106358,0.41109748620478237,0.7801047120418848,0.9427987742594484,3262,112,1706,1341,0.7196014885044746,0.601881023839673,0.5532784815142988,907d6dd6cf98e859f27548b843e9afcd4871054f4d9fd6ca8297e6dba4958c87,a68e6c19e79ba49138064e946166791e8634df8c9a4956d020ff10784f9c3c76,geometry_alpha_0p050,0.05,,
geometry_alpha_0p050,alpha_blend,False,0.0931182880575986,0.6966892045608274,0.5156932856575288,0.7550901687027342,0.9591419816138917,2517,80,1060,1298,0.7196014885044746,0.601881023839673,0.5532784815142988,907d6dd6cf98e859f27548b843e9afcd4871054f4d9fd6ca8297e6dba4958c87,fd7346873c488118799c9e3d2d8268ebfa53bac667bb3d79ef53e717218cfda9,geometry_alpha_0p050,0.05,,
geometry_alpha_0p050,alpha_blend,False,0.1,0.7053815544241472,0.5311986863711001,0.7527632344386271,0.9596527068437181,2436,79,987,1294,0.7196014885044746,0.601881023839673,0.5532784815142988,907d6dd6cf98e859f27548b843e9afcd4871054f4d9fd6ca8297e6dba4958c87,4b1cc8773e995db75c70b808c3def2afbf8f3ce5837894793183b8d0b38706f2,geometry_alpha_0p050,0.05,,
geometry_alpha_0p050,alpha_blend,False,0.15,0.7356918810753537,0.6037181996086106,0.7178592204770216,0.9724208375893769,2044,54,702,1234,0.7196014885044746,0.601881023839673,0.5532784815142988,907d6dd6cf98e859f27548b843e9afcd4871054f4d9fd6ca8297e6dba4958c87,90e2318e046773c79b90853bf97833d16e60e0605b3651ddf065c265e46be952,geometry_alpha_0p050,0.05,,
geometry_alpha_0p050,alpha_blend,False,0.2,0.7518718840340517,0.6553051126992854,0.6934264107038977,0.9785495403472931,1819,42,536,1192,0.7196014885044746,0.601881023839673,0.5532784815142988,907d6dd6cf98e859f27548b843e9afcd4871054f4d9fd6ca8297e6dba4958c87,0ee0518d97dcf514bd776de244bada53aca334ec7faf8af58b70567546541d28,geometry_alpha_0p050,0.05,,
geometry_alpha_0p050,alpha_blend,False,0.25,0.7608759949455652,0.6997563946406821,0.6684118673647469,0.982635342185904,1642,34,418,1149,0.7196014885044746,0.601881023839673,0.5532784815142988,907d6dd6cf98e859f27548b843e9afcd4871054f4d9fd6ca8297e6dba4958c87,c085099f4c2629adb6c6c0cd4941f16b5cb34bf93632aaf463775be21e6f1a34,geometry_alpha_0p050,0.05,,
geometry_alpha_0p050,alpha_blend,False,0.3,0.7689873722932017,0.7430093209054593,0.6492146596858639,0.9851889683350358,1502,29,322,1116,0.7196014885044746,0.601881023839673,0.5532784815142988,907d6dd6cf98e859f27548b843e9afcd4871054f4d9fd6ca8297e6dba4958c87,ea72d29f6dabfdcdf09a61baf120c7d58d303097f015fe390b869ffe67a1543d,geometry_alpha_0p050,0.05,,
geometry_alpha_0p050,alpha_blend,False,0.35,0.7672329170279004,0.7659574468085106,0.6282722513089005,0.9872318692543411,1410,25,274,1080,0.7196014885044746,0.601881023839673,0.5532784815142988,907d6dd6cf98e859f27548b843e9afcd4871054f4d9fd6ca8297e6dba4958c87,b9413b044593a33a4392c7b56c55637fc4ee8fdacfa81423ef1fe3a44d1bc42b,geometry_alpha_0p050,0.05,,
geometry_alpha_0p050,alpha_blend,False,0.4,0.7636426572644689,0.8018720748829953,0.598022105875509,0.9908069458631257,1282,18,211,1028,0.7196014885044746,0.601881023839673,0.5532784815142988,907d6dd6cf98e859f27548b843e9afcd4871054f4d9fd6ca8297e6dba4958c87,e760ca7758e9d96d507ce87c9ef351fd4925f234b86d215b25174fbcbe79a43f,geometry_alpha_0p050,0.05,,
geometry_alpha_0p050,alpha_blend,False,0.41422433051692154,0.762663505012525,0.8085782366957903,0.5922047702152414,0.9918283963227783,1259,16,200,1018,0.7196014885044746,0.601881023839673,0.5532784815142988,907d6dd6cf98e859f27548b843e9afcd4871054f4d9fd6ca8297e6dba4958c87,ce6065c515c878028a4f5aed724fcb9d68a03e317e75854bbdacba03ca0bbc41,geometry_alpha_0p050,0.05,,
geometry_alpha_0p050,alpha_blend,False,0.5,0.7462638727513123,0.8465703971119134,0.5456660849331006,0.9938712972420838,1108,12,136,938,0.7196014885044746,0.601881023839673,0.5532784815142988,907d6dd6cf98e859f27548b843e9afcd4871054f4d9fd6ca8297e6dba4958c87,e6a33bb264f5119b386d3bcf69800789c93ae6d0a38fcac937e8014fd25c1216,geometry_alpha_0p050,0.05,,
geometry_alpha_0p050,alpha_blend,False,0.6,0.712076411952793,0.8862660944206009,0.48051192553810357,0.9964249233912156,932,7,85,826,0.7196014885044746,0.601881023839673,0.5532784815142988,907d6dd6cf98e859f27548b843e9afcd4871054f4d9fd6ca8297e6dba4958c87,6895b6be36c0c627e01417d8168634e87f2bcd1ec928efbb00a68240fcce998f,geometry_alpha_0p050,0.05,,
geometry_alpha_0p050,alpha_blend,False,0.7,0.6706550884050536,0.9358638743455497,0.41593949970913324,0.9994892747701737,764,1,42,715,0.7196014885044746,0.601881023839673,0.5532784815142988,907d6dd6cf98e859f27548b843e9afcd4871054f4d9fd6ca8297e6dba4958c87,e202e5b24a25e64c59a450726252ec1c6a004890d03ccccef3bfa5a8e323becd,geometry_alpha_0p050,0.05,,
geometry_alpha_0p050,alpha_blend,False,0.7925297825436731,0.613549148949975,0.9587301587301588,0.35136707388016286,0.9994892747701737,630,1,20,604,0.7196014885044746,0.601881023839673,0.5532784815142988,907d6dd6cf98e859f27548b843e9afcd4871054f4d9fd6ca8297e6dba4958c87,a4879db48e76a7565736e090793945352c52c2b392078ab24915188c2625e1d8,geometry_alpha_0p050,0.05,,
geometry_alpha_0p050,alpha_blend,False,0.8,0.605479801171179,0.9609120521172638,0.34322280395578825,0.9994892747701737,614,1,19,590,0.7196014885044746,0.601881023839673,0.5532784815142988,907d6dd6cf98e859f27548b843e9afcd4871054f4d9fd6ca8297e6dba4958c87,6ca122c6450d645d23ebade78a65462f3f3f49d29e2487c4744967d6fc6848c9,geometry_alpha_0p050,0.05,,
geometry_alpha_0p050,alpha_blend,False,0.9,0.4017857142857143,0.9905660377358491,0.18324607329842932,1.0,318,0,3,315,0.7196014885044746,0.601881023839673,0.5532784815142988,907d6dd6cf98e859f27548b843e9afcd4871054f4d9fd6ca8297e6dba4958c87,169c253f229146dc3b4d24d023847922eedddc718d956e3088f6c39647626a64,geometry_alpha_0p050,0.05,,
geometry_alpha_0p050,alpha_blend,False,0.9811714639303342,0.0017431725740848344,1.0,0.0005817335660267597,1.0,1,0,0,1,0.7196014885044746,0.601881023839673,0.5532784815142988,907d6dd6cf98e859f27548b843e9afcd4871054f4d9fd6ca8297e6dba4958c87,d4edf9b6d6567b3384c75a9b83af060ac270bca48378b1ccdd62d322102bbbfe,geometry_alpha_0p050,0.05,,
geometry_alpha_0p100,alpha_blend,False,0.005578676091790836,0.3282618627733817,0.1507894457984529,0.8278068644560791,0.7696629213483146,9437,451,7231,1423,0.7208697230019327,0.6024495548941732,0.553977433607858,09a35489c7c307f4db2649890aff2c0c6c6729549548cc16abd357549769ce1b,d4981b079e5e0e8c6d93cc7e470c3ed51acadcd8f2e4d9afcede5db7f21cc035,geometry_alpha_0p100,0.1,,
geometry_alpha_0p100,alpha_blend,False,0.01423955677472099,0.4346057304012057,0.222822631913541,0.8155904595695171,0.8411644535240042,6292,311,4372,1402,0.7208697230019327,0.6024495548941732,0.553977433607858,09a35489c7c307f4db2649890aff2c0c6c6729549548cc16abd357549769ce1b,b655a16c15df4367412ced31d82826a5465281fe50cea5dd3c5f2bcee350b61f,geometry_alpha_0p100,0.1,,
geometry_alpha_0p100,alpha_blend,False,0.044739330678032374,0.5871284527744325,0.3605298013245033,0.79173938336242,0.932073544433095,3775,133,2161,1361,0.7208697230019327,0.6024495548941732,0.553977433607858,09a35489c7c307f4db2649890aff2c0c6c6729549548cc16abd357549769ce1b,de2df5c96debce2ad262bf07742d0697f8ce9f67a0e15e373c06ed612e372592,geometry_alpha_0p100,0.1,,
geometry_alpha_0p100,alpha_blend,False,0.05,0.6025948835852872,0.37838592571907287,0.7882489819662595,0.9371807967313586,3581,123,1991,1355,0.7208697230019327,0.6024495548941732,0.553977433607858,09a35489c7c307f4db2649890aff2c0c6c6729549548cc16abd357549769ce1b,c8d317831940c40156ffd496a27a164ce7f57c73a81928e83366fff735b76e31,geometry_alpha_0p100,0.1,,
geometry_alpha_0p100,alpha_blend,False,0.1,0.6883788098443916,0.5001914975105324,0.7597440372309482,0.9591419816138917,2611,80,1144,1306,0.7208697230019327,0.6024495548941732,0.553977433607858,09a35489c7c307f4db2649890aff2c0c6c6729549548cc16abd357549769ce1b,ec7ddb4aa6f555c1b8a7a06a50c85d2b685831174a1defd84ec2538d4cd40c54,geometry_alpha_0p100,0.1,,
geometry_alpha_0p100,alpha_blend,False,0.1086079854756151,0.6985855213615141,0.5172824791418356,0.7574171029668412,0.9606741573033708,2517,77,1060,1302,0.7208697230019327,0.6024495548941732,0.553977433607858,09a35489c7c307f4db2649890aff2c0c6c6729549548cc16abd357549769ce1b,6d13636bcdf36bdae36b7b80bb4e169c2a435f1b961d8fcf013761b349f799cb,geometry_alpha_0p100,0.1,,
geometry_alpha_0p100,alpha_blend,False,0.15,0.7270126863960907,0.5794824399260629,0.7294938917975567,0.9708886618998979,2164,57,796,1254,0.7208697230019327,0.6024495548941732,0.553977433607858,09a35489c7c307f4db2649890aff2c0c6c6729549548cc16abd357549769ce1b,ab87097dcdad0bcdd7d0a4e0af716975e5b616d26ac17a48660ebbe5289c4454,geometry_alpha_0p100,0.1,,
geometry_alpha_0p100,alpha_blend,False,0.2,0.7497021192090555,0.6394736842105263,0.7068062827225131,0.9775280898876404,1900,44,590,1215,0.7208697230019327,0.6024495548941732,0.553977433607858,09a35489c7c307f4db2649890aff2c0c6c6729549548cc16abd357549769ce1b,7904b0d7571c1ad12d27b7a218bfcca97dfac1145e2252f370981b5e472ac6c5,geometry_alpha_0p100,0.1,,
geometry_alpha_0p100,alpha_blend,False,0.25,0.7595445123331882,0.6817653890824622,0.682955206515416,0.9816138917262512,1722,36,471,1174,0.7208697230019327,0.6024495548941732,0.553977433607858,09a35489c7c307f4db2649890aff2c0c6c6729549548cc16abd357549769ce1b,f142004b2f90e01882aa806bd5c85c8b20c4ae753a3d159bc876fc9b7990e758,geometry_alpha_0p100,0.1,,
geometry_alpha_0p100,alpha_blend,False,0.3,0.7682505463351249,0.7283236994219653,0.6596858638743456,0.984167517875383,1557,31,353,1134,0.7208697230019327,0.6024495548941732,0.553977433607858,09a35489c7c307f4db2649890aff2c0c6c6729549548cc16abd357549769ce1b,afc7fcb21cbcf1ff6f424270d7ff191ae82f9b6731fd243e9064f1d6cfda94c2,geometry_alpha_0p100,0.1,,
geometry_alpha_0p100,alpha_blend,False,0.35,0.7683899960988231,0.7537722908093278,0.639325189063409,0.9867211440245148,1458,26,300,1099,0.7208697230019327,0.6024495548941732,0.553977433607858,09a35489c7c307f4db2649890aff2c0c6c6729549548cc16abd357549769ce1b,9c7b1688aa1061c1aecad5bee7d62318cc83212b604b937a3267bf80c53b76bc,geometry_alpha_0p100,0.1,,
geometry_alpha_0p100,alpha_blend,False,0.4,0.7668019212671563,0.7835433654558932,0.6148923792902851,0.9902962206332993,1349,19,244,1057,0.7208697230019327,0.6024495548941732,0.553977433607858,09a35489c7c307f4db2649890aff2c0c6c6729549548cc16abd357549769ce1b,2b0628a36f16bfcaa7e7c7383863e1d8486e154ea69e15e20390992a91625566,geometry_alpha_0p100,0.1,,
geometry_alpha_0p100,alpha_blend,False,0.4348974602742657,0.762663505012525,0.8085782366957903,0.5922047702152414,0.9918283963227783,1259,16,200,1018,0.7208697230019327,0.6024495548941732,0.553977433607858,09a35489c7c307f4db2649890aff2c0c6c6729549548cc16abd357549769ce1b,e4d530024c9a46250f6ac66b9fc4a477264ae497fd4ffeeb498bee1164624801,geometry_alpha_0p100,0.1,,
geometry_alpha_0p100,alpha_blend,False,0.5,0.7517776731495902,0.837696335078534,0.5584642233856894,0.9938712972420838,1146,12,151,960,0.7208697230019327,0.6024495548941732,0.553977433607858,09a35489c7c307f4db2649890aff2c0c6c6729549548cc16abd357549769ce1b,04a3a5fc1b1109a56216081b73eaffeb3254235c8b776878599fa04a079416b9,geometry_alpha_0p100,0.1,,
geometry_alpha_0p100,alpha_blend,False,0.6,0.7230732600239228,0.8848547717842323,0.49621873182082604,0.9964249233912156,964,7,90,853,0.7208697230019327,0.6024495548941732,0.553977433607858,09a35489c7c307f4db2649890aff2c0c6c6729549548cc16abd357549769ce1b,0db0b112113952f2f9bff2389f314e6e335bc2403304abf5fdca7ae2db7662bb,geometry_alpha_0p100,0.1,,
geometry_alpha_0p100,alpha_blend,False,0.7,0.6723849536318456,0.9256410256410257,0.4200116346713205,0.9994892747701737,780,1,48,722,0.7208697230019327,0.6024495548941732,0.553977433607858,09a35489c7c307f4db2649890aff2c0c6c6729549548cc16abd357549769ce1b,6388f223028eb7d1a742fd95495eeee5472e08f293052a94db489d0aeab94f7e,geometry_alpha_0p100,0.1,,
geometry_alpha_0p100,alpha_blend,False,0.8,0.6157355514915541,0.9574803149606299,0.35369400814426993,0.9994892747701737,635,1,21,608,0.7208697230019327,0.6024495548941732,0.553977433607858,09a35489c7c307f4db2649890aff2c0c6c6729549548cc16abd357549769ce1b,37ef5d955fbc999ec717040c823b195658e9d1da9c98bdda24a4cef8e3b98964,geometry_alpha_0p100,0.1,,
geometry_alpha_0p100,alpha_blend,False,0.8029269240973507,0.613549148949975,0.9587301587301588,0.35136707388016286,0.9994892747701737,630,1,20,604,0.7208697230019327,0.6024495548941732,0.553977433607858,09a35489c7c307f4db2649890aff2c0c6c6729549548cc16abd357549769ce1b,a4879db48e76a7565736e090793945352c52c2b392078ab24915188c2625e1d8,geometry_alpha_0p100,0.1,,
geometry_alpha_0p100,alpha_blend,False,0.9,0.41453170936581274,0.987987987987988,0.19139034322280396,1.0,333,0,4,329,0.7208697230019327,0.6024495548941732,0.553977433607858,09a35489c7c307f4db2649890aff2c0c6c6729549548cc16abd357549769ce1b,8ce75d21f420421f9b2c423d4562d9dd06ca334e3fbfbf586004d765667a4bb7,geometry_alpha_0p100,0.1,,
geometry_alpha_0p100,alpha_blend,False,0.9821379284137995,0.0017431725740848344,1.0,0.0005817335660267597,1.0,1,0,0,1,0.7208697230019327,0.6024495548941732,0.553977433607858,09a35489c7c307f4db2649890aff2c0c6c6729549548cc16abd357549769ce1b,d4edf9b6d6567b3384c75a9b83af060ac270bca48378b1ccdd62d322102bbbfe,geometry_alpha_0p100,0.1,,
geometry_alpha_0p200,alpha_blend,False,0.00854553226215875,0.3288431778897929,0.15100137755642684,0.8289703315881326,0.7727272727272727,9437,445,7250,1425,0.7235011503525115,0.6037411508628824,0.5554265846369246,08b1aa9f50ec44a2ac08f80126ecb005a707feb3dd4dac656cac6b8a80b4c8bd,0d601cf645e9f890ce373fbd41b451cd2bf2c89c282f4ee03dbd20d859b62b15,geometry_alpha_0p200,0.2,,
geometry_alpha_0p200,alpha_blend,False,0.02124985662723292,0.4348775862639462,0.222822631913541,0.8155904595695171,0.8442288049029623,6292,305,4387,1402,0.7235011503525115,0.6037411508628824,0.5554265846369246,08b1aa9f50ec44a2ac08f80126ecb005a707feb3dd4dac656cac6b8a80b4c8bd,b707aeadba061e4c4d4d79ba8b1b5a84fffc8399fb318cef0a48077a3b3a1071,geometry_alpha_0p200,0.2,,
geometry_alpha_0p200,alpha_blend,False,0.05,0.5574785835666579,0.32877697841726616,0.7975567190226877,0.9208375893769152,4170,155,2519,1371,0.7235011503525115,0.6037411508628824,0.5554265846369246,08b1aa9f50ec44a2ac08f80126ecb005a707feb3dd4dac656cac6b8a80b4c8bd,9d723c42dffdf8aab90ec0b68660f2751c954ce148e7588dede4b3ee0fa937f5,geometry_alpha_0p200,0.2,,
geometry_alpha_0p200,alpha_blend,False,0.06152135821703063,0.5890319145029197,0.3615894039735099,0.794066317626527,0.9361593462717058,3775,125,2170,1365,0.7235011503525115,0.6037411508628824,0.5554265846369246,08b1aa9f50ec44a2ac08f80126ecb005a707feb3dd4dac656cac6b8a80b4c8bd,adb823a7deec7dc39de49c6ab055ba91966759cee4bbf3dc30bfa20102740aff,geometry_alpha_0p200,0.2,,
geometry_alpha_0p200,alpha_blend,False,0.1,0.6588706956746876,0.45125253893026407,0.7754508435136708,0.9545454545454546,2954,89,1441,1333,0.7235011503525115,0.6037411508628824,0.5554265846369246,08b1aa9f50ec44a2ac08f80126ecb005a707feb3dd4dac656cac6b8a80b4c8bd,49e3c670185f267d210a5de3169a4f35f7ad08c2d27a5b42ebc8d80820972152,geometry_alpha_0p200,0.2,,
geometry_alpha_0p200,alpha_blend,False,0.13861849607560175,0.7012481393287319,0.5192689709972189,0.7603257707969749,0.9642492339121552,2517,70,1067,1307,0.7235011503525115,0.6037411508628824,0.5554265846369246,08b1aa9f50ec44a2ac08f80126ecb005a707feb3dd4dac656cac6b8a80b4c8bd,2581e32e8bef3aee78294272dae7f6e8b7dd72117c7d7b7048c7945d40f2152e,geometry_alpha_0p200,0.2,,
geometry_alpha_0p200,alpha_blend,False,0.15,0.709578749504351,0.5352868345026827,0.7545084351367074,0.966802860061287,2423,65,992,1297,0.7235011503525115,0.6037411508628824,0.5554265846369246,08b1aa9f50ec44a2ac08f80126ecb005a707feb3dd4dac656cac6b8a80b4c8bd,23c949cd8c6ffabe0aca7e40789ed95dfc2de6df2d1f3d82c778bddf672884e2,geometry_alpha_0p200,0.2,,
geometry_alpha_0p200,alpha_blend,False,0.2,0.7355972000745203,0.5951589938300902,0.7294938917975567,0.9734422880490297,2107,52,747,1254,0.7235011503525115,0.6037411508628824,0.5554265846369246,08b1aa9f50ec44a2ac08f80126ecb005a707feb3dd4dac656cac6b8a80b4c8bd,1ea8f2b7a8b3cdf5f3a2e0c7ff851148361ef0908d40f4d02f16a9392938fe29,geometry_alpha_0p200,0.2,,
geometry_alpha_0p200,alpha_blend,False,0.25,0.7524848537627724,0.6454013822434875,0.7062245491564864,0.9790602655771196,1881,41,577,1214,0.7235011503525115,0.6037411508628824,0.5554265846369246,08b1aa9f50ec44a2ac08f80126ecb005a707feb3dd4dac656cac6b8a80b4c8bd,1899c2faecc19aca43691cf17f56d341477896aba7536da7594bd8f5c9dce2b0,geometry_alpha_0p200,0.2,,
geometry_alpha_0p200,alpha_blend,False,0.3,0.7638960022806734,0.6886682242990654,0.6858638743455497,0.9831460674157303,1712,33,459,1179,0.7235011503525115,0.6037411508628824,0.5554265846369246,08b1aa9f50ec44a2ac08f80126ecb005a707feb3dd4dac656cac6b8a80b4c8bd,e1bb027caaea929d6a54cc38bb5b6282ec2a05d07a644fe7e044682089d1e99d,geometry_alpha_0p200,0.2,,
geometry_alpha_0p200,alpha_blend,False,0.35,0.7689789616555635,0.7297297297297297,0.6596858638743456,0.9851889683350358,1554,29,354,1134,0.7235011503525115,0.6037411508628824,0.5554265846369246,08b1aa9f50ec44a2ac08f80126ecb005a707feb3dd4dac656cac6b8a80b4c8bd,1d0ea75afbb6b8651ebdf528573349befb012605fb03f6dc8ad46518e312f8a1,geometry_alpha_0p200,0.2,,
geometry_alpha_0p200,alpha_blend,False,0.4,0.770763678029218,0.7579092159559835,0.6410703897614892,0.9872318692543411,1454,25,295,1102,0.7235011503525115,0.6037411508628824,0.5554265846369246,08b1aa9f50ec44a2ac08f80126ecb005a707feb3dd4dac656cac6b8a80b4c8bd,8fa6ec3cea188a7bbfd1eaddbd2cee2f05c0a3d6e6864729b5a84a1b58c3d5b0,geometry_alpha_0p200,0.2,,
geometry_alpha_0p200,alpha_blend,False,0.483553134353974,0.7648898713727231,0.8117553613979349,0.5945317044793484,0.9918283963227783,1259,16,197,1022,0.7235011503525115,0.6037411508628824,0.5554265846369246,08b1aa9f50ec44a2ac08f80126ecb005a707feb3dd4dac656cac6b8a80b4c8bd,dd4dabc1dcd72def000e4d5b0e5999a3f9acab9320994bed140232194aa00258,geometry_alpha_0p200,0.2,,
geometry_alpha_0p200,alpha_blend,False,0.5,0.7618549967341606,0.8161943319838056,0.5863874345549738,0.992849846782431,1235,14,189,1008,0.7235011503525115,0.6037411508628824,0.5554265846369246,08b1aa9f50ec44a2ac08f80126ecb005a707feb3dd4dac656cac6b8a80b4c8bd,855a60dca8b565ab84a9d95fae4f1a7f5c9bf179e16b7735682273448bb8226c,geometry_alpha_0p200,0.2,,
geometry_alpha_0p200,alpha_blend,False,0.6,0.7390979776946791,0.872216844143272,0.5241419429901105,0.9954034729315628,1033,9,106,901,0.7235011503525115,0.6037411508628824,0.5554265846369246,08b1aa9f50ec44a2ac08f80126ecb005a707feb3dd4dac656cac6b8a80b4c8bd,bc9feb4a6decb1123ba853f87e1b090a7d6eeb6459db6421a54d765830b1572b,geometry_alpha_0p200,0.2,,
geometry_alpha_0p200,alpha_blend,False,0.7,0.6878120611247284,0.9175757575757576,0.44037230948225714,0.9989785495403473,825,2,57,757,0.7235011503525115,0.6037411508628824,0.5554265846369246,08b1aa9f50ec44a2ac08f80126ecb005a707feb3dd4dac656cac6b8a80b4c8bd,3779e455e3e9f6cea9aabde48ab4d206255fbf640a4d1f548a2be0fff8a77174,geometry_alpha_0p200,0.2,,
geometry_alpha_0p200,alpha_blend,False,0.8,0.6354575285331375,0.9512555391432792,0.37463641652123325,0.9994892747701737,677,1,26,644,0.7235011503525115,0.6037411508628824,0.5554265846369246,08b1aa9f50ec44a2ac08f80126ecb005a707feb3dd4dac656cac6b8a80b4c8bd,2906ba1d5691b6f2d31941924b9748163aa86457146a8bb816bee2d27c952981,geometry_alpha_0p200,0.2,,
geometry_alpha_0p200,alpha_blend,False,0.8219322710462489,0.613549148949975,0.9587301587301588,0.35136707388016286,0.9994892747701737,630,1,20,604,0.7235011503525115,0.6037411508628824,0.5554265846369246,08b1aa9f50ec44a2ac08f80126ecb005a707feb3dd4dac656cac6b8a80b4c8bd,4b9430553cb564d4ec96a1f3d3e06bd80dc833aceca59ebb3777aa76cf8fcf53,geometry_alpha_0p200,0.2,,
geometry_alpha_0p200,alpha_blend,False,0.9,0.4453507340946166,0.986449864498645,0.21175101803374055,1.0,369,0,5,364,0.7235011503525115,0.6037411508628824,0.5554265846369246,08b1aa9f50ec44a2ac08f80126ecb005a707feb3dd4dac656cac6b8a80b4c8bd,e6fcd7be52475887bc7a413ebdc240ee67345db2481b69fc9371f727b6e40154,geometry_alpha_0p200,0.2,,
geometry_alpha_0p200,alpha_blend,False,0.9840708573807304,0.0017431725740848344,1.0,0.0005817335660267597,1.0,1,0,0,1,0.7235011503525115,0.6037411508628824,0.5554265846369246,08b1aa9f50ec44a2ac08f80126ecb005a707feb3dd4dac656cac6b8a80b4c8bd,d4edf9b6d6567b3384c75a9b83af060ac270bca48378b1ccdd62d322102bbbfe,geometry_alpha_0p200,0.2,,
geometry_alpha_0p400,alpha_blend,False,0.0141722776642028,0.328657558660892,0.15100137755642684,0.8289703315881326,0.7696629213483146,9437,451,7267,1425,0.7247768040487269,0.6037373801880566,0.555866189915502,111b5e0aa3e4c443b23190ccb62991475da6cd8032a6ebd88f7ee0739c23231a,8a70ce0558a36d15d1905a70fe1392b839b09dae49276effe94e37193cd1d6b8,geometry_alpha_0p400,0.4,,
geometry_alpha_0p400,alpha_blend,False,0.03487418025391689,0.4360654394595621,0.2231404958677686,0.8167539267015707,0.8518896833503575,6292,290,4414,1404,0.7247768040487269,0.6037373801880566,0.555866189915502,111b5e0aa3e4c443b23190ccb62991475da6cd8032a6ebd88f7ee0739c23231a,e76d895ee92e6cb11c047e4ff0c62058eb79fe316777eb62999e4a5ebc5ce094,geometry_alpha_0p400,0.4,,
geometry_alpha_0p400,alpha_blend,False,0.05,0.4910473634841666,0.26656482719113994,0.8121000581733566,0.8876404494382022,5237,220,3463,1396,0.7247768040487269,0.6037373801880566,0.555866189915502,111b5e0aa3e4c443b23190ccb62991475da6cd8032a6ebd88f7ee0739c23231a,0db62b86ac4ef7befa719198dd3d91e8efecb6c549873c05cac5e088e5940684,geometry_alpha_0p400,0.4,,
geometry_alpha_0p400,alpha_blend,False,0.0951003935744319,0.5896423198804803,0.36185430463576157,0.7946480511925538,0.9382022471910112,3775,121,2179,1366,0.7247768040487269,0.6037373801880566,0.555866189915502,111b5e0aa3e4c443b23190ccb62991475da6cd8032a6ebd88f7ee0739c23231a,556c0063f7bdb66fc9dc438446f0d2818c1202fe0d4ca2dbb04e68923fbe2576,geometry_alpha_0p400,0.4,,
geometry_alpha_0p400,alpha_blend,False,0.1,0.5967242304193519,0.36993748301168794,0.79173938336242,0.942288049029622,3679,113,2093,1361,0.7247768040487269,0.6037373801880566,0.555866189915502,111b5e0aa3e4c443b23190ccb62991475da6cd8032a6ebd88f7ee0739c23231a,12eef50ce48376bfde558b7e7929539c8bd0ba31a95da06b43714ec82f28194b,geometry_alpha_0p400,0.4,,
geometry_alpha_0p400,alpha_blend,False,0.15,0.6622978425449069,0.45454545454545453,0.7766143106457243,0.9596527068437181,2937,79,1436,1335,0.7247768040487269,0.6037373801880566,0.555866189915502,111b5e0aa3e4c443b23190ccb62991475da6cd8032a6ebd88f7ee0739c23231a,6d8200dab3006d5720861535bdc020617ff20c8edc9093f6fbb417d73b6de957,geometry_alpha_0p400,0.4,,
geometry_alpha_0p400,alpha_blend,False,0.2,0.7021227408037474,0.5185917721518988,0.7626527050610821,0.9678243105209398,2528,63,1085,1311,0.7247768040487269,0.6037373801880566,0.555866189915502,111b5e0aa3e4c443b23190ccb62991475da6cd8032a6ebd88f7ee0739c23231a,e3aa612eefbe09f553d288ed37460fc72c1dfc8abe62d57f9bed379dd2fe336d,geometry_alpha_0p400,0.4,,
geometry_alpha_0p400,alpha_blend,False,0.20180918754518565,0.7030975623572063,0.520460866110449,0.7620709714950553,0.9678243105209398,2517,63,1077,1310,0.7247768040487269,0.6037373801880566,0.555866189915502,111b5e0aa3e4c443b23190ccb62991475da6cd8032a6ebd88f7ee0739c23231a,851de36b1b7bc48bb9bd5515e63857333ff800c3ec3e82b718f9ceb9189cf6eb,geometry_alpha_0p400,0.4,,
geometry_alpha_0p400,alpha_blend,False,0.25,0.7248821588042699,0.5661797255422754,0.7440372309482257,0.9724208375893769,2259,54,870,1279,0.7247768040487269,0.6037373801880566,0.555866189915502,111b5e0aa3e4c443b23190ccb62991475da6cd8032a6ebd88f7ee0739c23231a,87393bcfccb08edcd209c5abad7e1367ce50e1390b2d4e933dbc1a78e986709a,geometry_alpha_0p400,0.4,,
geometry_alpha_0p400,alpha_blend,False,0.3,0.7451224752500165,0.6132352941176471,0.7277486910994765,0.9790602655771196,2040,41,694,1251,0.7247768040487269,0.6037373801880566,0.555866189915502,111b5e0aa3e4c443b23190ccb62991475da6cd8032a6ebd88f7ee0739c23231a,49346c5e4f8028360df385307adf85d81934ffdb7e0ac84a76fd6988638e05d5,geometry_alpha_0p400,0.4,,
geometry_alpha_0p400,alpha_blend,False,0.35,0.7573893339379392,0.6561992420140769,0.7050610820244329,0.9816138917262512,1847,36,553,1212,0.7247768040487269,0.6037373801880566,0.555866189915502,111b5e0aa3e4c443b23190ccb62991475da6cd8032a6ebd88f7ee0739c23231a,87211c662c02c20591cf96c4d8d8052bddc6e9bbb263e3e31ba60d371bd16da4,geometry_alpha_0p400,0.4,,
geometry_alpha_0p400,alpha_blend,False,0.4,0.7669238210776248,0.6938895417156287,0.6870273414776032,0.9851889683350358,1702,29,451,1181,0.7247768040487269,0.6037373801880566,0.555866189915502,111b5e0aa3e4c443b23190ccb62991475da6cd8032a6ebd88f7ee0739c23231a,bb6a775c3cd497c4205bb0f2915ff1c79a013b466e3704284927043cfd463742,geometry_alpha_0p400,0.4,,
geometry_alpha_0p400,alpha_blend,False,0.5,0.7728115975749931,0.7590940288263556,0.6433973240255962,0.9897854954034729,1457,20,298,1106,0.7247768040487269,0.6037373801880566,0.555866189915502,111b5e0aa3e4c443b23190ccb62991475da6cd8032a6ebd88f7ee0739c23231a,8249316a97075a755ab0104d7f42b0697eef36a66f3706be3f26d2daf5fb850c,geometry_alpha_0p400,0.4,,
geometry_alpha_0p400,alpha_blend,False,0.5856101891408324,0.7670641922554385,0.8141382049245433,0.5962769051774287,0.9943820224719101,1259,11,200,1025,0.7247768040487269,0.6037373801880566,0.555866189915502,111b5e0aa3e4c443b23190ccb62991475da6cd8032a6ebd88f7ee0739c23231a,1682e395652a7f0a94afa85455f73d04c076770964ccb6483d4f3540c1080f24,geometry_alpha_0p400,0.4,,
geometry_alpha_0p400,alpha_blend,False,0.6,0.7647454767724259,0.8236734693877551,0.5869691681210005,0.9948927477017364,1225,10,183,1009,0.7247768040487269,0.6037373801880566,0.555866189915502,111b5e0aa3e4c443b23190ccb62991475da6cd8032a6ebd88f7ee0739c23231a,2eba432448e1c2f35a094425833023a499848e32a0f4b9292e8ec268027ebf8d,geometry_alpha_0p400,0.4,,
geometry_alpha_0p400,alpha_blend,False,0.7,0.7329465853706664,0.8891149542217701,0.508435136707388,0.998467824310521,983,3,92,874,0.7247768040487269,0.6037373801880566,0.555866189915502,111b5e0aa3e4c443b23190ccb62991475da6cd8032a6ebd88f7ee0739c23231a,5d540ff7f4d1217f2ce0f1a4b254298f3703de73370b4c7c63292aca32f0647b,geometry_alpha_0p400,0.4,,
geometry_alpha_0p400,alpha_blend,False,0.8,0.6702359768262278,0.933420365535248,0.41593949970913324,0.9994892747701737,766,1,44,715,0.7247768040487269,0.6037373801880566,0.555866189915502,111b5e0aa3e4c443b23190ccb62991475da6cd8032a6ebd88f7ee0739c23231a,7a387dfccaf58e54349fcdea5d7ee2adcfd037b28435c26934cf898cc04e4da1,geometry_alpha_0p400,0.4,,
geometry_alpha_0p400,alpha_blend,False,0.8608753900055105,0.6143568292628506,0.9603174603174603,0.35194880744618967,0.9994892747701737,630,1,19,605,0.7247768040487269,0.6037373801880566,0.555866189915502,111b5e0aa3e4c443b23190ccb62991475da6cd8032a6ebd88f7ee0739c23231a,54ab8b1fec9968180645fd10fb5e62b85e329b87c4cbd5d623631775c8e1c42f,geometry_alpha_0p400,0.4,,
geometry_alpha_0p400,alpha_blend,False,0.9,0.526829268292683,0.9790794979079498,0.27225130890052357,1.0,478,0,10,468,0.7247768040487269,0.6037373801880566,0.555866189915502,111b5e0aa3e4c443b23190ccb62991475da6cd8032a6ebd88f7ee0739c23231a,78887cb41e154ca60491c57a6d74f3f6524417e68a60c07ba3d5eeaeb49d20d5,geometry_alpha_0p400,0.4,,
geometry_alpha_0p400,alpha_blend,False,0.9879367153145919,0.0017431725740848344,1.0,0.0005817335660267597,1.0,1,0,0,1,0.7247768040487269,0.6037373801880566,0.555866189915502,111b5e0aa3e4c443b23190ccb62991475da6cd8032a6ebd88f7ee0739c23231a,d4edf9b6d6567b3384c75a9b83af060ac270bca48378b1ccdd62d322102bbbfe,geometry_alpha_0p400,0.4,,
geometry_alpha_0p600,alpha_blend,False,0.019565549365313493,0.3287814453460415,0.15100137755642684,0.8289703315881326,0.7717058222676201,9437,447,7276,1425,0.7270145350529804,0.6053969309501442,0.5573334972534876,e50f76e7c70ef0534f8d6ec57fbb8d25108e73160220e29ef741006363a9e7ca,17cd6142daf08de6d0e23746d00bd35549c9792302040821b46ff6d1b96075ed,geometry_alpha_0p600,0.6,,
geometry_alpha_0p600,alpha_blend,False,0.048106034082741694,0.4367673888846897,0.22329942784488238,0.8173356602675974,0.856996935648621,6292,280,4429,1405,0.7270145350529804,0.6053969309501442,0.5573334972534876,e50f76e7c70ef0534f8d6ec57fbb8d25108e73160220e29ef741006363a9e7ca,f40a85dfbfde3f01d472f5a844d90c7b053e979d87505f700a7c44db6911d21b,geometry_alpha_0p600,0.6,,
geometry_alpha_0p600,alpha_blend,False,0.05,0.44282378459733734,0.22766336954759203,0.8167539267015707,0.8636363636363636,6167,267,4318,1404,0.7270145350529804,0.6053969309501442,0.5573334972534876,e50f76e7c70ef0534f8d6ec57fbb8d25108e73160220e29ef741006363a9e7ca,81233d4ca81e446d1f3933ac62c79f63706136b5dc01adfca32774831d68c9cd,geometry_alpha_0p600,0.6,,
geometry_alpha_0p600,alpha_blend,False,0.1,0.5508674285615429,0.321345165810369,0.8004653868528214,0.9218590398365679,4282,153,2630,1376,0.7270145350529804,0.6053969309501442,0.5573334972534876,e50f76e7c70ef0534f8d6ec57fbb8d25108e73160220e29ef741006363a9e7ca,4fc11314bc4774552ec3658538b6ba695fddc4ac4fb52c84523e95181b33b957,geometry_alpha_0p600,0.6,,
geometry_alpha_0p600,alpha_blend,False,0.12804980738690086,0.5901784224222543,0.36185430463576157,0.7946480511925538,0.942288049029622,3775,113,2189,1366,0.7270145350529804,0.6053969309501442,0.5573334972534876,e50f76e7c70ef0534f8d6ec57fbb8d25108e73160220e29ef741006363a9e7ca,198d45612cab4ed926410cca78b116faa57722d930d3da668c24e21aa9fed38e,geometry_alpha_0p600,0.6,,
geometry_alpha_0p600,alpha_blend,False,0.15,0.6187053148247478,0.39476744186046514,0.7899941826643397,0.9525025536261491,3440,93,1888,1358,0.7270145350529804,0.6053969309501442,0.5573334972534876,e50f76e7c70ef0534f8d6ec57fbb8d25108e73160220e29ef741006363a9e7ca,c211230a3defb03c0847d010c4e79946f65867a506c3e553db519e98e51599cb,geometry_alpha_0p600,0.6,,
geometry_alpha_0p600,alpha_blend,False,0.2,0.6636866279957232,0.4555366269165247,0.7777777777777778,0.9622063329928499,2935,74,1443,1337,0.7270145350529804,0.6053969309501442,0.5573334972534876,e50f76e7c70ef0534f8d6ec57fbb8d25108e73160220e29ef741006363a9e7ca,c541e50bebf573441c6b2a63e9fd7cab1ef94b21b7171afbd3fa100c4660425c,geometry_alpha_0p600,0.6,,
geometry_alpha_0p600,alpha_blend,False,0.25,0.6943327759002415,0.503621807091117,0.7684700407213496,0.9673135852911133,2623,64,1171,1321,0.7270145350529804,0.6053969309501442,0.5573334972534876,e50f76e7c70ef0534f8d6ec57fbb8d25108e73160220e29ef741006363a9e7ca,a778b897279b143d28dd58a966d878b1d5e1be523f37f631de22a6d0eb8bcdb5,geometry_alpha_0p600,0.6,,
geometry_alpha_0p600,alpha_blend,False,0.26373464200132535,0.7025523649107556,0.5196662693682956,0.7609075043630017,0.9693564862104188,2517,60,1085,1308,0.7270145350529804,0.6053969309501442,0.5573334972534876,e50f76e7c70ef0534f8d6ec57fbb8d25108e73160220e29ef741006363a9e7ca,59e7a994b9e50594d55e0f44970e509b2ac1ab19b8c01fa0f84836c36eee9617,geometry_alpha_0p600,0.6,,
geometry_alpha_0p600,alpha_blend,False,0.3,0.7173667519610397,0.5478813559322034,0.7521815008726004,0.9734422880490297,2360,52,955,1293,0.7270145350529804,0.6053969309501442,0.5573334972534876,e50f76e7c70ef0534f8d6ec57fbb8d25108e73160220e29ef741006363a9e7ca,073e839d64756943cbdc29fd29165d02ce786e1d2803c59ee6559883ccb8b0f7,geometry_alpha_0p600,0.6,,
geometry_alpha_0p600,alpha_blend,False,0.35,0.7350782376450323,0.5864453665283541,0.7399650959860384,0.9759959141981613,2169,47,795,1272,0.7270145350529804,0.6053969309501442,0.5573334972534876,e50f76e7c70ef0534f8d6ec57fbb8d25108e73160220e29ef741006363a9e7ca,bcaf36696425a29fe5a1b4f2bc6784a283caaeecf26c6e9e8d85ef82bd943da0,geometry_alpha_0p600,0.6,,
geometry_alpha_0p600,alpha_blend,False,0.4,0.7511509837921005,0.6263184329482672,0.7254217568353694,0.9816138917262512,1991,36,658,1247,0.7270145350529804,0.6053969309501442,0.5573334972534876,e50f76e7c70ef0534f8d6ec57fbb8d25108e73160220e29ef741006363a9e7ca,a95ca5fcfa9522222d2687c06676db9281c7410a389079eff1b9e7ceef1ebced,geometry_alpha_0p600,0.6,,
geometry_alpha_0p600,alpha_blend,False,0.5,0.7673417637498071,0.6940692894891368,0.68760907504363,0.9856996935648621,1703,28,452,1182,0.7270145350529804,0.6053969309501442,0.5573334972534876,e50f76e7c70ef0534f8d6ec57fbb8d25108e73160220e29ef741006363a9e7ca,52cec55038fc1ef27d8739b1edf8a3ee1c7a92fb2b3a9317d9598b6ce7ad4d73,geometry_alpha_0p600,0.6,,
geometry_alpha_0p600,alpha_blend,False,0.6,0.7739525698236847,0.759069130732375,0.6451425247236765,0.991317671092952,1461,17,303,1109,0.7270145350529804,0.6053969309501442,0.5573334972534876,e50f76e7c70ef0534f8d6ec57fbb8d25108e73160220e29ef741006363a9e7ca,ddef907b9f3652cdab38477e9d9b7d38cec97c77abab6c397f3beb9f5ae885ab,geometry_alpha_0p600,0.6,,
geometry_alpha_0p600,alpha_blend,False,0.6840869440323044,0.7690356069956689,0.8165210484511517,0.598022105875509,0.9959141981613892,1259,8,200,1028,0.7270145350529804,0.6053969309501442,0.5573334972534876,e50f76e7c70ef0534f8d6ec57fbb8d25108e73160220e29ef741006363a9e7ca,f894fdb5167f8273f8f3ea3aaeb0a1636a9fe5ad774c50d839c9e391351b9912,geometry_alpha_0p600,0.6,,
geometry_alpha_0p600,alpha_blend,False,0.7,0.7664786090394792,0.8278688524590164,0.5875509016870274,0.9959141981613892,1220,8,181,1010,0.7270145350529804,0.6053969309501442,0.5573334972534876,e50f76e7c70ef0534f8d6ec57fbb8d25108e73160220e29ef741006363a9e7ca,ab3bcdc017beecaf735559ea5447fd4043ec22cbb2841428d94aae559411fb9e,geometry_alpha_0p600,0.6,,
geometry_alpha_0p600,alpha_blend,False,0.8,0.7231893977139465,0.9044038668098818,0.4898196625945317,0.9989785495403473,931,2,76,842,0.7270145350529804,0.6053969309501442,0.5573334972534876,e50f76e7c70ef0534f8d6ec57fbb8d25108e73160220e29ef741006363a9e7ca,e44c89acad7449f153a63bcc8b376a70019900ea755d8c0aa35d8e9f86e2ac09,geometry_alpha_0p600,0.6,,
geometry_alpha_0p600,alpha_blend,False,0.8999256237909566,0.6167765911694895,0.9650793650793651,0.35369400814426993,0.9994892747701737,630,1,18,608,0.7270145350529804,0.6053969309501442,0.5573334972534876,e50f76e7c70ef0534f8d6ec57fbb8d25108e73160220e29ef741006363a9e7ca,1663504788808470cbd23cd5c3d79dc1cb60b1cccbfd16c55efd7b52a035e05f,geometry_alpha_0p600,0.6,,
geometry_alpha_0p600,alpha_blend,False,0.9,0.6161789782109303,0.9650238473767886,0.3531122745782432,0.9994892747701737,629,1,18,607,0.7270145350529804,0.6053969309501442,0.5573334972534876,e50f76e7c70ef0534f8d6ec57fbb8d25108e73160220e29ef741006363a9e7ca,e67a1a3d0b5f5e5911568e26c739507f6501a8839ad13982c5001ff1cb865174,geometry_alpha_0p600,0.6,,
geometry_alpha_0p600,alpha_blend,False,0.9918025732484534,0.0017431725740848344,1.0,0.0005817335660267597,1.0,1,0,0,1,0.7270145350529804,0.6053969309501442,0.5573334972534876,e50f76e7c70ef0534f8d6ec57fbb8d25108e73160220e29ef741006363a9e7ca,d4edf9b6d6567b3384c75a9b83af060ac270bca48378b1ccdd62d322102bbbfe,geometry_alpha_0p600,0.6,,
geometry_alpha_0p800,alpha_blend,False,0.02481295833194932,0.32899689824434614,0.15100137755642684,0.8289703315881326,0.7752808988764045,9437,440,7293,1425,0.7269777983690223,0.6041032987701391,0.5566300179718074,cd41befc0747694ba6ed8ac799e48070d47cf88b2c269593267bdc382ecd52b2,a750b5bdce86d494ec6a05bda6e823c180203864499ad9db12a7c4486cb26c52,geometry_alpha_0p800,0.8,,
geometry_alpha_0p800,alpha_blend,False,0.05,0.4071099079443473,0.2018309254756115,0.820826061663758,0.8360572012257406,6991,321,5068,1411,0.7269777983690223,0.6041032987701391,0.5566300179718074,cd41befc0747694ba6ed8ac799e48070d47cf88b2c269593267bdc382ecd52b2,68d2bf96db793c5fee1ae99d6b03d789002906790eea697e71423545192abc31,geometry_alpha_0p800,0.8,,
geometry_alpha_0p800,alpha_blend,False,0.06116572845785977,0.4371138680688709,0.2234583598219962,0.8179173938336242,0.8580183861082737,6292,278,4432,1406,0.7269777983690223,0.6041032987701391,0.5566300179718074,cd41befc0747694ba6ed8ac799e48070d47cf88b2c269593267bdc382ecd52b2,f5d292eeea86dc304520e7996b9d5ef7fd75ba390b39d2b5990623fff62a204b,geometry_alpha_0p800,0.8,,
geometry_alpha_0p800,alpha_blend,False,0.1,0.5144399129469787,0.2865388579674294,0.8086096567771961,0.9050051072522982,4851,186,3145,1390,0.7269777983690223,0.6041032987701391,0.5566300179718074,cd41befc0747694ba6ed8ac799e48070d47cf88b2c269593267bdc382ecd52b2,dbd61077781cd5af78cabdf5914713b39f3a428238997528040bef2d3d79b771,geometry_alpha_0p800,0.8,,
geometry_alpha_0p800,alpha_blend,False,0.15,0.5797397832190984,0.35012787723785166,0.796393251890634,0.940755873340143,3910,116,2315,1369,0.7269777983690223,0.6041032987701391,0.5566300179718074,cd41befc0747694ba6ed8ac799e48070d47cf88b2c269593267bdc382ecd52b2,b1ceec9202ffa9f25f448da269f16e7a0e8feb2bcaa89b5c2195af5300c4c152,geometry_alpha_0p800,0.8,,
geometry_alpha_0p800,alpha_blend,False,0.16030177731954628,0.5909203501795891,0.3621192052980132,0.7952297847585805,0.9453524004085802,3775,107,2195,1367,0.7269777983690223,0.6041032987701391,0.5566300179718074,cd41befc0747694ba6ed8ac799e48070d47cf88b2c269593267bdc382ecd52b2,db0293c7431921feaae43b6479623046c33586c1247c98e41f4933a1568da37e,geometry_alpha_0p800,0.8,,
geometry_alpha_0p800,alpha_blend,False,0.2,0.6304463336875665,0.40929670993057654,0.7888307155322862,0.9545454545454546,3313,89,1775,1356,0.7269777983690223,0.6041032987701391,0.5566300179718074,cd41befc0747694ba6ed8ac799e48070d47cf88b2c269593267bdc382ecd52b2,fbf5e69cf63ff688f49f8587d239ab3f8e7cdcb92599ec78aa07f32a50dbff77,geometry_alpha_0p800,0.8,,
geometry_alpha_0p800,alpha_blend,False,0.25,0.6638154135982309,0.45497791369351004,0.7789412449098313,0.9637385086823289,2943,71,1453,1339,0.7269777983690223,0.6041032987701391,0.5566300179718074,cd41befc0747694ba6ed8ac799e48070d47cf88b2c269593267bdc382ecd52b2,0236025e2b9ab5e26b12c19eec08b098d9150016b95699dc6c9cf5293e788773,geometry_alpha_0p800,0.8,,
geometry_alpha_0p800,alpha_blend,False,0.3,0.6915890184923018,0.4983063605570192,0.7702152414194299,0.9683350357507661,2657,62,1203,1324,0.7269777983690223,0.6041032987701391,0.5566300179718074,cd41befc0747694ba6ed8ac799e48070d47cf88b2c269593267bdc382ecd52b2,7c8c9ec858f45b61c73b207b76813dc98ea751767574397a6da5b2632cb7dc13,geometry_alpha_0p800,0.8,,
geometry_alpha_0p800,alpha_blend,False,0.32936041981294417,0.7027310710512803,0.5196662693682956,0.7609075043630017,0.9703779366700716,2517,58,1087,1308,0.7269777983690223,0.6041032987701391,0.5566300179718074,cd41befc0747694ba6ed8ac799e48070d47cf88b2c269593267bdc382ecd52b2,7e3a5a2d188372e835ffed575507f0a9e45d6594abc52097f93ec601060a4bf1,geometry_alpha_0p800,0.8,,
geometry_alpha_0p800,alpha_blend,False,0.35,0.7102446973498282,0.5341282894736842,0.7556719022687609,0.9724208375893769,2432,54,1017,1299,0.7269777983690223,0.6041032987701391,0.5566300179718074,cd41befc0747694ba6ed8ac799e48070d47cf88b2c269593267bdc382ecd52b2,efd1201e570470582784f96c995cf79500359ca2c15566bba40d152f04cb0360,geometry_alpha_0p800,0.8,,
geometry_alpha_0p800,alpha_blend,False,0.4,0.7274662648375951,0.5685144124168514,0.745782431646306,0.9765066394279878,2255,46,868,1282,0.7269777983690223,0.6041032987701391,0.5566300179718074,cd41befc0747694ba6ed8ac799e48070d47cf88b2c269593267bdc382ecd52b2,d12e0d119361fcb7174127012b888b35f591854a29d790470ab80437438ce2b2,geometry_alpha_0p800,0.8,,
geometry_alpha_0p800,alpha_blend,False,0.5,0.7535372477538158,0.632435180477885,0.7236765561372891,0.9821246169560777,1967,35,639,1244,0.7269777983690223,0.6041032987701391,0.5566300179718074,cd41befc0747694ba6ed8ac799e48070d47cf88b2c269593267bdc382ecd52b2,7e141239d82816e7b1be804fa5e771518845307f8c3eed1cddfa87b8074e24ef,geometry_alpha_0p800,0.8,,
geometry_alpha_0p800,alpha_blend,False,0.6,0.7677493371290786,0.6957547169811321,0.6864456079115765,0.9867211440245148,1696,26,451,1180,0.7269777983690223,0.6041032987701391,0.5566300179718074,cd41befc0747694ba6ed8ac799e48070d47cf88b2c269593267bdc382ecd52b2,817c4e46e3e6215b5c9b1abc3bd1e992e11bb48efb2d82dd2a9af982e7579749,geometry_alpha_0p800,0.8,,
geometry_alpha_0p800,alpha_blend,False,0.7,0.7766650996637706,0.7605729877216917,0.6486329261198371,0.9938712972420838,1466,12,308,1115,0.7269777983690223,0.6041032987701391,0.5566300179718074,cd41befc0747694ba6ed8ac799e48070d47cf88b2c269593267bdc382ecd52b2,40f382fbc4b80de5503fa29cd7b5e4bd1c11518847f405edfb10a5fff6868c26,geometry_alpha_0p800,0.8,,
geometry_alpha_0p800,alpha_blend,False,0.7835470871296332,0.7713575764417487,0.8196981731532963,0.6003490401396161,0.9964249233912156,1259,7,198,1032,0.7269777983690223,0.6041032987701391,0.5566300179718074,cd41befc0747694ba6ed8ac799e48070d47cf88b2c269593267bdc382ecd52b2,27c2c10b3a76e5df1c868036c8db991d18fb7fb02ab168691480a9c167da5ded,geometry_alpha_0p800,0.8,,
geometry_alpha_0p800,alpha_blend,False,0.8,0.769836114479905,0.8351195383347073,0.5892961023851077,0.9974463738508682,1213,5,175,1013,0.7269777983690223,0.6041032987701391,0.5566300179718074,cd41befc0747694ba6ed8ac799e48070d47cf88b2c269593267bdc382ecd52b2,4a80256a30a3d95f3b9be6c1303abad0e7f3af279920530ba472e9ee9244ab88,geometry_alpha_0p800,0.8,,
geometry_alpha_0p800,alpha_blend,False,0.9,0.6952818888685872,0.9243697478991597,0.447934845840605,0.9994892747701737,833,1,53,770,0.7269777983690223,0.6041032987701391,0.5566300179718074,cd41befc0747694ba6ed8ac799e48070d47cf88b2c269593267bdc382ecd52b2,590771efe2afc5c7d1a05ff3b22778d66e073823f8a67f9588c7a97fe4380d53,geometry_alpha_0p800,0.8,,
geometry_alpha_0p800,alpha_blend,False,0.9411386109924468,0.6192567567567567,0.9698412698412698,0.3554392088423502,1.0,630,0,17,611,0.7269777983690223,0.6041032987701391,0.5566300179718074,cd41befc0747694ba6ed8ac799e48070d47cf88b2c269593267bdc382ecd52b2,d2bc909bf0571e2959cc66d02cbf947e658433069277b266ba6677877d4effa5,geometry_alpha_0p800,0.8,,
geometry_alpha_0p800,alpha_blend,False,0.9956684311823151,0.0017431725740848344,1.0,0.0005817335660267597,1.0,1,0,0,1,0.7269777983690223,0.6041032987701391,0.5566300179718074,cd41befc0747694ba6ed8ac799e48070d47cf88b2c269593267bdc382ecd52b2,d4edf9b6d6567b3384c75a9b83af060ac270bca48378b1ccdd62d322102bbbfe,geometry_alpha_0p800,0.8,,
geometry_alpha_1p000,alpha_blend,False,0.030061438629985025,0.32908871384795535,0.15100137755642684,0.8289703315881326,0.7768130745658836,9437,437,7298,1425,0.7259976061252552,0.6041793529397781,0.5549058065268709,1e65f462ecdd113d9643748e4121eb42005efa17f4b91fa02c1aceaf4718d330,093f04cd8d7d0bdf7d9874f0e488b0d2086a7f69e3a6ab8fcd266c787b225829,geometry_risk_score,1.0,,
geometry_alpha_1p000,alpha_blend,False,0.05,0.3803860171829237,0.1836205779447972,0.8243164630599186,0.8146067415730337,7717,363,5717,1417,0.7259976061252552,0.6041793529397781,0.5549058065268709,1e65f462ecdd113d9643748e4121eb42005efa17f4b91fa02c1aceaf4718d330,77940ecde9f7ba642d3fd08fff773b01328cdc60cad2caacd8eff72ce322c64a,geometry_risk_score,1.0,,
geometry_alpha_1p000,alpha_blend,False,0.07404494392664673,0.43737818655365285,0.2234583598219962,0.8179173938336242,0.8610827374872319,6292,272,4443,1406,0.7259976061252552,0.6041793529397781,0.5549058065268709,1e65f462ecdd113d9643748e4121eb42005efa17f4b91fa02c1aceaf4718d330,427bfb41487e27fe6b15a040629416fc3d567f73f8add0282f3c7a50fb866fda,geometry_risk_score,1.0,,
geometry_alpha_1p000,alpha_blend,False,0.1,0.4841128683933375,0.2598030105928266,0.8132635253054101,0.8942798774259448,5381,207,3630,1398,0.7259976061252552,0.6041793529397781,0.5549058065268709,1e65f462ecdd113d9643748e4121eb42005efa17f4b91fa02c1aceaf4718d330,24fe1132985d5896c37614bfec0fda215b73de9accaaf0f0fb29a374791171ef,geometry_risk_score,1.0,,
geometry_alpha_1p000,alpha_blend,False,0.15,0.5492509100783518,0.31933163146901833,0.8004653868528214,0.924923391215526,4309,147,2668,1376,0.7259976061252552,0.6041793529397781,0.5549058065268709,1e65f462ecdd113d9643748e4121eb42005efa17f4b91fa02c1aceaf4718d330,6a265608d732ea01e05d272752780a0365ab9e641eba7922aca82c92c6ab9c04,geometry_risk_score,1.0,,
geometry_alpha_1p000,alpha_blend,False,0.19272189786367636,0.5907108590347264,0.36185430463576157,0.7946480511925538,0.9463738508682329,3775,105,2199,1366,0.7259976061252552,0.6041793529397781,0.5549058065268709,1e65f462ecdd113d9643748e4121eb42005efa17f4b91fa02c1aceaf4718d330,6cc394ace8c1ef5b6fe3a1731a0f316d90d7f4fbcdcb29f9e51f1e6836396c63,geometry_risk_score,1.0,,
geometry_alpha_1p000,alpha_blend,False,0.2,0.597479428824697,0.3695181375203032,0.794066317626527,0.9473953013278856,3694,103,2123,1365,0.7259976061252552,0.6041793529397781,0.5549058065268709,1e65f462ecdd113d9643748e4121eb42005efa17f4b91fa02c1aceaf4718d330,f0e0ebc915ef0d1aeebb09c2f52326ed30540957bff2674bdd1d8933f405d502,geometry_risk_score,1.0,,
geometry_alpha_1p000,alpha_blend,False,0.25,0.6359916105157846,0.4166666666666667,0.7853403141361257,0.958120531154239,3240,82,1721,1350,0.7259976061252552,0.6041793529397781,0.5549058065268709,1e65f462ecdd113d9643748e4121eb42005efa17f4b91fa02c1aceaf4718d330,1b84987dd47a8b61c84e2cb437b7c9f32b317e772cef8288e096cfed09a4dfe5,geometry_risk_score,1.0,,
geometry_alpha_1p000,alpha_blend,False,0.3,0.6634797950903795,0.4540522210918956,0.7789412449098313,0.9657814096016343,2949,67,1462,1339,0.7259976061252552,0.6041793529397781,0.5549058065268709,1e65f462ecdd113d9643748e4121eb42005efa17f4b91fa02c1aceaf4718d330,9175cf0b46396d49c79fcf92bd59b2231cdb2636ae43dde479ad0e7b4e83b0b0,geometry_risk_score,1.0,,
geometry_alpha_1p000,alpha_blend,False,0.35,0.688749618686439,0.4936661698956781,0.7707969749854566,0.9683350357507661,2684,62,1230,1325,0.7259976061252552,0.6041793529397781,0.5549058065268709,1e65f462ecdd113d9643748e4121eb42005efa17f4b91fa02c1aceaf4718d330,458c42340dde6273042ec3e96829e046c676dd0e762648be7790386486bf286e,geometry_risk_score,1.0,,
geometry_alpha_1p000,alpha_blend,False,0.3952950271920109,0.7033171894182748,0.5200635677393722,0.7614892379290285,0.9713993871297242,2517,56,1087,1309,0.7259976061252552,0.6041793529397781,0.5549058065268709,1e65f462ecdd113d9643748e4121eb42005efa17f4b91fa02c1aceaf4718d330,08f9e04795844542c1bd7b4accdca83cf816f2c708c7f688945a19f34610a3d1,geometry_risk_score,1.0,,
geometry_alpha_1p000,alpha_blend,False,0.4,0.7046189572975743,0.5230276331597917,0.7597440372309482,0.9713993871297242,2497,56,1072,1306,0.7259976061252552,0.6041793529397781,0.5549058065268709,1e65f462ecdd113d9643748e4121eb42005efa17f4b91fa02c1aceaf4718d330,592d9a124b43bade2300a6d976af29c8fd16c915ebd547b240b8942d2c0090a4,geometry_risk_score,1.0,,
geometry_alpha_1p000,alpha_blend,False,0.5,0.7355307444168162,0.5854779411764706,0.7411285631180919,0.9790602655771196,2176,41,804,1274,0.7259976061252552,0.6041793529397781,0.5549058065268709,1e65f462ecdd113d9643748e4121eb42005efa17f4b91fa02c1aceaf4718d330,0f7b7851ccda2f5f5cdd74e7db3cab2ee9bb74ea0d9d0bd6555277fb8c71aca5,geometry_risk_score,1.0,,
geometry_alpha_1p000,alpha_blend,False,0.6,0.7552038703038978,0.6384734399174833,0.7201861547411286,0.982635342185904,1939,34,621,1238,0.7259976061252552,0.6041793529397781,0.5549058065268709,1e65f462ecdd113d9643748e4121eb42005efa17f4b91fa02c1aceaf4718d330,03788a2d4a2cc66b06c0ac4cc0336d55a683f962992fe56240d8ecad56917daa,geometry_risk_score,1.0,,
geometry_alpha_1p000,alpha_blend,False,0.7,0.7700443415390664,0.6983471074380165,0.6881908086096568,0.9892747701736466,1694,21,453,1183,0.7259976061252552,0.6041793529397781,0.5549058065268709,1e65f462ecdd113d9643748e4121eb42005efa17f4b91fa02c1aceaf4718d330,b43bc41db3e40d2f3568aeddb873dda8435c60f9d339100c2be95e85cb730a0a,geometry_risk_score,1.0,,
geometry_alpha_1p000,alpha_blend,False,0.8,0.7777226287181831,0.7614178595773687,0.6497963932518906,0.9948927477017364,1467,10,310,1117,0.7259976061252552,0.6041793529397781,0.5549058065268709,1e65f462ecdd113d9643748e4121eb42005efa17f4b91fa02c1aceaf4718d330,90e435d6945f05d067a24bcd7abf8789566c4a7d8fd9c9b46e87545c1778bd68,geometry_risk_score,1.0,,
geometry_alpha_1p000,alpha_blend,False,0.8845095688698809,0.7715614628114676,0.8196981731532963,0.6003490401396161,0.9974463738508682,1259,5,201,1032,0.7259976061252552,0.6041793529397781,0.5549058065268709,1e65f462ecdd113d9643748e4121eb42005efa17f4b91fa02c1aceaf4718d330,801c7b34732dfafb780215306ec0192202f03d6aac350e3b7d33db20d2467a35,geometry_risk_score,1.0,,
geometry_alpha_1p000,alpha_blend,False,0.9,0.7718213140642198,0.8426311407160699,0.5887143688190809,0.998467824310521,1201,3,168,1012,0.7259976061252552,0.6041793529397781,0.5549058065268709,1e65f462ecdd113d9643748e4121eb42005efa17f4b91fa02c1aceaf4718d330,67af6f88f20049fa39da9817766eaa654c816d3c52914abad4c9459008541a73,geometry_risk_score,1.0,,
geometry_alpha_1p000,alpha_blend,False,0.9840285057236917,0.6168413933040244,0.9650793650793651,0.35369400814426993,1.0,630,0,21,608,0.7259976061252552,0.6041793529397781,0.5549058065268709,1e65f462ecdd113d9643748e4121eb42005efa17f4b91fa02c1aceaf4718d330,edec685291986395818d40d8edb5d72ba74303e792772923712b3dfd8922e68c,geometry_risk_score,1.0,,
geometry_alpha_1p000,alpha_blend,False,0.9999256206880308,0.0017431725740848344,1.0,0.0005817335660267597,1.0,1,0,0,1,0.7259976061252552,0.6041793529397781,0.5549058065268709,1e65f462ecdd113d9643748e4121eb42005efa17f4b91fa02c1aceaf4718d330,3592869032b471f50a6be61f850aae4092b1476fdedc887d3fecc43eaf6036a2,geometry_risk_score,1.0,,
class_reliability_gamma_0p250,class_scaled_raw,True,0.0020396332030493446,0.3264423343186245,0.15004768464554413,0.8237347294938918,0.7625127681307456,9437,465,7176,1416,0.7177328007258912,0.6010754418128619,0.5523252582581842,460b6912ae3500758e2e32a629402837e2fa3d65d513a981261cef39381323af,02d1ca2de62614640c84d03c5e6647d3362986f186c7f1b3060c0632e1a660a3,class_reliability_gamma_0p250,,0.25,
class_reliability_gamma_0p250,class_scaled_raw,True,0.0063719009049236,0.4322912530686205,0.22186904005085822,0.8121000581733566,0.832482124616956,6292,328,4333,1396,0.7177328007258912,0.6010754418128619,0.5523252582581842,460b6912ae3500758e2e32a629402837e2fa3d65d513a981261cef39381323af,d6cb15fc327b7e7414bf8cc828bd7b015f3d2626a904dfc138fa32d62af145fb,class_reliability_gamma_0p250,,0.25,
class_reliability_gamma_0p250,class_scaled_raw,True,0.025524592251460674,0.5828438130958371,0.35841059602649006,0.787085514834206,0.9203268641470889,3775,156,2143,1353,0.7177328007258912,0.6010754418128619,0.5523252582581842,460b6912ae3500758e2e32a629402837e2fa3d65d513a981261cef39381323af,c95659316791409d654f73854970ebf028e0bf4e6e18cdb8b296b83a27cedacb,class_reliability_gamma_0p250,,0.25,
class_reliability_gamma_0p250,class_scaled_raw,True,0.05,0.663439036798372,0.46049425687434736,0.7696335078534031,0.9514811031664965,2873,95,1365,1323,0.7177328007258912,0.6010754418128619,0.5523252582581842,460b6912ae3500758e2e32a629402837e2fa3d65d513a981261cef39381323af,238ee9fcd11a9ca01363c0d0b86a252d55a127aff41cfb66296b83321945e222,class_reliability_gamma_0p250,,0.25,
class_reliability_gamma_0p250,class_scaled_raw,True,0.07050714397808877,0.6932519625581377,0.5125148986889154,0.7504363001745201,0.958120531154239,2517,82,1065,1290,0.7177328007258912,0.6010754418128619,0.5523252582581842,460b6912ae3500758e2e32a629402837e2fa3d65d513a981261cef39381323af,a0629a87ea669e376b0e336cd51c965c934176380f25b73b38eb3a2fef347e3b,class_reliability_gamma_0p250,,0.25,
class_reliability_gamma_0p250,class_scaled_raw,True,0.1,0.7214331071822466,0.5701953657428441,0.7300756253635835,0.9662921348314607,2201,66,815,1255,0.7177328007258912,0.6010754418128619,0.5523252582581842,460b6912ae3500758e2e32a629402837e2fa3d65d513a981261cef39381323af,73ce59b9d63cc0ccb4dc6089635d1e8c6b9ac1b183e80e9846607c7fd98b3ad3,class_reliability_gamma_0p250,,0.25,
class_reliability_gamma_0p250,class_scaled_raw,True,0.15,0.7485932905080158,0.641640042598509,0.7009889470622455,0.9780388151174668,1878,43,578,1205,0.7177328007258912,0.6010754418128619,0.5523252582581842,460b6912ae3500758e2e32a629402837e2fa3d65d513a981261cef39381323af,c7b05c46f44c75f40bc8eee2e3a04b3f9b5995222e1c036a78fc7f3ef3c86a92,class_reliability_gamma_0p250,,0.25,
class_reliability_gamma_0p250,class_scaled_raw,True,0.2,0.762456235494363,0.6964607078584283,0.675392670157068,0.9821246169560777,1667,35,431,1161,0.7177328007258912,0.6010754418128619,0.5523252582581842,460b6912ae3500758e2e32a629402837e2fa3d65d513a981261cef39381323af,4f6450347e1ff7e4e7788d64a04e5088ea5792583383a81f11101804c160b2ef,class_reliability_gamma_0p250,,0.25,
class_reliability_gamma_0p250,class_scaled_raw,True,0.25,0.7669587169551948,0.7363216875411998,0.6497963932518906,0.9856996935648621,1517,28,336,1117,0.7177328007258912,0.6010754418128619,0.5523252582581842,460b6912ae3500758e2e32a629402837e2fa3d65d513a981261cef39381323af,d609613ad014d1c63c31842136c4f1a84017a8e423f9367441d61cc6251f2b40,class_reliability_gamma_0p250,,0.25,
class_reliability_gamma_0p250,class_scaled_raw,True,0.3,0.765709913997784,0.7651245551601423,0.6253635834787667,0.9882533197139939,1405,23,276,1075,0.7177328007258912,0.6010754418128619,0.5523252582581842,460b6912ae3500758e2e32a629402837e2fa3d65d513a981261cef39381323af,93f6a89df8d0f50656425cf744ee8d32c8fb9d26aab1c455397e1dacca391667,class_reliability_gamma_0p250,,0.25,
class_reliability_gamma_0p250,class_scaled_raw,True,0.35,0.7604492616124735,0.79765625,0.5939499709133217,0.9923391215526047,1280,15,215,1021,0.7177328007258912,0.6010754418128619,0.5523252582581842,460b6912ae3500758e2e32a629402837e2fa3d65d513a981261cef39381323af,03cf1cfadde481b7671af7d96081779464dba81a03d1c3b6de0a108a25a24d81,class_reliability_gamma_0p250,,0.25,
class_reliability_gamma_0p250,class_scaled_raw,True,0.3622381543555866,0.7608323265557927,0.8054011119936457,0.5898778359511344,0.9938712972420838,1259,12,204,1014,0.7177328007258912,0.6010754418128619,0.5523252582581842,460b6912ae3500758e2e32a629402837e2fa3d65d513a981261cef39381323af,888d8f598dda9e275f3570de21017ac86c11553e76a72151853a88aab4a8c156,class_reliability_gamma_0p250,,0.25,
class_reliability_gamma_0p250,class_scaled_raw,True,0.4,0.7563589790097706,0.8291032148900169,0.5700988947062245,0.9938712972420838,1182,12,166,980,0.7177328007258912,0.6010754418128619,0.5523252582581842,460b6912ae3500758e2e32a629402837e2fa3d65d513a981261cef39381323af,615a5a182a61d2a71d0397fd88a4f2c2f4bbf8519d2bcd19222917bc9a1a9c98,class_reliability_gamma_0p250,,0.25,
class_reliability_gamma_0p250,class_scaled_raw,True,0.5,0.73269073197378,0.8791208791208791,0.5119255381035486,0.9964249233912156,1001,7,98,880,0.7177328007258912,0.6010754418128619,0.5523252582581842,460b6912ae3500758e2e32a629402837e2fa3d65d513a981261cef39381323af,f26564171aead71e60fbb6db7cd3b321610f025959ff118474a703c457390903,class_reliability_gamma_0p250,,0.25,
class_reliability_gamma_0p250,class_scaled_raw,True,0.6,0.6861259173473951,0.9161603888213852,0.4386271087841768,0.9989785495403473,823,2,58,754,0.7177328007258912,0.6010754418128619,0.5523252582581842,460b6912ae3500758e2e32a629402837e2fa3d65d513a981261cef39381323af,def02e606f1a7896efb375dfb9a3d6391b438dd4bda4b83e1fb22d809ccfb0e4,class_reliability_gamma_0p250,,0.25,
class_reliability_gamma_0p250,class_scaled_raw,True,0.7,0.632100396301189,0.9508196721311475,0.3711460151250727,1.0,671,0,27,638,0.7177328007258912,0.6010754418128619,0.5523252582581842,460b6912ae3500758e2e32a629402837e2fa3d65d513a981261cef39381323af,94d700663c388cfac772ce1433ff999ef5333e05613928e28cda95c36ab57a7b,class_reliability_gamma_0p250,,0.25,
class_reliability_gamma_0p250,class_scaled_raw,True,0.7294153638669661,0.6136132746359634,0.9587301587301588,0.35136707388016286,1.0,630,0,21,604,0.7177328007258912,0.6010754418128619,0.5523252582581842,460b6912ae3500758e2e32a629402837e2fa3d65d513a981261cef39381323af,ca4a183f233d708492596066ea3289bf30e8ddd2d03e5a1e4acb2b2a77ae4b40,class_reliability_gamma_0p250,,0.25,
class_reliability_gamma_0p250,class_scaled_raw,True,0.8,0.5146110056925995,0.9741379310344828,0.2629435718440954,1.0,464,0,10,452,0.7177328007258912,0.6010754418128619,0.5523252582581842,460b6912ae3500758e2e32a629402837e2fa3d65d513a981261cef39381323af,dca0584e61bc517a26e21ac09da7b395f78ea25b0d3f057ca5cde14b16982434,class_reliability_gamma_0p250,,0.25,
class_reliability_gamma_0p250,class_scaled_raw,True,0.9,0.17827868852459014,0.9914529914529915,0.06748109365910412,1.0,117,0,1,116,0.7177328007258912,0.6010754418128619,0.5523252582581842,460b6912ae3500758e2e32a629402837e2fa3d65d513a981261cef39381323af,a5fedca0bed80f40144a4b2810cf852738a2649bad2ce75c3759b6d2a6324b74,class_reliability_gamma_0p250,,0.25,
class_reliability_gamma_0p250,class_scaled_raw,True,0.9605682492256165,0.0017431725740848344,1.0,0.0005817335660267597,1.0,1,0,0,1,0.7177328007258912,0.6010754418128619,0.5523252582581842,460b6912ae3500758e2e32a629402837e2fa3d65d513a981261cef39381323af,168f755b4eb4bcc1af3c9e81756acd8487ee02652353278a2dee0b5390752f1d,class_reliability_gamma_0p250,,0.25,
class_reliability_gamma_0p500,class_scaled_raw,True,0.0018149537404991605,0.3267646273805755,0.1501536505245311,0.8243164630599186,0.764555669050051,9437,461,7184,1417,0.7177328007258912,0.6010754418128619,0.5523252582581842,e4083fdcaa6e6571313e2b50bc9aef100ad49310cb3b50c9b3c8e513afb366fc,4aadfddc1973b7c300f0e2c8354e79b46bc40aab9f692c3401a3615ecaf3f28e,class_reliability_gamma_0p500,,0.5,
class_reliability_gamma_0p500,class_scaled_raw,True,0.005766064039615433,0.43263911229848695,0.22202797202797203,0.8126817917393834,0.8335035750766088,6292,326,4334,1397,0.7177328007258912,0.6010754418128619,0.5523252582581842,e4083fdcaa6e6571313e2b50bc9aef100ad49310cb3b50c9b3c8e513afb366fc,212c5984eb6bb6c4e6e2a79459b195a8a954f6e29039855960559eea47fa0513,class_reliability_gamma_0p500,,0.5,
class_reliability_gamma_0p500,class_scaled_raw,True,0.023401766978308744,0.5827762387643624,0.3581456953642384,0.7865037812681792,0.9223697650663942,3775,152,2145,1352,0.7177328007258912,0.6010754418128619,0.5523252582581842,e4083fdcaa6e6571313e2b50bc9aef100ad49310cb3b50c9b3c8e513afb366fc,6b1fef2064fcc9e4ceb4b59f99beb2312c73d4d88cb69da93689845b9212464c,class_reliability_gamma_0p500,,0.5,
class_reliability_gamma_0p500,class_scaled_raw,True,0.05,0.6722369235515296,0.47406340057636887,0.7655613728912158,0.9550561797752809,2776,88,1285,1316,0.7177328007258912,0.6010754418128619,0.5523252582581842,e4083fdcaa6e6571313e2b50bc9aef100ad49310cb3b50c9b3c8e513afb366fc,1a3103cb809de5b578db5cae22c5354141ad7afc35c2dd5e1fab56547d806de5,class_reliability_gamma_0p500,,0.5,
class_reliability_gamma_0p500,class_scaled_raw,True,0.06443834781646565,0.6935190186913749,0.5125148986889154,0.7504363001745201,0.9596527068437181,2517,79,1069,1290,0.7177328007258912,0.6010754418128619,0.5523252582581842,e4083fdcaa6e6571313e2b50bc9aef100ad49310cb3b50c9b3c8e513afb366fc,7e3b0b04f0320a7f242dff23fdba05e12218c6f1ea53c7371bbf5b876279576a,class_reliability_gamma_0p500,,0.5,
class_reliability_gamma_0p500,class_scaled_raw,True,0.1,0.7268947995510121,0.5839210155148096,0.7225130890052356,0.9703779366700716,2127,58,767,1242,0.7177328007258912,0.6010754418128619,0.5523252582581842,e4083fdcaa6e6571313e2b50bc9aef100ad49310cb3b50c9b3c8e513afb366fc,2c8450257759d81ac1babd136d7f28e78531c6c07d5918e3ab300464efb37144,class_reliability_gamma_0p500,,0.5,
class_reliability_gamma_0p500,class_scaled_raw,True,0.15,0.7553931273975457,0.6622222222222223,0.6934264107038977,0.9811031664964249,1800,37,525,1192,0.7177328007258912,0.6010754418128619,0.5523252582581842,e4083fdcaa6e6571313e2b50bc9aef100ad49310cb3b50c9b3c8e513afb366fc,fcacee1b4656b9257afd090411b46a3b88026a2f8bfb03e9ce2471f36de9b0ec,class_reliability_gamma_0p500,,0.5,
class_reliability_gamma_0p500,class_scaled_raw,True,0.2,0.7623266234306931,0.7061728395061728,0.6655031995346131,0.9836567926455567,1620,32,405,1144,0.7177328007258912,0.6010754418128619,0.5523252582581842,e4083fdcaa6e6571313e2b50bc9aef100ad49310cb3b50c9b3c8e513afb366fc,9d856c34b06537b3eb9a78bfe4d810c14ae28c48fc1da0f90c3ab1daac71f4f3,class_reliability_gamma_0p500,,0.5,
class_reliability_gamma_0p500,class_scaled_raw,True,0.25,0.7666658556087187,0.7498291182501708,0.6381617219313555,0.9877425944841676,1463,24,309,1097,0.7177328007258912,0.6010754418128619,0.5523252582581842,e4083fdcaa6e6571313e2b50bc9aef100ad49310cb3b50c9b3c8e513afb366fc,1ccabc0c1f40d5edbddd06514c9a05a4ba72077ecd26a0c5ac59e5d8cbc153b6,class_reliability_gamma_0p500,,0.5,
class_reliability_gamma_0p500,class_scaled_raw,True,0.3,0.7611915866680616,0.7773641102010425,0.6073298429319371,0.9918283963227783,1343,16,253,1044,0.7177328007258912,0.6010754418128619,0.5523252582581842,e4083fdcaa6e6571313e2b50bc9aef100ad49310cb3b50c9b3c8e513afb366fc,2f56e26863bfcf9c20e15c0ec98235730be4c86eda676a06f38ed9028dd1e61f,class_reliability_gamma_0p500,,0.5,
class_reliability_gamma_0p500,class_scaled_raw,True,0.3358714923290195,0.7598134726161624,0.8038125496425734,0.5887143688190809,0.9943820224719101,1259,11,206,1012,0.7177328007258912,0.6010754418128619,0.5523252582581842,e4083fdcaa6e6571313e2b50bc9aef100ad49310cb3b50c9b3c8e513afb366fc,2a874107042b4a51ce6332a5e1d8606d01668bed6b448fb0e72bbbcdf0850422,class_reliability_gamma_0p500,,0.5,
class_reliability_gamma_0p500,class_scaled_raw,True,0.35,0.7586202947513081,0.815359477124183,0.5805700988947062,0.9943820224719101,1224,11,188,998,0.7177328007258912,0.6010754418128619,0.5523252582581842,e4083fdcaa6e6571313e2b50bc9aef100ad49310cb3b50c9b3c8e513afb366fc,d90f0643bde2bd15eb0049c171ff2536ffc71d082e8f33789fbc4ce194b1b49e,class_reliability_gamma_0p500,,0.5,
class_reliability_gamma_0p500,class_scaled_raw,True,0.4,0.7473559199622067,0.8413547237076648,0.5491564863292612,0.9954034729315628,1122,9,147,944,0.7177328007258912,0.6010754418128619,0.5523252582581842,e4083fdcaa6e6571313e2b50bc9aef100ad49310cb3b50c9b3c8e513afb366fc,5dc55e1cb83d0ea604717eb3b928f1d971563528a77a7bb26acf3a715e0cc436,class_reliability_gamma_0p500,,0.5,
class_reliability_gamma_0p500,class_scaled_raw,True,0.5,0.7140659866431283,0.8939393939393939,0.48051192553810357,0.998467824310521,924,3,82,826,0.7177328007258912,0.6010754418128619,0.5523252582581842,e4083fdcaa6e6571313e2b50bc9aef100ad49310cb3b50c9b3c8e513afb366fc,1b8c5071aebc7fd7351c97d26bd6796560bbe1a9b02ef126f3a9f61e023d0f04,class_reliability_gamma_0p500,,0.5,
class_reliability_gamma_0p500,class_scaled_raw,True,0.6,0.6663524976437323,0.9339498018494056,0.41128563118091915,1.0,757,0,44,707,0.7177328007258912,0.6010754418128619,0.5523252582581842,e4083fdcaa6e6571313e2b50bc9aef100ad49310cb3b50c9b3c8e513afb366fc,ad23732af1e9911b57641515d0090e7e85cb9a984eb99a58d05d03b918db6c6c,class_reliability_gamma_0p500,,0.5,
class_reliability_gamma_0p500,class_scaled_raw,True,0.6821004961617245,0.6119959335818367,0.9555555555555556,0.35020360674810935,1.0,630,0,24,602,0.7177328007258912,0.6010754418128619,0.5523252582581842,e4083fdcaa6e6571313e2b50bc9aef100ad49310cb3b50c9b3c8e513afb366fc,c94a80e04ac5e16b883d041d88d37d173ff9a4b63efe1d9f6fd022d36b16aa19,class_reliability_gamma_0p500,,0.5,
class_reliability_gamma_0p500,class_scaled_raw,True,0.7,0.5973084886128365,0.9584717607973422,0.3356602675974404,1.0,602,0,21,577,0.7177328007258912,0.6010754418128619,0.5523252582581842,e4083fdcaa6e6571313e2b50bc9aef100ad49310cb3b50c9b3c8e513afb366fc,893cd07a76d5b96cf9ecac99ea0d9fc32fdb06d15cf51061a35846365addb1e0,class_reliability_gamma_0p500,,0.5,
class_reliability_gamma_0p500,class_scaled_raw,True,0.8,0.41435768261964734,0.9850299401197605,0.19139034322280396,1.0,334,0,5,329,0.7177328007258912,0.6010754418128619,0.5523252582581842,e4083fdcaa6e6571313e2b50bc9aef100ad49310cb3b50c9b3c8e513afb366fc,46bf7c185186c067bf821ce094691eac0a47525b88124b708f23d9c4b5d7b72b,class_reliability_gamma_0p500,,0.5,
class_reliability_gamma_0p500,class_scaled_raw,True,0.9,0.032441661923733635,1.0,0.011052937754508435,1.0,19,0,0,19,0.7177328007258912,0.6010754418128619,0.5523252582581842,e4083fdcaa6e6571313e2b50bc9aef100ad49310cb3b50c9b3c8e513afb366fc,9e0960c22df2c0a15909cb8c2d9725fda0c6ef8e5102f287b81b491118e73a01,class_reliability_gamma_0p500,,0.5,
class_reliability_gamma_0p500,class_scaled_raw,True,0.9605682492256165,0.0017431725740848344,1.0,0.0005817335660267597,1.0,1,0,0,1,0.7177328007258912,0.6010754418128619,0.5523252582581842,e4083fdcaa6e6571313e2b50bc9aef100ad49310cb3b50c9b3c8e513afb366fc,168f755b4eb4bcc1af3c9e81756acd8487ee02652353278a2dee0b5390752f1d,class_reliability_gamma_0p500,,0.5,
class_reliability_gamma_0p750,class_scaled_raw,True,0.0016308166926243882,0.32685775820840224,0.1501536505245311,0.8243164630599186,0.7660878447395301,9437,458,7191,1417,0.7177328007258912,0.6010754418128619,0.5523252582581842,90db2216aa2893ca85d24b7ef4d562d2e759477d56a912c3897598fc8d2fe680,d939d2d968d51bee32c2072457de99bba78a2cbc6199036f381fd918dd0d1112,class_reliability_gamma_0p750,,0.75,
class_reliability_gamma_0p750,class_scaled_raw,True,0.005166986456477909,0.43259322179670784,0.22202797202797203,0.8126817917393834,0.8329928498467825,6292,327,4334,1397,0.7177328007258912,0.6010754418128619,0.5523252582581842,90db2216aa2893ca85d24b7ef4d562d2e759477d56a912c3897598fc8d2fe680,06301985a6e353c4bd3d00b6f4261c815fb39497d3ed5e06af751414fbd6f0b4,class_reliability_gamma_0p750,,0.75,
class_reliability_gamma_0p750,class_scaled_raw,True,0.02137472875154974,0.5829802513464991,0.35841059602649006,0.787085514834206,0.9213483146067416,3775,154,2146,1353,0.7177328007258912,0.6010754418128619,0.5523252582581842,90db2216aa2893ca85d24b7ef4d562d2e759477d56a912c3897598fc8d2fe680,4910a7e8d47b6db1c9a5b25fc4b9c8b70a734c2a9eed2ca1b496af4e74288e64,class_reliability_gamma_0p750,,0.75,
class_reliability_gamma_0p750,class_scaled_raw,True,0.05,0.6777422397675543,0.48474702380952384,0.7579988365328679,0.9576098059244127,2688,83,1216,1303,0.7177328007258912,0.6010754418128619,0.5523252582581842,90db2216aa2893ca85d24b7ef4d562d2e759477d56a912c3897598fc8d2fe680,4a0fd9609847e9e0395d5d4656559a843b560c14c1aa743e835d0199526d694c,class_reliability_gamma_0p750,,0.75,
class_reliability_gamma_0p750,class_scaled_raw,True,0.059192184387166204,0.6941049348428031,0.512912197059992,0.7510180337405469,0.9606741573033708,2517,77,1069,1291,0.7177328007258912,0.6010754418128619,0.5523252582581842,90db2216aa2893ca85d24b7ef4d562d2e759477d56a912c3897598fc8d2fe680,62f5bded6c3a31ae83edeccc781b9f15367eb52fd826a5a63725dc0f28428bf5,class_reliability_gamma_0p750,,0.75,
class_reliability_gamma_0p750,class_scaled_raw,True,0.1,0.7343608431570797,0.6012689116642265,0.716695753344968,0.973953013278856,2049,51,710,1232,0.7177328007258912,0.6010754418128619,0.5523252582581842,90db2216aa2893ca85d24b7ef4d562d2e759477d56a912c3897598fc8d2fe680,da495a444058968b7bd8ad14733d87d3357d61831a52047a41e9c37753eae9ec,class_reliability_gamma_0p750,,0.75,
class_reliability_gamma_0p750,class_scaled_raw,True,0.15,0.7568096166457892,0.674712643678161,0.682955206515416,0.982635342185904,1740,34,490,1174,0.7177328007258912,0.6010754418128619,0.5523252582581842,90db2216aa2893ca85d24b7ef4d562d2e759477d56a912c3897598fc8d2fe680,b7f6673169abc50d2d576535f4320b5f34223e4e4c4a8052e84a1855aaa6bbd6,class_reliability_gamma_0p750,,0.75,
class_reliability_gamma_0p750,class_scaled_raw,True,0.2,0.7625124798420613,0.721184803605924,0.6515415939499709,0.9872318692543411,1553,25,370,1120,0.7177328007258912,0.6010754418128619,0.5523252582581842,90db2216aa2893ca85d24b7ef4d562d2e759477d56a912c3897598fc8d2fe680,339f6ce36b271627770502380d3285fbfae9f1316a35a31df62c923982205639,class_reliability_gamma_0p750,,0.75,
class_reliability_gamma_0p750,class_scaled_raw,True,0.25,0.7662199448649853,0.7651245551601423,0.6253635834787667,0.9908069458631257,1405,18,280,1075,0.7177328007258912,0.6010754418128619,0.5523252582581842,90db2216aa2893ca85d24b7ef4d562d2e759477d56a912c3897598fc8d2fe680,00a7f50a029bc0aa0594d9d68c5660e7ebcb4fb19ffa09fbce7dafb4c35ab1fc,class_reliability_gamma_0p750,,0.75,
class_reliability_gamma_0p750,class_scaled_raw,True,0.3,0.7587948225329202,0.7929961089494163,0.5927865037812682,0.9943820224719101,1285,11,226,1019,0.7177328007258912,0.6010754418128619,0.5523252582581842,90db2216aa2893ca85d24b7ef4d562d2e759477d56a912c3897598fc8d2fe680,c4dff261837f8622013610acc49ab4afb23f36293e22314ed2902dd6e7a6f3bd,class_reliability_gamma_0p750,,0.75,
class_reliability_gamma_0p750,class_scaled_raw,True,0.3106229068825819,0.7592537592070873,0.8030182684670373,0.5881326352530541,0.9943820224719101,1259,11,208,1011,0.7177328007258912,0.6010754418128619,0.5523252582581842,90db2216aa2893ca85d24b7ef4d562d2e759477d56a912c3897598fc8d2fe680,8e86a15a2cdc0323782efa45408f5eb8dfc45d5df1dfc8abffa48e23a89ae0f2,class_reliability_gamma_0p750,,0.75,
class_reliability_gamma_0p750,class_scaled_raw,True,0.35,0.7536058852964156,0.8323301805674979,0.5631180919139034,0.9964249233912156,1163,7,164,968,0.7177328007258912,0.6010754418128619,0.5523252582581842,90db2216aa2893ca85d24b7ef4d562d2e759477d56a912c3897598fc8d2fe680,ea06afc90ce40b1751544b31ea113c396653c947e11ddc0a37f32f1f9144c23a,class_reliability_gamma_0p750,,0.75,
class_reliability_gamma_0p750,class_scaled_raw,True,0.4,0.7426483015041405,0.8587464920486436,0.5340314136125655,0.9974463738508682,1069,5,127,918,0.7177328007258912,0.6010754418128619,0.5523252582581842,90db2216aa2893ca85d24b7ef4d562d2e759477d56a912c3897598fc8d2fe680,ecba6df97f8cb87f423561baced234a833e85038711cd17e56bae11274488e61,class_reliability_gamma_0p750,,0.75,
class_reliability_gamma_0p750,class_scaled_raw,True,0.5,0.693643521389567,0.9023255813953488,0.4514252472367656,0.998467824310521,860,3,73,776,0.7177328007258912,0.6010754418128619,0.5523252582581842,90db2216aa2893ca85d24b7ef4d562d2e759477d56a912c3897598fc8d2fe680,f8f913d4370bdd43cf1136459960d917d6fff32732f367c474f1fb01503c75bb,class_reliability_gamma_0p750,,0.75,
class_reliability_gamma_0p750,class_scaled_raw,True,0.6,0.6430659304969146,0.9428571428571428,0.38394415357766143,1.0,700,0,34,660,0.7177328007258912,0.6010754418128619,0.5523252582581842,90db2216aa2893ca85d24b7ef4d562d2e759477d56a912c3897598fc8d2fe680,1206b18d1d448c856b44b7015773485849295e3fab1019000a1df29577b8bf19,class_reliability_gamma_0p750,,0.75,
class_reliability_gamma_0p750,class_scaled_raw,True,0.6406612242873246,0.6095658073270014,0.9507936507936507,0.3484584060500291,1.0,630,0,27,599,0.7177328007258912,0.6010754418128619,0.5523252582581842,90db2216aa2893ca85d24b7ef4d562d2e759477d56a912c3897598fc8d2fe680,d8873147f40b28580bb0a93110df8c80c7e39f232bc22bace464d4531303798a,class_reliability_gamma_0p750,,0.75,
class_reliability_gamma_0p750,class_scaled_raw,True,0.7,0.5386036202438124,0.9681274900398407,0.28272251308900526,1.0,502,0,13,486,0.7177328007258912,0.6010754418128619,0.5523252582581842,90db2216aa2893ca85d24b7ef4d562d2e759477d56a912c3897598fc8d2fe680,f9e169e1bcf8c1c2e86d1ffc1cc6d7c837b25aadfc8f6b4ff0a02d0c4a0e34d7,class_reliability_gamma_0p750,,0.75,
class_reliability_gamma_0p750,class_scaled_raw,True,0.8,0.3140495867768595,0.987012987012987,0.13263525305410123,1.0,231,0,3,228,0.7177328007258912,0.6010754418128619,0.5523252582581842,90db2216aa2893ca85d24b7ef4d562d2e759477d56a912c3897598fc8d2fe680,c992783239920d393ed4c3ed9bb2650f965692270815507dd5c7f46b15633de7,class_reliability_gamma_0p750,,0.75,
class_reliability_gamma_0p750,class_scaled_raw,True,0.9,0.029092983456930975,1.0,0.009889470622454915,1.0,17,0,0,17,0.7177328007258912,0.6010754418128619,0.5523252582581842,90db2216aa2893ca85d24b7ef4d562d2e759477d56a912c3897598fc8d2fe680,c5762cf3d9dbbd96f599fb6123006bf72a5fa89d38c947b1400fae9e0dc3519f,class_reliability_gamma_0p750,,0.75,
class_reliability_gamma_0p750,class_scaled_raw,True,0.9605682492256165,0.0017431725740848344,1.0,0.0005817335660267597,1.0,1,0,0,1,0.7177328007258912,0.6010754418128619,0.5523252582581842,90db2216aa2893ca85d24b7ef4d562d2e759477d56a912c3897598fc8d2fe680,168f755b4eb4bcc1af3c9e81756acd8487ee02652353278a2dee0b5390752f1d,class_reliability_gamma_0p750,,0.75,
class_reliability_gamma_1p000,class_scaled_raw,True,0.001464990523272366,0.3269623580169735,0.15025961640351806,0.8248981966259453,0.764555669050051,9437,461,7191,1418,0.7177328007258912,0.6010754418128619,0.5523252582581842,786a8e0650f20e75f1a0920708339cbd22979ba41d7d3a1e9a686b47f8660fc1,a1656172a1d702e7d08cdd03bb3f3e2f9ef5ceebfbb5e9715b20d2acdf593abe,class_reliability_gamma_1p000,,1.0,
class_reliability_gamma_1p000,class_scaled_raw,True,0.004659779153689491,0.4328951892186038,0.2221869040050858,0.8132635253054101,0.8335035750766088,6292,326,4339,1398,0.7177328007258912,0.6010754418128619,0.5523252582581842,786a8e0650f20e75f1a0920708339cbd22979ba41d7d3a1e9a686b47f8660fc1,75e825d0a649b27c158afda3834d6c4d4847fedf6bf2e766987654c7fb7593e9,class_reliability_gamma_1p000,,1.0,
class_reliability_gamma_1p000,class_scaled_raw,True,0.019587990210074978,0.5825720881345487,0.3581456953642384,0.7865037812681792,0.9208375893769152,3775,155,2147,1352,0.7177328007258912,0.6010754418128619,0.5523252582581842,786a8e0650f20e75f1a0920708339cbd22979ba41d7d3a1e9a686b47f8660fc1,b7297287748a4f69a1a9c9948861dbbf2829e72cce341679a86be46dc4e7a348,class_reliability_gamma_1p000,,1.0,
class_reliability_gamma_1p000,class_scaled_raw,True,0.05,0.6853912340504993,0.49769408147578786,0.7533449680046539,0.9611848825331971,2602,76,1149,1295,0.7177328007258912,0.6010754418128619,0.5523252582581842,786a8e0650f20e75f1a0920708339cbd22979ba41d7d3a1e9a686b47f8660fc1,362c8673a303cc27f6284e41831608803888471f206032785b5d0762a4be6246,class_reliability_gamma_1p000,,1.0,
class_reliability_gamma_1p000,class_scaled_raw,True,0.05430503239591029,0.6938189977288619,0.5121176003178387,0.7498545666084933,0.9637385086823289,2517,71,1079,1289,0.7177328007258912,0.6010754418128619,0.5523252582581842,786a8e0650f20e75f1a0920708339cbd22979ba41d7d3a1e9a686b47f8660fc1,5776a84ab5b53c8a3057a00ccc240576be4297bab89976c94768a8a8baf4ee27,class_reliability_gamma_1p000,,1.0,
class_reliability_gamma_1p000,class_scaled_raw,True,0.1,0.7390996680066557,0.6148036253776435,0.7102966841186736,0.9759959141981613,1986,47,664,1221,0.7177328007258912,0.6010754418128619,0.5523252582581842,786a8e0650f20e75f1a0920708339cbd22979ba41d7d3a1e9a686b47f8660fc1,2bae7cb6e7343906f01d1c6bf299221f506b573774f5cfc86011d5728c74859a,class_reliability_gamma_1p000,,1.0,
class_reliability_gamma_1p000,class_scaled_raw,True,0.15,0.7574464701209284,0.6866825208085613,0.6719022687609075,0.984167517875383,1682,31,455,1155,0.7177328007258912,0.6010754418128619,0.5523252582581842,786a8e0650f20e75f1a0920708339cbd22979ba41d7d3a1e9a686b47f8660fc1,531c779eeca45ffced68c8998a15836049a66e14b08683a0955c9c3e54958ecd,class_reliability_gamma_1p000,,1.0,
class_reliability_gamma_1p000,class_scaled_raw,True,0.2,0.7637974695012842,0.7366310160427807,0.6410703897614892,0.9897854954034729,1496,20,339,1102,0.7177328007258912,0.6010754418128619,0.5523252582581842,786a8e0650f20e75f1a0920708339cbd22979ba41d7d3a1e9a686b47f8660fc1,6feb738ec64d20fc7fe703ed1fed392cb562ef494c946f90a4265985a5aaf028,class_reliability_gamma_1p000,,1.0,
class_reliability_gamma_1p000,class_scaled_raw,True,0.25,0.7613069593949376,0.7767857142857143,0.6073298429319371,0.9933605720122574,1344,13,258,1044,0.7177328007258912,0.6010754418128619,0.5523252582581842,786a8e0650f20e75f1a0920708339cbd22979ba41d7d3a1e9a686b47f8660fc1,e16335e97b6ce79900ada74d8432ba3e5abc07f53e6ed94fd5867517080fe89c,class_reliability_gamma_1p000,,1.0,
class_reliability_gamma_1p000,class_scaled_raw,True,0.28702476927338066,0.7555241639783196,0.7974583002382843,0.5840605002908668,0.9954034729315628,1259,9,218,1004,0.7177328007258912,0.6010754418128619,0.5523252582581842,786a8e0650f20e75f1a0920708339cbd22979ba41d7d3a1e9a686b47f8660fc1,8681eb2e8988886db0a3cde90e7830bfdd46eb4cac2f792bf719affbbd899e68,class_reliability_gamma_1p000,,1.0,
class_reliability_gamma_1p000,class_scaled_raw,True,0.3,0.7563744369864487,0.8131147540983606,0.5770796974985457,0.9964249233912156,1220,7,194,992,0.7177328007258912,0.6010754418128619,0.5523252582581842,786a8e0650f20e75f1a0920708339cbd22979ba41d7d3a1e9a686b47f8660fc1,8900d7d5035bc131813678c8db858d5331eb3e580d6f999c1b5f24aacbb5a74f,class_reliability_gamma_1p000,,1.0,
class_reliability_gamma_1p000,class_scaled_raw,True,0.35,0.7427216812661512,0.8444040036396724,0.539848749272833,0.9974463738508682,1099,5,143,928,0.7177328007258912,0.6010754418128619,0.5523252582581842,786a8e0650f20e75f1a0920708339cbd22979ba41d7d3a1e9a686b47f8660fc1,0222fb076819aa17f91118b05101e05b2978b53657fb2b1208779c6b5bcde507,class_reliability_gamma_1p000,,1.0,
class_reliability_gamma_1p000,class_scaled_raw,True,0.4,0.7233454576760003,0.8722109533468559,0.5002908667830134,0.9979570990806946,986,4,106,860,0.7177328007258912,0.6010754418128619,0.5523252582581842,786a8e0650f20e75f1a0920708339cbd22979ba41d7d3a1e9a686b47f8660fc1,ceb463da8eea3947564ceb0d4b45b1d6514c1b31be14361d18b87993d242a1c8,class_reliability_gamma_1p000,,1.0,
class_reliability_gamma_1p000,class_scaled_raw,True,0.5,0.6781107166234355,0.9112207151664612,0.42990110529377545,0.9994892747701737,811,1,63,739,0.7177328007258912,0.6010754418128619,0.5523252582581842,786a8e0650f20e75f1a0920708339cbd22979ba41d7d3a1e9a686b47f8660fc1,265c27d792a6664cdb8b71b9dd71b9f32d284099783cb555eb2d7b2b5e1fedbe,class_reliability_gamma_1p000,,1.0,
class_reliability_gamma_1p000,class_scaled_raw,True,0.5999418602389921,0.6071307300509338,0.946031746031746,0.3467132053519488,1.0,630,0,30,596,0.7177328007258912,0.6010754418128619,0.5523252582581842,786a8e0650f20e75f1a0920708339cbd22979ba41d7d3a1e9a686b47f8660fc1,5880b4cb50ce3facae85fd91d7737c95d3ac62a368f0b249fef2f721f8c99bce,class_reliability_gamma_1p000,,1.0,
class_reliability_gamma_1p000,class_scaled_raw,True,0.6,0.6065239551478083,0.9459459459459459,0.3461314717859221,1.0,629,0,30,595,0.7177328007258912,0.6010754418128619,0.5523252582581842,786a8e0650f20e75f1a0920708339cbd22979ba41d7d3a1e9a686b47f8660fc1,b2afa9cc356eda8f7bcf967187651ef8895c5785567b03b30fbacad0e71f0100,class_reliability_gamma_1p000,,1.0,
class_reliability_gamma_1p000,class_scaled_raw,True,0.7,0.4795758051846033,0.969047619047619,0.2367655613728912,1.0,420,0,10,407,0.7177328007258912,0.6010754418128619,0.5523252582581842,786a8e0650f20e75f1a0920708339cbd22979ba41d7d3a1e9a686b47f8660fc1,f099e07c2cbce0ed577f82a1bfffed8fde729d525760ebd89c55b2e0c2f70c1a,class_reliability_gamma_1p000,,1.0,
class_reliability_gamma_1p000,class_scaled_raw,True,0.8,0.1276595744680851,0.9876543209876543,0.04653868528214078,1.0,81,0,1,80,0.7177328007258912,0.6010754418128619,0.5523252582581842,786a8e0650f20e75f1a0920708339cbd22979ba41d7d3a1e9a686b47f8660fc1,469c3f3f55c026c700ed6868bfd2d26f47f772ea978653b1dd9f74041a6744bc,class_reliability_gamma_1p000,,1.0,
class_reliability_gamma_1p000,class_scaled_raw,True,0.9,0.02741290691033695,1.0,0.009307737056428156,1.0,16,0,0,16,0.7177328007258912,0.6010754418128619,0.5523252582581842,786a8e0650f20e75f1a0920708339cbd22979ba41d7d3a1e9a686b47f8660fc1,ec0fc8f3adf0d24b138a6f24516f956c0350fe2d29d25df70cd6903d6fbd0507,class_reliability_gamma_1p000,,1.0,
class_reliability_gamma_1p000,class_scaled_raw,True,0.9605682492256165,0.0017431725740848344,1.0,0.0005817335660267597,1.0,1,0,0,1,0.7177328007258912,0.6010754418128619,0.5523252582581842,786a8e0650f20e75f1a0920708339cbd22979ba41d7d3a1e9a686b47f8660fc1,168f755b4eb4bcc1af3c9e81756acd8487ee02652353278a2dee0b5390752f1d,class_reliability_gamma_1p000,,1.0,
raw_light_geom_gate_0p050,light_geometry_gate,False,0.002161058652880393,0.32648330438996104,0.1501536505245311,0.8243164630599186,0.7599591419816139,9437,470,7169,1417,0.7180064869667028,0.6013164083887798,0.5524962337441105,2d0e28a5746acf741d03accc0a8f5436b3bfadf251985235c00d2f2974358e10,bbd0c8e8e94e18d15db7d45dcfb291b76c0d0c8626020abc6efbd4f54769cc0e,raw_light_geom_gate_0p050,,,0.05
raw_light_geom_gate_0p050,light_geometry_gate,False,0.006763338557344465,0.43259322179670784,0.22202797202797203,0.8126817917393834,0.8329928498467825,6292,327,4330,1397,0.7180064869667028,0.6013164083887798,0.5524962337441105,2d0e28a5746acf741d03accc0a8f5436b3bfadf251985235c00d2f2974358e10,e989fac21125b35d1c6a4b5fdfd2b7c68834c4c8822da36f1642a4c30bf663a7,raw_light_geom_gate_0p050,,,0.05
raw_light_geom_gate_0p050,light_geometry_gate,False,0.026895709880472022,0.5829802513464991,0.35841059602649006,0.787085514834206,0.9213483146067416,3775,154,2143,1353,0.7180064869667028,0.6013164083887798,0.5524962337441105,2d0e28a5746acf741d03accc0a8f5436b3bfadf251985235c00d2f2974358e10,52a0bbb9f3a6c3119e050625a7a846558f3616c9b9a232d9acc3ae5527f1c6fa,raw_light_geom_gate_0p050,,,0.05
raw_light_geom_gate_0p050,light_geometry_gate,False,0.05,0.657943813730792,0.45228357191547375,0.7719604421175101,0.949438202247191,2934,99,1414,1327,0.7180064869667028,0.6013164083887798,0.5524962337441105,2d0e28a5746acf741d03accc0a8f5436b3bfadf251985235c00d2f2974358e10,6f8a2d753c9147e86f3efcf36060facffa2240c66ce0e4cef60ded56595784b5,raw_light_geom_gate_0p050,,,0.05
raw_light_geom_gate_0p050,light_geometry_gate,False,0.07518896411965531,0.6947923245099918,0.5141040921732221,0.7527632344386271,0.9576098059244127,2517,83,1060,1294,0.7180064869667028,0.6013164083887798,0.5524962337441105,2d0e28a5746acf741d03accc0a8f5436b3bfadf251985235c00d2f2974358e10,36b90eee5d29e90fc5046abadb5911e89bc6b16bc47fd54a55a11887e48dbf2c,raw_light_geom_gate_0p050,,,0.05
raw_light_geom_gate_0p050,light_geometry_gate,False,0.1,0.716844000096326,0.5601420328450954,0.7341477603257708,0.9637385086823289,2253,71,852,1262,0.7180064869667028,0.6013164083887798,0.5524962337441105,2d0e28a5746acf741d03accc0a8f5436b3bfadf251985235c00d2f2974358e10,cd1ed0f3b1793b87b8f27460b7752270179c1637792e663c2e814a2ced7b0554,raw_light_geom_gate_0p050,,,0.05
raw_light_geom_gate_0p050,light_geometry_gate,False,0.15,0.7452108977199032,0.6306493506493507,0.7062245491564864,0.9765066394279878,1925,46,613,1214,0.7180064869667028,0.6013164083887798,0.5524962337441105,2d0e28a5746acf741d03accc0a8f5436b3bfadf251985235c00d2f2974358e10,21c8688d88cfd2cf784366636fb6cbdfe73db96fd813da00368249a7bf7d1cd4,raw_light_geom_gate_0p050,,,0.05
raw_light_geom_gate_0p050,light_geometry_gate,False,0.2,0.7590352667516396,0.6821885913853318,0.6817917393833625,0.9805924412665986,1718,38,465,1172,0.7180064869667028,0.6013164083887798,0.5524962337441105,2d0e28a5746acf741d03accc0a8f5436b3bfadf251985235c00d2f2974358e10,f6f841316d204907057d38b3107a3c7f64b8aef4354cdbd0113f71b9659bb2f7,raw_light_geom_gate_0p050,,,0.05
raw_light_geom_gate_0p050,light_geometry_gate,False,0.25,0.7648603374323062,0.72400513478819,0.6561954624781849,0.9831460674157303,1558,33,358,1128,0.7180064869667028,0.6013164083887798,0.5524962337441105,2d0e28a5746acf741d03accc0a8f5436b3bfadf251985235c00d2f2974358e10,4405190f8d87e2a07deca0b7d5c130220adaf7fa0c583aa6b3c9792b01e53264,raw_light_geom_gate_0p050,,,0.05
raw_light_geom_gate_0p050,light_geometry_gate,False,0.3,0.7668271265980479,0.7530949105914718,0.6369982547993019,0.9856996935648621,1454,28,298,1095,0.7180064869667028,0.6013164083887798,0.5524962337441105,2d0e28a5746acf741d03accc0a8f5436b3bfadf251985235c00d2f2974358e10,18a6d7ea9b2f8e0af61855568fcf06699ee34758f3421f921b2f763fac99b20f,raw_light_geom_gate_0p050,,,0.05
raw_light_geom_gate_0p050,light_geometry_gate,False,0.35,0.7664123408040593,0.782962962962963,0.6148923792902851,0.9892747701736466,1350,21,243,1057,0.7180064869667028,0.6013164083887798,0.5524962337441105,2d0e28a5746acf741d03accc0a8f5436b3bfadf251985235c00d2f2974358e10,538bb06f63c33683583dfc95085799eb3ef5d791b55bf8efea57a061e8daeb7b,raw_light_geom_gate_0p050,,,0.05
raw_light_geom_gate_0p050,light_geometry_gate,False,0.388637087780845,0.761347752595457,0.806989674344718,0.5910413030831879,0.9908069458631257,1259,18,200,1016,0.7180064869667028,0.6013164083887798,0.5524962337441105,2d0e28a5746acf741d03accc0a8f5436b3bfadf251985235c00d2f2974358e10,8a47cc8823218e6dd23d359d7764c471b8a6dd3a6784d7716358e1454464e092,raw_light_geom_gate_0p050,,,0.05
raw_light_geom_gate_0p050,light_geometry_gate,False,0.4,0.75954086991107,0.8096385542168675,0.5863874345549738,0.9908069458631257,1245,18,195,1008,0.7180064869667028,0.6013164083887798,0.5524962337441105,2d0e28a5746acf741d03accc0a8f5436b3bfadf251985235c00d2f2974358e10,7cda63fc487fd606e5589f1e6e2516f60c6fe1a67b991d327e1db83b7e538bd4,raw_light_geom_gate_0p050,,,0.05
raw_light_geom_gate_0p050,light_geometry_gate,False,0.5,0.7414733014365724,0.8578110383536015,0.5334496800465387,0.9943820224719101,1069,11,121,917,0.7180064869667028,0.6013164083887798,0.5524962337441105,2d0e28a5746acf741d03accc0a8f5436b3bfadf251985235c00d2f2974358e10,24f09ddfbf88f1db52f587a4307da34296bc069ea1acd65f6b5abc69b29fd7ff,raw_light_geom_gate_0p050,,,0.05
raw_light_geom_gate_0p050,light_geometry_gate,False,0.6,0.7018654086783931,0.89086859688196,0.4653868528214078,0.9969356486210419,898,6,79,800,0.7180064869667028,0.6013164083887798,0.5524962337441105,2d0e28a5746acf741d03accc0a8f5436b3bfadf251985235c00d2f2974358e10,e9cebcc2249ae8c5f3bf2bbc01f81f51599d029c4b7cd274ebaaa093b16919fe,raw_light_geom_gate_0p050,,,0.05
raw_light_geom_gate_0p050,light_geometry_gate,False,0.7,0.6653310200440358,0.9374167776298269,0.40954043048283884,0.9994892747701737,751,1,40,704,0.7180064869667028,0.6013164083887798,0.5524962337441105,2d0e28a5746acf741d03accc0a8f5436b3bfadf251985235c00d2f2974358e10,864bb9e679dfaa204754072bd551a2203d68110faccb52d26f250afec3c2a8da,raw_light_geom_gate_0p050,,,0.05
raw_light_geom_gate_0p050,light_geometry_gate,False,0.7820063299061797,0.613549148949975,0.9587301587301588,0.35136707388016286,0.9994892747701737,630,1,20,604,0.7180064869667028,0.6013164083887798,0.5524962337441105,2d0e28a5746acf741d03accc0a8f5436b3bfadf251985235c00d2f2974358e10,54e9c8410493045ccdbb798963e7bd0c6ddbd810b5967a03c6ef938d57046ccb,raw_light_geom_gate_0p050,,,0.05
raw_light_geom_gate_0p050,light_geometry_gate,False,0.8,0.5920043435672027,0.9659284497444633,0.3298429319371728,0.9994892747701737,587,1,16,567,0.7180064869667028,0.6013164083887798,0.5524962337441105,2d0e28a5746acf741d03accc0a8f5436b3bfadf251985235c00d2f2974358e10,ed87c718d547ddcaffdd7e17d8aca34d65d3c0405ae04b64e6eb04976a8b6a53,raw_light_geom_gate_0p050,,,0.05
raw_light_geom_gate_0p050,light_geometry_gate,False,0.9,0.38471502590673573,0.99,0.17277486910994763,1.0,300,0,3,297,0.7180064869667028,0.6013164083887798,0.5524962337441105,2d0e28a5746acf741d03accc0a8f5436b3bfadf251985235c00d2f2974358e10,6ab23ab958bc1363b3bf92c51605f638f30539be3c1fddd9641a908417953c2b,raw_light_geom_gate_0p050,,,0.05
raw_light_geom_gate_0p050,light_geometry_gate,False,0.9801821748400378,0.0017431725740848344,1.0,0.0005817335660267597,1.0,1,0,0,1,0.7180064869667028,0.6013164083887798,0.5524962337441105,2d0e28a5746acf741d03accc0a8f5436b3bfadf251985235c00d2f2974358e10,d4edf9b6d6567b3384c75a9b83af060ac270bca48378b1ccdd62d322102bbbfe,raw_light_geom_gate_0p050,,,0.05
raw_light_geom_gate_0p100,light_geometry_gate,False,0.0020517076756527567,0.32645186619042943,0.1501536505245311,0.8243164630599186,0.7594484167517875,9437,471,7168,1417,0.7182072660234367,0.6015992685867878,0.552684465572969,b8738ec250a477d3afc635b4a63bdba1de7eae63f23b3e2ab45e8c38f6a97607,f0198489c9a879ffe161f9aabca69e44f2d81e565f1b47b35d8fd51d61bf32fd,raw_light_geom_gate_0p100,,,0.1
raw_light_geom_gate_0p100,light_geometry_gate,False,0.006437699206021108,0.43259322179670784,0.22202797202797203,0.8126817917393834,0.8329928498467825,6292,327,4330,1397,0.7182072660234367,0.6015992685867878,0.552684465572969,b8738ec250a477d3afc635b4a63bdba1de7eae63f23b3e2ab45e8c38f6a97607,5c5674bca68618f15935a08f94446da0340e2bf4523fd6d6fa949008f8375dac,raw_light_geom_gate_0p100,,,0.1
raw_light_geom_gate_0p100,light_geometry_gate,False,0.02578342502263353,0.5829802513464991,0.35841059602649006,0.787085514834206,0.9213483146067416,3775,154,2143,1353,0.7182072660234367,0.6015992685867878,0.552684465572969,b8738ec250a477d3afc635b4a63bdba1de7eae63f23b3e2ab45e8c38f6a97607,ed7d1e8049a6b0d52ea8f96f8f321d2f3142aa5673c00c6f5e27485d0dc6252e,raw_light_geom_gate_0p100,,,0.1
raw_light_geom_gate_0p100,light_geometry_gate,False,0.05,0.6614522948453163,0.4580443828016644,0.7684700407213496,0.9514811031664965,2884,95,1374,1321,0.7182072660234367,0.6015992685867878,0.552684465572969,b8738ec250a477d3afc635b4a63bdba1de7eae63f23b3e2ab45e8c38f6a97607,84e023680acb0965bf0ef02cff2ecfb6c247a2035ceb5c0ee01debe5c1fc3017,raw_light_geom_gate_0p100,,,0.1
raw_light_geom_gate_0p100,light_geometry_gate,False,0.07269445784193031,0.6947923245099918,0.5141040921732221,0.7527632344386271,0.9576098059244127,2517,83,1060,1294,0.7182072660234367,0.6015992685867878,0.552684465572969,b8738ec250a477d3afc635b4a63bdba1de7eae63f23b3e2ab45e8c38f6a97607,682a883b7b475209faefd4b699d769b26b8ae0afe2c80c73b6e24c3c80f09627,raw_light_geom_gate_0p100,,,0.1
raw_light_geom_gate_0p100,light_geometry_gate,False,0.1,0.7185144806697693,0.5640681003584229,0.7324025596276905,0.9642492339121552,2232,70,836,1259,0.7182072660234367,0.6015992685867878,0.552684465572969,b8738ec250a477d3afc635b4a63bdba1de7eae63f23b3e2ab45e8c38f6a97607,5dffdc194afdd198d0ae3ff7706db63b93f1aa4e4099137359d875ddf2c8a05b,raw_light_geom_gate_0p100,,,0.1
raw_light_geom_gate_0p100,light_geometry_gate,False,0.15,0.7467408649264563,0.6348873755893137,0.7050610820244329,0.9765066394279878,1909,46,599,1212,0.7182072660234367,0.6015992685867878,0.552684465572969,b8738ec250a477d3afc635b4a63bdba1de7eae63f23b3e2ab45e8c38f6a97607,e72f2d09e902975c795698fe304ad012fe48e4d9c2911a1912b99377b0214a4c,raw_light_geom_gate_0p100,,,0.1
raw_light_geom_gate_0p100,light_geometry_gate,False,0.2,0.7586080078000577,0.6846741045214327,0.6783013379872018,0.9805924412665986,1703,38,457,1166,0.7182072660234367,0.6015992685867878,0.552684465572969,b8738ec250a477d3afc635b4a63bdba1de7eae63f23b3e2ab45e8c38f6a97607,effdcf75cacb282d4e1fa3647b526ae8744f1a9d8ca158f6650a6ccd584a52a4,raw_light_geom_gate_0p100,,,0.1
raw_light_geom_gate_0p100,light_geometry_gate,False,0.25,0.7657929203454453,0.727390180878553,0.6550319953461314,0.984167517875383,1548,31,352,1126,0.7182072660234367,0.6015992685867878,0.552684465572969,b8738ec250a477d3afc635b4a63bdba1de7eae63f23b3e2ab45e8c38f6a97607,b9aaaa4a083287e4a1ecbfe8624088b5ae30ffacae7f8f22bfa404e0b0ef67e4,raw_light_geom_gate_0p100,,,0.1
raw_light_geom_gate_0p100,light_geometry_gate,False,0.3,0.7670881436686825,0.7557093425605537,0.6352530541012217,0.9867211440245148,1445,26,295,1092,0.7182072660234367,0.6015992685867878,0.552684465572969,b8738ec250a477d3afc635b4a63bdba1de7eae63f23b3e2ab45e8c38f6a97607,056b124dd2521e95e62738ef2b96a646744c9f68057c405910c75cf3de4437d4,raw_light_geom_gate_0p100,,,0.1
raw_light_geom_gate_0p100,light_geometry_gate,False,0.35,0.7672936510636936,0.7873134328358209,0.6137289121582316,0.9897854954034729,1340,20,237,1055,0.7182072660234367,0.6015992685867878,0.552684465572969,b8738ec250a477d3afc635b4a63bdba1de7eae63f23b3e2ab45e8c38f6a97607,b272f68a6612bae7dac01537683fd4f4753c55f85482385dd510e1a745c77854,raw_light_geom_gate_0p100,,,0.1
raw_light_geom_gate_0p100,light_geometry_gate,False,0.3849527795387094,0.7619050316105618,0.8077839555202542,0.5916230366492147,0.9908069458631257,1259,18,200,1017,0.7182072660234367,0.6015992685867878,0.552684465572969,b8738ec250a477d3afc635b4a63bdba1de7eae63f23b3e2ab45e8c38f6a97607,17795f6e8065c2591a1307242f4cc3f7e8685a48372a8015e05cd2c5e3d463c8,raw_light_geom_gate_0p100,,,0.1
raw_light_geom_gate_0p100,light_geometry_gate,False,0.4,0.7599432955277611,0.8114423851732474,0.585805700988947,0.9918283963227783,1241,16,193,1007,0.7182072660234367,0.6015992685867878,0.552684465572969,b8738ec250a477d3afc635b4a63bdba1de7eae63f23b3e2ab45e8c38f6a97607,6fc7da4b78923964449f9d060c878d943436ec5164e40b173c63584b5e6bcd02,raw_light_geom_gate_0p100,,,0.1
raw_light_geom_gate_0p100,light_geometry_gate,False,0.5,0.7421606729310298,0.8617121354656632,0.532867946480512,0.9948927477017364,1063,10,118,916,0.7182072660234367,0.6015992685867878,0.552684465572969,b8738ec250a477d3afc635b4a63bdba1de7eae63f23b3e2ab45e8c38f6a97607,c2f9ddb30c63cc54eddc643b12f7ae769eb273c44be39755aefec35509e0a1b5,raw_light_geom_gate_0p100,,,0.1
raw_light_geom_gate_0p100,light_geometry_gate,False,0.6,0.7013426263608611,0.8926174496644296,0.4642233856893543,0.9969356486210419,894,6,78,798,0.7182072660234367,0.6015992685867878,0.552684465572969,b8738ec250a477d3afc635b4a63bdba1de7eae63f23b3e2ab45e8c38f6a97607,d031ac18cfd03f03bd9c4428f70f2b7ecf1e25a8bc6b75e02000d9b6b35fdb42,raw_light_geom_gate_0p100,,,0.1
raw_light_geom_gate_0p100,light_geometry_gate,False,0.7,0.6653310200440358,0.9374167776298269,0.40954043048283884,0.9994892747701737,751,1,40,704,0.7182072660234367,0.6015992685867878,0.552684465572969,b8738ec250a477d3afc635b4a63bdba1de7eae63f23b3e2ab45e8c38f6a97607,864bb9e679dfaa204754072bd551a2203d68110faccb52d26f250afec3c2a8da,raw_light_geom_gate_0p100,,,0.1
raw_light_geom_gate_0p100,light_geometry_gate,False,0.781285074752521,0.613549148949975,0.9587301587301588,0.35136707388016286,0.9994892747701737,630,1,20,604,0.7182072660234367,0.6015992685867878,0.552684465572969,b8738ec250a477d3afc635b4a63bdba1de7eae63f23b3e2ab45e8c38f6a97607,a4879db48e76a7565736e090793945352c52c2b392078ab24915188c2625e1d8,raw_light_geom_gate_0p100,,,0.1
raw_light_geom_gate_0p100,light_geometry_gate,False,0.8,0.5920043435672027,0.9659284497444633,0.3298429319371728,0.9994892747701737,587,1,16,567,0.7182072660234367,0.6015992685867878,0.552684465572969,b8738ec250a477d3afc635b4a63bdba1de7eae63f23b3e2ab45e8c38f6a97607,ed87c718d547ddcaffdd7e17d8aca34d65d3c0405ae04b64e6eb04976a8b6a53,raw_light_geom_gate_0p100,,,0.1
raw_light_geom_gate_0p100,light_geometry_gate,False,0.9,0.3837510803802939,0.9899665551839465,0.17219313554392088,1.0,299,0,3,296,0.7182072660234367,0.6015992685867878,0.552684465572969,b8738ec250a477d3afc635b4a63bdba1de7eae63f23b3e2ab45e8c38f6a97607,bddeb3fdb4cc3629eba06708c4925aa36b28ec9bc684a4fdd268077d566325a5,raw_light_geom_gate_0p100,,,0.1
raw_light_geom_gate_0p100,light_geometry_gate,False,0.9801593502332068,0.0017431725740848344,1.0,0.0005817335660267597,1.0,1,0,0,1,0.7182072660234367,0.6015992685867878,0.552684465572969,b8738ec250a477d3afc635b4a63bdba1de7eae63f23b3e2ab45e8c38f6a97607,d4edf9b6d6567b3384c75a9b83af060ac270bca48378b1ccdd62d322102bbbfe,raw_light_geom_gate_0p100,,,0.1
raw_light_geom_gate_0p200,light_geometry_gate,False,0.0018327529948458862,0.32648330438996104,0.1501536505245311,0.8243164630599186,0.7599591419816139,9437,470,7169,1417,0.7184516374902252,0.6018586721554114,0.5528764661375716,00744154d8d5feb77df708353516e47cf4827646d54317c369945ffe7908a4da,8dc95ce4091038db536c514f78f5cfc695b80cd34014b175a9543bcd636f92b8,raw_light_geom_gate_0p200,,,0.2
raw_light_geom_gate_0p200,light_geometry_gate,False,0.005774511610832549,0.43259322179670784,0.22202797202797203,0.8126817917393834,0.8329928498467825,6292,327,4331,1397,0.7184516374902252,0.6018586721554114,0.5528764661375716,00744154d8d5feb77df708353516e47cf4827646d54317c369945ffe7908a4da,5892c659585438bef8445a3b7fb796617cc461b3b0cb8fde98660b575a3cade0,raw_light_geom_gate_0p200,,,0.2
raw_light_geom_gate_0p200,light_geometry_gate,False,0.023494427702862846,0.5836600403079655,0.35894039735099337,0.7882489819662595,0.9213483146067416,3775,154,2141,1355,0.7184516374902252,0.6018586721554114,0.5528764661375716,00744154d8d5feb77df708353516e47cf4827646d54317c369945ffe7908a4da,805e3aef09fc794e3fc9621adfad6457bd3673fcd989c25b1fb4202a43f417be,raw_light_geom_gate_0p200,,,0.2
raw_light_geom_gate_0p200,light_geometry_gate,False,0.05,0.6690722008556196,0.46951871657754013,0.7661431064572426,0.9535240040858018,2805,91,1307,1317,0.7184516374902252,0.6018586721554114,0.5528764661375716,00744154d8d5feb77df708353516e47cf4827646d54317c369945ffe7908a4da,3cce0b5a9ec5e4237da757f4fdae001ce76b94bb33b1bc614892a5a6c8bb8b73,raw_light_geom_gate_0p200,,,0.2
raw_light_geom_gate_0p200,light_geometry_gate,False,0.0675881537272837,0.6952890125931732,0.5145013905442988,0.7533449680046539,0.958120531154239,2517,82,1061,1295,0.7184516374902252,0.6018586721554114,0.5528764661375716,00744154d8d5feb77df708353516e47cf4827646d54317c369945ffe7908a4da,b19c520608085a73f6238d720ab471e72d5c9646dfaefaf6785a7eba4c445421,raw_light_geom_gate_0p200,,,0.2
raw_light_geom_gate_0p200,light_geometry_gate,False,0.1,0.7233423655846611,0.5745071068317286,0.72891215823153,0.9662921348314607,2181,66,797,1253,0.7184516374902252,0.6018586721554114,0.5528764661375716,00744154d8d5feb77df708353516e47cf4827646d54317c369945ffe7908a4da,29fb818e4d4a2dcec9ecbcea83c6b4c4f9a21c75e890678750609444420c81b2,raw_light_geom_gate_0p200,,,0.2
raw_light_geom_gate_0p200,light_geometry_gate,False,0.15,0.7491111079379131,0.6425146510388918,0.7015706806282722,0.9775280898876404,1877,44,576,1206,0.7184516374902252,0.6018586721554114,0.5528764661375716,00744154d8d5feb77df708353516e47cf4827646d54317c369945ffe7908a4da,3b20b30192e8fcdbcc40be600e26edd076422b08b947ea5f3fd6c8a80286dbd6,raw_light_geom_gate_0p200,,,0.2
raw_light_geom_gate_0p200,light_geometry_gate,False,0.2,0.760739877542869,0.6920786182251341,0.6759744037230948,0.9811031664964249,1679,37,440,1162,0.7184516374902252,0.6018586721554114,0.5528764661375716,00744154d8d5feb77df708353516e47cf4827646d54317c369945ffe7908a4da,f06d443bec194884ae6f7192b0ca43e0c9f094d817ca44e6b75d29059e00cbea,raw_light_geom_gate_0p200,,,0.2
raw_light_geom_gate_0p200,light_geometry_gate,False,0.25,0.7677962521322091,0.7344669718770438,0.6532867946480512,0.9851889683350358,1529,29,339,1123,0.7184516374902252,0.6018586721554114,0.5528764661375716,00744154d8d5feb77df708353516e47cf4827646d54317c369945ffe7908a4da,0c48ce1695c367b33509de6adac90a0811ea40e27b2550bb9c2587a3ea0acc46,raw_light_geom_gate_0p200,,,0.2
raw_light_geom_gate_0p200,light_geometry_gate,False,0.3,0.7674851535762377,0.7585247042449548,0.6340895869691682,0.9867211440245148,1437,26,289,1090,0.7184516374902252,0.6018586721554114,0.5528764661375716,00744154d8d5feb77df708353516e47cf4827646d54317c369945ffe7908a4da,f4646b78e48b0254e20aaee9f2c99a89fd5648179c2b41c73f98c8665dc9c826,raw_light_geom_gate_0p200,,,0.2
raw_light_geom_gate_0p200,light_geometry_gate,False,0.35,0.7674050632911392,0.7918552036199095,0.6108202443280978,0.9908069458631257,1326,18,230,1050,0.7184516374902252,0.6018586721554114,0.5528764661375716,00744154d8d5feb77df708353516e47cf4827646d54317c369945ffe7908a4da,1977ceb87f0f0f2a2e811d85b3df54823643d555c4323ab025fafcefa9ff593e,raw_light_geom_gate_0p200,,,0.2
raw_light_geom_gate_0p200,light_geometry_gate,False,0.37740665729226613,0.762663505012525,0.8085782366957903,0.5922047702152414,0.9918283963227783,1259,16,200,1018,0.7184516374902252,0.6018586721554114,0.5528764661375716,00744154d8d5feb77df708353516e47cf4827646d54317c369945ffe7908a4da,18208e26505858c5e3d1c6f0229427e2663847c0a1153300c71c00f826e547ed,raw_light_geom_gate_0p200,,,0.2
raw_light_geom_gate_0p200,light_geometry_gate,False,0.4,0.7599665025106244,0.8137651821862348,0.5846422338568935,0.9918283963227783,1235,16,190,1005,0.7184516374902252,0.6018586721554114,0.5528764661375716,00744154d8d5feb77df708353516e47cf4827646d54317c369945ffe7908a4da,dd28a933e323f693eeed1417fbfaee61af1f924d6a0be226c69b7dc56f6af1d9,raw_light_geom_gate_0p200,,,0.2
raw_light_geom_gate_0p200,light_geometry_gate,False,0.5,0.7409161340925987,0.864326375711575,0.5299592786503782,0.9948927477017364,1054,10,114,911,0.7184516374902252,0.6018586721554114,0.5528764661375716,00744154d8d5feb77df708353516e47cf4827646d54317c369945ffe7908a4da,b88e091361bf3e8232c7b88749f2eeb136467eafb4d202dc732b3cd988455a12,raw_light_geom_gate_0p200,,,0.2
raw_light_geom_gate_0p200,light_geometry_gate,False,0.6,0.7018663399312378,0.8965129358830146,0.46364165212332753,0.9979570990806946,889,4,76,797,0.7184516374902252,0.6018586721554114,0.5528764661375716,00744154d8d5feb77df708353516e47cf4827646d54317c369945ffe7908a4da,d00de6b47be15154822f8cf60158bfe8f01f8f60e21333690edda2c85ce36417,raw_light_geom_gate_0p200,,,0.2
raw_light_geom_gate_0p200,light_geometry_gate,False,0.7,0.6653310200440358,0.9374167776298269,0.40954043048283884,0.9994892747701737,751,1,40,704,0.7184516374902252,0.6018586721554114,0.5528764661375716,00744154d8d5feb77df708353516e47cf4827646d54317c369945ffe7908a4da,864bb9e679dfaa204754072bd551a2203d68110faccb52d26f250afec3c2a8da,raw_light_geom_gate_0p200,,,0.2
raw_light_geom_gate_0p200,light_geometry_gate,False,0.7806793101667399,0.613549148949975,0.9587301587301588,0.35136707388016286,0.9994892747701737,630,1,20,604,0.7184516374902252,0.6018586721554114,0.5528764661375716,00744154d8d5feb77df708353516e47cf4827646d54317c369945ffe7908a4da,a4879db48e76a7565736e090793945352c52c2b392078ab24915188c2625e1d8,raw_light_geom_gate_0p200,,,0.2
raw_light_geom_gate_0p200,light_geometry_gate,False,0.8,0.5894696049911473,0.9656946826758147,0.3275159976730657,0.9994892747701737,583,1,16,563,0.7184516374902252,0.6018586721554114,0.5528764661375716,00744154d8d5feb77df708353516e47cf4827646d54317c369945ffe7908a4da,081d539aadeced7c7a9482739a6f1d46d3a3a77d0a1b1d9eba06dd80b9cb8186,raw_light_geom_gate_0p200,,,0.2
raw_light_geom_gate_0p200,light_geometry_gate,False,0.9,0.3819835426591598,0.9932432432432432,0.17102966841186737,1.0,296,0,2,294,0.7184516374902252,0.6018586721554114,0.5528764661375716,00744154d8d5feb77df708353516e47cf4827646d54317c369945ffe7908a4da,d6d2b45b4e14102a460572a1048c38590bca0c0a400c871160fd229da3ef3758,raw_light_geom_gate_0p200,,,0.2
raw_light_geom_gate_0p200,light_geometry_gate,False,0.9801137010195448,0.0017431725740848344,1.0,0.0005817335660267597,1.0,1,0,0,1,0.7184516374902252,0.6018586721554114,0.5528764661375716,00744154d8d5feb77df708353516e47cf4827646d54317c369945ffe7908a4da,d4edf9b6d6567b3384c75a9b83af060ac270bca48378b1ccdd62d322102bbbfe,raw_light_geom_gate_0p200,,,0.2
