score_col,mode_family,ap_rank_preserving_by_design,threshold,cal_balanced,cal_precision,cal_recall,cal_unknown_reject,cal_num_accepted,cal_unknown_false_accept,cal_background_false_accepts,cal_tp_known,cal_AP50,cal_AP75,cal_AP,stream_hash,acceptance_mask_hash,canonical_stream,alpha,gamma,beta
raw_score,raw,True,0.0018513932009227001,0.14469462811420652,0.0562053101269331,0.7728658536585366,0.60697253741161,18041,2390,13866,1014,0.6170233612011476,0.48385609323415624,0.4450960784167092,434ca622e15e6a2490b6b4ea0f5de77ab66231f055946fc485ab4c3ada3678ef,d69ea2617da5065385c664a7522bb5100b1efca1c08df9c27659f40b328f9cd1,raw_score,,,
raw_score,raw,True,0.0043100276961922,0.202080405931968,0.0829730628533422,0.760670731707317,0.6762045716165104,12028,1969,8581,998,0.6170233612011476,0.48385609323415624,0.4450960784167092,434ca622e15e6a2490b6b4ea0f5de77ab66231f055946fc485ab4c3ada3678ef,c8e944bb5cf8558fdb33208999442cd6ff4874461a2d33bdca4cecb3e07a524d,raw_score,,,
raw_score,raw,True,0.01183017753064628,0.2951336962095906,0.13357350699736734,0.7347560975609756,0.7590856766979115,7217,1465,4557,964,0.6170233612011476,0.48385609323415624,0.4450960784167092,434ca622e15e6a2490b6b4ea0f5de77ab66231f055946fc485ab4c3ada3678ef,520dd40b6ac46fa3ef94aee37ca269d66ede4f7b4b4c62f5d690ccf4e0cdedf8,raw_score,,,
raw_score,raw,True,0.02559474855661387,0.3844299628189524,0.193099147786323,0.708079268292683,0.8245354382502877,4811,1067,2705,929,0.6170233612011476,0.48385609323415624,0.4450960784167092,434ca622e15e6a2490b6b4ea0f5de77ab66231f055946fc485ab4c3ada3678ef,602e437316eb65657b5a6eb4da17cc25f73f3addb305245c9c66b73156ed2166,raw_score,,,
raw_score,raw,True,0.05,0.4640651710027587,0.2608311229000884,0.6745426829268293,0.8709093899029765,3393,785,1675,885,0.6170233612011476,0.48385609323415624,0.4450960784167092,434ca622e15e6a2490b6b4ea0f5de77ab66231f055946fc485ab4c3ada3678ef,0dcb419732d294fd1b473f6d7f1f33fda53f4bb989304ca3bb5a525c430b8cc4,raw_score,,,
raw_score,raw,True,0.09511473476886778,0.535433668774381,0.3428927680798005,0.6288109756097561,0.9121854958066108,2406,534,1037,825,0.6170233612011476,0.48385609323415624,0.4450960784167092,434ca622e15e6a2490b6b4ea0f5de77ab66231f055946fc485ab4c3ada3678ef,0458dbb338b2844d87e2fb5594a115d7b3300fefde631d02f8b723e10e986700,raw_score,,,
raw_score,raw,True,0.1,0.5416288446879962,0.35066041755432464,0.6272865853658537,0.9149810886367373,2347,517,998,823,0.6170233612011476,0.48385609323415624,0.4450960784167092,434ca622e15e6a2490b6b4ea0f5de77ab66231f055946fc485ab4c3ada3678ef,198553753d9eeca54907509bd09e69cea5f6a2b0f5b7389860c3f1dcafbe3387,raw_score,,,
raw_score,raw,True,0.15,0.5862219167664073,0.4174553101997897,0.6051829268292683,0.9348791317217563,1902,396,710,794,0.6170233612011476,0.48385609323415624,0.4450960784167092,434ca622e15e6a2490b6b4ea0f5de77ab66231f055946fc485ab4c3ada3678ef,4d9d74bea44d3856f6729ecf9692f8987aa6c1588d179f2e9ad47f52fcdb9a23,raw_score,,,
raw_score,raw,True,0.2,0.6123147549961955,0.4696132596685083,0.583079268292683,0.9478704160499918,1629,317,546,765,0.6170233612011476,0.48385609323415624,0.4450960784167092,434ca622e15e6a2490b6b4ea0f5de77ab66231f055946fc485ab4c3ada3678ef,0e13c0b781f87b29264e8fa732cec40254b72f51d34003b45a20a41820b96b13,raw_score,,,
raw_score,raw,True,0.25,0.6334448616474772,0.5195804195804196,0.5663109756097561,0.9564216411774379,1430,265,427,743,0.6170233612011476,0.48385609323415624,0.4450960784167092,434ca622e15e6a2490b6b4ea0f5de77ab66231f055946fc485ab4c3ada3678ef,3b2906ae9dbeef55b9efee2db1ce14e455ebaf5ad473e6fa6942a76f0ac9b5e6,raw_score,,,
raw_score,raw,True,0.3,0.6426016391066367,0.5608214849921012,0.5411585365853658,0.9638217398454202,1266,220,339,710,0.6170233612011476,0.48385609323415624,0.4450960784167092,434ca622e15e6a2490b6b4ea0f5de77ab66231f055946fc485ab4c3ada3678ef,47304bdc85eaec41fe5677145a64606b1c408428b1de83bebebd2a82997fac86,raw_score,,,
raw_score,raw,True,0.32186336517333924,0.6459822557561763,0.5793848711554447,0.53125,0.9654662062160829,1203,210,299,697,0.6170233612011476,0.48385609323415624,0.4450960784167092,434ca622e15e6a2490b6b4ea0f5de77ab66231f055946fc485ab4c3ada3678ef,07c3eeeeaa8469eb81c8c75a8248dadc1591911d4cf8603b7f62376e1dc54f33,raw_score,,,
raw_score,raw,True,0.35,0.6436768831140306,0.5917832167832168,0.5160060975609756,0.9680973524091432,1144,194,276,677,0.6170233612011476,0.48385609323415624,0.4450960784167092,434ca622e15e6a2490b6b4ea0f5de77ab66231f055946fc485ab4c3ada3678ef,ea4ff88ae4f1c094a012d5d0a43f87f010829f858678a99eb007c10aa62f8558,raw_score,,,
raw_score,raw,True,0.4,0.6462265111260408,0.6276595744680851,0.4946646341463415,0.9731951981581977,1034,163,224,649,0.6170233612011476,0.48385609323415624,0.4450960784167092,434ca622e15e6a2490b6b4ea0f5de77ab66231f055946fc485ab4c3ada3678ef,39f7dc719c1a5751fc3be687c83f78430bb70f0de3ce1caaae93e6df530c7e82,raw_score,,,
raw_score,raw,True,0.5,0.6432029499920882,0.7103030303030303,0.44664634146341464,0.9828975497451077,825,104,131,586,0.6170233612011476,0.48385609323415624,0.4450960784167092,434ca622e15e6a2490b6b4ea0f5de77ab66231f055946fc485ab4c3ada3678ef,bb80ad6f11974eb57e0d535c475de89693228c57e6a4f90a2afdde12923fccbd,raw_score,,,
raw_score,raw,True,0.6,0.6227097149582455,0.7733333333333333,0.3978658536585366,0.9889820753165598,675,67,82,522,0.6170233612011476,0.48385609323415624,0.4450960784167092,434ca622e15e6a2490b6b4ea0f5de77ab66231f055946fc485ab4c3ada3678ef,a9f7f5dda3385eb7c308623b2660aeffd5e8da5a8c330b5fd98be7842e98d02d,raw_score,,,
raw_score,raw,True,0.7,0.5821819377205973,0.8305400372439479,0.3399390243902439,0.9927643479690841,537,44,44,446,0.6170233612011476,0.48385609323415624,0.4450960784167092,434ca622e15e6a2490b6b4ea0f5de77ab66231f055946fc485ab4c3ada3678ef,e0b8d30efc974dea4945b4c9b7c39d9b85d1119740fd434e706fa1cc4c606a00,raw_score,,,
raw_score,raw,True,0.8,0.5070774451921244,0.91005291005291,0.2621951219512195,0.9965466206216083,378,21,13,344,0.6170233612011476,0.48385609323415624,0.4450960784167092,434ca622e15e6a2490b6b4ea0f5de77ab66231f055946fc485ab4c3ada3678ef,b624ac29d3df40a4ffad49eef8cf59c7082b801559c5cccbb84faac1e1cfd263,raw_score,,,
raw_score,raw,True,0.9,0.3048848870727045,0.9710982658959537,0.12804878048780488,0.9995066600888012,173,3,1,168,0.6170233612011476,0.48385609323415624,0.4450960784167092,434ca622e15e6a2490b6b4ea0f5de77ab66231f055946fc485ab4c3ada3678ef,e68bef6dfbd00dcaada9bbdb97b451249472d6b3011c62f5a11752ec58cbc4bc,raw_score,,,
raw_score,raw,True,0.9719901084899902,0.00228310502283105,1.0,0.0007621951219512195,1.0,1,0,0,1,0.6170233612011476,0.48385609323415624,0.4450960784167092,434ca622e15e6a2490b6b4ea0f5de77ab66231f055946fc485ab4c3ada3678ef,b0b9f3e262a9dd08c5682b1a104e2e8dd63d058b573f15946621b7e9128b5be0,raw_score,,,
geometry_risk_score,geometry,False,0.020832961680299675,0.14759752645716745,0.05714760822570811,0.7858231707317073,0.643315244203256,18041,2169,14288,1031,0.6203391093754008,0.4854247390380392,0.4436798759675635,b6bbb0506667e874b7c4d1cb933917bf9f261917855f4799ddc7628cfdd9e705,0046c307598aaff9b90aa0a2aaa09110151699c760f2a2d4d9fa38c1d72f5b16,geometry_risk_score,,,
geometry_risk_score,geometry,False,0.05,0.19089568136862328,0.07676224611708482,0.7835365853658537,0.7082716658444335,13392,1774,10244,1028,0.6203391093754008,0.4854247390380392,0.4436798759675635,b6bbb0506667e874b7c4d1cb933917bf9f261917855f4799ddc7628cfdd9e705,e0bfb0b05f482bc4a0c2b6dc1720e216b523b39317935aee2a19728aa066fe64,geometry_risk_score,,,
geometry_risk_score,geometry,False,0.06316327588687691,0.20854832974015633,0.0852178250748254,0.78125,0.7296497286630488,12028,1644,9061,1025,0.6203391093754008,0.4854247390380392,0.4436798759675635,b6bbb0506667e874b7c4d1cb933917bf9f261917855f4799ddc7628cfdd9e705,7606f7c6b55d5a058f46ca3eb866503ccaf4665272adc44c2940faa1267e306c,geometry_risk_score,,,
geometry_risk_score,geometry,False,0.1,0.2540822044094109,0.10833685992382565,0.7804878048780488,0.7719125143890807,9452,1387,6837,1024,0.6203391093754008,0.4854247390380392,0.4436798759675635,b6bbb0506667e874b7c4d1cb933917bf9f261917855f4799ddc7628cfdd9e705,8e7707eee6c52c38fe79dc62cc7bbc8494ff86ae56bcd3430bc6410f03426d6e,geometry_risk_score,,,
geometry_risk_score,geometry,False,0.15,0.3013784859352066,0.1347385272145144,0.7698170731707317,0.8107219207367209,7496,1151,5199,1010,0.6203391093754008,0.4854247390380392,0.4436798759675635,b6bbb0506667e874b7c4d1cb933917bf9f261917855f4799ddc7628cfdd9e705,3ddb83e547017e3aa05e557b0a1fb2dedb0ce27fa39be78516d1e0c7c232a92c,geometry_risk_score,,,
geometry_risk_score,geometry,False,0.16029697861125775,0.3094936156610712,0.1395316613551337,0.7675304878048781,0.8172997862193718,7217,1111,4969,1007,0.6203391093754008,0.4854247390380392,0.4436798759675635,b6bbb0506667e874b7c4d1cb933917bf9f261917855f4799ddc7628cfdd9e705,c3851b7aad2581eee59f3ec5464bc922d6dea984d8ca32ee21b33e9683d3006f,geometry_risk_score,,,
geometry_risk_score,geometry,False,0.2,0.3432440990869603,0.1601980514294841,0.7644817073170732,0.8404867620457162,6261,970,4195,1003,0.6203391093754008,0.4854247390380392,0.4436798759675635,b6bbb0506667e874b7c4d1cb933917bf9f261917855f4799ddc7628cfdd9e705,8be420b4523c5030c7751aac94f210b0780bf6600baf343a258449d537f65dc3,geometry_risk_score,,,
geometry_risk_score,geometry,False,0.25,0.38302411046601675,0.18674698795180722,0.7560975609756098,0.865811544153922,5312,816,3443,992,0.6203391093754008,0.4854247390380392,0.4436798759675635,b6bbb0506667e874b7c4d1cb933917bf9f261917855f4799ddc7628cfdd9e705,a2df92f64c6619bb92750b0d264d126ef096a5ae65d5601bd25ad59832aba249,geometry_risk_score,,,
geometry_risk_score,geometry,False,0.2856882247704501,0.4061926524579498,0.20369985450010392,0.7469512195121951,0.8789672751192238,4811,736,3049,980,0.6203391093754008,0.4854247390380392,0.4436798759675635,b6bbb0506667e874b7c4d1cb933917bf9f261917855f4799ddc7628cfdd9e705,e6b6da9962762c6940dee1f2c327136fd970fb671b46a6856eaae11260aca840,geometry_risk_score,,,
geometry_risk_score,geometry,False,0.3,0.4149043356309035,0.21039017029532225,0.7439024390243902,0.8824206544976155,4639,715,2901,976,0.6203391093754008,0.4854247390380392,0.4436798759675635,b6bbb0506667e874b7c4d1cb933917bf9f261917855f4799ddc7628cfdd9e705,72645960ff76f99501b72973c6dd391d72793b27eed8695ed83d5546adaa41d2,geometry_risk_score,,,
geometry_risk_score,geometry,False,0.35,0.44508190646369866,0.2346341463414634,0.7332317073170732,0.89722085183358,4100,625,2475,962,0.6203391093754008,0.4854247390380392,0.4436798759675635,b6bbb0506667e874b7c4d1cb933917bf9f261917855f4799ddc7628cfdd9e705,7e350658a03317478df0019f08ecd5c088da405cff8d64c88c04c58092c34c10,geometry_risk_score,,,
geometry_risk_score,geometry,False,0.4,0.4729435802289644,0.2590065502183406,0.7233231707317073,0.9092254563394179,3664,552,2132,949,0.6203391093754008,0.4854247390380392,0.4436798759675635,b6bbb0506667e874b7c4d1cb933917bf9f261917855f4799ddc7628cfdd9e705,1eb94e41f9fd089a44bffbbbbf46a35331c7577adb808e2411e6f29fc81312dd,geometry_risk_score,,,
geometry_risk_score,geometry,False,0.5,0.5251125626325263,0.31218014329580346,0.6974085365853658,0.9294523926985693,2931,429,1570,915,0.6203391093754008,0.4854247390380392,0.4436798759675635,b6bbb0506667e874b7c4d1cb933917bf9f261917855f4799ddc7628cfdd9e705,ab97ef1a8bc11633e49870a8a6134d3a20ebcccc61ee46497ba581895ad9f1c9,geometry_risk_score,,,
geometry_risk_score,geometry,False,0.5939388056636019,0.5679449359241652,0.3661679135494597,0.6714939024390244,0.9416214438414734,2406,355,1161,881,0.6203391093754008,0.4854247390380392,0.4436798759675635,b6bbb0506667e874b7c4d1cb933917bf9f261917855f4799ddc7628cfdd9e705,47e28d2117fdab16a3a077b04dabd196cb0f8fd973eb821a4107cbaf0b3e9e23,geometry_risk_score,,,
geometry_risk_score,geometry,False,0.6,0.572823210114502,0.3720439189189189,0.6714939024390244,0.9432659102121361,2368,345,1132,881,0.6203391093754008,0.4854247390380392,0.4436798759675635,b6bbb0506667e874b7c4d1cb933917bf9f261917855f4799ddc7628cfdd9e705,2e58931c61a79c0f688761e1a2c75f528cbcdf8aad9726b038b83aee9e38813d,geometry_risk_score,,,
geometry_risk_score,geometry,False,0.7,0.607271276686251,0.4326722338204593,0.631859756097561,0.9557638546291728,1916,269,817,829,0.6203391093754008,0.4854247390380392,0.4436798759675635,b6bbb0506667e874b7c4d1cb933917bf9f261917855f4799ddc7628cfdd9e705,9da0a5f86797d06fa86c388acabaa8dae00b4992022f9787c7fa323fb71cd14f,geometry_risk_score,,,
geometry_risk_score,geometry,False,0.8,0.6411320383632982,0.510862409479921,0.5914634146341463,0.9699062654168722,1519,183,558,776,0.6203391093754008,0.4854247390380392,0.4436798759675635,b6bbb0506667e874b7c4d1cb933917bf9f261917855f4799ddc7628cfdd9e705,d68ce691c05ac152acc1c6ca25e51df54e2ae01edec173af633cb8f8def0bf8e,geometry_risk_score,,,
geometry_risk_score,geometry,False,0.8751956997231441,0.6656903065279554,0.600166251039069,0.5503048780487805,0.9773063640848545,1203,138,340,722,0.6203391093754008,0.4854247390380392,0.4436798759675635,b6bbb0506667e874b7c4d1cb933917bf9f261917855f4799ddc7628cfdd9e705,02b4f1770222d19bfac954907a0de5b9abeab58c3f1dc729de7b81c008593d5d,geometry_risk_score,,,
geometry_risk_score,geometry,False,0.9,0.668688859119831,0.6357798165137615,0.5282012195121951,0.9801019569149811,1090,121,274,693,0.6203391093754008,0.4854247390380392,0.4436798759675635,b6bbb0506667e874b7c4d1cb933917bf9f261917855f4799ddc7628cfdd9e705,c9dad0eefa3b148d3c4e0bd6726bad2fedac2d20c9fe982217b102d6420d666f,geometry_risk_score,,,
geometry_risk_score,geometry,False,0.9999555693870115,0.00228310502283105,1.0,0.0007621951219512195,1.0,1,0,0,1,0.6203391093754008,0.4854247390380392,0.4436798759675635,b6bbb0506667e874b7c4d1cb933917bf9f261917855f4799ddc7628cfdd9e705,e6f3188abdfaa3dfffd4ab93fc9caed363ccd296615db9078ab045c573e5081e,geometry_risk_score,,,
geometry_alpha_0p050,alpha_blend,False,0.0034632900648394653,0.1471766685122263,0.05714760822570811,0.7858231707317073,0.6201282683769117,18041,2310,14009,1031,0.6201719180136006,0.4854485262488087,0.44682084093087315,ad81e790f7b76797d9428b6e47e8ec23e027b32e1172eb2badf0787d195f7379,3e5cd2e79e0e30e94138ea298d68899e89fe149c416150c86bcfef1b8e0e29bd,geometry_alpha_0p050,0.05,,
geometry_alpha_0p050,alpha_blend,False,0.008153400494158124,0.20741829869189674,0.0852178250748254,0.78125,0.6901825357671436,12028,1884,8722,1025,0.6201719180136006,0.4854485262488087,0.44682084093087315,ad81e790f7b76797d9428b6e47e8ec23e027b32e1172eb2badf0787d195f7379,9550088feb8c8c166941df9c7f1e93ac3490f64de2ad7c2698df34accb809f26,geometry_alpha_0p050,0.05,,
geometry_alpha_0p050,alpha_blend,False,0.0203542986081878,0.3034135254132375,0.137453235416378,0.7560975609756098,0.7753658937674724,7217,1366,4676,992,0.6201719180136006,0.4854485262488087,0.44682084093087315,ad81e790f7b76797d9428b6e47e8ec23e027b32e1172eb2badf0787d195f7379,1e1dd64ea58aa8cbb7422085a86618adcc858a13132c21aea21fc59314dac720,geometry_alpha_0p050,0.05,,
geometry_alpha_0p050,alpha_blend,False,0.038624105417943845,0.3950859620719696,0.19891914362918311,0.729420731707317,0.8367044893931919,4811,993,2766,957,0.6201719180136006,0.4854485262488087,0.44682084093087315,ad81e790f7b76797d9428b6e47e8ec23e027b32e1172eb2badf0787d195f7379,d90a8e5b1e557ef9cf0a4f7a347dc4381ae23fce93907b9f88c91d2932f70283,geometry_alpha_0p050,0.05,,
geometry_alpha_0p050,alpha_blend,False,0.05,0.4301765267324892,0.22801383399209485,0.7035060975609756,0.8570958723894097,4048,869,2193,923,0.6201719180136006,0.4854485262488087,0.44682084093087315,ad81e790f7b76797d9428b6e47e8ec23e027b32e1172eb2badf0787d195f7379,6f7b00630d85615e9dd7c31f25c12052049e3270989201924643f13662320458,geometry_alpha_0p050,0.05,,
geometry_alpha_0p050,alpha_blend,False,0.1,0.5229731642882646,0.3232169954476479,0.649390243902439,0.90692320342049,2636,566,1202,852,0.6201719180136006,0.4854485262488087,0.44682084093087315,ad81e790f7b76797d9428b6e47e8ec23e027b32e1172eb2badf0787d195f7379,5aa0b672e8b07ce99b848b9d93c4a6d365193c223ff4b386bc81e422bdecd95f,geometry_alpha_0p050,0.05,,
geometry_alpha_0p050,alpha_blend,False,0.11516371910632438,0.5411212254351547,0.34704904405652537,0.6364329268292683,0.9162966617332675,2406,509,1053,835,0.6201719180136006,0.4854485262488087,0.44682084093087315,ad81e790f7b76797d9428b6e47e8ec23e027b32e1172eb2badf0787d195f7379,d634e467f975be45f11dcf399ebbda1c1bd81021704903cb8c1e3a0da01fa71a,geometry_alpha_0p050,0.05,,
geometry_alpha_0p050,alpha_blend,False,0.15,0.574840626446929,0.3958028306490971,0.618140243902439,0.9306035191580332,2049,422,809,811,0.6201719180136006,0.4854485262488087,0.44682084093087315,ad81e790f7b76797d9428b6e47e8ec23e027b32e1172eb2badf0787d195f7379,07c915769386d806f7eb06a2530f1b9c7bb3b8f6daa2fa0c60bed0676393c08d,geometry_alpha_0p050,0.05,,
geometry_alpha_0p050,alpha_blend,False,0.2,0.6038713994392046,0.4485927627800115,0.5952743902439024,0.9444170366716,1741,338,618,781,0.6201719180136006,0.4854485262488087,0.44682084093087315,ad81e790f7b76797d9428b6e47e8ec23e027b32e1172eb2badf0787d195f7379,a2c23ac2ed69ddbee26aecdf98c059efd39dde13f59b7216ab5dd9f58d552b44,geometry_alpha_0p050,0.05,,
geometry_alpha_0p050,alpha_blend,False,0.25,0.6277980164973086,0.5013262599469496,0.5762195121951219,0.9537904949843776,1508,281,474,756,0.6201719180136006,0.4854485262488087,0.44682084093087315,ad81e790f7b76797d9428b6e47e8ec23e027b32e1172eb2badf0787d195f7379,560fd06912199fb077f42073103d49c94de367dac987cd992e04ac042d8665ec,geometry_alpha_0p050,0.05,,
geometry_alpha_0p050,alpha_blend,False,0.3,0.6382167530150724,0.5411061285500748,0.551829268292683,0.9611905936523598,1338,236,381,724,0.6201719180136006,0.4854485262488087,0.44682084093087315,ad81e790f7b76797d9428b6e47e8ec23e027b32e1172eb2badf0787d195f7379,e23761e81e8f889597c652ad62859a03622a81d05067775d8eccceca37b59584,geometry_alpha_0p050,0.05,,
geometry_alpha_0p050,alpha_blend,False,0.3466141758179977,0.6481898767008133,0.5818786367414797,0.5335365853658537,0.9657950994902155,1203,208,298,700,0.6201719180136006,0.4854485262488087,0.44682084093087315,ad81e790f7b76797d9428b6e47e8ec23e027b32e1172eb2badf0787d195f7379,fd8ab8bfed4536344fae0690a867bfa37b686eab976bc6ca2b57138b8f1ed686,geometry_alpha_0p050,0.05,,
geometry_alpha_0p050,alpha_blend,False,0.35,0.6488786293036698,0.5850796311818944,0.5320121951219512,0.9666173326755468,1193,203,293,698,0.6201719180136006,0.4854485262488087,0.44682084093087315,ad81e790f7b76797d9428b6e47e8ec23e027b32e1172eb2badf0787d195f7379,4e9a85e3596ae2e823c3fadd5aaf4fc77703fecd4a756f77814f236753802e08,geometry_alpha_0p050,0.05,,
geometry_alpha_0p050,alpha_blend,False,0.4,0.6464761510148537,0.6135310472659871,0.5045731707317073,0.9720440716987337,1079,170,247,662,0.6201719180136006,0.4854485262488087,0.44682084093087315,ad81e790f7b76797d9428b6e47e8ec23e027b32e1172eb2badf0787d195f7379,9a7cd743e03bf0668047e66726f88ee7075d788a4bb3e65ebc3963f908d1ee88,geometry_alpha_0p050,0.05,,
geometry_alpha_0p050,alpha_blend,False,0.5,0.6421052371749422,0.6890173410404624,0.45426829268292684,0.9809241901003124,865,116,151,596,0.6201719180136006,0.4854485262488087,0.44682084093087315,ad81e790f7b76797d9428b6e47e8ec23e027b32e1172eb2badf0787d195f7379,8b2d69b48d7548c0e6b5fce3b630df60c87c4d4b46d33f67d0bfbbed945295db,geometry_alpha_0p050,0.05,,
geometry_alpha_0p050,alpha_blend,False,0.6,0.6265715057698646,0.763271162123386,0.4054878048780488,0.988488735405361,697,70,91,532,0.6201719180136006,0.4854485262488087,0.44682084093087315,ad81e790f7b76797d9428b6e47e8ec23e027b32e1172eb2badf0787d195f7379,f7b6b443cd61eacc85ba07db965169bcb52ced277aa8c79c3462e74b009b2ae0,geometry_alpha_0p050,0.05,,
geometry_alpha_0p050,alpha_blend,False,0.7,0.5882626355617463,0.8272727272727273,0.3467987804878049,0.9925999013320178,550,45,47,455,0.6201719180136006,0.4854485262488087,0.44682084093087315,ad81e790f7b76797d9428b6e47e8ec23e027b32e1172eb2badf0787d195f7379,34ca2d54bb452b041d65f85e248db76c3e04a3d326790065b2e231dac23bb4e1,geometry_alpha_0p050,0.05,,
geometry_alpha_0p050,alpha_blend,False,0.8,0.5238141402023986,0.9095477386934674,0.2759146341463415,0.9965466206216083,398,21,15,362,0.6201719180136006,0.4854485262488087,0.44682084093087315,ad81e790f7b76797d9428b6e47e8ec23e027b32e1172eb2badf0787d195f7379,c84b773cd38df038f3df941c3ae6dad75be4c77dc1309ebc73728753a774e349,geometry_alpha_0p050,0.05,,
geometry_alpha_0p050,alpha_blend,False,0.9,0.31775717497193284,0.9725274725274725,0.13490853658536586,0.9995066600888012,182,3,1,177,0.6201719180136006,0.4854485262488087,0.44682084093087315,ad81e790f7b76797d9428b6e47e8ec23e027b32e1172eb2badf0787d195f7379,878ba414ccd643f901955aef70f4379bf3a36f741e0a83eed03a517354420e1c,geometry_alpha_0p050,0.05,,
geometry_alpha_0p050,alpha_blend,False,0.9733874625172813,0.00228310502283105,1.0,0.0007621951219512195,1.0,1,0,0,1,0.6201719180136006,0.4854485262488087,0.44682084093087315,ad81e790f7b76797d9428b6e47e8ec23e027b32e1172eb2badf0787d195f7379,b0b9f3e262a9dd08c5682b1a104e2e8dd63d058b573f15946621b7e9128b5be0,geometry_alpha_0p050,0.05,,
geometry_alpha_0p100,alpha_blend,False,0.004682036269923491,0.14726557876278343,0.05714760822570811,0.7858231707317073,0.6248972208518335,18041,2281,14070,1031,0.6223772351782346,0.4866115932262455,0.44798412518303155,a1f58e0fe481853af136542476cece6c329975a184c967cd48c73179540ec80a,fa9080d7cd558bae7ff6da22d703ef10be8e8d028ab05b6f70f7269869b5067d,geometry_alpha_0p100,0.1,,
geometry_alpha_0p100,alpha_blend,False,0.011449466964820462,0.20782141087327746,0.08530096441636183,0.7820121951219512,0.6975826344351258,12028,1839,8786,1026,0.6223772351782346,0.4866115932262455,0.44798412518303155,a1f58e0fe481853af136542476cece6c329975a184c967cd48c73179540ec80a,09b0e7170ff51c21e8f487143cb529c808c73e66c90c0b51fb55d21c022e599f,geometry_alpha_0p100,0.1,,
geometry_alpha_0p100,alpha_blend,False,0.028383674402337754,0.30523668313282004,0.1381460440626299,0.7599085365853658,0.7850682453543825,7217,1307,4738,997,0.6223772351782346,0.4866115932262455,0.44798412518303155,a1f58e0fe481853af136542476cece6c329975a184c967cd48c73179540ec80a,decf2897dc0a33599efc21dae6f0a85899e146ffc0bb1df73ec52e9384004951,geometry_alpha_0p100,0.1,,
geometry_alpha_0p100,alpha_blend,False,0.05,0.3897465942437337,0.19388366979812113,0.739329268292683,0.8424601216905114,5003,958,2986,970,0.6223772351782346,0.4866115932262455,0.44798412518303155,a1f58e0fe481853af136542476cece6c329975a184c967cd48c73179540ec80a,f84bd97957a60025117653174f18924c9a52722fe6b82fdea8ac44bb968c9049,geometry_alpha_0p100,0.1,,
geometry_alpha_0p100,alpha_blend,False,0.05266409334277943,0.3985650638195392,0.20058199958428602,0.7355182926829268,0.8460779477059694,4811,936,2827,965,0.6223772351782346,0.4866115932262455,0.44798412518303155,a1f58e0fe481853af136542476cece6c329975a184c967cd48c73179540ec80a,2b592d9d223c530f64b91a0718353270259394fc74245fd28402472b26d25ddf,geometry_alpha_0p100,0.1,,
geometry_alpha_0p100,alpha_blend,False,0.1,0.5021455972016557,0.2951308380258364,0.6791158536585366,0.8980430850189114,3019,620,1487,891,0.6223772351782346,0.4866115932262455,0.44798412518303155,a1f58e0fe481853af136542476cece6c329975a184c967cd48c73179540ec80a,54a27b178664cdd193724cf2f681d9c9fd587c11fc4f36f93c57fe683d6d54a7,geometry_alpha_0p100,0.1,,
geometry_alpha_0p100,alpha_blend,False,0.13709742282955933,0.5462028242376771,0.3507896924355777,0.6432926829268293,0.9197500411116593,2406,488,1065,844,0.6223772351782346,0.4866115932262455,0.44798412518303155,a1f58e0fe481853af136542476cece6c329975a184c967cd48c73179540ec80a,a648772b984b5fca5ccec3a26a69acc64eec0792998f350d3a1b576d3739f142,geometry_alpha_0p100,0.1,,
geometry_alpha_0p100,alpha_blend,False,0.15,0.5620028159869995,0.372051624388073,0.6371951219512195,0.9251767801348463,2247,455,950,836,0.6223772351782346,0.4866115932262455,0.44798412518303155,a1f58e0fe481853af136542476cece6c329975a184c967cd48c73179540ec80a,b16aacb38351fbc794594826f96cc670cb55ec184e5966b5ec05c7034207c60c,geometry_alpha_0p100,0.1,,
geometry_alpha_0p100,alpha_blend,False,0.2,0.5974355879998676,0.43071965628356607,0.6112804878048781,0.9399769774708108,1862,365,691,802,0.6223772351782346,0.4866115932262455,0.44798412518303155,a1f58e0fe481853af136542476cece6c329975a184c967cd48c73179540ec80a,f961b08f3dc100cf2e50a6cb0280a77593078481f23e0505531478338b3020ff,geometry_alpha_0p100,0.1,,
geometry_alpha_0p100,alpha_blend,False,0.25,0.619618895436118,0.47831474597273854,0.5884146341463414,0.950994902154251,1614,298,546,772,0.6223772351782346,0.4866115932262455,0.44798412518303155,a1f58e0fe481853af136542476cece6c329975a184c967cd48c73179540ec80a,b93c871c2c10e99646511ec24a77b5b5b39ad0d4bd924c6942f8f378e4d6d98b,geometry_alpha_0p100,0.1,,
geometry_alpha_0p100,alpha_blend,False,0.3,0.6362686101482493,0.5223776223776224,0.569359756097561,0.9575727676369018,1430,258,430,747,0.6223772351782346,0.4866115932262455,0.44798412518303155,a1f58e0fe481853af136542476cece6c329975a184c967cd48c73179540ec80a,4eeabff8689411c2d43e2e65ceb6a0519fd64f30d3db36ed3c57c7b323edbe7a,geometry_alpha_0p100,0.1,,
geometry_alpha_0p100,alpha_blend,False,0.35,0.6455180248987714,0.5655281969817315,0.5426829268292683,0.9648084196678178,1259,214,334,712,0.6223772351782346,0.4866115932262455,0.44798412518303155,a1f58e0fe481853af136542476cece6c329975a184c967cd48c73179540ec80a,57523ed717aba781d10a75d01cbd3553683f8ff377240bd43bcfb5007cffda29,geometry_alpha_0p100,0.1,,
geometry_alpha_0p100,alpha_blend,False,0.3700229891570425,0.6498000583720618,0.5835411471321695,0.5350609756097561,0.9669462259496793,1203,201,300,702,0.6223772351782346,0.4866115932262455,0.44798412518303155,a1f58e0fe481853af136542476cece6c329975a184c967cd48c73179540ec80a,9d87943262b003af0d90a936ed15d222474d85e7af88ab9d45b8a69f03f35724,geometry_alpha_0p100,0.1,,
geometry_alpha_0p100,alpha_blend,False,0.4,0.6490058102380173,0.6005291005291006,0.5190548780487805,0.9702351586910047,1134,181,273,681,0.6223772351782346,0.4866115932262455,0.44798412518303155,a1f58e0fe481853af136542476cece6c329975a184c967cd48c73179540ec80a,614bde2eb2189f006387ccefb5a24df84e5a6856a2d50871216dbf36a526141e,geometry_alpha_0p100,0.1,,
geometry_alpha_0p100,alpha_blend,False,0.5,0.6447456785565376,0.6717892425905598,0.46646341463414637,0.9797730636408486,911,123,174,612,0.6223772351782346,0.4866115932262455,0.44798412518303155,a1f58e0fe481853af136542476cece6c329975a184c967cd48c73179540ec80a,647f11b7bc2f68dfafcf78af107d050bea2993da5c8cf6bb84d6b43be9cc9610,geometry_alpha_0p100,0.1,,
geometry_alpha_0p100,alpha_blend,False,0.6,0.633387592414114,0.7544827586206897,0.4169207317073171,0.9876665022200296,725,75,99,547,0.6223772351782346,0.4866115932262455,0.44798412518303155,a1f58e0fe481853af136542476cece6c329975a184c967cd48c73179540ec80a,01767fb56b2c42d3487dc15b57eaf39f0b4131f1d48549d54a3b5a9ebe0ed478,geometry_alpha_0p100,0.1,,
geometry_alpha_0p100,alpha_blend,False,0.7,0.597037443943136,0.8159722222222222,0.35823170731707316,0.9922710080578853,576,47,55,470,0.6223772351782346,0.4866115932262455,0.44798412518303155,a1f58e0fe481853af136542476cece6c329975a184c967cd48c73179540ec80a,4f12bb654d7d1c8aacdbd9e6aacf9a430875742c5e3611a3a2198e4b64d26e02,geometry_alpha_0p100,0.1,,
geometry_alpha_0p100,alpha_blend,False,0.8,0.5315773251644881,0.8985507246376812,0.28353658536585363,0.9962177273474757,414,23,19,372,0.6223772351782346,0.4866115932262455,0.44798412518303155,a1f58e0fe481853af136542476cece6c329975a184c967cd48c73179540ec80a,d95473980b961f8588743b46b3472703d142f9a912a0f5b8a9a29acfbe3aad34,geometry_alpha_0p100,0.1,,
geometry_alpha_0p100,alpha_blend,False,0.9,0.339757065282633,0.9698492462311558,0.14710365853658536,0.9991777668146686,199,5,1,193,0.6223772351782346,0.4866115932262455,0.44798412518303155,a1f58e0fe481853af136542476cece6c329975a184c967cd48c73179540ec80a,203bc5962997891c7aa6f522fd99e346787ca89dea77397aab26343023eba6c7,geometry_alpha_0p100,0.1,,
geometry_alpha_0p100,alpha_blend,False,0.9747848165445723,0.00228310502283105,1.0,0.0007621951219512195,1.0,1,0,0,1,0.6223772351782346,0.4866115932262455,0.44798412518303155,a1f58e0fe481853af136542476cece6c329975a184c967cd48c73179540ec80a,b0b9f3e262a9dd08c5682b1a104e2e8dd63d058b573f15946621b7e9128b5be0,geometry_alpha_0p100,0.1,,
geometry_alpha_0p200,alpha_blend,False,0.006792089919894408,0.1473321982165338,0.05714760822570811,0.7858231707317073,0.6285150468672915,18041,2259,14132,1031,0.6264485677168208,0.48956354075830016,0.4506351826553878,c1be1b9c18cbcce546c6e9ca6a9c684c65ea2cdcbecdf07593909cc75a70eed1,a2c9ca16c013663500d0c406e251fdaa8ed33350c39046ca69ce91c0bea84a36,geometry_alpha_0p200,0.2,,
geometry_alpha_0p200,alpha_blend,False,0.01765750060657128,0.2080430414224385,0.08530096441636183,0.7820121951219512,0.7051471797401743,12028,1793,8868,1026,0.6264485677168208,0.48956354075830016,0.4506351826553878,c1be1b9c18cbcce546c6e9ca6a9c684c65ea2cdcbecdf07593909cc75a70eed1,a5da6c1bd6e81dc1c61be79701cfeee2bbcc15cfc7033dfd2b672980f1ce210e,geometry_alpha_0p200,0.2,,
geometry_alpha_0p200,alpha_blend,False,0.04404858768874185,0.3070151801180144,0.1388388527088818,0.7637195121951219,0.7939483637559612,7217,1253,4797,1002,0.6264485677168208,0.48956354075830016,0.4506351826553878,c1be1b9c18cbcce546c6e9ca6a9c684c65ea2cdcbecdf07593909cc75a70eed1,8f5f7c9ea9793be62f96236e1b52b64192f91e500671f830f2bbcefcd11572d0,geometry_alpha_0p200,0.2,,
geometry_alpha_0p200,alpha_blend,False,0.05,0.32536500222821124,0.14995483288166214,0.7591463414634146,0.8100641341884558,6642,1155,4359,996,0.6264485677168208,0.48956354075830016,0.4506351826553878,c1be1b9c18cbcce546c6e9ca6a9c684c65ea2cdcbecdf07593909cc75a70eed1,0552a2f2e234ada9a3f591446796d482e3d9661963f4a4c3ddf1b975bf954546,geometry_alpha_0p200,0.2,,
geometry_alpha_0p200,alpha_blend,False,0.079924556400038,0.4017431359457084,0.20203699854500104,0.7408536585365854,0.856109192567012,4811,875,2896,972,0.6264485677168208,0.48956354075830016,0.4506351826553878,c1be1b9c18cbcce546c6e9ca6a9c684c65ea2cdcbecdf07593909cc75a70eed1,593af256ea299d5cf30c3481edabffdd4dedaf520776f22bb7c0a6aeb459598d,geometry_alpha_0p200,0.2,,
geometry_alpha_0p200,alpha_blend,False,0.1,0.4392737320426644,0.2321210641933122,0.7248475609756098,0.8758427890149646,4097,755,2343,951,0.6264485677168208,0.48956354075830016,0.4506351826553878,c1be1b9c18cbcce546c6e9ca6a9c684c65ea2cdcbecdf07593909cc75a70eed1,0c915cc857ce362690ee7c4cc78a35addaadbe647e915c89a85aae1d38ae9c12,geometry_alpha_0p200,0.2,,
geometry_alpha_0p200,alpha_blend,False,0.15,0.5162781543748817,0.3077186963979417,0.6836890243902439,0.9103765827988818,2915,545,1460,897,0.6264485677168208,0.48956354075830016,0.4506351826553878,c1be1b9c18cbcce546c6e9ca6a9c684c65ea2cdcbecdf07593909cc75a70eed1,ea4d1a003d2aa878198f7693ae6757f715f624aa777eb8c1c545c73ddeb5a3d6,geometry_alpha_0p200,0.2,,
geometry_alpha_0p200,alpha_blend,False,0.1860767106395324,0.5551112115825747,0.3574397339983375,0.6554878048780488,0.92501233349778,2406,456,1081,860,0.6264485677168208,0.48956354075830016,0.4506351826553878,c1be1b9c18cbcce546c6e9ca6a9c684c65ea2cdcbecdf07593909cc75a70eed1,9ccfbff4660c2cfb5560a26e7ba1822dba5374929d5053422c3ca5655a721af1,geometry_alpha_0p200,0.2,,
geometry_alpha_0p200,alpha_blend,False,0.2,0.5653853225989607,0.37422222222222223,0.6417682926829268,0.9296168393356355,2250,428,974,842,0.6264485677168208,0.48956354075830016,0.4506351826553878,c1be1b9c18cbcce546c6e9ca6a9c684c65ea2cdcbecdf07593909cc75a70eed1,7bde52f7bbafef906149ebd63f6b601db9afd6d2c0ed1c0a335f0a1c297d97b9,geometry_alpha_0p200,0.2,,
geometry_alpha_0p200,alpha_blend,False,0.25,0.6018698165694494,0.43464228079612693,0.6158536585365854,0.9434303568492024,1859,344,703,808,0.6264485677168208,0.48956354075830016,0.4506351826553878,c1be1b9c18cbcce546c6e9ca6a9c684c65ea2cdcbecdf07593909cc75a70eed1,75534dc7a88c7d4d4d97bcc0e1cb5a4836ae8d6cbff6f30d10230c99d6c4bf3b,geometry_alpha_0p200,0.2,,
geometry_alpha_0p200,alpha_blend,False,0.3,0.6214860708260365,0.4793082149474985,0.5914634146341463,0.9523104752507812,1619,290,555,776,0.6264485677168208,0.48956354075830016,0.4506351826553878,c1be1b9c18cbcce546c6e9ca6a9c684c65ea2cdcbecdf07593909cc75a70eed1,05ede5e65dfc12025c9fe8a949aec6ddf99039bb104e2c3a27794dd902e93438,geometry_alpha_0p200,0.2,,
geometry_alpha_0p200,alpha_blend,False,0.35,0.6384614170256514,0.5237099023709902,0.5724085365853658,0.9593816806446308,1434,247,438,751,0.6264485677168208,0.48956354075830016,0.4506351826553878,c1be1b9c18cbcce546c6e9ca6a9c684c65ea2cdcbecdf07593909cc75a70eed1,155dca105e384b44b6a54fb703958e0f79a473d054bd3f781ade1977841818fe,geometry_alpha_0p200,0.2,,
geometry_alpha_0p200,alpha_blend,False,0.4,0.648108570289907,0.5699440447641887,0.5434451219512195,0.9669462259496793,1251,201,337,713,0.6264485677168208,0.48956354075830016,0.4506351826553878,c1be1b9c18cbcce546c6e9ca6a9c684c65ea2cdcbecdf07593909cc75a70eed1,62c51300df94bc2f07c1ae00e8044e960ec1bf4777ac7c553f1ba5fed1c9cbae,geometry_alpha_0p200,0.2,,
geometry_alpha_0p200,alpha_blend,False,0.41805834849863444,0.6507658909049646,0.5843724023275145,0.5358231707317073,0.968590692320342,1203,191,309,703,0.6264485677168208,0.48956354075830016,0.4506351826553878,c1be1b9c18cbcce546c6e9ca6a9c684c65ea2cdcbecdf07593909cc75a70eed1,1e0bec50bc918ebafd9cd6480c132f422d4e59a119ee51a5b81fd0c145ed7a2d,geometry_alpha_0p200,0.2,,
geometry_alpha_0p200,alpha_blend,False,0.5,0.6525928702476276,0.6420118343195266,0.4961890243902439,0.9764841308995231,1014,143,218,651,0.6264485677168208,0.48956354075830016,0.4506351826553878,c1be1b9c18cbcce546c6e9ca6a9c684c65ea2cdcbecdf07593909cc75a70eed1,46b75896ac5672ca4a5590c45506e66d226f8b947d10f4194e3c7d245d7fb72e,geometry_alpha_0p200,0.2,,
geometry_alpha_0p200,alpha_blend,False,0.6,0.6458680295208143,0.7329113924050633,0.4413109756097561,0.9856931425752343,790,87,120,579,0.6264485677168208,0.48956354075830016,0.4506351826553878,c1be1b9c18cbcce546c6e9ca6a9c684c65ea2cdcbecdf07593909cc75a70eed1,554f172dbc30b1547bf452f61b2fe013b548c0888bf59cccea86e473638a65a3,geometry_alpha_0p200,0.2,,
geometry_alpha_0p200,alpha_blend,False,0.7,0.6133519535441736,0.8019323671497585,0.3795731707317073,0.9904620950501563,621,58,61,498,0.6264485677168208,0.48956354075830016,0.4506351826553878,c1be1b9c18cbcce546c6e9ca6a9c684c65ea2cdcbecdf07593909cc75a70eed1,5fdac2b05c65d43329ff980d4c531d34c600a0bd0b897919381f07cde3a0e14e,geometry_alpha_0p200,0.2,,
geometry_alpha_0p200,alpha_blend,False,0.8,0.548520394541008,0.8814317673378076,0.3003048780487805,0.9952310475250781,447,29,23,394,0.6264485677168208,0.48956354075830016,0.4506351826553878,c1be1b9c18cbcce546c6e9ca6a9c684c65ea2cdcbecdf07593909cc75a70eed1,75025ad4df93b13cbf2d0a41b144195ff7be3faa6563555ee4f1380d23b8e249,geometry_alpha_0p200,0.2,,
geometry_alpha_0p200,alpha_blend,False,0.9,0.37452816177150566,0.9565217391304348,0.1676829268292683,0.9990133201776024,230,6,4,220,0.6264485677168208,0.48956354075830016,0.4506351826553878,c1be1b9c18cbcce546c6e9ca6a9c684c65ea2cdcbecdf07593909cc75a70eed1,2118e38c34d78b2890f0a15bd9eac90c7de16d6e2274a29d8e0176f97f37a03a,geometry_alpha_0p200,0.2,,
geometry_alpha_0p200,alpha_blend,False,0.9775795245991543,0.00228310502283105,1.0,0.0007621951219512195,1.0,1,0,0,1,0.6264485677168208,0.48956354075830016,0.4506351826553878,c1be1b9c18cbcce546c6e9ca6a9c684c65ea2cdcbecdf07593909cc75a70eed1,b0b9f3e262a9dd08c5682b1a104e2e8dd63d058b573f15946621b7e9128b5be0,geometry_alpha_0p200,0.2,,
geometry_alpha_0p400,alpha_blend,False,0.010550887494356068,0.14743377620671438,0.05714760822570811,0.7858231707317073,0.6341062325275448,18041,2225,14199,1031,0.6317820508004776,0.49353854412828396,0.45407012107665584,d7a412d987156c5f7c87e4c34485efb86e6d124f6d3037531e8aae9137f533a0,776bfdbdd257a48542d6dac1f0f8f100a5aebfa153ab66aaf02a1bcd995bf7a3,geometry_alpha_0p400,0.4,,
geometry_alpha_0p400,alpha_blend,False,0.029410316501044934,0.20833971283097769,0.08530096441636183,0.7820121951219512,0.7155073178753495,12028,1730,8949,1026,0.6317820508004776,0.49353854412828396,0.45407012107665584,d7a412d987156c5f7c87e4c34485efb86e6d124f6d3037531e8aae9137f533a0,7e3f481b26eaf2ffb7f93f3a3748c54cc9021538767d0d56f646955553ce6592,geometry_alpha_0p400,0.4,,
geometry_alpha_0p400,alpha_blend,False,0.05,0.2621073098363438,0.112947964051925,0.7759146341463414,0.7673080085512252,9013,1415,6359,1018,0.6317820508004776,0.49353854412828396,0.45407012107665584,d7a412d987156c5f7c87e4c34485efb86e6d124f6d3037531e8aae9137f533a0,1fde10454b1ca99890d5df8b9f308256f60da0d3d8cbdb93c7280a3d225e97dc,geometry_alpha_0p400,0.4,,
geometry_alpha_0p400,alpha_blend,False,0.07347119981308985,0.3092846511380269,0.1396702230843841,0.7682926829268293,0.8074329879953955,7217,1171,4894,1008,0.6317820508004776,0.49353854412828396,0.45407012107665584,d7a412d987156c5f7c87e4c34485efb86e6d124f6d3037531e8aae9137f533a0,96a892a41c2752e0f2c8ed6bbf1299a848c2c51abcd3362a52f5d02b6b015389,geometry_alpha_0p400,0.4,,
geometry_alpha_0p400,alpha_blend,False,0.1,0.3556946709542109,0.16890399320305863,0.7576219512195121,0.8376911692155895,5885,987,3814,994,0.6317820508004776,0.49353854412828396,0.45407012107665584,d7a412d987156c5f7c87e4c34485efb86e6d124f6d3037531e8aae9137f533a0,0a438a9d4ce2059fdd5dcab1ea0359f8a48d7a0631321d6d4ab82a16c52a9f81,geometry_alpha_0p400,0.4,,
geometry_alpha_0p400,alpha_blend,False,0.13259025151489817,0.4031124646453841,0.20245271253377675,0.7423780487804879,0.8653182042427232,4811,819,2965,974,0.6317820508004776,0.49353854412828396,0.45407012107665584,d7a412d987156c5f7c87e4c34485efb86e6d124f6d3037531e8aae9137f533a0,57920be131cc94f9e232c693c767fdf9b7dc70235b4693dbbf98aea1f4b722a4,geometry_alpha_0p400,0.4,,
geometry_alpha_0p400,alpha_blend,False,0.15,0.4264997555167345,0.2203274215552524,0.7385670731707317,0.8761716822890971,4398,753,2632,969,0.6317820508004776,0.49353854412828396,0.45407012107665584,d7a412d987156c5f7c87e4c34485efb86e6d124f6d3037531e8aae9137f533a0,4087197bc3d54d9292ad3b7e6e481effc82d6a80112d952a2e50ad3a0708eae2,geometry_alpha_0p400,0.4,,
geometry_alpha_0p400,alpha_blend,False,0.2,0.48345144580462074,0.27070063694267515,0.7126524390243902,0.9024831442197007,3454,593,1906,935,0.6317820508004776,0.49353854412828396,0.45407012107665584,d7a412d987156c5f7c87e4c34485efb86e6d124f6d3037531e8aae9137f533a0,834585475d1d8e5ffcac28922d03c522882eceb5aff3655e0952a4151a9ef0a0,geometry_alpha_0p400,0.4,,
geometry_alpha_0p400,alpha_blend,False,0.25,0.5329089948961525,0.32319255547602005,0.6882621951219512,0.9238612070383161,2794,463,1412,903,0.6317820508004776,0.49353854412828396,0.45407012107665584,d7a412d987156c5f7c87e4c34485efb86e6d124f6d3037531e8aae9137f533a0,50fa30343d3f41f40de1d630c775dbb4207b09b15677339c95844f1b95f2ce6f,geometry_alpha_0p400,0.4,,
geometry_alpha_0p400,alpha_blend,False,0.2894866494395569,0.5597521436589346,0.36034912718204487,0.6608231707317073,0.9335635586252261,2406,404,1126,867,0.6317820508004776,0.49353854412828396,0.45407012107665584,d7a412d987156c5f7c87e4c34485efb86e6d124f6d3037531e8aae9137f533a0,6b473dd97c63d29378e88de53ab903d8deb0d7a584a58153da044891943782c4,geometry_alpha_0p400,0.4,,
geometry_alpha_0p400,alpha_blend,False,0.3,0.5695346113028019,0.3732698961937716,0.6577743902439024,0.9361947048182865,2312,388,1055,863,0.6317820508004776,0.49353854412828396,0.45407012107665584,d7a412d987156c5f7c87e4c34485efb86e6d124f6d3037531e8aae9137f533a0,a8dcafc50aeaf6a47df452ed71dd4a3005bacf5b77efde07e5423eea37c1bc51,geometry_alpha_0p400,0.4,,
geometry_alpha_0p400,alpha_blend,False,0.35,0.6025668771764224,0.4271744724652599,0.6326219512195121,0.9460615030422628,1943,328,784,830,0.6317820508004776,0.49353854412828396,0.45407012107665584,d7a412d987156c5f7c87e4c34485efb86e6d124f6d3037531e8aae9137f533a0,6e89de32ca9ad9d68b6d183b9d793ceb82a32d3dd3c19910f7660e28175e494a,geometry_alpha_0p400,0.4,,
geometry_alpha_0p400,alpha_blend,False,0.4,0.6224828440252865,0.47205707491082044,0.6051829268292683,0.9536260483473114,1682,282,606,794,0.6317820508004776,0.49353854412828396,0.45407012107665584,d7a412d987156c5f7c87e4c34485efb86e6d124f6d3037531e8aae9137f533a0,79c6f191885c676c377ca62a287cb8b221facdc619f3fba335690d163e182e32,geometry_alpha_0p400,0.4,,
geometry_alpha_0p400,alpha_blend,False,0.5,0.6539009173818601,0.5716535433070866,0.5533536585365854,0.9695773721427396,1270,185,358,726,0.6317820508004776,0.49353854412828396,0.45407012107665584,d7a412d987156c5f7c87e4c34485efb86e6d124f6d3037531e8aae9137f533a0,3c91636e565f901a31210cfd341ff89d06d6c739c5fb0a3ba2efbe8184517ee0,geometry_alpha_0p400,0.4,,
geometry_alpha_0p400,alpha_blend,False,0.5245569729564299,0.6568000483745055,0.5910224438902744,0.541920731707317,0.9705640519651373,1203,179,312,711,0.6317820508004776,0.49353854412828396,0.45407012107665584,d7a412d987156c5f7c87e4c34485efb86e6d124f6d3037531e8aae9137f533a0,91899025656a0ec4fb4086277177671e0672fcb363a756622208977826210e91,geometry_alpha_0p400,0.4,,
geometry_alpha_0p400,alpha_blend,False,0.6,0.6579698440048632,0.656912209889001,0.4961890243902439,0.9786219371813847,991,130,208,651,0.6317820508004776,0.49353854412828396,0.45407012107665584,d7a412d987156c5f7c87e4c34485efb86e6d124f6d3037531e8aae9137f533a0,c0e6545332c20204f2106a3c9546136a9a0e77eded814809a48d8af0d9611c33,geometry_alpha_0p400,0.4,,
geometry_alpha_0p400,alpha_blend,False,0.7,0.6474531150532253,0.7579787234042553,0.4344512195121951,0.9876665022200296,752,75,103,570,0.6317820508004776,0.49353854412828396,0.45407012107665584,d7a412d987156c5f7c87e4c34485efb86e6d124f6d3037531e8aae9137f533a0,0f8f869a41951f52dcce719e2b3e4ec842d005b410e4b64489919a71dfca35f9,geometry_alpha_0p400,0.4,,
geometry_alpha_0p400,alpha_blend,False,0.8,0.595345711917934,0.838475499092559,0.3521341463414634,0.9934221345173491,551,40,48,462,0.6317820508004776,0.49353854412828396,0.45407012107665584,d7a412d987156c5f7c87e4c34485efb86e6d124f6d3037531e8aae9137f533a0,a3e24730b2bc843f1ed38c4e6a8d2053353ca43a283ab5ed65be45bdbf18c632,geometry_alpha_0p400,0.4,,
geometry_alpha_0p400,alpha_blend,False,0.9,0.44828856159274416,0.9342105263157895,0.21646341463414634,0.9980266403552047,304,12,8,284,0.6317820508004776,0.49353854412828396,0.45407012107665584,d7a412d987156c5f7c87e4c34485efb86e6d124f6d3037531e8aae9137f533a0,93eaa8488f759aeb86ef2583bcdbad245effecbc1d4f2dcf9ef02f7fa58a3e45,geometry_alpha_0p400,0.4,,
geometry_alpha_0p400,alpha_blend,False,0.9831689407083182,0.00228310502283105,1.0,0.0007621951219512195,1.0,1,0,0,1,0.6317820508004776,0.49353854412828396,0.45407012107665584,d7a412d987156c5f7c87e4c34485efb86e6d124f6d3037531e8aae9137f533a0,b0b9f3e262a9dd08c5682b1a104e2e8dd63d058b573f15946621b7e9128b5be0,geometry_alpha_0p400,0.4,,
geometry_alpha_0p600,alpha_blend,False,0.014084422486629404,0.14751327145698065,0.05714760822570811,0.7858231707317073,0.6385462917283342,18041,2198,14239,1031,0.6339194830721853,0.49486955616157724,0.45530300315086275,2f1f47ae7f5e86eb3ecf36d9076c79c5ac6bd1adfcb1561db7b3d61a2ecbe896,4ffd153b1b88e913df53169a850367921cad021151b4d60c45a68c1983802459,geometry_alpha_0p600,0.6,,
geometry_alpha_0p600,alpha_blend,False,0.04087727403014612,0.20832669113260993,0.0852178250748254,0.78125,0.7215918434468015,12028,1693,9000,1025,0.6339194830721853,0.49486955616157724,0.45530300315086275,2f1f47ae7f5e86eb3ecf36d9076c79c5ac6bd1adfcb1561db7b3d61a2ecbe896,da96e3a14eac5cfa186932debe082e118a57f8855750f94748bea0b66466a742,geometry_alpha_0p600,0.6,,
geometry_alpha_0p600,alpha_blend,False,0.05,0.22727204371307078,0.09462703101920236,0.78125,0.7395165268870252,10832,1584,7953,1025,0.6339194830721853,0.49486955616157724,0.45530300315086275,2f1f47ae7f5e86eb3ecf36d9076c79c5ac6bd1adfcb1561db7b3d61a2ecbe896,2a10d96b409916b070147a9c4f8fff57e56667bf27302ec0bbf6037e44bc71c8,geometry_alpha_0p600,0.6,,
geometry_alpha_0p600,alpha_blend,False,0.1,0.30551266413516226,0.13732970027247957,0.7682926829268293,0.8089130077289919,7340,1162,5031,1008,0.6339194830721853,0.49486955616157724,0.45530300315086275,2f1f47ae7f5e86eb3ecf36d9076c79c5ac6bd1adfcb1561db7b3d61a2ecbe896,32b63d4af13aaef5ba8c3f2ea2f1975c6ed026af74065bb01ada71f2426a2558,geometry_alpha_0p600,0.6,,
geometry_alpha_0p600,alpha_blend,False,0.10303054624099596,0.30921679849302436,0.1395316613551337,0.7675304878048781,0.8115441539220523,7217,1146,4929,1007,0.6339194830721853,0.49486955616157724,0.45530300315086275,2f1f47ae7f5e86eb3ecf36d9076c79c5ac6bd1adfcb1561db7b3d61a2ecbe896,6a996ab48ca098fe0c4796f08519c679ef8cd378d2c4ededeb4325daaaa345c0,geometry_alpha_0p600,0.6,,
geometry_alpha_0p600,alpha_blend,False,0.15,0.36950091805715335,0.1777857270613486,0.7576219512195121,0.8515046867291564,5591,903,3618,994,0.6339194830721853,0.49486955616157724,0.45530300315086275,2f1f47ae7f5e86eb3ecf36d9076c79c5ac6bd1adfcb1561db7b3d61a2ecbe896,a4dbf8f0dc6ccfe674398eea4d18f91a8af72aac0eaa749c02d661aac61958ea,geometry_alpha_0p600,0.6,,
geometry_alpha_0p600,alpha_blend,False,0.18428079172092976,0.40491506027967544,0.2032841405113282,0.7454268292682927,0.8709093899029765,4811,785,2997,978,0.6339194830721853,0.49486955616157724,0.45530300315086275,2f1f47ae7f5e86eb3ecf36d9076c79c5ac6bd1adfcb1561db7b3d61a2ecbe896,ee53e60d0a095f5f1e09370f84bef24c2a021a46d938f810a460568d4807eeda,geometry_alpha_0p600,0.6,,
geometry_alpha_0p600,alpha_blend,False,0.2,0.4197662799952486,0.21483942414174972,0.739329268292683,0.8774872553856273,4515,745,2756,970,0.6339194830721853,0.49486955616157724,0.45530300315086275,2f1f47ae7f5e86eb3ecf36d9076c79c5ac6bd1adfcb1561db7b3d61a2ecbe896,de0c88c018f4c292ce8517d0ed546f44ae0b986328aedccc7cf19bd7bb5abde7,geometry_alpha_0p600,0.6,,
geometry_alpha_0p600,alpha_blend,False,0.25,0.46446332657981304,0.25212539851222104,0.7233231707317073,0.9006742312119718,3764,604,2183,949,0.6339194830721853,0.49486955616157724,0.45530300315086275,2f1f47ae7f5e86eb3ecf36d9076c79c5ac6bd1adfcb1561db7b3d61a2ecbe896,291eae291f28c45cad9ede253e1fb7edbfce0699a23304cc61871a0b329efcaa,geometry_alpha_0p600,0.6,,
geometry_alpha_0p600,alpha_blend,False,0.3,0.5063995273523453,0.29194104735026655,0.7096036585365854,0.917776681466864,3189,500,1738,931,0.6339194830721853,0.49486955616157724,0.45530300315086275,2f1f47ae7f5e86eb3ecf36d9076c79c5ac6bd1adfcb1561db7b3d61a2ecbe896,e44c0c79fc99c2e9f68ebb9c448e4883a91b2d9a0272cebd76d19b5db5b292b4,geometry_alpha_0p600,0.6,,
geometry_alpha_0p600,alpha_blend,False,0.35,0.5390856974065529,0.3296743505305525,0.6867378048780488,0.9297812859727018,2733,427,1391,901,0.6339194830721853,0.49486955616157724,0.45530300315086275,2f1f47ae7f5e86eb3ecf36d9076c79c5ac6bd1adfcb1561db7b3d61a2ecbe896,38333048bc0151e12cd2add28db51f52f841628e5269f57a3004ce9af83be9ec,geometry_alpha_0p600,0.6,,
geometry_alpha_0p600,alpha_blend,False,0.39261599708106165,0.5648510857421596,0.3640897755610973,0.6676829268292683,0.9373458312777504,2406,381,1139,876,0.6339194830721853,0.49486955616157724,0.45530300315086275,2f1f47ae7f5e86eb3ecf36d9076c79c5ac6bd1adfcb1561db7b3d61a2ecbe896,26c7dadca9220c691e464b3c4cd9697374becace7cdb73680e47553fc57d8246,geometry_alpha_0p600,0.6,,
geometry_alpha_0p600,alpha_blend,False,0.4,0.5687755014004852,0.3700084961767205,0.6638719512195121,0.9384969577372143,2354,374,1099,871,0.6339194830721853,0.49486955616157724,0.45530300315086275,2f1f47ae7f5e86eb3ecf36d9076c79c5ac6bd1adfcb1561db7b3d61a2ecbe896,70718a5386908fb1ffcb5de873599999c5c7bf4b9ecbfe69539b96d436b6a9da,geometry_alpha_0p600,0.6,,
geometry_alpha_0p600,alpha_blend,False,0.5,0.6230495860187597,0.4628474191718661,0.6219512195121951,0.9554349613550402,1763,271,676,816,0.6339194830721853,0.49486955616157724,0.45530300315086275,2f1f47ae7f5e86eb3ecf36d9076c79c5ac6bd1adfcb1561db7b3d61a2ecbe896,df547b58b9d7787222d95fe5137fde3780dab0c4d2723e1df4d20cfde380f047,geometry_alpha_0p600,0.6,,
geometry_alpha_0p600,alpha_blend,False,0.6,0.6535831436807428,0.5592452830188679,0.5647865853658537,0.9695773721427396,1325,185,398,741,0.6339194830721853,0.49486955616157724,0.45530300315086275,2f1f47ae7f5e86eb3ecf36d9076c79c5ac6bd1adfcb1561db7b3d61a2ecbe896,32e6b35dd16dc39bbb5ed1d123817bcb285ac18c57b79dbacee79c466ecde38e,geometry_alpha_0p600,0.6,,
geometry_alpha_0p600,alpha_blend,False,0.6359930539052572,0.6607765163585002,0.5951787198669992,0.5457317073170732,0.9731951981581977,1203,163,323,716,0.6339194830721853,0.49486955616157724,0.45530300315086275,2f1f47ae7f5e86eb3ecf36d9076c79c5ac6bd1adfcb1561db7b3d61a2ecbe896,c41dd171f7fb999b78b0d06d1607c81da97d6499a05d1171dd6a259b2a95e108,geometry_alpha_0p600,0.6,,
geometry_alpha_0p600,alpha_blend,False,0.7,0.6625680860326041,0.6622983870967742,0.5007621951219512,0.979444170366716,992,125,209,657,0.6339194830721853,0.49486955616157724,0.45530300315086275,2f1f47ae7f5e86eb3ecf36d9076c79c5ac6bd1adfcb1561db7b3d61a2ecbe896,fd2c3e5a001f8418ce3ebb4d3a320006df75dd4834f0eff0a4bb0dc4d140ec15,geometry_alpha_0p600,0.6,,
geometry_alpha_0p600,alpha_blend,False,0.8,0.643179178030725,0.7860199714693296,0.41996951219512196,0.9891465219536261,701,66,81,551,0.6339194830721853,0.49486955616157724,0.45530300315086275,2f1f47ae7f5e86eb3ecf36d9076c79c5ac6bd1adfcb1561db7b3d61a2ecbe896,fded8831ad809027efd079ae7a8567d6fcaf61c65c6a21076b5d466fdbf83ec6,geometry_alpha_0p600,0.6,,
geometry_alpha_0p600,alpha_blend,False,0.9,0.5327985806825548,0.9009661835748792,0.2842987804878049,0.9967110672586745,414,20,21,373,0.6339194830721853,0.49486955616157724,0.45530300315086275,2f1f47ae7f5e86eb3ecf36d9076c79c5ac6bd1adfcb1561db7b3d61a2ecbe896,6e50f56192ef90f811167a6f77d9ab09a6115f3ef9d8cc57e052532913ec5b10,geometry_alpha_0p600,0.6,,
geometry_alpha_0p600,alpha_blend,False,0.9887583568174823,0.00228310502283105,1.0,0.0007621951219512195,1.0,1,0,0,1,0.6339194830721853,0.49486955616157724,0.45530300315086275,2f1f47ae7f5e86eb3ecf36d9076c79c5ac6bd1adfcb1561db7b3d61a2ecbe896,b0b9f3e262a9dd08c5682b1a104e2e8dd63d058b573f15946621b7e9128b5be0,geometry_alpha_0p600,0.6,,
geometry_alpha_0p800,alpha_blend,False,0.017566962250852747,0.14756280263558638,0.05714760822570811,0.7858231707317073,0.6413418845584609,18041,2181,14263,1031,0.638665613113852,0.4997019875399914,0.45898880753428706,b6801924ea12c19792e2b0ab9b26549ca2cbc228d6f8427e73e958b1f4d4e0bd,28726fe13abdd4e306ddd22837672274f33e64785724b3e9add3fb4af2e9f156,geometry_alpha_0p800,0.8,,
geometry_alpha_0p800,alpha_blend,False,0.05,0.20511536903714914,0.08359158375468928,0.78125,0.723071863180398,12262,1684,9245,1025,0.638665613113852,0.4997019875399914,0.45898880753428706,b6801924ea12c19792e2b0ab9b26549ca2cbc228d6f8427e73e958b1f4d4e0bd,c116ff65cb056471496943cc891eed69c3ec42d7fd38be92cd0f761b1394a8de,geometry_alpha_0p800,0.8,,
geometry_alpha_0p800,alpha_blend,False,0.051960109774547646,0.20845388641648735,0.0852178250748254,0.78125,0.7261963492846571,12028,1665,9035,1025,0.638665613113852,0.4997019875399914,0.45898880753428706,b6801924ea12c19792e2b0ab9b26549ca2cbc228d6f8427e73e958b1f4d4e0bd,29e196b29c0768d12c9c65bf3edd12750e39252baf358dc258b6641457167fc9,geometry_alpha_0p800,0.8,,
geometry_alpha_0p800,alpha_blend,False,0.1,0.275906307520835,0.12028385570668243,0.7751524390243902,0.7876993915474428,8455,1291,5965,1017,0.638665613113852,0.4997019875399914,0.45898880753428706,b6801924ea12c19792e2b0ab9b26549ca2cbc228d6f8427e73e958b1f4d4e0bd,affe848d2d6cabd11b8be603689a17783175dabb51b68046c62cc51d67e77148,geometry_alpha_0p800,0.8,,
geometry_alpha_0p800,alpha_blend,False,0.13163666712916128,0.30936749457114615,0.1395316613551337,0.7675304878048781,0.8146686400263115,7217,1127,4953,1007,0.638665613113852,0.4997019875399914,0.45898880753428706,b6801924ea12c19792e2b0ab9b26549ca2cbc228d6f8427e73e958b1f4d4e0bd,2c2b75aede8e8ff02c1de23feaf7bcca2b7e3ebbf6083fcc2692c22bc411da25,geometry_alpha_0p800,0.8,,
geometry_alpha_0p800,alpha_blend,False,0.15,0.32999253918391097,0.15193120096560048,0.7675304878048781,0.8289754974510771,6628,1040,4473,1007,0.638665613113852,0.4997019875399914,0.45898880753428706,b6801924ea12c19792e2b0ab9b26549ca2cbc228d6f8427e73e958b1f4d4e0bd,4b186300d44d5381155fed05e5a4a481b93f20843031fdef7e67540859e516f0,geometry_alpha_0p800,0.8,,
geometry_alpha_0p800,alpha_blend,False,0.2,0.3770455488865435,0.18277194919933737,0.756859756097561,0.8590692320342049,5433,857,3519,993,0.638665613113852,0.4997019875399914,0.45898880753428706,b6801924ea12c19792e2b0ab9b26549ca2cbc228d6f8427e73e958b1f4d4e0bd,676b24506e972e163f91b18ee14ee50b2fe5f8c32a5cf022319be7f9838f34ad,geometry_alpha_0p800,0.8,,
geometry_alpha_0p800,alpha_blend,False,0.2351297817057669,0.40531575617824395,0.2032841405113282,0.7454268292682927,0.8765005755632297,4811,751,3032,978,0.638665613113852,0.4997019875399914,0.45898880753428706,b6801924ea12c19792e2b0ab9b26549ca2cbc228d6f8427e73e958b1f4d4e0bd,4fecf0f33e4b6e4fd8703ee8efcd35f01588c928cd4a242d80e4a415df175d00,geometry_alpha_0p800,0.8,,
geometry_alpha_0p800,alpha_blend,False,0.25,0.41745331558114335,0.21251089799476897,0.743140243902439,0.8809406347640191,4588,724,2843,975,0.638665613113852,0.4997019875399914,0.45898880753428706,b6801924ea12c19792e2b0ab9b26549ca2cbc228d6f8427e73e958b1f4d4e0bd,8990d21856ff914fad2b41d58b17ae993caca0df3044e2d6cff5b65dd274bf91,geometry_alpha_0p800,0.8,,
geometry_alpha_0p800,alpha_blend,False,0.3,0.4545495408733164,0.24244712990936557,0.7339939024390244,0.8985364249301102,3972,617,2359,963,0.638665613113852,0.4997019875399914,0.45898880753428706,b6801924ea12c19792e2b0ab9b26549ca2cbc228d6f8427e73e958b1f4d4e0bd,4dda3221241659f1a43d697b927f4f5f48bd3b3cf6ecbbf71e256a1884c917d7,geometry_alpha_0p800,0.8,,
geometry_alpha_0p800,alpha_blend,False,0.35,0.48876455381954476,0.27370252247028126,0.7195121951219512,0.9136655155402071,3449,525,1953,944,0.638665613113852,0.4997019875399914,0.45898880753428706,b6801924ea12c19792e2b0ab9b26549ca2cbc228d6f8427e73e958b1f4d4e0bd,fc270eb8a63198b40ada210b55fbe6fe1a00629b934421c04a9c57187d61c2aa,geometry_alpha_0p800,0.8,,
geometry_alpha_0p800,alpha_blend,False,0.4,0.5180431514246859,0.30394736842105263,0.7042682926829268,0.92501233349778,3040,456,1641,924,0.638665613113852,0.4997019875399914,0.45898880753428706,b6801924ea12c19792e2b0ab9b26549ca2cbc228d6f8427e73e958b1f4d4e0bd,d1a4a1d8983c56aed06d233fe93d4b93f644c0c68a99c7c2c01af4aabc01af83,geometry_alpha_0p800,0.8,,
geometry_alpha_0p800,alpha_blend,False,0.4939086746992172,0.5673102353874636,0.3657522859517872,0.6707317073170732,0.9406347640190758,2406,361,1154,880,0.638665613113852,0.4997019875399914,0.45898880753428706,b6801924ea12c19792e2b0ab9b26549ca2cbc228d6f8427e73e958b1f4d4e0bd,e7240be38b47c31adeb7ede987ab7dfc90c1ba2822708008405918a8846a96b1,geometry_alpha_0p800,0.8,,
geometry_alpha_0p800,alpha_blend,False,0.5,0.5703388717928067,0.370042194092827,0.6684451219512195,0.9419503371156059,2370,353,1128,877,0.638665613113852,0.4997019875399914,0.45898880753428706,b6801924ea12c19792e2b0ab9b26549ca2cbc228d6f8427e73e958b1f4d4e0bd,dfbfd51ca6858f80ad85df2d97caee9e2ef1bed96856f1cf34e8d208af8ef1c8,geometry_alpha_0p800,0.8,,
geometry_alpha_0p800,alpha_blend,False,0.6,0.6146186873142564,0.4454643628509719,0.6288109756097561,0.9560927479033053,1852,267,760,825,0.638665613113852,0.4997019875399914,0.45898880753428706,b6801924ea12c19792e2b0ab9b26549ca2cbc228d6f8427e73e958b1f4d4e0bd,4f8f27a0e5ac4f97116e2c7d9e08c51ddd1afc23c365d474b4c18f9e3e67e1b2,geometry_alpha_0p800,0.8,,
geometry_alpha_0p800,alpha_blend,False,0.7,0.6478657790413676,0.5332866152768044,0.5800304878048781,0.9695773721427396,1427,185,478,761,0.638665613113852,0.4997019875399914,0.45898880753428706,b6801924ea12c19792e2b0ab9b26549ca2cbc228d6f8427e73e958b1f4d4e0bd,501735968d30637dd0c7787b34817b17646cbf72b26d22140d9f70cc3181d07d,geometry_alpha_0p800,0.8,,
geometry_alpha_0p800,alpha_blend,False,0.7536415086509395,0.6675186634646283,0.6026600166251039,0.5525914634146342,0.9753330044400592,1203,150,325,725,0.638665613113852,0.4997019875399914,0.45898880753428706,b6801924ea12c19792e2b0ab9b26549ca2cbc228d6f8427e73e958b1f4d4e0bd,49feda3ac6240dc4ffdfd9f51e241d9de730045a6afe4e3e83f236a91e54ee38,geometry_alpha_0p800,0.8,,
geometry_alpha_0p800,alpha_blend,False,0.8,0.6708665981521057,0.6620959843290891,0.5152439024390244,0.9797730636408486,1021,123,221,676,0.638665613113852,0.4997019875399914,0.45898880753428706,b6801924ea12c19792e2b0ab9b26549ca2cbc228d6f8427e73e958b1f4d4e0bd,66377ee7f9fcbf2faaab619500d9ed58355158f8e548fad7a7dacdf904f0ad2b,geometry_alpha_0p800,0.8,,
geometry_alpha_0p800,alpha_blend,False,0.9,0.6238125023280278,0.8206785137318255,0.3871951219512195,0.992106561420819,619,48,62,508,0.638665613113852,0.4997019875399914,0.45898880753428706,b6801924ea12c19792e2b0ab9b26549ca2cbc228d6f8427e73e958b1f4d4e0bd,08a3df75ab5cf67a77ce7d1d8e84c7da42bd68f5fc2c56907dc5fc93906c287f,geometry_alpha_0p800,0.8,,
geometry_alpha_0p800,alpha_blend,False,0.9943477729266462,0.00228310502283105,1.0,0.0007621951219512195,1.0,1,0,0,1,0.638665613113852,0.4997019875399914,0.45898880753428706,b6801924ea12c19792e2b0ab9b26549ca2cbc228d6f8427e73e958b1f4d4e0bd,b0b9f3e262a9dd08c5682b1a104e2e8dd63d058b573f15946621b7e9128b5be0,geometry_alpha_0p800,0.8,,
geometry_alpha_1p000,alpha_blend,False,0.020832961680299675,0.14759752645716745,0.05714760822570811,0.7858231707317073,0.643315244203256,18041,2169,14288,1031,0.6203391093754008,0.4854247390380392,0.4436798759675635,b6bbb0506667e874b7c4d1cb933917bf9f261917855f4799ddc7628cfdd9e705,0046c307598aaff9b90aa0a2aaa09110151699c760f2a2d4d9fa38c1d72f5b16,geometry_risk_score,1.0,,
geometry_alpha_1p000,alpha_blend,False,0.05,0.19089568136862328,0.07676224611708482,0.7835365853658537,0.7082716658444335,13392,1774,10244,1028,0.6203391093754008,0.4854247390380392,0.4436798759675635,b6bbb0506667e874b7c4d1cb933917bf9f261917855f4799ddc7628cfdd9e705,e0bfb0b05f482bc4a0c2b6dc1720e216b523b39317935aee2a19728aa066fe64,geometry_risk_score,1.0,,
geometry_alpha_1p000,alpha_blend,False,0.06316327588687691,0.20854832974015633,0.0852178250748254,0.78125,0.7296497286630488,12028,1644,9061,1025,0.6203391093754008,0.4854247390380392,0.4436798759675635,b6bbb0506667e874b7c4d1cb933917bf9f261917855f4799ddc7628cfdd9e705,7606f7c6b55d5a058f46ca3eb866503ccaf4665272adc44c2940faa1267e306c,geometry_risk_score,1.0,,
geometry_alpha_1p000,alpha_blend,False,0.1,0.2540822044094109,0.10833685992382565,0.7804878048780488,0.7719125143890807,9452,1387,6837,1024,0.6203391093754008,0.4854247390380392,0.4436798759675635,b6bbb0506667e874b7c4d1cb933917bf9f261917855f4799ddc7628cfdd9e705,8e7707eee6c52c38fe79dc62cc7bbc8494ff86ae56bcd3430bc6410f03426d6e,geometry_risk_score,1.0,,
geometry_alpha_1p000,alpha_blend,False,0.15,0.3013784859352066,0.1347385272145144,0.7698170731707317,0.8107219207367209,7496,1151,5199,1010,0.6203391093754008,0.4854247390380392,0.4436798759675635,b6bbb0506667e874b7c4d1cb933917bf9f261917855f4799ddc7628cfdd9e705,3ddb83e547017e3aa05e557b0a1fb2dedb0ce27fa39be78516d1e0c7c232a92c,geometry_risk_score,1.0,,
geometry_alpha_1p000,alpha_blend,False,0.16029697861125775,0.3094936156610712,0.1395316613551337,0.7675304878048781,0.8172997862193718,7217,1111,4969,1007,0.6203391093754008,0.4854247390380392,0.4436798759675635,b6bbb0506667e874b7c4d1cb933917bf9f261917855f4799ddc7628cfdd9e705,c3851b7aad2581eee59f3ec5464bc922d6dea984d8ca32ee21b33e9683d3006f,geometry_risk_score,1.0,,
geometry_alpha_1p000,alpha_blend,False,0.2,0.3432440990869603,0.1601980514294841,0.7644817073170732,0.8404867620457162,6261,970,4195,1003,0.6203391093754008,0.4854247390380392,0.4436798759675635,b6bbb0506667e874b7c4d1cb933917bf9f261917855f4799ddc7628cfdd9e705,8be420b4523c5030c7751aac94f210b0780bf6600baf343a258449d537f65dc3,geometry_risk_score,1.0,,
geometry_alpha_1p000,alpha_blend,False,0.25,0.38302411046601675,0.18674698795180722,0.7560975609756098,0.865811544153922,5312,816,3443,992,0.6203391093754008,0.4854247390380392,0.4436798759675635,b6bbb0506667e874b7c4d1cb933917bf9f261917855f4799ddc7628cfdd9e705,a2df92f64c6619bb92750b0d264d126ef096a5ae65d5601bd25ad59832aba249,geometry_risk_score,1.0,,
geometry_alpha_1p000,alpha_blend,False,0.2856882247704501,0.4061926524579498,0.20369985450010392,0.7469512195121951,0.8789672751192238,4811,736,3049,980,0.6203391093754008,0.4854247390380392,0.4436798759675635,b6bbb0506667e874b7c4d1cb933917bf9f261917855f4799ddc7628cfdd9e705,e6b6da9962762c6940dee1f2c327136fd970fb671b46a6856eaae11260aca840,geometry_risk_score,1.0,,
geometry_alpha_1p000,alpha_blend,False,0.3,0.4149043356309035,0.21039017029532225,0.7439024390243902,0.8824206544976155,4639,715,2901,976,0.6203391093754008,0.4854247390380392,0.4436798759675635,b6bbb0506667e874b7c4d1cb933917bf9f261917855f4799ddc7628cfdd9e705,72645960ff76f99501b72973c6dd391d72793b27eed8695ed83d5546adaa41d2,geometry_risk_score,1.0,,
geometry_alpha_1p000,alpha_blend,False,0.35,0.44508190646369866,0.2346341463414634,0.7332317073170732,0.89722085183358,4100,625,2475,962,0.6203391093754008,0.4854247390380392,0.4436798759675635,b6bbb0506667e874b7c4d1cb933917bf9f261917855f4799ddc7628cfdd9e705,7e350658a03317478df0019f08ecd5c088da405cff8d64c88c04c58092c34c10,geometry_risk_score,1.0,,
geometry_alpha_1p000,alpha_blend,False,0.4,0.4729435802289644,0.2590065502183406,0.7233231707317073,0.9092254563394179,3664,552,2132,949,0.6203391093754008,0.4854247390380392,0.4436798759675635,b6bbb0506667e874b7c4d1cb933917bf9f261917855f4799ddc7628cfdd9e705,1eb94e41f9fd089a44bffbbbbf46a35331c7577adb808e2411e6f29fc81312dd,geometry_risk_score,1.0,,
geometry_alpha_1p000,alpha_blend,False,0.5,0.5251125626325263,0.31218014329580346,0.6974085365853658,0.9294523926985693,2931,429,1570,915,0.6203391093754008,0.4854247390380392,0.4436798759675635,b6bbb0506667e874b7c4d1cb933917bf9f261917855f4799ddc7628cfdd9e705,ab97ef1a8bc11633e49870a8a6134d3a20ebcccc61ee46497ba581895ad9f1c9,geometry_risk_score,1.0,,
geometry_alpha_1p000,alpha_blend,False,0.5939388056636019,0.5679449359241652,0.3661679135494597,0.6714939024390244,0.9416214438414734,2406,355,1161,881,0.6203391093754008,0.4854247390380392,0.4436798759675635,b6bbb0506667e874b7c4d1cb933917bf9f261917855f4799ddc7628cfdd9e705,47e28d2117fdab16a3a077b04dabd196cb0f8fd973eb821a4107cbaf0b3e9e23,geometry_risk_score,1.0,,
geometry_alpha_1p000,alpha_blend,False,0.6,0.572823210114502,0.3720439189189189,0.6714939024390244,0.9432659102121361,2368,345,1132,881,0.6203391093754008,0.4854247390380392,0.4436798759675635,b6bbb0506667e874b7c4d1cb933917bf9f261917855f4799ddc7628cfdd9e705,2e58931c61a79c0f688761e1a2c75f528cbcdf8aad9726b038b83aee9e38813d,geometry_risk_score,1.0,,
geometry_alpha_1p000,alpha_blend,False,0.7,0.607271276686251,0.4326722338204593,0.631859756097561,0.9557638546291728,1916,269,817,829,0.6203391093754008,0.4854247390380392,0.4436798759675635,b6bbb0506667e874b7c4d1cb933917bf9f261917855f4799ddc7628cfdd9e705,9da0a5f86797d06fa86c388acabaa8dae00b4992022f9787c7fa323fb71cd14f,geometry_risk_score,1.0,,
geometry_alpha_1p000,alpha_blend,False,0.8,0.6411320383632982,0.510862409479921,0.5914634146341463,0.9699062654168722,1519,183,558,776,0.6203391093754008,0.4854247390380392,0.4436798759675635,b6bbb0506667e874b7c4d1cb933917bf9f261917855f4799ddc7628cfdd9e705,d68ce691c05ac152acc1c6ca25e51df54e2ae01edec173af633cb8f8def0bf8e,geometry_risk_score,1.0,,
geometry_alpha_1p000,alpha_blend,False,0.8751956997231441,0.6656903065279554,0.600166251039069,0.5503048780487805,0.9773063640848545,1203,138,340,722,0.6203391093754008,0.4854247390380392,0.4436798759675635,b6bbb0506667e874b7c4d1cb933917bf9f261917855f4799ddc7628cfdd9e705,02b4f1770222d19bfac954907a0de5b9abeab58c3f1dc729de7b81c008593d5d,geometry_risk_score,1.0,,
geometry_alpha_1p000,alpha_blend,False,0.9,0.668688859119831,0.6357798165137615,0.5282012195121951,0.9801019569149811,1090,121,274,693,0.6203391093754008,0.4854247390380392,0.4436798759675635,b6bbb0506667e874b7c4d1cb933917bf9f261917855f4799ddc7628cfdd9e705,c9dad0eefa3b148d3c4e0bd6726bad2fedac2d20c9fe982217b102d6420d666f,geometry_risk_score,1.0,,
geometry_alpha_1p000,alpha_blend,False,0.9999555693870115,0.00228310502283105,1.0,0.0007621951219512195,1.0,1,0,0,1,0.6203391093754008,0.4854247390380392,0.4436798759675635,b6bbb0506667e874b7c4d1cb933917bf9f261917855f4799ddc7628cfdd9e705,e6f3188abdfaa3dfffd4ab93fc9caed363ccd296615db9078ab045c573e5081e,geometry_risk_score,1.0,,
class_reliability_gamma_0p250,class_scaled_raw,True,0.0016670769737520631,0.1447008551863503,0.0562053101269331,0.7728658536585366,0.6073014306857425,18041,2388,13858,1014,0.6170233612011476,0.48385609323415624,0.4450960784167092,5ee34a8e4e97f0a0695276dceab62329be983565696a01dc336ce4d30ef1985f,9f113b302e6bedfd6bf2bbeb5e0593bece4bf60980c7a2fbb03a696d2c4b752c,class_reliability_gamma_0p250,,0.25,
class_reliability_gamma_0p250,class_scaled_raw,True,0.0038616105102007043,0.2020509943661771,0.0829730628533422,0.760670731707317,0.6752178917941127,12028,1975,8572,998,0.6170233612011476,0.48385609323415624,0.4450960784167092,5ee34a8e4e97f0a0695276dceab62329be983565696a01dc336ce4d30ef1985f,94c817a9911c41d4e016d7b71f1c3cb1c61e1e5b8f184dfa0c61237620ed7504,class_reliability_gamma_0p250,,0.25,
class_reliability_gamma_0p250,class_scaled_raw,True,0.01062167174806546,0.29421825583761707,0.1331578218096162,0.7324695121951219,0.7567834237789837,7217,1479,4537,961,0.6170233612011476,0.48385609323415624,0.4450960784167092,5ee34a8e4e97f0a0695276dceab62329be983565696a01dc336ce4d30ef1985f,bfe7c616a6ad2eb53fda054e5c0e05a0fcddf92772f3816024e76cd09ef5c270,class_reliability_gamma_0p250,,0.25,
class_reliability_gamma_0p250,class_scaled_raw,True,0.023011111860338416,0.38433450859063417,0.193099147786323,0.708079268292683,0.8232198651537577,4811,1075,2692,929,0.6170233612011476,0.48385609323415624,0.4450960784167092,5ee34a8e4e97f0a0695276dceab62329be983565696a01dc336ce4d30ef1985f,f95b511f7143d12e1e364f21cbd3f0a5422d584bd42e2c30e8d1c0db9693aff5,class_reliability_gamma_0p250,,0.25,
class_reliability_gamma_0p250,class_scaled_raw,True,0.05,0.47325570471612105,0.27061376317420954,0.6653963414634146,0.8765005755632297,3226,751,1558,873,0.6170233612011476,0.48385609323415624,0.4450960784167092,5ee34a8e4e97f0a0695276dceab62329be983565696a01dc336ce4d30ef1985f,3d67e17693c92c9909d6c92313a2a7586732d24093e246ae474f1ee6443e5a98,class_reliability_gamma_0p250,,0.25,
class_reliability_gamma_0p250,class_scaled_raw,True,0.08676299288198525,0.5353013297718153,0.3428927680798005,0.6288109756097561,0.9110343693471469,2406,541,1028,825,0.6170233612011476,0.48385609323415624,0.4450960784167092,5ee34a8e4e97f0a0695276dceab62329be983565696a01dc336ce4d30ef1985f,5e757a1f07f934b970be2d3466f359a46cdc7c35f10565c0dc595bd6511a42a7,class_reliability_gamma_0p250,,0.25,
class_reliability_gamma_0p250,class_scaled_raw,True,0.1,0.5554024504339619,0.36944696282864914,0.6211890243902439,0.9217234007564545,2206,476,907,815,0.6170233612011476,0.48385609323415624,0.4450960784167092,5ee34a8e4e97f0a0695276dceab62329be983565696a01dc336ce4d30ef1985f,2386e942811665d06170c4fda37c4f7bc2002fd9430010b31c89f27eef511118,class_reliability_gamma_0p250,,0.25,
class_reliability_gamma_0p250,class_scaled_raw,True,0.15,0.5947056132079482,0.4337950138504155,0.5967987804878049,0.940141424107877,1805,364,654,783,0.6170233612011476,0.48385609323415624,0.4450960784167092,5ee34a8e4e97f0a0695276dceab62329be983565696a01dc336ce4d30ef1985f,a152ee346ef99d633565bf230f5ebfedeb0892e93e2c5907809eb598435598f2,class_reliability_gamma_0p250,,0.25,
class_reliability_gamma_0p250,class_scaled_raw,True,0.2,0.6246096446498475,0.4954188481675393,0.5769817073170732,0.9511593487913172,1528,297,476,757,0.6170233612011476,0.48385609323415624,0.4450960784167092,5ee34a8e4e97f0a0695276dceab62329be983565696a01dc336ce4d30ef1985f,49f27236d8dc7e195781bab728b25caacf4a8ca7c602f58d10749e74707da981,class_reliability_gamma_0p250,,0.25,
class_reliability_gamma_0p250,class_scaled_raw,True,0.25,0.6362706804715986,0.5392670157068062,0.5495426829268293,0.960697253741161,1337,239,380,721,0.6170233612011476,0.48385609323415624,0.4450960784167092,5ee34a8e4e97f0a0695276dceab62329be983565696a01dc336ce4d30ef1985f,46ea31839e631c7da7b51917a6be51fd9b0d6f2c2cbdbf292dc455e96b2c03e2,class_reliability_gamma_0p250,,0.25,
class_reliability_gamma_0p250,class_scaled_raw,True,0.29115070135252763,0.6452864078630535,0.5785536159600998,0.5304878048780488,0.9656306528531492,1203,209,299,696,0.6170233612011476,0.48385609323415624,0.4450960784167092,5ee34a8e4e97f0a0695276dceab62329be983565696a01dc336ce4d30ef1985f,f4673139092e7c91fb7313b5f613c50949de35a1abccbdb8184e736bfd35efb9,class_reliability_gamma_0p250,,0.25,
class_reliability_gamma_0p250,class_scaled_raw,True,0.3,0.6464259024176567,0.5855932203389831,0.5266768292682927,0.9666173326755468,1180,203,288,691,0.6170233612011476,0.48385609323415624,0.4450960784167092,5ee34a8e4e97f0a0695276dceab62329be983565696a01dc336ce4d30ef1985f,be3a4df79051b067aabd3838f6ed8f85a45e52e4d474a333645bded52aeac2ba,class_reliability_gamma_0p250,,0.25,
class_reliability_gamma_0p250,class_scaled_raw,True,0.35,0.6454634279387164,0.6155285313376988,0.5015243902439024,0.9715507317875349,1069,173,239,658,0.6170233612011476,0.48385609323415624,0.4450960784167092,5ee34a8e4e97f0a0695276dceab62329be983565696a01dc336ce4d30ef1985f,663cb9c99c481e8cee5f1bb24f29701f0e1417a0ba89f48c6426330772b61b4b,class_reliability_gamma_0p250,,0.25,
class_reliability_gamma_0p250,class_scaled_raw,True,0.4,0.643898514541321,0.6564482029598309,0.4733231707317073,0.9774708107219208,946,137,185,621,0.6170233612011476,0.48385609323415624,0.4450960784167092,5ee34a8e4e97f0a0695276dceab62329be983565696a01dc336ce4d30ef1985f,46adff84fc7fbaa81db4c71cc7542f4e0b0a3712aa999974a2961715ffc7efb0,class_reliability_gamma_0p250,,0.25,
class_reliability_gamma_0p250,class_scaled_raw,True,0.5,0.6350662077655742,0.7429718875502008,0.42301829268292684,0.9861864824864331,747,84,104,555,0.6170233612011476,0.48385609323415624,0.4450960784167092,5ee34a8e4e97f0a0695276dceab62329be983565696a01dc336ce4d30ef1985f,87a310ca65485157f449e76a9d76ab973645c73aa1ce63d58136823c6a8db44b,class_reliability_gamma_0p250,,0.25,
class_reliability_gamma_0p250,class_scaled_raw,True,0.6,0.6059600671132791,0.8158783783783784,0.36814024390243905,0.9912843282354876,592,53,53,483,0.6170233612011476,0.48385609323415624,0.4450960784167092,5ee34a8e4e97f0a0695276dceab62329be983565696a01dc336ce4d30ef1985f,58e3752b4c2698a7fdb8c5c2ce4fa27e1257c07597254626743da1eab8453feb,class_reliability_gamma_0p250,,0.25,
class_reliability_gamma_0p250,class_scaled_raw,True,0.7,0.5396942316771828,0.873015873015873,0.2934451219512195,0.994573260976813,441,33,22,385,0.6170233612011476,0.48385609323415624,0.4450960784167092,5ee34a8e4e97f0a0695276dceab62329be983565696a01dc336ce4d30ef1985f,3c9bd80481955b0992435cd1d938cb1c780ed2bd62245820dba714efa83ca01b,class_reliability_gamma_0p250,,0.25,
class_reliability_gamma_0p250,class_scaled_raw,True,0.8,0.37724840896617007,0.9369747899159664,0.16996951219512196,0.9983555336293373,238,10,5,223,0.6170233612011476,0.48385609323415624,0.4450960784167092,5ee34a8e4e97f0a0695276dceab62329be983565696a01dc336ce4d30ef1985f,3b21dd937712b8f5b59e2fc398daebbad4590d328b82238a5189d2edff2cae27,class_reliability_gamma_0p250,,0.25,
class_reliability_gamma_0p250,class_scaled_raw,True,0.9,0.1463905776665068,0.9861111111111112,0.054115853658536585,0.9998355533629337,72,1,0,71,0.6170233612011476,0.48385609323415624,0.4450960784167092,5ee34a8e4e97f0a0695276dceab62329be983565696a01dc336ce4d30ef1985f,38926bd910b603726a6b461b0e80b543f99757c17b3df00ce7448b8de5c5c361,class_reliability_gamma_0p250,,0.25,
class_reliability_gamma_0p250,class_scaled_raw,True,0.9677776098251344,0.00228310502283105,1.0,0.0007621951219512195,1.0,1,0,0,1,0.6170233612011476,0.48385609323415624,0.4450960784167092,5ee34a8e4e97f0a0695276dceab62329be983565696a01dc336ce4d30ef1985f,4c20fb13d218638de4a7db0f7445e6270fd1d73c50d6602cb71c58d63cbc3136,class_reliability_gamma_0p250,,0.25,
class_reliability_gamma_0p500,class_scaled_raw,True,0.0015000500940453043,0.1446477263175721,0.0562053101269331,0.7728658536585366,0.6045058378556158,18041,2405,13838,1014,0.6170233612011476,0.48385609323415624,0.4450960784167092,c77f59aea2fe3c5d5944e80d0de14380ce485bb6eb3fba931255fa4bb93e2efd,50117e935326e610847ac0525c5981ccd65ceb9a6dcf1646efdb50efd766a671,class_reliability_gamma_0p500,,0.5,
class_reliability_gamma_0p500,class_scaled_raw,True,0.0034658500570731074,0.20200180274981117,0.0829730628533422,0.760670731707317,0.6735734254234501,12028,1985,8562,998,0.6170233612011476,0.48385609323415624,0.4450960784167092,c77f59aea2fe3c5d5944e80d0de14380ce485bb6eb3fba931255fa4bb93e2efd,f9049446f8fc23a682584b35bcc0b8cea27249a2abcd4c5651a2346d95acd690,class_reliability_gamma_0p500,,0.5,
class_reliability_gamma_0p500,class_scaled_raw,True,0.009522925449308307,0.29440154401557345,0.13329638353886655,0.7332317073170732,0.7551389574083209,7217,1489,4529,962,0.6170233612011476,0.48385609323415624,0.4450960784167092,c77f59aea2fe3c5d5944e80d0de14380ce485bb6eb3fba931255fa4bb93e2efd,c2dd87cb149f756d35441711be3c76d4cf0c102a40b9b80f085dbbfb647c1ace,class_reliability_gamma_0p500,,0.5,
class_reliability_gamma_0p500,class_scaled_raw,True,0.020861127664909367,0.3841668423522512,0.193099147786323,0.708079268292683,0.8209176122348298,4811,1089,2678,929,0.6170233612011476,0.48385609323415624,0.4450960784167092,c77f59aea2fe3c5d5944e80d0de14380ce485bb6eb3fba931255fa4bb93e2efd,8bec625293af725c8a9c98245c381ab606309e06df4c6350a09955fc6e1ebeba,class_reliability_gamma_0p500,,0.5,
class_reliability_gamma_0p500,class_scaled_raw,True,0.05,0.4834412263872221,0.28156606851549754,0.6577743902439024,0.882091761223483,3065,717,1446,863,0.6170233612011476,0.48385609323415624,0.4450960784167092,c77f59aea2fe3c5d5944e80d0de14380ce485bb6eb3fba931255fa4bb93e2efd,54af7e36238344595b3216c39c0a1a49a255175627868e87e86819f76f75ea7a,class_reliability_gamma_0p500,,0.5,
class_reliability_gamma_0p500,class_scaled_raw,True,0.07802948135518363,0.5352255866705798,0.3428927680798005,0.6288109756097561,0.9103765827988818,2406,545,1022,825,0.6170233612011476,0.48385609323415624,0.4450960784167092,c77f59aea2fe3c5d5944e80d0de14380ce485bb6eb3fba931255fa4bb93e2efd,18be7798b684ae5789ee168df1cbe0bcddec9a9f5f6c5e1c8593e93ff97fac7f,class_reliability_gamma_0p500,,0.5,
class_reliability_gamma_0p500,class_scaled_raw,True,0.1,0.5652338718058181,0.3847255369928401,0.614329268292683,0.9255056734089788,2095,453,831,806,0.6170233612011476,0.48385609323415624,0.4450960784167092,c77f59aea2fe3c5d5944e80d0de14380ce485bb6eb3fba931255fa4bb93e2efd,2ece3fc2a367816391ecb46bfcbe91d48414c72fc60e1f070d8f7bd9d088240f,class_reliability_gamma_0p500,,0.5,
class_reliability_gamma_0p500,class_scaled_raw,True,0.15,0.6037388351619369,0.452046783625731,0.5891768292682927,0.943759250123335,1710,342,593,773,0.6170233612011476,0.48385609323415624,0.4450960784167092,c77f59aea2fe3c5d5944e80d0de14380ce485bb6eb3fba931255fa4bb93e2efd,444c6434a4edffce1bd569104a60e497517b1abaccad11a4e50c5673b6b93244,class_reliability_gamma_0p500,,0.5,
class_reliability_gamma_0p500,class_scaled_raw,True,0.2,0.6302324716598231,0.5134761575673807,0.5663109756097561,0.955270514717974,1447,272,432,743,0.6170233612011476,0.48385609323415624,0.4450960784167092,c77f59aea2fe3c5d5944e80d0de14380ce485bb6eb3fba931255fa4bb93e2efd,3157c86fedbb285ac21d9e1c6dad56fb03004c4308b5fb81e4d6e144d8d218c5,class_reliability_gamma_0p500,,0.5,
class_reliability_gamma_0p500,class_scaled_raw,True,0.25,0.6393191237169797,0.5608,0.5342987804878049,0.9636572932083539,1250,221,330,701,0.6170233612011476,0.48385609323415624,0.4450960784167092,c77f59aea2fe3c5d5944e80d0de14380ce485bb6eb3fba931255fa4bb93e2efd,4391a33b68c9b3808e13cb0b00ff112446a33701ca22f3ce3ba2d69b5831e0d4,class_reliability_gamma_0p500,,0.5,
class_reliability_gamma_0p500,class_scaled_raw,True,0.2639494100814788,0.6430738429407569,0.5760598503740648,0.5282012195121951,0.9653017595790166,1203,211,300,693,0.6170233612011476,0.48385609323415624,0.4450960784167092,c77f59aea2fe3c5d5944e80d0de14380ce485bb6eb3fba931255fa4bb93e2efd,7aa0b92f19d8b8a29f1b86be162094450d64d2a24b47e97b7673a98e8e332130,class_reliability_gamma_0p500,,0.5,
class_reliability_gamma_0p500,class_scaled_raw,True,0.3,0.6435817693702857,0.6014427412082958,0.5083841463414634,0.9692484788686071,1109,187,256,667,0.6170233612011476,0.48385609323415624,0.4450960784167092,c77f59aea2fe3c5d5944e80d0de14380ce485bb6eb3fba931255fa4bb93e2efd,8473614f79d983945da4b7b7753bca95828bed9e13b236e132954b9cb82f2833,class_reliability_gamma_0p500,,0.5,
class_reliability_gamma_0p500,class_scaled_raw,True,0.35,0.6424172755393522,0.6418367346938776,0.4794207317073171,0.9746752178917941,980,154,197,629,0.6170233612011476,0.48385609323415624,0.4450960784167092,c77f59aea2fe3c5d5944e80d0de14380ce485bb6eb3fba931255fa4bb93e2efd,690f65f39c7142b4249186423dfa6146ef6403448a198c167d573fccf67558de,class_reliability_gamma_0p500,,0.5,
class_reliability_gamma_0p500,class_scaled_raw,True,0.4,0.6392846443012314,0.6933962264150944,0.4481707317073171,0.9810886367373787,848,115,141,588,0.6170233612011476,0.48385609323415624,0.4450960784167092,c77f59aea2fe3c5d5944e80d0de14380ce485bb6eb3fba931255fa4bb93e2efd,3ce9997dcf7f72b999060a4f86d8c6ecfb77ab226793087a23036de0921520e7,class_reliability_gamma_0p500,,0.5,
class_reliability_gamma_0p500,class_scaled_raw,True,0.5,0.6225573728719085,0.7784431137724551,0.39634146341463417,0.9889820753165598,668,67,78,520,0.6170233612011476,0.48385609323415624,0.4450960784167092,c77f59aea2fe3c5d5944e80d0de14380ce485bb6eb3fba931255fa4bb93e2efd,36db4df1447f83f708c7c990331a34593bc37c491792bbcf098821f24a9b298e,class_reliability_gamma_0p500,,0.5,
class_reliability_gamma_0p500,class_scaled_raw,True,0.6,0.5739581195165271,0.8454011741682974,0.32926829268292684,0.9930932412432166,511,42,36,432,0.6170233612011476,0.48385609323415624,0.4450960784167092,c77f59aea2fe3c5d5944e80d0de14380ce485bb6eb3fba931255fa4bb93e2efd,acf00edc433a4939d19d6b290ce394923e6e31e4b4c926cd22e1f79dd38ca3bb,class_reliability_gamma_0p500,,0.5,
class_reliability_gamma_0p500,class_scaled_raw,True,0.7,0.44575778410207245,0.890625,0.21722560975609756,0.9962177273474757,320,23,11,285,0.6170233612011476,0.48385609323415624,0.4450960784167092,c77f59aea2fe3c5d5944e80d0de14380ce485bb6eb3fba931255fa4bb93e2efd,00ad7b6a5f546a576e796e7fa86de2826b3dc0210a80c8b72d97ec244c573c67,class_reliability_gamma_0p500,,0.5,
class_reliability_gamma_0p500,class_scaled_raw,True,0.8,0.27202938948737054,0.9605263157894737,0.11128048780487805,0.9991777668146686,152,5,1,146,0.6170233612011476,0.48385609323415624,0.4450960784167092,c77f59aea2fe3c5d5944e80d0de14380ce485bb6eb3fba931255fa4bb93e2efd,6a4b8a2ff3f836e0db539b8399e4c213006383456e59c7844eb48efcae2bbbfa,class_reliability_gamma_0p500,,0.5,
class_reliability_gamma_0p500,class_scaled_raw,True,0.9,0.12943540716733917,0.9841269841269841,0.04725609756097561,0.9998355533629337,63,1,0,62,0.6170233612011476,0.48385609323415624,0.4450960784167092,c77f59aea2fe3c5d5944e80d0de14380ce485bb6eb3fba931255fa4bb93e2efd,25a84e083e40fe19cfc0424b8e5e8829ccd826941de590543d8fd8d8f77bdf15,class_reliability_gamma_0p500,,0.5,
class_reliability_gamma_0p500,class_scaled_raw,True,0.9677776098251344,0.00228310502283105,1.0,0.0007621951219512195,1.0,1,0,0,1,0.6170233612011476,0.48385609323415624,0.4450960784167092,c77f59aea2fe3c5d5944e80d0de14380ce485bb6eb3fba931255fa4bb93e2efd,4c20fb13d218638de4a7db0f7445e6270fd1d73c50d6602cb71c58d63cbc3136,class_reliability_gamma_0p500,,0.5,
class_reliability_gamma_0p750,class_scaled_raw,True,0.00134325766640069,0.1447411442784269,0.05626073942686104,0.7736280487804879,0.6025324782108206,18041,2417,13821,1015,0.6170233612011476,0.48385609323415624,0.4450960784167092,7a223463a6cf803663497c329bb89958a8579e658e548bf96c7753eee381cffe,283ec5be8f2b5c7fce589321bb1335eb7f9320064f695c9cdd716d8a366f69be,class_reliability_gamma_0p750,,0.75,
class_reliability_gamma_0p750,class_scaled_raw,True,0.003114067080902607,0.20216418465146638,0.08305620219487862,0.7614329268292683,0.672915638875185,12028,1989,8554,999,0.6170233612011476,0.48385609323415624,0.4450960784167092,7a223463a6cf803663497c329bb89958a8579e658e548bf96c7753eee381cffe,50ab89003e08d094ce31eb679e50fddc1ddaeef49f1f7eb39a9828cd6b18a875,class_reliability_gamma_0p750,,0.75,
class_reliability_gamma_0p750,class_scaled_raw,True,0.008548487263207573,0.294276213317596,0.13329638353886655,0.7332317073170732,0.7526722578523269,7217,1504,4516,962,0.6170233612011476,0.48385609323415624,0.4450960784167092,7a223463a6cf803663497c329bb89958a8579e658e548bf96c7753eee381cffe,d07345082e40fc2f75374809adf0835e932863891bc4cfda811016c6a281d990,class_reliability_gamma_0p750,,0.75,
class_reliability_gamma_0p750,class_scaled_raw,True,0.018873130463023267,0.38439533766982387,0.19330700478071086,0.7088414634146342,0.8192731458641671,4811,1099,2665,930,0.6170233612011476,0.48385609323415624,0.4450960784167092,7a223463a6cf803663497c329bb89958a8579e658e548bf96c7753eee381cffe,30a96ad66b9f1f67ac7cecf167934c76820097c07ba96c4b88c893121426ce47,class_reliability_gamma_0p750,,0.75,
class_reliability_gamma_0p750,class_scaled_raw,True,0.05,0.4958671568268269,0.2949292859606761,0.6516768292682927,0.8889985199802664,2899,675,1334,855,0.6170233612011476,0.48385609323415624,0.4450960784167092,7a223463a6cf803663497c329bb89958a8579e658e548bf96c7753eee381cffe,fa67002eb2f3bcc2513139af06733e9babc6125cad16862cb96e0da36ef29df9,class_reliability_gamma_0p750,,0.75,
class_reliability_gamma_0p750,class_scaled_raw,True,0.07050012476622536,0.534609225054997,0.342477140482128,0.6280487804878049,0.9095543496135504,2406,550,1015,824,0.6170233612011476,0.48385609323415624,0.4450960784167092,7a223463a6cf803663497c329bb89958a8579e658e548bf96c7753eee381cffe,59ac7b38ffdaa9d77b76dd82158e976a0bc78c7e1397c5561d3f3f6e89899bc7,class_reliability_gamma_0p750,,0.75,
class_reliability_gamma_0p750,class_scaled_raw,True,0.1,0.5737053192006459,0.3986013986013986,0.6082317073170732,0.9291234994244367,2002,431,767,798,0.6170233612011476,0.48385609323415624,0.4450960784167092,7a223463a6cf803663497c329bb89958a8579e658e548bf96c7753eee381cffe,8b685e4a1e9317aae5b786e9bc922d38478a2d997e70106563e079913bbff9e2,class_reliability_gamma_0p750,,0.75,
class_reliability_gamma_0p750,class_scaled_raw,True,0.15,0.613912626297459,0.47332506203473945,0.5815548780487805,0.9483637559611906,1612,314,532,763,0.6170233612011476,0.48385609323415624,0.4450960784167092,7a223463a6cf803663497c329bb89958a8579e658e548bf96c7753eee381cffe,5060ecebb6b54bb26f821106288f1d5a22cd0fa49f8613d77fdbfa2647fa81f6,class_reliability_gamma_0p750,,0.75,
class_reliability_gamma_0p750,class_scaled_raw,True,0.2,0.6327640150202563,0.5304029304029304,0.551829268292683,0.9582305541851669,1365,254,387,724,0.6170233612011476,0.48385609323415624,0.4450960784167092,7a223463a6cf803663497c329bb89958a8579e658e548bf96c7753eee381cffe,3b6502e97e43fafd274d92ce1890bfcab8f64be1f463412fab5cbcf736ca104f,class_reliability_gamma_0p750,,0.75,
class_reliability_gamma_0p750,class_scaled_raw,True,0.23969855470834123,0.6408335639671908,0.57356608478803,0.5259146341463414,0.9648084196678178,1203,214,299,690,0.6170233612011476,0.48385609323415624,0.4450960784167092,7a223463a6cf803663497c329bb89958a8579e658e548bf96c7753eee381cffe,416a831a127ad97604bb9857c3449253b4fe04fa9e96b9aa4e8750fed3c5faf0,class_reliability_gamma_0p750,,0.75,
class_reliability_gamma_0p750,class_scaled_raw,True,0.25,0.6430376067790599,0.5841161400512382,0.5213414634146342,0.9659595461272817,1171,207,281,684,0.6170233612011476,0.48385609323415624,0.4450960784167092,7a223463a6cf803663497c329bb89958a8579e658e548bf96c7753eee381cffe,24d340fdfe85f27b0b85df371fc912cb806e3ba2a8cfcb2d5e4be1d442da9a79,class_reliability_gamma_0p750,,0.75,
class_reliability_gamma_0p750,class_scaled_raw,True,0.3,0.6449540876444203,0.6292682926829268,0.4916158536585366,0.9725374116099326,1025,167,213,645,0.6170233612011476,0.48385609323415624,0.4450960784167092,7a223463a6cf803663497c329bb89958a8579e658e548bf96c7753eee381cffe,6a0fe4802f13748fc55a6d23769c26e13b9c76eb8fdbaf7415b85f2c16e4b032,class_reliability_gamma_0p750,,0.75,
class_reliability_gamma_0p750,class_scaled_raw,True,0.35,0.6400133160478418,0.6745230078563412,0.4580792682926829,0.9786219371813847,891,130,157,601,0.6170233612011476,0.48385609323415624,0.4450960784167092,7a223463a6cf803663497c329bb89958a8579e658e548bf96c7753eee381cffe,2ce9e537f0cda667ebe88a6f5ccb3f4a25f782980b0abc9350fcf29a0aa80adc,class_reliability_gamma_0p750,,0.75,
class_reliability_gamma_0p750,class_scaled_raw,True,0.4,0.632144964718052,0.7296587926509186,0.42378048780487804,0.9847064627528367,762,93,109,556,0.6170233612011476,0.48385609323415624,0.4450960784167092,7a223463a6cf803663497c329bb89958a8579e658e548bf96c7753eee381cffe,f397f1e82799914e1feb2fb8bf584c9313c7092b291b7eaaad3ce7c3723e2c07,class_reliability_gamma_0p750,,0.75,
class_reliability_gamma_0p750,class_scaled_raw,True,0.5,0.6018905857818958,0.8053691275167785,0.36585365853658536,0.9907909883242888,596,56,57,480,0.6170233612011476,0.48385609323415624,0.4450960784167092,7a223463a6cf803663497c329bb89958a8579e658e548bf96c7753eee381cffe,b3c9a7a68679c8d3df4e9ff97e4aff9a832dee8750c439e957ce4c0ee6d4d061,class_reliability_gamma_0p750,,0.75,
class_reliability_gamma_0p750,class_scaled_raw,True,0.6,0.5087021545673809,0.8666666666666667,0.26753048780487804,0.9944088143397467,405,34,20,351,0.6170233612011476,0.48385609323415624,0.4450960784167092,7a223463a6cf803663497c329bb89958a8579e658e548bf96c7753eee381cffe,7336eaad8677882d07963f2555400c86147cae353bb8bc4d714d204836014beb,class_reliability_gamma_0p750,,0.75,
class_reliability_gamma_0p750,class_scaled_raw,True,0.7,0.36208591467088064,0.9137931034482759,0.16158536585365854,0.9976977470810722,232,14,6,212,0.6170233612011476,0.48385609323415624,0.4450960784167092,7a223463a6cf803663497c329bb89958a8579e658e548bf96c7753eee381cffe,0a709a7b3128b4c05271519eda7c65a85bea0f3173e318f1f4dc236a39f8aec5,class_reliability_gamma_0p750,,0.75,
class_reliability_gamma_0p750,class_scaled_raw,True,0.8,0.22614576455190197,0.9512195121951219,0.08917682926829268,0.9991777668146686,123,5,1,117,0.6170233612011476,0.48385609323415624,0.4450960784167092,7a223463a6cf803663497c329bb89958a8579e658e548bf96c7753eee381cffe,bc76655f19c3d7ccb9a1a0b89880c5e59f3e214e39893a283f9ee99fd7b65e28,class_reliability_gamma_0p750,,0.75,
class_reliability_gamma_0p750,class_scaled_raw,True,0.9,0.11016949152542373,1.0,0.039634146341463415,1.0,52,0,0,52,0.6170233612011476,0.48385609323415624,0.4450960784167092,7a223463a6cf803663497c329bb89958a8579e658e548bf96c7753eee381cffe,a6af4e5936f2bb17d73cb3d45dd61727c046d791487d3190632d1bb29be4c525,class_reliability_gamma_0p750,,0.75,
class_reliability_gamma_0p750,class_scaled_raw,True,0.9677776098251344,0.00228310502283105,1.0,0.0007621951219512195,1.0,1,0,0,1,0.6170233612011476,0.48385609323415624,0.4450960784167092,7a223463a6cf803663497c329bb89958a8579e658e548bf96c7753eee381cffe,4c20fb13d218638de4a7db0f7445e6270fd1d73c50d6602cb71c58d63cbc3136,class_reliability_gamma_0p750,,0.75,
class_reliability_gamma_1p000,class_scaled_raw,True,0.0012136133542941132,0.14473481469759297,0.05626073942686104,0.7736280487804879,0.602203584936688,18041,2419,13815,1015,0.6170233612011476,0.48385609323415624,0.4450960784167092,dbf1306b43b52901de52ad7b117b57be8bdd2d44361ba272961ffe1283dbec5b,f074eae73c9ec47d26881678766805079aea16cafc829fa34178d6923b31cef9,class_reliability_gamma_1p000,,1.0,
class_reliability_gamma_1p000,class_scaled_raw,True,0.0027964806366171367,0.20211956832248693,0.08305620219487862,0.7614329268292683,0.6714356191415886,12028,1998,8544,999,0.6170233612011476,0.48385609323415624,0.4450960784167092,dbf1306b43b52901de52ad7b117b57be8bdd2d44361ba272961ffe1283dbec5b,406cc61292ddf06be312dfb1e5da7b7c25eb3cb3b4b7366bc1610452be6d30b0,class_reliability_gamma_1p000,,1.0,
class_reliability_gamma_1p000,class_scaled_raw,True,0.007719743599375403,0.2942174808418734,0.13329638353886655,0.7332317073170732,0.751521131392863,7217,1511,4501,962,0.6170233612011476,0.48385609323415624,0.4450960784167092,dbf1306b43b52901de52ad7b117b57be8bdd2d44361ba272961ffe1283dbec5b,81b6bd23e5ddd23dcfdd482f2d01b7575141b2ee3262cd9d09bba39107996eec,class_reliability_gamma_1p000,,1.0,
class_reliability_gamma_1p000,class_scaled_raw,True,0.01707125052095545,0.383240576337597,0.1926834337975473,0.7065548780487805,0.8177931261305706,4811,1108,2656,927,0.6170233612011476,0.48385609323415624,0.4450960784167092,dbf1306b43b52901de52ad7b117b57be8bdd2d44361ba272961ffe1283dbec5b,138247426aec69d54ac47ce44977456f52f00725371f6362af9a33f6bb920af2,class_reliability_gamma_1p000,,1.0,
class_reliability_gamma_1p000,class_scaled_raw,True,0.05,0.5068041555510387,0.3081416575392479,0.6432926829268293,0.8931096859069232,2739,650,1217,844,0.6170233612011476,0.48385609323415624,0.4450960784167092,dbf1306b43b52901de52ad7b117b57be8bdd2d44361ba272961ffe1283dbec5b,2c6511744369aa7f57528ffeee698e356be5ab2a44e0a3261c67b180dc269c50,class_reliability_gamma_1p000,,1.0,
class_reliability_gamma_1p000,class_scaled_raw,True,0.06365641247429141,0.536135050488339,0.34372402327514545,0.6303353658536586,0.9092254563394179,2406,552,1009,827,0.6170233612011476,0.48385609323415624,0.4450960784167092,dbf1306b43b52901de52ad7b117b57be8bdd2d44361ba272961ffe1283dbec5b,890878c003c214403c22de84eef668f120c858f0525f110a9fee80ecf8bba065,class_reliability_gamma_1p000,,1.0,
class_reliability_gamma_1p000,class_scaled_raw,True,0.1,0.580225790344225,0.41151832460732984,0.5990853658536586,0.9335635586252261,1910,404,712,786,0.6170233612011476,0.48385609323415624,0.4450960784167092,dbf1306b43b52901de52ad7b117b57be8bdd2d44361ba272961ffe1283dbec5b,e275c25686497604f7c5d62e1fb6ea8917420b96124864a890490e34274402b3,class_reliability_gamma_1p000,,1.0,
class_reliability_gamma_1p000,class_scaled_raw,True,0.15,0.6219430977564218,0.49407114624505927,0.5716463414634146,0.9521460286137149,1518,291,475,750,0.6170233612011476,0.48385609323415624,0.4450960784167092,dbf1306b43b52901de52ad7b117b57be8bdd2d44361ba272961ffe1283dbec5b,c24e76f79f42bd2d5cfdfc3530af74340d3143e1566b10fc011d4d12ac89a9b8,class_reliability_gamma_1p000,,1.0,
class_reliability_gamma_1p000,class_scaled_raw,True,0.2,0.6366716064083034,0.5520751761942052,0.5373475609756098,0.9618483802006249,1277,232,340,705,0.6170233612011476,0.48385609323415624,0.4450960784167092,dbf1306b43b52901de52ad7b117b57be8bdd2d44361ba272961ffe1283dbec5b,3001b1f7bc9689049c1efcb6f84b883cfef5d8ffe9a5306032688c7a25d58b27,class_reliability_gamma_1p000,,1.0,
class_reliability_gamma_1p000,class_scaled_raw,True,0.219220590282296,0.6384456860698203,0.571072319201995,0.5236280487804879,0.9633283999342214,1203,223,294,687,0.6170233612011476,0.48385609323415624,0.4450960784167092,dbf1306b43b52901de52ad7b117b57be8bdd2d44361ba272961ffe1283dbec5b,7623b23cde536317eb0b8ba9a741b465d760853022893d6604f2c3721d3f2017,class_reliability_gamma_1p000,,1.0,
class_reliability_gamma_1p000,class_scaled_raw,True,0.25,0.6422632245282796,0.6014492753623188,0.5060975609756098,0.968590692320342,1104,191,247,664,0.6170233612011476,0.48385609323415624,0.4450960784167092,dbf1306b43b52901de52ad7b117b57be8bdd2d44361ba272961ffe1283dbec5b,3353718c92468d5362d335aec56a06dc6474607cf2814fc02c5574e001bf0858,class_reliability_gamma_1p000,,1.0,
class_reliability_gamma_1p000,class_scaled_raw,True,0.3,0.6379776280351374,0.6517571884984026,0.46646341463414637,0.9763196842624569,939,144,180,612,0.6170233612011476,0.48385609323415624,0.4450960784167092,dbf1306b43b52901de52ad7b117b57be8bdd2d44361ba272961ffe1283dbec5b,e9c2e7f525d9fe039b4cc16437ab39001a170556f4e0224f817cfff217baeaa2,class_reliability_gamma_1p000,,1.0,
class_reliability_gamma_1p000,class_scaled_raw,True,0.35,0.6297591808957833,0.7027363184079602,0.43064024390243905,0.9817464232856438,804,111,125,565,0.6170233612011476,0.48385609323415624,0.4450960784167092,dbf1306b43b52901de52ad7b117b57be8bdd2d44361ba272961ffe1283dbec5b,b53b94ac2ce47ab8bbb26992c98923257125182340e1ea2e6c5d8b82fc1ce569,class_reliability_gamma_1p000,,1.0,
class_reliability_gamma_1p000,class_scaled_raw,True,0.4,0.6195681657610982,0.7550432276657061,0.39939024390243905,0.9863509291234994,694,83,85,524,0.6170233612011476,0.48385609323415624,0.4450960784167092,dbf1306b43b52901de52ad7b117b57be8bdd2d44361ba272961ffe1283dbec5b,a5153ee21a6e8f1dd43e0818c1c6aed83481140f7b0cb90b2a4fd5ae44a9db3b,class_reliability_gamma_1p000,,1.0,
class_reliability_gamma_1p000,class_scaled_raw,True,0.5,0.5503099707623933,0.8252032520325203,0.3094512195121951,0.9919421147837527,492,49,36,406,0.6170233612011476,0.48385609323415624,0.4450960784167092,dbf1306b43b52901de52ad7b117b57be8bdd2d44361ba272961ffe1283dbec5b,cd407956c2d2db3e17db1981753f8b426f8130c2260f3659dcaef0792d1afafb,class_reliability_gamma_1p000,,1.0,
class_reliability_gamma_1p000,class_scaled_raw,True,0.6,0.44156622129977946,0.8920634920634921,0.21417682926829268,0.9960532807104094,315,24,10,281,0.6170233612011476,0.48385609323415624,0.4450960784167092,dbf1306b43b52901de52ad7b117b57be8bdd2d44361ba272961ffe1283dbec5b,02065bc466e3a4cbf082d2ce3443fa7f82cbcbc34a71c062f8ed54d2838eb0e8,class_reliability_gamma_1p000,,1.0,
class_reliability_gamma_1p000,class_scaled_raw,True,0.7,0.29339610268587485,0.930635838150289,0.12271341463414634,0.9985199802664035,173,9,2,161,0.6170233612011476,0.48385609323415624,0.4450960784167092,dbf1306b43b52901de52ad7b117b57be8bdd2d44361ba272961ffe1283dbec5b,16fcf1a3f882eb1ace9f53944cde050a98c5aacb5e1f7cfd98c574585649377e,class_reliability_gamma_1p000,,1.0,
class_reliability_gamma_1p000,class_scaled_raw,True,0.8,0.21301935943226824,0.956140350877193,0.08307926829268293,0.9993422134517349,114,4,1,109,0.6170233612011476,0.48385609323415624,0.4450960784167092,dbf1306b43b52901de52ad7b117b57be8bdd2d44361ba272961ffe1283dbec5b,9f041076fb07202c0e21ecdd66b2e5e640b757c4770e1141cec250524428074f,class_reliability_gamma_1p000,,1.0,
class_reliability_gamma_1p000,class_scaled_raw,True,0.9,0.08213256484149856,1.0,0.028963414634146343,1.0,38,0,0,38,0.6170233612011476,0.48385609323415624,0.4450960784167092,dbf1306b43b52901de52ad7b117b57be8bdd2d44361ba272961ffe1283dbec5b,02ad19f87cdc5c3da2c375d0ed6ad007478b52f77b3ea9d556d296707f3622d5,class_reliability_gamma_1p000,,1.0,
class_reliability_gamma_1p000,class_scaled_raw,True,0.9677776098251344,0.00228310502283105,1.0,0.0007621951219512195,1.0,1,0,0,1,0.6170233612011476,0.48385609323415624,0.4450960784167092,dbf1306b43b52901de52ad7b117b57be8bdd2d44361ba272961ffe1283dbec5b,4c20fb13d218638de4a7db0f7445e6270fd1d73c50d6602cb71c58d63cbc3136,class_reliability_gamma_1p000,,1.0,
raw_light_geom_gate_0p050,light_geometry_gate,False,0.001763830850240264,0.14469462811420652,0.0562053101269331,0.7728658536585366,0.60697253741161,18041,2390,13867,1014,0.6168546255156805,0.4837142096033057,0.4450145230875816,0828033d45f3122dac1b065f7bbecccc9e5d760ac2372c1caf14bd3b538e99a2,5590cc4a1895749064c86b2fd6b721f6fc18510dbe9959766656b1e65e2fa714,raw_light_geom_gate_0p050,,,0.05
raw_light_geom_gate_0p050,light_geometry_gate,False,0.004113790824336652,0.202080405931968,0.0829730628533422,0.760670731707317,0.6762045716165104,12028,1969,8582,998,0.6168546255156805,0.4837142096033057,0.4450145230875816,0828033d45f3122dac1b065f7bbecccc9e5d760ac2372c1caf14bd3b538e99a2,b2f77ab556650c1a6b4a3ddfe2ddff9d5b20a0e2ec02c3d1e4146f6e7ef2595d,raw_light_geom_gate_0p050,,,0.05
raw_light_geom_gate_0p050,light_geometry_gate,False,0.011319182375140546,0.29515026252731386,0.13357350699736734,0.7347560975609756,0.759414569972044,7217,1463,4557,964,0.6168546255156805,0.4837142096033057,0.4450145230875816,0828033d45f3122dac1b065f7bbecccc9e5d760ac2372c1caf14bd3b538e99a2,a1069d2720eb9b8927020fee744933df71fee9a61cf44ee51b75a4b45bd92a6e,raw_light_geom_gate_0p050,,,0.05
raw_light_geom_gate_0p050,light_geometry_gate,False,0.024588505965839398,0.38445378619240955,0.193099147786323,0.708079268292683,0.8248643315244203,4811,1065,2708,929,0.6168546255156805,0.4837142096033057,0.4450145230875816,0828033d45f3122dac1b065f7bbecccc9e5d760ac2372c1caf14bd3b538e99a2,27149f26dd5a167c3d0d715a6cef537070942c0cbc1ecb3064739948c298374d,raw_light_geom_gate_0p050,,,0.05
raw_light_geom_gate_0p050,light_geometry_gate,False,0.05,0.46679064435626083,0.26351956976396773,0.6722560975609756,0.8737049827331032,3347,768,1651,882,0.6168546255156805,0.4837142096033057,0.4450145230875816,0828033d45f3122dac1b065f7bbecccc9e5d760ac2372c1caf14bd3b538e99a2,fd18f6d1e26644a27abf3d088eb7d60688312612c598d69c78c771b147529448,raw_light_geom_gate_0p050,,,0.05
raw_light_geom_gate_0p050,light_geometry_gate,False,0.09211647297503002,0.536496181798488,0.34372402327514545,0.6303353658536586,0.9123499424436771,2406,533,1036,827,0.6168546255156805,0.4837142096033057,0.4450145230875816,0828033d45f3122dac1b065f7bbecccc9e5d760ac2372c1caf14bd3b538e99a2,cfcfa25deda6aea67ef57396cf5292c58f97db360c75da9ede7c29407df577b8,raw_light_geom_gate_0p050,,,0.05
raw_light_geom_gate_0p050,light_geometry_gate,False,0.1,0.5454782871156925,0.3553826199740597,0.6265243902439024,0.9176122348297977,2313,501,981,822,0.6168546255156805,0.4837142096033057,0.4450145230875816,0828033d45f3122dac1b065f7bbecccc9e5d760ac2372c1caf14bd3b538e99a2,884c31aa3bb8129526bdc41462ad048af8ce4097f06424c3a048090bf64ecde5,raw_light_geom_gate_0p050,,,0.05
raw_light_geom_gate_0p050,light_geometry_gate,False,0.15,0.5895468455720844,0.4224826851358551,0.604420731707317,0.9370169380036178,1877,383,699,793,0.6168546255156805,0.4837142096033057,0.4450145230875816,0828033d45f3122dac1b065f7bbecccc9e5d760ac2372c1caf14bd3b538e99a2,180a9dbc1848b5ca3fdd62acb16017fb888044a7ece55d1819834b9eb11f2d31,raw_light_geom_gate_0p050,,,0.05
raw_light_geom_gate_0p050,light_geometry_gate,False,0.2,0.615243052401695,0.47456575682382135,0.583079268292683,0.9488570958723894,1612,311,537,765,0.6168546255156805,0.4837142096033057,0.4450145230875816,0828033d45f3122dac1b065f7bbecccc9e5d760ac2372c1caf14bd3b538e99a2,fd6ef05472042cf88e0fc3ae0e77e0c89f5d9d6d3a2714abb5d6baff17983cb5,raw_light_geom_gate_0p050,,,0.05
raw_light_geom_gate_0p050,light_geometry_gate,False,0.25,0.6336527932033758,0.5210970464135021,0.5647865853658537,0.957079427725703,1422,261,424,741,0.6168546255156805,0.4837142096033057,0.4450145230875816,0828033d45f3122dac1b065f7bbecccc9e5d760ac2372c1caf14bd3b538e99a2,ef42d8ca87d7dbdb464aeb8b2e07afa538793ee9f5b3bc78cfdaac23079788cc,raw_light_geom_gate_0p050,,,0.05
raw_light_geom_gate_0p050,light_geometry_gate,False,0.3,0.6437680259913917,0.5650438946528332,0.5396341463414634,0.9641506331195527,1253,218,330,708,0.6168546255156805,0.4837142096033057,0.4450145230875816,0828033d45f3122dac1b065f7bbecccc9e5d760ac2372c1caf14bd3b538e99a2,5f749f6b8920e4726007aa0242a065179317f5218f069056991ea45acc68569e,raw_light_geom_gate_0p050,,,0.05
raw_light_geom_gate_0p050,light_geometry_gate,False,0.3188919476373197,0.6474461791524225,0.5810473815461347,0.5327743902439024,0.9656306528531492,1203,209,298,699,0.6168546255156805,0.4837142096033057,0.4450145230875816,0828033d45f3122dac1b065f7bbecccc9e5d760ac2372c1caf14bd3b538e99a2,15c432707263dae6dcf93e8b0180a2f52887a8654bd637eee9e401ed31dc517d,raw_light_geom_gate_0p050,,,0.05
raw_light_geom_gate_0p050,light_geometry_gate,False,0.35,0.6449706220188467,0.5955947136563877,0.5152439024390244,0.9694129255056734,1135,186,274,676,0.6168546255156805,0.4837142096033057,0.4450145230875816,0828033d45f3122dac1b065f7bbecccc9e5d760ac2372c1caf14bd3b538e99a2,eadcde13892bdae325cb64528446cd2aeb036afefef16c25bd68fea738da0e69,raw_light_geom_gate_0p050,,,0.05
raw_light_geom_gate_0p050,light_geometry_gate,False,0.4,0.6463334446642227,0.629126213592233,0.49390243902439024,0.9733596447952639,1030,162,222,648,0.6168546255156805,0.4837142096033057,0.4450145230875816,0828033d45f3122dac1b065f7bbecccc9e5d760ac2372c1caf14bd3b538e99a2,461caebb891d3f437f56b9ade867cab787b6e889ff2a21cb4b4ae815a177c228,raw_light_geom_gate_0p050,,,0.05
raw_light_geom_gate_0p050,light_geometry_gate,False,0.5,0.642967976549898,0.7130647130647131,0.4451219512195122,0.9833908896563065,819,101,130,584,0.6168546255156805,0.4837142096033057,0.4450145230875816,0828033d45f3122dac1b065f7bbecccc9e5d760ac2372c1caf14bd3b538e99a2,75fc35f52a772a23e2c8deaffc04867c1d743d0edb19843f0c331a4ca69dd759,raw_light_geom_gate_0p050,,,0.05
raw_light_geom_gate_0p050,light_geometry_gate,False,0.6,0.6234752325946671,0.7767857142857143,0.3978658536585366,0.9891465219536261,672,66,80,522,0.6168546255156805,0.4837142096033057,0.4450145230875816,0828033d45f3122dac1b065f7bbecccc9e5d760ac2372c1caf14bd3b538e99a2,fa0b4a6549a7986f359c3cb15b2a538b08aaf503d34f927865ab00fd6e51cb86,raw_light_geom_gate_0p050,,,0.05
raw_light_geom_gate_0p050,light_geometry_gate,False,0.7,0.5824542279034055,0.832089552238806,0.3399390243902439,0.9929287946061504,536,43,44,446,0.6168546255156805,0.4837142096033057,0.4450145230875816,0828033d45f3122dac1b065f7bbecccc9e5d760ac2372c1caf14bd3b538e99a2,c8d736d7f82653b317a67f1b1986d30412ec8afdcc1b7ec3ef9f31f3296905d9,raw_light_geom_gate_0p050,,,0.05
raw_light_geom_gate_0p050,light_geometry_gate,False,0.8,0.5070774451921244,0.91005291005291,0.2621951219512195,0.9965466206216083,378,21,13,344,0.6168546255156805,0.4837142096033057,0.4450145230875816,0828033d45f3122dac1b065f7bbecccc9e5d760ac2372c1caf14bd3b538e99a2,b624ac29d3df40a4ffad49eef8cf59c7082b801559c5cccbb84faac1e1cfd263,raw_light_geom_gate_0p050,,,0.05
raw_light_geom_gate_0p050,light_geometry_gate,False,0.9,0.3048848870727045,0.9710982658959537,0.12804878048780488,0.9995066600888012,173,3,1,168,0.6168546255156805,0.4837142096033057,0.4450145230875816,0828033d45f3122dac1b065f7bbecccc9e5d760ac2372c1caf14bd3b538e99a2,e68bef6dfbd00dcaada9bbdb97b451249472d6b3011c62f5a11752ec58cbc4bc,raw_light_geom_gate_0p050,,,0.05
raw_light_geom_gate_0p050,light_geometry_gate,False,0.9719870559081953,0.00228310502283105,1.0,0.0007621951219512195,1.0,1,0,0,1,0.6168546255156805,0.4837142096033057,0.4450145230875816,0828033d45f3122dac1b065f7bbecccc9e5d760ac2372c1caf14bd3b538e99a2,b0b9f3e262a9dd08c5682b1a104e2e8dd63d058b573f15946621b7e9128b5be0,raw_light_geom_gate_0p050,,,0.05
raw_light_geom_gate_0p100,light_geometry_gate,False,0.0016741230994099356,0.14496042822444005,0.05631616872678898,0.774390243902439,0.6071369840486762,18041,2389,13867,1016,0.6172405906260561,0.4840933007970942,0.44527917371108733,008c432fdca8946f19de955d383fc44adea3aff13e74d0db1f6279634f79dec8,27f70eaa2d3677a8dc05b758060fa4a1e60adb1068c30b86ce34c77a31d6d868,raw_light_geom_gate_0p100,,,0.1
raw_light_geom_gate_0p100,light_geometry_gate,False,0.003916144688540055,0.202080405931968,0.0829730628533422,0.760670731707317,0.6762045716165104,12028,1969,8581,998,0.6172405906260561,0.4840933007970942,0.44527917371108733,008c432fdca8946f19de955d383fc44adea3aff13e74d0db1f6279634f79dec8,0129e70a48eff460d6cc00553a8264749f752d823c6d981d20c0b02c4287662f,raw_light_geom_gate_0p100,,,0.1
raw_light_geom_gate_0p100,light_geometry_gate,False,0.01082760639990901,0.2951585410031722,0.13357350699736734,0.7347560975609756,0.7595790166091103,7217,1462,4559,964,0.6172405906260561,0.4840933007970942,0.44527917371108733,008c432fdca8946f19de955d383fc44adea3aff13e74d0db1f6279634f79dec8,c391dd19a8ecec75b4996f62942d4c0bbf3c4fb5069bc447aedeab5adf40ab8e,raw_light_geom_gate_0p100,,,0.1
raw_light_geom_gate_0p100,light_geometry_gate,False,0.023627483236603578,0.3844894911808182,0.193099147786323,0.708079268292683,0.8253576714356191,4811,1062,2710,929,0.6172405906260561,0.4840933007970942,0.44527917371108733,008c432fdca8946f19de955d383fc44adea3aff13e74d0db1f6279634f79dec8,8c9de06a7cbf44874ec9e7576b8e3d9c5c52503c0bec3756b73237b63a687eb4,raw_light_geom_gate_0p100,,,0.1
raw_light_geom_gate_0p100,light_geometry_gate,False,0.05,0.47115132585442876,0.267515923566879,0.6722560975609756,0.8758427890149646,3297,755,1618,882,0.6172405906260561,0.4840933007970942,0.44527917371108733,008c432fdca8946f19de955d383fc44adea3aff13e74d0db1f6279634f79dec8,e4dfca70090f3464891b87d313f000031603fb8f510e876611e79231051f075d,raw_light_geom_gate_0p100,,,0.1
raw_light_geom_gate_0p100,light_geometry_gate,False,0.08981865834505916,0.5375958823925466,0.34455527847049044,0.631859756097561,0.9128432823548759,2406,530,1038,829,0.6172405906260561,0.4840933007970942,0.44527917371108733,008c432fdca8946f19de955d383fc44adea3aff13e74d0db1f6279634f79dec8,daedd71edcb424bfce8e136064ee7db6e4a0381883696218a2cc0477df917c4a,raw_light_geom_gate_0p100,,,0.1
raw_light_geom_gate_0p100,light_geometry_gate,False,0.1,0.5498155357432829,0.361074416556583,0.625,0.9200789343857918,2271,486,956,820,0.6172405906260561,0.4840933007970942,0.44527917371108733,008c432fdca8946f19de955d383fc44adea3aff13e74d0db1f6279634f79dec8,7b95162d83726ddbe278708e63be9ffc0641569b1f549bfbbc6cb358a18e75b5,raw_light_geom_gate_0p100,,,0.1
raw_light_geom_gate_0p100,light_geometry_gate,False,0.15,0.5930195546049809,0.42749326145552563,0.604420731707317,0.9388258510113469,1855,372,686,793,0.6172405906260561,0.4840933007970942,0.44527917371108733,008c432fdca8946f19de955d383fc44adea3aff13e74d0db1f6279634f79dec8,255432e303f8b248e5e66a913b4fd6b3ffbbccd619a0301139892a8e42ab05bd,raw_light_geom_gate_0p100,,,0.1
raw_light_geom_gate_0p100,light_geometry_gate,False,0.2,0.6165232414772958,0.4772017489069332,0.5823170731707317,0.9495148824206545,1601,307,532,764,0.6172405906260561,0.4840933007970942,0.44527917371108733,008c432fdca8946f19de955d383fc44adea3aff13e74d0db1f6279634f79dec8,182bc68c30eec221933ba262ed1dac40a557fcd68269441c74b3cbe77f32539c,raw_light_geom_gate_0p100,,,0.1
raw_light_geom_gate_0p100,light_geometry_gate,False,0.25,0.634248030772708,0.523371104815864,0.5632621951219512,0.9579016609110343,1412,256,421,739,0.6172405906260561,0.4840933007970942,0.44527917371108733,008c432fdca8946f19de955d383fc44adea3aff13e74d0db1f6279634f79dec8,c84f3fe814cab1662aedb1c2c7d2606eb3962fd9287a39a634df22cdc747f11e,raw_light_geom_gate_0p100,,,0.1
raw_light_geom_gate_0p100,light_geometry_gate,False,0.3,0.6443318859501177,0.5679806918744972,0.538109756097561,0.964315079756619,1243,217,323,706,0.6172405906260561,0.4840933007970942,0.44527917371108733,008c432fdca8946f19de955d383fc44adea3aff13e74d0db1f6279634f79dec8,cd7c5e3a86666e94dc477d979f4763d60a3d1c4d3c148b9a2c11602c686d811f,raw_light_geom_gate_0p100,,,0.1
raw_light_geom_gate_0p100,light_geometry_gate,False,0.3162166469125552,0.6481898767008133,0.5818786367414797,0.5335365853658537,0.9657950994902155,1203,208,298,700,0.6172405906260561,0.4840933007970942,0.44527917371108733,008c432fdca8946f19de955d383fc44adea3aff13e74d0db1f6279634f79dec8,af6f4266409d90a8bf59592b1ec11364c92ecfc95a40cd6bf6e8e7b60b4b531b,raw_light_geom_gate_0p100,,,0.1
raw_light_geom_gate_0p100,light_geometry_gate,False,0.35,0.6455085319125335,0.5978742249778565,0.5144817073170732,0.9697418187798059,1129,184,271,675,0.6172405906260561,0.4840933007970942,0.44527917371108733,008c432fdca8946f19de955d383fc44adea3aff13e74d0db1f6279634f79dec8,b9025b555062450fea1bdddaf932aa53664cefc715d95439a202902f3dbfe016,raw_light_geom_gate_0p100,,,0.1
raw_light_geom_gate_0p100,light_geometry_gate,False,0.4,0.648626963518442,0.6361848574237955,0.49314024390243905,0.9751685578029929,1017,151,218,647,0.6172405906260561,0.4840933007970942,0.44527917371108733,008c432fdca8946f19de955d383fc44adea3aff13e74d0db1f6279634f79dec8,a02c584234d24725492eb87a6682cd6218caa500a1d7fd3d16d629a4a23a6fc5,raw_light_geom_gate_0p100,,,0.1
raw_light_geom_gate_0p100,light_geometry_gate,False,0.5,0.6437236042012161,0.7156862745098039,0.4451219512195122,0.983719782930439,816,99,129,584,0.6172405906260561,0.4840933007970942,0.44527917371108733,008c432fdca8946f19de955d383fc44adea3aff13e74d0db1f6279634f79dec8,4ec8858679de0d1f558f77ddf4ce2b181d310258b7bb5c9efe648b0c543ec79d,raw_light_geom_gate_0p100,,,0.1
raw_light_geom_gate_0p100,light_geometry_gate,False,0.6,0.6230276997290444,0.7776119402985074,0.39710365853658536,0.9891465219536261,670,66,79,521,0.6172405906260561,0.4840933007970942,0.44527917371108733,008c432fdca8946f19de955d383fc44adea3aff13e74d0db1f6279634f79dec8,e4d8c1b052385add181ec7e67fb2f0bffb1ef9a6e67cd9c4ed5514a45fa92002,raw_light_geom_gate_0p100,,,0.1
raw_light_geom_gate_0p100,light_geometry_gate,False,0.7,0.5819288512180456,0.8333333333333334,0.3391768292682927,0.9930932412432166,534,42,44,445,0.6172405906260561,0.4840933007970942,0.44527917371108733,008c432fdca8946f19de955d383fc44adea3aff13e74d0db1f6279634f79dec8,348e40239b4c0c58a52c93429498d39172c696055dc6c5420a0daeadeb368225,raw_light_geom_gate_0p100,,,0.1
raw_light_geom_gate_0p100,light_geometry_gate,False,0.8,0.5061015947978118,0.9098143236074271,0.2614329268292683,0.9965466206216083,377,21,13,343,0.6172405906260561,0.4840933007970942,0.44527917371108733,008c432fdca8946f19de955d383fc44adea3aff13e74d0db1f6279634f79dec8,31d437c826c8e90071f823ec44f11bb5426dc98ce4e5dcac44697d3747764c11,raw_light_geom_gate_0p100,,,0.1
raw_light_geom_gate_0p100,light_geometry_gate,False,0.9,0.30343730353685233,0.9709302325581395,0.12728658536585366,0.9995066600888012,172,3,1,167,0.6172405906260561,0.4840933007970942,0.44527917371108733,008c432fdca8946f19de955d383fc44adea3aff13e74d0db1f6279634f79dec8,01548456ebf3c36a57ce634fd912935ea0732ba356f081ae50d00e40a2da9444,raw_light_geom_gate_0p100,,,0.1
raw_light_geom_gate_0p100,light_geometry_gate,False,0.9719840033264006,0.00228310502283105,1.0,0.0007621951219512195,1.0,1,0,0,1,0.6172405906260561,0.4840933007970942,0.44527917371108733,008c432fdca8946f19de955d383fc44adea3aff13e74d0db1f6279634f79dec8,b0b9f3e262a9dd08c5682b1a104e2e8dd63d058b573f15946621b7e9128b5be0,raw_light_geom_gate_0p100,,,0.1
raw_light_geom_gate_0p200,light_geometry_gate,False,0.0014986760559512475,0.14510112478600584,0.05637159802671692,0.7751524390243902,0.607630323959875,18041,2386,13868,1017,0.6177193844785162,0.48435047705171075,0.44555712277464316,1c6e94068d62563ef321ee5ed6f5606b37f9c56fc5481a032cf702c97ac7f158,dd9eb7df43eb950ac940b44ef19b447f468031e18da4a9085b8e497d6a733a3e,raw_light_geom_gate_0p200,,,0.2
raw_light_geom_gate_0p200,light_geometry_gate,False,0.0035197744640624077,0.20208530034778308,0.0829730628533422,0.760670731707317,0.6763690182535766,12028,1968,8582,998,0.6177193844785162,0.48435047705171075,0.44555712277464316,1c6e94068d62563ef321ee5ed6f5606b37f9c56fc5481a032cf702c97ac7f158,908ce0130b96c0c81f86bf9e8283956042ebd1d0faf2789b976f5f789a975cb7,raw_light_geom_gate_0p200,,,0.2
raw_light_geom_gate_0p200,light_geometry_gate,False,0.009803208342300947,0.2956831339394511,0.1338506304558681,0.7362804878048781,0.759414569972044,7217,1463,4559,966,0.6177193844785162,0.48435047705171075,0.44555712277464316,1c6e94068d62563ef321ee5ed6f5606b37f9c56fc5481a032cf702c97ac7f158,ca5dfddf4ed96fbc2c1f7194662281e994f58dfb6384c8f25108111633272af5,raw_light_geom_gate_0p200,,,0.2
raw_light_geom_gate_0p200,light_geometry_gate,False,0.02169922527742169,0.3852242709280245,0.19351486177509875,0.7096036585365854,0.8258510113468179,4811,1059,2711,931,0.6177193844785162,0.48435047705171075,0.44555712277464316,1c6e94068d62563ef321ee5ed6f5606b37f9c56fc5481a032cf702c97ac7f158,6079ecfb9b59225ce144a1938313debd9495c0f0387d3bb18ae0451f283579e6,raw_light_geom_gate_0p200,,,0.2
raw_light_geom_gate_0p200,light_geometry_gate,False,0.05,0.4797434655142105,0.2757537688442211,0.6692073170731707,0.8829139944088144,3184,712,1553,878,0.6177193844785162,0.48435047705171075,0.44555712277464316,1c6e94068d62563ef321ee5ed6f5606b37f9c56fc5481a032cf702c97ac7f158,5e00864e9f630ce11370ee1a244b4a716ff3b43b1021bfee3da2f9a2c71c210a,raw_light_geom_gate_0p200,,,0.2
raw_light_geom_gate_0p200,light_geometry_gate,False,0.08477735806674012,0.5386949884572213,0.34538653366583544,0.6333841463414634,0.9133366222660747,2406,527,1039,831,0.6177193844785162,0.48435047705171075,0.44555712277464316,1c6e94068d62563ef321ee5ed6f5606b37f9c56fc5481a032cf702c97ac7f158,fddf7ca2baa22bd6a8a505944b1ee664e377ed886d6ca39918445de1e63ed10e,raw_light_geom_gate_0p200,,,0.2
raw_light_geom_gate_0p200,light_geometry_gate,False,0.1,0.5567213359876819,0.36975169300225735,0.6242378048780488,0.9240256536753824,2215,462,924,819,0.6177193844785162,0.48435047705171075,0.44555712277464316,1c6e94068d62563ef321ee5ed6f5606b37f9c56fc5481a032cf702c97ac7f158,aa3a8ffff8c026e1dc3479d3e21b8dd0c11e3eefd59bdc2b463631b185b5f3af,raw_light_geom_gate_0p200,,,0.2
raw_light_geom_gate_0p200,light_geometry_gate,False,0.15,0.5980350620266671,0.4359823399558499,0.6021341463414634,0.9416214438414734,1812,355,663,790,0.6177193844785162,0.48435047705171075,0.44555712277464316,1c6e94068d62563ef321ee5ed6f5606b37f9c56fc5481a032cf702c97ac7f158,7ce3783aa1be36d4fcda42a2861342510385c9241077c00e7ac0db0ee6345303,raw_light_geom_gate_0p200,,,0.2
raw_light_geom_gate_0p200,light_geometry_gate,False,0.2,0.6217277237119152,0.48721227621483376,0.5807926829268293,0.9514882420654498,1564,295,509,762,0.6177193844785162,0.48435047705171075,0.44555712277464316,1c6e94068d62563ef321ee5ed6f5606b37f9c56fc5481a032cf702c97ac7f158,b912a2dded2220a63de40137689164b143c46bb2ff7e6f13b34fd946f6fef7c7,raw_light_geom_gate_0p200,,,0.2
raw_light_geom_gate_0p200,light_geometry_gate,False,0.25,0.6367943990390299,0.5314989138305576,0.5594512195121951,0.9595461272816971,1381,246,405,734,0.6177193844785162,0.48435047705171075,0.44555712277464316,1c6e94068d62563ef321ee5ed6f5606b37f9c56fc5481a032cf702c97ac7f158,f60ad017c8dbd349fd5a1c600857deecb30b9e4002ce307905562c3306320a3c,raw_light_geom_gate_0p200,,,0.2
raw_light_geom_gate_0p200,light_geometry_gate,False,0.3,0.646672215904428,0.5741042345276873,0.5373475609756098,0.9649728663048841,1228,213,313,705,0.6177193844785162,0.48435047705171075,0.44555712277464316,1c6e94068d62563ef321ee5ed6f5606b37f9c56fc5481a032cf702c97ac7f158,378bf354e9b48d312d50b6f467120c76f6187eefe28d49a93a2846f24054aaaa,raw_light_geom_gate_0p200,,,0.2
raw_light_geom_gate_0p200,light_geometry_gate,False,0.30918893602225744,0.6483132500379467,0.5818786367414797,0.5335365853658537,0.9666173326755468,1203,203,300,700,0.6177193844785162,0.48435047705171075,0.44555712277464316,1c6e94068d62563ef321ee5ed6f5606b37f9c56fc5481a032cf702c97ac7f158,820a1be93d1a98649867a2ce88d6cb34ab8456999d47a91dfef466fd5483c075,raw_light_geom_gate_0p200,,,0.2
raw_light_geom_gate_0p200,light_geometry_gate,False,0.35,0.6475275825959527,0.60595130748422,0.5121951219512195,0.9705640519651373,1109,179,259,672,0.6177193844785162,0.48435047705171075,0.44555712277464316,1c6e94068d62563ef321ee5ed6f5606b37f9c56fc5481a032cf702c97ac7f158,729bcbe7c9fc4f885a31ac32708c0fb0296d1acdc75b8145f2fc11bb0049278a,raw_light_geom_gate_0p200,,,0.2
raw_light_geom_gate_0p200,light_geometry_gate,False,0.4,0.6504079186482621,0.6421471172962226,0.4923780487804878,0.9763196842624569,1006,144,214,646,0.6177193844785162,0.48435047705171075,0.44555712277464316,1c6e94068d62563ef321ee5ed6f5606b37f9c56fc5481a032cf702c97ac7f158,36d83efd0e3943e15c4d5cbfdc24d89a0c0511370c7bde42dcfa85d45c04723d,raw_light_geom_gate_0p200,,,0.2
raw_light_geom_gate_0p200,light_geometry_gate,False,0.5,0.6428838536955878,0.7181705809641533,0.4428353658536585,0.9843775694787041,809,95,129,581,0.6177193844785162,0.48435047705171075,0.44555712277464316,1c6e94068d62563ef321ee5ed6f5606b37f9c56fc5481a032cf702c97ac7f158,5755256c89eec6c05f73789fa91921bb80201df1ffa2a35075a816da9a69eafa,raw_light_geom_gate_0p200,,,0.2
raw_light_geom_gate_0p200,light_geometry_gate,False,0.6,0.6235745386688782,0.7831325301204819,0.39634146341463417,0.9891465219536261,664,66,74,520,0.6177193844785162,0.48435047705171075,0.44555712277464316,1c6e94068d62563ef321ee5ed6f5606b37f9c56fc5481a032cf702c97ac7f158,b7c06200d34677c66d547180fcde10547a8c0a2943a176bad83df34cd066bc39,raw_light_geom_gate_0p200,,,0.2
raw_light_geom_gate_0p200,light_geometry_gate,False,0.7,0.5819099638324261,0.8377358490566038,0.3384146341463415,0.9932576878802829,530,41,43,444,0.6177193844785162,0.48435047705171075,0.44555712277464316,1c6e94068d62563ef321ee5ed6f5606b37f9c56fc5481a032cf702c97ac7f158,030dbe6562538ab92fe181b638a53f94b4a107ed5c2014fcdc14f5a434990531,raw_light_geom_gate_0p200,,,0.2
raw_light_geom_gate_0p200,light_geometry_gate,False,0.8,0.502965758997669,0.9162162162162162,0.2583841463414634,0.9970399605328071,370,18,13,339,0.6177193844785162,0.48435047705171075,0.44555712277464316,1c6e94068d62563ef321ee5ed6f5606b37f9c56fc5481a032cf702c97ac7f158,8b766bb1c0fad7dc8e94974b93dfe608b32ebeee17f635d17da79cf9cb0a0fdf,raw_light_geom_gate_0p200,,,0.2
raw_light_geom_gate_0p200,light_geometry_gate,False,0.9,0.30053158732713076,0.9705882352941176,0.12576219512195122,0.9995066600888012,170,3,1,165,0.6177193844785162,0.48435047705171075,0.44555712277464316,1c6e94068d62563ef321ee5ed6f5606b37f9c56fc5481a032cf702c97ac7f158,2440868b4f21128986ca8638b9c7eabcbafc9f08149fa93fba712f0602e67c2d,raw_light_geom_gate_0p200,,,0.2
raw_light_geom_gate_0p200,light_geometry_gate,False,0.9719778981628108,0.00228310502283105,1.0,0.0007621951219512195,1.0,1,0,0,1,0.6177193844785162,0.48435047705171075,0.44555712277464316,1c6e94068d62563ef321ee5ed6f5606b37f9c56fc5481a032cf702c97ac7f158,b0b9f3e262a9dd08c5682b1a104e2e8dd63d058b573f15946621b7e9128b5be0,raw_light_geom_gate_0p200,,,0.2
