score_col,mode_family,ap_rank_preserving_by_design,threshold,cal_balanced,cal_precision,cal_recall,cal_unknown_reject,cal_num_accepted,cal_unknown_false_accept,cal_background_false_accepts,cal_tp_known,cal_AP50,cal_AP75,cal_AP,stream_hash,acceptance_mask_hash,canonical_stream,alpha,gamma,beta
raw_score,raw,True,0.00217759562656275,0.33447874203126515,0.154561985239063,0.832613079804091,0.7702702702702703,18698,901,14113,2890,0.6812417878942949,0.5363208931379845,0.49931802281922294,ea961a57f72b3fd3466a7cceac5d1fe0b7a650c052e219dcf16ff30cb4e37550,f3da4e24bc16bfb1bf02eb95638ea827c04fd5b607012859fc2bd493bb139a65,raw_score,,,
raw_score,raw,True,0.0064867450855672,0.44255149392072585,0.22886250601636451,0.8219533275713051,0.8383477817440081,12466,634,8456,2853,0.6812417878942949,0.5363208931379845,0.49931802281922294,ea961a57f72b3fd3466a7cceac5d1fe0b7a650c052e219dcf16ff30cb4e37550,a8ede41bdd27ee6af92451ec4518485d61c77825638dfaea55ab3ca222f9b8d5,raw_score,,,
raw_score,raw,True,0.0266128741204738,0.5940303664965592,0.3695187165775401,0.7963123019302795,0.9189189189189189,7480,318,4125,2764,0.6812417878942949,0.5363208931379845,0.49931802281922294,ea961a57f72b3fd3466a7cceac5d1fe0b7a650c052e219dcf16ff30cb4e37550,883b80aa846c0f1db1e800b9a856262335dce13db8e11e9b9aa2b89f19446065,raw_score,,,
raw_score,raw,True,0.05,0.6629963915307291,0.4579312679871339,0.7793143186401613,0.9451810300866905,5907,215,2787,2705,0.6812417878942949,0.5363208931379845,0.49931802281922294,ea961a57f72b3fd3466a7cceac5d1fe0b7a650c052e219dcf16ff30cb4e37550,14ee221de610d7f6866a388605a4e91523b35604a892e5b6721d283413d9651f,raw_score,,,
raw_score,raw,True,0.0806800574064254,0.7039499055019918,0.5271706436735513,0.7574186113511956,0.9574196838347782,4987,167,2033,2629,0.6812417878942949,0.5363208931379845,0.49931802281922294,ea961a57f72b3fd3466a7cceac5d1fe0b7a650c052e219dcf16ff30cb4e37550,663aa4c0cd732fef9cc761098b728639037181b6a7b835f094813925d78df7b0,raw_score,,,
raw_score,raw,True,0.1,0.7211557580864212,0.5608648648648649,0.7473350619418035,0.9625191228964813,4625,147,1738,2594,0.6812417878942949,0.5363208931379845,0.49931802281922294,ea961a57f72b3fd3466a7cceac5d1fe0b7a650c052e219dcf16ff30cb4e37550,bacb69136e14e63c85f52e5f07093f0d00f8b55689090e5b376015dd7da4aa2c,raw_score,,,
raw_score,raw,True,0.15,0.7487523681464991,0.6288737717309146,0.7191011235955056,0.9747577766445691,3969,99,1261,2496,0.6812417878942949,0.5363208931379845,0.49931802281922294,ea961a57f72b3fd3466a7cceac5d1fe0b7a650c052e219dcf16ff30cb4e37550,beafa208e2bcfb8400ecc202cf124c329791dce848b560632fbda5e433370b48,raw_score,,,
raw_score,raw,True,0.2,0.7624136039927157,0.6757888857860933,0.6972054163065399,0.9796022437531872,3581,80,985,2420,0.6812417878942949,0.5363208931379845,0.49931802281922294,ea961a57f72b3fd3466a7cceac5d1fe0b7a650c052e219dcf16ff30cb4e37550,3990d98649635ec8da60f12fc59c645dbe0b288404d1a37a9354848077c8c8e2,raw_score,,,
raw_score,raw,True,0.25,0.7704416497458977,0.7187211804488165,0.6735811005473927,0.982406935237124,3253,69,761,2338,0.6812417878942949,0.5363208931379845,0.49931802281922294,ea961a57f72b3fd3466a7cceac5d1fe0b7a650c052e219dcf16ff30cb4e37550,6515b2aae2e275ba4a84521ca08cf39fdb3060964da361681e43078285fce329,raw_score,,,
raw_score,raw,True,0.3,0.7735870556061988,0.7515775489870475,0.6519734946701239,0.9864864864864865,3011,53,625,2263,0.6812417878942949,0.5363208931379845,0.49931802281922294,ea961a57f72b3fd3466a7cceac5d1fe0b7a650c052e219dcf16ff30cb4e37550,dd92d09590cebb400ce699ee4711968cf92ee85cd228092ced97e3395308383a,raw_score,,,
raw_score,raw,True,0.35,0.7730552052979055,0.7794012829650748,0.6300777873811582,0.9895461499235084,2806,41,517,2187,0.6812417878942949,0.5363208931379845,0.49931802281922294,ea961a57f72b3fd3466a7cceac5d1fe0b7a650c052e219dcf16ff30cb4e37550,14087a1b695839ce8faf5683a28b0289d2c5fcbd45f6bc2ec2b80a028e5096b2,raw_score,,,
raw_score,raw,True,0.4,0.7698524377826896,0.8086989992301771,0.6053010659752233,0.9918408975012749,2598,32,417,2101,0.6812417878942949,0.5363208931379845,0.49931802281922294,ea961a57f72b3fd3466a7cceac5d1fe0b7a650c052e219dcf16ff30cb4e37550,491f9466583090807b60f172d50fb78f4aa464d484b7e5ea85e0939703531c51,raw_score,,,
raw_score,raw,True,0.4293421804904938,0.7663824988515954,0.822373696872494,0.5908959953903774,0.9938806731259562,2494,24,371,2051,0.6812417878942949,0.5363208931379845,0.49931802281922294,ea961a57f72b3fd3466a7cceac5d1fe0b7a650c052e219dcf16ff30cb4e37550,a9524fd418103e49f05d8d600319a67281a5b2d45627eed51af5904d4b0e57d2,raw_score,,,
raw_score,raw,True,0.5,0.7522738993763823,0.8534521158129176,0.5520023048112935,0.9954105048444671,2245,18,269,1916,0.6812417878942949,0.5363208931379845,0.49931802281922294,ea961a57f72b3fd3466a7cceac5d1fe0b7a650c052e219dcf16ff30cb4e37550,cb94eaf9527b44781823f6da94fd697164e694230ffef61ef1fa3b3779820cb5,raw_score,,,
raw_score,raw,True,0.6,0.7173318108423282,0.8911780243000528,0.4860270815326995,0.9974502804691484,1893,10,167,1687,0.6812417878942949,0.5363208931379845,0.49931802281922294,ea961a57f72b3fd3466a7cceac5d1fe0b7a650c052e219dcf16ff30cb4e37550,da8bfa7a5b238efa8983903524acd5369a4739a9b248aee0385abb3c93e5521a,raw_score,,,
raw_score,raw,True,0.7,0.6717934084590688,0.9348387096774193,0.41745894554883317,0.9994900560938297,1550,2,84,1449,0.6812417878942949,0.5363208931379845,0.49931802281922294,ea961a57f72b3fd3466a7cceac5d1fe0b7a650c052e219dcf16ff30cb4e37550,fbd689b4141af1b2f8fbf107e3ae268edd2a4918daae91e6d15316b48db6c3d8,raw_score,,,
raw_score,raw,True,0.7869471609592438,0.6078465707561458,0.9615076182838813,0.3454335926246039,0.9994900560938297,1247,2,37,1199,0.6812417878942949,0.5363208931379845,0.49931802281922294,ea961a57f72b3fd3466a7cceac5d1fe0b7a650c052e219dcf16ff30cb4e37550,c5dda26ae0500bb3ba5b3c758864c57c6d36e3666df1480ee46ea4d19d5c0ec5,raw_score,,,
raw_score,raw,True,0.8,0.5915626134454491,0.9645868465430016,0.3295880149812734,0.9994900560938297,1186,2,32,1144,0.6812417878942949,0.5363208931379845,0.49931802281922294,ea961a57f72b3fd3466a7cceac5d1fe0b7a650c052e219dcf16ff30cb4e37550,9e8627e6f4624bfe47058ea02d87f66630275a63c2d3bfb88c81701ff701f8fc,raw_score,,,
raw_score,raw,True,0.9,0.3922734026745914,0.9871794871794872,0.17747046960530108,1.0,624,0,7,616,0.6812417878942949,0.5363208931379845,0.49931802281922294,ea961a57f72b3fd3466a7cceac5d1fe0b7a650c052e219dcf16ff30cb4e37550,aad86e56682a31155f7ae158e781b9abe0a71809428f9e0f7e9cffb9807f55cd,raw_score,,,
raw_score,raw,True,0.9802049994468688,0.0008638065073423554,1.0,0.0002881014116969173,1.0,1,0,0,1,0.6812417878942949,0.5363208931379845,0.49931802281922294,ea961a57f72b3fd3466a7cceac5d1fe0b7a650c052e219dcf16ff30cb4e37550,d09a8e0a3d4c38c9f7ca032a9064384fe070f42bfd3a47dba82f69a10326d101,raw_score,,,
geometry_risk_score,geometry,False,0.027279208080391373,0.33675816392133506,0.15520376510856776,0.8360702967444541,0.7878633350331463,18698,832,14379,2902,0.6917392943939735,0.5391135891005473,0.5014662826080561,452a7ffa3046a707d0bb0a7e3e9603f51fdccd994366e7a061f56ec4080e575c,234f82e10cbf537ef0774e6a203ffe7480872bded0d3fa9744645ba104ef793a,geometry_risk_score,,,
geometry_risk_score,geometry,False,0.05,0.3999697077524294,0.19578333672293405,0.8320368769806972,0.839622641509434,14751,629,10777,2888,0.6917392943939735,0.5391135891005473,0.5014662826080561,452a7ffa3046a707d0bb0a7e3e9603f51fdccd994366e7a061f56ec4080e575c,d4b08f56325288d946a0e29097e2e60ec8fc945f53ff0341a76fd005f9d12933,geometry_risk_score,,,
geometry_risk_score,geometry,False,0.06979894210381045,0.44683404462524934,0.22990534253168618,0.8256986459233651,0.8671596124426313,12466,521,8698,2866,0.6917392943939735,0.5391135891005473,0.5014662826080561,452a7ffa3046a707d0bb0a7e3e9603f51fdccd994366e7a061f56ec4080e575c,f3020bb174e79ecf7483f6bc568c4767ea8947341cb20e757a935ce0a7cb9e10,geometry_risk_score,,,
geometry_risk_score,geometry,False,0.1,0.5012723769846191,0.27375,0.8202247191011236,0.8987761346251912,10400,397,6847,2847,0.6917392943939735,0.5391135891005473,0.5014662826080561,452a7ffa3046a707d0bb0a7e3e9603f51fdccd994366e7a061f56ec4080e575c,4ca63fd26d8c98dad6391201d78f73880dce80d88aeb099bca3ac5e6c2de6569,geometry_risk_score,,,
geometry_risk_score,geometry,False,0.15,0.564455411954126,0.3327018707080275,0.8095649668683377,0.9311575726670066,8446,270,5126,2810,0.6917392943939735,0.5391135891005473,0.5014662826080561,452a7ffa3046a707d0bb0a7e3e9603f51fdccd994366e7a061f56ec4080e575c,1a7db3a8fcc0a5ba6b50a52b5d22e9582a9c8be20358a29ac7197c72b673cc9a,geometry_risk_score,,,
geometry_risk_score,geometry,False,0.1907502332997964,0.6011861611350894,0.37232620320855614,0.8023624315759147,0.9451810300866905,7480,215,4278,2785,0.6917392943939735,0.5391135891005473,0.5014662826080561,452a7ffa3046a707d0bb0a7e3e9603f51fdccd994366e7a061f56ec4080e575c,baf6acfa1ba9a30168db568863968726c7fae28233f25db26a4b46f7539f11db,geometry_risk_score,,,
geometry_risk_score,geometry,False,0.2,0.6087526702686089,0.38131174533479695,0.8006338231057332,0.9464558898521163,7288,210,4103,2779,0.6917392943939735,0.5391135891005473,0.5014662826080561,452a7ffa3046a707d0bb0a7e3e9603f51fdccd994366e7a061f56ec4080e575c,e90cf52cf2805925c8ec192ce07ee5b5ecc69a5cd9b60cd4374ace7904a996d9,geometry_risk_score,,,
geometry_risk_score,geometry,False,0.25,0.641973924015141,0.4226345652507284,0.7940074906367042,0.9546149923508414,6521,178,3414,2756,0.6917392943939735,0.5391135891005473,0.5014662826080561,452a7ffa3046a707d0bb0a7e3e9603f51fdccd994366e7a061f56ec4080e575c,5f6209e1820bcd13930ac7c8e160316edae96cd4998b9c76f9a13475f02e9604,geometry_risk_score,,,
geometry_risk_score,geometry,False,0.3,0.6703536981059397,0.4618249534450652,0.7859406511091904,0.9637939826619072,5907,142,2876,2728,0.6917392943939735,0.5391135891005473,0.5014662826080561,452a7ffa3046a707d0bb0a7e3e9603f51fdccd994366e7a061f56ec4080e575c,91fd9b5faf300f20067337f9857648536118e0bef3f7246ff6df01390226d7a8,geometry_risk_score,,,
geometry_risk_score,geometry,False,0.35,0.6910537743439398,0.4947677620708647,0.7764333045231921,0.9688934217236104,5447,122,2478,2695,0.6917392943939735,0.5391135891005473,0.5014662826080561,452a7ffa3046a707d0bb0a7e3e9603f51fdccd994366e7a061f56ec4080e575c,adf06d40aa336b51459df315677d5a80d729c04ee57bd96d64d8285bdd55af39,geometry_risk_score,,,
geometry_risk_score,geometry,False,0.4,0.7084381484141791,0.5254437869822485,0.7675021607605877,0.9722080571137175,5070,109,2157,2664,0.6917392943939735,0.5391135891005473,0.5014662826080561,452a7ffa3046a707d0bb0a7e3e9603f51fdccd994366e7a061f56ec4080e575c,3e92f4c6ae84aa0ba975a198f34294be8dcb19a213c4be0b588e1573a1c937ee,geometry_risk_score,,,
geometry_risk_score,geometry,False,0.40948800935261287,0.7125199327665068,0.5329857629837578,0.7657735522904062,0.9724630290668026,4987,108,2084,2658,0.6917392943939735,0.5391135891005473,0.5014662826080561,452a7ffa3046a707d0bb0a7e3e9603f51fdccd994366e7a061f56ec4080e575c,9c7e080d437d50f53b6ea9db5f63dbc936d0b29234d45937255f518af8043389,geometry_risk_score,,,
geometry_risk_score,geometry,False,0.5,0.7382480555578296,0.5857335733573358,0.7499279746470757,0.9775624681285059,4444,88,1639,2603,0.6917392943939735,0.5391135891005473,0.5014662826080561,452a7ffa3046a707d0bb0a7e3e9603f51fdccd994366e7a061f56ec4080e575c,55d8d7a25bc364771d01d5d4b4c0f3126b96a7efd4cc20a7a7bda744dea3eb28,geometry_risk_score,,,
geometry_risk_score,geometry,False,0.6,0.7590662968571668,0.6410777834265379,0.7265917602996255,0.98419173890872,3934,62,1258,2522,0.6917392943939735,0.5391135891005473,0.5014662826080561,452a7ffa3046a707d0bb0a7e3e9603f51fdccd994366e7a061f56ec4080e575c,2253cfa1d68152c4b43a6373387e9e1637a1e1bc382d97f7ef827f2bf65f64c9,geometry_risk_score,,,
geometry_risk_score,geometry,False,0.7,0.7765801174607723,0.701122948459545,0.7015269374819937,0.9887812340642529,3473,44,925,2435,0.6917392943939735,0.5391135891005473,0.5014662826080561,452a7ffa3046a707d0bb0a7e3e9603f51fdccd994366e7a061f56ec4080e575c,73ac76f63a791eb3a2b7e8c30f4f0426fda2ff883012390ca15e44b5ded903bf,geometry_risk_score,,,
geometry_risk_score,geometry,False,0.8,0.7826394500644622,0.7620471917580591,0.6606165370210314,0.9928607853136155,3009,28,629,2293,0.6917392943939735,0.5391135891005473,0.5014662826080561,452a7ffa3046a707d0bb0a7e3e9603f51fdccd994366e7a061f56ec4080e575c,72a014da1448b842d3fc4d132a98549ec3cf279ad5611771141d1fc04d90ce7e,geometry_risk_score,,,
geometry_risk_score,geometry,False,0.8937536653738639,0.7753494774997279,0.8344025661587811,0.5995390377412849,0.9971953085160632,2494,11,361,2081,0.6917392943939735,0.5391135891005473,0.5014662826080561,452a7ffa3046a707d0bb0a7e3e9603f51fdccd994366e7a061f56ec4080e575c,f1b286b5af948d2359b3a83be46abdbb6e07f2673ecee717d4605f30354120a2,geometry_risk_score,,,
geometry_risk_score,geometry,False,0.9,0.7736468317438591,0.8407513270722744,0.5932008066839527,0.9974502804691484,2449,10,340,2059,0.6917392943939735,0.5391135891005473,0.5014662826080561,452a7ffa3046a707d0bb0a7e3e9603f51fdccd994366e7a061f56ec4080e575c,4ed2028c69568024a26eaba14936de821eea4022d62e3948d8424e86694e88ec,geometry_risk_score,,,
geometry_risk_score,geometry,False,0.9832190686248334,0.607877998544593,0.9615076182838813,0.3454335926246039,0.9997450280469148,1247,1,39,1199,0.6917392943939735,0.5391135891005473,0.5014662826080561,452a7ffa3046a707d0bb0a7e3e9603f51fdccd994366e7a061f56ec4080e575c,4aa944344723feb6cf1b74278a99478704592cb512ea46d5e9c0f31f5d6dec69,geometry_risk_score,,,
geometry_risk_score,geometry,False,0.9998371624312921,0.0008638065073423554,1.0,0.0002881014116969173,1.0,1,0,0,1,0.6917392943939735,0.5391135891005473,0.5014662826080561,452a7ffa3046a707d0bb0a7e3e9603f51fdccd994366e7a061f56ec4080e575c,a3e3f70aca8a34d9ab83e86d0982acc823b844b1f271f41e09468656a5a2403c,geometry_risk_score,,,
geometry_alpha_0p050,alpha_blend,False,0.003771895707047267,0.33524883130052846,0.15488287517381538,0.8343416882742726,0.773074961754207,18698,890,14173,2896,0.6831570546689593,0.5371408946040808,0.5003064994493672,8c74747a9ef06bd60c5c31bed1a6e412a8c0bb1bcb89a59c735720bf5ac31e0d,20140de57d1ec8f959ed5c404d6ad3ecef5fc19bc0fb5d09943c2f96b02a6c31,geometry_alpha_0p050,0.05,,
geometry_alpha_0p050,alpha_blend,False,0.009855790512788535,0.4436395657297407,0.22926359698379592,0.8233938346297897,0.8431922488526262,12466,615,8506,2858,0.6831570546689593,0.5371408946040808,0.5003064994493672,8c74747a9ef06bd60c5c31bed1a6e412a8c0bb1bcb89a59c735720bf5ac31e0d,e9ec03f6796ffe16b6c36a26763c8faee6f99f75811c3e88236544e3b11a09e5,geometry_alpha_0p050,0.05,,
geometry_alpha_0p050,alpha_blend,False,0.034867225131595805,0.5957939188828737,0.37018716577540106,0.797752808988764,0.9255481896991331,7480,292,4160,2769,0.6831570546689593,0.5371408946040808,0.5003064994493672,8c74747a9ef06bd60c5c31bed1a6e412a8c0bb1bcb89a59c735720bf5ac31e0d,7fa65307809d0b4299d137a1ad88fde827fe47ae7ead75b950fcd603f31e06a2,geometry_alpha_0p050,0.05,,
geometry_alpha_0p050,alpha_blend,False,0.05,0.6392988017100409,0.4237445753254805,0.787669259579372,0.9405915349311575,6452,233,3270,2734,0.6831570546689593,0.5371408946040808,0.5003064994493672,8c74747a9ef06bd60c5c31bed1a6e412a8c0bb1bcb89a59c735720bf5ac31e0d,2ea3bd89f5aed68765d8cf89432bd57a15f0be174e39ac53e1e7d7630575cf08,geometry_alpha_0p050,0.05,,
geometry_alpha_0p050,alpha_blend,False,0.09633390354613533,0.7065404496669087,0.5293763785843192,0.7605877268798618,0.9594594594594594,4987,159,2028,2640,0.6831570546689593,0.5371408946040808,0.5003064994493672,8c74747a9ef06bd60c5c31bed1a6e412a8c0bb1bcb89a59c735720bf5ac31e0d,f7e0b93429b4e13fec0e246fd2134cbabb2bd6a601dae0fdffd7685bf550474a,geometry_alpha_0p050,0.05,,
geometry_alpha_0p050,alpha_blend,False,0.1,0.7105697925332594,0.5366748166259169,0.7588591184096802,0.9607343192248853,4908,154,1965,2634,0.6831570546689593,0.5371408946040808,0.5003064994493672,8c74747a9ef06bd60c5c31bed1a6e412a8c0bb1bcb89a59c735720bf5ac31e0d,f61bf475c7379fe28637f322e421d1fec000df9c0e2275ea6acf12c6664d48a4,geometry_alpha_0p050,0.05,,
geometry_alpha_0p050,alpha_blend,False,0.15,0.7403951487888102,0.605062082139446,0.7300489772399885,0.971443141254462,4188,112,1423,2534,0.6831570546689593,0.5371408946040808,0.5003064994493672,8c74747a9ef06bd60c5c31bed1a6e412a8c0bb1bcb89a59c735720bf5ac31e0d,582c7fec20e5df4483d07bf37edb8b17452cb33b6ebf9d0397d7bffd94acfa42,geometry_alpha_0p050,0.05,,
geometry_alpha_0p050,alpha_blend,False,0.2,0.7571145345548612,0.6563923880997051,0.7055603572457505,0.9788373278939316,3731,83,1095,2449,0.6831570546689593,0.5371408946040808,0.5003064994493672,8c74747a9ef06bd60c5c31bed1a6e412a8c0bb1bcb89a59c735720bf5ac31e0d,f55d3ac29b65510915f8b5f72be3a13863f918a95f44298b0af0e6edef8216f4,geometry_alpha_0p050,0.05,,
geometry_alpha_0p050,alpha_blend,False,0.25,0.7678616580066705,0.7000589275191514,0.6845289541918755,0.9826619071902091,3394,68,859,2376,0.6831570546689593,0.5371408946040808,0.5003064994493672,8c74747a9ef06bd60c5c31bed1a6e412a8c0bb1bcb89a59c735720bf5ac31e0d,4f1d85c5ee53db6a015b0dcc941c54ad408f6c6022d7bc432d14e5c8daadd246,geometry_alpha_0p050,0.05,,
geometry_alpha_0p050,alpha_blend,False,0.3,0.7743163695570492,0.739172281039461,0.6637856525496975,0.9852116267210607,3117,58,681,2304,0.6831570546689593,0.5371408946040808,0.5003064994493672,8c74747a9ef06bd60c5c31bed1a6e412a8c0bb1bcb89a59c735720bf5ac31e0d,1129eb7f9d1834abecfec3794b9f9e3c726b4599482c0666aa2aad30818a2d53,geometry_alpha_0p050,0.05,,
geometry_alpha_0p050,alpha_blend,False,0.35,0.7743012770090728,0.7657967032967034,0.6424661480841256,0.9880163182049975,2912,47,570,2230,0.6831570546689593,0.5371408946040808,0.5003064994493672,8c74747a9ef06bd60c5c31bed1a6e412a8c0bb1bcb89a59c735720bf5ac31e0d,ab507ada3d7efff06189f8ffe96c718f72cd3a79c065de1c220092d2619ef62c,geometry_alpha_0p050,0.05,,
geometry_alpha_0p050,alpha_blend,False,0.4,0.7725999834180786,0.7982096232748974,0.6165370210314031,0.9918408975012749,2681,32,457,2140,0.6831570546689593,0.5371408946040808,0.5003064994493672,8c74747a9ef06bd60c5c31bed1a6e412a8c0bb1bcb89a59c735720bf5ac31e0d,cc570b385064b60b433153cc04dd62ba0991ff064e9701b3c1bcc269ac1653a3,geometry_alpha_0p050,0.05,,
geometry_alpha_0p050,alpha_blend,False,0.4528305837026782,0.7669375975212434,0.8231756214915797,0.5914721982137713,0.9938806731259562,2494,24,369,2053,0.6831570546689593,0.5371408946040808,0.5003064994493672,8c74747a9ef06bd60c5c31bed1a6e412a8c0bb1bcb89a59c735720bf5ac31e0d,f5a89ef072792b599b91d7af06dfcf329c1a563e075bc3d89cdfdd7784612150,geometry_alpha_0p050,0.05,,
geometry_alpha_0p050,alpha_blend,False,0.5,0.7576438938991055,0.8464532871972318,0.5638144626908672,0.9954105048444671,2312,18,293,1957,0.6831570546689593,0.5371408946040808,0.5003064994493672,8c74747a9ef06bd60c5c31bed1a6e412a8c0bb1bcb89a59c735720bf5ac31e0d,5e67d435d7214d5f00d1fd752ff1848dea1784adfbccd796137a9c46803e52f5,geometry_alpha_0p050,0.05,,
geometry_alpha_0p050,alpha_blend,False,0.6,0.7256233472033564,0.8859918200408998,0.4992797464707577,0.9971953085160632,1956,11,180,1733,0.6831570546689593,0.5371408946040808,0.5003064994493672,8c74747a9ef06bd60c5c31bed1a6e412a8c0bb1bcb89a59c735720bf5ac31e0d,1be439929439e2b27353848725a701e11d6536fb41feea5da4ace92b80477a7d,geometry_alpha_0p050,0.05,,
geometry_alpha_0p050,alpha_blend,False,0.7,0.6791754787787495,0.9320327249842668,0.42667819072313456,0.9994900560938297,1589,2,89,1481,0.6831570546689593,0.5371408946040808,0.5003064994493672,8c74747a9ef06bd60c5c31bed1a6e412a8c0bb1bcb89a59c735720bf5ac31e0d,ca770e5df6470e775ea1cedb8a16f4af31885a301f95ef462b325de083d0e716,geometry_alpha_0p050,0.05,,
geometry_alpha_0p050,alpha_blend,False,0.7964538140195107,0.6078465707561458,0.9615076182838813,0.3454335926246039,0.9994900560938297,1247,2,37,1199,0.6831570546689593,0.5371408946040808,0.5003064994493672,8c74747a9ef06bd60c5c31bed1a6e412a8c0bb1bcb89a59c735720bf5ac31e0d,3e11d59bc0d51e637ece0e83dcbc17450846a50f7de742927108da578bc1a4bc,geometry_alpha_0p050,0.05,,
geometry_alpha_0p050,alpha_blend,False,0.8,0.6026919156680854,0.9609756097560975,0.34053586862575624,0.9994900560938297,1230,2,37,1182,0.6831570546689593,0.5371408946040808,0.5003064994493672,8c74747a9ef06bd60c5c31bed1a6e412a8c0bb1bcb89a59c735720bf5ac31e0d,3d8d80b1e947afbb61c9e106ff28ed8afe25c3b169832f70d85be466edbff5a2,geometry_alpha_0p050,0.05,,
geometry_alpha_0p050,alpha_blend,False,0.9,0.40894835877064606,0.9878787878787879,0.1878421204263901,1.0,660,0,7,652,0.6831570546689593,0.5371408946040808,0.5003064994493672,8c74747a9ef06bd60c5c31bed1a6e412a8c0bb1bcb89a59c735720bf5ac31e0d,09bdc137efdb183dca1067ae7995fb841711bd412baf9cc39422f24ca6f21c44,geometry_alpha_0p050,0.05,,
geometry_alpha_0p050,alpha_blend,False,0.9811853381866079,0.0008638065073423554,1.0,0.0002881014116969173,1.0,1,0,0,1,0.6831570546689593,0.5371408946040808,0.5003064994493672,8c74747a9ef06bd60c5c31bed1a6e412a8c0bb1bcb89a59c735720bf5ac31e0d,d09a8e0a3d4c38c9f7ca032a9064384fe070f42bfd3a47dba82f69a10326d101,geometry_alpha_0p050,0.05,,
geometry_alpha_0p100,alpha_blend,False,0.005282193481120728,0.33537640857604,0.15488287517381538,0.8343416882742726,0.7751147373788884,18698,882,14213,2896,0.6846233359860234,0.5378095002562652,0.5010283312992706,860e9119168199ada695bc0df23ba4684020bbb1ec170892f7a6a2980b3e1dbc,119ae2847a312f47ed4b78808e5b8b01c6f401f2dffd7fd5bb4562bf44dd8cd9,geometry_alpha_0p100,0.1,,
geometry_alpha_0p100,alpha_blend,False,0.013231071542417004,0.4435217806449794,0.22926359698379592,0.8233938346297897,0.8419173890872004,12466,620,8526,2858,0.6846233359860234,0.5378095002562652,0.5010283312992706,860e9119168199ada695bc0df23ba4684020bbb1ec170892f7a6a2980b3e1dbc,6b0fa9abdb5da02841220217acbe7491568f26b7981ec2b3ec73d038a9584717,geometry_alpha_0p100,0.1,,
geometry_alpha_0p100,alpha_blend,False,0.04350816498297326,0.5965187776309367,0.3704545454545455,0.7983290118121579,0.9283528811830699,7480,281,4177,2771,0.6846233359860234,0.5378095002562652,0.5010283312992706,860e9119168199ada695bc0df23ba4684020bbb1ec170892f7a6a2980b3e1dbc,8327601f474f8c24820b445657de5831219627eacd7dd26a76f90c75f58e1e16,geometry_alpha_0p100,0.1,,
geometry_alpha_0p100,alpha_blend,False,0.05,0.6155610011357275,0.39295895096921324,0.7942955920484011,0.9347271800101988,7016,256,3769,2757,0.6846233359860234,0.5378095002562652,0.5010283312992706,860e9119168199ada695bc0df23ba4684020bbb1ec170892f7a6a2980b3e1dbc,e6ca6f38c7de7b2147aab83f655e47cc9e60142ca06b22ac2a48ba69d2a4586d,geometry_alpha_0p100,0.1,,
geometry_alpha_0p100,alpha_blend,False,0.1,0.6948612765985782,0.5072380952380953,0.7672140593488909,0.9592044875063743,5250,160,2257,2663,0.6846233359860234,0.5378095002562652,0.5010283312992706,860e9119168199ada695bc0df23ba4684020bbb1ec170892f7a6a2980b3e1dbc,cfd9191a5f7e9bfe78738205e6002f4ffedbc4a43e9e6ad7bf60a558d3991b19,geometry_alpha_0p100,0.1,,
geometry_alpha_0p100,alpha_blend,False,0.11199978070596195,0.7087550596764907,0.5309805494285141,0.762892538173437,0.9627740948495666,4987,146,2037,2648,0.6846233359860234,0.5378095002562652,0.5010283312992706,860e9119168199ada695bc0df23ba4684020bbb1ec170892f7a6a2980b3e1dbc,0f1ac7e988108d95040acbf382ea1444f64b043351f9322ac98e3aceebce26ab,geometry_alpha_0p100,0.1,,
geometry_alpha_0p100,alpha_blend,False,0.15,0.73261519059304,0.5824101288718064,0.742149236531259,0.9704232534421213,4423,116,1601,2576,0.6846233359860234,0.5378095002562652,0.5010283312992706,860e9119168199ada695bc0df23ba4684020bbb1ec170892f7a6a2980b3e1dbc,6007dea7b465daa43e2932f161414fd1470503c7ad3c627fb3911d781dd3c43a,geometry_alpha_0p100,0.1,,
geometry_alpha_0p100,alpha_blend,False,0.2,0.7532222462561321,0.6375478927203065,0.7191011235955056,0.9767975522692504,3915,91,1220,2496,0.6846233359860234,0.5378095002562652,0.5010283312992706,860e9119168199ada695bc0df23ba4684020bbb1ec170892f7a6a2980b3e1dbc,9f90d57803ff54dbe1166e883dd09cc5a0a2a3b6bbaef7c8959789f9410b0d34,geometry_alpha_0p100,0.1,,
geometry_alpha_0p100,alpha_blend,False,0.25,0.7653466523441287,0.6818822203437588,0.6972054163065399,0.9813870474247832,3549,73,964,2420,0.6846233359860234,0.5378095002562652,0.5010283312992706,860e9119168199ada695bc0df23ba4684020bbb1ec170892f7a6a2980b3e1dbc,cc30892373a6ce143d382e085bdc311bdb3103ab711f088606540c5c7a728fa8,geometry_alpha_0p100,0.1,,
geometry_alpha_0p100,alpha_blend,False,0.3,0.7740561255286312,0.7261166253101737,0.6744454047824834,0.9844467108618052,3224,61,742,2341,0.6846233359860234,0.5378095002562652,0.5010283312992706,860e9119168199ada695bc0df23ba4684020bbb1ec170892f7a6a2980b3e1dbc,99839f6758c124dcca9b09be30800b8864718c080a4e8f31af89383818d5ba2f,geometry_alpha_0p100,0.1,,
geometry_alpha_0p100,alpha_blend,False,0.35,0.775260214244234,0.7545787545787546,0.6528377989052147,0.9875063742988271,3003,49,622,2266,0.6846233359860234,0.5378095002562652,0.5010283312992706,860e9119168199ada695bc0df23ba4684020bbb1ec170892f7a6a2980b3e1dbc,473d00007539f18ea2f660636fb82d60dca0ededfe96ac95ae38554cfbb6d12f,geometry_alpha_0p100,0.1,,
geometry_alpha_0p100,alpha_blend,False,0.4,0.7734810294507826,0.7806359414076456,0.6295015845577643,0.9910759816420194,2799,35,520,2185,0.6846233359860234,0.5378095002562652,0.5010283312992706,860e9119168199ada695bc0df23ba4684020bbb1ec170892f7a6a2980b3e1dbc,98e5b7b35607bffd394dfbaf533e93c2bb67af613bf04d1c55397d32e0007f34,geometry_alpha_0p100,0.1,,
geometry_alpha_0p100,alpha_blend,False,0.4755518665531777,0.7675937427868983,0.8239775461106656,0.592048401037165,0.9943906170321265,2494,22,369,2055,0.6846233359860234,0.5378095002562652,0.5010283312992706,860e9119168199ada695bc0df23ba4684020bbb1ec170892f7a6a2980b3e1dbc,ca2d91e7f754b1803e8efa9abdd6cb1c60f2d99a0f3a172ffceb7f3242701185,geometry_alpha_0p100,0.1,,
geometry_alpha_0p100,alpha_blend,False,0.5,0.7635772184473573,0.8369474562135113,0.5782195332757131,0.9954105048444671,2398,18,327,2007,0.6846233359860234,0.5378095002562652,0.5010283312992706,860e9119168199ada695bc0df23ba4684020bbb1ec170892f7a6a2980b3e1dbc,06b2ebcd08d9eb0a5318c8cf35a08eb5503ccf332b16f6e9e9a76bfb35956e46,geometry_alpha_0p100,0.1,,
geometry_alpha_0p100,alpha_blend,False,0.6,0.7353805777354618,0.8824110671936759,0.5145491212906943,0.9971953085160632,2024,11,193,1786,0.6846233359860234,0.5378095002562652,0.5010283312992706,860e9119168199ada695bc0df23ba4684020bbb1ec170892f7a6a2980b3e1dbc,2178320341a88cf9e3ba72552ac3d2314d752c8ee90386bfbebc25693f4eaa75,geometry_alpha_0p100,0.1,,
geometry_alpha_0p100,alpha_blend,False,0.7,0.6854238156560981,0.9220937309799148,0.4364736387208297,0.9987251402345741,1643,5,103,1515,0.6846233359860234,0.5378095002562652,0.5010283312992706,860e9119168199ada695bc0df23ba4684020bbb1ec170892f7a6a2980b3e1dbc,8b5c89b360da87da95254687a6deb57ac90ccb538ee4d8abf2548d5bc4ddc55c,geometry_alpha_0p100,0.1,,
geometry_alpha_0p100,alpha_blend,False,0.8,0.6148051005506074,0.9584964761158966,0.3526361279170268,0.9994900560938297,1277,2,41,1224,0.6846233359860234,0.5378095002562652,0.5010283312992706,860e9119168199ada695bc0df23ba4684020bbb1ec170892f7a6a2980b3e1dbc,bf2bf6f3b295d9c546176cee5a90d43bfe0431d461f068c2dcaf1745a84225b7,geometry_alpha_0p100,0.1,,
geometry_alpha_0p100,alpha_blend,False,0.806173830921904,0.6078465707561458,0.9615076182838813,0.3454335926246039,0.9994900560938297,1247,2,37,1199,0.6846233359860234,0.5378095002562652,0.5010283312992706,860e9119168199ada695bc0df23ba4684020bbb1ec170892f7a6a2980b3e1dbc,b3d2923f58f14cea858b6529a9ececcdfcdb7add982949dc6cd5f66f14f79ec6,geometry_alpha_0p100,0.1,,
geometry_alpha_0p100,alpha_blend,False,0.9,0.4223781998348472,0.9869753979739508,0.1964851627772976,1.0,691,0,8,682,0.6846233359860234,0.5378095002562652,0.5010283312992706,860e9119168199ada695bc0df23ba4684020bbb1ec170892f7a6a2980b3e1dbc,0e222248cf332fd6bcd876846e5996b4f5aaf95761b05560d4a97379a3254f94,geometry_alpha_0p100,0.1,,
geometry_alpha_0p100,alpha_blend,False,0.9821656769263473,0.0008638065073423554,1.0,0.0002881014116969173,1.0,1,0,0,1,0.6846233359860234,0.5378095002562652,0.5010283312992706,860e9119168199ada695bc0df23ba4684020bbb1ec170892f7a6a2980b3e1dbc,d09a8e0a3d4c38c9f7ca032a9064384fe070f42bfd3a47dba82f69a10326d101,geometry_alpha_0p100,0.1,,
geometry_alpha_0p200,alpha_blend,False,0.00797714196089523,0.33579674294507494,0.15498983848539952,0.8349178910976663,0.7786843447220806,18698,868,14255,2898,0.6866058211387555,0.5387192735553633,0.5019796620049459,65e5c75187099a17011413c7aeb3bdfc1abee4adcd3940f5d69b44d018c421a6,bb185c4997d28d9d387c3c052cfeb89d99bfd98a925b9b67b0490783b20c681e,geometry_alpha_0p200,0.2,,
geometry_alpha_0p200,alpha_blend,False,0.019725164560302468,0.4446555967853214,0.22950425156425477,0.8242581388648804,0.8500764915859256,12466,588,8570,2861,0.6866058211387555,0.5387192735553633,0.5019796620049459,65e5c75187099a17011413c7aeb3bdfc1abee4adcd3940f5d69b44d018c421a6,cbdd4aba0ca6fc392dddba6c299b0330d9c66360c08146281ecab7de54230588,geometry_alpha_0p200,0.2,,
geometry_alpha_0p200,alpha_blend,False,0.05,0.5739953224126008,0.34485738980121,0.8046672428694901,0.9224885262621112,8099,304,4736,2793,0.6866058211387555,0.5387192735553633,0.5019796620049459,65e5c75187099a17011413c7aeb3bdfc1abee4adcd3940f5d69b44d018c421a6,7f75679511184453c9044ec6818d690fdccd079e68ab7a07bc801f109931c13e,geometry_alpha_0p200,0.2,,
geometry_alpha_0p200,alpha_blend,False,0.060032880637139394,0.5977560150223369,0.3709893048128342,0.7994814174589455,0.9324324324324325,7480,265,4197,2775,0.6866058211387555,0.5387192735553633,0.5019796620049459,65e5c75187099a17011413c7aeb3bdfc1abee4adcd3940f5d69b44d018c421a6,a15ca2060658a407fba08e732594749fcf16a08207d9b08546d89c372f93af36,geometry_alpha_0p200,0.2,,
geometry_alpha_0p200,alpha_blend,False,0.1,0.6670984560638709,0.46015902554559296,0.7836358398156151,0.9543600203977562,5911,179,2827,2720,0.6866058211387555,0.5387192735553633,0.5019796620049459,65e5c75187099a17011413c7aeb3bdfc1abee4adcd3940f5d69b44d018c421a6,36cf59952cfd69c489b27af92efdcd8e51a25245b7f1c8d09b9148a0eab6e848,geometry_alpha_0p200,0.2,,
geometry_alpha_0p200,alpha_blend,False,0.1452894537588827,0.709619135440033,0.5313815921395628,0.7634687409968309,0.9653238143804181,4987,136,2052,2650,0.6866058211387555,0.5387192735553633,0.5019796620049459,65e5c75187099a17011413c7aeb3bdfc1abee4adcd3940f5d69b44d018c421a6,2578dbed7afb85d76857ec6ffdacbd155e0eb4e314ce4b16a52e3f3ec41436f1,geometry_alpha_0p200,0.2,,
geometry_alpha_0p200,alpha_blend,False,0.15,0.7142242186859465,0.5393556280587276,0.7620282339383463,0.9671086180520143,4904,129,1985,2645,0.6866058211387555,0.5387192735553633,0.5019796620049459,65e5c75187099a17011413c7aeb3bdfc1abee4adcd3940f5d69b44d018c421a6,94a6a8630625cbccdf5652e4ffeb1e3b5f4fe74b8d43b5f0d12586577232ac51,geometry_alpha_0p200,0.2,,
geometry_alpha_0p200,alpha_blend,False,0.2,0.7404131618665052,0.5978589713753781,0.7401325266493806,0.9727180010198878,4297,107,1505,2569,0.6866058211387555,0.5387192735553633,0.5019796620049459,65e5c75187099a17011413c7aeb3bdfc1abee4adcd3940f5d69b44d018c421a6,66cf7425ecd6e8b64f445f9a6d9d547484bd346804c3a5100f084aae32687e13,geometry_alpha_0p200,0.2,,
geometry_alpha_0p200,alpha_blend,False,0.25,0.7582395376174339,0.6477922077922078,0.7185249207721118,0.979347271800102,3850,81,1172,2494,0.6866058211387555,0.5387192735553633,0.5019796620049459,65e5c75187099a17011413c7aeb3bdfc1abee4adcd3940f5d69b44d018c421a6,e5ddba0903cdbb42c6f489ad1efaf3eb50f0ec4d3a739f50b9f8f4a0fb4fa936,geometry_alpha_0p200,0.2,,
geometry_alpha_0p200,alpha_blend,False,0.3,0.768160882361443,0.6875,0.6972054163065399,0.9836817950025497,3520,64,945,2420,0.6866058211387555,0.5387192735553633,0.5019796620049459,65e5c75187099a17011413c7aeb3bdfc1abee4adcd3940f5d69b44d018c421a6,385923c2ae815ebb8ca749edadc2daadb07e5543b1c94c8e680aee05a9c159c2,geometry_alpha_0p200,0.2,,
geometry_alpha_0p200,alpha_blend,False,0.35,0.7757874439361839,0.7288557213930348,0.6753097090175741,0.9859765425803162,3216,55,740,2344,0.6866058211387555,0.5387192735553633,0.5019796620049459,65e5c75187099a17011413c7aeb3bdfc1abee4adcd3940f5d69b44d018c421a6,4f52276e0a1691b321707c1211b3fb435b1264d13571edf4addcc5fa7c24bc3a,geometry_alpha_0p200,0.2,,
geometry_alpha_0p200,alpha_blend,False,0.4,0.7768343487667243,0.756918972990997,0.6539902045520023,0.9885262621111678,2999,45,620,2270,0.6866058211387555,0.5387192735553633,0.5019796620049459,65e5c75187099a17011413c7aeb3bdfc1abee4adcd3940f5d69b44d018c421a6,6871af059967b94e5741cbe29bf50a1ef4885d29a1f09fe02eb27aee87cd51e4,geometry_alpha_0p200,0.2,,
geometry_alpha_0p200,alpha_blend,False,0.5,0.7713104917058692,0.8165495706479313,0.602708153269951,0.9943906170321265,2562,22,400,2092,0.6866058211387555,0.5387192735553633,0.5019796620049459,65e5c75187099a17011413c7aeb3bdfc1abee4adcd3940f5d69b44d018c421a6,5e7fafce2794abba043e798060ec6add51973aff467b338533a236268d1ee86b,geometry_alpha_0p200,0.2,,
geometry_alpha_0p200,alpha_blend,False,0.5217269903670234,0.7685271394886628,0.8251804330392943,0.5929127052722558,0.9949005609382968,2494,20,368,2058,0.6866058211387555,0.5387192735553633,0.5019796620049459,65e5c75187099a17011413c7aeb3bdfc1abee4adcd3940f5d69b44d018c421a6,8b001eb0ee06b02cdc70bae694dfc9fbbdf27e2f7e72f99693d8395187a52c7c,geometry_alpha_0p200,0.2,,
geometry_alpha_0p200,alpha_blend,False,0.6,0.7497273362548083,0.8683602771362586,0.5416306539902046,0.9964303926568078,2165,14,234,1880,0.6866058211387555,0.5387192735553633,0.5019796620049459,65e5c75187099a17011413c7aeb3bdfc1abee4adcd3940f5d69b44d018c421a6,ca2ada74b812bc8632dfed630c78c40852cac02b07bc204505b8cb082ebc1321,geometry_alpha_0p200,0.2,,
geometry_alpha_0p200,alpha_blend,False,0.7,0.7028382899097267,0.9111617312072893,0.4609622587150677,0.998470168281489,1756,6,129,1600,0.6866058211387555,0.5387192735553633,0.5019796620049459,65e5c75187099a17011413c7aeb3bdfc1abee4adcd3940f5d69b44d018c421a6,28711870a1b1522396bdce404be19eae290cbacf491c525516571380c64803d2,geometry_alpha_0p200,0.2,,
geometry_alpha_0p200,alpha_blend,False,0.8,0.6316662108430987,0.9525925925925925,0.37049841544223566,0.9994900560938297,1350,2,50,1286,0.6866058211387555,0.5387192735553633,0.5019796620049459,65e5c75187099a17011413c7aeb3bdfc1abee4adcd3940f5d69b44d018c421a6,46a471502235ccc994f8c3e10489200e734e45e2fcc3e6634da867a2e4839615,geometry_alpha_0p200,0.2,,
geometry_alpha_0p200,alpha_blend,False,0.8258578882655496,0.6082506930747693,0.9623095429029671,0.34572169403630076,0.9994900560938297,1247,2,36,1200,0.6866058211387555,0.5387192735553633,0.5019796620049459,65e5c75187099a17011413c7aeb3bdfc1abee4adcd3940f5d69b44d018c421a6,d4b08c276fafb8f9574925f77b41b895a4c0ca51ef73187b46d929d1ff311949,geometry_alpha_0p200,0.2,,
geometry_alpha_0p200,alpha_blend,False,0.9,0.45780969479353684,0.9845559845559846,0.22039757994814174,1.0,777,0,10,765,0.6866058211387555,0.5387192735553633,0.5019796620049459,65e5c75187099a17011413c7aeb3bdfc1abee4adcd3940f5d69b44d018c421a6,a755e68645935e205c55ce5e823beb42c395f39ed00bb5d5a721ece823dcdb76,geometry_alpha_0p200,0.2,,
geometry_alpha_0p200,alpha_blend,False,0.9841263544058256,0.0008638065073423554,1.0,0.0002881014116969173,1.0,1,0,0,1,0.6866058211387555,0.5387192735553633,0.5019796620049459,65e5c75187099a17011413c7aeb3bdfc1abee4adcd3940f5d69b44d018c421a6,d09a8e0a3d4c38c9f7ca032a9064384fe070f42bfd3a47dba82f69a10326d101,geometry_alpha_0p200,0.2,,
geometry_alpha_0p400,alpha_blend,False,0.012997821104787966,0.33610570550752966,0.15509680179698362,0.8354940939210602,0.7804691483936768,18698,861,14316,2900,0.689995603899012,0.5407326732715404,0.5036896357145081,9d4eda0b3666ed780783bc047a188b81b6650b7093a6fd6b14e55b10c73cf89d,28ae38acb0063350d96463c7b0fd99e6edc241b92fc9c1b8187bc3dfc6b3e2f9,geometry_alpha_0p400,0.4,,
geometry_alpha_0p400,alpha_blend,False,0.03243608849690686,0.44571121458956653,0.22974490614471363,0.8251224430999712,0.8574706782253952,12466,559,8627,2864,0.689995603899012,0.5407326732715404,0.5036896357145081,9d4eda0b3666ed780783bc047a188b81b6650b7093a6fd6b14e55b10c73cf89d,dd46408e0f917cd4df3453c7a0eecfe5a0ce6ac563f6518689396d604d465aa2,geometry_alpha_0p400,0.4,,
geometry_alpha_0p400,alpha_blend,False,0.05,0.508979845306339,0.2809476801579467,0.8199366176894267,0.89673635900051,10130,405,6560,2846,0.689995603899012,0.5407326732715404,0.5036896357145081,9d4eda0b3666ed780783bc047a188b81b6650b7093a6fd6b14e55b10c73cf89d,67dc8158c6bc6b03234d9fdbed2af82f9d0c92033c0eedb0fdf54fb4e5b7cc00,geometry_alpha_0p400,0.4,,
geometry_alpha_0p400,alpha_blend,False,0.09301963426039526,0.5991340592317794,0.3713903743315508,0.8003457216940363,0.9388067312595615,7480,240,4238,2778,0.689995603899012,0.5407326732715404,0.5036896357145081,9d4eda0b3666ed780783bc047a188b81b6650b7093a6fd6b14e55b10c73cf89d,621b9644c89bdeb25930fda6862adef6301814d5e4045fe9ca08f5c05ba1e8b6,geometry_alpha_0p400,0.4,,
geometry_alpha_0p400,alpha_blend,False,0.1,0.6093514754735675,0.38319048935581973,0.7986171132238548,0.9421213666496685,7234,227,4015,2772,0.689995603899012,0.5407326732715404,0.5036896357145081,9d4eda0b3666ed780783bc047a188b81b6650b7093a6fd6b14e55b10c73cf89d,297c8f1f452d494528710e75ae9e833a5299a97966a2de799b2e146e81d557ac,geometry_alpha_0p400,0.4,,
geometry_alpha_0p400,alpha_blend,False,0.15,0.6686816008385635,0.46095334685598377,0.7856525496974935,0.9576746557878634,5916,166,2852,2727,0.689995603899012,0.5407326732715404,0.5036896357145081,9d4eda0b3666ed780783bc047a188b81b6650b7093a6fd6b14e55b10c73cf89d,ec5322873c7e2dcdcae6b13dc02a9b10ec8b5412a99ba49da608a4a9a8f7d223,geometry_alpha_0p400,0.4,,
geometry_alpha_0p400,alpha_blend,False,0.2,0.7042918762382265,0.5190439176059075,0.7695188706424662,0.9676185619581846,5146,127,2200,2671,0.689995603899012,0.5407326732715404,0.5036896357145081,9d4eda0b3666ed780783bc047a188b81b6650b7093a6fd6b14e55b10c73cf89d,d76b2a1efe84caf2e22a2e669d246335dcc8d55849561904e9e0e9200fabdfcf,geometry_alpha_0p400,0.4,,
geometry_alpha_0p400,alpha_blend,False,0.21189053738974672,0.7119437920944395,0.5331862843392822,0.7660616537021031,0.968128505864355,4987,125,2060,2659,0.689995603899012,0.5407326732715404,0.5036896357145081,9d4eda0b3666ed780783bc047a188b81b6650b7093a6fd6b14e55b10c73cf89d,67c63d82d882a4e5df9f1120819ce70a1fbd39e3adfcc23e68bb1021e2c3b70b,geometry_alpha_0p400,0.4,,
geometry_alpha_0p400,alpha_blend,False,0.25,0.7314983538537895,0.5733099209833187,0.752520887352348,0.9727180010198878,4556,107,1714,2612,0.689995603899012,0.5407326732715404,0.5036896357145081,9d4eda0b3666ed780783bc047a188b81b6650b7093a6fd6b14e55b10c73cf89d,b635c319ef572d42ca2292eaf973cc31ed4aee6146d0215ce4f714960cad6bd2,geometry_alpha_0p400,0.4,,
geometry_alpha_0p400,alpha_blend,False,0.3,0.7474425595706421,0.6136636997834977,0.7349467012388361,0.9770525242223356,4157,90,1407,2551,0.689995603899012,0.5407326732715404,0.5036896357145081,9d4eda0b3666ed780783bc047a188b81b6650b7093a6fd6b14e55b10c73cf89d,2fe36943db7921086721a333d9c159020b89cccac2b72e6ab45eae34a9dfb63c,geometry_alpha_0p400,0.4,,
geometry_alpha_0p400,alpha_blend,False,0.35,0.7611400601875005,0.6542301629006831,0.7173725151253241,0.9813870474247832,3806,73,1144,2490,0.689995603899012,0.5407326732715404,0.5036896357145081,9d4eda0b3666ed780783bc047a188b81b6650b7093a6fd6b14e55b10c73cf89d,8fad9a76a8ba788c808f9ac282f9866446ea6919cfbfbd0cadabdc557d885b6b,geometry_alpha_0p400,0.4,,
geometry_alpha_0p400,alpha_blend,False,0.4,0.7723443654139994,0.6938017709225935,0.6997983290118122,0.9862315145334013,3501,54,934,2429,0.689995603899012,0.5407326732715404,0.5036896357145081,9d4eda0b3666ed780783bc047a188b81b6650b7093a6fd6b14e55b10c73cf89d,b37af11e7a4d2a4a1806025ea58f35abbb8d854b1b8303c1765c808645da163b,geometry_alpha_0p400,0.4,,
geometry_alpha_0p400,alpha_blend,False,0.5,0.7790057604628271,0.7595063375583723,0.6560069144338807,0.9900560938296787,2998,39,619,2277,0.689995603899012,0.5407326732715404,0.5036896357145081,9d4eda0b3666ed780783bc047a188b81b6650b7093a6fd6b14e55b10c73cf89d,e34d74ad042351c34dd74d4c6b1c60276e32b3f996b584cde36e2d6ed6a68719,geometry_alpha_0p400,0.4,,
geometry_alpha_0p400,alpha_blend,False,0.6,0.7719446340997462,0.822994863690241,0.6001152405646788,0.9951555328913819,2531,19,382,2083,0.689995603899012,0.5407326732715404,0.5036896357145081,9d4eda0b3666ed780783bc047a188b81b6650b7093a6fd6b14e55b10c73cf89d,3e2e0786c8bcd66e8e9cf9a28cd3fd29d6d80a7ecf0d3ea94245dd8a908bb65b,geometry_alpha_0p400,0.4,,
geometry_alpha_0p400,alpha_blend,False,0.6117044508413769,0.7700144232764108,0.8271852445870088,0.5943532123307405,0.9954105048444671,2494,18,366,2063,0.689995603899012,0.5407326732715404,0.5036896357145081,9d4eda0b3666ed780783bc047a188b81b6650b7093a6fd6b14e55b10c73cf89d,916b816e6d7e4a9359cd4a0cc54f74945f6cc8eb311600510f68a5904595567a,geometry_alpha_0p400,0.4,,
geometry_alpha_0p400,alpha_blend,False,0.7,0.7420536242039459,0.8794599807135969,0.5254969749351772,0.9971953085160632,2074,11,205,1824,0.689995603899012,0.5407326732715404,0.5036896357145081,9d4eda0b3666ed780783bc047a188b81b6650b7093a6fd6b14e55b10c73cf89d,8c8f16960e316cd3065b91f1ef86e8382ac910304290c03fe312f5a686b01646,geometry_alpha_0p400,0.4,,
geometry_alpha_0p400,alpha_blend,False,0.8,0.6809898245934592,0.9340452261306532,0.42840679919331603,0.9994900560938297,1592,2,87,1487,0.689995603899012,0.5407326732715404,0.5036896357145081,9d4eda0b3666ed780783bc047a188b81b6650b7093a6fd6b14e55b10c73cf89d,9460356ba988979b76013113a6bc5ba1c5cee8031466eeb57f7dd71870384118,geometry_alpha_0p400,0.4,,
geometry_alpha_0p400,alpha_blend,False,0.8643701414871748,0.6090585279620613,0.9639133921411387,0.3462978968596946,0.9994900560938297,1247,2,35,1202,0.689995603899012,0.5407326732715404,0.5036896357145081,9d4eda0b3666ed780783bc047a188b81b6650b7093a6fd6b14e55b10c73cf89d,2455d19a6c5e0703e2639904c9861fddf034a98d5170c808664bf0bd1956832c,geometry_alpha_0p400,0.4,,
geometry_alpha_0p400,alpha_blend,False,0.9,0.5290610497432028,0.9764102564102564,0.2742725439354653,0.9997450280469148,975,1,19,952,0.689995603899012,0.5407326732715404,0.5036896357145081,9d4eda0b3666ed780783bc047a188b81b6650b7093a6fd6b14e55b10c73cf89d,78d2eeb055911c144a488a16cfdfd9144ec410faa9c2eaecf76711a9a527f405,geometry_alpha_0p400,0.4,,
geometry_alpha_0p400,alpha_blend,False,0.9880477093647824,0.0008638065073423554,1.0,0.0002881014116969173,1.0,1,0,0,1,0.689995603899012,0.5407326732715404,0.5036896357145081,9d4eda0b3666ed780783bc047a188b81b6650b7093a6fd6b14e55b10c73cf89d,d09a8e0a3d4c38c9f7ca032a9064384fe070f42bfd3a47dba82f69a10326d101,geometry_alpha_0p400,0.4,,
geometry_alpha_0p600,alpha_blend,False,0.017919861172170818,0.33629943135347845,0.1551502834527757,0.8357821953327571,0.7819989801121876,18698,855,14334,2901,0.6922471355148534,0.5423197945309131,0.5052020646830062,62cef98cfd61af17ad45570c549733f25d4dab6cfb749bb90ee6cc68d432b80e,b06b96b21a126bff96a37a48d5baec8e3fd24a34b371cdb2bb6ed96ddebaebfa,geometry_alpha_0p600,0.6,,
geometry_alpha_0p600,alpha_blend,False,0.04486087302961383,0.4461227381669878,0.22974490614471363,0.8251224430999712,0.8620601733809281,12466,541,8663,2864,0.6922471355148534,0.5423197945309131,0.5052020646830062,62cef98cfd61af17ad45570c549733f25d4dab6cfb749bb90ee6cc68d432b80e,a890134c295738128fa8c3ae6b71dea33ae9d8307e78f3e80be3df4a6eceb304,geometry_alpha_0p600,0.6,,
geometry_alpha_0p600,alpha_blend,False,0.05,0.4624693074263877,0.24216500084702694,0.8236819360414867,0.874553799082101,11806,492,8084,2859,0.6922471355148534,0.5423197945309131,0.5052020646830062,62cef98cfd61af17ad45570c549733f25d4dab6cfb749bb90ee6cc68d432b80e,ee1651e1bf3bbb60c69e290f445f9103e3f3b78879cf5b6d03b5a5a11251ac47,geometry_alpha_0p600,0.6,,
geometry_alpha_0p600,alpha_blend,False,0.1,0.5667259696728809,0.3355231724796942,0.8092768654566408,0.9280979092299847,8372,282,5029,2809,0.6922471355148534,0.5423197945309131,0.5052020646830062,62cef98cfd61af17ad45570c549733f25d4dab6cfb749bb90ee6cc68d432b80e,9dab0ac748e963478297a7a0b0f64c2c9ce476e778c4aff7384c88b58f14b5d6,geometry_alpha_0p600,0.6,,
geometry_alpha_0p600,alpha_blend,False,0.12520069597599193,0.6001937528653363,0.3719251336898396,0.8014981273408239,0.9416114227434982,7480,229,4251,2782,0.6922471355148534,0.5423197945309131,0.5052020646830062,62cef98cfd61af17ad45570c549733f25d4dab6cfb749bb90ee6cc68d432b80e,98787105c4692a0c6c5b759f808be2c4b30bb45ff36ee935cfeb6d19d8afb41a,geometry_alpha_0p600,0.6,,
geometry_alpha_0p600,alpha_blend,False,0.15,0.6273614736970968,0.4040286089621953,0.7974647075770671,0.9497705252422234,6851,197,3694,2768,0.6922471355148534,0.5423197945309131,0.5052020646830062,62cef98cfd61af17ad45570c549733f25d4dab6cfb749bb90ee6cc68d432b80e,9bb8f49bb52f9b5ad1dc3d52a942e8f25cfd5d6ec60c27ba00e98959bc2d59f4,geometry_alpha_0p600,0.6,,
geometry_alpha_0p600,alpha_blend,False,0.2,0.6690887959712282,0.46074624345770726,0.7862287525208873,0.960224375318715,5923,156,2873,2729,0.6922471355148534,0.5423197945309131,0.5052020646830062,62cef98cfd61af17ad45570c549733f25d4dab6cfb749bb90ee6cc68d432b80e,66857df4788bd465655add0c99ee7949904f22abaf16f4b2df8944c38bac7e6d,geometry_alpha_0p600,0.6,,
geometry_alpha_0p600,alpha_blend,False,0.25,0.6985759482472818,0.5077475434618292,0.7741284932296169,0.9678735339112697,5292,126,2331,2687,0.6922471355148534,0.5423197945309131,0.5052020646830062,62cef98cfd61af17ad45570c549733f25d4dab6cfb749bb90ee6cc68d432b80e,2c23cfa9742075e4d5a07e56ad3f45d9f23968f2a11a98b53aaeb3bfff1cbd53,geometry_alpha_0p600,0.6,,
geometry_alpha_0p600,alpha_blend,False,0.2778672635109498,0.7115926926258004,0.5323841989171847,0.7649092480553155,0.9706782253952065,4987,115,2077,2655,0.6922471355148534,0.5423197945309131,0.5052020646830062,62cef98cfd61af17ad45570c549733f25d4dab6cfb749bb90ee6cc68d432b80e,f0977c7ba327c2b6e6fe19b409c08c78cdceaeadf0d3d6a121201269561aaaed,geometry_alpha_0p600,0.6,,
geometry_alpha_0p600,alpha_blend,False,0.3,0.7213950349767824,0.5511909736732136,0.7600115240564679,0.9722080571137175,4786,109,1909,2638,0.6922471355148534,0.5423197945309131,0.5052020646830062,62cef98cfd61af17ad45570c549733f25d4dab6cfb749bb90ee6cc68d432b80e,e15259f5beaff1bf91724f885e73a03a3059ee612ada16af30f4df985689d94f,geometry_alpha_0p600,0.6,,
geometry_alpha_0p600,alpha_blend,False,0.35,0.7389047121514096,0.5896677287209832,0.7464707577067128,0.9760326364099949,4394,94,1595,2591,0.6922471355148534,0.5423197945309131,0.5052020646830062,62cef98cfd61af17ad45570c549733f25d4dab6cfb749bb90ee6cc68d432b80e,85c12d50168accb4a138196ff29cce1fd9803ff77e83734478e28feca4233ab7,geometry_alpha_0p600,0.6,,
geometry_alpha_0p600,alpha_blend,False,0.4,0.7522591766645153,0.6244466305951796,0.731489484298473,0.9808771035186129,4066,75,1347,2539,0.6922471355148534,0.5423197945309131,0.5052020646830062,62cef98cfd61af17ad45570c549733f25d4dab6cfb749bb90ee6cc68d432b80e,cf15473744c6baec50d43df63f2a1b2c76ad504b37bb9baf88d98f1c75bc91a9,geometry_alpha_0p600,0.6,,
geometry_alpha_0p600,alpha_blend,False,0.5,0.774470507426744,0.6977611940298507,0.700374531835206,0.9875063742988271,3484,49,926,2431,0.6922471355148534,0.5423197945309131,0.5052020646830062,62cef98cfd61af17ad45570c549733f25d4dab6cfb749bb90ee6cc68d432b80e,ac426266fd3d614789ee94581e0591576552276d187362406d0fba4d85ba583e,geometry_alpha_0p600,0.6,,
geometry_alpha_0p600,alpha_blend,False,0.6,0.7824371965963417,0.7637637637637638,0.6594641313742438,0.9915859255481897,2997,33,616,2289,0.6922471355148534,0.5423197945309131,0.5052020646830062,62cef98cfd61af17ad45570c549733f25d4dab6cfb749bb90ee6cc68d432b80e,ded0085a078859c61290df133bf27d40c3e50986b41ac0c60b15545223a5e0ad,geometry_alpha_0p600,0.6,,
geometry_alpha_0p600,alpha_blend,False,0.7,0.7737352755814413,0.8291517323775388,0.5998271391529818,0.9959204487506375,2511,16,368,2082,0.6922471355148534,0.5423197945309131,0.5052020646830062,62cef98cfd61af17ad45570c549733f25d4dab6cfb749bb90ee6cc68d432b80e,57eed98cc5babf3aedf76a0a8a31d41146f3b78496b64ff16a8997fca0a018a8,geometry_alpha_0p600,0.6,,
geometry_alpha_0p600,alpha_blend,False,0.702850214108497,0.7734360685857372,0.8319967923015237,0.5978104292711034,0.9959204487506375,2494,16,359,2075,0.6922471355148534,0.5423197945309131,0.5052020646830062,62cef98cfd61af17ad45570c549733f25d4dab6cfb749bb90ee6cc68d432b80e,e71fb0aafa684be59c9dd25228952a53441dd90dc643f7aa9c8c66d010c31db8,geometry_alpha_0p600,0.6,,
geometry_alpha_0p600,alpha_blend,False,0.8,0.731953026782582,0.8957055214723927,0.5047536732929991,0.9989801121876594,1956,4,173,1752,0.6922471355148534,0.5423197945309131,0.5052020646830062,62cef98cfd61af17ad45570c549733f25d4dab6cfb749bb90ee6cc68d432b80e,a66f376953ed04d62970b5a13c8b7ecb5f767ec8e64922685230569656637e25,geometry_alpha_0p600,0.6,,
geometry_alpha_0p600,alpha_blend,False,0.9,0.6130343166638068,0.9605367008681925,0.35061941803514834,0.9994900560938297,1267,2,39,1217,0.6922471355148534,0.5423197945309131,0.5052020646830062,62cef98cfd61af17ad45570c549733f25d4dab6cfb749bb90ee6cc68d432b80e,8cf4161c350e5d70c24d18e1939caa833af6b99187b73e1c655ee0639174deb6,geometry_alpha_0p600,0.6,,
geometry_alpha_0p600,alpha_blend,False,0.902527932302207,0.6090585279620613,0.9639133921411387,0.3462978968596946,0.9994900560938297,1247,2,34,1202,0.6922471355148534,0.5423197945309131,0.5052020646830062,62cef98cfd61af17ad45570c549733f25d4dab6cfb749bb90ee6cc68d432b80e,6f85f24cc878440df8e3ae0c4b1835102b3b316e43e41585fef54d90ae11cae6,geometry_alpha_0p600,0.6,,
geometry_alpha_0p600,alpha_blend,False,0.9919690643237393,0.0008638065073423554,1.0,0.0002881014116969173,1.0,1,0,0,1,0.6922471355148534,0.5423197945309131,0.5052020646830062,62cef98cfd61af17ad45570c549733f25d4dab6cfb749bb90ee6cc68d432b80e,d09a8e0a3d4c38c9f7ca032a9064384fe070f42bfd3a47dba82f69a10326d101,geometry_alpha_0p600,0.6,,
geometry_alpha_0p800,alpha_blend,False,0.02267257400792947,0.3365030325424455,0.1551502834527757,0.8357821953327571,0.7853136155022947,18698,842,14361,2901,0.6940949315805476,0.5438795837111735,0.5066177216716448,46aa1629651d11ba46eca4e66e08fd8a0e55dd96344d84db1254022a4f1ea1b4,27c85dc948b0295c7af96086c4e9f233d33074aa84cc7be9449d58a97582bc72,geometry_alpha_0p800,0.8,,
geometry_alpha_0p800,alpha_blend,False,0.05,0.42622856129014713,0.21487355977854258,0.8274272543935465,0.8503314635390107,13366,587,9496,2872,0.6940949315805476,0.5438795837111735,0.5066177216716448,46aa1629651d11ba46eca4e66e08fd8a0e55dd96344d84db1254022a4f1ea1b4,ff170b7cdec1ec3b6351355742bf4f431a873ecbaccc4509b9de9715bd5638e2,geometry_alpha_0p800,0.8,,
geometry_alpha_0p800,alpha_blend,False,0.05743911918365224,0.44665315964969776,0.22990534253168618,0.8256986459233651,0.86511983681795,12466,529,8682,2866,0.6940949315805476,0.5438795837111735,0.5066177216716448,46aa1629651d11ba46eca4e66e08fd8a0e55dd96344d84db1254022a4f1ea1b4,ca2015e3759f5f2fb0ab585654460aa525f5d0dbf056d2b78247288578d99747,geometry_alpha_0p800,0.8,,
geometry_alpha_0p800,alpha_blend,False,0.1,0.531315400371398,0.3004446326487402,0.8176318063958513,0.9133095359510454,9446,340,5990,2838,0.6940949315805476,0.5438795837111735,0.5066177216716448,46aa1629651d11ba46eca4e66e08fd8a0e55dd96344d84db1254022a4f1ea1b4,b010afc5becc2eedb7a66b1743e30aa09c6d631a5d9f6c225c60cbfbe8ede15a,geometry_alpha_0p800,0.8,,
geometry_alpha_0p800,alpha_blend,False,0.15,0.5930198866528503,0.3633520135540206,0.8032267358110055,0.9418663946965834,7673,228,4445,2788,0.6940949315805476,0.5438795837111735,0.5066177216716448,46aa1629651d11ba46eca4e66e08fd8a0e55dd96344d84db1254022a4f1ea1b4,396522088c2ac922511143930d7a72fbfa7e524e82b211395d57430edb46ce01,geometry_alpha_0p800,0.8,,
geometry_alpha_0p800,alpha_blend,False,0.1578316579226225,0.6008095979631981,0.37219251336898396,0.8020743301642178,0.9436511983681795,7480,221,4271,2784,0.6940949315805476,0.5438795837111735,0.5066177216716448,46aa1629651d11ba46eca4e66e08fd8a0e55dd96344d84db1254022a4f1ea1b4,cd3ba3a0f16516c9f3ea4d5a6c6e6a8df3f34c61ff3c0cb0377f4dad4d77e64f,geometry_alpha_0p800,0.8,,
geometry_alpha_0p800,alpha_blend,False,0.2,0.6353937444842441,0.41425356339084773,0.7954479976951887,0.9520652728199898,6665,188,3534,2761,0.6940949315805476,0.5438795837111735,0.5066177216716448,46aa1629651d11ba46eca4e66e08fd8a0e55dd96344d84db1254022a4f1ea1b4,dc45b11e9f00cebfd3702ab74355e959ccb1ec1d6963f3db31020b58acde74d5,geometry_alpha_0p800,0.8,,
geometry_alpha_0p800,alpha_blend,False,0.25,0.6701203423182851,0.4619031493396546,0.7859406511091904,0.962009178990311,5906,149,2868,2728,0.6940949315805476,0.5438795837111735,0.5066177216716448,46aa1629651d11ba46eca4e66e08fd8a0e55dd96344d84db1254022a4f1ea1b4,798be45aaa0415fcac08ad68c239a144106bd046933658f1b7f39033e96b101a,geometry_alpha_0p800,0.8,,
geometry_alpha_0p800,alpha_blend,False,0.3,0.694716223070406,0.5009304056568664,0.7755690002881014,0.96838347781744,5374,124,2408,2692,0.6940949315805476,0.5438795837111735,0.5066177216716448,46aa1629651d11ba46eca4e66e08fd8a0e55dd96344d84db1254022a4f1ea1b4,853fb1cf295bba9e3cf3606c6bcdbcc304742b41e28869617c59177905159832,geometry_alpha_0p800,0.8,,
geometry_alpha_0p800,alpha_blend,False,0.342756613776573,0.7120890884305084,0.5327852416282334,0.7654854508787093,0.9711881693013769,4987,113,2080,2657,0.6940949315805476,0.5438795837111735,0.5066177216716448,46aa1629651d11ba46eca4e66e08fd8a0e55dd96344d84db1254022a4f1ea1b4,08015804935d2ffd9739a0bf54f85f4385cd703d1644c452fdaf8c9b962b1054,geometry_alpha_0p800,0.8,,
geometry_alpha_0p800,alpha_blend,False,0.35,0.7143949247028812,0.5372922578029996,0.7637568424085278,0.9719530851606323,4934,110,2038,2651,0.6940949315805476,0.5438795837111735,0.5066177216716448,46aa1629651d11ba46eca4e66e08fd8a0e55dd96344d84db1254022a4f1ea1b4,9292ef6d26b38de65d2e5cbb736b7d975c7ce08b71df1b52563a98c0cb3cd1b1,geometry_alpha_0p800,0.8,,
geometry_alpha_0p800,alpha_blend,False,0.4,0.7311715265169074,0.5706498037505452,0.7539613944108327,0.97628760836308,4586,93,1752,2617,0.6940949315805476,0.5438795837111735,0.5066177216716448,46aa1629651d11ba46eca4e66e08fd8a0e55dd96344d84db1254022a4f1ea1b4,aa15912052ff9d9ed880014a9d73d632c0faf049d00e898812894875ea0d858c,geometry_alpha_0p800,0.8,,
geometry_alpha_0p800,alpha_blend,False,0.5,0.7565903142851875,0.6338169084542271,0.7300489772399885,0.9826619071902091,3998,68,1295,2534,0.6940949315805476,0.5438795837111735,0.5066177216716448,46aa1629651d11ba46eca4e66e08fd8a0e55dd96344d84db1254022a4f1ea1b4,7329a546023dc071d87bf7c9f0bd1eefe8628ddc8d9575bc80be86214678db6d,geometry_alpha_0p800,0.8,,
geometry_alpha_0p800,alpha_blend,False,0.6,0.7743918281168294,0.6974741676234214,0.700086430423509,0.9882712901580826,3484,46,936,2430,0.6940949315805476,0.5438795837111735,0.5066177216716448,46aa1629651d11ba46eca4e66e08fd8a0e55dd96344d84db1254022a4f1ea1b4,861dc5bedfabaf7fb0b2e7ec311350d45073f35f869a1a0b60219f50399aae6c,geometry_alpha_0p800,0.8,,
geometry_alpha_0p800,alpha_blend,False,0.7,0.7831416369848714,0.7633943427620632,0.6609046384327283,0.9923508414074452,3005,30,621,2294,0.6940949315805476,0.5438795837111735,0.5066177216716448,46aa1629651d11ba46eca4e66e08fd8a0e55dd96344d84db1254022a4f1ea1b4,6ed1ef9cbcec532e2ced02a2ea185483a6bab25c83b97ed4500f56978570c697,geometry_alpha_0p800,0.8,,
geometry_alpha_0p800,alpha_blend,False,0.7982618920122424,0.7751952457386992,0.8344025661587811,0.5995390377412849,0.9964303926568078,2494,14,357,2081,0.6940949315805476,0.5438795837111735,0.5066177216716448,46aa1629651d11ba46eca4e66e08fd8a0e55dd96344d84db1254022a4f1ea1b4,af2405ddf4ff6de2cf58c4f67207f9f7d6f87ef435e5602a9d1849e6db8fd615,geometry_alpha_0p800,0.8,,
geometry_alpha_0p800,alpha_blend,False,0.8,0.774668488656434,0.8348070739549839,0.5983866320944973,0.9964303926568078,2488,14,355,2077,0.6940949315805476,0.5438795837111735,0.5066177216716448,46aa1629651d11ba46eca4e66e08fd8a0e55dd96344d84db1254022a4f1ea1b4,91c58a63d27dc433ca4579dc1b8c8b1b4378c9aab22e1e11433ef2f74bdf37a4,geometry_alpha_0p800,0.8,,
geometry_alpha_0p800,alpha_blend,False,0.9,0.7070825631161816,0.9220630372492836,0.46355517142034,0.9989801121876594,1745,4,113,1609,0.6940949315805476,0.5438795837111735,0.5066177216716448,46aa1629651d11ba46eca4e66e08fd8a0e55dd96344d84db1254022a4f1ea1b4,d92b19c767d9ed56b472c61a1cdbf90542fe05e61550ec0e99cede0bb0120da4,geometry_alpha_0p800,0.8,,
geometry_alpha_0p800,alpha_blend,False,0.942242097132389,0.6090585279620613,0.9639133921411387,0.3462978968596946,0.9994900560938297,1247,2,35,1202,0.6940949315805476,0.5438795837111735,0.5066177216716448,46aa1629651d11ba46eca4e66e08fd8a0e55dd96344d84db1254022a4f1ea1b4,72f12c92983eeb00d8f36aae15bc60a819c4c921aba4c018e1569cc87231cd31,geometry_alpha_0p800,0.8,,
geometry_alpha_0p800,alpha_blend,False,0.9958904192826962,0.0008638065073423554,1.0,0.0002881014116969173,1.0,1,0,0,1,0.6940949315805476,0.5438795837111735,0.5066177216716448,46aa1629651d11ba46eca4e66e08fd8a0e55dd96344d84db1254022a4f1ea1b4,d09a8e0a3d4c38c9f7ca032a9064384fe070f42bfd3a47dba82f69a10326d101,geometry_alpha_0p800,0.8,,
geometry_alpha_1p000,alpha_blend,False,0.027279208080391373,0.33675816392133506,0.15520376510856776,0.8360702967444541,0.7878633350331463,18698,832,14379,2902,0.6917392943939735,0.5391135891005473,0.5014662826080561,452a7ffa3046a707d0bb0a7e3e9603f51fdccd994366e7a061f56ec4080e575c,234f82e10cbf537ef0774e6a203ffe7480872bded0d3fa9744645ba104ef793a,geometry_risk_score,1.0,,
geometry_alpha_1p000,alpha_blend,False,0.05,0.3999697077524294,0.19578333672293405,0.8320368769806972,0.839622641509434,14751,629,10777,2888,0.6917392943939735,0.5391135891005473,0.5014662826080561,452a7ffa3046a707d0bb0a7e3e9603f51fdccd994366e7a061f56ec4080e575c,d4b08f56325288d946a0e29097e2e60ec8fc945f53ff0341a76fd005f9d12933,geometry_risk_score,1.0,,
geometry_alpha_1p000,alpha_blend,False,0.06979894210381045,0.44683404462524934,0.22990534253168618,0.8256986459233651,0.8671596124426313,12466,521,8698,2866,0.6917392943939735,0.5391135891005473,0.5014662826080561,452a7ffa3046a707d0bb0a7e3e9603f51fdccd994366e7a061f56ec4080e575c,f3020bb174e79ecf7483f6bc568c4767ea8947341cb20e757a935ce0a7cb9e10,geometry_risk_score,1.0,,
geometry_alpha_1p000,alpha_blend,False,0.1,0.5012723769846191,0.27375,0.8202247191011236,0.8987761346251912,10400,397,6847,2847,0.6917392943939735,0.5391135891005473,0.5014662826080561,452a7ffa3046a707d0bb0a7e3e9603f51fdccd994366e7a061f56ec4080e575c,4ca63fd26d8c98dad6391201d78f73880dce80d88aeb099bca3ac5e6c2de6569,geometry_risk_score,1.0,,
geometry_alpha_1p000,alpha_blend,False,0.15,0.564455411954126,0.3327018707080275,0.8095649668683377,0.9311575726670066,8446,270,5126,2810,0.6917392943939735,0.5391135891005473,0.5014662826080561,452a7ffa3046a707d0bb0a7e3e9603f51fdccd994366e7a061f56ec4080e575c,1a7db3a8fcc0a5ba6b50a52b5d22e9582a9c8be20358a29ac7197c72b673cc9a,geometry_risk_score,1.0,,
geometry_alpha_1p000,alpha_blend,False,0.1907502332997964,0.6011861611350894,0.37232620320855614,0.8023624315759147,0.9451810300866905,7480,215,4278,2785,0.6917392943939735,0.5391135891005473,0.5014662826080561,452a7ffa3046a707d0bb0a7e3e9603f51fdccd994366e7a061f56ec4080e575c,baf6acfa1ba9a30168db568863968726c7fae28233f25db26a4b46f7539f11db,geometry_risk_score,1.0,,
geometry_alpha_1p000,alpha_blend,False,0.2,0.6087526702686089,0.38131174533479695,0.8006338231057332,0.9464558898521163,7288,210,4103,2779,0.6917392943939735,0.5391135891005473,0.5014662826080561,452a7ffa3046a707d0bb0a7e3e9603f51fdccd994366e7a061f56ec4080e575c,e90cf52cf2805925c8ec192ce07ee5b5ecc69a5cd9b60cd4374ace7904a996d9,geometry_risk_score,1.0,,
geometry_alpha_1p000,alpha_blend,False,0.25,0.641973924015141,0.4226345652507284,0.7940074906367042,0.9546149923508414,6521,178,3414,2756,0.6917392943939735,0.5391135891005473,0.5014662826080561,452a7ffa3046a707d0bb0a7e3e9603f51fdccd994366e7a061f56ec4080e575c,5f6209e1820bcd13930ac7c8e160316edae96cd4998b9c76f9a13475f02e9604,geometry_risk_score,1.0,,
geometry_alpha_1p000,alpha_blend,False,0.3,0.6703536981059397,0.4618249534450652,0.7859406511091904,0.9637939826619072,5907,142,2876,2728,0.6917392943939735,0.5391135891005473,0.5014662826080561,452a7ffa3046a707d0bb0a7e3e9603f51fdccd994366e7a061f56ec4080e575c,91fd9b5faf300f20067337f9857648536118e0bef3f7246ff6df01390226d7a8,geometry_risk_score,1.0,,
geometry_alpha_1p000,alpha_blend,False,0.35,0.6910537743439398,0.4947677620708647,0.7764333045231921,0.9688934217236104,5447,122,2478,2695,0.6917392943939735,0.5391135891005473,0.5014662826080561,452a7ffa3046a707d0bb0a7e3e9603f51fdccd994366e7a061f56ec4080e575c,adf06d40aa336b51459df315677d5a80d729c04ee57bd96d64d8285bdd55af39,geometry_risk_score,1.0,,
geometry_alpha_1p000,alpha_blend,False,0.4,0.7084381484141791,0.5254437869822485,0.7675021607605877,0.9722080571137175,5070,109,2157,2664,0.6917392943939735,0.5391135891005473,0.5014662826080561,452a7ffa3046a707d0bb0a7e3e9603f51fdccd994366e7a061f56ec4080e575c,3e92f4c6ae84aa0ba975a198f34294be8dcb19a213c4be0b588e1573a1c937ee,geometry_risk_score,1.0,,
geometry_alpha_1p000,alpha_blend,False,0.40948800935261287,0.7125199327665068,0.5329857629837578,0.7657735522904062,0.9724630290668026,4987,108,2084,2658,0.6917392943939735,0.5391135891005473,0.5014662826080561,452a7ffa3046a707d0bb0a7e3e9603f51fdccd994366e7a061f56ec4080e575c,9c7e080d437d50f53b6ea9db5f63dbc936d0b29234d45937255f518af8043389,geometry_risk_score,1.0,,
geometry_alpha_1p000,alpha_blend,False,0.5,0.7382480555578296,0.5857335733573358,0.7499279746470757,0.9775624681285059,4444,88,1639,2603,0.6917392943939735,0.5391135891005473,0.5014662826080561,452a7ffa3046a707d0bb0a7e3e9603f51fdccd994366e7a061f56ec4080e575c,55d8d7a25bc364771d01d5d4b4c0f3126b96a7efd4cc20a7a7bda744dea3eb28,geometry_risk_score,1.0,,
geometry_alpha_1p000,alpha_blend,False,0.6,0.7590662968571668,0.6410777834265379,0.7265917602996255,0.98419173890872,3934,62,1258,2522,0.6917392943939735,0.5391135891005473,0.5014662826080561,452a7ffa3046a707d0bb0a7e3e9603f51fdccd994366e7a061f56ec4080e575c,2253cfa1d68152c4b43a6373387e9e1637a1e1bc382d97f7ef827f2bf65f64c9,geometry_risk_score,1.0,,
geometry_alpha_1p000,alpha_blend,False,0.7,0.7765801174607723,0.701122948459545,0.7015269374819937,0.9887812340642529,3473,44,925,2435,0.6917392943939735,0.5391135891005473,0.5014662826080561,452a7ffa3046a707d0bb0a7e3e9603f51fdccd994366e7a061f56ec4080e575c,73ac76f63a791eb3a2b7e8c30f4f0426fda2ff883012390ca15e44b5ded903bf,geometry_risk_score,1.0,,
geometry_alpha_1p000,alpha_blend,False,0.8,0.7826394500644622,0.7620471917580591,0.6606165370210314,0.9928607853136155,3009,28,629,2293,0.6917392943939735,0.5391135891005473,0.5014662826080561,452a7ffa3046a707d0bb0a7e3e9603f51fdccd994366e7a061f56ec4080e575c,72a014da1448b842d3fc4d132a98549ec3cf279ad5611771141d1fc04d90ce7e,geometry_risk_score,1.0,,
geometry_alpha_1p000,alpha_blend,False,0.8937536653738639,0.7753494774997279,0.8344025661587811,0.5995390377412849,0.9971953085160632,2494,11,361,2081,0.6917392943939735,0.5391135891005473,0.5014662826080561,452a7ffa3046a707d0bb0a7e3e9603f51fdccd994366e7a061f56ec4080e575c,f1b286b5af948d2359b3a83be46abdbb6e07f2673ecee717d4605f30354120a2,geometry_risk_score,1.0,,
geometry_alpha_1p000,alpha_blend,False,0.9,0.7736468317438591,0.8407513270722744,0.5932008066839527,0.9974502804691484,2449,10,340,2059,0.6917392943939735,0.5391135891005473,0.5014662826080561,452a7ffa3046a707d0bb0a7e3e9603f51fdccd994366e7a061f56ec4080e575c,4ed2028c69568024a26eaba14936de821eea4022d62e3948d8424e86694e88ec,geometry_risk_score,1.0,,
geometry_alpha_1p000,alpha_blend,False,0.9832190686248334,0.607877998544593,0.9615076182838813,0.3454335926246039,0.9997450280469148,1247,1,39,1199,0.6917392943939735,0.5391135891005473,0.5014662826080561,452a7ffa3046a707d0bb0a7e3e9603f51fdccd994366e7a061f56ec4080e575c,4aa944344723feb6cf1b74278a99478704592cb512ea46d5e9c0f31f5d6dec69,geometry_risk_score,1.0,,
geometry_alpha_1p000,alpha_blend,False,0.9998371624312921,0.0008638065073423554,1.0,0.0002881014116969173,1.0,1,0,0,1,0.6917392943939735,0.5391135891005473,0.5014662826080561,452a7ffa3046a707d0bb0a7e3e9603f51fdccd994366e7a061f56ec4080e575c,a3e3f70aca8a34d9ab83e86d0982acc823b844b1f271f41e09468656a5a2403c,geometry_risk_score,1.0,,
class_reliability_gamma_0p250,class_scaled_raw,True,0.0018984998308589204,0.33444374591690823,0.15450850358327095,0.8323249783923942,0.7712901580826109,18698,897,14118,2889,0.6812417878942949,0.5363208931379845,0.49931802281922294,0a39c33cc1f7cb699a334e7aa4f12256718fb3aab625b5d55f47900341ef49dc,4b15bb1c478fb854890a05d9c33fa280f37ebb19d35ff4faf89ce693aab7ee79,class_reliability_gamma_0p250,,0.25,
class_reliability_gamma_0p250,class_scaled_raw,True,0.005647682875616199,0.4429156910226297,0.2289427242098508,0.822241428983002,0.8408975012748597,12466,624,8472,2854,0.6812417878942949,0.5363208931379845,0.49931802281922294,0a39c33cc1f7cb699a334e7aa4f12256718fb3aab625b5d55f47900341ef49dc,b20adda78c9ac98033e1a25c82b5455a8b5c105f41347882178b8c4cd1ae0487,class_reliability_gamma_0p250,,0.25,
class_reliability_gamma_0p250,class_scaled_raw,True,0.02370715234772218,0.5941452266412085,0.3693850267379679,0.7960242005185826,0.9209586945436002,7480,310,4143,2763,0.6812417878942949,0.5363208931379845,0.49931802281922294,0a39c33cc1f7cb699a334e7aa4f12256718fb3aab625b5d55f47900341ef49dc,cf38e1412c806e52f701bcb895a7f586121e64954413c9d01ffc7306a31aa659,class_reliability_gamma_0p250,,0.25,
class_reliability_gamma_0p250,class_scaled_raw,True,0.05,0.6734422494735076,0.4728070175438597,0.7764333045231921,0.950790413054564,5700,193,2626,2695,0.6812417878942949,0.5363208931379845,0.49931802281922294,0a39c33cc1f7cb699a334e7aa4f12256718fb3aab625b5d55f47900341ef49dc,30fe81084cdb6e1c62fad6239980e06d3fd94c463bba92a9d716b2df39f26c47,class_reliability_gamma_0p250,,0.25,
class_reliability_gamma_0p250,class_scaled_raw,True,0.07179874071952132,0.7050420180411805,0.5275716863846,0.7579948141745895,0.9612442631310556,4987,152,2045,2631,0.6812417878942949,0.5363208931379845,0.49931802281922294,0a39c33cc1f7cb699a334e7aa4f12256718fb3aab625b5d55f47900341ef49dc,bcfc8a8941bcbbe4c6dd64cf75868a5ba76ecfedab7efce9d0dead31e15ebb4c,class_reliability_gamma_0p250,,0.25,
class_reliability_gamma_0p250,class_scaled_raw,True,0.1,0.7297928585084087,0.5781425680233866,0.7407087294727744,0.969913309535951,4447,118,1625,2571,0.6812417878942949,0.5363208931379845,0.49931802281922294,0a39c33cc1f7cb699a334e7aa4f12256718fb3aab625b5d55f47900341ef49dc,88d299cc0ebd198ccfc1f00cb88a0d5319e3df613f85d6b3574ac0d665f43a8f,class_reliability_gamma_0p250,,0.25,
class_reliability_gamma_0p250,class_scaled_raw,True,0.15,0.7538384148058104,0.644572025052192,0.7116104868913857,0.9775624681285059,3832,88,1171,2470,0.6812417878942949,0.5363208931379845,0.49931802281922294,0a39c33cc1f7cb699a334e7aa4f12256718fb3aab625b5d55f47900341ef49dc,14ff7ac86f7e312fe4cefb79a01fd28cd1eb89c101d8858669e55e39c2156c16,class_reliability_gamma_0p250,,0.25,
class_reliability_gamma_0p250,class_scaled_raw,True,0.2,0.7670125596454537,0.6943879034603082,0.6879861711322386,0.9826619071902091,3439,68,896,2388,0.6812417878942949,0.5363208931379845,0.49931802281922294,0a39c33cc1f7cb699a334e7aa4f12256718fb3aab625b5d55f47900341ef49dc,52473daa3258a960a9faafce8950a17053318089e444ec037b253404c34e382f,class_reliability_gamma_0p250,,0.25,
class_reliability_gamma_0p250,class_scaled_raw,True,0.25,0.7716820124707,0.7327174259318254,0.6626332469029098,0.9864864864864865,3139,53,709,2300,0.6812417878942949,0.5363208931379845,0.49931802281922294,0a39c33cc1f7cb699a334e7aa4f12256718fb3aab625b5d55f47900341ef49dc,f1a2bd071bf0bc8949cd2093594ac372ca70babd1de0f882e75503f8c8564720,class_reliability_gamma_0p250,,0.25,
class_reliability_gamma_0p250,class_scaled_raw,True,0.3,0.7738618393629674,0.768910478834143,0.6384327283203688,0.9903110657827638,2882,38,566,2216,0.6812417878942949,0.5363208931379845,0.49931802281922294,0a39c33cc1f7cb699a334e7aa4f12256718fb3aab625b5d55f47900341ef49dc,749126748486b24caff2776bd7149492456ad14cfe3812ee6999964e9acbcbae,class_reliability_gamma_0p250,,0.25,
class_reliability_gamma_0p250,class_scaled_raw,True,0.35,0.7716526398976107,0.7961237420797614,0.6153846153846154,0.9933707292197859,2683,26,466,2136,0.6812417878942949,0.5363208931379845,0.49931802281922294,0a39c33cc1f7cb699a334e7aa4f12256718fb3aab625b5d55f47900341ef49dc,960628f793c30277da786613976fa67750401dc3d3ff862dfc085f2e14059821,class_reliability_gamma_0p250,,0.25,
class_reliability_gamma_0p250,class_scaled_raw,True,0.39650443138352703,0.768804383731109,0.8255813953488372,0.5932008066839527,0.9949005609382968,2494,20,368,2059,0.6812417878942949,0.5363208931379845,0.49931802281922294,0a39c33cc1f7cb699a334e7aa4f12256718fb3aab625b5d55f47900341ef49dc,ced847fdc40af542acb58cccf93d992dcfe0a152e8f9377c86df766701393707,class_reliability_gamma_0p250,,0.25,
class_reliability_gamma_0p250,class_scaled_raw,True,0.4,0.7680965867214928,0.8264895330112721,0.5914721982137713,0.9949005609382968,2484,20,364,2053,0.6812417878942949,0.5363208931379845,0.49931802281922294,0a39c33cc1f7cb699a334e7aa4f12256718fb3aab625b5d55f47900341ef49dc,b258802fbe033acc9ecfa0d3acd394672c5a4c98f4db52020dff1836e2fba059,class_reliability_gamma_0p250,,0.25,
class_reliability_gamma_0p250,class_scaled_raw,True,0.5,0.7436863794429535,0.8679511278195489,0.5321233074042063,0.9974502804691484,2128,10,236,1847,0.6812417878942949,0.5363208931379845,0.49931802281922294,0a39c33cc1f7cb699a334e7aa4f12256718fb3aab625b5d55f47900341ef49dc,9ccce8e35e489b933b13fb9813349a990a179cfd96d874b7d2fd2ffc824c85f5,class_reliability_gamma_0p250,,0.25,
class_reliability_gamma_0p250,class_scaled_raw,True,0.6,0.7033069242056669,0.9072922555115884,0.46240276577355227,0.9992350841407445,1769,3,143,1605,0.6812417878942949,0.5363208931379845,0.49931802281922294,0a39c33cc1f7cb699a334e7aa4f12256718fb3aab625b5d55f47900341ef49dc,d5f54e43373958297861870788d556b3ff402b7f57a9402133419518b653f828,class_reliability_gamma_0p250,,0.25,
class_reliability_gamma_0p250,class_scaled_raw,True,0.7,0.6396034046635987,0.9428571428571428,0.3802938634399309,0.9997450280469148,1400,1,68,1320,0.6812417878942949,0.5363208931379845,0.49931802281922294,0a39c33cc1f7cb699a334e7aa4f12256718fb3aab625b5d55f47900341ef49dc,5bde0c5b8eb5a61e9a21400a8922152b3852e705315045003c441756cea155d9,class_reliability_gamma_0p250,,0.25,
class_reliability_gamma_0p250,class_scaled_raw,True,0.7422981265820285,0.6054501414776214,0.9566960705693665,0.34370498415442235,0.9997450280469148,1247,1,49,1193,0.6812417878942949,0.5363208931379845,0.49931802281922294,0a39c33cc1f7cb699a334e7aa4f12256718fb3aab625b5d55f47900341ef49dc,2226b5c108e87465a0722f35246a244909647975109832299fba264f38c35159,class_reliability_gamma_0p250,,0.25,
class_reliability_gamma_0p250,class_scaled_raw,True,0.8,0.5364758986310725,0.9691848906560636,0.2808988764044944,0.9997450280469148,1006,1,28,975,0.6812417878942949,0.5363208931379845,0.49931802281922294,0a39c33cc1f7cb699a334e7aa4f12256718fb3aab625b5d55f47900341ef49dc,78d6c61d025440342c867a48d421c7648a2a2e0d97a73f59214806a55ab4ceb2,class_reliability_gamma_0p250,,0.25,
class_reliability_gamma_0p250,class_scaled_raw,True,0.9,0.3277877697841726,0.9898167006109979,0.14001728608470182,1.0,491,0,5,486,0.6812417878942949,0.5363208931379845,0.49931802281922294,0a39c33cc1f7cb699a334e7aa4f12256718fb3aab625b5d55f47900341ef49dc,dea37283266541f0ff618e3371a1277b19b068302f30917c17593ae4cca9b9d0,class_reliability_gamma_0p250,,0.25,
class_reliability_gamma_0p250,class_scaled_raw,True,0.9754080772399902,0.0008638065073423554,1.0,0.0002881014116969173,1.0,1,0,0,1,0.6812417878942949,0.5363208931379845,0.49931802281922294,0a39c33cc1f7cb699a334e7aa4f12256718fb3aab625b5d55f47900341ef49dc,1d5b66321eb08854a6cc1ae8930ed4e0db3ad28112e0f54467e6b8aee4817ad9,class_reliability_gamma_0p250,,0.25,
class_reliability_gamma_0p500,class_scaled_raw,True,0.0016539847055341821,0.3347568016440709,0.15466894855064714,0.8331892826274849,0.7715451300356961,18698,896,14134,2892,0.6812417878942949,0.5363208931379845,0.49931802281922294,bd5709ab09544903c4e62c1b70e4eefdb6e4e3501220cc5cf6d4fe81893c5ece,a6f07c17805d3b19318a0b5898948eb7b90708c3a47c6d9a5dd30cdb59fc5f4d,class_reliability_gamma_0p500,,0.5,
class_reliability_gamma_0p500,class_scaled_raw,True,0.004967767245963722,0.4431143521560975,0.22902294240333707,0.8225295303946989,0.8416624171341153,12466,621,8488,2855,0.6812417878942949,0.5363208931379845,0.49931802281922294,bd5709ab09544903c4e62c1b70e4eefdb6e4e3501220cc5cf6d4fe81893c5ece,ef2acee6827990b638e171f3a833a71d7d58397cba4ac9000334d6582bc8a896,class_reliability_gamma_0p500,,0.5,
class_reliability_gamma_0p500,class_scaled_raw,True,0.02131002931860008,0.5942587549557027,0.36925133689839573,0.7957360991068856,0.9229984701682815,7480,302,4154,2762,0.6812417878942949,0.5363208931379845,0.49931802281922294,bd5709ab09544903c4e62c1b70e4eefdb6e4e3501220cc5cf6d4fe81893c5ece,d6bc3a632c05e15e958a885282bc4e0a299a1677bf4f4a3c258a228e4e988ad6,class_reliability_gamma_0p500,,0.5,
class_reliability_gamma_0p500,class_scaled_raw,True,0.05,0.6832978845423573,0.4881473377097009,0.7712474791126477,0.9566547679755227,5484,170,2468,2677,0.6812417878942949,0.5363208931379845,0.49931802281922294,bd5709ab09544903c4e62c1b70e4eefdb6e4e3501220cc5cf6d4fe81893c5ece,ca0da59dbcc0e9fab5ad9d9b05d7fdc89049ccd2ffbbe6fbdbbb64f92bf88b10,class_reliability_gamma_0p500,,0.5,
class_reliability_gamma_0p500,class_scaled_raw,True,0.0650821293034854,0.7065571248607865,0.5285742931622218,0.759435321233074,0.9640489546149924,4987,141,2058,2636,0.6812417878942949,0.5363208931379845,0.49931802281922294,bd5709ab09544903c4e62c1b70e4eefdb6e4e3501220cc5cf6d4fe81893c5ece,644e0193a9cb374c9546a20b3ac2297bb9b88cd4365da651081e166a81987d28,class_reliability_gamma_0p500,,0.5,
class_reliability_gamma_0p500,class_scaled_raw,True,0.1,0.7352203511286276,0.5919553592187863,0.7335061941803515,0.972972972972973,4301,106,1532,2546,0.6812417878942949,0.5363208931379845,0.49931802281922294,bd5709ab09544903c4e62c1b70e4eefdb6e4e3501220cc5cf6d4fe81893c5ece,2e302b57b547c7947773a8ddd02270e7c6ee37e6ca6aaa2bd8e274cf7de725c9,class_reliability_gamma_0p500,,0.5,
class_reliability_gamma_0p500,class_scaled_raw,True,0.15,0.7579680626718113,0.6589314624932542,0.7035436473638721,0.9813870474247832,3706,73,1095,2442,0.6812417878942949,0.5363208931379845,0.49931802281922294,bd5709ab09544903c4e62c1b70e4eefdb6e4e3501220cc5cf6d4fe81893c5ece,b02f2424d24d64e5c75d98d656d9f385bfbf05920480701d8e78960550e9a908,class_reliability_gamma_0p500,,0.5,
class_reliability_gamma_0p500,class_scaled_raw,True,0.2,0.7679809448644318,0.7062180835085611,0.6773264188994526,0.9862315145334013,3329,54,841,2351,0.6812417878942949,0.5363208931379845,0.49931802281922294,bd5709ab09544903c4e62c1b70e4eefdb6e4e3501220cc5cf6d4fe81893c5ece,729efcbffbbf80c2a5b27d154c3e012437340337639bb218a8271466803b5999,class_reliability_gamma_0p500,,0.5,
class_reliability_gamma_0p500,class_scaled_raw,True,0.25,0.7741001491413397,0.7514950166112957,0.651685393258427,0.9898011218765935,3010,40,642,2262,0.6812417878942949,0.5363208931379845,0.49931802281922294,bd5709ab09544903c4e62c1b70e4eefdb6e4e3501220cc5cf6d4fe81893c5ece,d70ed8dbe3a7c020d0ada7005385ca8874e37399aed2dd37e5cbf2536a0db12e,class_reliability_gamma_0p500,,0.5,
class_reliability_gamma_0p500,class_scaled_raw,True,0.3,0.7705841655168708,0.7815551537070524,0.6225871506770383,0.9926058133605303,2765,29,519,2161,0.6812417878942949,0.5363208931379845,0.49931802281922294,bd5709ab09544903c4e62c1b70e4eefdb6e4e3501220cc5cf6d4fe81893c5ece,ad22590decc21e355b82e3a077be5dcbc632ce2bea1cba8a3ec2c67b82e93dbc,class_reliability_gamma_0p500,,0.5,
class_reliability_gamma_0p500,class_scaled_raw,True,0.35,0.7701225668249156,0.812597200622084,0.6021319504465572,0.9959204487506375,2572,16,422,2090,0.6812417878942949,0.5363208931379845,0.49931802281922294,bd5709ab09544903c4e62c1b70e4eefdb6e4e3501220cc5cf6d4fe81893c5ece,6042bf4918a0e8176154fae4fda06e3b7aa60ca758ce1dfb0595569aa9cdad65,class_reliability_gamma_0p500,,0.5,
class_reliability_gamma_0p500,class_scaled_raw,True,0.3683563590683878,0.7673922934442865,0.8231756214915797,0.5914721982137713,0.9961754207037226,2494,15,383,2053,0.6812417878942949,0.5363208931379845,0.49931802281922294,bd5709ab09544903c4e62c1b70e4eefdb6e4e3501220cc5cf6d4fe81893c5ece,4129cfa42c18ed4dae1dc4efc21afe95b0ec19fc00b5a8dc8d87bd5c0b8e84c7,class_reliability_gamma_0p500,,0.5,
class_reliability_gamma_0p500,class_scaled_raw,True,0.4,0.7593823855087364,0.8369243768483312,0.5707288965715932,0.9964303926568078,2367,14,334,1981,0.6812417878942949,0.5363208931379845,0.49931802281922294,bd5709ab09544903c4e62c1b70e4eefdb6e4e3501220cc5cf6d4fe81893c5ece,f365973d3728962067f1c705e62ab56dc8eafb8f5cf72fb9adffff93eab155f0,class_reliability_gamma_0p500,,0.5,
class_reliability_gamma_0p500,class_scaled_raw,True,0.5,0.7245611866053664,0.8784810126582279,0.49985594929415156,0.998470168281489,1975,6,213,1735,0.6812417878942949,0.5363208931379845,0.49931802281922294,bd5709ab09544903c4e62c1b70e4eefdb6e4e3501220cc5cf6d4fe81893c5ece,b5e8a8f811b9a74f9b8e2fb6a31aa4a58afdbdd8aca49c2e666004805befec6a,class_reliability_gamma_0p500,,0.5,
class_reliability_gamma_0p500,class_scaled_raw,True,0.6,0.6779418086896595,0.9092570036540804,0.43013540766349756,0.9994900560938297,1642,2,134,1493,0.6812417878942949,0.5363208931379845,0.49931802281922294,bd5709ab09544903c4e62c1b70e4eefdb6e4e3501220cc5cf6d4fe81893c5ece,be221d791d0e920f5b65f634aab7060555115a2bd4e2cbb0921dc557670a0dc2,class_reliability_gamma_0p500,,0.5,
class_reliability_gamma_0p500,class_scaled_raw,True,0.7,0.6080290227787856,0.9451840250587314,0.3477384039181792,0.9997450280469148,1277,1,67,1207,0.6812417878942949,0.5363208931379845,0.49931802281922294,bd5709ab09544903c4e62c1b70e4eefdb6e4e3501220cc5cf6d4fe81893c5ece,cbb48cd26a1b7032550f667229d473b6179bd8e14f326d2fc6b4057bfb86cbe5,class_reliability_gamma_0p500,,0.5,
class_reliability_gamma_0p500,class_scaled_raw,True,0.7075248580511158,0.6005796077671851,0.9470729751403368,0.34024776721405936,0.9997450280469148,1247,1,63,1181,0.6812417878942949,0.5363208931379845,0.49931802281922294,bd5709ab09544903c4e62c1b70e4eefdb6e4e3501220cc5cf6d4fe81893c5ece,7d27f39f6fbf1a30df83b41b45c515467612c7fbc9eb5a816ea0d765e8bfb237,class_reliability_gamma_0p500,,0.5,
class_reliability_gamma_0p500,class_scaled_raw,True,0.8,0.4976113128224728,0.970917225950783,0.2500720253529242,1.0,894,0,25,868,0.6812417878942949,0.5363208931379845,0.49931802281922294,bd5709ab09544903c4e62c1b70e4eefdb6e4e3501220cc5cf6d4fe81893c5ece,4e4cf200f873a6b96b276c5089a85c0e95212b1760f11ec9d8db183ec4a4ec4d,class_reliability_gamma_0p500,,0.5,
class_reliability_gamma_0p500,class_scaled_raw,True,0.9,0.32620441242683473,0.9897540983606558,0.13915298184961106,1.0,488,0,5,483,0.6812417878942949,0.5363208931379845,0.49931802281922294,bd5709ab09544903c4e62c1b70e4eefdb6e4e3501220cc5cf6d4fe81893c5ece,b90c7ebf0f8ff5cb756faa584db72d4a1a3251604854feeb1d0d3487e9326068,class_reliability_gamma_0p500,,0.5,
class_reliability_gamma_0p500,class_scaled_raw,True,0.9754080772399902,0.0008638065073423554,1.0,0.0002881014116969173,1.0,1,0,0,1,0.6812417878942949,0.5363208931379845,0.49931802281922294,bd5709ab09544903c4e62c1b70e4eefdb6e4e3501220cc5cf6d4fe81893c5ece,1d5b66321eb08854a6cc1ae8930ed4e0db3ad28112e0f54467e6b8aee4817ad9,class_reliability_gamma_0p500,,0.5,
class_reliability_gamma_0p750,class_scaled_raw,True,0.0014479897412800946,0.3350056679711062,0.15482939351802333,0.8340535868625756,0.7707802141764406,18698,899,14141,2895,0.6812417878942949,0.5363208931379845,0.49931802281922294,ec21abe4476528e96645f4014b15d2f3686e25f83b71a11dbe94c24db255426f,fa80450d78a4372ce9898fc34dd7078165be6926783be263aa4851c9be7c7c20,class_reliability_gamma_0p750,,0.75,
class_reliability_gamma_0p750,class_scaled_raw,True,0.004439078271389,0.44334933898011303,0.22902294240333707,0.8225295303946989,0.8442121366649669,12466,611,8506,2855,0.6812417878942949,0.5363208931379845,0.49931802281922294,ec21abe4476528e96645f4014b15d2f3686e25f83b71a11dbe94c24db255426f,00d8c523bc758a0f6cae74fbcd1e70b0d6c93287571ce3930ccc762f509bac13,class_reliability_gamma_0p750,,0.75,
class_reliability_gamma_0p750,class_scaled_raw,True,0.019326408990419274,0.5939975158327327,0.36885026737967913,0.7948717948717948,0.9247832738398776,7480,295,4169,2759,0.6812417878942949,0.5363208931379845,0.49931802281922294,ec21abe4476528e96645f4014b15d2f3686e25f83b71a11dbe94c24db255426f,806523cc122331170278eca0cd6921d457a38cdf678a9b6ed2adb3d6fb53f50b,class_reliability_gamma_0p750,,0.75,
class_reliability_gamma_0p750,class_scaled_raw,True,0.05,0.6913526291778521,0.5015071590052751,0.7669259579371939,0.960224375318715,5308,156,2329,2662,0.6812417878942949,0.5363208931379845,0.49931802281922294,ec21abe4476528e96645f4014b15d2f3686e25f83b71a11dbe94c24db255426f,1c514a06c0aa5686d8ff2dd1b8f4905ff5870a5774a89a4a2d1efd7f50003007,class_reliability_gamma_0p750,,0.75,
class_reliability_gamma_0p750,class_scaled_raw,True,0.05990934752771502,0.7061769247040764,0.5279727290956487,0.7585710169979832,0.9653238143804181,4987,136,2072,2633,0.6812417878942949,0.5363208931379845,0.49931802281922294,ec21abe4476528e96645f4014b15d2f3686e25f83b71a11dbe94c24db255426f,377d3b10e34ba716831fafb2d03ae0789609de90f8e8b1da7c5715cd04db23e9,class_reliability_gamma_0p750,,0.75,
class_reliability_gamma_0p750,class_scaled_raw,True,0.1,0.7402864593550921,0.6061627347135291,0.7254393546528378,0.97628760836308,4154,93,1435,2518,0.6812417878942949,0.5363208931379845,0.49931802281922294,ec21abe4476528e96645f4014b15d2f3686e25f83b71a11dbe94c24db255426f,493ce5af1cc27925fb62b5b5ed8b0060a1eb3dcd6d3c6a9516814ad22ad2425a,class_reliability_gamma_0p750,,0.75,
class_reliability_gamma_0p750,class_scaled_raw,True,0.15,0.7606371944720507,0.6729155008393957,0.6928838951310862,0.9854665986741459,3574,57,1021,2405,0.6812417878942949,0.5363208931379845,0.49931802281922294,ec21abe4476528e96645f4014b15d2f3686e25f83b71a11dbe94c24db255426f,b516bbf29c679b9a90a07e5eeda592aca057e95abcf19a2eb7112280f63e3190,class_reliability_gamma_0p750,,0.75,
class_reliability_gamma_0p750,class_scaled_raw,True,0.2,0.7687523051656214,0.720074812967581,0.665514261019879,0.9890362060173381,3208,43,780,2310,0.6812417878942949,0.5363208931379845,0.49931802281922294,ec21abe4476528e96645f4014b15d2f3686e25f83b71a11dbe94c24db255426f,ca55e9332867cd239d311297f1a1374cd0266defcdb338c3d330ed647d9a7bb8,class_reliability_gamma_0p750,,0.75,
class_reliability_gamma_0p750,class_scaled_raw,True,0.25,0.7684936161722316,0.7614583333333333,0.6318063958513397,0.9923508414074452,2880,30,599,2193,0.6812417878942949,0.5363208931379845,0.49931802281922294,ec21abe4476528e96645f4014b15d2f3686e25f83b71a11dbe94c24db255426f,2956702db41cf1ceee252ff7bfa7675d08f1478ac715c539cae5c8cc2fe644bd,class_reliability_gamma_0p750,,0.75,
class_reliability_gamma_0p750,class_scaled_raw,True,0.3,0.7641712620353116,0.7893945092139902,0.6047248631518295,0.9946455889852116,2659,21,489,2099,0.6812417878942949,0.5363208931379845,0.49931802281922294,ec21abe4476528e96645f4014b15d2f3686e25f83b71a11dbe94c24db255426f,a7192c8741620496da30896cb8a1fb7de824e8ab33ffe5f1d15dfd6d0f532ace,class_reliability_gamma_0p750,,0.75,
class_reliability_gamma_0p750,class_scaled_raw,True,0.3429036736488342,0.7586973808864637,0.8107457898957497,0.5825410544511668,0.9959204487506375,2494,16,414,2022,0.6812417878942949,0.5363208931379845,0.49931802281922294,ec21abe4476528e96645f4014b15d2f3686e25f83b71a11dbe94c24db255426f,92f0c81217c254e2ca962dc4060d4ee6d095871ce3bd85272167266aa5043292,class_reliability_gamma_0p750,,0.75,
class_reliability_gamma_0p750,class_scaled_raw,True,0.35,0.7574859739621351,0.8154471544715447,0.5779314318640162,0.9961754207037226,2460,15,399,2006,0.6812417878942949,0.5363208931379845,0.49931802281922294,ec21abe4476528e96645f4014b15d2f3686e25f83b71a11dbe94c24db255426f,70c06667e8561b70b2e480a2c5613a9c420453776a534966d672e80dc7e9dd4f,class_reliability_gamma_0p750,,0.75,
class_reliability_gamma_0p750,class_scaled_raw,True,0.4,0.7429132277132611,0.83942908117752,0.5422068568135984,0.9974502804691484,2242,10,318,1882,0.6812417878942949,0.5363208931379845,0.49931802281922294,ec21abe4476528e96645f4014b15d2f3686e25f83b71a11dbe94c24db255426f,63a3aab2f117c5af0ae5532d9f3318259d55d73ef7985381119713373f81ba8d,class_reliability_gamma_0p750,,0.75,
class_reliability_gamma_0p750,class_scaled_raw,True,0.5,0.710840319368518,0.8788198103266597,0.48055315471045806,0.998470168281489,1898,6,208,1668,0.6812417878942949,0.5363208931379845,0.49931802281922294,ec21abe4476528e96645f4014b15d2f3686e25f83b71a11dbe94c24db255426f,012a1a3ae08870098c726f27f0ab91f239972e5ce4228f3a075038a684fb2499,class_reliability_gamma_0p750,,0.75,
class_reliability_gamma_0p750,class_scaled_raw,True,0.6,0.6546258317367672,0.9095640858815875,0.40276577355229043,0.9994900560938297,1537,2,132,1398,0.6812417878942949,0.5363208931379845,0.49931802281922294,ec21abe4476528e96645f4014b15d2f3686e25f83b71a11dbe94c24db255426f,4cebc1cf71ad59ad40a4252ce754ccaa2e8faa136f39aa1ab9285cc9472b9932,class_reliability_gamma_0p750,,0.75,
class_reliability_gamma_0p750,class_scaled_raw,True,0.675408124923706,0.5944334420051802,0.9350441058540497,0.3359262460386056,0.9994900560938297,1247,2,78,1166,0.6812417878942949,0.5363208931379845,0.49931802281922294,ec21abe4476528e96645f4014b15d2f3686e25f83b71a11dbe94c24db255426f,f91cba85d21532b7feac4cdf847f0e69d2511296363637ddea81a524b50fc473,class_reliability_gamma_0p750,,0.75,
class_reliability_gamma_0p750,class_scaled_raw,True,0.7,0.5779771590072567,0.9430272108843537,0.3195044655718813,0.9997450280469148,1176,1,65,1109,0.6812417878942949,0.5363208931379845,0.49931802281922294,ec21abe4476528e96645f4014b15d2f3686e25f83b71a11dbe94c24db255426f,85f33359a032f3ddba4c60e15b9bc11db4755917d2603e289cbb30cc8297cf4c,class_reliability_gamma_0p750,,0.75,
class_reliability_gamma_0p750,class_scaled_raw,True,0.8,0.49144395308594496,0.9703872437357631,0.24546240276577355,1.0,878,0,25,852,0.6812417878942949,0.5363208931379845,0.49931802281922294,ec21abe4476528e96645f4014b15d2f3686e25f83b71a11dbe94c24db255426f,4065b4d8778ed20a1c5c0cb07c7b52815e3f4222ee47893327c86cedf91ccdf2,class_reliability_gamma_0p750,,0.75,
class_reliability_gamma_0p750,class_scaled_raw,True,0.9,0.3214285714285714,0.9895615866388309,0.1365600691443388,1.0,479,0,5,474,0.6812417878942949,0.5363208931379845,0.49931802281922294,ec21abe4476528e96645f4014b15d2f3686e25f83b71a11dbe94c24db255426f,0f84615a8f3ffbba33b6843b2a814bec27cdc9abd1026089c3be3255a1f57d2b,class_reliability_gamma_0p750,,0.75,
class_reliability_gamma_0p750,class_scaled_raw,True,0.9754080772399902,0.0008638065073423554,1.0,0.0002881014116969173,1.0,1,0,0,1,0.6812417878942949,0.5363208931379845,0.49931802281922294,ec21abe4476528e96645f4014b15d2f3686e25f83b71a11dbe94c24db255426f,1d5b66321eb08854a6cc1ae8930ed4e0db3ad28112e0f54467e6b8aee4817ad9,class_reliability_gamma_0p750,,0.75,
class_reliability_gamma_1p000,class_scaled_raw,True,0.0012805100608442505,0.3352136202019866,0.15482939351802333,0.8340535868625756,0.7740948495665476,18698,886,14163,2895,0.6812417878942949,0.5363208931379845,0.49931802281922294,8a0b9a3b0647ebdf41c061d0d114a483a2462f24386627265728b152509039d2,7cce37f88abf79b0fef999e3d0835112df67d880d92d739a0ff3841ff75e51a9,class_reliability_gamma_1p000,,1.0,
class_reliability_gamma_1p000,class_scaled_raw,True,0.0039797495119273,0.4439096062430416,0.22918337879030964,0.8231057332180928,0.8475267720550739,12466,598,8524,2857,0.6812417878942949,0.5363208931379845,0.49931802281922294,8a0b9a3b0647ebdf41c061d0d114a483a2462f24386627265728b152509039d2,2ca14db0366a31a8442b6d68f3aae78735bfe72ed225602f76ba834a81579b14,class_reliability_gamma_1p000,,1.0,
class_reliability_gamma_1p000,class_scaled_raw,True,0.01764558647193609,0.5938571384805821,0.36885026737967913,0.7948717948717948,0.9237633860275369,7480,299,4174,2759,0.6812417878942949,0.5363208931379845,0.49931802281922294,8a0b9a3b0647ebdf41c061d0d114a483a2462f24386627265728b152509039d2,cf00a1a0f616ae25031db965564441f8a7c5eb4d25e9c86400d8c252c45232a8,class_reliability_gamma_1p000,,1.0,
class_reliability_gamma_1p000,class_scaled_raw,True,0.05,0.6991878292148737,0.5140476651811664,0.7643330452319216,0.9643039265680775,5161,140,2221,2653,0.6812417878942949,0.5363208931379845,0.49931802281922294,8a0b9a3b0647ebdf41c061d0d114a483a2462f24386627265728b152509039d2,5e378e565299a9a2154e97e9e23aef12bf7fad0fc501719b9137c1269ac366c0,class_reliability_gamma_1p000,,1.0,
class_reliability_gamma_1p000,class_scaled_raw,True,0.0549385188219397,0.706946156717162,0.5283737718066974,0.7591472198213771,0.9673635900050994,4987,128,2083,2635,0.6812417878942949,0.5363208931379845,0.49931802281922294,8a0b9a3b0647ebdf41c061d0d114a483a2462f24386627265728b152509039d2,c467790387226c9fa4371541c329d7de51003b1889a53cc5ab08016e51012a2a,class_reliability_gamma_1p000,,1.0,
class_reliability_gamma_1p000,class_scaled_raw,True,0.1,0.7432387675892413,0.617544731610338,0.7159320080668395,0.9801121876593575,4024,78,1356,2485,0.6812417878942949,0.5363208931379845,0.49931802281922294,8a0b9a3b0647ebdf41c061d0d114a483a2462f24386627265728b152509039d2,ccaa117cdd433e4a8948504b371589ae7b7761a8ef8860fb41bd03124e1d0baf,class_reliability_gamma_1p000,,1.0,
class_reliability_gamma_1p000,class_scaled_raw,True,0.15,0.7610390970410953,0.6847290640394089,0.6807836358398156,0.9875063742988271,3451,49,958,2363,0.6812417878942949,0.5363208931379845,0.49931802281922294,8a0b9a3b0647ebdf41c061d0d114a483a2462f24386627265728b152509039d2,b0aebca77f4d753a88f8a07a923966ffec0834ab9d759202b81b3d1a60d067c3,class_reliability_gamma_1p000,,1.0,
class_reliability_gamma_1p000,class_scaled_raw,True,0.2,0.7627835429469351,0.7283669486011711,0.6450590607893979,0.9903110657827638,3074,38,732,2239,0.6812417878942949,0.5363208931379845,0.49931802281922294,8a0b9a3b0647ebdf41c061d0d114a483a2462f24386627265728b152509039d2,87aeaea9055bffc8268ac0f208cd383f7fd54960210291b670ecf1cbe5e5995d,class_reliability_gamma_1p000,,1.0,
class_reliability_gamma_1p000,class_scaled_raw,True,0.25,0.7617239401561515,0.7646638054363376,0.6159608182080092,0.9928607853136155,2796,28,576,2138,0.6812417878942949,0.5363208931379845,0.49931802281922294,8a0b9a3b0647ebdf41c061d0d114a483a2462f24386627265728b152509039d2,ad1d8abcf70b212aba5e40992098fda7c7228cbeb052f8588ed4b4d4c2c10351,class_reliability_gamma_1p000,,1.0,
class_reliability_gamma_1p000,class_scaled_raw,True,0.3,0.7545154852152219,0.79296875,0.5848458657447422,0.9949005609382968,2560,20,467,2030,0.6812417878942949,0.5363208931379845,0.49931802281922294,8a0b9a3b0647ebdf41c061d0d114a483a2462f24386627265728b152509039d2,f2bfe397028903a1a7443a41aba7aadcc4ba84328905d5a92bead8f23d3cbbb5,class_reliability_gamma_1p000,,1.0,
class_reliability_gamma_1p000,class_scaled_raw,True,0.31451698537009715,0.751861582733776,0.8011226944667201,0.5756266205704408,0.9954105048444671,2494,18,440,1998,0.6812417878942949,0.5363208931379845,0.49931802281922294,8a0b9a3b0647ebdf41c061d0d114a483a2462f24386627265728b152509039d2,c3a6882f3a280474e9390ed34b8c0627ce9158cda6cc752009cc1b02b4fed964,class_reliability_gamma_1p000,,1.0,
class_reliability_gamma_1p000,class_scaled_raw,True,0.35,0.744740682795734,0.8178343949044586,0.5548833189282627,0.9966853646098929,2355,13,384,1926,0.6812417878942949,0.5363208931379845,0.49931802281922294,8a0b9a3b0647ebdf41c061d0d114a483a2462f24386627265728b152509039d2,606b1eb6e6a08fa78a63e17626207c2ffb2c3ffe4956071ff1323e1d9b8124d2,class_reliability_gamma_1p000,,1.0,
class_reliability_gamma_1p000,class_scaled_raw,True,0.4,0.7337065860146964,0.8434180138568129,0.526073177758571,0.9977052524222335,2165,9,307,1826,0.6812417878942949,0.5363208931379845,0.49931802281922294,8a0b9a3b0647ebdf41c061d0d114a483a2462f24386627265728b152509039d2,f2265a00e1b68620498ec779fb64a4b67d6f07912f578c507be20355165ec515,class_reliability_gamma_1p000,,1.0,
class_reliability_gamma_1p000,class_scaled_raw,True,0.5,0.6954210717902475,0.8788546255506607,0.45980985306828004,0.9987251402345741,1816,5,200,1596,0.6812417878942949,0.5363208931379845,0.49931802281922294,8a0b9a3b0647ebdf41c061d0d114a483a2462f24386627265728b152509039d2,016697194fb61ec3cf759c514dbb42ab8472dc7a0ce8f444bd03a7d4156845d2,class_reliability_gamma_1p000,,1.0,
class_reliability_gamma_1p000,class_scaled_raw,True,0.6,0.6297587992776167,0.90625,0.3759723422644771,0.9994900560938297,1440,2,130,1305,0.6812417878942949,0.5363208931379845,0.49931802281922294,8a0b9a3b0647ebdf41c061d0d114a483a2462f24386627265728b152509039d2,e9d7de97587ca9c6e0d13d57d299a4917bf3ac5aa6d882343245751a4c3e6732,class_reliability_gamma_1p000,,1.0,
class_reliability_gamma_1p000,class_scaled_raw,True,0.6656314432621002,0.5923880082967712,0.9310344827586207,0.334485738980121,0.9994900560938297,1247,2,83,1161,0.6812417878942949,0.5363208931379845,0.49931802281922294,8a0b9a3b0647ebdf41c061d0d114a483a2462f24386627265728b152509039d2,d3059bcaf999ddf681597a9cc5174c5301179cd3fd5c3fc7f723ea101306509b,class_reliability_gamma_1p000,,1.0,
class_reliability_gamma_1p000,class_scaled_raw,True,0.7,0.5692463901177461,0.9416884247171453,0.3117257274560645,0.9997450280469148,1149,1,65,1082,0.6812417878942949,0.5363208931379845,0.49931802281922294,8a0b9a3b0647ebdf41c061d0d114a483a2462f24386627265728b152509039d2,391062efcc975f71ef54e7f68d9ecfc2ea3dafbbc9d6ae7f809c427e9e07b3ba,class_reliability_gamma_1p000,,1.0,
class_reliability_gamma_1p000,class_scaled_raw,True,0.8,0.4883317261330762,0.9701149425287356,0.2431575914721982,1.0,870,0,25,844,0.6812417878942949,0.5363208931379845,0.49931802281922294,8a0b9a3b0647ebdf41c061d0d114a483a2462f24386627265728b152509039d2,692e1975aef09e344db98dac292b20b519397c81813d6dc15afd315b992d3f50,class_reliability_gamma_1p000,,1.0,
class_reliability_gamma_1p000,class_scaled_raw,True,0.9,0.31929347826086957,0.9894736842105263,0.13540766349755115,1.0,475,0,5,470,0.6812417878942949,0.5363208931379845,0.49931802281922294,8a0b9a3b0647ebdf41c061d0d114a483a2462f24386627265728b152509039d2,2c40d382ac7d80d35b0ee01c649ee1d835a1301f07e3de6ff6f916aae21550ce,class_reliability_gamma_1p000,,1.0,
class_reliability_gamma_1p000,class_scaled_raw,True,0.9754080772399902,0.0008638065073423554,1.0,0.0002881014116969173,1.0,1,0,0,1,0.6812417878942949,0.5363208931379845,0.49931802281922294,8a0b9a3b0647ebdf41c061d0d114a483a2462f24386627265728b152509039d2,1d5b66321eb08854a6cc1ae8930ed4e0db3ad28112e0f54467e6b8aee4817ad9,class_reliability_gamma_1p000,,1.0,
raw_light_geom_gate_0p050,light_geometry_gate,False,0.002072313321498188,0.33447874203126515,0.154561985239063,0.832613079804091,0.7702702702702703,18698,901,14113,2890,0.6814555215001101,0.5364333539212419,0.49945097951631673,6ac081f7229592649bbdbb93fda47700d4977982fb4035cf9ec553fd76305c1b,82cc1f1fd8cb6419c4c11b502d8d70835df0664fd72edaf395a33949c8a538d0,raw_light_geom_gate_0p050,,,0.05
raw_light_geom_gate_0p050,light_geometry_gate,False,0.006186230739707838,0.44270300064073076,0.2289427242098508,0.822241428983002,0.8386027536970933,12466,633,8456,2854,0.6814555215001101,0.5364333539212419,0.49945097951631673,6ac081f7229592649bbdbb93fda47700d4977982fb4035cf9ec553fd76305c1b,bc56b80307f1a6914e3bf250f2caed95f8126bc82723e7d65556d1d8a6e6f6f7,raw_light_geom_gate_0p050,,,0.05
raw_light_geom_gate_0p050,light_geometry_gate,False,0.0255118890245023,0.5940303664965592,0.3695187165775401,0.7963123019302795,0.9189189189189189,7480,318,4127,2764,0.6814555215001101,0.5364333539212419,0.49945097951631673,6ac081f7229592649bbdbb93fda47700d4977982fb4035cf9ec553fd76305c1b,a19f2930bc7da6c3ff29fb2e90350a5ad2793d6cec4498533ca43b96d7ab09cd,raw_light_geom_gate_0p050,,,0.05
raw_light_geom_gate_0p050,light_geometry_gate,False,0.05,0.6661861140040983,0.4625,0.7781619129933737,0.9469658337582866,5840,208,2737,2701,0.6814555215001101,0.5364333539212419,0.49945097951631673,6ac081f7229592649bbdbb93fda47700d4977982fb4035cf9ec553fd76305c1b,bc3e44d82af297b17a28c6c257ccb2c86fc8ff423a708e328a7ab32e54670fe4,raw_light_geom_gate_0p050,,,0.05
raw_light_geom_gate_0p050,light_geometry_gate,False,0.07825042919949181,0.7041979884185361,0.5273711650290756,0.7577067127628926,0.9576746557878634,4987,166,2034,2630,0.6814555215001101,0.5364333539212419,0.49945097951631673,6ac081f7229592649bbdbb93fda47700d4977982fb4035cf9ec553fd76305c1b,928a127be7978fc797e47c54a66f2d496a4c8bc8276ed4e3aaf7f170afe03070,raw_light_geom_gate_0p050,,,0.05
raw_light_geom_gate_0p050,light_geometry_gate,False,0.1,0.7244854657461379,0.5664045434687637,0.7470469605301066,0.9645588985211627,4578,139,1701,2593,0.6814555215001101,0.5364333539212419,0.49945097951631673,6ac081f7229592649bbdbb93fda47700d4977982fb4035cf9ec553fd76305c1b,f60dd9f9fe99763b5bfe9dd476e9386520d4703fe46732e0b8de0f1cc9b018aa,raw_light_geom_gate_0p050,,,0.05
raw_light_geom_gate_0p050,light_geometry_gate,False,0.15,0.7496844363264773,0.6315255955397872,0.717948717948718,0.9752677205507394,3946,97,1244,2492,0.6814555215001101,0.5364333539212419,0.49945097951631673,6ac081f7229592649bbdbb93fda47700d4977982fb4035cf9ec553fd76305c1b,003bfa36b37ec3c6d5d6d952349964401f27268404e69f9adfc575d6ebc09a89,raw_light_geom_gate_0p050,,,0.05
raw_light_geom_gate_0p050,light_geometry_gate,False,0.2,0.7638158608832298,0.6803833145434047,0.6954768078363583,0.9803671596124426,3548,77,964,2414,0.6814555215001101,0.5364333539212419,0.49945097951631673,6ac081f7229592649bbdbb93fda47700d4977982fb4035cf9ec553fd76305c1b,f156fea0124b69f267cb235909376a2731c296e907ce750c730df6df4095e929,raw_light_geom_gate_0p050,,,0.05
raw_light_geom_gate_0p050,light_geometry_gate,False,0.25,0.7717336144089582,0.7226864747756113,0.672716796312302,0.9831718510963794,3231,66,748,2335,0.6814555215001101,0.5364333539212419,0.49945097951631673,6ac081f7229592649bbdbb93fda47700d4977982fb4035cf9ec553fd76305c1b,cd4cdc632b9e29acc7ea31364e8244b779564d22949b9af85e08fdf07c2ac9b2,raw_light_geom_gate_0p050,,,0.05
raw_light_geom_gate_0p050,light_geometry_gate,False,0.3,0.7738518496016544,0.7533333333333333,0.6511091904350331,0.9867414584395716,3000,52,619,2260,0.6814555215001101,0.5364333539212419,0.49945097951631673,6ac081f7229592649bbdbb93fda47700d4977982fb4035cf9ec553fd76305c1b,0fd7403408e9910a696f37651181cdb14ea26cb53fc8868b50b2c36e8265a232,raw_light_geom_gate_0p050,,,0.05
raw_light_geom_gate_0p050,light_geometry_gate,False,0.35,0.77332511205445,0.7813953488372093,0.6292134831460674,0.9898011218765935,2795,40,512,2184,0.6814555215001101,0.5364333539212419,0.49945097951631673,6ac081f7229592649bbdbb93fda47700d4977982fb4035cf9ec553fd76305c1b,5187ee7493814625e96b6a43b5591edee4e4df3fb323591675c41adaaca95e93,raw_light_geom_gate_0p050,,,0.05
raw_light_geom_gate_0p050,light_geometry_gate,False,0.4,0.7695361381341005,0.8098918083462133,0.6038605589167387,0.9923508414074452,2588,30,414,2096,0.6814555215001101,0.5364333539212419,0.49945097951631673,6ac081f7229592649bbdbb93fda47700d4977982fb4035cf9ec553fd76305c1b,9bbc358546b4ef7822b8be697530fcdeab7ce7158e585325024756f43a870ecb,raw_light_geom_gate_0p050,,,0.05
raw_light_geom_gate_0p050,light_geometry_gate,False,0.42718600027594084,0.7669375975212434,0.8231756214915797,0.5914721982137713,0.9938806731259562,2494,24,369,2053,0.6814555215001101,0.5364333539212419,0.49945097951631673,6ac081f7229592649bbdbb93fda47700d4977982fb4035cf9ec553fd76305c1b,b07b6778e57c7d934b27b4acec32cb9e3a7f873e6793a9786fc01d9265d3fa1e,raw_light_geom_gate_0p050,,,0.05
raw_light_geom_gate_0p050,light_geometry_gate,False,0.5,0.752033116064057,0.855098389982111,0.5508498991645059,0.9956654767975522,2236,17,265,1912,0.6814555215001101,0.5364333539212419,0.49945097951631673,6ac081f7229592649bbdbb93fda47700d4977982fb4035cf9ec553fd76305c1b,4ea8520ad58fea64cd34defa881acc0d8737eca39a69e73f61cc697b4de43e04,raw_light_geom_gate_0p050,,,0.05
raw_light_geom_gate_0p050,light_geometry_gate,False,0.6,0.716869812299703,0.8919491525423728,0.48516277729760876,0.9974502804691484,1888,10,166,1684,0.6814555215001101,0.5364333539212419,0.49945097951631673,6ac081f7229592649bbdbb93fda47700d4977982fb4035cf9ec553fd76305c1b,c5382f6e9bca4248ba171cc1b93d857f40a22ffffad75434a5730628c7a6c15c,raw_light_geom_gate_0p050,,,0.05
raw_light_geom_gate_0p050,light_geometry_gate,False,0.7,0.6715373971269042,0.9347966429954809,0.4171708441371363,0.9994900560938297,1549,2,84,1448,0.6814555215001101,0.5364333539212419,0.49945097951631673,6ac081f7229592649bbdbb93fda47700d4977982fb4035cf9ec553fd76305c1b,a185c85f7c77413e4836426fecea02d58a606148de6fd3a17e24391887eea720,raw_light_geom_gate_0p050,,,0.05
raw_light_geom_gate_0p050,light_geometry_gate,False,0.7861143721660344,0.6078465707561458,0.9615076182838813,0.3454335926246039,0.9994900560938297,1247,2,37,1199,0.6814555215001101,0.5364333539212419,0.49945097951631673,6ac081f7229592649bbdbb93fda47700d4977982fb4035cf9ec553fd76305c1b,c5dda26ae0500bb3ba5b3c758864c57c6d36e3666df1480ee46ea4d19d5c0ec5,raw_light_geom_gate_0p050,,,0.05
raw_light_geom_gate_0p050,light_geometry_gate,False,0.8,0.5903084165975367,0.9644670050761421,0.32843560933448573,0.9994900560938297,1182,2,32,1140,0.6814555215001101,0.5364333539212419,0.49945097951631673,6ac081f7229592649bbdbb93fda47700d4977982fb4035cf9ec553fd76305c1b,a4c997c7f371fc711ba7e9b6be34372f842a0be40cc09d7e6512f2f2f5bc63f7,raw_light_geom_gate_0p050,,,0.05
raw_light_geom_gate_0p050,light_geometry_gate,False,0.9,0.39180293055850496,0.9871589085072231,0.17718236819360414,1.0,623,0,7,615,0.6814555215001101,0.5364333539212419,0.49945097951631673,6ac081f7229592649bbdbb93fda47700d4977982fb4035cf9ec553fd76305c1b,a956779e6ed5da68477000d3503769dc8e663af16d4e054f3f7bfdfdaa9c087a,raw_light_geom_gate_0p050,,,0.05
raw_light_geom_gate_0p050,light_geometry_gate,False,0.9801957744554008,0.0008638065073423554,1.0,0.0002881014116969173,1.0,1,0,0,1,0.6814555215001101,0.5364333539212419,0.49945097951631673,6ac081f7229592649bbdbb93fda47700d4977982fb4035cf9ec553fd76305c1b,d09a8e0a3d4c38c9f7ca032a9064384fe070f42bfd3a47dba82f69a10326d101,raw_light_geom_gate_0p050,,,0.05
raw_light_geom_gate_0p100,light_geometry_gate,False,0.0019683738526423194,0.33447874203126515,0.154561985239063,0.832613079804091,0.7702702702702703,18698,901,14113,2890,0.6817974132556626,0.536701528338444,0.49963853615391357,9a3122aa19f8b0ecb879e171781b9f9172cd6952bda42c230b7dfe2814474b8f,1fbc299c02318ff5184deaa57f3a7c64bb57a7c899b3495661ec9bd0b1e121d8,raw_light_geom_gate_0p100,,,0.1
raw_light_geom_gate_0p100,light_geometry_gate,False,0.005885700424608218,0.4427266802604553,0.2289427242098508,0.822241428983002,0.8388577256501785,12466,632,8458,2854,0.6817974132556626,0.536701528338444,0.49963853615391357,9a3122aa19f8b0ecb879e171781b9f9172cd6952bda42c230b7dfe2814474b8f,17523cfca5c0d897b664f57ebe29c1200a36e8ea6cb26d7937ed14fbf01ff5bc,raw_light_geom_gate_0p100,,,0.1
raw_light_geom_gate_0p100,light_geometry_gate,False,0.024444563572777342,0.5940303664965592,0.3695187165775401,0.7963123019302795,0.9189189189189189,7480,318,4129,2764,0.6817974132556626,0.536701528338444,0.49963853615391357,9a3122aa19f8b0ecb879e171781b9f9172cd6952bda42c230b7dfe2814474b8f,ed7b48edf53a1b3cc5cc950c03ce248c5fdc493285c87848b086dfde4014315d,raw_light_geom_gate_0p100,,,0.1
raw_light_geom_gate_0p100,light_geometry_gate,False,0.05,0.6696230850198511,0.46802224539450815,0.7758571016997984,0.9482406935237124,5754,203,2664,2693,0.6817974132556626,0.536701528338444,0.49963853615391357,9a3122aa19f8b0ecb879e171781b9f9172cd6952bda42c230b7dfe2814474b8f,4f70482f9dabd77f0069148c995f976d539e034f9b6bf78b4c3717cd1c37c743,raw_light_geom_gate_0p100,,,0.1
raw_light_geom_gate_0p100,light_geometry_gate,False,0.07596276133934889,0.7048962297731824,0.5279727290956487,0.7585710169979832,0.9581845996940337,4987,164,2032,2633,0.6817974132556626,0.536701528338444,0.49963853615391357,9a3122aa19f8b0ecb879e171781b9f9172cd6952bda42c230b7dfe2814474b8f,11748719bd767c237712a6f2630e6fd559ae69b38ac37f85ddaeabd1a88deb01,raw_light_geom_gate_0p100,,,0.1
raw_light_geom_gate_0p100,light_geometry_gate,False,0.1,0.7265959110912821,0.571113074204947,0.7450302506482281,0.9655787863335034,4528,135,1665,2586,0.6817974132556626,0.536701528338444,0.49963853615391357,9a3122aa19f8b0ecb879e171781b9f9172cd6952bda42c230b7dfe2814474b8f,b774c24db821d04fd7d6b92ca7d033f0ea3aaee0a7b1e2770740116f85fe6393,raw_light_geom_gate_0p100,,,0.1
raw_light_geom_gate_0p100,light_geometry_gate,False,0.15,0.7507033728268302,0.6350626118067979,0.7159320080668395,0.9757776644569097,3913,95,1222,2485,0.6817974132556626,0.536701528338444,0.49963853615391357,9a3122aa19f8b0ecb879e171781b9f9172cd6952bda42c230b7dfe2814474b8f,5ab53f156ed5cb75cc4978e975cb2a410a3e703d4a209a3fb4d67ca58ac47dee,raw_light_geom_gate_0p100,,,0.1
raw_light_geom_gate_0p100,light_geometry_gate,False,0.2,0.764206734364941,0.6838214387261871,0.6928838951310862,0.9803671596124426,3517,77,943,2405,0.6817974132556626,0.536701528338444,0.49963853615391357,9a3122aa19f8b0ecb879e171781b9f9172cd6952bda42c230b7dfe2814474b8f,825c1d05128e5f9a7858ce4fde3f28bb35eae274eee3b8fed1d2e197b7ca2401,raw_light_geom_gate_0p100,,,0.1
raw_light_geom_gate_0p100,light_geometry_gate,False,0.25,0.7725533458469649,0.7255756067205974,0.6718524920772112,0.9836817950025497,3214,64,738,2332,0.6817974132556626,0.536701528338444,0.49963853615391357,9a3122aa19f8b0ecb879e171781b9f9172cd6952bda42c230b7dfe2814474b8f,fca90f5510dabbf008024c23055a8d24288eb45cf34ed1ddd8ab23d1cd801619,raw_light_geom_gate_0p100,,,0.1
raw_light_geom_gate_0p100,light_geometry_gate,False,0.3,0.7743467071975257,0.7556076330766656,0.6502448861999424,0.9872514023457419,2987,50,612,2257,0.6817974132556626,0.536701528338444,0.49963853615391357,9a3122aa19f8b0ecb879e171781b9f9172cd6952bda42c230b7dfe2814474b8f,892f612fc2161594c6cee3367bc2a7de4b0f0980251fc9075912fdfdbf193949,raw_light_geom_gate_0p100,,,0.1
raw_light_geom_gate_0p100,light_geometry_gate,False,0.35,0.7737909259687539,0.7844548398704569,0.6280610774992798,0.9900560938296787,2779,39,502,2180,0.6817974132556626,0.536701528338444,0.49963853615391357,9a3122aa19f8b0ecb879e171781b9f9172cd6952bda42c230b7dfe2814474b8f,d568c53b6bd85f22db1b42876c5c095b6794590853697da8a95d3a925bb182a0,raw_light_geom_gate_0p100,,,0.1
raw_light_geom_gate_0p100,light_geometry_gate,False,0.4,0.7695749061890371,0.8112403100775194,0.602996254681648,0.9928607853136155,2580,28,410,2093,0.6817974132556626,0.536701528338444,0.49963853615391357,9a3122aa19f8b0ecb879e171781b9f9172cd6952bda42c230b7dfe2814474b8f,7fdd9d46555f02112b16c03403965034d9eea32a3d2836bb82719185f0eff558,raw_light_geom_gate_0p100,,,0.1
raw_light_geom_gate_0p100,light_geometry_gate,False,0.42491341372747965,0.7669375975212434,0.8231756214915797,0.5914721982137713,0.9938806731259562,2494,24,369,2053,0.6817974132556626,0.536701528338444,0.49963853615391357,9a3122aa19f8b0ecb879e171781b9f9172cd6952bda42c230b7dfe2814474b8f,afb622ccfb69798e53b1cdf986a07f95ea4efab01f3a6016b625049944ea19fc,raw_light_geom_gate_0p100,,,0.1
raw_light_geom_gate_0p100,light_geometry_gate,False,0.5,0.7518914019500258,0.8578497525865947,0.5494093921060214,0.9959204487506375,2223,16,258,1907,0.6817974132556626,0.536701528338444,0.49963853615391357,9a3122aa19f8b0ecb879e171781b9f9172cd6952bda42c230b7dfe2814474b8f,78343b5cfd0a451c494af1c1d1e7c40213a9a319ff3b247668228b686040c139,raw_light_geom_gate_0p100,,,0.1
raw_light_geom_gate_0p100,light_geometry_gate,False,0.6,0.7166290731966861,0.8927813163481954,0.48458657447421494,0.9974502804691484,1884,10,164,1682,0.6817974132556626,0.536701528338444,0.49963853615391357,9a3122aa19f8b0ecb879e171781b9f9172cd6952bda42c230b7dfe2814474b8f,d0531664ac13c9db64b88eac7072fadb18d60c94bb237fc5c5297f92e627fc1c,raw_light_geom_gate_0p100,,,0.1
raw_light_geom_gate_0p100,light_geometry_gate,False,0.7,0.671488902079231,0.9359637774902976,0.41688274272543935,0.9994900560938297,1546,2,82,1447,0.6817974132556626,0.536701528338444,0.49963853615391357,9a3122aa19f8b0ecb879e171781b9f9172cd6952bda42c230b7dfe2814474b8f,b669f611e606a2c95a340ea38ba0f27ac5df79a0078cd2bba4d7efff300a7d24,raw_light_geom_gate_0p100,,,0.1
raw_light_geom_gate_0p100,light_geometry_gate,False,0.7851726055172012,0.6078465707561458,0.9615076182838813,0.3454335926246039,0.9994900560938297,1247,2,37,1199,0.6817974132556626,0.536701528338444,0.49963853615391357,9a3122aa19f8b0ecb879e171781b9f9172cd6952bda42c230b7dfe2814474b8f,3e11d59bc0d51e637ece0e83dcbc17450846a50f7de742927108da578bc1a4bc,raw_light_geom_gate_0p100,,,0.1
raw_light_geom_gate_0p100,light_geometry_gate,False,0.8,0.5888376020339063,0.9651360544217688,0.32699510227600115,0.9994900560938297,1176,2,31,1135,0.6817974132556626,0.536701528338444,0.49963853615391357,9a3122aa19f8b0ecb879e171781b9f9172cd6952bda42c230b7dfe2814474b8f,30a8bec995769cc0f31a76a4f86a856f947f4567c36dad789f30bc90f700e876,raw_light_geom_gate_0p100,,,0.1
raw_light_geom_gate_0p100,light_geometry_gate,False,0.9,0.39094387755102045,0.9887096774193549,0.17660616537021032,1.0,620,0,6,613,0.6817974132556626,0.536701528338444,0.49963853615391357,9a3122aa19f8b0ecb879e171781b9f9172cd6952bda42c230b7dfe2814474b8f,122b036a243db4ef74c3056a191e951815d847addd9afd804ae75cf6ea19eabc,raw_light_geom_gate_0p100,,,0.1
raw_light_geom_gate_0p100,light_geometry_gate,False,0.9801865494639332,0.0008638065073423554,1.0,0.0002881014116969173,1.0,1,0,0,1,0.6817974132556626,0.536701528338444,0.49963853615391357,9a3122aa19f8b0ecb879e171781b9f9172cd6952bda42c230b7dfe2814474b8f,d09a8e0a3d4c38c9f7ca032a9064384fe070f42bfd3a47dba82f69a10326d101,raw_light_geom_gate_0p100,,,0.1
raw_light_geom_gate_0p200,light_geometry_gate,False,0.0017580532634051131,0.33447874203126515,0.154561985239063,0.832613079804091,0.7702702702702703,18698,901,14113,2890,0.682247759326513,0.5368681909701729,0.4998445236185242,4877b70fc0625cf29506bc5a27283af2bcd6a9f5f4859b6340f7ac660444f24d,51f9a0b88a93498fc1c91b10a73ce3529a06fefa7a1f695f58b4ea73844d0fad,raw_light_geom_gate_0p200,,,0.2
raw_light_geom_gate_0p200,light_geometry_gate,False,0.005287307094580617,0.44285450708501833,0.22902294240333707,0.8225295303946989,0.8388577256501785,12466,632,8459,2855,0.682247759326513,0.5368681909701729,0.4998445236185242,4877b70fc0625cf29506bc5a27283af2bcd6a9f5f4859b6340f7ac660444f24d,27f4cf2cbbc21fd22099cdd88d9c995cedec39647925e13564e57ed1feacfc4b,raw_light_geom_gate_0p200,,,0.2
raw_light_geom_gate_0p200,light_geometry_gate,False,0.022279792545758265,0.5943055010064935,0.3696524064171123,0.7966004033419763,0.9196838347781744,7480,315,4132,2765,0.682247759326513,0.5368681909701729,0.4998445236185242,4877b70fc0625cf29506bc5a27283af2bcd6a9f5f4859b6340f7ac660444f24d,1ef9143027f0745623d452aedd0edcc5edd53b58fe8170a4fcc60221d25f033e,raw_light_geom_gate_0p200,,,0.2
raw_light_geom_gate_0p200,light_geometry_gate,False,0.05,0.6774355671278275,0.47946428571428573,0.773552290406223,0.952320244773075,5600,187,2544,2685,0.682247759326513,0.5368681909701729,0.4998445236185242,4877b70fc0625cf29506bc5a27283af2bcd6a9f5f4859b6340f7ac660444f24d,6872fcd37f53204c7678a96fd964e49befff5cd0bfb27cd277739be41ad3b969,raw_light_geom_gate_0p200,,,0.2
raw_light_geom_gate_0p200,light_geometry_gate,False,0.07108712741156424,0.7053002882218777,0.5283737718066974,0.7591472198213771,0.9581845996940337,4987,164,2029,2635,0.682247759326513,0.5368681909701729,0.4998445236185242,4877b70fc0625cf29506bc5a27283af2bcd6a9f5f4859b6340f7ac660444f24d,17b71761252f6205970104b10e3492cec5e0262d564755abb8ce4de13014f221,raw_light_geom_gate_0p200,,,0.2
raw_light_geom_gate_0p200,light_geometry_gate,False,0.1,0.7299525835618723,0.579445571331981,0.7407087294727744,0.9671086180520143,4437,129,1598,2571,0.682247759326513,0.5368681909701729,0.4998445236185242,4877b70fc0625cf29506bc5a27283af2bcd6a9f5f4859b6340f7ac660444f24d,31b7a663d06c967fe00e8959d9d668178e73124e064fb7155a04b65038b21404,raw_light_geom_gate_0p200,,,0.2
raw_light_geom_gate_0p200,light_geometry_gate,False,0.15,0.7545486851852176,0.6442307692307693,0.714203399596658,0.9770525242223356,3848,90,1170,2479,0.682247759326513,0.5368681909701729,0.4998445236185242,4877b70fc0625cf29506bc5a27283af2bcd6a9f5f4859b6340f7ac660444f24d,19ff3c84f0f8db301631e6d6d3af186567e140bc11c12f7ac9ad7a58661e1f59,raw_light_geom_gate_0p200,,,0.2
raw_light_geom_gate_0p200,light_geometry_gate,False,0.2,0.7658282850356051,0.6894767107533065,0.6908671852492078,0.9808771035186129,3478,75,914,2398,0.682247759326513,0.5368681909701729,0.4998445236185242,4877b70fc0625cf29506bc5a27283af2bcd6a9f5f4859b6340f7ac660444f24d,8851837d5a87c0936a1977fd51c0205c64f981987d7ebb6dea649222210b0e3f,raw_light_geom_gate_0p200,,,0.2
raw_light_geom_gate_0p200,light_geometry_gate,False,0.25,0.7745289139823227,0.7334175615919141,0.668971477960242,0.9852116267210607,3166,58,707,2322,0.682247759326513,0.5368681909701729,0.4998445236185242,4877b70fc0625cf29506bc5a27283af2bcd6a9f5f4859b6340f7ac660444f24d,21d602827f27323cf41334dd12e55a588a160f82bce60e9d20d97672a6875c7a,raw_light_geom_gate_0p200,,,0.2
raw_light_geom_gate_0p200,light_geometry_gate,False,0.3,0.7751108317813074,0.7597030037124536,0.6485162777297608,0.9880163182049975,2963,47,600,2251,0.682247759326513,0.5368681909701729,0.4998445236185242,4877b70fc0625cf29506bc5a27283af2bcd6a9f5f4859b6340f7ac660444f24d,b9838edc269975cde03ad33885b5993b4735c1cb4a904b59e90abeb177e5abae,raw_light_geom_gate_0p200,,,0.2
raw_light_geom_gate_0p200,light_geometry_gate,False,0.35,0.774976782089355,0.7909686817188638,0.6257562662057045,0.9913309535951046,2746,34,485,2172,0.682247759326513,0.5368681909701729,0.4998445236185242,4877b70fc0625cf29506bc5a27283af2bcd6a9f5f4859b6340f7ac660444f24d,56b9e14e5aea2d445e17734a8822efc8b8926f4b2cd36901b84f2b87b20fa6c7,raw_light_geom_gate_0p200,,,0.2
raw_light_geom_gate_0p200,light_geometry_gate,False,0.4,0.7693472695120864,0.8146989835809226,0.6004033419763757,0.993625701172871,2558,25,401,2084,0.682247759326513,0.5368681909701729,0.4998445236185242,4877b70fc0625cf29506bc5a27283af2bcd6a9f5f4859b6340f7ac660444f24d,1d94996560f9811f1605c921abdef95229fd5c7141d68db3d04fad5129b5af16,raw_light_geom_gate_0p200,,,0.2
raw_light_geom_gate_0p200,light_geometry_gate,False,0.42026645289141984,0.7669881962928643,0.8231756214915797,0.5914721982137713,0.9941356450790413,2494,23,370,2053,0.682247759326513,0.5368681909701729,0.4998445236185242,4877b70fc0625cf29506bc5a27283af2bcd6a9f5f4859b6340f7ac660444f24d,13ff1c22281bda45a1acf54f1cf53c4929a42d63a74a36d79769d7940bd21312,raw_light_geom_gate_0p200,,,0.2
raw_light_geom_gate_0p200,light_geometry_gate,False,0.5,0.7514067805057724,0.8616152450090744,0.547104580812446,0.9959204487506375,2204,16,249,1899,0.682247759326513,0.5368681909701729,0.4998445236185242,4877b70fc0625cf29506bc5a27283af2bcd6a9f5f4859b6340f7ac660444f24d,d4ec87b1071bb10b2042f37482b0bc91df8861a39367fc5293f3d7c03c39c00e,raw_light_geom_gate_0p200,,,0.2
raw_light_geom_gate_0p200,light_geometry_gate,False,0.6,0.7156231164592272,0.8947649572649573,0.48256986459233653,0.9977052524222335,1872,9,161,1675,0.682247759326513,0.5368681909701729,0.4998445236185242,4877b70fc0625cf29506bc5a27283af2bcd6a9f5f4859b6340f7ac660444f24d,23719959264c81c80025defdf85d0ebedf02f3f0a910cecb50f04d27a15b48da,raw_light_geom_gate_0p200,,,0.2
raw_light_geom_gate_0p200,light_geometry_gate,False,0.7,0.6711838298460597,0.937094682230869,0.4163065399020455,0.9994900560938297,1542,2,80,1445,0.682247759326513,0.5368681909701729,0.4998445236185242,4877b70fc0625cf29506bc5a27283af2bcd6a9f5f4859b6340f7ac660444f24d,2c3e2e4437e4415ffabbb447a6a2210c0779fae32a9fff51e9e955c84dde267b,raw_light_geom_gate_0p200,,,0.2
raw_light_geom_gate_0p200,light_geometry_gate,False,0.7840086459837138,0.6078465707561458,0.9615076182838813,0.3454335926246039,0.9994900560938297,1247,2,37,1199,0.682247759326513,0.5368681909701729,0.4998445236185242,4877b70fc0625cf29506bc5a27283af2bcd6a9f5f4859b6340f7ac660444f24d,f19f1f8ba62e898db5f4ee8d334936b63eade1da4647d72a2564a6e35d3bb5e6,raw_light_geom_gate_0p200,,,0.2
raw_light_geom_gate_0p200,light_geometry_gate,False,0.8,0.5872594294805223,0.9649871904355252,0.32555459521751656,0.9994900560938297,1171,2,31,1130,0.682247759326513,0.5368681909701729,0.4998445236185242,4877b70fc0625cf29506bc5a27283af2bcd6a9f5f4859b6340f7ac660444f24d,7a4b170144380d35c5a0b5a030ae0cb3dc492f212a61608d5fb38b1605613ce4,raw_light_geom_gate_0p200,,,0.2
raw_light_geom_gate_0p200,light_geometry_gate,False,0.9,0.3891373801916933,0.9902439024390244,0.17545375972342264,1.0,615,0,5,609,0.682247759326513,0.5368681909701729,0.4998445236185242,4877b70fc0625cf29506bc5a27283af2bcd6a9f5f4859b6340f7ac660444f24d,490a509b0f6020b460fbad57dc4370b0431ddb311b03a299d02d7f6927e7003c,raw_light_geom_gate_0p200,,,0.2
raw_light_geom_gate_0p200,light_geometry_gate,False,0.9801680994809975,0.0008638065073423554,1.0,0.0002881014116969173,1.0,1,0,0,1,0.682247759326513,0.5368681909701729,0.4998445236185242,4877b70fc0625cf29506bc5a27283af2bcd6a9f5f4859b6340f7ac660444f24d,d09a8e0a3d4c38c9f7ca032a9064384fe070f42bfd3a47dba82f69a10326d101,raw_light_geom_gate_0p200,,,0.2
