sample_idx,raw_AP50,raw_AP75,raw_AP,RF_AP50,RF_AP75,RF_AP,AP-C_AP50,AP-C_AP75,AP-C_AP,delta_RF_minus_raw_AP50,delta_RF_minus_raw_AP75,delta_RF_minus_raw_AP,delta_AP-C_minus_raw_AP50,delta_AP-C_minus_raw_AP75,delta_AP-C_minus_raw_AP
0,0.6606113909142727,0.5212792086657235,0.4910611246668277,0.6628518813756555,0.5229485334062339,0.49230063070953,0.6606113909142727,0.5212792086657235,0.4910611246668277,0.0022404904613828,0.0016693247405104,0.0012395060427022,0.0,0.0,0.0
1,0.6644767648360952,0.5248079306971326,0.489692492764454,0.6660215089307251,0.5270536039917705,0.4910687701598196,0.6644767648360952,0.5248079306971326,0.489692492764454,0.0015447440946299,0.0022456732946378,0.0013762773953656,0.0,0.0,0.0
2,0.6693142463099913,0.5330221523371197,0.4966827673262366,0.670634726164262,0.5340155600967644,0.4973599359138229,0.6693142463099913,0.5330221523371197,0.4966827673262366,0.0013204798542707,0.0009934077596447,0.0006771685875862,0.0,0.0,0.0
3,0.6751905107576637,0.5214655459064985,0.4931556417536317,0.6753027410375817,0.521652397113529,0.4930902765253971,0.6751905107576637,0.5214655459064985,0.4931556417536317,0.000112230279918,0.0001868512070304,-6.53652282345818e-05,0.0,0.0,0.0
4,0.674812502112747,0.5316785599381045,0.5023911064741367,0.6756937995794039,0.5331798586152237,0.5030799790209743,0.674812502112747,0.5316785599381045,0.5023911064741367,0.0008812974666568,0.0015012986771191,0.0006888725468376,0.0,0.0,0.0
5,0.6692879294952567,0.5251404750721858,0.4941599931242469,0.6701503067850463,0.5263474443496006,0.4948288065096653,0.6692879294952567,0.5251404750721858,0.4941599931242469,0.0008623772897895,0.0012069692774148,0.0006688133854184,0.0,0.0,0.0
6,0.6576829944071945,0.5260764577536363,0.4913479083390835,0.6585568079757063,0.5273910429123883,0.4921216277876581,0.6576829944071945,0.5260764577536363,0.4913479083390835,0.0008738135685117,0.0013145851587519,0.0007737194485746,0.0,0.0,0.0
7,0.6549603366458417,0.508759005473521,0.4773823314781009,0.6576926532585755,0.5109447289937918,0.4794596723495127,0.6549603366458417,0.508759005473521,0.4773823314781009,0.0027323166127337,0.0021857235202707,0.0020773408714117,0.0,0.0,0.0
8,0.6668600828915058,0.5233539353678502,0.4915328458707416,0.66887121094827,0.5257990664679257,0.4927091612022957,0.6668600828915058,0.5233539353678502,0.4915328458707416,0.0020111280567641,0.0024451311000754,0.001176315331554,0.0,0.0,0.0
9,0.6607540280945545,0.515723895051021,0.4864108231160425,0.6626830008499918,0.5174116946239264,0.4876555003070102,0.6607540280945545,0.515723895051021,0.4864108231160425,0.0019289727554372,0.0016877995729054,0.0012446771909677,0.0,0.0,0.0
10,0.6548860205214385,0.5055915779574958,0.4799609976666066,0.6572683431106964,0.5076113608498527,0.4814467468563361,0.6548860205214385,0.5055915779574958,0.4799609976666066,0.0023823225892578,0.0020197828923569,0.0014857491897294,0.0,0.0,0.0
11,0.666640826182703,0.5172026563489583,0.489933565445622,0.6670734603472381,0.5181484020192589,0.4906073671768134,0.666640826182703,0.5172026563489583,0.489933565445622,0.000432634164535,0.0009457456703005,0.0006738017311914,0.0,0.0,0.0
12,0.6687661542493066,0.5276527101291996,0.4954248924767102,0.6709603904069203,0.5291694707377459,0.4966336750592137,0.6687661542493066,0.5276527101291996,0.4954248924767102,0.0021942361576137,0.0015167606085463,0.0012087825825035,0.0,0.0,0.0
13,0.6708497640048761,0.524684805201819,0.4932379635395393,0.6724295573122636,0.5262409964921078,0.4943961096119985,0.6708497640048761,0.524684805201819,0.4932379635395393,0.0015797933073875,0.0015561912902887,0.0011581460724591,0.0,0.0,0.0
14,0.6456907422102585,0.497547622057165,0.4700868233582952,0.6472935781636245,0.4985663946368547,0.4706793992764309,0.6456907422102585,0.497547622057165,0.4700868233582952,0.001602835953366,0.0010187725796896,0.0005925759181356,0.0,0.0,0.0
15,0.6545023903659775,0.5081603218198528,0.4774160748380452,0.6567200005715244,0.5100599676542454,0.4785831410320854,0.6545023903659775,0.5081603218198528,0.4774160748380452,0.0022176102055468,0.0018996458343926,0.0011670661940401,0.0,0.0,0.0
16,0.6648023886820473,0.5158426650730034,0.4865762715411938,0.6677211415193269,0.5178313611108026,0.4882038969323067,0.6648023886820473,0.5158426650730034,0.4865762715411938,0.0029187528372796,0.0019886960377992,0.0016276253911128,0.0,0.0,0.0
17,0.6838247649315281,0.5297150774524854,0.5002609608024785,0.685955991804914,0.5315403443563339,0.5016268773826673,0.6838247649315281,0.5297150774524854,0.5002609608024785,0.0021312268733858,0.0018252669038485,0.0013659165801888,0.0,0.0,0.0
18,0.6753939160111654,0.5415558476826693,0.5043771948864192,0.6762460192679299,0.5427162717815179,0.5048248388554332,0.6753939160111654,0.5415558476826693,0.5043771948864192,0.0008521032567645,0.0011604240988486,0.0004476439690139,0.0,0.0,0.0
19,0.6675665914202157,0.5231218556930493,0.4911199197278075,0.6678143632425713,0.5241734895071328,0.4917556411356658,0.6675665914202157,0.5231218556930493,0.4911199197278075,0.0002477718223555,0.0010516338140835,0.0006357214078582,0.0,0.0,0.0
20,0.6756809097291484,0.535415225378534,0.5022863838595202,0.6772159111336894,0.5370232626123289,0.5032769122038745,0.6756809097291484,0.535415225378534,0.5022863838595202,0.0015350014045409,0.0016080372337948,0.0009905283443543,0.0,0.0,0.0
21,0.6681103322325943,0.5323902469025831,0.4961159615307726,0.6700424586838822,0.5343024789729539,0.4971234998559848,0.6681103322325943,0.5323902469025831,0.4961159615307726,0.0019321264512879,0.0019122320703708,0.0010075383252122,0.0,0.0,0.0
22,0.6647838290683671,0.5261196817924084,0.4932750210997998,0.6649022062938038,0.5272221329735871,0.4934644390440993,0.6647838290683671,0.5261196817924084,0.4932750210997998,0.0001183772254367,0.0011024511811786,0.0001894179442994,0.0,0.0,0.0
23,0.6600187073548495,0.5087930727755048,0.4793956196295067,0.6621470817945867,0.5105378284122313,0.4808441550155312,0.6600187073548495,0.5087930727755048,0.4793956196295067,0.0021283744397372,0.0017447556367264,0.0014485353860244,0.0,0.0,0.0
24,0.6555072990260831,0.519055012838358,0.48145748795555,0.6553847430655154,0.5197853223275832,0.4813807133877961,0.6555072990260831,0.519055012838358,0.48145748795555,-0.0001225559605676,0.0007303094892252,-7.677456775390112e-05,0.0,0.0,0.0
25,0.6748625062402483,0.5281701750762904,0.4959990476286962,0.6758091489598141,0.5294581190636138,0.4965184045530783,0.6748625062402483,0.5281701750762904,0.4959990476286962,0.0009466427195657,0.0012879439873234,0.000519356924382,0.0,0.0,0.0
26,0.6500744984943633,0.5074254213971059,0.4744449604537989,0.652769225340739,0.50903808372347,0.4756687890485326,0.6500744984943633,0.5074254213971059,0.4744449604537989,0.0026947268463757,0.0016126623263641,0.0012238285947336,0.0,0.0,0.0
27,0.6561223601743487,0.514540797646532,0.4860847866619336,0.6571373513809656,0.5163499278272617,0.4870779050296594,0.6561223601743487,0.514540797646532,0.4860847866619336,0.0010149912066169,0.0018091301807297,0.0009931183677258,0.0,0.0,0.0
28,0.6684590041907977,0.5335283219957367,0.4955401018372996,0.6683505459257221,0.5345022479808563,0.4957493459645864,0.6684590041907977,0.5335283219957367,0.4955401018372996,-0.0001084582650756,0.0009739259851195,0.0002092441272868,0.0,0.0,0.0
29,0.6679250773829849,0.5301892808264412,0.4965757219759121,0.6684637669625236,0.5306147254925823,0.4967424772131785,0.6679250773829849,0.5301892808264412,0.4965757219759121,0.0005386895795387,0.000425444666141,0.0001667552372664,0.0,0.0,0.0
30,0.663002811486613,0.5138762332049396,0.4861332219446234,0.6639209440000217,0.515628970202975,0.4869111735469618,0.663002811486613,0.5138762332049396,0.4861332219446234,0.0009181325134086,0.0017527369980354,0.0007779516023384,0.0,0.0,0.0
31,0.6598382506188987,0.5123003548239374,0.4840411524103444,0.6610639573993508,0.5140844824772303,0.4849859036622667,0.6598382506188987,0.5123003548239374,0.4840411524103444,0.001225706780452,0.0017841276532928,0.0009447512519222,0.0,0.0,0.0
32,0.6686607850164573,0.5243485980709812,0.4934862194373721,0.6699146538830733,0.5262664464023838,0.4946546889328922,0.6686607850164573,0.5243485980709812,0.4934862194373721,0.0012538688666159,0.0019178483314026,0.00116846949552,0.0,0.0,0.0
33,0.685344776832284,0.536820820361925,0.5066730805859878,0.6868290411819832,0.5391297690472299,0.5084666977389959,0.685344776832284,0.536820820361925,0.5066730805859878,0.0014842643496991,0.0023089486853048,0.001793617153008,0.0,0.0,0.0
34,0.6513509799160999,0.5091356232887781,0.4790641499063365,0.6539755670327372,0.5112316358586947,0.480551045312277,0.6513509799160999,0.5091356232887781,0.4790641499063365,0.0026245871166372,0.0020960125699165,0.0014868954059404,0.0,0.0,0.0
35,0.6609628694344344,0.5329273246235156,0.4931544150001063,0.6628355187620532,0.5348058936450546,0.4944336239699587,0.6609628694344344,0.5329273246235156,0.4931544150001063,0.0018726493276187,0.001878569021539,0.0012792089698523,0.0,0.0,0.0
36,0.6659795809760722,0.5303397423122636,0.4952673920313731,0.6651008155958315,0.5306678689497757,0.4949994074696578,0.6659795809760722,0.5303397423122636,0.4952673920313731,-0.0008787653802407,0.0003281266375121,-0.0002679845617152,0.0,0.0,0.0
37,0.6748266896333978,0.5310904447441664,0.5020035933509026,0.6759897807218159,0.5326534615337655,0.5028984876322169,0.6748266896333978,0.5310904447441664,0.5020035933509026,0.0011630910884181,0.001563016789599,0.0008948942813142,0.0,0.0,0.0
38,0.659189483863929,0.5151153678058356,0.4880711933941488,0.660612841519924,0.5173994605157612,0.4891231312906927,0.659189483863929,0.5151153678058356,0.4880711933941488,0.0014233576559951,0.0022840927099256,0.0010519378965438,0.0,0.0,0.0
39,0.6714644008575053,0.5227891759357183,0.4953986409572058,0.672522288279583,0.5246564018069109,0.4964590790627977,0.6714644008575053,0.5227891759357183,0.4953986409572058,0.0010578874220777,0.0018672258711925,0.0010604381055918,0.0,0.0,0.0
40,0.6613444144678721,0.5158068083951501,0.4867980201549711,0.6623432515906255,0.5178302226722991,0.4877426581314044,0.6613444144678721,0.5158068083951501,0.4867980201549711,0.0009988371227533,0.0020234142771489,0.0009446379764332,0.0,0.0,0.0
41,0.6574682184429778,0.5137827767352517,0.4813270727171972,0.6588419671621221,0.5153662401574748,0.4823912885227807,0.6574682184429778,0.5137827767352517,0.4813270727171972,0.0013737487191443,0.001583463422223,0.0010642158055834,0.0,0.0,0.0
42,0.6503738239104999,0.5101991284804402,0.4813089404706098,0.65090424555868,0.5119545973654082,0.4824095361081457,0.6503738239104999,0.5101991284804402,0.4813089404706098,0.00053042164818,0.0017554688849679,0.0011005956375358,0.0,0.0,0.0
43,0.6741520362261413,0.5291932192700058,0.4946737660348548,0.6751961949502909,0.530499080077588,0.495371063776035,0.6741520362261413,0.5291932192700058,0.4946737660348548,0.0010441587241496,0.0013058608075821,0.0006972977411802,0.0,0.0,0.0
44,0.6567576496923585,0.5277540727642694,0.4916161350960767,0.6582137068102323,0.5299385746258365,0.4926593853372073,0.6567576496923585,0.5277540727642694,0.4916161350960767,0.0014560571178737,0.002184501861567,0.0010432502411306,0.0,0.0,0.0
45,0.6707912404959022,0.5252426142671954,0.4968045920025957,0.6732407936002254,0.5279488481162156,0.4987114124351031,0.6707912404959022,0.5252426142671954,0.4968045920025957,0.0024495531043231,0.0027062338490201,0.0019068204325073,0.0,0.0,0.0
46,0.6568423184780305,0.51191917727962,0.4803910964493935,0.6574079030000595,0.5137371825510914,0.481242938120854,0.6568423184780305,0.51191917727962,0.4803910964493935,0.0005655845220289,0.0018180052714713,0.0008518416714604,0.0,0.0,0.0
47,0.6729189887396025,0.5241816547985146,0.494526531989278,0.6740457361654771,0.5259754855724441,0.4952880181443656,0.6729189887396025,0.5241816547985146,0.494526531989278,0.0011267474258745,0.0017938307739294,0.0007614861550876,0.0,0.0,0.0
48,0.6596972580406943,0.5201188421037515,0.4886454625366358,0.6608321271759124,0.5220972661307204,0.4899552675724944,0.6596972580406943,0.5201188421037515,0.4886454625366358,0.001134869135218,0.0019784240269689,0.0013098050358585,0.0,0.0,0.0
49,0.6653508685417708,0.5221063747192162,0.4922805355741019,0.6668983866771439,0.5236771512609564,0.4932821649252811,0.6653508685417708,0.5221063747192162,0.4922805355741019,0.001547518135373,0.0015707765417402,0.0010016293511792,0.0,0.0,0.0
50,0.6665946022022513,0.5261126941982074,0.4942659667956541,0.6668700967463927,0.5273553873680659,0.4943571409256657,0.6665946022022513,0.5261126941982074,0.4942659667956541,0.0002754945441414,0.0012426931698584,9.117413001158424e-05,0.0,0.0,0.0
51,0.6641260196281689,0.5214369923323707,0.4910432917300792,0.6651800898693764,0.5231603478736002,0.4916855318970549,0.6641260196281689,0.5214369923323707,0.4910432917300792,0.0010540702412075,0.0017233555412294,0.0006422401669757,0.0,0.0,0.0
52,0.6611030314556817,0.5120242550370719,0.4853621756272573,0.6625404782375404,0.5141983061252288,0.4865037879242709,0.6611030314556817,0.5120242550370719,0.4853621756272573,0.0014374467818586,0.0021740510881568,0.0011416122970135,0.0,0.0,0.0
53,0.6571954990582602,0.5188500952576163,0.4857575667051941,0.6573562946066005,0.5198447280926924,0.4860253446285648,0.6571954990582602,0.5188500952576163,0.4857575667051941,0.0001607955483402,0.0009946328350761,0.0002677779233706,0.0,0.0,0.0
54,0.6679555278223971,0.5214754969686732,0.4906751074533207,0.6683658744805271,0.5214058788350303,0.4907629407222048,0.6679555278223971,0.5214754969686732,0.4906751074533207,0.00041034665813,-6.961813364292357e-05,8.783326888406329e-05,0.0,0.0,0.0
55,0.6706687136286057,0.5252107411047726,0.4936602402729259,0.6722072755400229,0.527711223175564,0.4950711555292041,0.6706687136286057,0.5252107411047726,0.4936602402729259,0.0015385619114172,0.0025004820707913,0.0014109152562781,0.0,0.0,0.0
56,0.6508077286908774,0.5146564012457336,0.4851633908145255,0.6524715514421694,0.5171485514555081,0.4864442511393056,0.6508077286908774,0.5146564012457336,0.4851633908145255,0.0016638227512919,0.0024921502097744,0.0012808603247801,0.0,0.0,0.0
57,0.653366296309555,0.511065021409898,0.4797664649566971,0.6546841405131257,0.5129833089959432,0.4810026317418853,0.653366296309555,0.511065021409898,0.4797664649566971,0.0013178442035707,0.0019182875860452,0.0012361667851881,0.0,0.0,0.0
58,0.6671390620050518,0.5281848356182857,0.494110352817125,0.66816869495513,0.5294613240255684,0.4946205649048402,0.6671390620050518,0.5281848356182857,0.494110352817125,0.0010296329500781,0.0012764884072827,0.0005102120877151,0.0,0.0,0.0
59,0.6685590332150013,0.5313723121933219,0.4953601457126074,0.6689204893570952,0.5322869911298096,0.495833327177763,0.6685590332150013,0.5313723121933219,0.4953601457126074,0.0003614561420939,0.0009146789364876,0.0004731814651555,0.0,0.0,0.0
60,0.663110707707874,0.5159904295959955,0.4839717761195684,0.6629699028603666,0.5172225146570852,0.4843828149222003,0.663110707707874,0.5159904295959955,0.4839717761195684,-0.0001408048475073,0.0012320850610897,0.0004110388026318,0.0,0.0,0.0
61,0.648357160465937,0.5077465825055409,0.4760185588467161,0.6488088906779317,0.5087472385124838,0.4762760516599168,0.648357160465937,0.5077465825055409,0.4760185588467161,0.0004517302119946,0.0010006560069428,0.0002574928132006,0.0,0.0,0.0
62,0.6596535368783287,0.5183953402531315,0.4863861312551707,0.6608642510749153,0.5196514656376291,0.4870459891980843,0.6596535368783287,0.5183953402531315,0.4863861312551707,0.0012107141965865,0.0012561253844975,0.0006598579429136,0.0,0.0,0.0
63,0.6579259216519282,0.5183905218390343,0.4880360529714239,0.659140425911552,0.5193604379954448,0.488843480204773,0.6579259216519282,0.5183905218390343,0.4880360529714239,0.0012145042596237,0.0009699161564105,0.000807427233349,0.0,0.0,0.0
64,0.6625250896275288,0.5219131118533584,0.4884740153942532,0.662858150111495,0.5225455031482611,0.488846522164637,0.6625250896275288,0.5219131118533584,0.4884740153942532,0.0003330604839661,0.0006323912949026,0.0003725067703837,0.0,0.0,0.0
65,0.6578343359299638,0.5154782205630071,0.4814769289606941,0.6594305591355846,0.5172100489318264,0.482515894474346,0.6578343359299638,0.5154782205630071,0.4814769289606941,0.0015962232056208,0.0017318283688193,0.0010389655136519,0.0,0.0,0.0
66,0.6773238522844782,0.5354997257932471,0.5005588559322176,0.6779049861425306,0.537084293682083,0.5011565496581782,0.6773238522844782,0.5354997257932471,0.5005588559322176,0.0005811338580523,0.0015845678888358,0.0005976937259606,0.0,0.0,0.0
67,0.6593251401060329,0.51807360959203,0.4875448459224999,0.6613369032906102,0.5198335999871306,0.4886251458325495,0.6593251401060329,0.51807360959203,0.4875448459224999,0.0020117631845772,0.0017599903951006,0.0010802999100496,0.0,0.0,0.0
68,0.6501118498878321,0.5095057966101019,0.4768207532194101,0.6513257653117581,0.5112460273441408,0.4778201323796437,0.6501118498878321,0.5095057966101019,0.4768207532194101,0.001213915423926,0.0017402307340389,0.0009993791602336,0.0,0.0,0.0
69,0.6465083050407539,0.5102978300361498,0.4774549038602846,0.6483904610742696,0.5122399635175665,0.4785936404029811,0.6465083050407539,0.5102978300361498,0.4774549038602846,0.0018821560335157,0.0019421334814166,0.0011387365426964,0.0,0.0,0.0
70,0.65796126210367,0.5204261078374651,0.4834600540742723,0.6592249214666118,0.5215844797396052,0.4842141559611132,0.65796126210367,0.5204261078374651,0.4834600540742723,0.0012636593629418,0.00115837190214,0.0007541018868408,0.0,0.0,0.0
71,0.6642505007607454,0.5300145705840795,0.4941197652652286,0.6652511681523392,0.5312296822371445,0.4945142759363065,0.6642505007607454,0.5300145705840795,0.4941197652652286,0.0010006673915937,0.0012151116530649,0.0003945106710778,0.0,0.0,0.0
72,0.6747227227017499,0.5266085077206147,0.4987435792617474,0.6751344118752896,0.5263070371841208,0.498640935891472,0.6747227227017499,0.5266085077206147,0.4987435792617474,0.0004116891735396,-0.0003014705364939,-0.0001026433702754,0.0,0.0,0.0
73,0.6614963114900724,0.5198627209888022,0.4900450492909984,0.6636669432794955,0.5220806290813561,0.4915523405448391,0.6614963114900724,0.5198627209888022,0.4900450492909984,0.0021706317894231,0.0022179080925539,0.0015072912538407,0.0,0.0,0.0
74,0.653918450937146,0.5207798038612148,0.484820429879334,0.6563894631911296,0.5227924307060487,0.4865210776244383,0.653918450937146,0.5207798038612148,0.484820429879334,0.0024710122539836,0.0020126268448339,0.0017006477451042,0.0,0.0,0.0
75,0.659919672198127,0.5239188912370003,0.488661634414598,0.6616144792146935,0.5263660880270862,0.4899609556306973,0.659919672198127,0.5239188912370003,0.488661634414598,0.0016948070165665,0.0024471967900858,0.0012993212160992,0.0,0.0,0.0
76,0.6451957064523819,0.5069231130083242,0.4734773381099407,0.6464077805050323,0.5088018349345129,0.4745837413308244,0.6451957064523819,0.5069231130083242,0.4734773381099407,0.0012120740526504,0.0018787219261887,0.0011064032208836,0.0,0.0,0.0
77,0.6563827249632335,0.5074222635749371,0.4793416309227128,0.6583458409654889,0.5095227223998146,0.4807153806413334,0.6563827249632335,0.5074222635749371,0.4793416309227128,0.0019631160022554,0.0021004588248774,0.0013737497186206,0.0,0.0,0.0
78,0.6596150382056812,0.519402267973735,0.4846164523418278,0.6610082939510372,0.5211557382319324,0.4856671975452575,0.6596150382056812,0.519402267973735,0.4846164523418278,0.0013932557453559,0.0017534702581973,0.0010507452034296,0.0,0.0,0.0
79,0.6685134952018912,0.5308636704464785,0.4977479065575217,0.6695527862779456,0.532329809091886,0.4985461010449219,0.6685134952018912,0.5308636704464785,0.4977479065575217,0.0010392910760543,0.0014661386454074,0.0007981944874001,0.0,0.0,0.0
80,0.6765890308240448,0.5260925127650673,0.4958364545002688,0.677990272756549,0.5278479734921009,0.4967955434919274,0.6765890308240448,0.5260925127650673,0.4958364545002688,0.0014012419325042,0.0017554607270335,0.0009590889916586,0.0,0.0,0.0
81,0.6608614061724215,0.514970502616695,0.4837290144584451,0.6616449509981942,0.5172536807297399,0.4848498681777611,0.6608614061724215,0.514970502616695,0.4837290144584451,0.0007835448257726,0.0022831781130449,0.001120853719316,0.0,0.0,0.0
82,0.6650797117119407,0.5297184924403393,0.4932174700746768,0.6661802115253714,0.5313949036626079,0.4940297003828225,0.6650797117119407,0.5297184924403393,0.4932174700746768,0.0011004998134307,0.0016764112222685,0.0008122303081457,0.0,0.0,0.0
83,0.6697547046832844,0.5207898156450265,0.4922502494616553,0.6710280548766923,0.5215251634520012,0.4929105506051441,0.6697547046832844,0.5207898156450265,0.4922502494616553,0.0012733501934079,0.0007353478069747,0.0006603011434888,0.0,0.0,0.0
84,0.6685567988269506,0.5295959281937493,0.496273178237277,0.6697625942491394,0.5313674040161234,0.4971279334408822,0.6685567988269506,0.5295959281937493,0.496273178237277,0.0012057954221887,0.001771475822374,0.0008547552036052,0.0,0.0,0.0
85,0.6740276415106402,0.5409285389233063,0.5044429942516533,0.6761740357079364,0.5429636614907791,0.5057773135287007,0.6740276415106402,0.5409285389233063,0.5044429942516533,0.0021463941972962,0.0020351225674728,0.0013343192770474,0.0,0.0,0.0
86,0.6613328726269615,0.5194630118753044,0.4876166769049692,0.6614791421383537,0.5207551133203638,0.4881597963873285,0.6613328726269615,0.5194630118753044,0.4876166769049692,0.0001462695113921,0.0012921014450594,0.0005431194823593,0.0,0.0,0.0
87,0.6746394738938085,0.5344518018932676,0.5006878541854783,0.675729947094738,0.5359658354947686,0.501568065044339,0.6746394738938085,0.5344518018932676,0.5006878541854783,0.0010904732009294,0.001514033601501,0.0008802108588606,0.0,0.0,0.0
88,0.6700728990144961,0.5287243652802964,0.4974507269243565,0.6712009789974762,0.5307037692040274,0.4986388048570445,0.6700728990144961,0.5287243652802964,0.4974507269243565,0.0011280799829801,0.0019794039237309,0.0011880779326879,0.0,0.0,0.0
89,0.6522780661593354,0.5122949487964534,0.479714012234927,0.6532238815672315,0.5142524614983186,0.4805399828827442,0.6522780661593354,0.5122949487964534,0.479714012234927,0.0009458154078961,0.0019575127018651,0.0008259706478171,0.0,0.0,0.0
90,0.6596534529479909,0.5231019270649344,0.4882292301846062,0.6612779862346265,0.5253940653934427,0.4899913602336247,0.6596534529479909,0.5231019270649344,0.4882292301846062,0.0016245332866355,0.0022921383285082,0.0017621300490184,0.0,0.0,0.0
91,0.6534870593514966,0.5147131775099486,0.4814821278713309,0.6536023319706442,0.5155163049324822,0.4815822268690032,0.6534870593514966,0.5147131775099486,0.4814821278713309,0.0001152726191475,0.0008031274225336,0.0001000989976723,0.0,0.0,0.0
92,0.6625670483158462,0.5193155448020178,0.4884034484274973,0.6628997411455424,0.5203319380200446,0.4889011160008225,0.6625670483158462,0.5193155448020178,0.4884034484274973,0.0003326928296961,0.0010163932180268,0.0004976675733252,0.0,0.0,0.0
93,0.6721253192385439,0.5261494845374136,0.4957182962183321,0.673629750373325,0.5279229774620303,0.496833902398001,0.6721253192385439,0.5261494845374136,0.4957182962183321,0.001504431134781,0.0017734929246167,0.0011156061796689,0.0,0.0,0.0
94,0.6731757672618374,0.5263893068798049,0.4955593971603632,0.67466006914961,0.528790357465551,0.4968199227819882,0.6731757672618374,0.5263893068798049,0.4955593971603632,0.0014843018877725,0.0024010505857461,0.0012605256216249,0.0,0.0,0.0
95,0.6449551820745731,0.5000827207195468,0.4755294268094776,0.6463913242099755,0.5019930617470254,0.4766170149766386,0.6449551820745731,0.5000827207195468,0.4755294268094776,0.0014361421354023,0.0019103410274785,0.001087588167161,0.0,0.0,0.0
96,0.6638731776922772,0.5269434046459421,0.4936056941848812,0.6656367673295304,0.5285745784335169,0.4946742202173422,0.6638731776922772,0.5269434046459421,0.4936056941848812,0.0017635896372532,0.0016311737875747,0.001068526032461,0.0,0.0,0.0
97,0.6693741913589658,0.5219403679130387,0.4926844353937974,0.6690940085549182,0.5226328952935353,0.4928564786020952,0.6693741913589658,0.5219403679130387,0.4926844353937974,-0.0002801828040476,0.0006925273804966,0.0001720432082977,0.0,0.0,0.0
98,0.6578388511213531,0.5257301997252044,0.4917248445632607,0.6597872511085991,0.5279790988431166,0.4932852664854807,0.6578388511213531,0.5257301997252044,0.4917248445632607,0.001948399987246,0.0022488991179121,0.00156042192222,0.0,0.0,0.0
99,0.6540435400227452,0.5182541541050699,0.4843301759612043,0.6556861089126135,0.5204150269222085,0.4852840042442262,0.6540435400227452,0.5182541541050699,0.4843301759612043,0.0016425688898682,0.0021608728171386,0.0009538282830219,0.0,0.0,0.0
100,0.6574475814320294,0.5217420948341476,0.4867037851625571,0.6585138438137415,0.5226775063512165,0.487406522156683,0.6574475814320294,0.5217420948341476,0.4867037851625571,0.001066262381712,0.0009354115170688,0.0007027369941259,0.0,0.0,0.0
101,0.6547591286703016,0.5227487208356046,0.4895122127479629,0.655490759775895,0.5239463478129254,0.4901389212192837,0.6547591286703016,0.5227487208356046,0.4895122127479629,0.0007316311055933,0.0011976269773207,0.0006267084713208,0.0,0.0,0.0
102,0.6521267223252859,0.5153814798446654,0.4810349699045467,0.6524791314906623,0.5168699738330834,0.4814198621569833,0.6521267223252859,0.5153814798446654,0.4810349699045467,0.0003524091653763,0.0014884939884179,0.0003848922524365,0.0,0.0,0.0
103,0.6562700140059077,0.5049275427604754,0.4788536932371314,0.6574411301254391,0.5065247661878061,0.4796276453190582,0.6562700140059077,0.5049275427604754,0.4788536932371314,0.0011711161195314,0.0015972234273307,0.0007739520819268,0.0,0.0,0.0
104,0.6546299059150604,0.5123038482944019,0.4830247625267339,0.6562915087033945,0.5142513419749639,0.4842699356121483,0.6546299059150604,0.5123038482944019,0.4830247625267339,0.001661602788334,0.001947493680562,0.0012451730854143,0.0,0.0,0.0
105,0.6600710252879984,0.5237558334272021,0.4886720012066933,0.6616387075229165,0.5259041127886205,0.4899268764810746,0.6600710252879984,0.5237558334272021,0.4886720012066933,0.001567682234918,0.0021482793614183,0.0012548752743812,0.0,0.0,0.0
106,0.65570501126678,0.5199229421082656,0.483997318471648,0.6582748359719768,0.5220592511118741,0.4856489605436954,0.65570501126678,0.5199229421082656,0.483997318471648,0.0025698247051967,0.0021363090036085,0.0016516420720474,0.0,0.0,0.0
107,0.6547343925400442,0.5197747866073639,0.4862864705703632,0.6562524312921115,0.5219955258977685,0.487523605287556,0.6547343925400442,0.5197747866073639,0.4862864705703632,0.0015180387520673,0.0022207392904046,0.0012371347171927,0.0,0.0,0.0
108,0.6641409197513054,0.5122070028593784,0.4840659309545703,0.6643520352131917,0.5122428646636985,0.4839952321657431,0.6641409197513054,0.5122070028593784,0.4840659309545703,0.0002111154618863,3.5861804320136415e-05,-7.069878882726144e-05,0.0,0.0,0.0
109,0.6610912628794703,0.5278239576737005,0.4896333405024492,0.6630763329443236,0.5299803863602077,0.4910652486137604,0.6610912628794703,0.5278239576737005,0.4896333405024492,0.0019850700648532,0.0021564286865072,0.0014319081113112,0.0,0.0,0.0
110,0.6606088567537123,0.5224188009483299,0.4891224154680184,0.6616959487569751,0.5240858025349465,0.4901251431331382,0.6606088567537123,0.5224188009483299,0.4891224154680184,0.0010870920032628,0.0016670015866165,0.0010027276651198,0.0,0.0,0.0
111,0.6645836363720982,0.5198307058992324,0.4850407634092451,0.665465708860538,0.5213634121348455,0.4858175551599129,0.6645836363720982,0.5198307058992324,0.4850407634092451,0.0008820724884398,0.001532706235613,0.0007767917506678,0.0,0.0,0.0
112,0.6609971319866436,0.5237022084492027,0.4886914514113931,0.6628637316400781,0.5257336091007117,0.4900729189817,0.6609971319866436,0.5237022084492027,0.4886914514113931,0.0018665996534344,0.0020314006515089,0.0013814675703069,0.0,0.0,0.0
113,0.66708712029485,0.5243880247550804,0.4895326030771513,0.6692855272066869,0.5269967561875919,0.4913882375455682,0.66708712029485,0.5243880247550804,0.4895326030771513,0.0021984069118369,0.0026087314325115,0.0018556344684169,0.0,0.0,0.0
114,0.6701375830433393,0.5164168427225052,0.4886083554143557,0.6721015735979787,0.518324502431651,0.4901371589869617,0.6701375830433393,0.5164168427225052,0.4886083554143557,0.0019639905546394,0.0019076597091457,0.001528803572606,0.0,0.0,0.0
115,0.6701267961693176,0.5261534152146473,0.4945952853372447,0.6722559587842956,0.5280111438290878,0.4959965642964875,0.6701267961693176,0.5261534152146473,0.4945952853372447,0.0021291626149779,0.0018577286144404,0.0014012789592428,0.0,0.0,0.0
116,0.6541857708433645,0.510594313046574,0.4780552710005661,0.65475477908985,0.5117387465992885,0.4786737765897294,0.6541857708433645,0.510594313046574,0.4780552710005661,0.0005690082464855,0.0011444335527145,0.0006185055891632,0.0,0.0,0.0
117,0.6786319393800218,0.5369346524656359,0.5033763614559386,0.6792008879263512,0.5382053451791906,0.503427085899357,0.6786319393800218,0.5369346524656359,0.5033763614559386,0.0005689485463294,0.0012706927135547,5.07244434184706e-05,0.0,0.0,0.0
118,0.6539840528380919,0.5152615240304304,0.482828714887131,0.6550627621359243,0.5167432695039722,0.4833102404245248,0.6539840528380919,0.5152615240304304,0.482828714887131,0.0010787092978323,0.0014817454735418,0.0004815255373937,0.0,0.0,0.0
119,0.6555002694418304,0.5180281711784155,0.4867844408084845,0.6564332553948735,0.5193885576516548,0.4874908256712406,0.6555002694418304,0.5180281711784155,0.4867844408084845,0.0009329859530431,0.0013603864732393,0.0007063848627561,0.0,0.0,0.0
120,0.6761490435155896,0.5327861607638786,0.5002918177627862,0.6791936772985153,0.5354310292045681,0.5023443073783744,0.6761490435155896,0.5327861607638786,0.5002918177627862,0.0030446337829257,0.0026448684406894,0.0020524896155882,0.0,0.0,0.0
121,0.655050491839977,0.5117086851423723,0.4855202355366744,0.6565355147239873,0.5133070068483709,0.4860429829843319,0.655050491839977,0.5117086851423723,0.4855202355366744,0.0014850228840103,0.0015983217059986,0.0005227474476574,0.0,0.0,0.0
122,0.6535685255900134,0.5185802874259313,0.4849356355228929,0.654637836111899,0.5207547829285399,0.4863121167836063,0.6535685255900134,0.5185802874259313,0.4849356355228929,0.0010693105218855,0.0021744955026086,0.0013764812607133,0.0,0.0,0.0
123,0.66164833750213,0.5168597991586975,0.4859317101619907,0.6633847260603144,0.5187757889545398,0.4872316259467383,0.66164833750213,0.5168597991586975,0.4859317101619907,0.0017363885581843,0.0019159897958422,0.0012999157847475,0.0,0.0,0.0
124,0.6536752223286554,0.5027717379798375,0.4749378624533974,0.6544270419477864,0.5032776655916744,0.475071114251725,0.6536752223286554,0.5027717379798375,0.4749378624533974,0.000751819619131,0.0005059276118368,0.0001332517983276,0.0,0.0,0.0
125,0.6572011666224209,0.5048418630627537,0.4784747889967075,0.6579285496188344,0.5062875942944743,0.4790416184026154,0.6572011666224209,0.5048418630627537,0.4784747889967075,0.0007273829964135,0.0014457312317206,0.0005668294059079,0.0,0.0,0.0
126,0.6555406574882492,0.5273452662669554,0.4892426961049517,0.6567672897998044,0.5291245232887327,0.4900991354595008,0.6555406574882492,0.5273452662669554,0.4892426961049517,0.0012266323115551,0.0017792570217772,0.000856439354549,0.0,0.0,0.0
127,0.6709799335291975,0.5287992199607938,0.4947101156519924,0.6717115656022553,0.5297998364430294,0.4950242739186491,0.6709799335291975,0.5287992199607938,0.4947101156519924,0.0007316320730578,0.0010006164822355,0.0003141582666567,0.0,0.0,0.0
128,0.6538086259175117,0.5157042973467245,0.485131006925376,0.6536386180861495,0.5168692409435819,0.4853726573057482,0.6538086259175117,0.5157042973467245,0.485131006925376,-0.0001700078313621,0.0011649435968573,0.0002416503803722,0.0,0.0,0.0
129,0.6518832225659024,0.5134033971540278,0.4822404448755866,0.6529139359661678,0.5149344657818874,0.4829880541424776,0.6518832225659024,0.5134033971540278,0.4822404448755866,0.0010307134002653,0.0015310686278595,0.000747609266891,0.0,0.0,0.0
130,0.6691685889728867,0.5123290700923502,0.4864591504467085,0.6706532663865791,0.5143565851413767,0.4877716487807061,0.6691685889728867,0.5123290700923502,0.4864591504467085,0.0014846774136924,0.0020275150490265,0.0013124983339975,0.0,0.0,0.0
131,0.6571127193166582,0.5121283547015294,0.4800582971615489,0.6582192683683692,0.5132874980079603,0.4805882809626383,0.6571127193166582,0.5121283547015294,0.4800582971615489,0.001106549051711,0.0011591433064308,0.0005299838010893,0.0,0.0,0.0
132,0.6603596316849665,0.505127296159784,0.474982639863584,0.662362894652677,0.5069401706293946,0.4763633521658309,0.6603596316849665,0.505127296159784,0.474982639863584,0.0020032629677104,0.0018128744696105,0.0013807123022469,0.0,0.0,0.0
133,0.6516746473261642,0.4977226207816122,0.473751159532484,0.6533267143436194,0.5000401440411997,0.4749047722643408,0.6516746473261642,0.4977226207816122,0.473751159532484,0.0016520670174552,0.0023175232595874,0.0011536127318567,0.0,0.0,0.0
134,0.669528033743748,0.5166871545929693,0.4887686748846529,0.6714244753667866,0.5187236590725358,0.4899232669425909,0.669528033743748,0.5166871545929693,0.4887686748846529,0.0018964416230385,0.0020365044795664,0.0011545920579379,0.0,0.0,0.0
135,0.6608958903367921,0.5314405797525603,0.4929302328116014,0.6631320811678415,0.5336831553874464,0.4942520113619998,0.6608958903367921,0.5314405797525603,0.4929302328116014,0.0022361908310494,0.002242575634886,0.0013217785503983,0.0,0.0,0.0
136,0.6611771250531016,0.5125596061325812,0.4844939680747314,0.6627424973347725,0.5143211194426851,0.4852211713009609,0.6611771250531016,0.5125596061325812,0.4844939680747314,0.0015653722816709,0.0017615133101038,0.0007272032262295,0.0,0.0,0.0
137,0.686268532805098,0.5381432621330928,0.5034867815560473,0.6868646356047854,0.5391123404896376,0.5040434629542477,0.686268532805098,0.5381432621330928,0.5034867815560473,0.0005961027996873,0.0009690783565448,0.0005566813982004,0.0,0.0,0.0
138,0.6631144030606675,0.5265456863172251,0.4922621578444717,0.6645632611949749,0.5284740315451987,0.4934810346865813,0.6631144030606675,0.5265456863172251,0.4922621578444717,0.0014488581343073,0.0019283452279735,0.0012188768421095,0.0,0.0,0.0
139,0.6474576102902403,0.5108223192469228,0.4794282090168074,0.650836686646796,0.5134962099075351,0.4820070204842245,0.6474576102902403,0.5108223192469228,0.4794282090168074,0.0033790763565556,0.0026738906606122,0.0025788114674171,0.0,0.0,0.0
140,0.656091399061221,0.5224194957318025,0.490287694191423,0.6570809553710629,0.5236204954662713,0.490745537260666,0.656091399061221,0.5224194957318025,0.490287694191423,0.0009895563098418,0.0012009997344688,0.000457843069243,0.0,0.0,0.0
141,0.6648259583088996,0.5362732441662301,0.4986027990649968,0.6666800614247329,0.5386878205050055,0.4996523266656351,0.6648259583088996,0.5362732441662301,0.4986027990649968,0.0018541031158333,0.0024145763387753,0.0010495276006382,0.0,0.0,0.0
142,0.656947554488662,0.5188288142108762,0.4831963857222556,0.659115922087327,0.5208583498275317,0.4843810999388538,0.656947554488662,0.5188288142108762,0.4831963857222556,0.002168367598665,0.0020295356166554,0.0011847142165982,0.0,0.0,0.0
143,0.6758275904464204,0.5351358089838828,0.4986577498164519,0.676826571330287,0.5361817909727171,0.4993185740825659,0.6758275904464204,0.5351358089838828,0.4986577498164519,0.0009989808838666,0.0010459819888343,0.000660824266114,0.0,0.0,0.0
144,0.6672398843771136,0.5328948561684836,0.4987990934742855,0.6686822095996318,0.5345682735479983,0.4998259227331056,0.6672398843771136,0.5328948561684836,0.4987990934742855,0.0014423252225181,0.0016734173795146,0.00102682925882,0.0,0.0,0.0
145,0.6645697483545973,0.5268503385469269,0.4910021904383723,0.6676146432660557,0.5284094655107101,0.4926052675736447,0.6645697483545973,0.5268503385469269,0.4910021904383723,0.0030448949114584,0.0015591269637832,0.0016030771352724,0.0,0.0,0.0
146,0.6445750803807353,0.5099906179556173,0.4744457183115691,0.6454186532361865,0.511795231891754,0.4753749417922246,0.6445750803807353,0.5099906179556173,0.4744457183115691,0.0008435728554512,0.0018046139361367,0.0009292234806554,0.0,0.0,0.0
147,0.654701576538058,0.5009547473735639,0.4738176313052976,0.656936602968589,0.5026534562951195,0.4750853114453822,0.654701576538058,0.5009547473735639,0.4738176313052976,0.0022350264305309,0.0016987089215555,0.0012676801400846,0.0,0.0,0.0
148,0.6427184867113043,0.5044557377766266,0.4725483050185033,0.6438772709874072,0.506318018434189,0.4735719994922898,0.6427184867113043,0.5044557377766266,0.4725483050185033,0.0011587842761029,0.0018622806575624,0.0010236944737864,0.0,0.0,0.0
149,0.6612609520607107,0.5129022288539368,0.4852923302441705,0.6625911052245596,0.5149664616701408,0.4864240807692918,0.6612609520607107,0.5129022288539368,0.4852923302441705,0.0013301531638488,0.002064232816204,0.0011317505251213,0.0,0.0,0.0
150,0.6606115075595944,0.5215439050088229,0.4865897203332264,0.663089788374465,0.5241762015806686,0.488229436141687,0.6606115075595944,0.5215439050088229,0.4865897203332264,0.0024782808148705,0.0026322965718457,0.0016397158084606,0.0,0.0,0.0
151,0.670207801528812,0.5331055514762295,0.5001492849309813,0.6725021725057885,0.535611429987627,0.5016300051002578,0.670207801528812,0.5331055514762295,0.5001492849309813,0.0022943709769764,0.0025058785113974,0.0014807201692764,0.0,0.0,0.0
152,0.6684968529224672,0.5311125033200362,0.4973505702046076,0.6691216012977588,0.532159783561476,0.4978915387995993,0.6684968529224672,0.5311125033200362,0.4973505702046076,0.0006247483752915,0.0010472802414397,0.0005409685949917,0.0,0.0,0.0
153,0.6679270091634598,0.5201985390283739,0.4938260374490956,0.6694419819680661,0.5220555470419274,0.494726692640268,0.6679270091634598,0.5201985390283739,0.4938260374490956,0.0015149728046063,0.0018570080135534,0.0009006551911723,0.0,0.0,0.0
154,0.6667594812643317,0.5243761782537613,0.4933767109077333,0.6678734900208836,0.5255720174632336,0.4940561774814336,0.6667594812643317,0.5243761782537613,0.4933767109077333,0.0011140087565518,0.0011958392094723,0.0006794665737003,0.0,0.0,0.0
155,0.6599978097520707,0.5224133554209882,0.4866098233210171,0.6606507449037762,0.5232755871924215,0.4866506522028439,0.6599978097520707,0.5224133554209882,0.4866098233210171,0.0006529351517055,0.0008622317714332,4.0828881826826535e-05,0.0,0.0,0.0
156,0.658701546140645,0.517671192611233,0.4861580706329841,0.6601951726060091,0.5189515760367305,0.4871844252725781,0.658701546140645,0.517671192611233,0.4861580706329841,0.0014936264653641,0.0012803834254975,0.0010263546395939,0.0,0.0,0.0
157,0.6706907956776699,0.5274136336906668,0.49476234176458,0.6718440780823652,0.5286737190425284,0.495347931189785,0.6706907956776699,0.5274136336906668,0.49476234176458,0.0011532824046953,0.0012600853518615,0.000585589425205,0.0,0.0,0.0
158,0.6698810653835459,0.5338998213930624,0.4980149425987258,0.6713729822048093,0.5358849859575852,0.499124684679913,0.6698810653835459,0.5338998213930624,0.4980149425987258,0.0014919168212634,0.0019851645645228,0.0011097420811871,0.0,0.0,0.0
159,0.6781764698508577,0.5393224161436245,0.5043759202401338,0.6796001134222492,0.5403622130816589,0.5050588008414729,0.6781764698508577,0.5393224161436245,0.5043759202401338,0.0014236435713915,0.0010397969380343,0.0006828806013391,0.0,0.0,0.0
160,0.6619114007689747,0.5103374927231048,0.4848215969258594,0.6633022264679018,0.5123272688642958,0.4856035316195156,0.6619114007689747,0.5103374927231048,0.4848215969258594,0.0013908256989271,0.001989776141191,0.0007819346936561,0.0,0.0,0.0
161,0.6528509558933371,0.5160713244521042,0.4809966601389998,0.6523602893228005,0.5161094863110072,0.4805698319438057,0.6528509558933371,0.5160713244521042,0.4809966601389998,-0.0004906665705365,3.816185890292978e-05,-0.0004268281951941,0.0,0.0,0.0
162,0.6611760923730243,0.5150931917402717,0.4861937816195824,0.6625568306897145,0.5172932370828137,0.4871653453556046,0.6611760923730243,0.5150931917402717,0.4861937816195824,0.0013807383166901,0.002200045342542,0.0009715637360222,0.0,0.0,0.0
163,0.6575277466633233,0.5182221473007783,0.4893008665281152,0.6588422704091699,0.5204125452151391,0.4906225316364992,0.6575277466633233,0.5182221473007783,0.4893008665281152,0.0013145237458466,0.0021903979143608,0.0013216651083839,0.0,0.0,0.0
164,0.6567059707672167,0.5222262607996013,0.4868045475081449,0.6572421617296053,0.5230863997087598,0.4871736028099223,0.6567059707672167,0.5222262607996013,0.4868045475081449,0.0005361909623885,0.0008601389091584,0.0003690553017773,0.0,0.0,0.0
165,0.6541510680764554,0.5128213981754712,0.4807920257739414,0.6566514044358829,0.5148603216639661,0.4819534593769916,0.6541510680764554,0.5128213981754712,0.4807920257739414,0.0025003363594274,0.0020389234884948,0.0011614336030501,0.0,0.0,0.0
166,0.6559448250769147,0.5212076681371125,0.4839592200161927,0.6575426300463375,0.5230431091207224,0.4852705879311753,0.6559448250769147,0.5212076681371125,0.4839592200161927,0.0015978049694228,0.0018354409836098,0.0013113679149825,0.0,0.0,0.0
167,0.658745219748684,0.512428975262361,0.4814784619459666,0.6599675304166234,0.5140743285610994,0.4826627529828821,0.658745219748684,0.512428975262361,0.4814784619459666,0.0012223106679393,0.0016453532987383,0.0011842910369154,0.0,0.0,0.0
168,0.6698706277812436,0.5249230399620828,0.4958053706217998,0.6716920536414667,0.5271118672863513,0.4969146439012137,0.6698706277812436,0.5249230399620828,0.4958053706217998,0.001821425860223,0.0021888273242685,0.0011092732794138,0.0,0.0,0.0
169,0.6518796090163361,0.5130680676339188,0.4802681814007007,0.6531269876368739,0.5146468450355273,0.4809538879529561,0.6518796090163361,0.5130680676339188,0.4802681814007007,0.0012473786205378,0.0015787774016084,0.0006857065522554,0.0,0.0,0.0
170,0.6624742837579385,0.5108796017624122,0.4856627223842721,0.6632037832731166,0.5125322393269555,0.4864521366549743,0.6624742837579385,0.5108796017624122,0.4856627223842721,0.000729499515178,0.0016526375645432,0.0007894142707022,0.0,0.0,0.0
171,0.6655681527573034,0.5254900692760808,0.4896477186762041,0.6662872720308755,0.5269283452920379,0.4903552609397043,0.6655681527573034,0.5254900692760808,0.4896477186762041,0.000719119273572,0.0014382760159571,0.0007075422635001,0.0,0.0,0.0
172,0.6569196540480263,0.5244803584417135,0.4883675533402251,0.6574751636530376,0.5252816987653085,0.4886889057556824,0.6569196540480263,0.5244803584417135,0.4883675533402251,0.0005555096050112,0.000801340323595,0.0003213524154572,0.0,0.0,0.0
173,0.6466864999296975,0.5075178495840433,0.4753352037796596,0.6492431862778549,0.5093422663277676,0.4765029648996798,0.6466864999296975,0.5075178495840433,0.4753352037796596,0.0025566863481574,0.0018244167437242,0.0011677611200201,0.0,0.0,0.0
174,0.6792239502513854,0.5259877320806714,0.4976143215860123,0.6808597205970097,0.5285167879442684,0.4990246364698064,0.6792239502513854,0.5259877320806714,0.4976143215860123,0.0016357703456243,0.0025290558635969,0.001410314883794,0.0,0.0,0.0
175,0.6600664788741011,0.5138216354711747,0.4844640541444021,0.6626192958781749,0.5159850398366478,0.4859254194971744,0.6600664788741011,0.5138216354711747,0.4844640541444021,0.0025528170040738,0.0021634043654731,0.0014613653527722,0.0,0.0,0.0
176,0.6613241769991373,0.515307752197286,0.4836576066919631,0.6618591553295096,0.5162293038445418,0.4841508860869102,0.6613241769991373,0.515307752197286,0.4836576066919631,0.0005349783303723,0.0009215516472558,0.000493279394947,0.0,0.0,0.0
177,0.6557394658900687,0.5093307374286086,0.478716535621554,0.6573241666660317,0.5111404823693445,0.4799578030994394,0.6557394658900687,0.5093307374286086,0.478716535621554,0.0015847007759629,0.0018097449407359,0.0012412674778854,0.0,0.0,0.0
178,0.6565641050194865,0.5132808131949591,0.4828263260022197,0.6580735003017373,0.5150640559567716,0.4840244564523539,0.6565641050194865,0.5132808131949591,0.4828263260022197,0.0015093952822508,0.0017832427618125,0.0011981304501341,0.0,0.0,0.0
179,0.6666851581095191,0.5279045881302655,0.4943252123697274,0.6679729527690197,0.5296887090344903,0.4957132710279541,0.6666851581095191,0.5279045881302655,0.4943252123697274,0.0012877946595005,0.0017841209042247,0.0013880586582267,0.0,0.0,0.0
180,0.6556090091925103,0.5238319295920035,0.4890578685369636,0.6567005971415327,0.5253738743111949,0.4902342229901298,0.6556090091925103,0.5238319295920035,0.4890578685369636,0.0010915879490224,0.0015419447191913,0.0011763544531662,0.0,0.0,0.0
181,0.6712321475604979,0.5291177043400879,0.4941879984032695,0.6733435302889538,0.5308481662943059,0.4955140401149084,0.6712321475604979,0.5291177043400879,0.4941879984032695,0.0021113827284559,0.0017304619542179,0.0013260417116389,0.0,0.0,0.0
182,0.6512851526801409,0.5126368652263986,0.4837816826653853,0.651724415352199,0.5137192773546303,0.4839763867284586,0.6512851526801409,0.5126368652263986,0.4837816826653853,0.0004392626720581,0.0010824121282316,0.0001947040630733,0.0,0.0,0.0
183,0.669913449500028,0.5214174073443222,0.4922805109683312,0.6711034208091531,0.5231622605405786,0.4929419820585775,0.669913449500028,0.5214174073443222,0.4922805109683312,0.0011899713091251,0.0017448531962563,0.0006614710902462,0.0,0.0,0.0
184,0.6618519340152311,0.5163170611105599,0.4861673940941277,0.6639674184579348,0.5189148863523585,0.4879686080908766,0.6618519340152311,0.5163170611105599,0.4861673940941277,0.0021154844427037,0.0025978252417986,0.0018012139967489,0.0,0.0,0.0
185,0.6753409676849842,0.5327367778266978,0.5000825551079298,0.6767164238085404,0.5350252672140323,0.5014433739591962,0.6753409676849842,0.5327367778266978,0.5000825551079298,0.0013754561235561,0.0022884893873345,0.0013608188512664,0.0,0.0,0.0
186,0.6583014588944355,0.51138905830199,0.4849895029325878,0.6582806088237246,0.5126049742882787,0.4853370994737966,0.6583014588944355,0.51138905830199,0.4849895029325878,-2.085007071084277e-05,0.0012159159862886,0.0003475965412088,0.0,0.0,0.0
187,0.664038789292991,0.5296197338804687,0.4967970777220071,0.6649703862460904,0.5311470669145207,0.4972434339776247,0.664038789292991,0.5296197338804687,0.4967970777220071,0.0009315969530994,0.001527333034052,0.0004463562556176,0.0,0.0,0.0
188,0.6679955461626308,0.5308702209828364,0.4943380833434428,0.669554669393153,0.5327076622107084,0.4954529389388725,0.6679955461626308,0.5308702209828364,0.4943380833434428,0.0015591232305222,0.0018374412278719,0.0011148555954296,0.0,0.0,0.0
189,0.67668061079174,0.5374541070779025,0.5003006462430287,0.6777939440651392,0.539930598552903,0.5012312007929356,0.67668061079174,0.5374541070779025,0.5003006462430287,0.0011133332733991,0.0024764914750005,0.0009305545499068,0.0,0.0,0.0
190,0.6614074228548171,0.5147251914978598,0.4879349696058509,0.6624969981151069,0.5166976291730132,0.4890762200624302,0.6614074228548171,0.5147251914978598,0.4879349696058509,0.0010895752602897,0.0019724376751534,0.0011412504565793,0.0,0.0,0.0
191,0.6517692581870655,0.5260643066385431,0.4890517606118764,0.6535041668325661,0.5275022539331887,0.4900923842684509,0.6517692581870655,0.5260643066385431,0.4890517606118764,0.0017349086455005,0.0014379472946456,0.0010406236565745,0.0,0.0,0.0
192,0.6601030344995726,0.5101901630583783,0.4815597807346974,0.6610124419407929,0.5113273406741297,0.4818317226916321,0.6601030344995726,0.5101901630583783,0.4815597807346974,0.0009094074412202,0.0011371776157513,0.0002719419569346,0.0,0.0,0.0
193,0.656948018565147,0.5112132944698984,0.4843105043916442,0.6575369096527406,0.513434868364199,0.4853137245220211,0.656948018565147,0.5112132944698984,0.4843105043916442,0.0005888910875936,0.0022215738943006,0.0010032201303769,0.0,0.0,0.0
194,0.6721559081588367,0.5299466433595306,0.4995581055194232,0.6740741645262232,0.5317731841891631,0.5004047489509652,0.6721559081588367,0.5299466433595306,0.4995581055194232,0.0019182563673864,0.0018265408296325,0.000846643431542,0.0,0.0,0.0
195,0.6574358892828541,0.5197784693267203,0.4839201989016922,0.6590598131715527,0.5213769437736171,0.4849181357686954,0.6574358892828541,0.5197784693267203,0.4839201989016922,0.0016239238886985,0.0015984744468967,0.0009979368670032,0.0,0.0,0.0
196,0.662834002422659,0.5179461160965285,0.4863807983245909,0.6641013611664389,0.5196944260521722,0.487406426126223,0.662834002422659,0.5179461160965285,0.4863807983245909,0.0012673587437799,0.0017483099556436,0.0010256278016321,0.0,0.0,0.0
197,0.6831445292690963,0.542204904624326,0.509140130660389,0.6840406284979216,0.543416184856261,0.5095139585467637,0.6831445292690963,0.542204904624326,0.509140130660389,0.0008960992288252,0.0012112802319349,0.0003738278863747,0.0,0.0,0.0
198,0.6512030383095229,0.5117432487724686,0.4765152751369178,0.650976081273992,0.5127701759503409,0.4764087443103476,0.6512030383095229,0.5117432487724686,0.4765152751369178,-0.0002269570355308,0.0010269271778723,-0.0001065308265701,0.0,0.0,0.0
199,0.6605123268478602,0.5071536085690191,0.4797283763031338,0.6631045480675428,0.5096056787086793,0.4815869028467583,0.6605123268478602,0.5071536085690191,0.4797283763031338,0.0025922212196826,0.0024520701396602,0.0018585265436245,0.0,0.0,0.0
200,0.6535009599507295,0.5191184750896511,0.483427902766343,0.6548504507992181,0.5204942317248465,0.4841000661888359,0.6535009599507295,0.5191184750896511,0.483427902766343,0.0013494908484885,0.0013757566351954,0.0006721634224929,0.0,0.0,0.0
201,0.664418008958942,0.5284109403512136,0.4948716137829615,0.6657325871882191,0.5297922317419121,0.4956905272360113,0.664418008958942,0.5284109403512136,0.4948716137829615,0.0013145782292771,0.0013812913906985,0.0008189134530498,0.0,0.0,0.0
202,0.666560130347507,0.5288759167651923,0.4951528099970155,0.6680806813173532,0.531129510966464,0.4963886991442699,0.666560130347507,0.5288759167651923,0.4951528099970155,0.0015205509698461,0.0022535942012716,0.0012358891472543,0.0,0.0,0.0
203,0.6721325504562009,0.5249469574934754,0.4994911153843868,0.6725813806001615,0.5260543511563596,0.4996962220332537,0.6721325504562009,0.5249469574934754,0.4994911153843868,0.0004488301439605,0.0011073936628841,0.0002051066488668,0.0,0.0,0.0
204,0.6619033831893137,0.5192614411741101,0.4857276227364903,0.6636861843182276,0.5212382339642442,0.4869622602337315,0.6619033831893137,0.5192614411741101,0.4857276227364903,0.0017828011289138,0.001976792790134,0.0012346374972412,0.0,0.0,0.0
205,0.6577432991646563,0.5204450766886809,0.4866491116782588,0.659575350915373,0.5225564618165379,0.4877417457838922,0.6577432991646563,0.5204450766886809,0.4866491116782588,0.0018320517507166,0.002111385127857,0.0010926341056333,0.0,0.0,0.0
206,0.6719424888000689,0.5326343927408317,0.4969577989300887,0.6730327609434832,0.5342891217334714,0.4978659180176986,0.6719424888000689,0.5326343927408317,0.4969577989300887,0.0010902721434142,0.0016547289926397,0.0009081190876098,0.0,0.0,0.0
207,0.6738774763824769,0.523079295713726,0.4953605040107371,0.6752935553122805,0.5249762483345015,0.4963905450996264,0.6738774763824769,0.523079295713726,0.4953605040107371,0.0014160789298036,0.0018969526207754,0.0010300410888892,0.0,0.0,0.0
208,0.6816099074760988,0.5390404171564297,0.5054919708662392,0.6816159887086305,0.5390643312329837,0.5052887355411817,0.6816099074760988,0.5390404171564297,0.5054919708662392,6.081232531651715e-06,2.391407655399913e-05,-0.0002032353250575,0.0,0.0,0.0
209,0.6696807767747452,0.5173636065910735,0.491528817733286,0.6702567344855718,0.5190203191829393,0.4922547848197274,0.6696807767747452,0.5173636065910735,0.491528817733286,0.0005759577108265,0.0016567125918658,0.0007259670864413,0.0,0.0,0.0
210,0.6622943813515911,0.5288575428102928,0.4958253208793045,0.6630072252944597,0.5300801326146374,0.4964928020898941,0.6622943813515911,0.5288575428102928,0.4958253208793045,0.0007128439428685,0.0012225898043445,0.0006674812105896,0.0,0.0,0.0
211,0.6669671138448551,0.5226679924468569,0.4918703575036616,0.6686357224452398,0.5244459735718506,0.4933528466351491,0.6669671138448551,0.5226679924468569,0.4918703575036616,0.0016686086003847,0.0017779811249937,0.0014824891314875,0.0,0.0,0.0
212,0.6447947782699645,0.5135940307964914,0.477437955268613,0.6462058252996578,0.5149727546895798,0.4785727885979244,0.6447947782699645,0.5135940307964914,0.477437955268613,0.0014110470296933,0.0013787238930884,0.0011348333293113,0.0,0.0,0.0
213,0.6672212672029276,0.5213798504531474,0.493281300300494,0.6689506158152997,0.5228529067225486,0.4941506553724767,0.6672212672029276,0.5213798504531474,0.493281300300494,0.001729348612372,0.0014730562694011,0.0008693550719827,0.0,0.0,0.0
214,0.6724742334800117,0.5405657670002387,0.5034694464318912,0.6735328615156556,0.5421251996797087,0.504294825336892,0.6724742334800117,0.5405657670002387,0.5034694464318912,0.0010586280356439,0.00155943267947,0.0008253789050007,0.0,0.0,0.0
215,0.6698927121030682,0.5305348929614113,0.493385612074084,0.6703705374022355,0.5309397192747307,0.4935087055000596,0.6698927121030682,0.5305348929614113,0.493385612074084,0.0004778252991672,0.0004048263133193,0.0001230934259756,0.0,0.0,0.0
216,0.650892260909979,0.5201245459539702,0.4834829542538456,0.6524426613765142,0.5220186209393092,0.4845336997501472,0.650892260909979,0.5201245459539702,0.4834829542538456,0.0015504004665352,0.001894074985339,0.0010507454963016,0.0,0.0,0.0
217,0.6677352437399404,0.5276864859033876,0.4934011888652739,0.6685906983829584,0.5291313217265375,0.493840589576253,0.6677352437399404,0.5276864859033876,0.4934011888652739,0.0008554546430179,0.0014448358231499,0.000439400710979,0.0,0.0,0.0
218,0.6561326690706915,0.5202672118822635,0.4880991819809711,0.6565783448381756,0.5210967639998497,0.4882300279499255,0.6561326690706915,0.5202672118822635,0.4880991819809711,0.0004456757674841,0.0008295521175861,0.0001308459689543,0.0,0.0,0.0
219,0.6407116234780161,0.5009282121667966,0.4707334916431394,0.6429182753405598,0.5026996056550714,0.4720410259263324,0.6407116234780161,0.5009282121667966,0.4707334916431394,0.0022066518625436,0.0017713934882748,0.001307534283193,0.0,0.0,0.0
220,0.6524596949026483,0.5088868383754421,0.4758351841898416,0.654155700285117,0.5117978486930029,0.4777928824809873,0.6524596949026483,0.5088868383754421,0.4758351841898416,0.0016960053824687,0.0029110103175608,0.0019576982911456,0.0,0.0,0.0
221,0.6552186399054702,0.5159976743871294,0.4822043674176755,0.655987804628554,0.5175257385980723,0.4829983512633751,0.6552186399054702,0.5159976743871294,0.4822043674176755,0.0007691647230837,0.0015280642109428,0.0007939838456995,0.0,0.0,0.0
222,0.6561641706013659,0.5201614060225052,0.4862445189729171,0.6568968878790065,0.5206043312883635,0.4866256424928838,0.6561641706013659,0.5201614060225052,0.4862445189729171,0.0007327172776405,0.0004429252658583,0.0003811235199667,0.0,0.0,0.0
223,0.6619060894237377,0.5083510256392045,0.4827408500050146,0.6630705188022372,0.5097053170028729,0.4834480355450068,0.6619060894237377,0.5083510256392045,0.4827408500050146,0.0011644293784994,0.0013542913636683,0.0007071855399922,0.0,0.0,0.0
224,0.6616673232324621,0.5204462721551161,0.4855820853959015,0.6637602095697678,0.5223953001775447,0.4867911642420292,0.6616673232324621,0.5204462721551161,0.4855820853959015,0.0020928863373056,0.0019490280224285,0.0012090788461276,0.0,0.0,0.0
225,0.6732197705019289,0.5311688004923278,0.4989555146925276,0.6748135426231079,0.5336640784679493,0.5003257111800165,0.6732197705019289,0.5311688004923278,0.4989555146925276,0.0015937721211789,0.0024952779756214,0.0013701964874888,0.0,0.0,0.0
226,0.6590009900383007,0.5252820863965649,0.4912337648034196,0.6598599767177737,0.5261673590567371,0.491625637000386,0.6590009900383007,0.5252820863965649,0.4912337648034196,0.000858986679473,0.0008852726601721,0.0003918721969664,0.0,0.0,0.0
227,0.6678056827172096,0.5226927631513996,0.4928079713323418,0.6701085190127254,0.5249681515994642,0.4943443705673718,0.6678056827172096,0.5226927631513996,0.4928079713323418,0.0023028362955157,0.0022753884480646,0.00153639923503,0.0,0.0,0.0
228,0.663429485498312,0.5196732454332067,0.489111754975733,0.6629193361921495,0.5196815083847641,0.4886993684185011,0.663429485498312,0.5196732454332067,0.489111754975733,-0.0005101493061625,8.262951557425069e-06,-0.0004123865572319,0.0,0.0,0.0
229,0.6657186245835574,0.5152665298746433,0.4881079093536136,0.6655577775956032,0.516793970645863,0.4884427616164671,0.6657186245835574,0.5152665298746433,0.4881079093536136,-0.0001608469879541,0.0015274407712196,0.0003348522628535,0.0,0.0,0.0
230,0.6766139392862037,0.5325515267208119,0.499987362659241,0.6778947509429554,0.5342457657799701,0.5010315019692266,0.6766139392862037,0.5325515267208119,0.499987362659241,0.0012808116567516,0.0016942390591582,0.0010441393099856,0.0,0.0,0.0
231,0.6700644501420898,0.524509334015512,0.4905476573477307,0.6709904264358006,0.5259472799440579,0.4912386129437346,0.6700644501420898,0.524509334015512,0.4905476573477307,0.0009259762937108,0.0014379459285458,0.0006909555960038,0.0,0.0,0.0
232,0.665742468350067,0.5263687154667309,0.488859819044641,0.6664820347923378,0.5274137994027637,0.4892598505827153,0.665742468350067,0.5263687154667309,0.488859819044641,0.0007395664422708,0.0010450839360327,0.0004000315380743,0.0,0.0,0.0
233,0.6586418485468806,0.51780009511986,0.4890947315442255,0.660961669998604,0.5201579013378115,0.4907880951305621,0.6586418485468806,0.51780009511986,0.4890947315442255,0.0023198214517233,0.0023578062179514,0.0016933635863366,0.0,0.0,0.0
234,0.6671949980749984,0.5282187122304152,0.4904572232710183,0.6681727422438994,0.5281236260527697,0.4903795162261307,0.6671949980749984,0.5282187122304152,0.4904572232710183,0.000977744168901,-9.508617764542038e-05,-7.770704488763158e-05,0.0,0.0,0.0
235,0.6667064190072067,0.5355770365463398,0.4950891994443892,0.6676291810374918,0.5373044269547298,0.4963622069311914,0.6667064190072067,0.5355770365463398,0.4950891994443892,0.000922762030285,0.0017273904083899,0.0012730074868021,0.0,0.0,0.0
236,0.6762812625864277,0.5115932325561788,0.4881591328718589,0.6773486057819228,0.5136676193127327,0.4892443156619618,0.6762812625864277,0.5115932325561788,0.4881591328718589,0.001067343195495,0.0020743867565539,0.0010851827901028,0.0,0.0,0.0
237,0.6715862404069473,0.5222058603584141,0.4928626256913387,0.6738317189321862,0.5241041067248725,0.4944515151179718,0.6715862404069473,0.5222058603584141,0.4928626256913387,0.0022454785252389,0.0018982463664584,0.0015888894266331,0.0,0.0,0.0
238,0.6721314515280107,0.5338906488975574,0.4988853683749494,0.6737620650479033,0.5358347231092209,0.5003296082323148,0.6721314515280107,0.5338906488975574,0.4988853683749494,0.0016306135198925,0.0019440742116634,0.0014442398573653,0.0,0.0,0.0
239,0.6449014653607293,0.5061235909750366,0.4750994424183299,0.6464840278152398,0.5076378535110055,0.4760987693783173,0.6449014653607293,0.5061235909750366,0.4750994424183299,0.0015825624545104,0.0015142625359689,0.0009993269599873,0.0,0.0,0.0
240,0.6668980280832963,0.5321371343777714,0.4992602400191981,0.6683311444611217,0.5337881666271297,0.5002201744035362,0.6668980280832963,0.5321371343777714,0.4992602400191981,0.0014331163778253,0.0016510322493582,0.000959934384338,0.0,0.0,0.0
241,0.6688986889827564,0.5308503245992962,0.4959386128428659,0.6703291047533361,0.5322032631520867,0.4967191110658158,0.6688986889827564,0.5308503245992962,0.4959386128428659,0.0014304157705796,0.0013529385527905,0.0007804982229498,0.0,0.0,0.0
242,0.6523837959530459,0.5178023016462905,0.4844079732798075,0.6533223094996371,0.5188522064474201,0.4848597330114763,0.6523837959530459,0.5178023016462905,0.4844079732798075,0.0009385135465912,0.0010499048011296,0.0004517597316687,0.0,0.0,0.0
243,0.6623405525328916,0.5157294703906435,0.4877847146475874,0.6627463170232608,0.516494293201574,0.4881262034501506,0.6623405525328916,0.5157294703906435,0.4877847146475874,0.0004057644903692,0.0007648228109304,0.0003414888025631,0.0,0.0,0.0
244,0.6579496763656839,0.5257012116514752,0.4891933718571754,0.6595486405124007,0.5271134093459197,0.4903920021342191,0.6579496763656839,0.5257012116514752,0.4891933718571754,0.0015989641467167,0.0014121976944444,0.0011986302770436,0.0,0.0,0.0
245,0.6490070787413647,0.5039930802244856,0.4773108414498135,0.6498984125846101,0.5057223366596529,0.4779580243715509,0.6490070787413647,0.5039930802244856,0.4773108414498135,0.0008913338432454,0.0017292564351673,0.0006471829217374,0.0,0.0,0.0
246,0.6724734797172003,0.5285912834136103,0.4986030590162538,0.6738349412660659,0.5303884050114154,0.4994675821497069,0.6724734797172003,0.5285912834136103,0.4986030590162538,0.0013614615488656,0.001797121597805,0.000864523133453,0.0,0.0,0.0
247,0.6785773756096803,0.5358455087919444,0.4984434167741163,0.6809630079241018,0.5380589779829521,0.4999772633850837,0.6785773756096803,0.5358455087919444,0.4984434167741163,0.0023856323144214,0.0022134691910077,0.0015338466109673,0.0,0.0,0.0
248,0.6557129397067947,0.5160566436835132,0.4820261346294942,0.6570317603453024,0.5180556182862277,0.4833896907039335,0.6557129397067947,0.5160566436835132,0.4820261346294942,0.0013188206385077,0.0019989746027144,0.0013635560744393,0.0,0.0,0.0
249,0.6620970148255227,0.5256289551647896,0.4903583195007406,0.662823515946837,0.5268024880644461,0.4907933236721223,0.6620970148255227,0.5256289551647896,0.4903583195007406,0.0007265011213142,0.0011735328996564,0.0004350041713817,0.0,0.0,0.0
250,0.6739758835499209,0.5220911316143935,0.4928793182426165,0.676086958448489,0.5235198982327525,0.494003471409928,0.6739758835499209,0.5220911316143935,0.4928793182426165,0.002111074898568,0.001428766618359,0.0011241531673114,0.0,0.0,0.0
251,0.6459868129216828,0.5009009635566224,0.4717948774499227,0.6477884022782503,0.5024184243106566,0.4726364872232688,0.6459868129216828,0.5009009635566224,0.4717948774499227,0.0018015893565674,0.0015174607540342,0.000841609773346,0.0,0.0,0.0
252,0.6584017741603416,0.5164934094987039,0.4827183655858276,0.6600385144426981,0.5182240716128781,0.4838690646768555,0.6584017741603416,0.5164934094987039,0.4827183655858276,0.0016367402823564,0.0017306621141741,0.0011506990910278,0.0,0.0,0.0
253,0.6544205544358097,0.5165998182521466,0.4837081574717542,0.6568057035402017,0.518636094509281,0.4850575351594499,0.6544205544358097,0.5165998182521466,0.4837081574717542,0.002385149104392,0.0020362762571344,0.0013493776876957,0.0,0.0,0.0
254,0.6443888253795247,0.502396513745903,0.4704149002476758,0.6449552137717249,0.5035514981511482,0.4707120040866346,0.6443888253795247,0.502396513745903,0.4704149002476758,0.0005663883922002,0.0011549844052451,0.0002971038389588,0.0,0.0,0.0
255,0.6679947689344109,0.5261435746833574,0.4920877550887784,0.6684568616472656,0.5275571527609111,0.4926015380742886,0.6679947689344109,0.5261435746833574,0.4920877550887784,0.0004620927128546,0.0014135780775537,0.0005137829855101,0.0,0.0,0.0
256,0.6733031334562494,0.5329201874767585,0.4969014531874458,0.6751511625611883,0.5345775373637436,0.4980104228316496,0.6733031334562494,0.5329201874767585,0.4969014531874458,0.0018480291049389,0.001657349886985,0.0011089696442038,0.0,0.0,0.0
257,0.6712443299822636,0.5351344575185842,0.5006381956054422,0.673721893840199,0.5378676248067297,0.5022463632014939,0.6712443299822636,0.5351344575185842,0.5006381956054422,0.0024775638579354,0.0027331672881454,0.0016081675960516,0.0,0.0,0.0
258,0.6629482233228837,0.5118607656631253,0.4830714022554245,0.6648422306375117,0.5136244323041034,0.4843408015913271,0.6629482233228837,0.5118607656631253,0.4830714022554245,0.0018940073146279,0.001763666640978,0.0012693993359025,0.0,0.0,0.0
259,0.6485218817014408,0.5066539682634505,0.4769866402219881,0.6495803114538925,0.5079853888007525,0.4777680056430661,0.6485218817014408,0.5066539682634505,0.4769866402219881,0.0010584297524517,0.0013314205373019,0.0007813654210779,0.0,0.0,0.0
260,0.6600763925519902,0.5173076020921539,0.4866383530130284,0.6608822405703061,0.5186845284355286,0.4872638891806836,0.6600763925519902,0.5173076020921539,0.4866383530130284,0.0008058480183158,0.0013769263433747,0.0006255361676552,0.0,0.0,0.0
261,0.6551159700291788,0.5152868039491886,0.4835821530057133,0.654795912297746,0.5154348214154344,0.4835180525486667,0.6551159700291788,0.5152868039491886,0.4835821530057133,-0.0003200577314327,0.0001480174662458,-6.410045704657863e-05,0.0,0.0,0.0
262,0.6714715055550932,0.5224662512169714,0.4909131617759613,0.6730631677806589,0.5247806600517463,0.4920942709838608,0.6714715055550932,0.5224662512169714,0.4909131617759613,0.0015916622255657,0.0023144088347748,0.0011811092078995,0.0,0.0,0.0
263,0.6670516237711134,0.5169590199510964,0.4870336141137435,0.6692905737973762,0.5190168628153764,0.4882831670346135,0.6670516237711134,0.5169590199510964,0.4870336141137435,0.0022389500262628,0.00205784286428,0.00124955292087,0.0,0.0,0.0
264,0.668638925731128,0.533090509536094,0.4968913281298633,0.6696572680024442,0.5349170407828465,0.4977530068067916,0.668638925731128,0.533090509536094,0.4968913281298633,0.0010183422713161,0.0018265312467524,0.0008616786769283,0.0,0.0,0.0
265,0.6680423709992137,0.5266713442794803,0.4924121666169171,0.6691158943702462,0.5286201484310424,0.4932451618281684,0.6680423709992137,0.5266713442794803,0.4924121666169171,0.0010735233710325,0.0019488041515621,0.0008329952112512,0.0,0.0,0.0
266,0.6516657549715676,0.511551792211644,0.4800231816282893,0.6537236741701639,0.5138832595058906,0.4813710347072416,0.6516657549715676,0.511551792211644,0.4800231816282893,0.0020579191985962,0.0023314672942466,0.0013478530789522,0.0,0.0,0.0
267,0.6772388327435259,0.5339672865146096,0.5023669525818976,0.6775187332266699,0.5347071457644523,0.5024906198246419,0.6772388327435259,0.5339672865146096,0.5023669525818976,0.0002799004831439,0.0007398592498427,0.0001236672427443,0.0,0.0,0.0
268,0.6679572572335377,0.5323558112744418,0.4961163713758718,0.6703721416370484,0.5358058489732423,0.4983875760172239,0.6679572572335377,0.5323558112744418,0.4961163713758718,0.0024148844035106,0.0034500376988005,0.0022712046413521,0.0,0.0,0.0
269,0.659477101487431,0.5224829803803699,0.4926963106582443,0.6606063325949327,0.5242650594460543,0.4935826732221345,0.659477101487431,0.5224829803803699,0.4926963106582443,0.0011292311075017,0.0017820790656843,0.0008863625638902,0.0,0.0,0.0
270,0.6669174730856049,0.5080004502994356,0.4839342891243738,0.6678090175430579,0.5099568244678786,0.4849281788024573,0.6669174730856049,0.5080004502994356,0.4839342891243738,0.0008915444574529,0.0019563741684429,0.0009938896780834,0.0,0.0,0.0
271,0.6569255095923101,0.5160391421893916,0.4847284002415694,0.6589657789382012,0.5172971822650132,0.4857002660825688,0.6569255095923101,0.5160391421893916,0.4847284002415694,0.002040269345891,0.0012580400756215,0.0009718658409993,0.0,0.0,0.0
272,0.6553810893727328,0.5154597699706155,0.4849715942139133,0.656687050657757,0.516620340041028,0.4854370996626176,0.6553810893727328,0.5154597699706155,0.4849715942139133,0.0013059612850242,0.0011605700704124,0.0004655054487043,0.0,0.0,0.0
273,0.653354233028131,0.5117538038047172,0.4833117983022116,0.6541284343753725,0.5133294568427853,0.4838892392628488,0.653354233028131,0.5117538038047172,0.4833117983022116,0.0007742013472414,0.001575653038068,0.0005774409606372,0.0,0.0,0.0
274,0.6651967026794845,0.5163791777134007,0.4896290781378412,0.6660755273519885,0.5175858401734426,0.4904218142873388,0.6651967026794845,0.5163791777134007,0.4896290781378412,0.0008788246725039,0.0012066624600418,0.0007927361494975,0.0,0.0,0.0
275,0.6633317396359034,0.5126397981943869,0.4856538770532019,0.6644219396801944,0.513562061592244,0.4860715865859136,0.6633317396359034,0.5126397981943869,0.4856538770532019,0.0010902000442909,0.0009222633978571,0.0004177095327117,0.0,0.0,0.0
276,0.6574152807086215,0.5191470060496288,0.4923326165052243,0.6586581134538277,0.5207216661500563,0.4930582148734344,0.6574152807086215,0.5191470060496288,0.4923326165052243,0.0012428327452062,0.0015746601004275,0.0007255983682101,0.0,0.0,0.0
277,0.6655638095910004,0.510517425695143,0.4840734529982186,0.6670938158667762,0.5121453656665051,0.4852702839088395,0.6655638095910004,0.510517425695143,0.4840734529982186,0.0015300062757758,0.0016279399713621,0.0011968309106208,0.0,0.0,0.0
278,0.6690641919720466,0.5274182052939741,0.4959618337947032,0.6706684516956879,0.529436501891019,0.4974881244546015,0.6690641919720466,0.5274182052939741,0.4959618337947032,0.0016042597236413,0.0020182965970448,0.0015262906598982,0.0,0.0,0.0
279,0.6601359393859623,0.5237592757883426,0.4906209947353807,0.6618730444004564,0.525614902924471,0.4919205899944945,0.6601359393859623,0.5237592757883426,0.4906209947353807,0.001737105014494,0.0018556271361284,0.0012995952591138,0.0,0.0,0.0
280,0.6610211605789471,0.522513052045537,0.4899497613900185,0.6611392524431213,0.5233228781186662,0.4899705882687154,0.6610211605789471,0.522513052045537,0.4899497613900185,0.0001180918641742,0.0008098260731291,2.0826878696922343e-05,0.0,0.0,0.0
281,0.6717573214555029,0.5298501087561173,0.4961306847362897,0.6733171332041149,0.532149419864431,0.4976885326860632,0.6717573214555029,0.5298501087561173,0.4961306847362897,0.0015598117486119,0.0022993111083137,0.0015578479497734,0.0,0.0,0.0
282,0.6653632861558025,0.5263364112154482,0.4947860378253836,0.6677182933326983,0.5276826608701803,0.49607151357708,0.6653632861558025,0.5263364112154482,0.4947860378253836,0.0023550071768957,0.0013462496547321,0.0012854757516963,0.0,0.0,0.0
283,0.653553480439929,0.5206137952884842,0.4876257258394932,0.6543844457515652,0.5220955386227389,0.4884655866769448,0.653553480439929,0.5206137952884842,0.4876257258394932,0.0008309653116361,0.0014817433342547,0.0008398608374515,0.0,0.0,0.0
284,0.6556445537867104,0.5195378278589836,0.4861919031898309,0.6563492265872728,0.5205308264729321,0.4864745581391062,0.6556445537867104,0.5195378278589836,0.4861919031898309,0.0007046728005624,0.0009929986139485,0.0002826549492753,0.0,0.0,0.0
285,0.6567002980907639,0.499707125980941,0.4775510581489455,0.6572966921114002,0.500176147460379,0.4776071662231045,0.6567002980907639,0.499707125980941,0.4775510581489455,0.0005963940206362,0.0004690214794379,5.610807415895591e-05,0.0,0.0,0.0
286,0.6474823748677766,0.5104672789401021,0.478812334149763,0.6505992814611807,0.5138205290066409,0.4810509967600831,0.6474823748677766,0.5104672789401021,0.478812334149763,0.0031169065934041,0.0033532500665387,0.0022386626103201,0.0,0.0,0.0
287,0.6657821046085705,0.5350277539567243,0.4987859836547724,0.6674248937806381,0.536426481007757,0.4999225083815476,0.6657821046085705,0.5350277539567243,0.4987859836547724,0.0016427891720676,0.0013987270510327,0.0011365247267751,0.0,0.0,0.0
288,0.6583759933209442,0.5125191621923425,0.4835684405948474,0.6592189335896436,0.5138202267125501,0.4840515183436576,0.6583759933209442,0.5125191621923425,0.4835684405948474,0.0008429402686993,0.0013010645202076,0.0004830777488102,0.0,0.0,0.0
289,0.6561832686724982,0.519171334640439,0.4858129490816542,0.6571355919651933,0.5209801422865565,0.4862503129768709,0.6561832686724982,0.519171334640439,0.4858129490816542,0.0009523232926951,0.0018088076461175,0.0004373638952167,0.0,0.0,0.0
290,0.6543155161839131,0.513437669828868,0.4841087299606665,0.6552685195435506,0.5151195782279437,0.4847873246163291,0.6543155161839131,0.513437669828868,0.4841087299606665,0.0009530033596374,0.0016819083990757,0.0006785946556625,0.0,0.0,0.0
291,0.6625843754975722,0.5184634009840099,0.491520594695881,0.6633495300042788,0.5206127410604181,0.4923693794279787,0.6625843754975722,0.5184634009840099,0.491520594695881,0.0007651545067065,0.0021493400764082,0.0008487847320976,0.0,0.0,0.0
292,0.6594393912119546,0.5237838147238822,0.4911875508894242,0.660653062622773,0.5250411855163257,0.4918427882986044,0.6594393912119546,0.5237838147238822,0.4911875508894242,0.0012136714108184,0.0012573707924434,0.0006552374091802,0.0,0.0,0.0
293,0.6663660395130313,0.527806073714589,0.4919419670928229,0.6679256610320794,0.5292294864538115,0.4927360567800271,0.6663660395130313,0.527806073714589,0.4919419670928229,0.001559621519048,0.0014234127392225,0.0007940896872041,0.0,0.0,0.0
294,0.6622624620856878,0.5296085796774019,0.4925138331158845,0.6644881935575759,0.5317509193960943,0.4942602400223277,0.6622624620856878,0.5296085796774019,0.4925138331158845,0.002225731471888,0.0021423397186923,0.0017464069064432,0.0,0.0,0.0
295,0.651541684736683,0.51262052264534,0.482960789010414,0.653374903694624,0.5142557325474069,0.4841974359475171,0.651541684736683,0.51262052264534,0.482960789010414,0.001833218957941,0.0016352099020668,0.001236646937103,0.0,0.0,0.0
296,0.6550628599507708,0.5207856961367072,0.4883908026121834,0.6561484557693478,0.5221009135821164,0.4890852686770549,0.6550628599507708,0.5207856961367072,0.4883908026121834,0.0010855958185769,0.0013152174454091,0.0006944660648715,0.0,0.0,0.0
297,0.6524130035449168,0.5153589075118845,0.4841076966553521,0.6535941222583868,0.516330515536532,0.4848073244523627,0.6524130035449168,0.5153589075118845,0.4841076966553521,0.0011811187134699,0.0009716080246474,0.0006996277970106,0.0,0.0,0.0
298,0.6462400603172169,0.5082485466888764,0.4747710252319015,0.6479074096077528,0.5100593896948981,0.4758803966836599,0.6462400603172169,0.5082485466888764,0.4747710252319015,0.0016673492905359,0.0018108430060216,0.0011093714517584,0.0,0.0,0.0
299,0.6609130934651943,0.5168256592518025,0.4903339627549912,0.662151529392668,0.5180484417779437,0.4907068783785283,0.6609130934651943,0.5168256592518025,0.4903339627549912,0.0012384359274736,0.0012227825261412,0.000372915623537,0.0,0.0,0.0
300,0.666723901379209,0.5241608641327438,0.491860350657278,0.6683168968772751,0.5265045401858638,0.493480608027526,0.666723901379209,0.5241608641327438,0.491860350657278,0.0015929954980661,0.00234367605312,0.001620257370248,0.0,0.0,0.0
301,0.662965222132559,0.5307043177265552,0.4955642812903671,0.6645301748069461,0.5327897236746997,0.4969649636247664,0.662965222132559,0.5307043177265552,0.4955642812903671,0.001564952674387,0.0020854059481444,0.0014006823343992,0.0,0.0,0.0
302,0.6895035231678555,0.5494974993531084,0.513385445645068,0.6912882927821179,0.5520262932702246,0.5146572538718052,0.6895035231678555,0.5494974993531084,0.513385445645068,0.0017847696142624,0.0025287939171161,0.0012718082267371,0.0,0.0,0.0
303,0.6491139895052958,0.5060453186714087,0.4798251077348696,0.6504341981921917,0.5080897851087146,0.4810964017804903,0.6491139895052958,0.5060453186714087,0.4798251077348696,0.0013202086868959,0.0020444664373059,0.0012712940456207,0.0,0.0,0.0
304,0.6586750531817481,0.5105000125469986,0.4813642736748577,0.6601730142693041,0.5121084150775191,0.4823601072894626,0.6586750531817481,0.5105000125469986,0.4813642736748577,0.0014979610875559,0.0016084025305205,0.0009958336146049,0.0,0.0,0.0
305,0.6602961717144191,0.5215884275149447,0.489593170466541,0.6615726988663175,0.5226831946162948,0.4903005374697417,0.6602961717144191,0.5215884275149447,0.489593170466541,0.0012765271518984,0.00109476710135,0.0007073670032006,0.0,0.0,0.0
306,0.6534472411580776,0.5125000574750962,0.4824255623410917,0.6551701906525589,0.5145690241468219,0.4835568512454523,0.6534472411580776,0.5125000574750962,0.4824255623410917,0.0017229494944812,0.0020689666717257,0.0011312889043606,0.0,0.0,0.0
307,0.6682460634348707,0.5240276208636141,0.4922972462864335,0.66908268720804,0.5250868179133636,0.4927368623192786,0.6682460634348707,0.5240276208636141,0.4922972462864335,0.0008366237731692,0.0010591970497495,0.000439616032845,0.0,0.0,0.0
308,0.6748986350717516,0.5277516744226525,0.4924008765879947,0.6768325522782807,0.5298093831651355,0.4938484278587833,0.6748986350717516,0.5277516744226525,0.4924008765879947,0.001933917206529,0.002057708742483,0.0014475512707886,0.0,0.0,0.0
309,0.6740956760907236,0.5243559719087425,0.4974454106669539,0.6749786609835446,0.5256968912572526,0.4981509899344921,0.6740956760907236,0.5243559719087425,0.4974454106669539,0.000882984892821,0.0013409193485101,0.0007055792675381,0.0,0.0,0.0
310,0.6561811670316317,0.5211575277659769,0.4854135638022766,0.6565033094258359,0.522367140393343,0.4858721888099785,0.6561811670316317,0.5211575277659769,0.4854135638022766,0.0003221423942042,0.001209612627366,0.0004586250077018,0.0,0.0,0.0
311,0.6724521582739162,0.5269850156419327,0.4939541287875733,0.6738440739773974,0.5286443112571589,0.49505685793124,0.6724521582739162,0.5269850156419327,0.4939541287875733,0.0013919157034811,0.0016592956152262,0.0011027291436667,0.0,0.0,0.0
312,0.6713204877244074,0.5346024798952591,0.4996907851701027,0.6724430396891784,0.53683297942284,0.5008968327805297,0.6713204877244074,0.5346024798952591,0.4996907851701027,0.0011225519647709,0.0022304995275809,0.0012060476104269,0.0,0.0,0.0
313,0.6703909046734232,0.5263114502451243,0.4927751266542308,0.6714768542771875,0.5275702076274037,0.4934764394541037,0.6703909046734232,0.5263114502451243,0.4927751266542308,0.0010859496037642,0.0012587573822794,0.0007013127998729,0.0,0.0,0.0
314,0.6604018109637929,0.5227522184874106,0.4890079340768844,0.6616907938448093,0.5245093088992536,0.4898718296848414,0.6604018109637929,0.5227522184874106,0.4890079340768844,0.0012889828810164,0.001757090411843,0.0008638956079569,0.0,0.0,0.0
315,0.6614717314633833,0.5218729365373459,0.4875338945264438,0.6617795775724697,0.5237392831583663,0.4883751794402665,0.6614717314633833,0.5218729365373459,0.4875338945264438,0.0003078461090864,0.0018663466210203,0.0008412849138226,0.0,0.0,0.0
316,0.6528507787797587,0.5169875760538136,0.4783978992137891,0.6544828704350544,0.5183072085011445,0.4795690607425974,0.6528507787797587,0.5169875760538136,0.4783978992137891,0.0016320916552956,0.0013196324473309,0.0011711615288083,0.0,0.0,0.0
317,0.6682855641861354,0.5263106959598338,0.4907825400769902,0.669156774489675,0.5278703224851642,0.4915721515990038,0.6682855641861354,0.5263106959598338,0.4907825400769902,0.0008712103035396,0.0015596265253303,0.0007896115220136,0.0,0.0,0.0
318,0.6834605110050137,0.5367912998411711,0.5077228357687048,0.6856404166756765,0.5394851299718205,0.5092703953269654,0.6834605110050137,0.5367912998411711,0.5077228357687048,0.0021799056706628,0.0026938301306493,0.0015475595582605,0.0,0.0,0.0
319,0.6482061918193492,0.5035637689269965,0.4764946496153223,0.6497360532659091,0.5044257853313731,0.4771755301621105,0.6482061918193492,0.5035637689269965,0.4764946496153223,0.0015298614465598,0.0008620164043765,0.0006808805467882,0.0,0.0,0.0
320,0.6468856142183699,0.5115446083701187,0.478543372828409,0.6483873123639324,0.513742070617317,0.479580464823977,0.6468856142183699,0.5115446083701187,0.478543372828409,0.0015016981455625,0.0021974622471983,0.0010370919955679,0.0,0.0,0.0
321,0.6697800310131142,0.5211311546032894,0.4923016957956278,0.670661157286659,0.5225957498935285,0.4930278150328648,0.6697800310131142,0.5211311546032894,0.4923016957956278,0.0008811262735447,0.0014645952902391,0.000726119237237,0.0,0.0,0.0
322,0.6621331455999332,0.5160594006408421,0.4858599430991582,0.6630003323482526,0.5169162375403411,0.4862650087425921,0.6621331455999332,0.5160594006408421,0.4858599430991582,0.0008671867483194,0.000856836899499,0.0004050656434338,0.0,0.0,0.0
323,0.6454684530331518,0.501693007671949,0.474339005045044,0.6465624500794135,0.503032057730823,0.474883196151984,0.6454684530331518,0.501693007671949,0.474339005045044,0.0010939970462616,0.001339050058874,0.0005441911069399,0.0,0.0,0.0
324,0.6723445836122032,0.5232902540942448,0.4927685773933405,0.6745043574630348,0.5261854873035858,0.4945435695230522,0.6723445836122032,0.5232902540942448,0.4927685773933405,0.0021597738508316,0.002895233209341,0.0017749921297116,0.0,0.0,0.0
325,0.6612445813709739,0.5199554382079672,0.4894869054933265,0.662814945765754,0.5213628713815638,0.4903241004660826,0.6612445813709739,0.5199554382079672,0.4894869054933265,0.00157036439478,0.0014074331735965,0.0008371949727561,0.0,0.0,0.0
326,0.6457588218670883,0.5001646210330294,0.4738848609674851,0.6471226145443932,0.5016926146230929,0.4748991003652436,0.6457588218670883,0.5001646210330294,0.4738848609674851,0.0013637926773049,0.0015279935900635,0.0010142393977584,0.0,0.0,0.0
327,0.6603937188538532,0.519237889958909,0.4871733328179789,0.6626333060513624,0.5222681973154268,0.4888925493863219,0.6603937188538532,0.519237889958909,0.4871733328179789,0.0022395871975091,0.0030303073565178,0.001719216568343,0.0,0.0,0.0
328,0.6651752456365786,0.5311550031871645,0.4979375701704621,0.6669161447545542,0.5325242733879911,0.4989985070926896,0.6651752456365786,0.5311550031871645,0.4979375701704621,0.0017408991179755,0.0013692702008266,0.0010609369222275,0.0,0.0,0.0
329,0.6463854390304262,0.5020492460860555,0.4714464337336463,0.6477312024418831,0.5034728161570406,0.4722643899840784,0.6463854390304262,0.5020492460860555,0.4714464337336463,0.0013457634114568,0.0014235700709851,0.000817956250432,0.0,0.0,0.0
330,0.6553771601506908,0.5122541697741938,0.4831423778016944,0.6569944089754544,0.5140394930463602,0.4845844343031055,0.6553771601506908,0.5122541697741938,0.4831423778016944,0.0016172488247635,0.0017853232721664,0.0014420565014111,0.0,0.0,0.0
331,0.681626995596454,0.529736979411221,0.5004983525034101,0.683254313574866,0.5317704065788513,0.5015523250203968,0.681626995596454,0.529736979411221,0.5004983525034101,0.0016273179784119,0.0020334271676303,0.0010539725169866,0.0,0.0,0.0
332,0.6452987470059721,0.5062067077821502,0.4766337758193254,0.6469512828011588,0.5080060185861835,0.4777486085968953,0.6452987470059721,0.5062067077821502,0.4766337758193254,0.0016525357951866,0.0017993108040333,0.0011148327775699,0.0,0.0,0.0
333,0.6728110130799314,0.5328913796061843,0.496370777065136,0.6750267764867457,0.5355658244087945,0.4983013372145987,0.6728110130799314,0.5328913796061843,0.496370777065136,0.0022157634068142,0.0026744448026102,0.0019305601494626,0.0,0.0,0.0
334,0.6745809452065948,0.5300452677281972,0.4980854502530276,0.6774437223339951,0.5324941673439639,0.4999425637121558,0.6745809452065948,0.5300452677281972,0.4980854502530276,0.0028627771274002,0.0024488996157667,0.0018571134591282,0.0,0.0,0.0
335,0.6683370213825899,0.5199017188888837,0.489954952936373,0.6692880349195061,0.521375706120816,0.4906137269501991,0.6683370213825899,0.5199017188888837,0.489954952936373,0.0009510135369161,0.0014739872319322,0.0006587740138261,0.0,0.0,0.0
336,0.6504273946014455,0.5078063749287979,0.4763509330666651,0.6532330201989746,0.5101628219459473,0.4781414137228111,0.6504273946014455,0.5078063749287979,0.4763509330666651,0.002805625597529,0.0023564470171494,0.001790480656146,0.0,0.0,0.0
337,0.6622373614090822,0.5168221260430321,0.4856721002661393,0.6637364639223053,0.5185066818149758,0.4865288831014928,0.6622373614090822,0.5168221260430321,0.4856721002661393,0.0014991025132231,0.0016845557719437,0.0008567828353534,0.0,0.0,0.0
338,0.6678729019984122,0.5304663046514558,0.4954069580953181,0.6694621190862879,0.5326195320396114,0.496548431721066,0.6678729019984122,0.5304663046514558,0.4954069580953181,0.0015892170878757,0.0021532273881555,0.0011414736257479,0.0,0.0,0.0
339,0.651361657680463,0.5116198714282307,0.4777769419334407,0.651953043348146,0.5122724311128215,0.4783870293994619,0.651361657680463,0.5116198714282307,0.4777769419334407,0.000591385667683,0.0006525596845907,0.0006100874660212,0.0,0.0,0.0
340,0.681411004762854,0.535418033239462,0.4979787563249059,0.6823945562731677,0.5373702864185279,0.4990009833702896,0.681411004762854,0.535418033239462,0.4979787563249059,0.0009835515103137,0.0019522531790658,0.0010222270453836,0.0,0.0,0.0
341,0.6628330022203043,0.5159851989514564,0.4858358185957877,0.6636553720377834,0.5176317314204814,0.4864220420650245,0.6628330022203043,0.5159851989514564,0.4858358185957877,0.000822369817479,0.0016465324690249,0.0005862234692367,0.0,0.0,0.0
342,0.6703517346680583,0.5365204361627767,0.5023486024702437,0.6722494251130359,0.5391181190605765,0.5040354414949036,0.6703517346680583,0.5365204361627767,0.5023486024702437,0.0018976904449775,0.0025976828977998,0.0016868390246599,0.0,0.0,0.0
343,0.6556091792244461,0.512796073123849,0.4814548405349678,0.6566239604011527,0.5141022649137121,0.4821376340789319,0.6556091792244461,0.512796073123849,0.4814548405349678,0.0010147811767066,0.0013061917898631,0.0006827935439641,0.0,0.0,0.0
344,0.6800558273497324,0.5316287057485528,0.502231686094522,0.6807309969303261,0.5327055980972208,0.5021747670857881,0.6800558273497324,0.5316287057485528,0.502231686094522,0.0006751695805937,0.001076892348668,-5.69190087338356e-05,0.0,0.0,0.0
345,0.6564479790146115,0.5167614256695292,0.482305057242444,0.6571537994654599,0.5178658877829976,0.483062789052154,0.6564479790146115,0.5167614256695292,0.482305057242444,0.0007058204508484,0.0011044621134683,0.00075773180971,0.0,0.0,0.0
346,0.6778197054725668,0.5232154525269703,0.4977513822183366,0.6787291228283293,0.5252711600250286,0.4988459914390558,0.6778197054725668,0.5232154525269703,0.4977513822183366,0.0009094173557625,0.0020557074980582,0.0010946092207192,0.0,0.0,0.0
347,0.6633178175835528,0.5269533229157102,0.4923007632712468,0.6644833018290149,0.5283280785512627,0.4927799231747923,0.6633178175835528,0.5269533229157102,0.4923007632712468,0.0011654842454621,0.0013747556355525,0.0004791599035455,0.0,0.0,0.0
348,0.6633987064035917,0.503901226861676,0.4787861363798307,0.6640524116599957,0.5047054730354205,0.4792796365777746,0.6633987064035917,0.503901226861676,0.4787861363798307,0.000653705256404,0.0008042461737444,0.0004935001979438,0.0,0.0,0.0
349,0.6645974020816523,0.5248974729330151,0.4916104850051084,0.6662535989405516,0.5268645350450256,0.4928374668469876,0.6645974020816523,0.5248974729330151,0.4916104850051084,0.0016561968588992,0.0019670621120104,0.0012269818418791,0.0,0.0,0.0
350,0.653182982883294,0.5121518036666693,0.482536571655383,0.6546231498442271,0.5142637580550977,0.4836671848996302,0.653182982883294,0.5121518036666693,0.482536571655383,0.001440166960933,0.0021119543884283,0.0011306132442471,0.0,0.0,0.0
351,0.6691883911522984,0.5310357592240071,0.4935398509555284,0.6695210503991411,0.5313669843965952,0.4936219123466651,0.6691883911522984,0.5310357592240071,0.4935398509555284,0.0003326592468426,0.0003312251725881,8.206139113664523e-05,0.0,0.0,0.0
352,0.6502690464706742,0.5176992897320393,0.483294763398013,0.6524617774506807,0.5202453657641044,0.4848730964095306,0.6502690464706742,0.5176992897320393,0.483294763398013,0.0021927309800064,0.0025460760320651,0.0015783330115176,0.0,0.0,0.0
353,0.6705156078209399,0.5285240070974518,0.4938143542944605,0.6704788162228479,0.5291634612273975,0.4937372320674722,0.6705156078209399,0.5285240070974518,0.4938143542944605,-3.679159809200083e-05,0.0006394541299457,-7.712222698830207e-05,0.0,0.0,0.0
354,0.6672050760432843,0.5194472253831998,0.4877700409805388,0.6687230666567421,0.5216546032155782,0.4891291281975661,0.6672050760432843,0.5194472253831998,0.4877700409805388,0.0015179906134578,0.0022073778323784,0.0013590872170273,0.0,0.0,0.0
355,0.6591346323415075,0.5149714524429797,0.4866197135558343,0.6601982527530533,0.5158567495926963,0.4870407532688063,0.6591346323415075,0.5149714524429797,0.4866197135558343,0.0010636204115458,0.0008852971497166,0.000421039712972,0.0,0.0,0.0
356,0.6629380650710115,0.5247652373258271,0.490322400779578,0.6640051429479786,0.5273606540305041,0.4913819227006336,0.6629380650710115,0.5247652373258271,0.490322400779578,0.0010670778769671,0.002595416704677,0.0010595219210555,0.0,0.0,0.0
357,0.6487816902793379,0.5041133842112411,0.4746731234773477,0.6499627385616542,0.5052697351146811,0.4755191175251254,0.6487816902793379,0.5041133842112411,0.4746731234773477,0.0011810482823163,0.00115635090344,0.0008459940477777,0.0,0.0,0.0
358,0.6611484615948744,0.5223831666239859,0.4919392716822031,0.662665467572843,0.5239158134112059,0.4932887409383774,0.6611484615948744,0.5223831666239859,0.4919392716822031,0.0015170059779685,0.0015326467872199,0.0013494692561742,0.0,0.0,0.0
359,0.6754078728642583,0.531814394173236,0.4979789540423709,0.677330190226028,0.5337409248913916,0.4989937716064288,0.6754078728642583,0.531814394173236,0.4979789540423709,0.0019223173617697,0.0019265307181556,0.0010148175640578,0.0,0.0,0.0
360,0.6663926021031616,0.5288448853201146,0.4936634483009627,0.6694077523441803,0.5315631547587307,0.4959692009328549,0.6663926021031616,0.5288448853201146,0.4936634483009627,0.0030151502410186,0.002718269438616,0.0023057526318921,0.0,0.0,0.0
361,0.669815316629757,0.5265938565293707,0.489559182811856,0.6708857972942625,0.5273307191709415,0.4900878405753476,0.669815316629757,0.5265938565293707,0.489559182811856,0.0010704806645054,0.0007368626415708,0.0005286577634916,0.0,0.0,0.0
362,0.6589220966992178,0.5189182468849909,0.4886639308029619,0.6600878195544091,0.5203984849558919,0.4896874632801594,0.6589220966992178,0.5189182468849909,0.4886639308029619,0.0011657228551913,0.001480238070901,0.0010235324771974,0.0,0.0,0.0
363,0.6771009434976115,0.5394367540657202,0.5041309988038959,0.6799656835789551,0.5422234438053926,0.5061661557660091,0.6771009434976115,0.5394367540657202,0.5041309988038959,0.0028647400813436,0.0027866897396723,0.0020351569621132,0.0,0.0,0.0
364,0.6545505683950141,0.5161914737651176,0.4868359350062335,0.6555818594817635,0.518230726960623,0.4876915260031126,0.6545505683950141,0.5161914737651176,0.4868359350062335,0.0010312910867493,0.0020392531955053,0.000855590996879,0.0,0.0,0.0
365,0.6638537166496381,0.5214222655485323,0.4913516680354489,0.6649912509739725,0.5228184827028788,0.4921151376948542,0.6638537166496381,0.5214222655485323,0.4913516680354489,0.0011375343243343,0.0013962171543464,0.0007634696594053,0.0,0.0,0.0
366,0.6629944673301982,0.5187219785867023,0.4855813531109813,0.6637436275930283,0.5196325146787687,0.4859346445357687,0.6629944673301982,0.5187219785867023,0.4855813531109813,0.0007491602628301,0.0009105360920663,0.0003532914247874,0.0,0.0,0.0
367,0.668529938809449,0.5245388829913441,0.494403685173852,0.6706696272091586,0.5266037813345121,0.4962311380596742,0.668529938809449,0.5245388829913441,0.494403685173852,0.0021396883997095,0.002064898343168,0.0018274528858222,0.0,0.0,0.0
368,0.6650971410657915,0.5253124822659678,0.4972771582049948,0.6660788589635558,0.5266617033033414,0.4977637395531381,0.6650971410657915,0.5253124822659678,0.4972771582049948,0.0009817178977642,0.0013492210373735,0.0004865813481432,0.0,0.0,0.0
369,0.6617105709675568,0.5202217017843576,0.4887538316524709,0.6639739792132546,0.52238898691997,0.4901217960593077,0.6617105709675568,0.5202217017843576,0.4887538316524709,0.0022634082456978,0.0021672851356124,0.0013679644068368,0.0,0.0,0.0
370,0.6537144201171061,0.5226612089122258,0.4895668040580881,0.6554161184869911,0.5245887260561598,0.4906264290753526,0.6537144201171061,0.5226612089122258,0.4895668040580881,0.0017016983698849,0.001927517143934,0.0010596250172644,0.0,0.0,0.0
371,0.675231027559255,0.5260001163316732,0.4971619309298297,0.6764340947754179,0.527129050269945,0.4976770170106445,0.675231027559255,0.5260001163316732,0.4971619309298297,0.0012030672161629,0.0011289339382718,0.0005150860808148,0.0,0.0,0.0
372,0.6600996004460489,0.5186008131609772,0.488936460199065,0.6621364944168268,0.5201092593710275,0.4899462964709995,0.6600996004460489,0.5186008131609772,0.488936460199065,0.0020368939707778,0.0015084462100503,0.0010098362719344,0.0,0.0,0.0
373,0.6504372448200106,0.5136898690964948,0.4810809517384611,0.6510700264816356,0.5154205115154129,0.4814324035102094,0.6504372448200106,0.5136898690964948,0.4810809517384611,0.0006327816616249,0.001730642418918,0.0003514517717482,0.0,0.0,0.0
374,0.6648991285934583,0.5292256025576033,0.4965862414851879,0.6668606764554651,0.5310989570064875,0.4976813229450976,0.6648991285934583,0.5292256025576033,0.4965862414851879,0.0019615478620067,0.0018733544488841,0.0010950814599097,0.0,0.0,0.0
375,0.6667813165986888,0.5236429317990868,0.4940578630103968,0.6689810741987245,0.5252845805040264,0.495155839391299,0.6667813165986888,0.5236429317990868,0.4940578630103968,0.0021997576000357,0.0016416487049395,0.0010979763809021,0.0,0.0,0.0
376,0.6649900943341576,0.5253404533281161,0.4953331790930354,0.6654795093115926,0.526476860469812,0.4956329941219161,0.6649900943341576,0.5253404533281161,0.4953331790930354,0.000489414977435,0.0011364071416959,0.0002998150288807,0.0,0.0,0.0
377,0.6700021272784332,0.5241174047826619,0.4924621808445842,0.6700194063578506,0.5251182353434393,0.4925362523854817,0.6700021272784332,0.5241174047826619,0.4924621808445842,1.7279079417398258e-05,0.0010008305607773,7.407154089750234e-05,0.0,0.0,0.0
378,0.6566900912230291,0.509165023384005,0.4805664893519216,0.657258301629435,0.5103995978669268,0.4808933445850952,0.6566900912230291,0.509165023384005,0.4805664893519216,0.0005682104064058,0.0012345744829217,0.0003268552331736,0.0,0.0,0.0
379,0.6755391077742818,0.5219973982079581,0.4954933936950342,0.6768121295403614,0.5230139306088313,0.4958547904857642,0.6755391077742818,0.5219973982079581,0.4954933936950342,0.0012730217660795,0.0010165324008731,0.00036139679073,0.0,0.0,0.0
380,0.6809177269429127,0.5385600165227848,0.5034810308881081,0.6824005646724159,0.5407122848675646,0.5045811812742369,0.6809177269429127,0.5385600165227848,0.5034810308881081,0.0014828377295031,0.0021522683447797,0.0011001503861287,0.0,0.0,0.0
381,0.6654468943294222,0.5176641544569851,0.4885715117276259,0.6658077774677006,0.5191616676341867,0.4893099996088777,0.6654468943294222,0.5176641544569851,0.4885715117276259,0.0003608831382784,0.0014975131772015,0.0007384878812518,0.0,0.0,0.0
382,0.6753356112294638,0.5436870068081843,0.5041591346354676,0.6770647340323833,0.5454609371914467,0.5052994247599657,0.6753356112294638,0.5436870068081843,0.5041591346354676,0.0017291228029194,0.0017739303832624,0.0011402901244981,0.0,0.0,0.0
383,0.6658456572053609,0.5312867085939782,0.4958057169304591,0.6670845060236636,0.5327714476546821,0.4962920208468194,0.6658456572053609,0.5312867085939782,0.4958057169304591,0.0012388488183027,0.0014847390607038,0.0004863039163602,0.0,0.0,0.0
384,0.6650874252837793,0.5148016587533786,0.4860682652147193,0.6662642594711019,0.5160166594902227,0.4865803157108344,0.6650874252837793,0.5148016587533786,0.4860682652147193,0.0011768341873226,0.0012150007368441,0.000512050496115,0.0,0.0,0.0
385,0.6529422186233219,0.5139909810350792,0.4827774895127087,0.6531905205195969,0.5151042349617843,0.4827908825134177,0.6529422186233219,0.5139909810350792,0.4827774895127087,0.000248301896275,0.001113253926705,1.33930007089611e-05,0.0,0.0,0.0
386,0.6690694620170903,0.5237698699987821,0.4939075212362251,0.6701059976902755,0.5262010005877993,0.4954746718739292,0.6690694620170903,0.5237698699987821,0.4939075212362251,0.0010365356731851,0.0024311305890172,0.0015671506377041,0.0,0.0,0.0
387,0.6661337198942153,0.5250924354751065,0.4936081920081808,0.6685740846296145,0.5270950498567695,0.4952547274411695,0.6661337198942153,0.5250924354751065,0.4936081920081808,0.0024403647353992,0.0020026143816629,0.0016465354329887,0.0,0.0,0.0
388,0.6536636538547934,0.5122702682733147,0.4825443908955827,0.6546152811268413,0.5135737685936087,0.4830719862268173,0.6536636538547934,0.5122702682733147,0.4825443908955827,0.0009516272720478,0.001303500320294,0.0005275953312345,0.0,0.0,0.0
389,0.6707511540488342,0.5361839008571097,0.5014535100366133,0.6722613513424861,0.5375563713023332,0.5022096043843991,0.6707511540488342,0.5361839008571097,0.5014535100366133,0.0015101972936518,0.0013724704452235,0.0007560943477857,0.0,0.0,0.0
390,0.6702087721372318,0.5207982252359517,0.4941921829757899,0.6702484652922771,0.5214873172668976,0.4942065103276925,0.6702087721372318,0.5207982252359517,0.4941921829757899,3.969315504526172e-05,0.0006890920309459,1.4327351902598815e-05,0.0,0.0,0.0
391,0.6561762378060443,0.5128007151800844,0.4844560858660504,0.6578307230506864,0.5143215928934174,0.4856565864872711,0.6561762378060443,0.5128007151800844,0.4844560858660504,0.001654485244642,0.0015208777133329,0.0012005006212207,0.0,0.0,0.0
392,0.6524474799934618,0.5143548548583377,0.4788733413448037,0.6528136863378855,0.5151696616007936,0.4791630604326605,0.6524474799934618,0.5143548548583377,0.4788733413448037,0.0003662063444237,0.0008148067424559,0.0002897190878567,0.0,0.0,0.0
393,0.6640621894545492,0.521841021057541,0.4897448366704605,0.6644776022978244,0.522974630472189,0.4903463665206631,0.6640621894545492,0.521841021057541,0.4897448366704605,0.0004154128432751,0.0011336094146479,0.0006015298502026,0.0,0.0,0.0
394,0.6647129229612557,0.5273492669187767,0.4928948148072808,0.6665176243334887,0.529175430234123,0.4941480788276896,0.6647129229612557,0.5273492669187767,0.4928948148072808,0.0018047013722329,0.0018261633153462,0.0012532640204088,0.0,0.0,0.0
395,0.653946202265325,0.5131033157602692,0.4855014792567985,0.6549135112972276,0.5150623546672302,0.4866491299339765,0.653946202265325,0.5131033157602692,0.4855014792567985,0.0009673090319026,0.0019590389069609,0.0011476506771779,0.0,0.0,0.0
396,0.6604448332984542,0.516649349248875,0.4864565354736018,0.6623191303176837,0.5184215761675055,0.4877599219750544,0.6604448332984542,0.516649349248875,0.4864565354736018,0.0018742970192295,0.0017722269186305,0.0013033865014526,0.0,0.0,0.0
397,0.6550956735288338,0.5105934299443013,0.481351475244604,0.6560624573202415,0.5114247254308506,0.4818249548618188,0.6550956735288338,0.5105934299443013,0.481351475244604,0.0009667837914076,0.0008312954865492,0.0004734796172147,0.0,0.0,0.0
398,0.657024161532205,0.5149599809568454,0.483423906798275,0.6579713386337827,0.5161961486662141,0.4841856084533195,0.657024161532205,0.5149599809568454,0.483423906798275,0.0009471771015776,0.0012361677093687,0.0007617016550445,0.0,0.0,0.0
399,0.6686423455342888,0.5291952041933866,0.4965021082970334,0.6699750519857317,0.5314277515565002,0.497606982250322,0.6686423455342888,0.5291952041933866,0.4965021082970334,0.0013327064514429,0.0022325473631136,0.0011048739532885,0.0,0.0,0.0
400,0.6608134156019511,0.5235212136912234,0.4918351804440278,0.6612900860147296,0.5247341546993587,0.4921411608163309,0.6608134156019511,0.5235212136912234,0.4918351804440278,0.0004766704127785,0.0012129410081352,0.000305980372303,0.0,0.0,0.0
401,0.6538561721267635,0.509678244239221,0.4810253995534239,0.6547161494424536,0.5109058258824586,0.4814955633059875,0.6538561721267635,0.509678244239221,0.4810253995534239,0.00085997731569,0.0012275816432375,0.0004701637525635,0.0,0.0,0.0
402,0.651035546423243,0.5087680075476231,0.477545594313738,0.652149911602117,0.5109038750519674,0.4788515046938135,0.651035546423243,0.5087680075476231,0.477545594313738,0.0011143651788739,0.0021358675043443,0.0013059103800755,0.0,0.0,0.0
403,0.6679536921215206,0.5242703140697198,0.49243237574225,0.6695286473235507,0.526844414794816,0.4938746666183924,0.6679536921215206,0.5242703140697198,0.49243237574225,0.0015749552020301,0.0025741007250962,0.0014422908761423,0.0,0.0,0.0
404,0.6554128313011346,0.513990358323306,0.4830823209470999,0.6565040387790797,0.5154051217365568,0.4840250989138067,0.6554128313011346,0.513990358323306,0.4830823209470999,0.0010912074779451,0.0014147634132508,0.0009427779667067,0.0,0.0,0.0
405,0.663070666823014,0.5252577951561769,0.4914702780910841,0.6640894894834956,0.5264695991563417,0.4920425722364764,0.663070666823014,0.5252577951561769,0.4914702780910841,0.0010188226604815,0.0012118040001648,0.0005722941453922,0.0,0.0,0.0
406,0.6602826995660596,0.5181505570581175,0.4894597591130114,0.6602050198270091,0.5188591917212667,0.489765523826024,0.6602826995660596,0.5181505570581175,0.4894597591130114,-7.767973905048464e-05,0.0007086346631491,0.0003057647130126,0.0,0.0,0.0
407,0.6667218255412587,0.5227969965715921,0.4889544465098056,0.6670905325089515,0.5241641384628167,0.4894499046114286,0.6667218255412587,0.5227969965715921,0.4889544465098056,0.0003687069676927,0.0013671418912246,0.000495458101623,0.0,0.0,0.0
408,0.6748668693371325,0.5285964845163765,0.4967886344450226,0.6757037324515479,0.5294900114457507,0.4969450972141259,0.6748668693371325,0.5285964845163765,0.4967886344450226,0.0008368631144154,0.0008935269293741,0.0001564627691033,0.0,0.0,0.0
409,0.6594542730406647,0.5197716681403163,0.4894625400609078,0.6607720284495571,0.5213171460521988,0.4901866417821875,0.6594542730406647,0.5197716681403163,0.4894625400609078,0.0013177554088923,0.0015454779118825,0.0007241017212797,0.0,0.0,0.0
410,0.6813870295378432,0.5279859269058613,0.4981598366489102,0.6826079527876545,0.5302739776821117,0.4993480391027279,0.6813870295378432,0.5279859269058613,0.4981598366489102,0.0012209232498112,0.0022880507762503,0.0011882024538177,0.0,0.0,0.0
411,0.6576139829512251,0.5228553226010905,0.4872951959346657,0.6592336098521696,0.5246669171907377,0.4882666223815119,0.6576139829512251,0.5228553226010905,0.4872951959346657,0.0016196269009445,0.0018115945896471,0.0009714264468462,0.0,0.0,0.0
412,0.6589560126683621,0.5191527582053671,0.4866379571374678,0.6602021387424217,0.5225856525073274,0.4883942661263095,0.6589560126683621,0.5191527582053671,0.4866379571374678,0.0012461260740596,0.0034328943019602,0.0017563089888417,0.0,0.0,0.0
413,0.6546852199735278,0.5188346191081353,0.4846073539863317,0.6565211246438445,0.520537787018205,0.485767949697352,0.6546852199735278,0.5188346191081353,0.4846073539863317,0.0018359046703166,0.0017031679100696,0.0011605957110203,0.0,0.0,0.0
414,0.6587941677965603,0.5125237015387138,0.4856950328699929,0.6602054660649973,0.5143552660877933,0.4864413925121746,0.6587941677965603,0.5125237015387138,0.4856950328699929,0.001411298268437,0.0018315645490794,0.0007463596421817,0.0,0.0,0.0
415,0.658381444395914,0.51618848101937,0.4864260268661729,0.6597806971976293,0.5178423648335436,0.4872989225683789,0.658381444395914,0.51618848101937,0.4864260268661729,0.0013992528017153,0.0016538838141736,0.000872895702206,0.0,0.0,0.0
416,0.6644823017664345,0.5234885035096404,0.4919961399634549,0.6670798442808495,0.5259261878338202,0.4936518520476577,0.6644823017664345,0.5234885035096404,0.4919961399634549,0.002597542514415,0.0024376843241797,0.0016557120842028,0.0,0.0,0.0
417,0.6550482103536199,0.5208868657817941,0.4850232231550352,0.6558420796608673,0.5231766079291115,0.4860561342872644,0.6550482103536199,0.5208868657817941,0.4850232231550352,0.0007938693072473,0.0022897421473173,0.0010329111322292,0.0,0.0,0.0
418,0.6664728566754984,0.5339755142360201,0.4943462971984877,0.6680922147472873,0.5361059175016406,0.495871468535699,0.6664728566754984,0.5339755142360201,0.4943462971984877,0.0016193580717889,0.0021304032656205,0.0015251713372112,0.0,0.0,0.0
419,0.6580205629487506,0.5190395371520584,0.4854870183368723,0.6595855796656156,0.5204886466061897,0.4866288921517225,0.6580205629487506,0.5190395371520584,0.4854870183368723,0.001565016716865,0.0014491094541312,0.0011418738148502,0.0,0.0,0.0
420,0.652529450310233,0.5076816989648049,0.480595204550407,0.6529303049382952,0.50832619836342,0.4807248448249379,0.652529450310233,0.5076816989648049,0.480595204550407,0.0004008546280621,0.0006444993986151,0.0001296402745308,0.0,0.0,0.0
421,0.6772873993026038,0.529648318776871,0.4982628278638253,0.6784954438404023,0.5316749315617566,0.4989659471070623,0.6772873993026038,0.529648318776871,0.4982628278638253,0.0012080445377984,0.0020266127848855,0.0007031192432369,0.0,0.0,0.0
422,0.6565489381892744,0.5100421205716645,0.4820009342363597,0.6586230457121126,0.5117899836614479,0.4831813351724541,0.6565489381892744,0.5100421205716645,0.4820009342363597,0.0020741075228382,0.0017478630897833,0.0011804009360943,0.0,0.0,0.0
423,0.6732810606286816,0.5295114911473295,0.4984363126175944,0.6746000404566443,0.5315186170981391,0.4996661809095956,0.6732810606286816,0.5295114911473295,0.4984363126175944,0.0013189798279626,0.0020071259508095,0.0012298682920011,0.0,0.0,0.0
424,0.6609761660139577,0.5249316658075083,0.4905916219321329,0.6619294639481109,0.5264585238280469,0.4913504389203653,0.6609761660139577,0.5249316658075083,0.4905916219321329,0.0009532979341532,0.0015268580205386,0.0007588169882323,0.0,0.0,0.0
425,0.6528082838539174,0.4991404305990752,0.4718408526840627,0.6548256103198968,0.50127459438942,0.4732180904330821,0.6528082838539174,0.4991404305990752,0.4718408526840627,0.0020173264659794,0.0021341637903448,0.0013772377490194,0.0,0.0,0.0
426,0.644388035825697,0.5054732430840074,0.477329038196879,0.645521174604825,0.5071503944195798,0.4781610694930377,0.644388035825697,0.5054732430840074,0.477329038196879,0.001133138779128,0.0016771513355723,0.0008320312961587,0.0,0.0,0.0
427,0.6561818226223265,0.5232675506605023,0.4881815398861973,0.6566610591275588,0.5246454109794432,0.4886178224586018,0.6561818226223265,0.5232675506605023,0.4881815398861973,0.0004792365052322,0.0013778603189408,0.0004362825724045,0.0,0.0,0.0
428,0.6612235113567725,0.5237977189733807,0.491267006754404,0.6620089364690629,0.5248121321486948,0.4915001093555197,0.6612235113567725,0.5237977189733807,0.491267006754404,0.0007854251122904,0.0010144131753141,0.0002331026011156,0.0,0.0,0.0
429,0.6679723797277556,0.5207140789250077,0.4899549914067695,0.6696560825991967,0.522215300585138,0.4909721607602773,0.6679723797277556,0.5207140789250077,0.4899549914067695,0.0016837028714411,0.0015012216601303,0.0010171693535077,0.0,0.0,0.0
430,0.6524967553421157,0.5176486024784893,0.4817491103239477,0.6545650943054132,0.5198811012500932,0.4834207045185009,0.6524967553421157,0.5176486024784893,0.4817491103239477,0.0020683389632975,0.0022324987716039,0.0016715941945532,0.0,0.0,0.0
431,0.653967447144407,0.5133627354493473,0.4824872237240521,0.6553030962774781,0.5156336262594405,0.4836092818432365,0.653967447144407,0.5133627354493473,0.4824872237240521,0.001335649133071,0.0022708908100932,0.0011220581191843,0.0,0.0,0.0
432,0.666813507090655,0.531109058674726,0.4951239029860675,0.6675759289977203,0.5323609067180658,0.495598888324133,0.666813507090655,0.531109058674726,0.4951239029860675,0.0007624219070653,0.0012518480433397,0.0004749853380654,0.0,0.0,0.0
433,0.6644170101519581,0.5266019475645105,0.489115812257291,0.6650724482835716,0.5286040377863686,0.4899404681044931,0.6644170101519581,0.5266019475645105,0.489115812257291,0.0006554381316135,0.002002090221858,0.000824655847202,0.0,0.0,0.0
434,0.6722025934107474,0.5285980395061645,0.4951360490388031,0.6744443310318871,0.5308151865263536,0.4966078904714331,0.6722025934107474,0.5285980395061645,0.4951360490388031,0.0022417376211396,0.0022171470201891,0.00147184143263,0.0,0.0,0.0
435,0.6631574085522909,0.5235258799924685,0.4878736999716025,0.6657132351024609,0.5253837762721877,0.4897538089302384,0.6631574085522909,0.5235258799924685,0.4878736999716025,0.00255582655017,0.0018578962797192,0.0018801089586358,0.0,0.0,0.0
436,0.6639620579787,0.530992668689074,0.4919468490134164,0.6651923818088172,0.5324711534344932,0.4928539965289243,0.6639620579787,0.530992668689074,0.4919468490134164,0.0012303238301172,0.0014784847454192,0.0009071475155078,0.0,0.0,0.0
437,0.6621971091428815,0.5270828315453122,0.4880583801475546,0.6636188643272947,0.5281070693049136,0.4886106411643539,0.6621971091428815,0.5270828315453122,0.4880583801475546,0.0014217551844131,0.0010242377596013,0.0005522610167992,0.0,0.0,0.0
438,0.6657054085663627,0.524314174363885,0.4920066111941762,0.6683489924476328,0.5271976941381501,0.4940049691689876,0.6657054085663627,0.524314174363885,0.4920066111941762,0.00264358388127,0.002883519774265,0.0019983579748114,0.0,0.0,0.0
439,0.6567941644116714,0.5161506504582866,0.4868301557587557,0.6582726415539012,0.518304724194725,0.48795930706777,0.6567941644116714,0.5161506504582866,0.4868301557587557,0.0014784771422298,0.0021540737364383,0.0011291513090143,0.0,0.0,0.0
440,0.6809684147599213,0.534695764394862,0.504244338549099,0.681341470518078,0.5357777705724539,0.504638079233043,0.6809684147599213,0.534695764394862,0.504244338549099,0.0003730557581567,0.0010820061775919,0.000393740683944,0.0,0.0,0.0
441,0.668389744328947,0.5247406539997226,0.4914031995945282,0.6692469741455732,0.5265510755986369,0.4923621424631652,0.668389744328947,0.5247406539997226,0.4914031995945282,0.0008572298166261,0.0018104215989143,0.000958942868637,0.0,0.0,0.0
442,0.6658781126226562,0.5280418762034957,0.4958191439360756,0.6683455969789334,0.5302975268946597,0.4975609470515749,0.6658781126226562,0.5280418762034957,0.4958191439360756,0.0024674843562771,0.0022556506911639,0.0017418031154993,0.0,0.0,0.0
443,0.6643951825292683,0.5131034180286118,0.4878280094137445,0.66553562421206,0.515264387576209,0.4888770139863764,0.6643951825292683,0.5131034180286118,0.4878280094137445,0.0011404416827917,0.0021609695475971,0.0010490045726318,0.0,0.0,0.0
444,0.6708758006663886,0.5304918446639079,0.4988192269787302,0.6724407593139111,0.5318008361540966,0.499834144115885,0.6708758006663886,0.5304918446639079,0.4988192269787302,0.0015649586475224,0.0013089914901887,0.0010149171371547,0.0,0.0,0.0
445,0.6724647190562378,0.5208912238721256,0.4926982828877456,0.6735837815615989,0.5232502435207081,0.4938400979745686,0.6724647190562378,0.5208912238721256,0.4926982828877456,0.001119062505361,0.0023590196485825,0.0011418150868229,0.0,0.0,0.0
446,0.6713307039662451,0.5310454454038332,0.4968224210357167,0.6721047039950638,0.5328048986141528,0.4975980613862254,0.6713307039662451,0.5310454454038332,0.4968224210357167,0.0007740000288187,0.0017594532103195,0.0007756403505086,0.0,0.0,0.0
447,0.6514781717338198,0.5136635994457331,0.4815571713388989,0.6526719021500755,0.5155698005865836,0.482641922929075,0.6514781717338198,0.5136635994457331,0.4815571713388989,0.0011937304162557,0.0019062011408504,0.0010847515901761,0.0,0.0,0.0
448,0.6682036123442205,0.5295435451557011,0.4963749388317405,0.6689844873871613,0.5311385521328406,0.4971809239941933,0.6682036123442205,0.5295435451557011,0.4963749388317405,0.0007808750429407,0.0015950069771394,0.0008059851624527,0.0,0.0,0.0
449,0.6552745667932103,0.5144316011741834,0.4829151078618595,0.6549514859955138,0.5154787459748168,0.4832070470041756,0.6552745667932103,0.5144316011741834,0.4829151078618595,-0.0003230807976964,0.0010471448006333,0.0002919391423161,0.0,0.0,0.0
450,0.6614592510693857,0.5179821852935742,0.4856171793140879,0.6628751345784731,0.5202753390518323,0.4869324972917513,0.6614592510693857,0.5179821852935742,0.4856171793140879,0.0014158835090873,0.0022931537582581,0.0013153179776634,0.0,0.0,0.0
451,0.6611288442689739,0.5239581161182085,0.4919716266521502,0.6617198784046276,0.5261754795742553,0.4927752339463019,0.6611288442689739,0.5239581161182085,0.4919716266521502,0.0005910341356537,0.0022173634560467,0.0008036072941517,0.0,0.0,0.0
452,0.6613796583903842,0.5216709778477868,0.4915987884147498,0.6627062329722835,0.5234869296643176,0.4925533063172155,0.6613796583903842,0.5216709778477868,0.4915987884147498,0.0013265745818993,0.0018159518165308,0.0009545179024657,0.0,0.0,0.0
453,0.6603214136528694,0.5169722483085378,0.4843402646302687,0.6631269138123668,0.5193211455127542,0.4862549351463233,0.6603214136528694,0.5169722483085378,0.4843402646302687,0.0028055001594973,0.0023488972042163,0.0019146705160546,0.0,0.0,0.0
454,0.6606171075359771,0.521815798860043,0.4887551646199339,0.6625746254752167,0.5236177233389993,0.4898884406014403,0.6606171075359771,0.521815798860043,0.4887551646199339,0.0019575179392395,0.0018019244789562,0.0011332759815063,0.0,0.0,0.0
455,0.6443443465003706,0.5042376674194424,0.4748953652111588,0.6462559441000779,0.5063980778709557,0.4761925388264788,0.6443443465003706,0.5042376674194424,0.4748953652111588,0.0019115975997072,0.0021604104515132,0.00129717361532,0.0,0.0,0.0
456,0.6619298214469699,0.5188735469054322,0.4886902975478907,0.6628177243015908,0.520468774938211,0.4892224498241105,0.6619298214469699,0.5188735469054322,0.4886902975478907,0.0008879028546209,0.0015952280327787,0.0005321522762198,0.0,0.0,0.0
457,0.6580964105746244,0.5191858171437387,0.4851528731132019,0.6600249114792008,0.5208618680995148,0.4860260955047629,0.6580964105746244,0.5191858171437387,0.4851528731132019,0.0019285009045764,0.0016760509557761,0.000873222391561,0.0,0.0,0.0
458,0.6485412291532379,0.5095621637905071,0.4767951661105145,0.6493363301882532,0.5110840337856025,0.4777238053576013,0.6485412291532379,0.5095621637905071,0.4767951661105145,0.0007951010350153,0.0015218699950954,0.0009286392470868,0.0,0.0,0.0
459,0.6594696120773631,0.5166625467968446,0.4860098173425947,0.6619315415927074,0.519706081313638,0.4877959717281016,0.6594696120773631,0.5166625467968446,0.4860098173425947,0.0024619295153442,0.0030435345167934,0.0017861543855068,0.0,0.0,0.0
460,0.6790485918835845,0.5318844149218073,0.4987416788316885,0.6797769905924211,0.5330416121477883,0.4989925631776897,0.6790485918835845,0.5318844149218073,0.4987416788316885,0.0007283987088366,0.001157197225981,0.0002508843460011,0.0,0.0,0.0
461,0.664666669858309,0.5246622573349067,0.4943089196328787,0.6671734460223455,0.5275693427881565,0.4964878943995959,0.664666669858309,0.5246622573349067,0.4943089196328787,0.0025067761640364,0.0029070854532498,0.0021789747667171,0.0,0.0,0.0
462,0.648641002437118,0.5098291698303442,0.4773694639607683,0.6499087779315109,0.5106692841653627,0.4777680021808664,0.648641002437118,0.5098291698303442,0.4773694639607683,0.0012677754943929,0.0008401143350185,0.0003985382200981,0.0,0.0,0.0
463,0.6674667372895118,0.5224605519584993,0.490074383971376,0.6680451754935062,0.5239414451475286,0.4906835200046112,0.6674667372895118,0.5224605519584993,0.490074383971376,0.0005784382039943,0.0014808931890293,0.0006091360332352,0.0,0.0,0.0
464,0.6701349602382212,0.5295429247703717,0.4970316450318003,0.6710663436202033,0.5319633545502864,0.4982002613437141,0.6701349602382212,0.5295429247703717,0.4970316450318003,0.0009313833819821,0.0024204297799147,0.0011686163119138,0.0,0.0,0.0
465,0.6763762688364678,0.5292873745423758,0.5022451354639156,0.6770577498639538,0.5307413825513538,0.5028770991518121,0.6763762688364678,0.5292873745423758,0.5022451354639156,0.0006814810274859,0.0014540080089779,0.0006319636878965,0.0,0.0,0.0
466,0.6508443705595717,0.5156352808605142,0.4821839333221961,0.6523758319814187,0.5170613605988188,0.4830457802291589,0.6508443705595717,0.5156352808605142,0.4821839333221961,0.001531461421847,0.0014260797383045,0.0008618469069627,0.0,0.0,0.0
467,0.6664274313311533,0.5195287797689802,0.4893013240042421,0.6686515099810713,0.5215718672362126,0.4905183502168849,0.6664274313311533,0.5195287797689802,0.4893013240042421,0.0022240786499179,0.0020430874672324,0.0012170262126428,0.0,0.0,0.0
468,0.6491257845481264,0.5061641048021608,0.4756482622336985,0.6503499994778024,0.508375376375907,0.4769260269940488,0.6491257845481264,0.5061641048021608,0.4756482622336985,0.0012242149296759,0.0022112715737462,0.0012777647603502,0.0,0.0,0.0
469,0.6539117393039475,0.514720847821552,0.4823601572016905,0.6550984588995286,0.5158436090664449,0.48316897098796,0.6539117393039475,0.514720847821552,0.4823601572016905,0.001186719595581,0.0011227612448928,0.0008088137862695,0.0,0.0,0.0
470,0.6667211467662781,0.5201621067324095,0.4889148863352088,0.667990254657122,0.5220333132365701,0.4898279513757048,0.6667211467662781,0.5201621067324095,0.4889148863352088,0.0012691078908438,0.0018712065041606,0.0009130650404959,0.0,0.0,0.0
471,0.6586534998534697,0.5127119194939624,0.4878253001070459,0.660723618996787,0.5147543317278043,0.4892707180713097,0.6586534998534697,0.5127119194939624,0.4878253001070459,0.0020701191433173,0.0020424122338418,0.0014454179642637,0.0,0.0,0.0
472,0.6568973313400239,0.5123409684341406,0.481375067020706,0.659389061289873,0.5154925667291812,0.483378373787773,0.6568973313400239,0.5123409684341406,0.481375067020706,0.002491729949849,0.0031515982950406,0.0020033067670669,0.0,0.0,0.0
473,0.6675562235264165,0.5231194635739951,0.4890629194725076,0.6691871506761958,0.5245891278738584,0.4899069483626322,0.6675562235264165,0.5231194635739951,0.4890629194725076,0.0016309271497793,0.0014696642998632,0.0008440288901246,0.0,0.0,0.0
474,0.6691433556097993,0.5315527690433706,0.4991674525653616,0.6705789844318519,0.5330488521644243,0.4998107867453005,0.6691433556097993,0.5315527690433706,0.4991674525653616,0.0014356288220526,0.0014960831210537,0.0006433341799388,0.0,0.0,0.0
475,0.6627368881647504,0.5243755693328129,0.4897828156238137,0.6645185742380877,0.5258869850428363,0.4908901225979069,0.6627368881647504,0.5243755693328129,0.4897828156238137,0.0017816860733372,0.0015114157100233,0.0011073069740931,0.0,0.0,0.0
476,0.6687298111709714,0.5227198007506543,0.4921399819262422,0.6692447645857722,0.5242299118674756,0.4926651836368846,0.6687298111709714,0.5227198007506543,0.4921399819262422,0.0005149534148007,0.0015101111168213,0.0005252017106424,0.0,0.0,0.0
477,0.6626622986416257,0.5174499016356375,0.4877127637769612,0.6640049224221589,0.5190595930414263,0.488804012264343,0.6626622986416257,0.5174499016356375,0.4877127637769612,0.0013426237805331,0.0016096914057888,0.0010912484873817,0.0,0.0,0.0
478,0.6629657997901899,0.5231199205352258,0.4909951993293496,0.6635694750361724,0.5247202386644358,0.4916319293575839,0.6629657997901899,0.5231199205352258,0.4909951993293496,0.0006036752459824,0.00160031812921,0.0006367300282342,0.0,0.0,0.0
479,0.6617132593434503,0.5226299114709793,0.487395730301234,0.6628796880566815,0.5240664918139534,0.4876948148159802,0.6617132593434503,0.5226299114709793,0.487395730301234,0.0011664287132312,0.0014365803429741,0.0002990845147461,0.0,0.0,0.0
480,0.6584547845213227,0.5202696987888291,0.48543532584963,0.659852592338277,0.5213640528263882,0.4859384478826739,0.6584547845213227,0.5202696987888291,0.48543532584963,0.0013978078169543,0.001094354037559,0.0005031220330438,0.0,0.0,0.0
481,0.6511061745207708,0.5105334601292906,0.4791963611247352,0.6512129544686533,0.511208479747937,0.4792969356788948,0.6511061745207708,0.5105334601292906,0.4791963611247352,0.0001067799478825,0.0006750196186464,0.0001005745541596,0.0,0.0,0.0
482,0.6739758066194323,0.52836788726099,0.4984678622668499,0.6753608690547148,0.5303315601991866,0.4997529252877346,0.6739758066194323,0.52836788726099,0.4984678622668499,0.0013850624352824,0.0019636729381965,0.0012850630208846,0.0,0.0,0.0
483,0.6600490005810011,0.5193006112395219,0.4873261539015429,0.6616333838924441,0.5219129829803365,0.4888077498516451,0.6600490005810011,0.5193006112395219,0.4873261539015429,0.0015843833114429,0.0026123717408146,0.0014815959501022,0.0,0.0,0.0
484,0.6734900447582197,0.5417328405030677,0.5037687207983282,0.6746164631459783,0.5431803616254843,0.50445886275862,0.6734900447582197,0.5417328405030677,0.5037687207983282,0.0011264183877586,0.0014475211224166,0.0006901419602917,0.0,0.0,0.0
485,0.6595292397371632,0.5140193424380236,0.4847119888464258,0.6613858794232692,0.5157837641831509,0.4860610517031669,0.6595292397371632,0.5140193424380236,0.4847119888464258,0.001856639686106,0.0017644217451272,0.0013490628567411,0.0,0.0,0.0
486,0.6764962797225001,0.5270521905893697,0.4950329068782609,0.6782934409665577,0.5290679037998586,0.4964053132835741,0.6764962797225001,0.5270521905893697,0.4950329068782609,0.0017971612440575,0.0020157132104888,0.0013724064053131,0.0,0.0,0.0
487,0.6671186148955034,0.515846222888404,0.4864179388195405,0.6693083904432837,0.518745448677959,0.4881081234143897,0.6671186148955034,0.515846222888404,0.4864179388195405,0.0021897755477803,0.002899225789555,0.0016901845948492,0.0,0.0,0.0
488,0.6656219244155797,0.5250090291761056,0.4912138178040276,0.6664842093073251,0.5266926376815431,0.4917784882227493,0.6656219244155797,0.5250090291761056,0.4912138178040276,0.0008622848917454,0.0016836085054374,0.0005646704187216,0.0,0.0,0.0
489,0.6688169150966627,0.5302024360269018,0.499667091935159,0.6708859233630131,0.5315843506424688,0.5007341487843532,0.6688169150966627,0.5302024360269018,0.499667091935159,0.0020690082663503,0.001381914615567,0.0010670568491941,0.0,0.0,0.0
490,0.6659820279481987,0.5279223665430075,0.4952961143176561,0.6681040121450887,0.5304889317654042,0.4971720770695128,0.6659820279481987,0.5279223665430075,0.4952961143176561,0.00212198419689,0.0025665652223967,0.0018759627518566,0.0,0.0,0.0
491,0.65028406873192,0.5081974680867465,0.476107138120021,0.6500042197859067,0.5086213103265437,0.4762098522539221,0.65028406873192,0.5081974680867465,0.476107138120021,-0.0002798489460132,0.0004238422397971,0.000102714133901,0.0,0.0,0.0
492,0.6555532118258028,0.5115278641712169,0.4812048150758737,0.6561257101168837,0.5125667143964072,0.4814066839463561,0.6555532118258028,0.5115278641712169,0.4812048150758737,0.0005724982910808,0.0010388502251903,0.0002018688704823,0.0,0.0,0.0
493,0.6608216729349681,0.5193239709880408,0.4822696127272759,0.6619961261815153,0.5207132449404833,0.4829406243808144,0.6608216729349681,0.5193239709880408,0.4822696127272759,0.0011744532465471,0.0013892739524424,0.0006710116535385,0.0,0.0,0.0
494,0.6747079883107767,0.5374384683664398,0.4989073866468207,0.6762332913484979,0.5385235026732864,0.4997061591727475,0.6747079883107767,0.5374384683664398,0.4989073866468207,0.0015253030377211,0.0010850343068465,0.0007987725259267,0.0,0.0,0.0
495,0.6590404161994661,0.5148036318805376,0.4876757203423216,0.6609601602489128,0.5167647055738543,0.4887323615836126,0.6590404161994661,0.5148036318805376,0.4876757203423216,0.0019197440494467,0.0019610736933167,0.001056641241291,0.0,0.0,0.0
496,0.6644394562129421,0.529576957958739,0.4946694831873242,0.6658379657152654,0.5320786262891006,0.4963670496107101,0.6644394562129421,0.529576957958739,0.4946694831873242,0.0013985095023233,0.0025016683303615,0.0016975664233858,0.0,0.0,0.0
497,0.6495576201356605,0.5157941097940733,0.483584587227265,0.6511565342089997,0.5177698375512232,0.4848533474580562,0.6495576201356605,0.5157941097940733,0.483584587227265,0.0015989140733391,0.0019757277571499,0.0012687602307911,0.0,0.0,0.0
498,0.6635220827379503,0.5199277272088265,0.4903839599007587,0.6651397814657157,0.5216650869816836,0.4914222690408449,0.6635220827379503,0.5199277272088265,0.4903839599007587,0.0016176987277654,0.001737359772857,0.0010383091400861,0.0,0.0,0.0
499,0.6630904556745363,0.5212287156208306,0.4883925871705573,0.6644104414897137,0.5232319184147978,0.4891800336517221,0.6630904556745363,0.5212287156208306,0.4883925871705573,0.0013199858151774,0.0020032027939671,0.0007874464811647,0.0,0.0,0.0
