image_id,det_id,risk_label_tp,risk_error_type
lvis_000000403565,lvis_000000403565_yw_196682,1,known_tp
lvis_000000569273,lvis_000000569273_yw_275969,1,known_tp
lvis_000000138550,lvis_000000138550_yw_063262,1,known_tp
lvis_000000043816,lvis_000000043816_yw_019281,1,known_tp
lvis_000000441468,lvis_000000441468_yw_215670,1,known_tp
lvis_000000120420,lvis_000000120420_yw_052612,1,known_tp
lvis_000000377113,lvis_000000377113_yw_184284,1,known_tp
lvis_000000087476,lvis_000000087476_yw_039836,1,known_tp
lvis_000000257370,lvis_000000257370_yw_124997,1,known_tp
lvis_000000537991,lvis_000000537991_yw_260788,1,known_tp
lvis_000000388056,lvis_000000388056_yw_190251,1,known_tp
lvis_000000515579,lvis_000000515579_yw_250745,1,known_tp
lvis_000000285047,lvis_000000285047_yw_138974,1,known_tp
lvis_000000320642,lvis_000000320642_yw_156962,1,known_tp
lvis_000000511076,lvis_000000511076_yw_248094,1,known_tp
lvis_000000295420,lvis_000000295420_yw_144682,1,known_tp
lvis_000000197388,lvis_000000197388_yw_096602,1,known_tp
lvis_000000424349,lvis_000000424349_yw_206661,1,known_tp
lvis_000000085772,lvis_000000085772_yw_038971,1,known_tp
lvis_000000471893,lvis_000000471893_yw_230659,1,known_tp
lvis_000000328238,lvis_000000328238_yw_159902,1,known_tp
lvis_000000273198,lvis_000000273198_yw_132014,1,known_tp
lvis_000000507473,lvis_000000507473_yw_246481,1,known_tp
lvis_000000513524,lvis_000000513524_yw_249690,1,known_tp
lvis_000000388056,lvis_000000388056_yw_190252,1,known_tp
lvis_000000280930,lvis_000000280930_yw_136226,1,known_tp
lvis_000000447917,lvis_000000447917_yw_218480,1,known_tp
lvis_000000336587,lvis_000000336587_yw_164332,1,known_tp
lvis_000000510095,lvis_000000510095_yw_248059,1,known_tp
lvis_000000048396,lvis_000000048396_yw_020702,1,known_tp
lvis_000000471893,lvis_000000471893_yw_230660,1,known_tp
lvis_000000118209,lvis_000000118209_yw_051671,1,known_tp
lvis_000000048396,lvis_000000048396_yw_020703,1,known_tp
lvis_000000214539,lvis_000000214539_yw_105040,1,known_tp
lvis_000000465549,lvis_000000465549_yw_228204,1,known_tp
lvis_000000424349,lvis_000000424349_yw_206662,1,known_tp
lvis_000000079408,lvis_000000079408_yw_035243,1,known_tp
lvis_000000130826,lvis_000000130826_yw_058604,1,known_tp
lvis_000000031217,lvis_000000031217_yw_014133,1,known_tp
lvis_000000514797,lvis_000000514797_yw_250302,1,known_tp
lvis_000000496854,lvis_000000496854_yw_241614,1,known_tp
lvis_000000314541,lvis_000000314541_yw_154936,1,known_tp
lvis_000000533493,lvis_000000533493_yw_258554,1,known_tp
lvis_000000347930,lvis_000000347930_yw_169771,1,known_tp
lvis_000000431545,lvis_000000431545_yw_210575,1,known_tp
lvis_000000303713,lvis_000000303713_yw_148949,1,known_tp
lvis_000000067534,lvis_000000067534_yw_030396,1,known_tp
lvis_000000365886,lvis_000000365886_yw_178618,1,known_tp
lvis_000000278705,lvis_000000278705_yw_134477,1,known_tp
lvis_000000067180,lvis_000000067180_yw_030100,1,known_tp
lvis_000000410456,lvis_000000410456_yw_199355,1,known_tp
lvis_000000376093,lvis_000000376093_yw_183295,1,known_tp
lvis_000000019432,lvis_000000019432_yw_010264,1,known_tp
lvis_000000356261,lvis_000000356261_yw_172992,1,known_tp
lvis_000000129492,lvis_000000129492_yw_057791,1,known_tp
lvis_000000484978,lvis_000000484978_yw_236800,1,known_tp
lvis_000000058705,lvis_000000058705_yw_025774,1,known_tp
lvis_000000556193,lvis_000000556193_yw_269388,1,known_tp
lvis_000000320642,lvis_000000320642_yw_156963,1,known_tp
lvis_000000443844,lvis_000000443844_yw_217449,1,known_tp
lvis_000000541123,lvis_000000541123_yw_262131,1,known_tp
lvis_000000410456,lvis_000000410456_yw_199356,1,known_tp
lvis_000000541123,lvis_000000541123_yw_262132,1,known_tp
lvis_000000197388,lvis_000000197388_yw_096603,1,known_tp
lvis_000000343149,lvis_000000343149_yw_167427,1,known_tp
lvis_000000133969,lvis_000000133969_yw_060982,1,known_tp
lvis_000000556193,lvis_000000556193_yw_269389,1,known_tp
lvis_000000118209,lvis_000000118209_yw_051672,1,known_tp
lvis_000000396200,lvis_000000396200_yw_193526,1,known_tp
lvis_000000257370,lvis_000000257370_yw_124998,1,known_tp
lvis_000000158548,lvis_000000158548_yw_075213,1,known_tp
lvis_000000496854,lvis_000000496854_yw_241615,1,known_tp
lvis_000000162732,lvis_000000162732_yw_077502,1,known_tp
lvis_000000450559,lvis_000000450559_yw_220144,1,known_tp
lvis_000000133969,lvis_000000133969_yw_060983,1,known_tp
lvis_000000410456,lvis_000000410456_yw_199357,1,known_tp
lvis_000000150649,lvis_000000150649_yw_071304,1,known_tp
lvis_000000011149,lvis_000000011149_yw_004942,1,known_tp
lvis_000000488710,lvis_000000488710_yw_237765,1,known_tp
lvis_000000278705,lvis_000000278705_yw_134478,1,known_tp
lvis_000000068387,lvis_000000068387_yw_030609,1,known_tp
lvis_000000454978,lvis_000000454978_yw_221834,1,known_tp
lvis_000000210273,lvis_000000210273_yw_102141,1,known_tp
lvis_000000376093,lvis_000000376093_yw_183296,1,known_tp
lvis_000000150649,lvis_000000150649_yw_071305,1,known_tp
lvis_000000287347,lvis_000000287347_yw_139810,1,known_tp
lvis_000000569972,lvis_000000569972_yw_276121,1,known_tp
lvis_000000058705,lvis_000000058705_yw_025775,1,known_tp
lvis_000000214539,lvis_000000214539_yw_105041,1,known_tp
lvis_000000211674,lvis_000000211674_yw_102927,1,known_tp
lvis_000000344909,lvis_000000344909_yw_168682,1,known_tp
lvis_000000203931,lvis_000000203931_yw_099031,1,known_tp
lvis_000000197388,lvis_000000197388_yw_096604,1,known_tp
lvis_000000333402,lvis_000000333402_yw_162043,1,known_tp
lvis_000000482735,lvis_000000482735_yw_236064,1,known_tp
lvis_000000150649,lvis_000000150649_yw_071306,1,known_tp
lvis_000000522889,lvis_000000522889_yw_253859,1,known_tp
lvis_000000263403,lvis_000000263403_yw_127914,1,known_tp
lvis_000000150649,lvis_000000150649_yw_071307,1,known_tp
lvis_000000106048,lvis_000000106048_yw_047119,1,known_tp
lvis_000000271116,lvis_000000271116_yw_131403,1,known_tp
lvis_000000229553,lvis_000000229553_yw_112894,1,known_tp
lvis_000000161861,lvis_000000161861_yw_077014,1,known_tp
lvis_000000465549,lvis_000000465549_yw_228205,1,known_tp
lvis_000000210273,lvis_000000210273_yw_102142,1,known_tp
lvis_000000455937,lvis_000000455937_yw_222522,1,known_tp
lvis_000000541123,lvis_000000541123_yw_262133,1,known_tp
lvis_000000150649,lvis_000000150649_yw_071308,1,known_tp
lvis_000000009891,lvis_000000009891_yw_004597,1,known_tp
lvis_000000242678,lvis_000000242678_yw_119060,1,known_tp
lvis_000000068387,lvis_000000068387_yw_030610,1,known_tp
lvis_000000235784,lvis_000000235784_yw_116699,1,known_tp
lvis_000000011149,lvis_000000011149_yw_004943,1,known_tp
lvis_000000164602,lvis_000000164602_yw_078570,1,known_tp
lvis_000000343149,lvis_000000343149_yw_167428,1,known_tp
lvis_000000013729,lvis_000000013729_yw_006621,1,known_tp
lvis_000000423104,lvis_000000423104_yw_205691,1,known_tp
lvis_000000087476,lvis_000000087476_yw_039837,1,known_tp
lvis_000000068387,lvis_000000068387_yw_030611,1,known_tp
lvis_000000133969,lvis_000000133969_yw_060984,1,known_tp
lvis_000000474854,lvis_000000474854_yw_231882,1,known_tp
lvis_000000206025,lvis_000000206025_yw_100100,1,known_tp
lvis_000000343803,lvis_000000343803_yw_167989,1,known_tp
lvis_000000072813,lvis_000000072813_yw_032097,1,known_tp
lvis_000000278749,lvis_000000278749_yw_134549,1,known_tp
lvis_000000534673,lvis_000000534673_yw_259574,1,known_tp
lvis_000000507223,lvis_000000507223_yw_246227,1,known_tp
lvis_000000085157,lvis_000000085157_yw_038605,1,known_tp
lvis_000000336309,lvis_000000336309_yw_164264,1,known_tp
lvis_000000285894,lvis_000000285894_yw_139077,1,known_tp
lvis_000000473869,lvis_000000473869_yw_231293,1,known_tp
lvis_000000278749,lvis_000000278749_yw_134550,1,known_tp
lvis_000000286553,lvis_000000286553_yw_139429,1,known_tp
lvis_000000499768,lvis_000000499768_yw_242631,1,known_tp
lvis_000000095843,lvis_000000095843_yw_042676,1,known_tp
lvis_000000431545,lvis_000000431545_yw_210576,1,known_tp
lvis_000000403565,lvis_000000403565_yw_196683,1,known_tp
lvis_000000410456,lvis_000000410456_yw_199358,1,known_tp
lvis_000000396200,lvis_000000396200_yw_193527,1,known_tp
lvis_000000180487,lvis_000000180487_yw_086584,1,known_tp
lvis_000000458223,lvis_000000458223_yw_223705,1,known_tp
lvis_000000273715,lvis_000000273715_yw_132361,1,known_tp
lvis_000000273715,lvis_000000273715_yw_132362,1,known_tp
lvis_000000211042,lvis_000000211042_yw_102845,1,known_tp
lvis_000000197388,lvis_000000197388_yw_096605,1,known_tp
lvis_000000080932,lvis_000000080932_yw_036045,1,known_tp
lvis_000000130826,lvis_000000130826_yw_058605,1,known_tp
lvis_000000350122,lvis_000000350122_yw_170766,1,known_tp
lvis_000000323751,lvis_000000323751_yw_158178,1,known_tp
lvis_000000196185,lvis_000000196185_yw_096209,1,known_tp
lvis_000000039769,lvis_000000039769_yw_018154,1,known_tp
lvis_000000506656,lvis_000000506656_yw_245479,1,known_tp
lvis_000000335529,lvis_000000335529_yw_163459,1,known_tp
lvis_000000151480,lvis_000000151480_yw_071415,1,known_tp
lvis_000000212573,lvis_000000212573_yw_103604,1,known_tp
lvis_000000232692,lvis_000000232692_yw_115383,1,known_tp
lvis_000000463037,lvis_000000463037_yw_226249,1,known_tp
lvis_000000571598,lvis_000000571598_yw_277203,1,known_tp
lvis_000000350003,lvis_000000350003_yw_170438,1,known_tp
lvis_000000227482,lvis_000000227482_yw_111809,1,known_tp
lvis_000000271116,lvis_000000271116_yw_131404,1,known_tp
lvis_000000022705,lvis_000000022705_yw_011039,1,known_tp
lvis_000000009448,lvis_000000009448_yw_004439,1,known_tp
lvis_000000320642,lvis_000000320642_yw_156964,1,known_tp
lvis_000000440617,lvis_000000440617_yw_215520,1,known_tp
lvis_000000110282,lvis_000000110282_yw_048709,1,known_tp
lvis_000000162732,lvis_000000162732_yw_077503,1,known_tp
lvis_000000356428,lvis_000000356428_yw_173423,1,known_tp
lvis_000000383289,lvis_000000383289_yw_188332,1,known_tp
lvis_000000033368,lvis_000000033368_yw_015672,1,known_tp
lvis_000000212573,lvis_000000212573_yw_103605,1,known_tp
lvis_000000273715,lvis_000000273715_yw_132363,1,known_tp
lvis_000000441468,lvis_000000441468_yw_215671,1,known_tp
lvis_000000162732,lvis_000000162732_yw_077504,1,known_tp
lvis_000000010707,lvis_000000010707_yw_004820,1,known_tp
lvis_000000275392,lvis_000000275392_yw_133207,1,known_tp
lvis_000000215259,lvis_000000215259_yw_105681,1,known_tp
lvis_000000310072,lvis_000000310072_yw_152757,1,known_tp
lvis_000000226154,lvis_000000226154_yw_110490,1,known_tp
lvis_000000125472,lvis_000000125472_yw_055428,1,known_tp
lvis_000000013729,lvis_000000013729_yw_006622,1,known_tp
lvis_000000078426,lvis_000000078426_yw_034387,1,known_tp
lvis_000000425226,lvis_000000425226_yw_207047,1,known_tp
lvis_000000152120,lvis_000000152120_yw_071784,1,known_tp
lvis_000000384513,lvis_000000384513_yw_188861,1,known_tp
lvis_000000043816,lvis_000000043816_yw_019282,1,known_tp
lvis_000000105264,lvis_000000105264_yw_046623,1,known_tp
lvis_000000106912,lvis_000000106912_yw_047439,1,known_tp
lvis_000000078823,lvis_000000078823_yw_034826,1,known_tp
lvis_000000571598,lvis_000000571598_yw_277204,1,known_tp
lvis_000000273198,lvis_000000273198_yw_132015,1,known_tp
lvis_000000444879,lvis_000000444879_yw_217659,1,known_tp
lvis_000000068387,lvis_000000068387_yw_030612,1,known_tp
lvis_000000310072,lvis_000000310072_yw_152758,1,known_tp
lvis_000000210273,lvis_000000210273_yw_102143,1,known_tp
lvis_000000356428,lvis_000000356428_yw_173424,1,known_tp
lvis_000000164602,lvis_000000164602_yw_078571,1,known_tp
lvis_000000274708,lvis_000000274708_yw_133077,1,known_tp
lvis_000000571598,lvis_000000571598_yw_277205,1,known_tp
lvis_000000252559,lvis_000000252559_yw_122382,1,known_tp
lvis_000000410456,lvis_000000410456_yw_199359,1,known_tp
lvis_000000356428,lvis_000000356428_yw_173425,1,known_tp
lvis_000000133819,lvis_000000133819_yw_060682,1,known_tp
lvis_000000105264,lvis_000000105264_yw_046624,1,known_tp
lvis_000000561958,lvis_000000561958_yw_271746,1,known_tp
lvis_000000491090,lvis_000000491090_yw_238799,1,known_tp
lvis_000000212573,lvis_000000212573_yw_103606,1,known_tp
lvis_000000152120,lvis_000000152120_yw_071785,1,known_tp
lvis_000000078823,lvis_000000078823_yw_034827,1,known_tp
lvis_000000103548,lvis_000000103548_yw_046051,1,known_tp
lvis_000000388056,lvis_000000388056_yw_190253,1,known_tp
lvis_000000080153,lvis_000000080153_yw_035755,1,known_tp
lvis_000000356612,lvis_000000356612_yw_173649,1,known_tp
lvis_000000191288,lvis_000000191288_yw_093639,1,known_tp
lvis_000000349184,lvis_000000349184_yw_170147,1,known_tp
lvis_000000569030,lvis_000000569030_yw_275670,1,known_tp
lvis_000000073533,lvis_000000073533_yw_032175,1,known_tp
lvis_000000032817,lvis_000000032817_yw_014943,1,known_tp
lvis_000000382125,lvis_000000382125_yw_188192,1,known_tp
lvis_000000453841,lvis_000000453841_yw_221367,1,known_tp
lvis_000000368752,lvis_000000368752_yw_179476,1,known_tp
lvis_000000491130,lvis_000000491130_yw_238895,1,known_tp
lvis_000000476215,lvis_000000476215_yw_232516,1,known_tp
lvis_000000514797,lvis_000000514797_yw_250303,1,known_tp
lvis_000000218439,lvis_000000218439_yw_106671,1,known_tp
lvis_000000080153,lvis_000000080153_yw_035756,1,known_tp
lvis_000000377946,lvis_000000377946_yw_185759,1,known_tp
lvis_000000085157,lvis_000000085157_yw_038606,1,known_tp
lvis_000000389684,lvis_000000389684_yw_191533,1,known_tp
lvis_000000276055,lvis_000000276055_yw_133631,1,known_tp
lvis_000000105264,lvis_000000105264_yw_046625,1,known_tp
lvis_000000021839,lvis_000000021839_yw_010728,1,known_tp
lvis_000000389684,lvis_000000389684_yw_191534,1,known_tp
lvis_000000105264,lvis_000000105264_yw_046626,1,known_tp
lvis_000000514797,lvis_000000514797_yw_250304,1,known_tp
lvis_000000105264,lvis_000000105264_yw_046627,1,known_tp
lvis_000000191288,lvis_000000191288_yw_093640,1,known_tp
lvis_000000428111,lvis_000000428111_yw_208974,1,known_tp
lvis_000000021167,lvis_000000021167_yw_010649,1,known_tp
lvis_000000507223,lvis_000000507223_yw_246228,1,known_tp
lvis_000000388056,lvis_000000388056_yw_190254,1,known_tp
lvis_000000323751,lvis_000000323751_yw_158179,1,known_tp
lvis_000000522889,lvis_000000522889_yw_253860,1,known_tp
lvis_000000356612,lvis_000000356612_yw_173650,1,known_tp
lvis_000000447200,lvis_000000447200_yw_218278,0,background_false_accept
lvis_000000105264,lvis_000000105264_yw_046628,1,known_tp
lvis_000000568690,lvis_000000568690_yw_275529,1,known_tp
lvis_000000039769,lvis_000000039769_yw_018155,1,known_tp
lvis_000000343149,lvis_000000343149_yw_167429,1,known_tp
lvis_000000541123,lvis_000000541123_yw_262134,1,known_tp
lvis_000000297595,lvis_000000297595_yw_146523,1,known_tp
lvis_000000122927,lvis_000000122927_yw_054055,1,known_tp
lvis_000000231879,lvis_000000231879_yw_115089,1,known_tp
lvis_000000089697,lvis_000000089697_yw_041050,1,known_tp
lvis_000000210273,lvis_000000210273_yw_102144,1,known_tp
lvis_000000275392,lvis_000000275392_yw_133208,1,known_tp
lvis_000000252559,lvis_000000252559_yw_122383,1,known_tp
lvis_000000436883,lvis_000000436883_yw_213332,1,known_tp
lvis_000000382125,lvis_000000382125_yw_188193,1,known_tp
lvis_000000161925,lvis_000000161925_yw_077051,1,known_tp
lvis_000000349860,lvis_000000349860_yw_170323,1,known_tp
lvis_000000212573,lvis_000000212573_yw_103607,1,known_tp
lvis_000000318908,lvis_000000318908_yw_155752,1,known_tp
lvis_000000332845,lvis_000000332845_yw_161772,1,known_tp
lvis_000000147740,lvis_000000147740_yw_069622,1,known_tp
lvis_000000421060,lvis_000000421060_yw_205078,1,known_tp
lvis_000000210273,lvis_000000210273_yw_102145,1,known_tp
lvis_000000569030,lvis_000000569030_yw_275671,1,known_tp
lvis_000000360960,lvis_000000360960_yw_175390,1,known_tp
lvis_000000255749,lvis_000000255749_yw_123927,1,known_tp
lvis_000000581100,lvis_000000581100_yw_281168,1,known_tp
lvis_000000513580,lvis_000000513580_yw_249842,1,known_tp
lvis_000000512985,lvis_000000512985_yw_249410,1,known_tp
lvis_000000350122,lvis_000000350122_yw_170767,1,known_tp
lvis_000000303713,lvis_000000303713_yw_148950,1,known_tp
lvis_000000193743,lvis_000000193743_yw_095062,1,known_tp
lvis_000000080932,lvis_000000080932_yw_036046,1,known_tp
lvis_000000231879,lvis_000000231879_yw_115090,1,known_tp
lvis_000000166747,lvis_000000166747_yw_079662,1,known_tp
lvis_000000268378,lvis_000000268378_yw_130485,1,known_tp
lvis_000000336658,lvis_000000336658_yw_164467,1,known_tp
lvis_000000447917,lvis_000000447917_yw_218481,1,known_tp
lvis_000000278705,lvis_000000278705_yw_134479,1,known_tp
lvis_000000513580,lvis_000000513580_yw_249843,1,known_tp
lvis_000000496854,lvis_000000496854_yw_241616,1,known_tp
lvis_000000295420,lvis_000000295420_yw_144683,1,known_tp
lvis_000000119365,lvis_000000119365_yw_051896,0,background_false_accept
lvis_000000210273,lvis_000000210273_yw_102146,1,known_tp
lvis_000000506656,lvis_000000506656_yw_245480,1,known_tp
lvis_000000491090,lvis_000000491090_yw_238800,1,known_tp
lvis_000000133969,lvis_000000133969_yw_060985,1,known_tp
lvis_000000133969,lvis_000000133969_yw_060986,1,known_tp
lvis_000000579655,lvis_000000579655_yw_280846,1,known_tp
lvis_000000415536,lvis_000000415536_yw_202860,1,known_tp
lvis_000000333956,lvis_000000333956_yw_162316,1,known_tp
lvis_000000458255,lvis_000000458255_yw_223736,1,known_tp
lvis_000000447200,lvis_000000447200_yw_218279,0,background_false_accept
lvis_000000013729,lvis_000000013729_yw_006623,1,known_tp
lvis_000000135673,lvis_000000135673_yw_062052,1,known_tp
lvis_000000169169,lvis_000000169169_yw_080721,1,known_tp
lvis_000000151480,lvis_000000151480_yw_071416,1,known_tp
lvis_000000214703,lvis_000000214703_yw_105329,1,known_tp
lvis_000000140203,lvis_000000140203_yw_064164,1,known_tp
lvis_000000009891,lvis_000000009891_yw_004598,1,known_tp
lvis_000000162415,lvis_000000162415_yw_077415,1,known_tp
lvis_000000499768,lvis_000000499768_yw_242632,1,known_tp
lvis_000000277005,lvis_000000277005_yw_133963,1,known_tp
lvis_000000343149,lvis_000000343149_yw_167430,1,known_tp
lvis_000000376093,lvis_000000376093_yw_183297,1,known_tp
lvis_000000161925,lvis_000000161925_yw_077052,1,known_tp
lvis_000000513580,lvis_000000513580_yw_249844,1,known_tp
lvis_000000278749,lvis_000000278749_yw_134551,1,known_tp
lvis_000000433103,lvis_000000433103_yw_211404,1,known_tp
lvis_000000025603,lvis_000000025603_yw_012442,1,known_tp
lvis_000000277005,lvis_000000277005_yw_133964,1,known_tp
lvis_000000087476,lvis_000000087476_yw_039838,1,known_tp
lvis_000000295316,lvis_000000295316_yw_144658,1,known_tp
lvis_000000010707,lvis_000000010707_yw_004821,1,known_tp
lvis_000000376625,lvis_000000376625_yw_183819,1,known_tp
lvis_000000212226,lvis_000000212226_yw_103325,1,known_tp
lvis_000000020107,lvis_000000020107_yw_010318,1,known_tp
lvis_000000203931,lvis_000000203931_yw_099032,0,background_false_accept
lvis_000000271457,lvis_000000271457_yw_131537,1,known_tp
lvis_000000170278,lvis_000000170278_yw_081361,1,known_tp
lvis_000000541123,lvis_000000541123_yw_262135,1,known_tp
lvis_000000190637,lvis_000000190637_yw_092823,1,known_tp
lvis_000000320743,lvis_000000320743_yw_157001,1,known_tp
lvis_000000569976,lvis_000000569976_yw_276135,1,known_tp
lvis_000000113720,lvis_000000113720_yw_049676,1,known_tp
lvis_000000378515,lvis_000000378515_yw_186271,1,known_tp
lvis_000000268378,lvis_000000268378_yw_130486,1,known_tp
lvis_000000498709,lvis_000000498709_yw_242159,1,known_tp
lvis_000000210273,lvis_000000210273_yw_102147,1,known_tp
lvis_000000356612,lvis_000000356612_yw_173651,1,known_tp
lvis_000000517523,lvis_000000517523_yw_251590,1,known_tp
lvis_000000211825,lvis_000000211825_yw_103227,1,known_tp
lvis_000000120420,lvis_000000120420_yw_052613,1,known_tp
lvis_000000379332,lvis_000000379332_yw_186882,1,known_tp
lvis_000000085157,lvis_000000085157_yw_038607,1,known_tp
lvis_000000356612,lvis_000000356612_yw_173652,1,known_tp
lvis_000000052507,lvis_000000052507_yw_022761,1,known_tp
lvis_000000388056,lvis_000000388056_yw_190255,1,known_tp
lvis_000000121497,lvis_000000121497_yw_053168,1,known_tp
lvis_000000359677,lvis_000000359677_yw_174811,1,known_tp
lvis_000000105264,lvis_000000105264_yw_046629,1,known_tp
lvis_000000522889,lvis_000000522889_yw_253861,1,known_tp
lvis_000000324258,lvis_000000324258_yw_158581,1,known_tp
lvis_000000356612,lvis_000000356612_yw_173653,1,known_tp
lvis_000000087476,lvis_000000087476_yw_039839,1,known_tp
lvis_000000221693,lvis_000000221693_yw_108099,1,known_tp
lvis_000000236690,lvis_000000236690_yw_117078,1,known_tp
lvis_000000100723,lvis_000000100723_yw_045376,1,known_tp
lvis_000000185292,lvis_000000185292_yw_090110,1,known_tp
lvis_000000085157,lvis_000000085157_yw_038608,1,known_tp
lvis_000000067180,lvis_000000067180_yw_030101,1,known_tp
lvis_000000333402,lvis_000000333402_yw_162044,1,known_tp
lvis_000000009590,lvis_000000009590_yw_004482,1,known_tp
lvis_000000320642,lvis_000000320642_yw_156965,1,known_tp
lvis_000000133969,lvis_000000133969_yw_060988,1,known_tp
lvis_000000277005,lvis_000000277005_yw_133965,1,known_tp
lvis_000000286553,lvis_000000286553_yw_139430,1,known_tp
lvis_000000507223,lvis_000000507223_yw_246229,1,known_tp
lvis_000000210273,lvis_000000210273_yw_102148,1,known_tp
lvis_000000116439,lvis_000000116439_yw_051099,1,known_tp
lvis_000000210273,lvis_000000210273_yw_102149,1,known_tp
lvis_000000197388,lvis_000000197388_yw_096606,1,known_tp
lvis_000000295316,lvis_000000295316_yw_144659,1,known_tp
lvis_000000021167,lvis_000000021167_yw_010650,1,known_tp
lvis_000000011149,lvis_000000011149_yw_004944,1,known_tp
lvis_000000196442,lvis_000000196442_yw_096297,0,background_false_accept
lvis_000000376093,lvis_000000376093_yw_183298,1,known_tp
lvis_000000116439,lvis_000000116439_yw_051100,1,known_tp
lvis_000000356612,lvis_000000356612_yw_173654,1,known_tp
lvis_000000561958,lvis_000000561958_yw_271747,1,known_tp
lvis_000000242678,lvis_000000242678_yw_119061,1,known_tp
lvis_000000155291,lvis_000000155291_yw_073556,1,known_tp
lvis_000000150224,lvis_000000150224_yw_070995,1,known_tp
lvis_000000009590,lvis_000000009590_yw_004483,1,known_tp
lvis_000000247917,lvis_000000247917_yw_120906,1,known_tp
lvis_000000166478,lvis_000000166478_yw_079506,1,known_tp
lvis_000000247917,lvis_000000247917_yw_120907,1,known_tp
lvis_000000441491,lvis_000000441491_yw_215789,1,known_tp
lvis_000000496854,lvis_000000496854_yw_241617,1,known_tp
lvis_000000433103,lvis_000000433103_yw_211405,1,known_tp
lvis_000000482978,lvis_000000482978_yw_236133,1,known_tp
lvis_000000320743,lvis_000000320743_yw_157002,1,known_tp
lvis_000000007278,lvis_000000007278_yw_003432,1,known_tp
lvis_000000350122,lvis_000000350122_yw_170768,1,known_tp
lvis_000000136633,lvis_000000136633_yw_062280,1,known_tp
lvis_000000120420,lvis_000000120420_yw_052614,1,known_tp
lvis_000000533493,lvis_000000533493_yw_258555,1,known_tp
lvis_000000336658,lvis_000000336658_yw_164468,1,known_tp
lvis_000000210273,lvis_000000210273_yw_102150,1,known_tp
lvis_000000092416,lvis_000000092416_yw_041564,1,known_tp
lvis_000000197528,lvis_000000197528_yw_096614,1,known_tp
lvis_000000297147,lvis_000000297147_yw_146094,1,known_tp
lvis_000000087476,lvis_000000087476_yw_039840,1,known_tp
lvis_000000210273,lvis_000000210273_yw_102151,1,known_tp
lvis_000000255965,lvis_000000255965_yw_124134,1,known_tp
lvis_000000360960,lvis_000000360960_yw_175391,1,known_tp
lvis_000000295316,lvis_000000295316_yw_144660,1,known_tp
lvis_000000273198,lvis_000000273198_yw_132016,1,known_tp
lvis_000000119365,lvis_000000119365_yw_051897,1,known_tp
lvis_000000488710,lvis_000000488710_yw_237766,0,background_false_accept
lvis_000000285894,lvis_000000285894_yw_139078,1,known_tp
lvis_000000156643,lvis_000000156643_yw_074495,1,known_tp
lvis_000000100723,lvis_000000100723_yw_045377,0,background_false_accept
lvis_000000057760,lvis_000000057760_yw_025344,1,known_tp
lvis_000000471893,lvis_000000471893_yw_230661,1,known_tp
lvis_000000541123,lvis_000000541123_yw_262136,1,known_tp
lvis_000000350122,lvis_000000350122_yw_170769,1,known_tp
lvis_000000210273,lvis_000000210273_yw_102152,1,known_tp
lvis_000000350122,lvis_000000350122_yw_170770,1,known_tp
lvis_000000453841,lvis_000000453841_yw_221368,1,known_tp
lvis_000000511321,lvis_000000511321_yw_248347,1,known_tp
lvis_000000133969,lvis_000000133969_yw_060989,1,known_tp
lvis_000000242411,lvis_000000242411_yw_118848,1,known_tp
lvis_000000130826,lvis_000000130826_yw_058606,1,known_tp
lvis_000000100723,lvis_000000100723_yw_045378,1,known_tp
lvis_000000035279,lvis_000000035279_yw_016366,1,known_tp
lvis_000000210273,lvis_000000210273_yw_102153,1,known_tp
lvis_000000320743,lvis_000000320743_yw_157003,1,known_tp
lvis_000000233238,lvis_000000233238_yw_115577,1,known_tp
lvis_000000156924,lvis_000000156924_yw_074611,1,known_tp
lvis_000000453841,lvis_000000453841_yw_221369,1,known_tp
lvis_000000140203,lvis_000000140203_yw_064165,0,wrong_known_class_or_duplicate
lvis_000000162732,lvis_000000162732_yw_077505,1,known_tp
lvis_000000541123,lvis_000000541123_yw_262137,1,known_tp
lvis_000000414133,lvis_000000414133_yw_202215,1,known_tp
lvis_000000561958,lvis_000000561958_yw_271748,1,known_tp
lvis_000000009590,lvis_000000009590_yw_004484,1,known_tp
lvis_000000277005,lvis_000000277005_yw_133966,1,known_tp
lvis_000000089697,lvis_000000089697_yw_041051,1,known_tp
lvis_000000312421,lvis_000000312421_yw_153835,1,known_tp
lvis_000000286182,lvis_000000286182_yw_139109,1,known_tp
lvis_000000210273,lvis_000000210273_yw_102154,1,known_tp
lvis_000000210394,lvis_000000210394_yw_102462,1,known_tp
lvis_000000210394,lvis_000000210394_yw_102463,1,known_tp
lvis_000000324818,lvis_000000324818_yw_158651,1,known_tp
lvis_000000563702,lvis_000000563702_yw_273083,1,known_tp
lvis_000000215259,lvis_000000215259_yw_105682,1,known_tp
lvis_000000320743,lvis_000000320743_yw_157004,1,known_tp
lvis_000000534673,lvis_000000534673_yw_259575,1,known_tp
lvis_000000561958,lvis_000000561958_yw_271749,1,known_tp
lvis_000000268378,lvis_000000268378_yw_130487,1,known_tp
lvis_000000133819,lvis_000000133819_yw_060683,1,known_tp
lvis_000000344909,lvis_000000344909_yw_168683,1,known_tp
lvis_000000410456,lvis_000000410456_yw_199360,1,known_tp
lvis_000000534041,lvis_000000534041_yw_258909,1,known_tp
lvis_000000147740,lvis_000000147740_yw_069623,1,known_tp
lvis_000000166747,lvis_000000166747_yw_079663,1,known_tp
lvis_000000414133,lvis_000000414133_yw_202216,1,known_tp
lvis_000000169169,lvis_000000169169_yw_080722,1,known_tp
lvis_000000100723,lvis_000000100723_yw_045379,0,background_false_accept
lvis_000000396200,lvis_000000396200_yw_193528,1,known_tp
lvis_000000252559,lvis_000000252559_yw_122384,1,known_tp
lvis_000000252559,lvis_000000252559_yw_122385,1,known_tp
lvis_000000232692,lvis_000000232692_yw_115384,1,known_tp
lvis_000000129492,lvis_000000129492_yw_057792,1,known_tp
lvis_000000464522,lvis_000000464522_yw_228046,1,known_tp
lvis_000000268378,lvis_000000268378_yw_130488,1,known_tp
lvis_000000360960,lvis_000000360960_yw_175392,1,known_tp
lvis_000000119233,lvis_000000119233_yw_051873,1,known_tp
lvis_000000486479,lvis_000000486479_yw_237417,1,known_tp
lvis_000000153568,lvis_000000153568_yw_072606,1,known_tp
lvis_000000356612,lvis_000000356612_yw_173655,1,known_tp
lvis_000000255749,lvis_000000255749_yw_123928,1,known_tp
lvis_000000210273,lvis_000000210273_yw_102155,1,known_tp
lvis_000000203931,lvis_000000203931_yw_099033,0,background_false_accept
lvis_000000449312,lvis_000000449312_yw_219287,1,known_tp
lvis_000000166166,lvis_000000166166_yw_079211,0,background_false_accept
lvis_000000009590,lvis_000000009590_yw_004485,1,known_tp
lvis_000000387098,lvis_000000387098_yw_189888,0,background_false_accept
lvis_000000288685,lvis_000000288685_yw_140357,1,known_tp
lvis_000000189475,lvis_000000189475_yw_092263,1,known_tp
lvis_000000569273,lvis_000000569273_yw_275970,1,known_tp
lvis_000000378139,lvis_000000378139_yw_185935,1,known_tp
lvis_000000147740,lvis_000000147740_yw_069624,1,known_tp
lvis_000000150224,lvis_000000150224_yw_070996,1,known_tp
lvis_000000129492,lvis_000000129492_yw_057793,1,known_tp
lvis_000000171611,lvis_000000171611_yw_082130,1,known_tp
lvis_000000113720,lvis_000000113720_yw_049677,1,known_tp
lvis_000000569273,lvis_000000569273_yw_275971,1,known_tp
lvis_000000210273,lvis_000000210273_yw_102156,1,known_tp
lvis_000000377575,lvis_000000377575_yw_185103,1,known_tp
lvis_000000368752,lvis_000000368752_yw_179477,1,known_tp
lvis_000000336658,lvis_000000336658_yw_164469,1,known_tp
lvis_000000388056,lvis_000000388056_yw_190256,1,known_tp
lvis_000000167486,lvis_000000167486_yw_080216,1,known_tp
lvis_000000226154,lvis_000000226154_yw_110491,1,known_tp
lvis_000000169169,lvis_000000169169_yw_080723,1,known_tp
lvis_000000133819,lvis_000000133819_yw_060684,1,known_tp
lvis_000000244379,lvis_000000244379_yw_119738,1,known_tp
lvis_000000277005,lvis_000000277005_yw_133967,1,known_tp
lvis_000000506656,lvis_000000506656_yw_245481,1,known_tp
lvis_000000113720,lvis_000000113720_yw_049678,1,known_tp
lvis_000000377946,lvis_000000377946_yw_185760,1,known_tp
lvis_000000148719,lvis_000000148719_yw_070174,1,known_tp
lvis_000000147740,lvis_000000147740_yw_069625,1,known_tp
lvis_000000356612,lvis_000000356612_yw_173656,1,known_tp
lvis_000000285894,lvis_000000285894_yw_139079,1,known_tp
lvis_000000405205,lvis_000000405205_yw_197197,1,known_tp
lvis_000000374545,lvis_000000374545_yw_182643,1,known_tp
lvis_000000022479,lvis_000000022479_yw_010935,1,known_tp
lvis_000000133969,lvis_000000133969_yw_060990,1,known_tp
lvis_000000396200,lvis_000000396200_yw_193529,1,known_tp
lvis_000000288685,lvis_000000288685_yw_140358,1,known_tp
lvis_000000164883,lvis_000000164883_yw_078588,1,known_tp
lvis_000000151480,lvis_000000151480_yw_071417,1,known_tp
lvis_000000278705,lvis_000000278705_yw_134480,1,known_tp
lvis_000000320743,lvis_000000320743_yw_157005,1,known_tp
lvis_000000410456,lvis_000000410456_yw_199361,1,known_tp
lvis_000000166747,lvis_000000166747_yw_079664,1,known_tp
lvis_000000167486,lvis_000000167486_yw_080217,1,known_tp
lvis_000000210394,lvis_000000210394_yw_102464,1,known_tp
lvis_000000433103,lvis_000000433103_yw_211406,1,known_tp
lvis_000000210273,lvis_000000210273_yw_102157,1,known_tp
lvis_000000533536,lvis_000000533536_yw_258567,0,wrong_known_class_or_duplicate
lvis_000000171611,lvis_000000171611_yw_082131,1,known_tp
lvis_000000210394,lvis_000000210394_yw_102465,1,known_tp
lvis_000000210394,lvis_000000210394_yw_102466,0,background_false_accept
lvis_000000324258,lvis_000000324258_yw_158582,1,known_tp
lvis_000000443844,lvis_000000443844_yw_217450,1,known_tp
lvis_000000094157,lvis_000000094157_yw_042029,1,known_tp
lvis_000000133819,lvis_000000133819_yw_060685,1,known_tp
lvis_000000073533,lvis_000000073533_yw_032176,1,known_tp
lvis_000000376625,lvis_000000376625_yw_183820,0,wrong_known_class_or_duplicate
lvis_000000277005,lvis_000000277005_yw_133968,1,known_tp
lvis_000000156924,lvis_000000156924_yw_074612,1,known_tp
lvis_000000184338,lvis_000000184338_yw_089706,1,known_tp
lvis_000000271471,lvis_000000271471_yw_131554,1,known_tp
lvis_000000378139,lvis_000000378139_yw_185936,1,known_tp
lvis_000000295420,lvis_000000295420_yw_144684,1,known_tp
lvis_000000166747,lvis_000000166747_yw_079665,1,known_tp
lvis_000000527220,lvis_000000527220_yw_255590,1,known_tp
lvis_000000277005,lvis_000000277005_yw_133969,1,known_tp
lvis_000000324818,lvis_000000324818_yw_158652,1,known_tp
lvis_000000252559,lvis_000000252559_yw_122386,1,known_tp
lvis_000000356612,lvis_000000356612_yw_173657,1,known_tp
lvis_000000506656,lvis_000000506656_yw_245482,0,background_false_accept
lvis_000000323751,lvis_000000323751_yw_158180,1,known_tp
lvis_000000274708,lvis_000000274708_yw_133078,1,known_tp
lvis_000000330369,lvis_000000330369_yw_160956,1,known_tp
lvis_000000382125,lvis_000000382125_yw_188194,1,known_tp
lvis_000000157756,lvis_000000157756_yw_074883,1,known_tp
lvis_000000169169,lvis_000000169169_yw_080724,1,known_tp
lvis_000000349860,lvis_000000349860_yw_170324,1,known_tp
lvis_000000277005,lvis_000000277005_yw_133970,0,background_false_accept
lvis_000000189475,lvis_000000189475_yw_092264,1,known_tp
lvis_000000569030,lvis_000000569030_yw_275672,0,wrong_known_class_or_duplicate
lvis_000000094157,lvis_000000094157_yw_042030,1,known_tp
lvis_000000376093,lvis_000000376093_yw_183299,1,known_tp
lvis_000000288685,lvis_000000288685_yw_140359,1,known_tp
lvis_000000196442,lvis_000000196442_yw_096298,1,known_tp
lvis_000000523033,lvis_000000523033_yw_253912,1,known_tp
lvis_000000569030,lvis_000000569030_yw_275673,0,background_false_accept
lvis_000000167486,lvis_000000167486_yw_080218,0,background_false_accept
lvis_000000551815,lvis_000000551815_yw_267339,1,known_tp
lvis_000000214539,lvis_000000214539_yw_105042,1,known_tp
lvis_000000569976,lvis_000000569976_yw_276136,1,known_tp
lvis_000000330369,lvis_000000330369_yw_160957,1,known_tp
lvis_000000493286,lvis_000000493286_yw_240170,1,known_tp
lvis_000000100723,lvis_000000100723_yw_045380,0,background_false_accept
lvis_000000268378,lvis_000000268378_yw_130489,1,known_tp
lvis_000000210273,lvis_000000210273_yw_102158,0,background_false_accept
lvis_000000210273,lvis_000000210273_yw_102159,1,known_tp
lvis_000000274708,lvis_000000274708_yw_133079,1,known_tp
lvis_000000288685,lvis_000000288685_yw_140360,1,known_tp
lvis_000000320743,lvis_000000320743_yw_157006,1,known_tp
lvis_000000273715,lvis_000000273715_yw_132364,1,known_tp
lvis_000000377113,lvis_000000377113_yw_184285,1,known_tp
lvis_000000169169,lvis_000000169169_yw_080725,1,known_tp
lvis_000000278749,lvis_000000278749_yw_134552,1,known_tp
lvis_000000100723,lvis_000000100723_yw_045381,1,known_tp
lvis_000000453841,lvis_000000453841_yw_221370,1,known_tp
lvis_000000284762,lvis_000000284762_yw_138872,1,known_tp
lvis_000000350607,lvis_000000350607_yw_171200,1,known_tp
lvis_000000376625,lvis_000000376625_yw_183821,1,known_tp
lvis_000000378515,lvis_000000378515_yw_186272,1,known_tp
lvis_000000167486,lvis_000000167486_yw_080219,1,known_tp
lvis_000000433103,lvis_000000433103_yw_211407,1,known_tp
lvis_000000212573,lvis_000000212573_yw_103608,1,known_tp
lvis_000000502599,lvis_000000502599_yw_244213,1,known_tp
lvis_000000067315,lvis_000000067315_yw_030369,1,known_tp
lvis_000000039670,lvis_000000039670_yw_018111,1,known_tp
lvis_000000288685,lvis_000000288685_yw_140361,1,known_tp
lvis_000000288685,lvis_000000288685_yw_140362,1,known_tp
lvis_000000010707,lvis_000000010707_yw_004822,1,known_tp
lvis_000000288685,lvis_000000288685_yw_140363,1,known_tp
lvis_000000210273,lvis_000000210273_yw_102160,1,known_tp
lvis_000000495054,lvis_000000495054_yw_240982,1,known_tp
lvis_000000151480,lvis_000000151480_yw_071418,1,known_tp
lvis_000000094157,lvis_000000094157_yw_042031,1,known_tp
lvis_000000210273,lvis_000000210273_yw_102161,1,known_tp
lvis_000000268378,lvis_000000268378_yw_130490,1,known_tp
lvis_000000463037,lvis_000000463037_yw_226250,0,wrong_known_class_or_duplicate
lvis_000000158548,lvis_000000158548_yw_075214,1,known_tp
lvis_000000376625,lvis_000000376625_yw_183822,1,known_tp
lvis_000000210273,lvis_000000210273_yw_102162,1,known_tp
lvis_000000523033,lvis_000000523033_yw_253913,1,known_tp
lvis_000000441468,lvis_000000441468_yw_215672,1,known_tp
lvis_000000297147,lvis_000000297147_yw_146095,1,known_tp
lvis_000000169076,lvis_000000169076_yw_080681,1,known_tp
lvis_000000210394,lvis_000000210394_yw_102467,1,known_tp
lvis_000000122927,lvis_000000122927_yw_054056,1,known_tp
lvis_000000377946,lvis_000000377946_yw_185761,0,wrong_known_class_or_duplicate
lvis_000000130826,lvis_000000130826_yw_058607,1,known_tp
lvis_000000166747,lvis_000000166747_yw_079666,1,known_tp
lvis_000000268378,lvis_000000268378_yw_130491,1,known_tp
lvis_000000156643,lvis_000000156643_yw_074496,1,known_tp
lvis_000000314264,lvis_000000314264_yw_154902,1,known_tp
lvis_000000171611,lvis_000000171611_yw_082132,1,known_tp
lvis_000000376625,lvis_000000376625_yw_183823,1,known_tp
lvis_000000100723,lvis_000000100723_yw_045382,0,background_false_accept
lvis_000000441468,lvis_000000441468_yw_215673,1,known_tp
lvis_000000541123,lvis_000000541123_yw_262138,0,background_false_accept
lvis_000000232692,lvis_000000232692_yw_115385,1,known_tp
lvis_000000255749,lvis_000000255749_yw_123929,1,known_tp
lvis_000000350122,lvis_000000350122_yw_170771,0,background_false_accept
lvis_000000009590,lvis_000000009590_yw_004487,1,known_tp
lvis_000000329041,lvis_000000329041_yw_160331,1,known_tp
lvis_000000158548,lvis_000000158548_yw_075215,1,known_tp
lvis_000000379332,lvis_000000379332_yw_186883,1,known_tp
lvis_000000569030,lvis_000000569030_yw_275674,1,known_tp
lvis_000000349184,lvis_000000349184_yw_170148,1,known_tp
lvis_000000151480,lvis_000000151480_yw_071419,1,known_tp
lvis_000000150224,lvis_000000150224_yw_070997,1,known_tp
lvis_000000233238,lvis_000000233238_yw_115578,1,known_tp
lvis_000000133819,lvis_000000133819_yw_060686,1,known_tp
lvis_000000089697,lvis_000000089697_yw_041052,1,known_tp
lvis_000000525322,lvis_000000525322_yw_254927,1,known_tp
lvis_000000322968,lvis_000000322968_yw_157775,0,background_false_accept
lvis_000000456292,lvis_000000456292_yw_222639,1,known_tp
lvis_000000436883,lvis_000000436883_yw_213333,1,known_tp
lvis_000000349860,lvis_000000349860_yw_170325,1,known_tp
lvis_000000289938,lvis_000000289938_yw_141404,1,known_tp
lvis_000000561958,lvis_000000561958_yw_271750,0,background_false_accept
lvis_000000425221,lvis_000000425221_yw_206886,1,known_tp
lvis_000000145020,lvis_000000145020_yw_067586,1,known_tp
lvis_000000569273,lvis_000000569273_yw_275972,1,known_tp
lvis_000000328238,lvis_000000328238_yw_159903,1,known_tp
lvis_000000561958,lvis_000000561958_yw_271751,0,background_false_accept
lvis_000000057760,lvis_000000057760_yw_025345,1,known_tp
lvis_000000210273,lvis_000000210273_yw_102163,0,background_false_accept
lvis_000000389316,lvis_000000389316_yw_191128,1,known_tp
lvis_000000210394,lvis_000000210394_yw_102468,1,known_tp
lvis_000000226903,lvis_000000226903_yw_111382,1,known_tp
lvis_000000252559,lvis_000000252559_yw_122387,1,known_tp
lvis_000000087476,lvis_000000087476_yw_039841,1,known_tp
lvis_000000057760,lvis_000000057760_yw_025346,1,known_tp
lvis_000000571598,lvis_000000571598_yw_277206,0,background_false_accept
lvis_000000100723,lvis_000000100723_yw_045383,1,known_tp
lvis_000000263969,lvis_000000263969_yw_128406,1,known_tp
lvis_000000232692,lvis_000000232692_yw_115386,0,wrong_known_class_or_duplicate
lvis_000000288685,lvis_000000288685_yw_140364,1,known_tp
lvis_000000320743,lvis_000000320743_yw_157007,1,known_tp
lvis_000000211674,lvis_000000211674_yw_102928,0,background_false_accept
lvis_000000453841,lvis_000000453841_yw_221371,1,known_tp
lvis_000000130826,lvis_000000130826_yw_058608,1,known_tp
lvis_000000360325,lvis_000000360325_yw_175091,0,wrong_known_class_or_duplicate
lvis_000000057760,lvis_000000057760_yw_025347,1,known_tp
lvis_000000465718,lvis_000000465718_yw_228297,1,known_tp
lvis_000000211674,lvis_000000211674_yw_102929,1,known_tp
lvis_000000211825,lvis_000000211825_yw_103228,1,known_tp
lvis_000000157756,lvis_000000157756_yw_074884,1,known_tp
lvis_000000092416,lvis_000000092416_yw_041565,1,known_tp
lvis_000000166747,lvis_000000166747_yw_079667,0,background_false_accept
lvis_000000210273,lvis_000000210273_yw_102164,0,background_false_accept
lvis_000000465718,lvis_000000465718_yw_228298,1,known_tp
lvis_000000349860,lvis_000000349860_yw_170326,1,known_tp
lvis_000000378515,lvis_000000378515_yw_186273,1,known_tp
lvis_000000441468,lvis_000000441468_yw_215674,0,background_false_accept
lvis_000000100723,lvis_000000100723_yw_045384,1,known_tp
lvis_000000303713,lvis_000000303713_yw_148951,1,known_tp
lvis_000000130826,lvis_000000130826_yw_058609,1,known_tp
lvis_000000094157,lvis_000000094157_yw_042032,1,known_tp
lvis_000000210273,lvis_000000210273_yw_102165,1,known_tp
lvis_000000333402,lvis_000000333402_yw_162045,0,background_false_accept
lvis_000000310072,lvis_000000310072_yw_152759,1,known_tp
lvis_000000244379,lvis_000000244379_yw_119739,1,known_tp
lvis_000000377946,lvis_000000377946_yw_185762,1,known_tp
lvis_000000011149,lvis_000000011149_yw_004945,0,background_false_accept
lvis_000000350122,lvis_000000350122_yw_170772,1,known_tp
lvis_000000465718,lvis_000000465718_yw_228299,1,known_tp
lvis_000000032817,lvis_000000032817_yw_014944,1,known_tp
lvis_000000295420,lvis_000000295420_yw_144685,0,background_false_accept
lvis_000000233238,lvis_000000233238_yw_115579,1,known_tp
lvis_000000231879,lvis_000000231879_yw_115092,1,known_tp
lvis_000000493286,lvis_000000493286_yw_240171,1,known_tp
lvis_000000092416,lvis_000000092416_yw_041566,1,known_tp
lvis_000000288685,lvis_000000288685_yw_140365,1,known_tp
lvis_000000458223,lvis_000000458223_yw_223706,1,known_tp
lvis_000000133819,lvis_000000133819_yw_060687,1,known_tp
lvis_000000169169,lvis_000000169169_yw_080726,0,background_false_accept
lvis_000000498709,lvis_000000498709_yw_242161,1,known_tp
lvis_000000465718,lvis_000000465718_yw_228300,0,background_false_accept
lvis_000000350003,lvis_000000350003_yw_170439,1,known_tp
lvis_000000378139,lvis_000000378139_yw_185937,1,known_tp
lvis_000000388056,lvis_000000388056_yw_190257,1,known_tp
lvis_000000377946,lvis_000000377946_yw_185763,1,known_tp
lvis_000000433103,lvis_000000433103_yw_211409,1,known_tp
lvis_000000336658,lvis_000000336658_yw_164470,1,known_tp
lvis_000000317999,lvis_000000317999_yw_155640,1,known_tp
lvis_000000089697,lvis_000000089697_yw_041053,1,known_tp
lvis_000000169169,lvis_000000169169_yw_080727,1,known_tp
lvis_000000210394,lvis_000000210394_yw_102469,0,background_false_accept
lvis_000000247917,lvis_000000247917_yw_120908,1,known_tp
lvis_000000189475,lvis_000000189475_yw_092265,1,known_tp
lvis_000000436883,lvis_000000436883_yw_213334,1,known_tp
lvis_000000378515,lvis_000000378515_yw_186274,1,known_tp
lvis_000000056545,lvis_000000056545_yw_024402,1,known_tp
lvis_000000310072,lvis_000000310072_yw_152760,1,known_tp
lvis_000000094157,lvis_000000094157_yw_042033,1,known_tp
lvis_000000119365,lvis_000000119365_yw_051898,1,known_tp
lvis_000000041888,lvis_000000041888_yw_018677,1,known_tp
lvis_000000329041,lvis_000000329041_yw_160332,1,known_tp
lvis_000000453841,lvis_000000453841_yw_221372,1,known_tp
lvis_000000356612,lvis_000000356612_yw_173658,1,known_tp
lvis_000000295420,lvis_000000295420_yw_144686,1,known_tp
lvis_000000433103,lvis_000000433103_yw_211410,1,known_tp
lvis_000000100723,lvis_000000100723_yw_045385,1,known_tp
lvis_000000320743,lvis_000000320743_yw_157008,1,known_tp
lvis_000000467315,lvis_000000467315_yw_229019,1,known_tp
lvis_000000210394,lvis_000000210394_yw_102470,1,known_tp
lvis_000000268378,lvis_000000268378_yw_130492,1,known_tp
lvis_000000360325,lvis_000000360325_yw_175092,1,known_tp
lvis_000000135890,lvis_000000135890_yw_062072,1,known_tp
lvis_000000328238,lvis_000000328238_yw_159904,1,known_tp
lvis_000000335529,lvis_000000335529_yw_163460,1,known_tp
lvis_000000453841,lvis_000000453841_yw_221373,1,known_tp
lvis_000000396200,lvis_000000396200_yw_193530,1,known_tp
lvis_000000021839,lvis_000000021839_yw_010729,1,known_tp
lvis_000000133969,lvis_000000133969_yw_060991,1,known_tp
lvis_000000273198,lvis_000000273198_yw_132017,1,known_tp
lvis_000000414133,lvis_000000414133_yw_202217,1,known_tp
lvis_000000100723,lvis_000000100723_yw_045386,0,background_false_accept
lvis_000000157756,lvis_000000157756_yw_074885,1,known_tp
lvis_000000465718,lvis_000000465718_yw_228301,1,known_tp
lvis_000000180487,lvis_000000180487_yw_086585,1,known_tp
lvis_000000288685,lvis_000000288685_yw_140366,0,background_false_accept
lvis_000000360960,lvis_000000360960_yw_175393,1,known_tp
lvis_000000092416,lvis_000000092416_yw_041567,1,known_tp
lvis_000000377946,lvis_000000377946_yw_185764,1,known_tp
lvis_000000288685,lvis_000000288685_yw_140367,1,known_tp
lvis_000000119365,lvis_000000119365_yw_051899,0,background_false_accept
lvis_000000486438,lvis_000000486438_yw_237393,1,known_tp
lvis_000000133819,lvis_000000133819_yw_060688,0,background_false_accept
lvis_000000383289,lvis_000000383289_yw_188333,1,known_tp
lvis_000000441468,lvis_000000441468_yw_215675,1,known_tp
lvis_000000561958,lvis_000000561958_yw_271752,1,known_tp
lvis_000000288685,lvis_000000288685_yw_140368,0,background_false_accept
lvis_000000100723,lvis_000000100723_yw_045387,0,background_false_accept
lvis_000000021839,lvis_000000021839_yw_010730,1,known_tp
lvis_000000277005,lvis_000000277005_yw_133971,1,known_tp
lvis_000000425226,lvis_000000425226_yw_207048,0,background_false_accept
lvis_000000303713,lvis_000000303713_yw_148952,1,known_tp
lvis_000000288685,lvis_000000288685_yw_140369,1,known_tp
lvis_000000288685,lvis_000000288685_yw_140370,1,known_tp
lvis_000000458410,lvis_000000458410_yw_224010,0,unknown_false_accept
lvis_000000374545,lvis_000000374545_yw_182644,1,known_tp
lvis_000000135890,lvis_000000135890_yw_062073,1,known_tp
lvis_000000278749,lvis_000000278749_yw_134553,1,known_tp
lvis_000000314914,lvis_000000314914_yw_154940,0,wrong_known_class_or_duplicate
lvis_000000476215,lvis_000000476215_yw_232517,1,known_tp
lvis_000000363840,lvis_000000363840_yw_177464,0,background_false_accept
lvis_000000374545,lvis_000000374545_yw_182645,1,known_tp
lvis_000000157756,lvis_000000157756_yw_074886,0,background_false_accept
lvis_000000252559,lvis_000000252559_yw_122388,1,known_tp
lvis_000000350003,lvis_000000350003_yw_170440,1,known_tp
lvis_000000210273,lvis_000000210273_yw_102166,1,known_tp
lvis_000000232692,lvis_000000232692_yw_115387,1,known_tp
lvis_000000153568,lvis_000000153568_yw_072607,0,wrong_known_class_or_duplicate
lvis_000000247917,lvis_000000247917_yw_120909,1,known_tp
lvis_000000212573,lvis_000000212573_yw_103609,1,known_tp
lvis_000000057760,lvis_000000057760_yw_025348,1,known_tp
lvis_000000210273,lvis_000000210273_yw_102167,0,background_false_accept
lvis_000000377946,lvis_000000377946_yw_185765,0,background_false_accept
lvis_000000136633,lvis_000000136633_yw_062281,1,known_tp
lvis_000000350122,lvis_000000350122_yw_170773,1,known_tp
lvis_000000374545,lvis_000000374545_yw_182646,1,known_tp
lvis_000000242411,lvis_000000242411_yw_118849,1,known_tp
lvis_000000046378,lvis_000000046378_yw_020068,1,known_tp
lvis_000000087476,lvis_000000087476_yw_039842,1,known_tp
lvis_000000289938,lvis_000000289938_yw_141405,1,known_tp
lvis_000000413247,lvis_000000413247_yw_201728,0,background_false_accept
lvis_000000021839,lvis_000000021839_yw_010731,1,known_tp
lvis_000000333402,lvis_000000333402_yw_162046,1,known_tp
lvis_000000356612,lvis_000000356612_yw_173659,0,background_false_accept
lvis_000000491613,lvis_000000491613_yw_239201,0,background_false_accept
lvis_000000361506,lvis_000000361506_yw_176065,1,known_tp
lvis_000000350122,lvis_000000350122_yw_170774,0,background_false_accept
lvis_000000283037,lvis_000000283037_yw_137523,1,known_tp
lvis_000000158548,lvis_000000158548_yw_075216,1,known_tp
lvis_000000476215,lvis_000000476215_yw_232518,1,known_tp
lvis_000000119365,lvis_000000119365_yw_051900,0,background_false_accept
lvis_000000021839,lvis_000000021839_yw_010732,1,known_tp
lvis_000000120420,lvis_000000120420_yw_052616,1,known_tp
lvis_000000210394,lvis_000000210394_yw_102471,1,known_tp
lvis_000000100723,lvis_000000100723_yw_045388,1,known_tp
lvis_000000361506,lvis_000000361506_yw_176066,1,known_tp
lvis_000000057760,lvis_000000057760_yw_025349,1,known_tp
lvis_000000157756,lvis_000000157756_yw_074887,1,known_tp
lvis_000000145020,lvis_000000145020_yw_067587,1,known_tp
lvis_000000147740,lvis_000000147740_yw_069626,1,known_tp
lvis_000000136633,lvis_000000136633_yw_062282,1,known_tp
lvis_000000277005,lvis_000000277005_yw_133972,1,known_tp
lvis_000000374545,lvis_000000374545_yw_182647,1,known_tp
lvis_000000210273,lvis_000000210273_yw_102168,1,known_tp
lvis_000000413247,lvis_000000413247_yw_201729,0,background_false_accept
lvis_000000335529,lvis_000000335529_yw_163461,1,known_tp
lvis_000000100723,lvis_000000100723_yw_045389,0,background_false_accept
lvis_000000414133,lvis_000000414133_yw_202218,1,known_tp
lvis_000000453841,lvis_000000453841_yw_221374,0,background_false_accept
lvis_000000425226,lvis_000000425226_yw_207049,0,background_false_accept
lvis_000000374545,lvis_000000374545_yw_182648,1,known_tp
lvis_000000465718,lvis_000000465718_yw_228302,0,background_false_accept
lvis_000000231879,lvis_000000231879_yw_115093,1,known_tp
lvis_000000561958,lvis_000000561958_yw_271753,0,background_false_accept
lvis_000000349184,lvis_000000349184_yw_170149,1,known_tp
lvis_000000428111,lvis_000000428111_yw_208975,1,known_tp
lvis_000000247917,lvis_000000247917_yw_120910,1,known_tp
lvis_000000100723,lvis_000000100723_yw_045390,0,background_false_accept
lvis_000000377946,lvis_000000377946_yw_185766,1,known_tp
lvis_000000210273,lvis_000000210273_yw_102169,1,known_tp
lvis_000000356612,lvis_000000356612_yw_173660,1,known_tp
lvis_000000226154,lvis_000000226154_yw_110492,1,known_tp
lvis_000000211674,lvis_000000211674_yw_102930,1,known_tp
lvis_000000277005,lvis_000000277005_yw_133973,0,background_false_accept
lvis_000000268378,lvis_000000268378_yw_130493,1,known_tp
lvis_000000502599,lvis_000000502599_yw_244214,1,known_tp
lvis_000000425221,lvis_000000425221_yw_206887,0,background_false_accept
lvis_000000428111,lvis_000000428111_yw_208976,1,known_tp
lvis_000000499768,lvis_000000499768_yw_242633,1,known_tp
lvis_000000133819,lvis_000000133819_yw_060689,0,background_false_accept
lvis_000000292155,lvis_000000292155_yw_143009,1,known_tp
lvis_000000214703,lvis_000000214703_yw_105330,1,known_tp
lvis_000000274708,lvis_000000274708_yw_133080,1,known_tp
lvis_000000012576,lvis_000000012576_yw_005707,1,known_tp
lvis_000000374545,lvis_000000374545_yw_182649,1,known_tp
lvis_000000057760,lvis_000000057760_yw_025350,1,known_tp
lvis_000000392818,lvis_000000392818_yw_192025,1,known_tp
lvis_000000336658,lvis_000000336658_yw_164471,1,known_tp
lvis_000000350122,lvis_000000350122_yw_170775,1,known_tp
lvis_000000100723,lvis_000000100723_yw_045391,0,background_false_accept
lvis_000000288685,lvis_000000288685_yw_140371,0,background_false_accept
lvis_000000388056,lvis_000000388056_yw_190258,0,wrong_known_class_or_duplicate
lvis_000000541123,lvis_000000541123_yw_262139,1,known_tp
lvis_000000303713,lvis_000000303713_yw_148953,1,known_tp
lvis_000000218439,lvis_000000218439_yw_106672,0,background_false_accept
lvis_000000092416,lvis_000000092416_yw_041568,1,known_tp
lvis_000000569273,lvis_000000569273_yw_275973,1,known_tp
lvis_000000136633,lvis_000000136633_yw_062283,0,background_false_accept
lvis_000000428111,lvis_000000428111_yw_208977,1,known_tp
lvis_000000210394,lvis_000000210394_yw_102472,1,known_tp
lvis_000000157756,lvis_000000157756_yw_074888,1,known_tp
lvis_000000147740,lvis_000000147740_yw_069627,1,known_tp
lvis_000000561958,lvis_000000561958_yw_271754,0,background_false_accept
lvis_000000169169,lvis_000000169169_yw_080728,1,known_tp
lvis_000000377946,lvis_000000377946_yw_185767,1,known_tp
lvis_000000212226,lvis_000000212226_yw_103326,0,wrong_known_class_or_duplicate
lvis_000000210273,lvis_000000210273_yw_102170,1,known_tp
lvis_000000511076,lvis_000000511076_yw_248095,0,background_false_accept
lvis_000000166747,lvis_000000166747_yw_079668,0,background_false_accept
lvis_000000378139,lvis_000000378139_yw_185938,1,known_tp
lvis_000000011149,lvis_000000011149_yw_004946,1,known_tp
lvis_000000169076,lvis_000000169076_yw_080682,1,known_tp
lvis_000000103548,lvis_000000103548_yw_046052,1,known_tp
lvis_000000078823,lvis_000000078823_yw_034828,1,known_tp
lvis_000000169076,lvis_000000169076_yw_080683,1,known_tp
lvis_000000010707,lvis_000000010707_yw_004823,0,unknown_false_accept
lvis_000000100723,lvis_000000100723_yw_045392,0,background_false_accept
lvis_000000151480,lvis_000000151480_yw_071420,1,known_tp
lvis_000000534041,lvis_000000534041_yw_258910,1,known_tp
lvis_000000121497,lvis_000000121497_yw_053169,1,known_tp
lvis_000000218439,lvis_000000218439_yw_106673,0,background_false_accept
lvis_000000423104,lvis_000000423104_yw_205692,0,background_false_accept
lvis_000000562243,lvis_000000562243_yw_272184,1,known_tp
lvis_000000303713,lvis_000000303713_yw_148954,0,background_false_accept
lvis_000000336658,lvis_000000336658_yw_164472,1,known_tp
lvis_000000166259,lvis_000000166259_yw_079288,1,known_tp
lvis_000000145020,lvis_000000145020_yw_067588,1,known_tp
lvis_000000255749,lvis_000000255749_yw_123930,1,known_tp
lvis_000000523100,lvis_000000523100_yw_253922,1,known_tp
lvis_000000156643,lvis_000000156643_yw_074497,1,known_tp
lvis_000000100723,lvis_000000100723_yw_045393,0,background_false_accept
lvis_000000525322,lvis_000000525322_yw_254928,1,known_tp
lvis_000000467315,lvis_000000467315_yw_229020,0,background_false_accept
lvis_000000136633,lvis_000000136633_yw_062284,1,known_tp
lvis_000000377946,lvis_000000377946_yw_185768,1,known_tp
lvis_000000210273,lvis_000000210273_yw_102171,1,known_tp
lvis_000000414133,lvis_000000414133_yw_202219,1,known_tp
lvis_000000425221,lvis_000000425221_yw_206888,0,wrong_known_class_or_duplicate
lvis_000000226154,lvis_000000226154_yw_110493,1,known_tp
lvis_000000130826,lvis_000000130826_yw_058610,0,background_false_accept
lvis_000000527220,lvis_000000527220_yw_255591,1,known_tp
lvis_000000150224,lvis_000000150224_yw_070998,1,known_tp
lvis_000000167486,lvis_000000167486_yw_080220,0,background_false_accept
lvis_000000507223,lvis_000000507223_yw_246230,1,known_tp
lvis_000000450202,lvis_000000450202_yw_219904,0,background_false_accept
lvis_000000247917,lvis_000000247917_yw_120911,1,known_tp
lvis_000000288685,lvis_000000288685_yw_140372,1,known_tp
lvis_000000233238,lvis_000000233238_yw_115581,1,known_tp
lvis_000000511321,lvis_000000511321_yw_248348,1,known_tp
lvis_000000021839,lvis_000000021839_yw_010733,1,known_tp
lvis_000000288685,lvis_000000288685_yw_140373,1,known_tp
lvis_000000495054,lvis_000000495054_yw_240983,1,known_tp
lvis_000000568584,lvis_000000568584_yw_275471,0,unknown_false_accept
lvis_000000502599,lvis_000000502599_yw_244215,0,background_false_accept
lvis_000000212573,lvis_000000212573_yw_103610,1,known_tp
lvis_000000271471,lvis_000000271471_yw_131555,1,known_tp
lvis_000000289938,lvis_000000289938_yw_141406,1,known_tp
lvis_000000078823,lvis_000000078823_yw_034829,1,known_tp
lvis_000000218439,lvis_000000218439_yw_106674,1,known_tp
lvis_000000021839,lvis_000000021839_yw_010734,1,known_tp
lvis_000000166747,lvis_000000166747_yw_079669,1,known_tp
lvis_000000157756,lvis_000000157756_yw_074889,1,known_tp
lvis_000000425221,lvis_000000425221_yw_206889,1,known_tp
lvis_000000511076,lvis_000000511076_yw_248096,1,known_tp
lvis_000000278749,lvis_000000278749_yw_134554,1,known_tp
lvis_000000247917,lvis_000000247917_yw_120912,1,known_tp
lvis_000000277005,lvis_000000277005_yw_133974,0,background_false_accept
lvis_000000211674,lvis_000000211674_yw_102931,1,known_tp
lvis_000000057760,lvis_000000057760_yw_025351,1,known_tp
lvis_000000350122,lvis_000000350122_yw_170776,1,known_tp
lvis_000000211674,lvis_000000211674_yw_102932,0,background_false_accept
lvis_000000120420,lvis_000000120420_yw_052617,1,known_tp
lvis_000000360960,lvis_000000360960_yw_175394,0,background_false_accept
lvis_000000274708,lvis_000000274708_yw_133081,1,known_tp
lvis_000000289938,lvis_000000289938_yw_141407,0,background_false_accept
lvis_000000140203,lvis_000000140203_yw_064166,1,known_tp
lvis_000000336587,lvis_000000336587_yw_164333,0,wrong_known_class_or_duplicate
lvis_000000436883,lvis_000000436883_yw_213335,0,wrong_known_class_or_duplicate
lvis_000000277005,lvis_000000277005_yw_133975,0,wrong_known_class_or_duplicate
lvis_000000150224,lvis_000000150224_yw_070999,1,known_tp
lvis_000000120420,lvis_000000120420_yw_052618,1,known_tp
lvis_000000511076,lvis_000000511076_yw_248097,1,known_tp
lvis_000000447917,lvis_000000447917_yw_218482,1,known_tp
lvis_000000100723,lvis_000000100723_yw_045394,1,known_tp
lvis_000000140203,lvis_000000140203_yw_064167,1,known_tp
lvis_000000218439,lvis_000000218439_yw_106675,0,background_false_accept
lvis_000000349184,lvis_000000349184_yw_170150,1,known_tp
lvis_000000060052,lvis_000000060052_yw_026379,1,known_tp
lvis_000000057760,lvis_000000057760_yw_025352,0,background_false_accept
lvis_000000203931,lvis_000000203931_yw_099036,1,known_tp
lvis_000000210394,lvis_000000210394_yw_102473,0,background_false_accept
lvis_000000465718,lvis_000000465718_yw_228303,0,background_false_accept
lvis_000000169076,lvis_000000169076_yw_080684,1,known_tp
lvis_000000103548,lvis_000000103548_yw_046053,1,known_tp
lvis_000000377113,lvis_000000377113_yw_184286,1,known_tp
lvis_000000393115,lvis_000000393115_yw_192217,1,known_tp
lvis_000000218439,lvis_000000218439_yw_106676,0,background_false_accept
lvis_000000210273,lvis_000000210273_yw_102172,0,background_false_accept
lvis_000000119365,lvis_000000119365_yw_051901,0,background_false_accept
lvis_000000360325,lvis_000000360325_yw_175093,0,wrong_known_class_or_duplicate
lvis_000000169169,lvis_000000169169_yw_080729,1,known_tp
lvis_000000169169,lvis_000000169169_yw_080730,1,known_tp
lvis_000000423104,lvis_000000423104_yw_205694,0,background_false_accept
lvis_000000350003,lvis_000000350003_yw_170441,1,known_tp
lvis_000000350122,lvis_000000350122_yw_170777,0,background_false_accept
lvis_000000210273,lvis_000000210273_yw_102173,0,background_false_accept
lvis_000000396200,lvis_000000396200_yw_193531,1,known_tp
lvis_000000133819,lvis_000000133819_yw_060690,1,known_tp
lvis_000000156643,lvis_000000156643_yw_074498,1,known_tp
lvis_000000158548,lvis_000000158548_yw_075217,0,wrong_known_class_or_duplicate
lvis_000000067315,lvis_000000067315_yw_030371,0,wrong_known_class_or_duplicate
lvis_000000094157,lvis_000000094157_yw_042034,1,known_tp
lvis_000000563702,lvis_000000563702_yw_273084,1,known_tp
lvis_000000378139,lvis_000000378139_yw_185939,1,known_tp
lvis_000000303713,lvis_000000303713_yw_148955,1,known_tp
lvis_000000210273,lvis_000000210273_yw_102174,0,background_false_accept
lvis_000000563702,lvis_000000563702_yw_273085,1,known_tp
lvis_000000378139,lvis_000000378139_yw_185940,1,known_tp
lvis_000000135673,lvis_000000135673_yw_062053,1,known_tp
lvis_000000166259,lvis_000000166259_yw_079289,1,known_tp
lvis_000000189475,lvis_000000189475_yw_092266,1,known_tp
lvis_000000377575,lvis_000000377575_yw_185104,1,known_tp
lvis_000000360960,lvis_000000360960_yw_175395,1,known_tp
lvis_000000041888,lvis_000000041888_yw_018678,1,known_tp
lvis_000000569273,lvis_000000569273_yw_275974,1,known_tp
lvis_000000491090,lvis_000000491090_yw_238801,1,known_tp
lvis_000000571598,lvis_000000571598_yw_277207,1,known_tp
lvis_000000511076,lvis_000000511076_yw_248098,1,known_tp
lvis_000000278749,lvis_000000278749_yw_134555,1,known_tp
lvis_000000133819,lvis_000000133819_yw_060691,1,known_tp
lvis_000000297147,lvis_000000297147_yw_146096,1,known_tp
lvis_000000157756,lvis_000000157756_yw_074890,1,known_tp
lvis_000000214539,lvis_000000214539_yw_105043,0,background_false_accept
lvis_000000475904,lvis_000000475904_yw_232426,1,known_tp
lvis_000000115885,lvis_000000115885_yw_050883,1,known_tp
lvis_000000283037,lvis_000000283037_yw_137524,1,known_tp
lvis_000000303713,lvis_000000303713_yw_148956,0,background_false_accept
lvis_000000144932,lvis_000000144932_yw_067519,1,known_tp
lvis_000000013729,lvis_000000013729_yw_006625,0,background_false_accept
lvis_000000450202,lvis_000000450202_yw_219905,1,known_tp
lvis_000000561958,lvis_000000561958_yw_271755,0,background_false_accept
lvis_000000167486,lvis_000000167486_yw_080221,1,known_tp
lvis_000000218439,lvis_000000218439_yw_106677,0,background_false_accept
lvis_000000054628,lvis_000000054628_yw_023464,1,known_tp
lvis_000000166747,lvis_000000166747_yw_079670,0,background_false_accept
lvis_000000197528,lvis_000000197528_yw_096615,0,background_false_accept
lvis_000000210394,lvis_000000210394_yw_102474,0,background_false_accept
lvis_000000210394,lvis_000000210394_yw_102475,1,known_tp
lvis_000000103548,lvis_000000103548_yw_046054,1,known_tp
lvis_000000218439,lvis_000000218439_yw_106678,0,background_false_accept
lvis_000000218439,lvis_000000218439_yw_106679,0,background_false_accept
lvis_000000507223,lvis_000000507223_yw_246231,1,known_tp
lvis_000000320743,lvis_000000320743_yw_157009,1,known_tp
lvis_000000145020,lvis_000000145020_yw_067589,1,known_tp
lvis_000000312421,lvis_000000312421_yw_153836,1,known_tp
lvis_000000374545,lvis_000000374545_yw_182650,0,background_false_accept
lvis_000000252559,lvis_000000252559_yw_122389,1,known_tp
lvis_000000103548,lvis_000000103548_yw_046055,1,known_tp
lvis_000000349184,lvis_000000349184_yw_170151,1,known_tp
lvis_000000218439,lvis_000000218439_yw_106680,0,background_false_accept
lvis_000000288685,lvis_000000288685_yw_140375,0,background_false_accept
lvis_000000210273,lvis_000000210273_yw_102175,1,known_tp
lvis_000000376625,lvis_000000376625_yw_183824,1,known_tp
lvis_000000441468,lvis_000000441468_yw_215676,1,known_tp
lvis_000000561958,lvis_000000561958_yw_271756,1,known_tp
lvis_000000288685,lvis_000000288685_yw_140376,0,background_false_accept
lvis_000000356612,lvis_000000356612_yw_173661,1,known_tp
lvis_000000210273,lvis_000000210273_yw_102176,0,background_false_accept
lvis_000000415536,lvis_000000415536_yw_202861,1,known_tp
lvis_000000145020,lvis_000000145020_yw_067590,1,known_tp
lvis_000000277005,lvis_000000277005_yw_133976,0,background_false_accept
lvis_000000239347,lvis_000000239347_yw_117724,1,known_tp
lvis_000000157756,lvis_000000157756_yw_074891,0,background_false_accept
lvis_000000506656,lvis_000000506656_yw_245483,0,background_false_accept
lvis_000000169169,lvis_000000169169_yw_080731,0,background_false_accept
lvis_000000203931,lvis_000000203931_yw_099037,0,background_false_accept
lvis_000000511076,lvis_000000511076_yw_248099,1,known_tp
lvis_000000410735,lvis_000000410735_yw_200321,1,known_tp
lvis_000000388056,lvis_000000388056_yw_190259,1,known_tp
lvis_000000133969,lvis_000000133969_yw_060992,1,known_tp
lvis_000000103548,lvis_000000103548_yw_046056,0,background_false_accept
lvis_000000145020,lvis_000000145020_yw_067591,1,known_tp
lvis_000000157756,lvis_000000157756_yw_074892,1,known_tp
lvis_000000041888,lvis_000000041888_yw_018679,1,known_tp
lvis_000000057760,lvis_000000057760_yw_025353,0,background_false_accept
lvis_000000433103,lvis_000000433103_yw_211413,1,known_tp
lvis_000000561958,lvis_000000561958_yw_271757,1,known_tp
lvis_000000218439,lvis_000000218439_yw_106681,0,background_false_accept
lvis_000000378515,lvis_000000378515_yw_186275,1,known_tp
lvis_000000210394,lvis_000000210394_yw_102476,0,background_false_accept
lvis_000000242411,lvis_000000242411_yw_118850,0,background_false_accept
lvis_000000376625,lvis_000000376625_yw_183825,1,known_tp
lvis_000000288685,lvis_000000288685_yw_140377,0,background_false_accept
lvis_000000210273,lvis_000000210273_yw_102177,0,background_false_accept
lvis_000000148719,lvis_000000148719_yw_070175,0,wrong_known_class_or_duplicate
lvis_000000336658,lvis_000000336658_yw_164473,1,known_tp
lvis_000000145020,lvis_000000145020_yw_067592,1,known_tp
lvis_000000453841,lvis_000000453841_yw_221375,1,known_tp
lvis_000000166259,lvis_000000166259_yw_079290,1,known_tp
lvis_000000145020,lvis_000000145020_yw_067593,0,background_false_accept
lvis_000000186345,lvis_000000186345_yw_090562,1,known_tp
lvis_000000378515,lvis_000000378515_yw_186276,1,known_tp
lvis_000000377113,lvis_000000377113_yw_184287,1,known_tp
lvis_000000303713,lvis_000000303713_yw_148957,0,background_false_accept
lvis_000000009891,lvis_000000009891_yw_004599,1,known_tp
lvis_000000277005,lvis_000000277005_yw_133977,1,known_tp
lvis_000000529568,lvis_000000529568_yw_256542,0,background_false_accept
lvis_000000344909,lvis_000000344909_yw_168684,1,known_tp
lvis_000000133969,lvis_000000133969_yw_060993,0,background_false_accept
lvis_000000376625,lvis_000000376625_yw_183826,0,background_false_accept
lvis_000000232692,lvis_000000232692_yw_115388,0,background_false_accept
lvis_000000561958,lvis_000000561958_yw_271758,0,background_false_accept
lvis_000000441468,lvis_000000441468_yw_215677,1,known_tp
lvis_000000210273,lvis_000000210273_yw_102178,0,background_false_accept
lvis_000000376625,lvis_000000376625_yw_183827,1,known_tp
lvis_000000147740,lvis_000000147740_yw_069628,1,known_tp
lvis_000000084650,lvis_000000084650_yw_038390,1,known_tp
lvis_000000356612,lvis_000000356612_yw_173662,0,background_false_accept
lvis_000000189475,lvis_000000189475_yw_092267,1,known_tp
lvis_000000421060,lvis_000000421060_yw_205079,0,background_false_accept
lvis_000000303713,lvis_000000303713_yw_148958,0,background_false_accept
lvis_000000210394,lvis_000000210394_yw_102477,0,background_false_accept
lvis_000000288685,lvis_000000288685_yw_140378,0,background_false_accept
lvis_000000356612,lvis_000000356612_yw_173663,1,known_tp
lvis_000000100723,lvis_000000100723_yw_045395,0,background_false_accept
lvis_000000157756,lvis_000000157756_yw_074893,1,known_tp
lvis_000000534601,lvis_000000534601_yw_259348,0,unknown_false_accept
lvis_000000356612,lvis_000000356612_yw_173664,0,background_false_accept
lvis_000000336587,lvis_000000336587_yw_164334,0,background_false_accept
lvis_000000441491,lvis_000000441491_yw_215790,1,known_tp
lvis_000000428111,lvis_000000428111_yw_208978,1,known_tp
lvis_000000423104,lvis_000000423104_yw_205695,0,background_false_accept
lvis_000000133819,lvis_000000133819_yw_060692,1,known_tp
lvis_000000277005,lvis_000000277005_yw_133978,1,known_tp
lvis_000000493286,lvis_000000493286_yw_240172,0,background_false_accept
lvis_000000515579,lvis_000000515579_yw_250746,1,known_tp
lvis_000000100723,lvis_000000100723_yw_045396,0,background_false_accept
lvis_000000561958,lvis_000000561958_yw_271759,1,known_tp
lvis_000000189475,lvis_000000189475_yw_092268,1,known_tp
lvis_000000377113,lvis_000000377113_yw_184288,1,known_tp
lvis_000000495054,lvis_000000495054_yw_240984,1,known_tp
lvis_000000100723,lvis_000000100723_yw_045397,0,background_false_accept
lvis_000000156643,lvis_000000156643_yw_074499,1,known_tp
lvis_000000534041,lvis_000000534041_yw_258911,1,known_tp
lvis_000000226903,lvis_000000226903_yw_111383,1,known_tp
lvis_000000453040,lvis_000000453040_yw_220643,0,background_false_accept
lvis_000000130826,lvis_000000130826_yw_058611,0,background_false_accept
lvis_000000466416,lvis_000000466416_yw_228735,1,known_tp
lvis_000000019042,lvis_000000019042_yw_009762,1,known_tp
lvis_000000119233,lvis_000000119233_yw_051874,1,known_tp
lvis_000000210273,lvis_000000210273_yw_102179,0,background_false_accept
lvis_000000121497,lvis_000000121497_yw_053170,1,known_tp
lvis_000000210273,lvis_000000210273_yw_102180,1,known_tp
lvis_000000252559,lvis_000000252559_yw_122390,1,known_tp
lvis_000000371699,lvis_000000371699_yw_181596,0,background_false_accept
lvis_000000440617,lvis_000000440617_yw_215521,1,known_tp
lvis_000000377946,lvis_000000377946_yw_185769,1,known_tp
lvis_000000255749,lvis_000000255749_yw_123931,1,known_tp
lvis_000000325114,lvis_000000325114_yw_158820,0,background_false_accept
lvis_000000210273,lvis_000000210273_yw_102181,0,background_false_accept
lvis_000000189475,lvis_000000189475_yw_092270,1,known_tp
lvis_000000453841,lvis_000000453841_yw_221376,0,background_false_accept
lvis_000000310072,lvis_000000310072_yw_152761,1,known_tp
lvis_000000377113,lvis_000000377113_yw_184289,1,known_tp
lvis_000000349184,lvis_000000349184_yw_170153,1,known_tp
lvis_000000222299,lvis_000000222299_yw_108629,0,background_false_accept
lvis_000000377113,lvis_000000377113_yw_184290,1,known_tp
lvis_000000113720,lvis_000000113720_yw_049679,1,known_tp
lvis_000000521405,lvis_000000521405_yw_253419,0,background_false_accept
lvis_000000312421,lvis_000000312421_yw_153837,1,known_tp
lvis_000000242411,lvis_000000242411_yw_118851,1,known_tp
lvis_000000350122,lvis_000000350122_yw_170778,0,background_false_accept
lvis_000000288685,lvis_000000288685_yw_140379,0,background_false_accept
lvis_000000436883,lvis_000000436883_yw_213336,0,background_false_accept
lvis_000000057760,lvis_000000057760_yw_025354,1,known_tp
lvis_000000425925,lvis_000000425925_yw_207274,1,known_tp
lvis_000000218439,lvis_000000218439_yw_106682,0,background_false_accept
lvis_000000239347,lvis_000000239347_yw_117725,0,background_false_accept
lvis_000000167486,lvis_000000167486_yw_080222,1,known_tp
lvis_000000242411,lvis_000000242411_yw_118852,1,known_tp
lvis_000000120420,lvis_000000120420_yw_052619,1,known_tp
lvis_000000100723,lvis_000000100723_yw_045398,0,background_false_accept
lvis_000000377946,lvis_000000377946_yw_185770,1,known_tp
lvis_000000094157,lvis_000000094157_yw_042035,1,known_tp
lvis_000000166747,lvis_000000166747_yw_079671,1,known_tp
lvis_000000210394,lvis_000000210394_yw_102478,0,background_false_accept
lvis_000000288685,lvis_000000288685_yw_140380,0,background_false_accept
lvis_000000105264,lvis_000000105264_yw_046631,0,background_false_accept
lvis_000000133969,lvis_000000133969_yw_060995,1,known_tp
lvis_000000057760,lvis_000000057760_yw_025355,1,known_tp
lvis_000000252559,lvis_000000252559_yw_122391,1,known_tp
lvis_000000447917,lvis_000000447917_yw_218483,0,background_false_accept
lvis_000000568584,lvis_000000568584_yw_275472,0,background_false_accept
lvis_000000196442,lvis_000000196442_yw_096299,1,known_tp
lvis_000000057760,lvis_000000057760_yw_025356,1,known_tp
lvis_000000218439,lvis_000000218439_yw_106683,0,background_false_accept
lvis_000000025603,lvis_000000025603_yw_012443,1,known_tp
lvis_000000009891,lvis_000000009891_yw_004600,1,known_tp
lvis_000000425221,lvis_000000425221_yw_206890,0,unknown_false_accept
lvis_000000423798,lvis_000000423798_yw_206263,1,known_tp
lvis_000000277005,lvis_000000277005_yw_133979,1,known_tp
lvis_000000421060,lvis_000000421060_yw_205080,1,known_tp
lvis_000000133819,lvis_000000133819_yw_060693,1,known_tp
lvis_000000377946,lvis_000000377946_yw_185771,1,known_tp
lvis_000000378139,lvis_000000378139_yw_185941,1,known_tp
lvis_000000136633,lvis_000000136633_yw_062285,1,known_tp
lvis_000000233238,lvis_000000233238_yw_115583,1,known_tp
lvis_000000336658,lvis_000000336658_yw_164474,0,background_false_accept
lvis_000000383289,lvis_000000383289_yw_188334,0,background_false_accept
lvis_000000218439,lvis_000000218439_yw_106684,0,background_false_accept
lvis_000000561958,lvis_000000561958_yw_271760,0,background_false_accept
lvis_000000274708,lvis_000000274708_yw_133082,1,known_tp
lvis_000000277005,lvis_000000277005_yw_133980,1,known_tp
lvis_000000242411,lvis_000000242411_yw_118853,1,known_tp
lvis_000000568584,lvis_000000568584_yw_275473,0,background_false_accept
lvis_000000277005,lvis_000000277005_yw_133981,1,known_tp
lvis_000000247917,lvis_000000247917_yw_120914,1,known_tp
lvis_000000060363,lvis_000000060363_yw_026503,1,known_tp
lvis_000000441468,lvis_000000441468_yw_215678,1,known_tp
lvis_000000210394,lvis_000000210394_yw_102479,1,known_tp
lvis_000000433103,lvis_000000433103_yw_211414,0,background_false_accept
lvis_000000578500,lvis_000000578500_yw_280306,0,unknown_false_accept
lvis_000000312421,lvis_000000312421_yw_153838,0,background_false_accept
lvis_000000210394,lvis_000000210394_yw_102480,0,background_false_accept
lvis_000000433103,lvis_000000433103_yw_211416,0,background_false_accept
lvis_000000014831,lvis_000000014831_yw_007138,1,known_tp
lvis_000000157756,lvis_000000157756_yw_074894,1,known_tp
lvis_000000453841,lvis_000000453841_yw_221377,1,known_tp
lvis_000000100723,lvis_000000100723_yw_045399,0,background_false_accept
lvis_000000210394,lvis_000000210394_yw_102481,0,background_false_accept
lvis_000000511076,lvis_000000511076_yw_248100,1,known_tp
lvis_000000214539,lvis_000000214539_yw_105044,1,known_tp
lvis_000000541123,lvis_000000541123_yw_262140,0,background_false_accept
lvis_000000529568,lvis_000000529568_yw_256543,0,background_false_accept
lvis_000000350122,lvis_000000350122_yw_170779,0,background_false_accept
lvis_000000198915,lvis_000000198915_yw_096886,0,background_false_accept
lvis_000000312278,lvis_000000312278_yw_153765,0,unknown_false_accept
lvis_000000374545,lvis_000000374545_yw_182651,0,background_false_accept
lvis_000000423798,lvis_000000423798_yw_206264,0,background_false_accept
lvis_000000511321,lvis_000000511321_yw_248349,0,background_false_accept
lvis_000000374545,lvis_000000374545_yw_182652,1,known_tp
lvis_000000396200,lvis_000000396200_yw_193532,1,known_tp
lvis_000000350122,lvis_000000350122_yw_170780,1,known_tp
lvis_000000094157,lvis_000000094157_yw_042036,1,known_tp
lvis_000000511076,lvis_000000511076_yw_248101,0,background_false_accept
lvis_000000120420,lvis_000000120420_yw_052620,1,known_tp
lvis_000000193743,lvis_000000193743_yw_095063,1,known_tp
lvis_000000350122,lvis_000000350122_yw_170781,0,wrong_known_class_or_duplicate
lvis_000000157756,lvis_000000157756_yw_074895,0,wrong_known_class_or_duplicate
lvis_000000135890,lvis_000000135890_yw_062074,1,known_tp
lvis_000000288685,lvis_000000288685_yw_140381,0,background_false_accept
lvis_000000193743,lvis_000000193743_yw_095064,1,known_tp
lvis_000000226154,lvis_000000226154_yw_110494,1,known_tp
lvis_000000148719,lvis_000000148719_yw_070176,0,background_false_accept
lvis_000000135890,lvis_000000135890_yw_062075,1,known_tp
lvis_000000374545,lvis_000000374545_yw_182653,1,known_tp
lvis_000000465718,lvis_000000465718_yw_228304,0,background_false_accept
lvis_000000507223,lvis_000000507223_yw_246232,1,known_tp
lvis_000000145020,lvis_000000145020_yw_067594,1,known_tp
lvis_000000458223,lvis_000000458223_yw_223707,1,known_tp
lvis_000000377946,lvis_000000377946_yw_185772,0,background_false_accept
lvis_000000100723,lvis_000000100723_yw_045400,1,known_tp
lvis_000000092416,lvis_000000092416_yw_041569,1,known_tp
lvis_000000425221,lvis_000000425221_yw_206891,1,known_tp
lvis_000000453841,lvis_000000453841_yw_221378,1,known_tp
lvis_000000350122,lvis_000000350122_yw_170782,0,background_false_accept
lvis_000000511076,lvis_000000511076_yw_248102,0,background_false_accept
lvis_000000211674,lvis_000000211674_yw_102933,0,background_false_accept
lvis_000000377946,lvis_000000377946_yw_185773,1,known_tp
lvis_000000135890,lvis_000000135890_yw_062076,0,background_false_accept
lvis_000000569030,lvis_000000569030_yw_275675,0,background_false_accept
lvis_000000580410,lvis_000000580410_yw_281020,0,unknown_false_accept
lvis_000000242411,lvis_000000242411_yw_118854,1,known_tp
lvis_000000210273,lvis_000000210273_yw_102182,1,known_tp
lvis_000000211674,lvis_000000211674_yw_102934,0,background_false_accept
lvis_000000193743,lvis_000000193743_yw_095065,1,known_tp
lvis_000000511076,lvis_000000511076_yw_248103,1,known_tp
lvis_000000323202,lvis_000000323202_yw_157922,0,unknown_false_accept
lvis_000000534601,lvis_000000534601_yw_259349,0,unknown_false_accept
lvis_000000521405,lvis_000000521405_yw_253420,0,unknown_false_accept
lvis_000000169169,lvis_000000169169_yw_080732,0,background_false_accept
lvis_000000145020,lvis_000000145020_yw_067595,1,known_tp
lvis_000000100723,lvis_000000100723_yw_045401,0,background_false_accept
lvis_000000100723,lvis_000000100723_yw_045402,1,known_tp
lvis_000000335529,lvis_000000335529_yw_163462,1,known_tp
lvis_000000218439,lvis_000000218439_yw_106685,0,background_false_accept
lvis_000000578500,lvis_000000578500_yw_280307,0,unknown_false_accept
lvis_000000541123,lvis_000000541123_yw_262141,0,background_false_accept
lvis_000000376625,lvis_000000376625_yw_183828,1,known_tp
lvis_000000384513,lvis_000000384513_yw_188862,0,background_false_accept
lvis_000000561958,lvis_000000561958_yw_271761,0,background_false_accept
lvis_000000148719,lvis_000000148719_yw_070177,0,background_false_accept
lvis_000000561958,lvis_000000561958_yw_271762,0,background_false_accept
lvis_000000378139,lvis_000000378139_yw_185942,1,known_tp
lvis_000000534041,lvis_000000534041_yw_258912,1,known_tp
lvis_000000170116,lvis_000000170116_yw_081189,1,known_tp
lvis_000000336658,lvis_000000336658_yw_164475,1,known_tp
lvis_000000396200,lvis_000000396200_yw_193533,0,background_false_accept
lvis_000000312421,lvis_000000312421_yw_153839,1,known_tp
lvis_000000569030,lvis_000000569030_yw_275676,1,known_tp
lvis_000000166747,lvis_000000166747_yw_079672,1,known_tp
lvis_000000094157,lvis_000000094157_yw_042037,1,known_tp
lvis_000000441468,lvis_000000441468_yw_215679,1,known_tp
lvis_000000073118,lvis_000000073118_yw_032130,0,unknown_false_accept
lvis_000000569030,lvis_000000569030_yw_275677,0,background_false_accept
lvis_000000100723,lvis_000000100723_yw_045403,0,background_false_accept
lvis_000000578545,lvis_000000578545_yw_280330,1,known_tp
lvis_000000288685,lvis_000000288685_yw_140383,0,background_false_accept
lvis_000000212226,lvis_000000212226_yw_103327,0,wrong_known_class_or_duplicate
lvis_000000350122,lvis_000000350122_yw_170783,0,background_false_accept
lvis_000000277005,lvis_000000277005_yw_133983,1,known_tp
lvis_000000541123,lvis_000000541123_yw_262142,0,background_false_accept
lvis_000000167486,lvis_000000167486_yw_080223,1,known_tp
lvis_000000239347,lvis_000000239347_yw_117727,0,background_false_accept
lvis_000000133819,lvis_000000133819_yw_060694,0,background_false_accept
lvis_000000100723,lvis_000000100723_yw_045404,0,background_false_accept
lvis_000000211674,lvis_000000211674_yw_102935,0,background_false_accept
lvis_000000013729,lvis_000000013729_yw_006627,0,background_false_accept
lvis_000000441468,lvis_000000441468_yw_215680,0,background_false_accept
lvis_000000561958,lvis_000000561958_yw_271763,0,background_false_accept
lvis_000000135890,lvis_000000135890_yw_062077,1,known_tp
lvis_000000349860,lvis_000000349860_yw_170327,1,known_tp
lvis_000000100723,lvis_000000100723_yw_045405,0,background_false_accept
lvis_000000378515,lvis_000000378515_yw_186277,0,background_false_accept
lvis_000000186345,lvis_000000186345_yw_090563,1,known_tp
lvis_000000523033,lvis_000000523033_yw_253914,1,known_tp
lvis_000000210273,lvis_000000210273_yw_102183,0,background_false_accept
lvis_000000147740,lvis_000000147740_yw_069629,1,known_tp
lvis_000000116439,lvis_000000116439_yw_051101,1,known_tp
lvis_000000288685,lvis_000000288685_yw_140384,0,background_false_accept
lvis_000000191761,lvis_000000191761_yw_093778,0,background_false_accept
lvis_000000021839,lvis_000000021839_yw_010735,1,known_tp
lvis_000000288685,lvis_000000288685_yw_140385,1,known_tp
lvis_000000561958,lvis_000000561958_yw_271764,0,background_false_accept
lvis_000000100723,lvis_000000100723_yw_045406,0,background_false_accept
lvis_000000378515,lvis_000000378515_yw_186278,1,known_tp
lvis_000000232692,lvis_000000232692_yw_115389,1,known_tp
lvis_000000094157,lvis_000000094157_yw_042038,1,known_tp
lvis_000000234757,lvis_000000234757_yw_116430,1,known_tp
lvis_000000465549,lvis_000000465549_yw_228206,0,unknown_false_accept
lvis_000000218439,lvis_000000218439_yw_106688,0,background_false_accept
lvis_000000561958,lvis_000000561958_yw_271765,1,known_tp
lvis_000000350122,lvis_000000350122_yw_170784,1,known_tp
lvis_000000021839,lvis_000000021839_yw_010736,0,background_false_accept
lvis_000000186345,lvis_000000186345_yw_090564,0,wrong_known_class_or_duplicate
lvis_000000100723,lvis_000000100723_yw_045407,0,background_false_accept
lvis_000000218439,lvis_000000218439_yw_106689,0,background_false_accept
lvis_000000103548,lvis_000000103548_yw_046057,1,known_tp
lvis_000000136633,lvis_000000136633_yw_062286,1,known_tp
lvis_000000569030,lvis_000000569030_yw_275678,1,known_tp
lvis_000000496854,lvis_000000496854_yw_241621,0,background_false_accept
lvis_000000212226,lvis_000000212226_yw_103328,0,wrong_known_class_or_duplicate
lvis_000000210273,lvis_000000210273_yw_102184,1,known_tp
lvis_000000218439,lvis_000000218439_yw_106690,0,background_false_accept
lvis_000000169169,lvis_000000169169_yw_080733,1,known_tp
lvis_000000210394,lvis_000000210394_yw_102482,0,background_false_accept
lvis_000000374545,lvis_000000374545_yw_182654,0,unknown_false_accept
lvis_000000218439,lvis_000000218439_yw_106691,0,background_false_accept
lvis_000000335529,lvis_000000335529_yw_163463,1,known_tp
lvis_000000522889,lvis_000000522889_yw_253862,0,unknown_false_accept
lvis_000000025603,lvis_000000025603_yw_012444,1,known_tp
lvis_000000356612,lvis_000000356612_yw_173666,1,known_tp
lvis_000000295420,lvis_000000295420_yw_144687,1,known_tp
lvis_000000328238,lvis_000000328238_yw_159905,1,known_tp
lvis_000000278749,lvis_000000278749_yw_134556,1,known_tp
lvis_000000389684,lvis_000000389684_yw_191535,0,background_false_accept
lvis_000000360325,lvis_000000360325_yw_175094,0,background_false_accept
lvis_000000218439,lvis_000000218439_yw_106693,0,background_false_accept
lvis_000000295420,lvis_000000295420_yw_144688,0,wrong_known_class_or_duplicate
lvis_000000210394,lvis_000000210394_yw_102483,0,background_false_accept
lvis_000000360325,lvis_000000360325_yw_175095,0,wrong_known_class_or_duplicate
lvis_000000303713,lvis_000000303713_yw_148959,0,background_false_accept
lvis_000000384513,lvis_000000384513_yw_188863,0,background_false_accept
lvis_000000295316,lvis_000000295316_yw_144661,1,known_tp
lvis_000000433103,lvis_000000433103_yw_211418,0,background_false_accept
lvis_000000561958,lvis_000000561958_yw_271766,0,background_false_accept
lvis_000000396200,lvis_000000396200_yw_193534,1,known_tp
lvis_000000328238,lvis_000000328238_yw_159906,1,known_tp
lvis_000000333402,lvis_000000333402_yw_162047,0,background_false_accept
lvis_000000087476,lvis_000000087476_yw_039846,0,background_false_accept
lvis_000000433103,lvis_000000433103_yw_211419,0,background_false_accept
lvis_000000360325,lvis_000000360325_yw_175096,0,wrong_known_class_or_duplicate
lvis_000000350122,lvis_000000350122_yw_170785,1,known_tp
lvis_000000189475,lvis_000000189475_yw_092273,1,known_tp
lvis_000000329041,lvis_000000329041_yw_160333,1,known_tp
lvis_000000511321,lvis_000000511321_yw_248350,1,known_tp
lvis_000000057760,lvis_000000057760_yw_025357,1,known_tp
lvis_000000312421,lvis_000000312421_yw_153840,0,background_false_accept
lvis_000000100723,lvis_000000100723_yw_045408,1,known_tp
lvis_000000025603,lvis_000000025603_yw_012445,1,known_tp
lvis_000000541123,lvis_000000541123_yw_262143,0,background_false_accept
lvis_000000360325,lvis_000000360325_yw_175097,0,background_false_accept
lvis_000000218439,lvis_000000218439_yw_106694,0,background_false_accept
lvis_000000569030,lvis_000000569030_yw_275679,1,known_tp
lvis_000000568584,lvis_000000568584_yw_275475,0,unknown_false_accept
lvis_000000378139,lvis_000000378139_yw_185943,0,background_false_accept
lvis_000000218439,lvis_000000218439_yw_106695,0,background_false_accept
lvis_000000303713,lvis_000000303713_yw_148960,0,background_false_accept
lvis_000000211674,lvis_000000211674_yw_102936,0,background_false_accept
lvis_000000103548,lvis_000000103548_yw_046058,1,known_tp
lvis_000000289938,lvis_000000289938_yw_141408,0,background_false_accept
lvis_000000210394,lvis_000000210394_yw_102484,1,known_tp
lvis_000000511321,lvis_000000511321_yw_248351,0,background_false_accept
lvis_000000368900,lvis_000000368900_yw_179589,0,background_false_accept
lvis_000000169169,lvis_000000169169_yw_080734,1,known_tp
lvis_000000356612,lvis_000000356612_yw_173667,0,background_false_accept
lvis_000000511076,lvis_000000511076_yw_248104,1,known_tp
lvis_000000203931,lvis_000000203931_yw_099038,0,background_false_accept
lvis_000000458255,lvis_000000458255_yw_223737,0,background_false_accept
lvis_000000441468,lvis_000000441468_yw_215681,0,background_false_accept
lvis_000000039670,lvis_000000039670_yw_018113,0,background_false_accept
lvis_000000211674,lvis_000000211674_yw_102937,1,known_tp
lvis_000000135890,lvis_000000135890_yw_062078,0,background_false_accept
lvis_000000441468,lvis_000000441468_yw_215682,1,known_tp
lvis_000000371699,lvis_000000371699_yw_181597,1,known_tp
lvis_000000303713,lvis_000000303713_yw_148961,0,background_false_accept
lvis_000000252559,lvis_000000252559_yw_122392,1,known_tp
lvis_000000374545,lvis_000000374545_yw_182655,0,background_false_accept
lvis_000000103548,lvis_000000103548_yw_046059,0,background_false_accept
lvis_000000214539,lvis_000000214539_yw_105045,0,background_false_accept
lvis_000000096960,lvis_000000096960_yw_043002,0,unknown_false_accept
lvis_000000212573,lvis_000000212573_yw_103611,0,background_false_accept
lvis_000000157756,lvis_000000157756_yw_074896,1,known_tp
lvis_000000009891,lvis_000000009891_yw_004601,1,known_tp
lvis_000000021839,lvis_000000021839_yw_010737,1,known_tp
lvis_000000532071,lvis_000000532071_yw_258152,0,unknown_false_accept
lvis_000000211674,lvis_000000211674_yw_102938,1,known_tp
lvis_000000561958,lvis_000000561958_yw_271767,0,unknown_false_accept
lvis_000000303713,lvis_000000303713_yw_148963,0,background_false_accept
lvis_000000378139,lvis_000000378139_yw_185944,0,background_false_accept
lvis_000000336658,lvis_000000336658_yw_164476,1,known_tp
lvis_000000211674,lvis_000000211674_yw_102939,0,background_false_accept
lvis_000000425925,lvis_000000425925_yw_207275,1,known_tp
lvis_000000312421,lvis_000000312421_yw_153841,0,background_false_accept
lvis_000000561958,lvis_000000561958_yw_271768,1,known_tp
lvis_000000157756,lvis_000000157756_yw_074897,1,known_tp
lvis_000000376625,lvis_000000376625_yw_183829,1,known_tp
lvis_000000233238,lvis_000000233238_yw_115585,0,background_false_accept
lvis_000000425925,lvis_000000425925_yw_207276,1,known_tp
lvis_000000289938,lvis_000000289938_yw_141409,1,known_tp
lvis_000000083531,lvis_000000083531_yw_037450,1,known_tp
lvis_000000210273,lvis_000000210273_yw_102185,1,known_tp
lvis_000000425925,lvis_000000425925_yw_207277,1,known_tp
lvis_000000218439,lvis_000000218439_yw_106696,0,background_false_accept
lvis_000000150224,lvis_000000150224_yw_071000,0,unknown_false_accept
lvis_000000541123,lvis_000000541123_yw_262144,0,background_false_accept
lvis_000000145020,lvis_000000145020_yw_067596,0,background_false_accept
lvis_000000133819,lvis_000000133819_yw_060696,0,background_false_accept
lvis_000000405205,lvis_000000405205_yw_197198,1,known_tp
lvis_000000377113,lvis_000000377113_yw_184291,0,background_false_accept
lvis_000000133969,lvis_000000133969_yw_060997,0,background_false_accept
lvis_000000303713,lvis_000000303713_yw_148964,0,background_false_accept
lvis_000000289938,lvis_000000289938_yw_141410,1,known_tp
lvis_000000210394,lvis_000000210394_yw_102485,0,background_false_accept
lvis_000000563702,lvis_000000563702_yw_273086,1,known_tp
lvis_000000218439,lvis_000000218439_yw_106697,0,background_false_accept
lvis_000000370042,lvis_000000370042_yw_180601,0,background_false_accept
lvis_000000210394,lvis_000000210394_yw_102486,0,background_false_accept
lvis_000000320642,lvis_000000320642_yw_156966,0,background_false_accept
lvis_000000210394,lvis_000000210394_yw_102487,0,background_false_accept
lvis_000000405205,lvis_000000405205_yw_197199,0,wrong_known_class_or_duplicate
lvis_000000328238,lvis_000000328238_yw_159907,0,background_false_accept
lvis_000000103548,lvis_000000103548_yw_046060,0,background_false_accept
lvis_000000496854,lvis_000000496854_yw_241622,1,known_tp
lvis_000000569976,lvis_000000569976_yw_276137,1,known_tp
lvis_000000349860,lvis_000000349860_yw_170328,1,known_tp
lvis_000000465718,lvis_000000465718_yw_228305,1,known_tp
lvis_000000498709,lvis_000000498709_yw_242162,1,known_tp
lvis_000000158548,lvis_000000158548_yw_075218,1,known_tp
lvis_000000169169,lvis_000000169169_yw_080735,1,known_tp
lvis_000000103548,lvis_000000103548_yw_046061,1,known_tp
lvis_000000561335,lvis_000000561335_yw_271663,0,wrong_known_class_or_duplicate
lvis_000000465718,lvis_000000465718_yw_228306,0,background_false_accept
lvis_000000148719,lvis_000000148719_yw_070178,0,background_false_accept
lvis_000000312421,lvis_000000312421_yw_153842,0,background_false_accept
lvis_000000511076,lvis_000000511076_yw_248105,1,known_tp
lvis_000000057760,lvis_000000057760_yw_025358,1,known_tp
lvis_000000218439,lvis_000000218439_yw_106698,0,background_false_accept
lvis_000000166747,lvis_000000166747_yw_079673,1,known_tp
lvis_000000157756,lvis_000000157756_yw_074898,1,known_tp
lvis_000000405205,lvis_000000405205_yw_197200,1,known_tp
lvis_000000382125,lvis_000000382125_yw_188201,1,known_tp
lvis_000000495054,lvis_000000495054_yw_240985,1,known_tp
lvis_000000569972,lvis_000000569972_yw_276122,0,background_false_accept
lvis_000000019042,lvis_000000019042_yw_009763,0,background_false_accept
lvis_000000374545,lvis_000000374545_yw_182657,0,background_false_accept
lvis_000000350122,lvis_000000350122_yw_170786,1,known_tp
lvis_000000210273,lvis_000000210273_yw_102186,0,background_false_accept
lvis_000000298738,lvis_000000298738_yw_146788,0,unknown_false_accept
lvis_000000541123,lvis_000000541123_yw_262145,0,background_false_accept
lvis_000000475904,lvis_000000475904_yw_232427,1,known_tp
lvis_000000211674,lvis_000000211674_yw_102940,1,known_tp
lvis_000000374545,lvis_000000374545_yw_182658,0,background_false_accept
lvis_000000527220,lvis_000000527220_yw_255592,1,known_tp
lvis_000000511076,lvis_000000511076_yw_248106,0,background_false_accept
lvis_000000350122,lvis_000000350122_yw_170787,0,background_false_accept
lvis_000000317999,lvis_000000317999_yw_155641,0,background_false_accept
lvis_000000106235,lvis_000000106235_yw_047154,0,unknown_false_accept
lvis_000000100723,lvis_000000100723_yw_045411,0,background_false_accept
lvis_000000252559,lvis_000000252559_yw_122393,1,known_tp
lvis_000000303713,lvis_000000303713_yw_148965,0,background_false_accept
lvis_000000100723,lvis_000000100723_yw_045412,0,background_false_accept
lvis_000000157756,lvis_000000157756_yw_074899,0,background_false_accept
lvis_000000288685,lvis_000000288685_yw_140386,0,background_false_accept
lvis_000000196185,lvis_000000196185_yw_096210,0,background_false_accept
lvis_000000147740,lvis_000000147740_yw_069630,0,wrong_known_class_or_duplicate
lvis_000000218439,lvis_000000218439_yw_106701,0,background_false_accept
lvis_000000100723,lvis_000000100723_yw_045413,0,background_false_accept
lvis_000000498709,lvis_000000498709_yw_242163,0,background_false_accept
lvis_000000133819,lvis_000000133819_yw_060697,0,background_false_accept
lvis_000000569030,lvis_000000569030_yw_275680,1,known_tp
lvis_000000100723,lvis_000000100723_yw_045414,0,background_false_accept
lvis_000000378515,lvis_000000378515_yw_186279,1,known_tp
lvis_000000277005,lvis_000000277005_yw_133984,0,background_false_accept
lvis_000000169169,lvis_000000169169_yw_080736,0,background_false_accept
lvis_000000378515,lvis_000000378515_yw_186280,1,known_tp
lvis_000000511076,lvis_000000511076_yw_248107,1,known_tp
lvis_000000511076,lvis_000000511076_yw_248108,0,background_false_accept
lvis_000000569030,lvis_000000569030_yw_275681,1,known_tp
lvis_000000303713,lvis_000000303713_yw_148966,1,known_tp
lvis_000000423798,lvis_000000423798_yw_206265,0,background_false_accept
lvis_000000491130,lvis_000000491130_yw_238896,0,background_false_accept
lvis_000000569030,lvis_000000569030_yw_275682,0,background_false_accept
lvis_000000184338,lvis_000000184338_yw_089707,0,background_false_accept
lvis_000000242411,lvis_000000242411_yw_118858,0,wrong_known_class_or_duplicate
lvis_000000145020,lvis_000000145020_yw_067598,0,background_false_accept
lvis_000000210394,lvis_000000210394_yw_102488,0,background_false_accept
lvis_000000019042,lvis_000000019042_yw_009764,0,background_false_accept
lvis_000000166478,lvis_000000166478_yw_079507,0,unknown_false_accept
lvis_000000273198,lvis_000000273198_yw_132018,1,known_tp
lvis_000000563702,lvis_000000563702_yw_273087,1,known_tp
lvis_000000425925,lvis_000000425925_yw_207278,0,wrong_known_class_or_duplicate
lvis_000000218439,lvis_000000218439_yw_106703,0,background_false_accept
lvis_000000288685,lvis_000000288685_yw_140387,0,background_false_accept
lvis_000000292155,lvis_000000292155_yw_143010,0,unknown_false_accept
lvis_000000247917,lvis_000000247917_yw_120915,1,known_tp
lvis_000000115885,lvis_000000115885_yw_050884,0,unknown_false_accept
lvis_000000214539,lvis_000000214539_yw_105046,0,background_false_accept
lvis_000000157756,lvis_000000157756_yw_074900,1,known_tp
lvis_000000455937,lvis_000000455937_yw_222523,0,unknown_false_accept
lvis_000000511076,lvis_000000511076_yw_248109,1,known_tp
lvis_000000148719,lvis_000000148719_yw_070179,1,known_tp
lvis_000000196185,lvis_000000196185_yw_096211,0,background_false_accept
lvis_000000169169,lvis_000000169169_yw_080737,0,background_false_accept
lvis_000000135890,lvis_000000135890_yw_062079,0,background_false_accept
lvis_000000453841,lvis_000000453841_yw_221379,1,known_tp
lvis_000000021839,lvis_000000021839_yw_010738,0,background_false_accept
lvis_000000568584,lvis_000000568584_yw_275476,1,known_tp
lvis_000000009891,lvis_000000009891_yw_004602,0,background_false_accept
lvis_000000303713,lvis_000000303713_yw_148967,0,background_false_accept
lvis_000000335529,lvis_000000335529_yw_163465,1,known_tp
lvis_000000283037,lvis_000000283037_yw_137525,0,background_false_accept
lvis_000000344909,lvis_000000344909_yw_168685,1,known_tp
lvis_000000360325,lvis_000000360325_yw_175098,0,wrong_known_class_or_duplicate
lvis_000000244379,lvis_000000244379_yw_119740,1,known_tp
lvis_000000324258,lvis_000000324258_yw_158583,0,background_false_accept
lvis_000000561958,lvis_000000561958_yw_271769,1,known_tp
lvis_000000466416,lvis_000000466416_yw_228736,1,known_tp
lvis_000000350122,lvis_000000350122_yw_170788,0,background_false_accept
lvis_000000252559,lvis_000000252559_yw_122394,0,background_false_accept
lvis_000000336658,lvis_000000336658_yw_164477,0,background_false_accept
lvis_000000133819,lvis_000000133819_yw_060699,1,known_tp
lvis_000000328238,lvis_000000328238_yw_159909,0,background_false_accept
lvis_000000421060,lvis_000000421060_yw_205081,1,known_tp
lvis_000000021839,lvis_000000021839_yw_010739,0,background_false_accept
lvis_000000136633,lvis_000000136633_yw_062289,1,known_tp
lvis_000000232692,lvis_000000232692_yw_115390,1,known_tp
lvis_000000350122,lvis_000000350122_yw_170789,0,background_false_accept
lvis_000000186345,lvis_000000186345_yw_090565,0,wrong_known_class_or_duplicate
lvis_000000360325,lvis_000000360325_yw_175099,0,background_false_accept
lvis_000000377113,lvis_000000377113_yw_184292,1,known_tp
lvis_000000447917,lvis_000000447917_yw_218485,1,known_tp
lvis_000000019042,lvis_000000019042_yw_009765,0,background_false_accept
lvis_000000333956,lvis_000000333956_yw_162317,1,known_tp
lvis_000000157756,lvis_000000157756_yw_074902,0,background_false_accept
lvis_000000218439,lvis_000000218439_yw_106704,0,background_false_accept
lvis_000000103548,lvis_000000103548_yw_046062,0,background_false_accept
lvis_000000103548,lvis_000000103548_yw_046063,1,known_tp
lvis_000000140203,lvis_000000140203_yw_064172,1,known_tp
lvis_000000157756,lvis_000000157756_yw_074903,1,known_tp
lvis_000000356612,lvis_000000356612_yw_173669,0,background_false_accept
lvis_000000133819,lvis_000000133819_yw_060700,1,known_tp
lvis_000000425925,lvis_000000425925_yw_207280,0,background_false_accept
lvis_000000528399,lvis_000000528399_yw_255943,0,background_false_accept
lvis_000000551815,lvis_000000551815_yw_267341,0,background_false_accept
lvis_000000303713,lvis_000000303713_yw_148969,0,background_false_accept
lvis_000000218439,lvis_000000218439_yw_106706,0,background_false_accept
lvis_000000184338,lvis_000000184338_yw_089708,0,background_false_accept
lvis_000000100723,lvis_000000100723_yw_045415,0,background_false_accept
lvis_000000080932,lvis_000000080932_yw_036047,0,background_false_accept
lvis_000000156643,lvis_000000156643_yw_074500,0,background_false_accept
lvis_000000570169,lvis_000000570169_yw_276195,0,background_false_accept
lvis_000000433103,lvis_000000433103_yw_211421,1,known_tp
lvis_000000493286,lvis_000000493286_yw_240175,1,known_tp
lvis_000000360960,lvis_000000360960_yw_175396,0,background_false_accept
lvis_000000441468,lvis_000000441468_yw_215683,0,background_false_accept
lvis_000000147740,lvis_000000147740_yw_069631,0,wrong_known_class_or_duplicate
lvis_000000257370,lvis_000000257370_yw_124999,0,background_false_accept
lvis_000000095843,lvis_000000095843_yw_042677,0,background_false_accept
lvis_000000350122,lvis_000000350122_yw_170790,0,background_false_accept
lvis_000000288685,lvis_000000288685_yw_140388,0,background_false_accept
lvis_000000210394,lvis_000000210394_yw_102489,1,known_tp
lvis_000000421060,lvis_000000421060_yw_205082,1,known_tp
lvis_000000210273,lvis_000000210273_yw_102187,1,known_tp
lvis_000000121497,lvis_000000121497_yw_053173,0,background_false_accept
lvis_000000169169,lvis_000000169169_yw_080738,0,background_false_accept
lvis_000000347456,lvis_000000347456_yw_169670,0,unknown_false_accept
lvis_000000156643,lvis_000000156643_yw_074501,0,unknown_false_accept
lvis_000000100723,lvis_000000100723_yw_045416,0,background_false_accept
lvis_000000166259,lvis_000000166259_yw_079291,1,known_tp
lvis_000000210273,lvis_000000210273_yw_102188,0,background_false_accept
lvis_000000100723,lvis_000000100723_yw_045417,0,background_false_accept
lvis_000000135890,lvis_000000135890_yw_062080,1,known_tp
lvis_000000495054,lvis_000000495054_yw_240986,0,background_false_accept
lvis_000000277005,lvis_000000277005_yw_133985,0,background_false_accept
lvis_000000436883,lvis_000000436883_yw_213337,1,known_tp
lvis_000000376625,lvis_000000376625_yw_183830,1,known_tp
lvis_000000210273,lvis_000000210273_yw_102189,0,background_false_accept
lvis_000000100723,lvis_000000100723_yw_045418,0,background_false_accept
lvis_000000210273,lvis_000000210273_yw_102190,0,background_false_accept
lvis_000000019042,lvis_000000019042_yw_009766,0,background_false_accept
lvis_000000374545,lvis_000000374545_yw_182659,0,background_false_accept
lvis_000000463647,lvis_000000463647_yw_226888,0,wrong_known_class_or_duplicate
lvis_000000218439,lvis_000000218439_yw_106709,0,background_false_accept
lvis_000000534041,lvis_000000534041_yw_258914,0,background_false_accept
lvis_000000133819,lvis_000000133819_yw_060701,0,wrong_known_class_or_duplicate
lvis_000000569030,lvis_000000569030_yw_275683,1,known_tp
lvis_000000288685,lvis_000000288685_yw_140389,0,background_false_accept
lvis_000000441468,lvis_000000441468_yw_215684,0,background_false_accept
lvis_000000210273,lvis_000000210273_yw_102191,0,background_false_accept
lvis_000000350122,lvis_000000350122_yw_170791,0,background_false_accept
lvis_000000495054,lvis_000000495054_yw_240987,1,known_tp
lvis_000000218439,lvis_000000218439_yw_106710,0,background_false_accept
lvis_000000436883,lvis_000000436883_yw_213338,1,known_tp
lvis_000000218439,lvis_000000218439_yw_106711,0,background_false_accept
lvis_000000425221,lvis_000000425221_yw_206893,1,known_tp
lvis_000000392818,lvis_000000392818_yw_192027,0,wrong_known_class_or_duplicate
lvis_000000193743,lvis_000000193743_yw_095066,0,background_false_accept
lvis_000000378139,lvis_000000378139_yw_185946,0,background_false_accept
lvis_000000247917,lvis_000000247917_yw_120917,0,background_false_accept
lvis_000000100723,lvis_000000100723_yw_045419,0,background_false_accept
lvis_000000210273,lvis_000000210273_yw_102192,0,background_false_accept
lvis_000000569030,lvis_000000569030_yw_275684,0,background_false_accept
lvis_000000393115,lvis_000000393115_yw_192218,0,unknown_false_accept
lvis_000000021839,lvis_000000021839_yw_010740,0,background_false_accept
lvis_000000410456,lvis_000000410456_yw_199363,0,background_false_accept
lvis_000000335529,lvis_000000335529_yw_163466,1,known_tp
lvis_000000569030,lvis_000000569030_yw_275685,0,background_false_accept
lvis_000000491090,lvis_000000491090_yw_238803,0,background_false_accept
lvis_000000277005,lvis_000000277005_yw_133986,0,background_false_accept
lvis_000000218439,lvis_000000218439_yw_106712,0,background_false_accept
lvis_000000312421,lvis_000000312421_yw_153844,0,unknown_false_accept
lvis_000000218439,lvis_000000218439_yw_106713,0,background_false_accept
lvis_000000218439,lvis_000000218439_yw_106714,0,background_false_accept
lvis_000000409424,lvis_000000409424_yw_199060,0,background_false_accept
lvis_000000151480,lvis_000000151480_yw_071421,0,background_false_accept
lvis_000000024919,lvis_000000024919_yw_012061,0,background_false_accept
lvis_000000350122,lvis_000000350122_yw_170792,0,wrong_known_class_or_duplicate
lvis_000000392818,lvis_000000392818_yw_192028,0,background_false_accept
lvis_000000303713,lvis_000000303713_yw_148972,0,background_false_accept
lvis_000000511321,lvis_000000511321_yw_248352,0,background_false_accept
lvis_000000455937,lvis_000000455937_yw_222524,0,unknown_false_accept
lvis_000000156643,lvis_000000156643_yw_074503,1,known_tp
lvis_000000191288,lvis_000000191288_yw_093641,0,background_false_accept
lvis_000000312421,lvis_000000312421_yw_153845,0,background_false_accept
lvis_000000360325,lvis_000000360325_yw_175100,1,known_tp
lvis_000000356612,lvis_000000356612_yw_173670,0,wrong_known_class_or_duplicate
lvis_000000303713,lvis_000000303713_yw_148973,0,background_false_accept
lvis_000000100723,lvis_000000100723_yw_045421,0,background_false_accept
lvis_000000335529,lvis_000000335529_yw_163467,0,background_false_accept
lvis_000000210273,lvis_000000210273_yw_102194,0,background_false_accept
lvis_000000278749,lvis_000000278749_yw_134557,1,known_tp
lvis_000000226058,lvis_000000226058_yw_110424,0,background_false_accept
lvis_000000218439,lvis_000000218439_yw_106716,0,background_false_accept
lvis_000000303713,lvis_000000303713_yw_148974,0,background_false_accept
lvis_000000210394,lvis_000000210394_yw_102490,0,background_false_accept
lvis_000000145591,lvis_000000145591_yw_067886,0,background_false_accept
lvis_000000360325,lvis_000000360325_yw_175101,1,known_tp
lvis_000000211674,lvis_000000211674_yw_102944,1,known_tp
lvis_000000466416,lvis_000000466416_yw_228737,1,known_tp
lvis_000000303713,lvis_000000303713_yw_148976,0,background_false_accept
lvis_000000303713,lvis_000000303713_yw_148977,0,background_false_accept
lvis_000000569030,lvis_000000569030_yw_275686,1,known_tp
lvis_000000196185,lvis_000000196185_yw_096212,0,background_false_accept
lvis_000000421060,lvis_000000421060_yw_205083,1,known_tp
lvis_000000303713,lvis_000000303713_yw_148978,0,background_false_accept
lvis_000000312421,lvis_000000312421_yw_153846,1,known_tp
lvis_000000578500,lvis_000000578500_yw_280308,0,unknown_false_accept
lvis_000000210273,lvis_000000210273_yw_102195,0,background_false_accept
lvis_000000383289,lvis_000000383289_yw_188335,0,background_false_accept
lvis_000000218439,lvis_000000218439_yw_106717,0,background_false_accept
lvis_000000210273,lvis_000000210273_yw_102196,0,background_false_accept
lvis_000000103548,lvis_000000103548_yw_046064,1,known_tp
lvis_000000414133,lvis_000000414133_yw_202220,0,background_false_accept
lvis_000000218439,lvis_000000218439_yw_106719,0,background_false_accept
lvis_000000218439,lvis_000000218439_yw_106720,0,background_false_accept
lvis_000000456292,lvis_000000456292_yw_222640,0,background_false_accept
lvis_000000303713,lvis_000000303713_yw_148979,0,background_false_accept
lvis_000000378139,lvis_000000378139_yw_185947,0,background_false_accept
lvis_000000303713,lvis_000000303713_yw_148980,0,background_false_accept
lvis_000000368752,lvis_000000368752_yw_179481,1,known_tp
lvis_000000336658,lvis_000000336658_yw_164478,1,known_tp
lvis_000000441468,lvis_000000441468_yw_215685,0,background_false_accept
lvis_000000073533,lvis_000000073533_yw_032177,0,wrong_known_class_or_duplicate
lvis_000000210273,lvis_000000210273_yw_102197,1,known_tp
lvis_000000376625,lvis_000000376625_yw_183831,0,background_false_accept
lvis_000000212573,lvis_000000212573_yw_103612,1,known_tp
lvis_000000312421,lvis_000000312421_yw_153848,0,unknown_false_accept
lvis_000000378139,lvis_000000378139_yw_185948,0,background_false_accept
lvis_000000303713,lvis_000000303713_yw_148981,0,background_false_accept
lvis_000000569030,lvis_000000569030_yw_275687,1,known_tp
lvis_000000180487,lvis_000000180487_yw_086586,0,background_false_accept
lvis_000000515579,lvis_000000515579_yw_250747,0,background_false_accept
lvis_000000094157,lvis_000000094157_yw_042039,0,background_false_accept
lvis_000000211674,lvis_000000211674_yw_102945,1,known_tp
lvis_000000103548,lvis_000000103548_yw_046065,1,known_tp
lvis_000000414133,lvis_000000414133_yw_202221,1,known_tp
lvis_000000284762,lvis_000000284762_yw_138873,0,background_false_accept
lvis_000000427649,lvis_000000427649_yw_208494,1,known_tp
lvis_000000333402,lvis_000000333402_yw_162048,1,known_tp
lvis_000000328238,lvis_000000328238_yw_159910,0,background_false_accept
lvis_000000581100,lvis_000000581100_yw_281169,0,background_false_accept
lvis_000000569030,lvis_000000569030_yw_275688,0,background_false_accept
lvis_000000210394,lvis_000000210394_yw_102491,0,background_false_accept
lvis_000000218439,lvis_000000218439_yw_106721,0,background_false_accept
lvis_000000333402,lvis_000000333402_yw_162049,0,background_false_accept
lvis_000000214539,lvis_000000214539_yw_105047,1,known_tp
lvis_000000413247,lvis_000000413247_yw_201730,0,background_false_accept
lvis_000000210394,lvis_000000210394_yw_102492,0,background_false_accept
lvis_000000218439,lvis_000000218439_yw_106722,0,background_false_accept
lvis_000000210394,lvis_000000210394_yw_102493,0,background_false_accept
lvis_000000218439,lvis_000000218439_yw_106723,0,background_false_accept
lvis_000000453841,lvis_000000453841_yw_221381,0,background_false_accept
lvis_000000100723,lvis_000000100723_yw_045423,0,background_false_accept
lvis_000000210394,lvis_000000210394_yw_102494,0,background_false_accept
lvis_000000083531,lvis_000000083531_yw_037451,0,background_false_accept
lvis_000000436883,lvis_000000436883_yw_213339,0,background_false_accept
lvis_000000103548,lvis_000000103548_yw_046066,0,background_false_accept
lvis_000000136633,lvis_000000136633_yw_062290,1,known_tp
lvis_000000303713,lvis_000000303713_yw_148983,0,background_false_accept
lvis_000000376625,lvis_000000376625_yw_183832,0,background_false_accept
lvis_000000278749,lvis_000000278749_yw_134558,0,background_false_accept
lvis_000000466416,lvis_000000466416_yw_228738,0,background_false_accept
lvis_000000303713,lvis_000000303713_yw_148985,0,background_false_accept
lvis_000000103548,lvis_000000103548_yw_046067,0,background_false_accept
lvis_000000210273,lvis_000000210273_yw_102199,0,background_false_accept
lvis_000000214539,lvis_000000214539_yw_105048,1,known_tp
lvis_000000215259,lvis_000000215259_yw_105683,0,background_false_accept
lvis_000000073533,lvis_000000073533_yw_032178,0,wrong_known_class_or_duplicate
lvis_000000247917,lvis_000000247917_yw_120918,0,background_false_accept
lvis_000000214539,lvis_000000214539_yw_105049,1,known_tp
lvis_000000277005,lvis_000000277005_yw_133987,0,background_false_accept
lvis_000000262938,lvis_000000262938_yw_127847,1,known_tp
lvis_000000447917,lvis_000000447917_yw_218487,0,background_false_accept
lvis_000000569030,lvis_000000569030_yw_275689,1,known_tp
lvis_000000378515,lvis_000000378515_yw_186281,0,background_false_accept
lvis_000000378139,lvis_000000378139_yw_185949,0,background_false_accept
lvis_000000335529,lvis_000000335529_yw_163468,0,background_false_accept
lvis_000000057760,lvis_000000057760_yw_025359,0,background_false_accept
lvis_000000242411,lvis_000000242411_yw_118861,0,background_false_accept
lvis_000000466416,lvis_000000466416_yw_228739,0,background_false_accept
lvis_000000312421,lvis_000000312421_yw_153849,0,unknown_false_accept
lvis_000000329041,lvis_000000329041_yw_160334,0,wrong_known_class_or_duplicate
lvis_000000144932,lvis_000000144932_yw_067520,0,background_false_accept
lvis_000000157756,lvis_000000157756_yw_074904,0,background_false_accept
lvis_000000210394,lvis_000000210394_yw_102495,0,background_false_accept
lvis_000000312278,lvis_000000312278_yw_153766,0,background_false_accept
lvis_000000534673,lvis_000000534673_yw_259576,0,background_false_accept
lvis_000000561335,lvis_000000561335_yw_271664,0,wrong_known_class_or_duplicate
lvis_000000120420,lvis_000000120420_yw_052621,1,known_tp
lvis_000000234366,lvis_000000234366_yw_116176,0,background_false_accept
lvis_000000080932,lvis_000000080932_yw_036048,0,background_false_accept
lvis_000000431545,lvis_000000431545_yw_210577,0,background_false_accept
lvis_000000218439,lvis_000000218439_yw_106725,0,background_false_accept
lvis_000000511076,lvis_000000511076_yw_248110,1,known_tp
lvis_000000218439,lvis_000000218439_yw_106726,0,background_false_accept
lvis_000000425925,lvis_000000425925_yw_207281,1,known_tp
lvis_000000324258,lvis_000000324258_yw_158584,0,unknown_false_accept
lvis_000000278749,lvis_000000278749_yw_134559,1,known_tp
lvis_000000303713,lvis_000000303713_yw_148986,0,background_false_accept
lvis_000000080932,lvis_000000080932_yw_036049,0,background_false_accept
lvis_000000392818,lvis_000000392818_yw_192029,0,background_false_accept
lvis_000000221281,lvis_000000221281_yw_108064,0,background_false_accept
lvis_000000157756,lvis_000000157756_yw_074905,0,background_false_accept
lvis_000000578545,lvis_000000578545_yw_280331,0,unknown_false_accept
lvis_000000151480,lvis_000000151480_yw_071422,0,background_false_accept
lvis_000000248314,lvis_000000248314_yw_121078,0,background_false_accept
lvis_000000303713,lvis_000000303713_yw_148987,0,background_false_accept
lvis_000000158548,lvis_000000158548_yw_075219,0,background_false_accept
lvis_000000377946,lvis_000000377946_yw_185775,0,background_false_accept
lvis_000000218439,lvis_000000218439_yw_106728,0,background_false_accept
lvis_000000218439,lvis_000000218439_yw_106729,0,background_false_accept
lvis_000000534673,lvis_000000534673_yw_259577,0,background_false_accept
lvis_000000303713,lvis_000000303713_yw_148988,0,background_false_accept
lvis_000000463647,lvis_000000463647_yw_226889,1,known_tp
lvis_000000349860,lvis_000000349860_yw_170329,0,background_false_accept
lvis_000000210273,lvis_000000210273_yw_102200,0,background_false_accept
lvis_000000218439,lvis_000000218439_yw_106730,0,background_false_accept
lvis_000000303713,lvis_000000303713_yw_148989,0,background_false_accept
lvis_000000232692,lvis_000000232692_yw_115391,0,background_false_accept
lvis_000000103548,lvis_000000103548_yw_046068,1,known_tp
lvis_000000218439,lvis_000000218439_yw_106731,0,background_false_accept
lvis_000000374545,lvis_000000374545_yw_182661,0,background_false_accept
lvis_000000278749,lvis_000000278749_yw_134560,0,background_false_accept
lvis_000000350122,lvis_000000350122_yw_170793,0,background_false_accept
lvis_000000303713,lvis_000000303713_yw_148990,0,background_false_accept
lvis_000000368752,lvis_000000368752_yw_179482,0,background_false_accept
lvis_000000210394,lvis_000000210394_yw_102496,0,background_false_accept
lvis_000000303713,lvis_000000303713_yw_148991,0,background_false_accept
lvis_000000303713,lvis_000000303713_yw_148992,0,background_false_accept
lvis_000000100723,lvis_000000100723_yw_045424,0,background_false_accept
lvis_000000161925,lvis_000000161925_yw_077053,0,background_false_accept
lvis_000000463647,lvis_000000463647_yw_226890,0,background_false_accept
lvis_000000166747,lvis_000000166747_yw_079676,0,wrong_known_class_or_duplicate
lvis_000000378139,lvis_000000378139_yw_185950,0,background_false_accept
lvis_000000100723,lvis_000000100723_yw_045425,0,background_false_accept
lvis_000000350122,lvis_000000350122_yw_170794,0,background_false_accept
lvis_000000150649,lvis_000000150649_yw_071309,0,background_false_accept
lvis_000000324258,lvis_000000324258_yw_158585,0,background_false_accept
lvis_000000277005,lvis_000000277005_yw_133988,0,background_false_accept
lvis_000000013729,lvis_000000013729_yw_006628,0,background_false_accept
lvis_000000336658,lvis_000000336658_yw_164479,1,known_tp
lvis_000000147740,lvis_000000147740_yw_069632,0,background_false_accept
lvis_000000303713,lvis_000000303713_yw_148993,0,background_false_accept
lvis_000000133969,lvis_000000133969_yw_060999,0,background_false_accept
lvis_000000239347,lvis_000000239347_yw_117728,0,unknown_false_accept
lvis_000000189310,lvis_000000189310_yw_092200,0,unknown_false_accept
lvis_000000206218,lvis_000000206218_yw_100196,0,background_false_accept
lvis_000000103548,lvis_000000103548_yw_046069,0,background_false_accept
lvis_000000013729,lvis_000000013729_yw_006629,0,unknown_false_accept
lvis_000000057760,lvis_000000057760_yw_025360,1,known_tp
lvis_000000100723,lvis_000000100723_yw_045426,0,background_false_accept
lvis_000000242678,lvis_000000242678_yw_119062,0,background_false_accept
lvis_000000156643,lvis_000000156643_yw_074504,0,background_false_accept
lvis_000000511076,lvis_000000511076_yw_248111,1,known_tp
lvis_000000303713,lvis_000000303713_yw_148994,0,background_false_accept
lvis_000000360325,lvis_000000360325_yw_175102,0,wrong_known_class_or_duplicate
lvis_000000218439,lvis_000000218439_yw_106732,0,background_false_accept
lvis_000000511076,lvis_000000511076_yw_248112,0,background_false_accept
lvis_000000060363,lvis_000000060363_yw_026504,1,known_tp
lvis_000000211042,lvis_000000211042_yw_102846,0,background_false_accept
lvis_000000218439,lvis_000000218439_yw_106733,0,background_false_accept
lvis_000000561958,lvis_000000561958_yw_271771,0,background_false_accept
lvis_000000166747,lvis_000000166747_yw_079677,1,known_tp
lvis_000000425221,lvis_000000425221_yw_206895,0,background_false_accept
lvis_000000466416,lvis_000000466416_yw_228740,1,known_tp
lvis_000000218439,lvis_000000218439_yw_106737,0,background_false_accept
lvis_000000100723,lvis_000000100723_yw_045428,0,background_false_accept
lvis_000000335529,lvis_000000335529_yw_163469,1,known_tp
lvis_000000203931,lvis_000000203931_yw_099039,0,background_false_accept
lvis_000000019042,lvis_000000019042_yw_009767,0,background_false_accept
lvis_000000073118,lvis_000000073118_yw_032131,0,unknown_false_accept
lvis_000000214539,lvis_000000214539_yw_105051,0,background_false_accept
lvis_000000120420,lvis_000000120420_yw_052622,1,known_tp
lvis_000000303713,lvis_000000303713_yw_148996,0,background_false_accept
lvis_000000218439,lvis_000000218439_yw_106738,0,background_false_accept
lvis_000000423798,lvis_000000423798_yw_206266,1,known_tp
lvis_000000242678,lvis_000000242678_yw_119063,0,background_false_accept
lvis_000000525322,lvis_000000525322_yw_254929,0,background_false_accept
lvis_000000073118,lvis_000000073118_yw_032132,0,unknown_false_accept
lvis_000000511076,lvis_000000511076_yw_248113,0,background_false_accept
lvis_000000087476,lvis_000000087476_yw_039850,0,background_false_accept
lvis_000000170116,lvis_000000170116_yw_081190,0,background_false_accept
lvis_000000541123,lvis_000000541123_yw_262147,0,background_false_accept
lvis_000000463647,lvis_000000463647_yw_226891,1,known_tp
lvis_000000193743,lvis_000000193743_yw_095067,0,background_false_accept
lvis_000000156924,lvis_000000156924_yw_074613,0,background_false_accept
lvis_000000276921,lvis_000000276921_yw_133945,0,unknown_false_accept
lvis_000000242411,lvis_000000242411_yw_118862,0,background_false_accept
lvis_000000203931,lvis_000000203931_yw_099040,0,background_false_accept
lvis_000000303713,lvis_000000303713_yw_148998,0,background_false_accept
lvis_000000350488,lvis_000000350488_yw_171170,0,background_false_accept
lvis_000000145020,lvis_000000145020_yw_067600,0,background_false_accept
lvis_000000303713,lvis_000000303713_yw_149000,0,background_false_accept
lvis_000000222299,lvis_000000222299_yw_108630,0,background_false_accept
lvis_000000170116,lvis_000000170116_yw_081191,1,known_tp
lvis_000000350122,lvis_000000350122_yw_170795,0,background_false_accept
lvis_000000511076,lvis_000000511076_yw_248114,1,known_tp
lvis_000000212573,lvis_000000212573_yw_103613,1,known_tp
lvis_000000136633,lvis_000000136633_yw_062291,1,known_tp
lvis_000000569030,lvis_000000569030_yw_275691,1,known_tp
lvis_000000511321,lvis_000000511321_yw_248353,0,background_false_accept
lvis_000000140203,lvis_000000140203_yw_064173,0,background_false_accept
lvis_000000463647,lvis_000000463647_yw_226892,0,background_false_accept
lvis_000000303713,lvis_000000303713_yw_149002,0,background_false_accept
lvis_000000169169,lvis_000000169169_yw_080739,0,background_false_accept
lvis_000000218439,lvis_000000218439_yw_106741,0,background_false_accept
lvis_000000214539,lvis_000000214539_yw_105052,1,known_tp
lvis_000000320743,lvis_000000320743_yw_157011,0,unknown_false_accept
lvis_000000218439,lvis_000000218439_yw_106742,0,background_false_accept
lvis_000000218439,lvis_000000218439_yw_106743,0,background_false_accept
lvis_000000103548,lvis_000000103548_yw_046070,1,known_tp
lvis_000000242411,lvis_000000242411_yw_118863,0,background_false_accept
lvis_000000089697,lvis_000000089697_yw_041054,0,background_false_accept
lvis_000000094157,lvis_000000094157_yw_042040,0,background_false_accept
lvis_000000454978,lvis_000000454978_yw_221835,0,background_false_accept
lvis_000000541123,lvis_000000541123_yw_262148,0,background_false_accept
lvis_000000458223,lvis_000000458223_yw_223708,0,background_false_accept
lvis_000000303713,lvis_000000303713_yw_149003,0,background_false_accept
lvis_000000350122,lvis_000000350122_yw_170796,0,background_false_accept
lvis_000000274708,lvis_000000274708_yw_133083,0,background_false_accept
lvis_000000057760,lvis_000000057760_yw_025361,0,background_false_accept
lvis_000000277005,lvis_000000277005_yw_133989,0,background_false_accept
lvis_000000303713,lvis_000000303713_yw_149004,0,background_false_accept
lvis_000000021167,lvis_000000021167_yw_010651,0,background_false_accept
lvis_000000344909,lvis_000000344909_yw_168686,0,background_false_accept
lvis_000000148719,lvis_000000148719_yw_070181,1,known_tp
lvis_000000561958,lvis_000000561958_yw_271772,0,background_false_accept
lvis_000000376625,lvis_000000376625_yw_183833,0,background_false_accept
lvis_000000166747,lvis_000000166747_yw_079678,0,background_false_accept
lvis_000000257370,lvis_000000257370_yw_125000,0,background_false_accept
lvis_000000465718,lvis_000000465718_yw_228307,0,background_false_accept
lvis_000000057760,lvis_000000057760_yw_025362,0,background_false_accept
lvis_000000303713,lvis_000000303713_yw_149005,0,background_false_accept
lvis_000000285047,lvis_000000285047_yw_138975,0,background_false_accept
lvis_000000495054,lvis_000000495054_yw_240988,1,known_tp
lvis_000000218439,lvis_000000218439_yw_106744,0,background_false_accept
lvis_000000211674,lvis_000000211674_yw_102948,0,background_false_accept
lvis_000000140203,lvis_000000140203_yw_064175,0,background_false_accept
lvis_000000019042,lvis_000000019042_yw_009768,0,background_false_accept
lvis_000000218439,lvis_000000218439_yw_106745,0,background_false_accept
lvis_000000210273,lvis_000000210273_yw_102203,0,wrong_known_class_or_duplicate
lvis_000000350122,lvis_000000350122_yw_170797,0,background_false_accept
lvis_000000231879,lvis_000000231879_yw_115095,0,background_false_accept
lvis_000000356612,lvis_000000356612_yw_173671,1,known_tp
lvis_000000218439,lvis_000000218439_yw_106747,0,background_false_accept
lvis_000000218439,lvis_000000218439_yw_106748,0,background_false_accept
lvis_000000218439,lvis_000000218439_yw_106749,0,background_false_accept
lvis_000000210273,lvis_000000210273_yw_102204,1,known_tp
lvis_000000218439,lvis_000000218439_yw_106750,0,background_false_accept
lvis_000000135890,lvis_000000135890_yw_062081,0,background_false_accept
lvis_000000317999,lvis_000000317999_yw_155642,0,unknown_false_accept
lvis_000000203931,lvis_000000203931_yw_099041,0,background_false_accept
lvis_000000541123,lvis_000000541123_yw_262149,0,background_false_accept
lvis_000000218439,lvis_000000218439_yw_106751,0,background_false_accept
lvis_000000222299,lvis_000000222299_yw_108631,0,background_false_accept
lvis_000000170116,lvis_000000170116_yw_081192,0,background_false_accept
lvis_000000350122,lvis_000000350122_yw_170798,0,unknown_false_accept
lvis_000000013729,lvis_000000013729_yw_006630,0,background_false_accept
lvis_000000214539,lvis_000000214539_yw_105053,1,known_tp
lvis_000000226154,lvis_000000226154_yw_110496,1,known_tp
lvis_000000196442,lvis_000000196442_yw_096300,0,background_false_accept
lvis_000000103548,lvis_000000103548_yw_046072,0,background_false_accept
lvis_000000189475,lvis_000000189475_yw_092275,0,background_false_accept
lvis_000000413247,lvis_000000413247_yw_201731,0,background_false_accept
lvis_000000541123,lvis_000000541123_yw_262150,0,background_false_accept
lvis_000000541123,lvis_000000541123_yw_262151,1,known_tp
lvis_000000466416,lvis_000000466416_yw_228742,0,background_false_accept
lvis_000000361506,lvis_000000361506_yw_176067,0,background_false_accept
lvis_000000129492,lvis_000000129492_yw_057794,0,unknown_false_accept
lvis_000000210273,lvis_000000210273_yw_102205,0,background_false_accept
lvis_000000203931,lvis_000000203931_yw_099042,0,background_false_accept
lvis_000000218439,lvis_000000218439_yw_106753,0,background_false_accept
lvis_000000103548,lvis_000000103548_yw_046073,0,background_false_accept
lvis_000000013729,lvis_000000013729_yw_006631,0,background_false_accept
lvis_000000103548,lvis_000000103548_yw_046074,0,background_false_accept
lvis_000000349860,lvis_000000349860_yw_170330,0,background_false_accept
lvis_000000232692,lvis_000000232692_yw_115395,0,unknown_false_accept
lvis_000000170116,lvis_000000170116_yw_081193,1,known_tp
lvis_000000356612,lvis_000000356612_yw_173672,0,background_false_accept
lvis_000000541123,lvis_000000541123_yw_262152,0,background_false_accept
lvis_000000166478,lvis_000000166478_yw_079508,0,unknown_false_accept
lvis_000000135890,lvis_000000135890_yw_062082,1,known_tp
lvis_000000218439,lvis_000000218439_yw_106754,0,background_false_accept
lvis_000000303713,lvis_000000303713_yw_149006,0,background_false_accept
lvis_000000569030,lvis_000000569030_yw_275693,0,wrong_known_class_or_duplicate
lvis_000000024919,lvis_000000024919_yw_012062,0,unknown_false_accept
lvis_000000218439,lvis_000000218439_yw_106755,0,background_false_accept
lvis_000000103548,lvis_000000103548_yw_046076,0,background_false_accept
lvis_000000080932,lvis_000000080932_yw_036050,0,unknown_false_accept
lvis_000000441468,lvis_000000441468_yw_215686,0,background_false_accept
lvis_000000009891,lvis_000000009891_yw_004603,0,background_false_accept
lvis_000000453841,lvis_000000453841_yw_221382,0,background_false_accept
lvis_000000374545,lvis_000000374545_yw_182663,1,known_tp
lvis_000000218439,lvis_000000218439_yw_106757,0,background_false_accept
lvis_000000413247,lvis_000000413247_yw_201732,0,background_false_accept
lvis_000000210273,lvis_000000210273_yw_102206,0,background_false_accept
lvis_000000336658,lvis_000000336658_yw_164480,1,known_tp
lvis_000000383289,lvis_000000383289_yw_188336,1,known_tp
lvis_000000060363,lvis_000000060363_yw_026505,1,known_tp
lvis_000000103548,lvis_000000103548_yw_046077,1,known_tp
lvis_000000273198,lvis_000000273198_yw_132020,0,background_false_accept
lvis_000000303713,lvis_000000303713_yw_149007,0,background_false_accept
lvis_000000371699,lvis_000000371699_yw_181600,0,background_false_accept
lvis_000000218439,lvis_000000218439_yw_106758,0,background_false_accept
lvis_000000145020,lvis_000000145020_yw_067601,0,background_false_accept
lvis_000000287347,lvis_000000287347_yw_139812,0,background_false_accept
lvis_000000431727,lvis_000000431727_yw_210600,0,unknown_false_accept
lvis_000000561958,lvis_000000561958_yw_271773,0,background_false_accept
lvis_000000248314,lvis_000000248314_yw_121079,0,background_false_accept
lvis_000000073533,lvis_000000073533_yw_032180,0,background_false_accept
lvis_000000561958,lvis_000000561958_yw_271774,0,background_false_accept
lvis_000000242678,lvis_000000242678_yw_119064,0,background_false_accept
lvis_000000541123,lvis_000000541123_yw_262154,0,background_false_accept
lvis_000000303713,lvis_000000303713_yw_149008,0,background_false_accept
lvis_000000106235,lvis_000000106235_yw_047155,0,unknown_false_accept
lvis_000000303713,lvis_000000303713_yw_149010,0,background_false_accept
lvis_000000211674,lvis_000000211674_yw_102950,0,background_false_accept
lvis_000000541123,lvis_000000541123_yw_262155,0,background_false_accept
lvis_000000551815,lvis_000000551815_yw_267343,1,known_tp
lvis_000000210273,lvis_000000210273_yw_102207,1,known_tp
lvis_000000374545,lvis_000000374545_yw_182664,0,background_false_accept
lvis_000000335529,lvis_000000335529_yw_163470,0,background_false_accept
lvis_000000361506,lvis_000000361506_yw_176068,0,background_false_accept
lvis_000000218439,lvis_000000218439_yw_106759,0,background_false_accept
lvis_000000169169,lvis_000000169169_yw_080740,0,wrong_known_class_or_duplicate
lvis_000000218439,lvis_000000218439_yw_106760,0,background_false_accept
lvis_000000170116,lvis_000000170116_yw_081195,0,background_false_accept
lvis_000000210273,lvis_000000210273_yw_102208,0,wrong_known_class_or_duplicate
lvis_000000569030,lvis_000000569030_yw_275695,1,known_tp
lvis_000000212573,lvis_000000212573_yw_103614,0,background_false_accept
lvis_000000103548,lvis_000000103548_yw_046078,0,background_false_accept
lvis_000000057760,lvis_000000057760_yw_025363,0,wrong_known_class_or_duplicate
lvis_000000106235,lvis_000000106235_yw_047156,0,background_false_accept
lvis_000000100723,lvis_000000100723_yw_045432,0,background_false_accept
lvis_000000218439,lvis_000000218439_yw_106763,0,background_false_accept
lvis_000000211674,lvis_000000211674_yw_102951,0,background_false_accept
lvis_000000453040,lvis_000000453040_yw_220645,0,background_false_accept
lvis_000000019042,lvis_000000019042_yw_009769,0,background_false_accept
lvis_000000186345,lvis_000000186345_yw_090566,1,known_tp
lvis_000000087476,lvis_000000087476_yw_039851,0,background_false_accept
lvis_000000323751,lvis_000000323751_yw_158181,0,background_false_accept
lvis_000000350488,lvis_000000350488_yw_171171,0,background_false_accept
lvis_000000100723,lvis_000000100723_yw_045433,0,background_false_accept
lvis_000000455937,lvis_000000455937_yw_222525,0,unknown_false_accept
lvis_000000277005,lvis_000000277005_yw_133991,0,background_false_accept
lvis_000000151480,lvis_000000151480_yw_071423,0,background_false_accept
lvis_000000211674,lvis_000000211674_yw_102952,0,wrong_known_class_or_duplicate
lvis_000000332455,lvis_000000332455_yw_161741,0,background_false_accept
lvis_000000210273,lvis_000000210273_yw_102209,0,background_false_accept
lvis_000000383289,lvis_000000383289_yw_188337,0,background_false_accept
lvis_000000303713,lvis_000000303713_yw_149012,0,background_false_accept
lvis_000000019042,lvis_000000019042_yw_009770,0,background_false_accept
lvis_000000218439,lvis_000000218439_yw_106765,0,background_false_accept
lvis_000000218439,lvis_000000218439_yw_106766,0,background_false_accept
lvis_000000170116,lvis_000000170116_yw_081196,0,background_false_accept
lvis_000000303713,lvis_000000303713_yw_149013,0,background_false_accept
lvis_000000581100,lvis_000000581100_yw_281170,0,background_false_accept
lvis_000000037740,lvis_000000037740_yw_017077,0,unknown_false_accept
lvis_000000100723,lvis_000000100723_yw_045434,0,background_false_accept
lvis_000000100723,lvis_000000100723_yw_045435,1,known_tp
lvis_000000561958,lvis_000000561958_yw_271775,0,background_false_accept
lvis_000000193494,lvis_000000193494_yw_094911,0,unknown_false_accept
lvis_000000569976,lvis_000000569976_yw_276140,0,background_false_accept
lvis_000000145020,lvis_000000145020_yw_067603,0,background_false_accept
lvis_000000456292,lvis_000000456292_yw_222641,0,background_false_accept
lvis_000000103548,lvis_000000103548_yw_046079,0,background_false_accept
lvis_000000491090,lvis_000000491090_yw_238804,0,background_false_accept
lvis_000000171611,lvis_000000171611_yw_082133,0,background_false_accept
lvis_000000569030,lvis_000000569030_yw_275700,0,background_false_accept
lvis_000000541123,lvis_000000541123_yw_262157,0,background_false_accept
lvis_000000374545,lvis_000000374545_yw_182665,0,background_false_accept
lvis_000000285047,lvis_000000285047_yw_138976,0,background_false_accept
lvis_000000100723,lvis_000000100723_yw_045436,0,background_false_accept
lvis_000000226058,lvis_000000226058_yw_110425,0,unknown_false_accept
lvis_000000100723,lvis_000000100723_yw_045437,1,known_tp
lvis_000000458410,lvis_000000458410_yw_224011,0,background_false_accept
lvis_000000303713,lvis_000000303713_yw_149014,1,known_tp
lvis_000000303713,lvis_000000303713_yw_149015,0,background_false_accept
lvis_000000303713,lvis_000000303713_yw_149016,0,background_false_accept
lvis_000000057760,lvis_000000057760_yw_025364,0,background_false_accept
lvis_000000094157,lvis_000000094157_yw_042041,0,background_false_accept
lvis_000000541123,lvis_000000541123_yw_262158,0,background_false_accept
lvis_000000106235,lvis_000000106235_yw_047157,0,background_false_accept
lvis_000000203931,lvis_000000203931_yw_099043,0,background_false_accept
lvis_000000303713,lvis_000000303713_yw_149017,0,background_false_accept
lvis_000000511076,lvis_000000511076_yw_248118,1,known_tp
lvis_000000377946,lvis_000000377946_yw_185777,0,background_false_accept
lvis_000000197528,lvis_000000197528_yw_096616,0,background_false_accept
lvis_000000389804,lvis_000000389804_yw_191558,0,unknown_false_accept
lvis_000000496854,lvis_000000496854_yw_241624,0,background_false_accept
lvis_000000303713,lvis_000000303713_yw_149018,0,background_false_accept
lvis_000000555972,lvis_000000555972_yw_269305,0,background_false_accept
lvis_000000211674,lvis_000000211674_yw_102953,0,background_false_accept
lvis_000000289938,lvis_000000289938_yw_141412,0,background_false_accept
lvis_000000166747,lvis_000000166747_yw_079679,0,background_false_accept
lvis_000000466416,lvis_000000466416_yw_228743,1,known_tp
lvis_000000214539,lvis_000000214539_yw_105055,0,background_false_accept
lvis_000000158548,lvis_000000158548_yw_075220,0,background_false_accept
lvis_000000563702,lvis_000000563702_yw_273090,0,background_false_accept
lvis_000000303713,lvis_000000303713_yw_149019,0,background_false_accept
lvis_000000271116,lvis_000000271116_yw_131416,0,wrong_known_class_or_duplicate
lvis_000000466416,lvis_000000466416_yw_228744,1,known_tp
lvis_000000100723,lvis_000000100723_yw_045438,0,background_false_accept
lvis_000000511076,lvis_000000511076_yw_248119,0,background_false_accept
lvis_000000303713,lvis_000000303713_yw_149020,0,background_false_accept
lvis_000000145020,lvis_000000145020_yw_067605,0,background_false_accept
lvis_000000218439,lvis_000000218439_yw_106768,0,background_false_accept
lvis_000000350122,lvis_000000350122_yw_170800,0,background_false_accept
lvis_000000010707,lvis_000000010707_yw_004824,0,unknown_false_accept
lvis_000000203931,lvis_000000203931_yw_099044,0,background_false_accept
lvis_000000541123,lvis_000000541123_yw_262159,0,background_false_accept
lvis_000000303713,lvis_000000303713_yw_149021,0,background_false_accept
lvis_000000158548,lvis_000000158548_yw_075221,1,known_tp
lvis_000000276921,lvis_000000276921_yw_133946,0,unknown_false_accept
lvis_000000303713,lvis_000000303713_yw_149023,1,known_tp
lvis_000000376625,lvis_000000376625_yw_183834,0,unknown_false_accept
lvis_000000493286,lvis_000000493286_yw_240178,1,known_tp
lvis_000000541123,lvis_000000541123_yw_262160,0,background_false_accept
lvis_000000022479,lvis_000000022479_yw_010937,0,background_false_accept
lvis_000000277005,lvis_000000277005_yw_133992,0,background_false_accept
lvis_000000247917,lvis_000000247917_yw_120920,0,background_false_accept
lvis_000000491090,lvis_000000491090_yw_238806,0,background_false_accept
lvis_000000145020,lvis_000000145020_yw_067606,0,background_false_accept
lvis_000000388056,lvis_000000388056_yw_190262,0,background_false_accept
lvis_000000218439,lvis_000000218439_yw_106770,0,background_false_accept
lvis_000000303713,lvis_000000303713_yw_149024,0,background_false_accept
lvis_000000242411,lvis_000000242411_yw_118864,0,background_false_accept
lvis_000000303713,lvis_000000303713_yw_149025,0,background_false_accept
lvis_000000145020,lvis_000000145020_yw_067608,0,background_false_accept
lvis_000000210273,lvis_000000210273_yw_102211,0,wrong_known_class_or_duplicate
lvis_000000148719,lvis_000000148719_yw_070183,0,wrong_known_class_or_duplicate
lvis_000000211674,lvis_000000211674_yw_102954,0,background_false_accept
lvis_000000374545,lvis_000000374545_yw_182666,1,known_tp
lvis_000000423798,lvis_000000423798_yw_206269,1,known_tp
lvis_000000347930,lvis_000000347930_yw_169772,0,background_false_accept
lvis_000000361506,lvis_000000361506_yw_176069,0,background_false_accept
lvis_000000166166,lvis_000000166166_yw_079212,0,background_false_accept
lvis_000000541123,lvis_000000541123_yw_262162,0,background_false_accept
lvis_000000382125,lvis_000000382125_yw_188202,0,unknown_false_accept
lvis_000000170116,lvis_000000170116_yw_081197,0,background_false_accept
lvis_000000534041,lvis_000000534041_yw_258915,0,background_false_accept
lvis_000000167486,lvis_000000167486_yw_080227,0,background_false_accept
lvis_000000441468,lvis_000000441468_yw_215687,0,wrong_known_class_or_duplicate
lvis_000000511321,lvis_000000511321_yw_248354,0,background_false_accept
lvis_000000425925,lvis_000000425925_yw_207282,0,background_false_accept
lvis_000000158548,lvis_000000158548_yw_075222,0,background_false_accept
lvis_000000356612,lvis_000000356612_yw_173673,1,known_tp
lvis_000000561335,lvis_000000561335_yw_271667,0,wrong_known_class_or_duplicate
lvis_000000303713,lvis_000000303713_yw_149026,0,background_false_accept
lvis_000000569030,lvis_000000569030_yw_275701,1,known_tp
lvis_000000383921,lvis_000000383921_yw_188740,0,unknown_false_accept
lvis_000000115885,lvis_000000115885_yw_050885,0,unknown_false_accept
lvis_000000541123,lvis_000000541123_yw_262163,0,background_false_accept
lvis_000000133819,lvis_000000133819_yw_060705,0,background_false_accept
lvis_000000151480,lvis_000000151480_yw_071424,0,background_false_accept
lvis_000000534601,lvis_000000534601_yw_259350,0,unknown_false_accept
lvis_000000378515,lvis_000000378515_yw_186282,1,known_tp
lvis_000000218439,lvis_000000218439_yw_106773,0,background_false_accept
lvis_000000136633,lvis_000000136633_yw_062292,1,known_tp
lvis_000000203931,lvis_000000203931_yw_099045,1,known_tp
lvis_000000374545,lvis_000000374545_yw_182667,1,known_tp
lvis_000000425221,lvis_000000425221_yw_206896,0,background_false_accept
lvis_000000171611,lvis_000000171611_yw_082135,1,known_tp
lvis_000000360325,lvis_000000360325_yw_175106,1,known_tp
lvis_000000360325,lvis_000000360325_yw_175107,1,known_tp
lvis_000000384513,lvis_000000384513_yw_188864,0,background_false_accept
lvis_000000561958,lvis_000000561958_yw_271776,0,background_false_accept
lvis_000000303713,lvis_000000303713_yw_149027,0,background_false_accept
lvis_000000170116,lvis_000000170116_yw_081198,0,background_false_accept
lvis_000000157756,lvis_000000157756_yw_074906,1,known_tp
lvis_000000453841,lvis_000000453841_yw_221383,0,background_false_accept
lvis_000000349184,lvis_000000349184_yw_170155,0,background_false_accept
lvis_000000377946,lvis_000000377946_yw_185779,0,background_false_accept
lvis_000000022479,lvis_000000022479_yw_010938,0,background_false_accept
lvis_000000218439,lvis_000000218439_yw_106774,0,background_false_accept
lvis_000000541123,lvis_000000541123_yw_262164,0,background_false_accept
lvis_000000396200,lvis_000000396200_yw_193537,0,background_false_accept
lvis_000000035279,lvis_000000035279_yw_016367,0,background_false_accept
lvis_000000303713,lvis_000000303713_yw_149028,0,background_false_accept
lvis_000000330369,lvis_000000330369_yw_160958,1,known_tp
lvis_000000541123,lvis_000000541123_yw_262165,0,unknown_false_accept
lvis_000000581100,lvis_000000581100_yw_281171,0,background_false_accept
lvis_000000541123,lvis_000000541123_yw_262166,0,background_false_accept
lvis_000000303713,lvis_000000303713_yw_149029,0,background_false_accept
lvis_000000252559,lvis_000000252559_yw_122396,0,background_false_accept
lvis_000000022479,lvis_000000022479_yw_010939,0,background_false_accept
lvis_000000100723,lvis_000000100723_yw_045439,0,background_false_accept
lvis_000000196185,lvis_000000196185_yw_096213,0,background_false_accept
lvis_000000100723,lvis_000000100723_yw_045440,0,background_false_accept
lvis_000000203931,lvis_000000203931_yw_099046,0,background_false_accept
lvis_000000052507,lvis_000000052507_yw_022762,0,unknown_false_accept
lvis_000000214539,lvis_000000214539_yw_105056,0,background_false_accept
lvis_000000405691,lvis_000000405691_yw_197531,0,background_false_accept
lvis_000000527220,lvis_000000527220_yw_255595,0,wrong_known_class_or_duplicate
lvis_000000268378,lvis_000000268378_yw_130495,0,background_false_accept
lvis_000000495054,lvis_000000495054_yw_240990,0,background_false_accept
lvis_000000511321,lvis_000000511321_yw_248355,1,known_tp
lvis_000000458223,lvis_000000458223_yw_223709,0,background_false_accept
lvis_000000133969,lvis_000000133969_yw_061001,0,background_false_accept
lvis_000000511076,lvis_000000511076_yw_248120,0,background_false_accept
lvis_000000323751,lvis_000000323751_yw_158182,1,known_tp
lvis_000000145591,lvis_000000145591_yw_067887,0,background_false_accept
lvis_000000210273,lvis_000000210273_yw_102213,0,background_false_accept
lvis_000000163951,lvis_000000163951_yw_078483,0,background_false_accept
lvis_000000502599,lvis_000000502599_yw_244218,0,background_false_accept
lvis_000000057760,lvis_000000057760_yw_025365,0,background_false_accept
lvis_000000157756,lvis_000000157756_yw_074907,0,wrong_known_class_or_duplicate
lvis_000000541123,lvis_000000541123_yw_262167,0,background_false_accept
lvis_000000289938,lvis_000000289938_yw_141413,0,background_false_accept
lvis_000000541123,lvis_000000541123_yw_262168,0,background_false_accept
lvis_000000453841,lvis_000000453841_yw_221384,0,wrong_known_class_or_duplicate
lvis_000000453841,lvis_000000453841_yw_221385,0,background_false_accept
lvis_000000303713,lvis_000000303713_yw_149032,0,background_false_accept
lvis_000000105264,lvis_000000105264_yw_046633,1,known_tp
lvis_000000196185,lvis_000000196185_yw_096214,0,background_false_accept
lvis_000000057760,lvis_000000057760_yw_025366,1,known_tp
lvis_000000211042,lvis_000000211042_yw_102847,0,background_false_accept
lvis_000000158548,lvis_000000158548_yw_075223,1,known_tp
lvis_000000323751,lvis_000000323751_yw_158183,0,background_false_accept
lvis_000000303713,lvis_000000303713_yw_149033,0,background_false_accept
lvis_000000151480,lvis_000000151480_yw_071425,0,background_false_accept
lvis_000000541123,lvis_000000541123_yw_262169,0,background_false_accept
lvis_000000210273,lvis_000000210273_yw_102214,1,known_tp
lvis_000000121497,lvis_000000121497_yw_053178,1,known_tp
lvis_000000203931,lvis_000000203931_yw_099047,0,background_false_accept
lvis_000000328238,lvis_000000328238_yw_159916,0,background_false_accept
lvis_000000414638,lvis_000000414638_yw_202490,0,background_false_accept
lvis_000000333402,lvis_000000333402_yw_162051,0,background_false_accept
lvis_000000212573,lvis_000000212573_yw_103615,0,background_false_accept
lvis_000000232348,lvis_000000232348_yw_115222,0,unknown_false_accept
lvis_000000348708,lvis_000000348708_yw_169945,0,unknown_false_accept
lvis_000000303713,lvis_000000303713_yw_149034,0,background_false_accept
lvis_000000371699,lvis_000000371699_yw_181601,0,background_false_accept
lvis_000000262938,lvis_000000262938_yw_127849,1,known_tp
lvis_000000441468,lvis_000000441468_yw_215688,1,known_tp
lvis_000000233238,lvis_000000233238_yw_115587,0,background_false_accept
lvis_000000092416,lvis_000000092416_yw_041572,0,wrong_known_class_or_duplicate
lvis_000000203931,lvis_000000203931_yw_099048,0,background_false_accept
lvis_000000425925,lvis_000000425925_yw_207283,0,unknown_false_accept
lvis_000000203931,lvis_000000203931_yw_099049,0,background_false_accept
lvis_000000210273,lvis_000000210273_yw_102216,0,background_false_accept
lvis_000000463037,lvis_000000463037_yw_226253,0,background_false_accept
lvis_000000197528,lvis_000000197528_yw_096617,0,background_false_accept
lvis_000000303713,lvis_000000303713_yw_149036,0,background_false_accept
lvis_000000495054,lvis_000000495054_yw_240991,1,known_tp
lvis_000000103548,lvis_000000103548_yw_046081,0,background_false_accept
lvis_000000278749,lvis_000000278749_yw_134561,1,known_tp
lvis_000000145020,lvis_000000145020_yw_067609,0,background_false_accept
lvis_000000393115,lvis_000000393115_yw_192221,0,background_false_accept
lvis_000000333402,lvis_000000333402_yw_162052,0,background_false_accept
lvis_000000151480,lvis_000000151480_yw_071426,1,known_tp
lvis_000000534041,lvis_000000534041_yw_258916,1,known_tp
lvis_000000170116,lvis_000000170116_yw_081199,1,known_tp
lvis_000000288685,lvis_000000288685_yw_140399,0,background_false_accept
lvis_000000303713,lvis_000000303713_yw_149037,0,background_false_accept
lvis_000000156924,lvis_000000156924_yw_074614,0,unknown_false_accept
lvis_000000303713,lvis_000000303713_yw_149038,0,background_false_accept
lvis_000000303713,lvis_000000303713_yw_149039,0,background_false_accept
lvis_000000019042,lvis_000000019042_yw_009771,0,background_false_accept
lvis_000000226903,lvis_000000226903_yw_111385,0,background_false_accept
lvis_000000561958,lvis_000000561958_yw_271777,0,background_false_accept
lvis_000000211674,lvis_000000211674_yw_102957,0,background_false_accept
lvis_000000191761,lvis_000000191761_yw_093779,0,unknown_false_accept
lvis_000000151480,lvis_000000151480_yw_071427,1,known_tp
lvis_000000148719,lvis_000000148719_yw_070184,0,background_false_accept
lvis_000000491090,lvis_000000491090_yw_238807,0,background_false_accept
lvis_000000303713,lvis_000000303713_yw_149042,0,background_false_accept
lvis_000000289938,lvis_000000289938_yw_141414,0,background_false_accept
lvis_000000218439,lvis_000000218439_yw_106779,0,background_false_accept
lvis_000000283037,lvis_000000283037_yw_137529,0,background_false_accept
lvis_000000314264,lvis_000000314264_yw_154903,0,background_false_accept
lvis_000000303713,lvis_000000303713_yw_149043,0,background_false_accept
lvis_000000374545,lvis_000000374545_yw_182669,0,background_false_accept
lvis_000000212226,lvis_000000212226_yw_103329,0,background_false_accept
lvis_000000455937,lvis_000000455937_yw_222526,0,background_false_accept
lvis_000000569273,lvis_000000569273_yw_275976,0,background_false_accept
lvis_000000436883,lvis_000000436883_yw_213340,1,known_tp
lvis_000000466416,lvis_000000466416_yw_228745,0,background_false_accept
lvis_000000425221,lvis_000000425221_yw_206897,0,background_false_accept
lvis_000000482978,lvis_000000482978_yw_236134,0,background_false_accept
lvis_000000151480,lvis_000000151480_yw_071428,0,background_false_accept
lvis_000000527220,lvis_000000527220_yw_255596,1,known_tp
lvis_000000312421,lvis_000000312421_yw_153856,0,unknown_false_accept
lvis_000000214539,lvis_000000214539_yw_105057,1,known_tp
lvis_000000528399,lvis_000000528399_yw_255944,0,background_false_accept
lvis_000000009590,lvis_000000009590_yw_004488,0,unknown_false_accept
lvis_000000218439,lvis_000000218439_yw_106780,0,background_false_accept
lvis_000000242411,lvis_000000242411_yw_118866,0,background_false_accept
lvis_000000541123,lvis_000000541123_yw_262170,0,background_false_accept
lvis_000000180487,lvis_000000180487_yw_086588,0,background_false_accept
lvis_000000396200,lvis_000000396200_yw_193538,0,background_false_accept
lvis_000000541123,lvis_000000541123_yw_262171,0,background_false_accept
lvis_000000312278,lvis_000000312278_yw_153767,0,background_false_accept
lvis_000000057725,lvis_000000057725_yw_025218,0,background_false_accept
lvis_000000129492,lvis_000000129492_yw_057795,0,background_false_accept
lvis_000000502599,lvis_000000502599_yw_244219,0,background_false_accept
lvis_000000196185,lvis_000000196185_yw_096215,0,background_false_accept
lvis_000000388056,lvis_000000388056_yw_190263,0,background_false_accept
lvis_000000135890,lvis_000000135890_yw_062084,0,background_false_accept
lvis_000000303713,lvis_000000303713_yw_149044,0,background_false_accept
lvis_000000285047,lvis_000000285047_yw_138977,0,background_false_accept
lvis_000000169169,lvis_000000169169_yw_080741,0,background_false_accept
lvis_000000222299,lvis_000000222299_yw_108632,0,background_false_accept
lvis_000000312421,lvis_000000312421_yw_153857,0,background_false_accept
lvis_000000278749,lvis_000000278749_yw_134562,0,background_false_accept
lvis_000000218439,lvis_000000218439_yw_106783,0,background_false_accept
lvis_000000218439,lvis_000000218439_yw_106784,0,background_false_accept
lvis_000000010707,lvis_000000010707_yw_004825,0,background_false_accept
lvis_000000431727,lvis_000000431727_yw_210601,0,unknown_false_accept
lvis_000000303713,lvis_000000303713_yw_149045,0,background_false_accept
lvis_000000218439,lvis_000000218439_yw_106785,0,background_false_accept
lvis_000000203931,lvis_000000203931_yw_099050,0,background_false_accept
lvis_000000303713,lvis_000000303713_yw_149047,0,background_false_accept
lvis_000000094157,lvis_000000094157_yw_042042,0,background_false_accept
lvis_000000378139,lvis_000000378139_yw_185952,0,background_false_accept
lvis_000000407574,lvis_000000407574_yw_198184,0,background_false_accept
lvis_000000541123,lvis_000000541123_yw_262172,0,background_false_accept
lvis_000000303713,lvis_000000303713_yw_149048,0,background_false_accept
lvis_000000218439,lvis_000000218439_yw_106786,1,known_tp
lvis_000000541123,lvis_000000541123_yw_262173,0,background_false_accept
lvis_000000349860,lvis_000000349860_yw_170331,0,background_false_accept
lvis_000000349184,lvis_000000349184_yw_170156,0,background_false_accept
lvis_000000409424,lvis_000000409424_yw_199061,0,background_false_accept
lvis_000000396526,lvis_000000396526_yw_193774,0,background_false_accept
lvis_000000203931,lvis_000000203931_yw_099051,0,background_false_accept
lvis_000000303713,lvis_000000303713_yw_149049,0,background_false_accept
lvis_000000523033,lvis_000000523033_yw_253915,0,background_false_accept
lvis_000000060363,lvis_000000060363_yw_026506,1,known_tp
lvis_000000360325,lvis_000000360325_yw_175108,0,background_false_accept
lvis_000000140203,lvis_000000140203_yw_064180,0,background_false_accept
lvis_000000277005,lvis_000000277005_yw_133995,0,background_false_accept
lvis_000000393115,lvis_000000393115_yw_192222,0,background_false_accept
lvis_000000242411,lvis_000000242411_yw_118870,0,background_false_accept
lvis_000000541123,lvis_000000541123_yw_262174,1,known_tp
lvis_000000057725,lvis_000000057725_yw_025219,0,background_false_accept
lvis_000000289938,lvis_000000289938_yw_141415,1,known_tp
lvis_000000323751,lvis_000000323751_yw_158184,0,background_false_accept
lvis_000000218439,lvis_000000218439_yw_106788,0,background_false_accept
lvis_000000466416,lvis_000000466416_yw_228746,1,known_tp
lvis_000000140203,lvis_000000140203_yw_064181,0,background_false_accept
lvis_000000170116,lvis_000000170116_yw_081200,1,known_tp
lvis_000000343149,lvis_000000343149_yw_167431,0,background_false_accept
lvis_000000277005,lvis_000000277005_yw_133996,0,background_false_accept
lvis_000000348012,lvis_000000348012_yw_169795,0,unknown_false_accept
lvis_000000421060,lvis_000000421060_yw_205085,1,known_tp
lvis_000000189475,lvis_000000189475_yw_092277,0,background_false_accept
lvis_000000541123,lvis_000000541123_yw_262176,0,background_false_accept
lvis_000000189310,lvis_000000189310_yw_092201,0,background_false_accept
lvis_000000431727,lvis_000000431727_yw_210602,0,unknown_false_accept
lvis_000000402334,lvis_000000402334_yw_196034,0,background_false_accept
lvis_000000218439,lvis_000000218439_yw_106789,0,background_false_accept
lvis_000000283037,lvis_000000283037_yw_137530,0,background_false_accept
lvis_000000349860,lvis_000000349860_yw_170332,1,known_tp
lvis_000000496854,lvis_000000496854_yw_241625,0,background_false_accept
lvis_000000155154,lvis_000000155154_yw_073546,0,background_false_accept
lvis_000000569030,lvis_000000569030_yw_275704,0,background_false_accept
lvis_000000303713,lvis_000000303713_yw_149050,0,background_false_accept
lvis_000000396200,lvis_000000396200_yw_193540,1,known_tp
lvis_000000453841,lvis_000000453841_yw_221386,0,background_false_accept
lvis_000000276921,lvis_000000276921_yw_133947,0,unknown_false_accept
lvis_000000166747,lvis_000000166747_yw_079686,0,background_false_accept
lvis_000000360325,lvis_000000360325_yw_175109,0,background_false_accept
lvis_000000210273,lvis_000000210273_yw_102219,0,background_false_accept
lvis_000000210273,lvis_000000210273_yw_102220,0,background_false_accept
lvis_000000218439,lvis_000000218439_yw_106791,0,background_false_accept
lvis_000000278749,lvis_000000278749_yw_134563,0,background_false_accept
lvis_000000495054,lvis_000000495054_yw_240992,0,background_false_accept
lvis_000000303713,lvis_000000303713_yw_149051,0,background_false_accept
lvis_000000286182,lvis_000000286182_yw_139110,0,wrong_known_class_or_duplicate
lvis_000000383289,lvis_000000383289_yw_188339,0,background_false_accept
lvis_000000138550,lvis_000000138550_yw_063263,0,background_false_accept
lvis_000000392818,lvis_000000392818_yw_192030,0,wrong_known_class_or_duplicate
lvis_000000328238,lvis_000000328238_yw_159920,0,unknown_false_accept
lvis_000000100723,lvis_000000100723_yw_045447,0,background_false_accept
lvis_000000303713,lvis_000000303713_yw_149053,1,known_tp
lvis_000000210273,lvis_000000210273_yw_102221,0,background_false_accept
lvis_000000303713,lvis_000000303713_yw_149054,0,background_false_accept
lvis_000000455937,lvis_000000455937_yw_222527,0,background_false_accept
lvis_000000100723,lvis_000000100723_yw_045448,0,background_false_accept
lvis_000000212573,lvis_000000212573_yw_103616,1,known_tp
lvis_000000289938,lvis_000000289938_yw_141416,0,background_false_accept
lvis_000000414133,lvis_000000414133_yw_202224,0,background_false_accept
lvis_000000376625,lvis_000000376625_yw_183837,0,background_false_accept
lvis_000000218439,lvis_000000218439_yw_106794,0,background_false_accept
lvis_000000025603,lvis_000000025603_yw_012448,0,background_false_accept
lvis_000000323751,lvis_000000323751_yw_158185,1,known_tp
lvis_000000218439,lvis_000000218439_yw_106795,0,background_false_accept
lvis_000000517523,lvis_000000517523_yw_251591,0,background_false_accept
lvis_000000210273,lvis_000000210273_yw_102222,0,background_false_accept
lvis_000000297147,lvis_000000297147_yw_146097,0,background_false_accept
lvis_000000318908,lvis_000000318908_yw_155753,0,background_false_accept
lvis_000000218439,lvis_000000218439_yw_106796,0,background_false_accept
lvis_000000303713,lvis_000000303713_yw_149056,0,background_false_accept
lvis_000000371699,lvis_000000371699_yw_181602,0,background_false_accept
lvis_000000242411,lvis_000000242411_yw_118871,0,background_false_accept
lvis_000000166747,lvis_000000166747_yw_079689,0,background_false_accept
lvis_000000214539,lvis_000000214539_yw_105059,0,background_false_accept
lvis_000000277005,lvis_000000277005_yw_133997,0,background_false_accept
lvis_000000303713,lvis_000000303713_yw_149057,0,background_false_accept
lvis_000000500211,lvis_000000500211_yw_242715,0,unknown_false_accept
lvis_000000541123,lvis_000000541123_yw_262177,0,background_false_accept
lvis_000000350122,lvis_000000350122_yw_170804,1,known_tp
lvis_000000303713,lvis_000000303713_yw_149058,0,background_false_accept
lvis_000000541123,lvis_000000541123_yw_262178,0,background_false_accept
lvis_000000167486,lvis_000000167486_yw_080229,0,background_false_accept
lvis_000000100723,lvis_000000100723_yw_045449,0,background_false_accept
lvis_000000087476,lvis_000000087476_yw_039855,0,background_false_accept
lvis_000000247917,lvis_000000247917_yw_120921,0,background_false_accept
lvis_000000218439,lvis_000000218439_yw_106798,0,background_false_accept
lvis_000000425226,lvis_000000425226_yw_207050,0,background_false_accept
lvis_000000303713,lvis_000000303713_yw_149059,0,background_false_accept
lvis_000000410735,lvis_000000410735_yw_200323,0,unknown_false_accept
lvis_000000184338,lvis_000000184338_yw_089709,0,background_false_accept
lvis_000000218439,lvis_000000218439_yw_106799,0,background_false_accept
lvis_000000166747,lvis_000000166747_yw_079690,0,background_false_accept
lvis_000000425221,lvis_000000425221_yw_206899,1,known_tp
lvis_000000350122,lvis_000000350122_yw_170805,0,background_false_accept
lvis_000000024919,lvis_000000024919_yw_012063,0,unknown_false_accept
lvis_000000218439,lvis_000000218439_yw_106801,0,background_false_accept
lvis_000000409424,lvis_000000409424_yw_199062,0,background_false_accept
lvis_000000151480,lvis_000000151480_yw_071429,1,known_tp
lvis_000000158548,lvis_000000158548_yw_075224,0,background_false_accept
lvis_000000541123,lvis_000000541123_yw_262179,0,background_false_accept
lvis_000000211042,lvis_000000211042_yw_102848,0,background_false_accept
lvis_000000335529,lvis_000000335529_yw_163473,0,background_false_accept
lvis_000000421060,lvis_000000421060_yw_205087,0,background_false_accept
lvis_000000214539,lvis_000000214539_yw_105061,0,background_false_accept
lvis_000000145020,lvis_000000145020_yw_067613,0,background_false_accept
lvis_000000019042,lvis_000000019042_yw_009772,0,background_false_accept
lvis_000000491090,lvis_000000491090_yw_238809,0,background_false_accept
lvis_000000541123,lvis_000000541123_yw_262180,0,background_false_accept
lvis_000000312421,lvis_000000312421_yw_153859,0,background_false_accept
lvis_000000087476,lvis_000000087476_yw_039856,0,background_false_accept
lvis_000000453040,lvis_000000453040_yw_220647,0,background_false_accept
lvis_000000303713,lvis_000000303713_yw_149061,0,background_false_accept
lvis_000000463647,lvis_000000463647_yw_226893,0,background_false_accept
lvis_000000541123,lvis_000000541123_yw_262181,0,background_false_accept
lvis_000000376625,lvis_000000376625_yw_183839,0,background_false_accept
lvis_000000371699,lvis_000000371699_yw_181603,0,background_false_accept
lvis_000000378139,lvis_000000378139_yw_185954,0,background_false_accept
lvis_000000203931,lvis_000000203931_yw_099053,0,background_false_accept
lvis_000000278749,lvis_000000278749_yw_134564,0,background_false_accept
lvis_000000541123,lvis_000000541123_yw_262182,0,background_false_accept
lvis_000000377946,lvis_000000377946_yw_185783,0,background_false_accept
lvis_000000103548,lvis_000000103548_yw_046083,0,background_false_accept
lvis_000000541123,lvis_000000541123_yw_262183,0,background_false_accept
lvis_000000377946,lvis_000000377946_yw_185784,0,wrong_known_class_or_duplicate
lvis_000000541123,lvis_000000541123_yw_262184,0,background_false_accept
lvis_000000100723,lvis_000000100723_yw_045452,0,background_false_accept
lvis_000000466416,lvis_000000466416_yw_228747,0,background_false_accept
lvis_000000242411,lvis_000000242411_yw_118872,0,background_false_accept
lvis_000000541123,lvis_000000541123_yw_262185,0,background_false_accept
lvis_000000392818,lvis_000000392818_yw_192031,0,background_false_accept
lvis_000000211674,lvis_000000211674_yw_102961,0,background_false_accept
lvis_000000218439,lvis_000000218439_yw_106803,0,background_false_accept
lvis_000000297147,lvis_000000297147_yw_146098,0,background_false_accept
lvis_000000057760,lvis_000000057760_yw_025367,0,background_false_accept
lvis_000000455937,lvis_000000455937_yw_222529,0,background_false_accept
lvis_000000458223,lvis_000000458223_yw_223711,0,background_false_accept
lvis_000000303713,lvis_000000303713_yw_149062,0,background_false_accept
lvis_000000534601,lvis_000000534601_yw_259352,0,unknown_false_accept
lvis_000000133969,lvis_000000133969_yw_061005,0,background_false_accept
lvis_000000232692,lvis_000000232692_yw_115398,1,known_tp
lvis_000000283037,lvis_000000283037_yw_137531,0,background_false_accept
lvis_000000349860,lvis_000000349860_yw_170333,0,background_false_accept
lvis_000000578500,lvis_000000578500_yw_280309,0,background_false_accept
lvis_000000057760,lvis_000000057760_yw_025368,0,background_false_accept
lvis_000000344909,lvis_000000344909_yw_168688,0,background_false_accept
lvis_000000158548,lvis_000000158548_yw_075225,0,background_false_accept
lvis_000000466416,lvis_000000466416_yw_228748,0,background_false_accept
lvis_000000350488,lvis_000000350488_yw_171172,0,background_false_accept
lvis_000000218439,lvis_000000218439_yw_106804,0,background_false_accept
lvis_000000164883,lvis_000000164883_yw_078590,0,unknown_false_accept
lvis_000000221281,lvis_000000221281_yw_108065,0,background_false_accept
lvis_000000541123,lvis_000000541123_yw_262186,0,background_false_accept
lvis_000000157756,lvis_000000157756_yw_074911,0,background_false_accept
lvis_000000148719,lvis_000000148719_yw_070185,0,background_false_accept
lvis_000000100723,lvis_000000100723_yw_045453,0,background_false_accept
lvis_000000214539,lvis_000000214539_yw_105062,1,known_tp
lvis_000000276055,lvis_000000276055_yw_133632,0,unknown_false_accept
lvis_000000119365,lvis_000000119365_yw_051906,0,background_false_accept
lvis_000000289938,lvis_000000289938_yw_141417,0,background_false_accept
lvis_000000561958,lvis_000000561958_yw_271782,0,background_false_accept
lvis_000000218439,lvis_000000218439_yw_106805,0,background_false_accept
lvis_000000580410,lvis_000000580410_yw_281021,0,background_false_accept
lvis_000000103548,lvis_000000103548_yw_046085,0,background_false_accept
lvis_000000218439,lvis_000000218439_yw_106807,0,background_false_accept
lvis_000000169169,lvis_000000169169_yw_080742,0,background_false_accept
lvis_000000541123,lvis_000000541123_yw_262187,0,background_false_accept
lvis_000000423798,lvis_000000423798_yw_206270,0,background_false_accept
lvis_000000214539,lvis_000000214539_yw_105063,0,background_false_accept
lvis_000000303713,lvis_000000303713_yw_149065,0,background_false_accept
lvis_000000376625,lvis_000000376625_yw_183840,1,known_tp
lvis_000000561958,lvis_000000561958_yw_271783,0,unknown_false_accept
lvis_000000203931,lvis_000000203931_yw_099055,0,background_false_accept
lvis_000000541123,lvis_000000541123_yw_262188,0,background_false_accept
lvis_000000262938,lvis_000000262938_yw_127850,0,wrong_known_class_or_duplicate
lvis_000000541123,lvis_000000541123_yw_262189,1,known_tp
lvis_000000200152,lvis_000000200152_yw_097440,0,background_false_accept
lvis_000000303713,lvis_000000303713_yw_149066,0,background_false_accept
lvis_000000133969,lvis_000000133969_yw_061006,0,background_false_accept
lvis_000000203931,lvis_000000203931_yw_099056,0,background_false_accept
lvis_000000323751,lvis_000000323751_yw_158186,0,wrong_known_class_or_duplicate
lvis_000000303713,lvis_000000303713_yw_149068,0,background_false_accept
lvis_000000378139,lvis_000000378139_yw_185955,1,known_tp
lvis_000000303713,lvis_000000303713_yw_149069,0,background_false_accept
lvis_000000218439,lvis_000000218439_yw_106811,0,background_false_accept
lvis_000000094157,lvis_000000094157_yw_042044,1,known_tp
lvis_000000303713,lvis_000000303713_yw_149070,0,background_false_accept
lvis_000000092416,lvis_000000092416_yw_041574,0,background_false_accept
lvis_000000303713,lvis_000000303713_yw_149071,0,background_false_accept
lvis_000000288685,lvis_000000288685_yw_140403,0,background_false_accept
lvis_000000465549,lvis_000000465549_yw_228208,0,wrong_known_class_or_duplicate
lvis_000000449312,lvis_000000449312_yw_219289,0,wrong_known_class_or_duplicate
lvis_000000350122,lvis_000000350122_yw_170807,0,background_false_accept
lvis_000000171611,lvis_000000171611_yw_082136,0,background_false_accept
lvis_000000211674,lvis_000000211674_yw_102962,0,wrong_known_class_or_duplicate
lvis_000000163951,lvis_000000163951_yw_078484,0,background_false_accept
lvis_000000283037,lvis_000000283037_yw_137532,0,background_false_accept
lvis_000000019042,lvis_000000019042_yw_009773,0,background_false_accept
lvis_000000392818,lvis_000000392818_yw_192032,0,background_false_accept
lvis_000000328238,lvis_000000328238_yw_159922,0,background_false_accept
lvis_000000541123,lvis_000000541123_yw_262190,0,background_false_accept
lvis_000000541123,lvis_000000541123_yw_262191,0,background_false_accept
lvis_000000541123,lvis_000000541123_yw_262192,0,background_false_accept
lvis_000000303713,lvis_000000303713_yw_149072,0,background_false_accept
lvis_000000060363,lvis_000000060363_yw_026507,1,known_tp
lvis_000000277005,lvis_000000277005_yw_133998,0,background_false_accept
lvis_000000158548,lvis_000000158548_yw_075227,1,known_tp
lvis_000000303713,lvis_000000303713_yw_149073,0,background_false_accept
lvis_000000541123,lvis_000000541123_yw_262193,0,background_false_accept
lvis_000000218439,lvis_000000218439_yw_106813,0,background_false_accept
lvis_000000303713,lvis_000000303713_yw_149074,0,background_false_accept
lvis_000000210394,lvis_000000210394_yw_102507,0,background_false_accept
lvis_000000314914,lvis_000000314914_yw_154941,0,background_false_accept
lvis_000000511076,lvis_000000511076_yw_248124,0,background_false_accept
lvis_000000140203,lvis_000000140203_yw_064184,0,background_false_accept
lvis_000000166747,lvis_000000166747_yw_079692,0,wrong_known_class_or_duplicate
lvis_000000303713,lvis_000000303713_yw_149075,0,background_false_accept
lvis_000000511076,lvis_000000511076_yw_248125,0,background_false_accept
lvis_000000211042,lvis_000000211042_yw_102849,0,background_false_accept
lvis_000000171611,lvis_000000171611_yw_082137,1,known_tp
lvis_000000032817,lvis_000000032817_yw_014945,0,background_false_accept
lvis_000000183049,lvis_000000183049_yw_088384,0,background_false_accept
lvis_000000218439,lvis_000000218439_yw_106814,0,background_false_accept
lvis_000000210273,lvis_000000210273_yw_102227,0,background_false_accept
lvis_000000488710,lvis_000000488710_yw_237767,0,background_false_accept
lvis_000000511076,lvis_000000511076_yw_248126,0,background_false_accept
lvis_000000320743,lvis_000000320743_yw_157012,0,unknown_false_accept
lvis_000000278749,lvis_000000278749_yw_134565,0,background_false_accept
lvis_000000335529,lvis_000000335529_yw_163475,0,background_false_accept
lvis_000000360325,lvis_000000360325_yw_175112,0,background_false_accept
lvis_000000218439,lvis_000000218439_yw_106815,0,background_false_accept
lvis_000000475904,lvis_000000475904_yw_232429,0,background_false_accept
lvis_000000151480,lvis_000000151480_yw_071430,0,background_false_accept
lvis_000000512985,lvis_000000512985_yw_249411,0,unknown_false_accept
lvis_000000421060,lvis_000000421060_yw_205088,0,background_false_accept
lvis_000000511076,lvis_000000511076_yw_248127,0,background_false_accept
lvis_000000214539,lvis_000000214539_yw_105064,0,background_false_accept
lvis_000000388056,lvis_000000388056_yw_190264,0,background_false_accept
lvis_000000541123,lvis_000000541123_yw_262194,0,background_false_accept
lvis_000000507223,lvis_000000507223_yw_246235,0,background_false_accept
lvis_000000322968,lvis_000000322968_yw_157776,0,background_false_accept
lvis_000000285047,lvis_000000285047_yw_138980,0,background_false_accept
lvis_000000014831,lvis_000000014831_yw_007139,0,unknown_false_accept
lvis_000000491130,lvis_000000491130_yw_238897,0,background_false_accept
lvis_000000498919,lvis_000000498919_yw_242292,0,background_false_accept
lvis_000000193494,lvis_000000193494_yw_094912,0,background_false_accept
lvis_000000314914,lvis_000000314914_yw_154942,0,background_false_accept
lvis_000000349184,lvis_000000349184_yw_170157,0,background_false_accept
lvis_000000100723,lvis_000000100723_yw_045459,0,wrong_known_class_or_duplicate
lvis_000000210394,lvis_000000210394_yw_102508,0,background_false_accept
lvis_000000441468,lvis_000000441468_yw_215691,0,background_false_accept
lvis_000000010707,lvis_000000010707_yw_004826,0,background_false_accept
lvis_000000471893,lvis_000000471893_yw_230664,0,background_false_accept
lvis_000000203931,lvis_000000203931_yw_099057,0,background_false_accept
lvis_000000332845,lvis_000000332845_yw_161773,0,background_false_accept
lvis_000000436883,lvis_000000436883_yw_213342,0,background_false_accept
lvis_000000211674,lvis_000000211674_yw_102963,0,background_false_accept
lvis_000000377946,lvis_000000377946_yw_185786,0,background_false_accept
lvis_000000169169,lvis_000000169169_yw_080745,0,background_false_accept
lvis_000000214539,lvis_000000214539_yw_105065,0,background_false_accept
lvis_000000211674,lvis_000000211674_yw_102964,0,background_false_accept
lvis_000000103548,lvis_000000103548_yw_046087,0,background_false_accept
lvis_000000569030,lvis_000000569030_yw_275705,1,known_tp
lvis_000000210273,lvis_000000210273_yw_102228,0,background_false_accept
lvis_000000569030,lvis_000000569030_yw_275706,1,known_tp
lvis_000000378139,lvis_000000378139_yw_185956,0,background_false_accept
lvis_000000377113,lvis_000000377113_yw_184298,0,background_false_accept
lvis_000000019042,lvis_000000019042_yw_009774,0,background_false_accept
lvis_000000425925,lvis_000000425925_yw_207285,0,background_false_accept
lvis_000000211674,lvis_000000211674_yw_102965,0,background_false_accept
lvis_000000303713,lvis_000000303713_yw_149077,0,background_false_accept
lvis_000000203931,lvis_000000203931_yw_099058,0,background_false_accept
lvis_000000491090,lvis_000000491090_yw_238810,0,background_false_accept
lvis_000000057760,lvis_000000057760_yw_025369,0,wrong_known_class_or_duplicate
lvis_000000495054,lvis_000000495054_yw_240994,0,background_false_accept
lvis_000000169169,lvis_000000169169_yw_080746,0,background_false_accept
lvis_000000303713,lvis_000000303713_yw_149078,0,background_false_accept
lvis_000000226903,lvis_000000226903_yw_111388,0,background_false_accept
lvis_000000377113,lvis_000000377113_yw_184299,0,background_false_accept
lvis_000000541123,lvis_000000541123_yw_262195,0,background_false_accept
lvis_000000136633,lvis_000000136633_yw_062295,0,background_false_accept
lvis_000000069795,lvis_000000069795_yw_031128,0,background_false_accept
lvis_000000025603,lvis_000000025603_yw_012449,0,background_false_accept
lvis_000000226154,lvis_000000226154_yw_110498,0,background_false_accept
lvis_000000303713,lvis_000000303713_yw_149079,0,background_false_accept
lvis_000000140203,lvis_000000140203_yw_064187,0,background_false_accept
lvis_000000103548,lvis_000000103548_yw_046089,0,background_false_accept
lvis_000000474854,lvis_000000474854_yw_231883,0,background_false_accept
lvis_000000453841,lvis_000000453841_yw_221388,0,background_false_accept
lvis_000000151480,lvis_000000151480_yw_071431,0,background_false_accept
lvis_000000214539,lvis_000000214539_yw_105066,0,background_false_accept
lvis_000000284762,lvis_000000284762_yw_138874,0,background_false_accept
lvis_000000197528,lvis_000000197528_yw_096618,0,background_false_accept
lvis_000000106235,lvis_000000106235_yw_047158,0,unknown_false_accept
lvis_000000167486,lvis_000000167486_yw_080233,0,background_false_accept
lvis_000000324258,lvis_000000324258_yw_158587,0,background_false_accept
lvis_000000210273,lvis_000000210273_yw_102229,0,background_false_accept
lvis_000000387098,lvis_000000387098_yw_189889,0,background_false_accept
lvis_000000561958,lvis_000000561958_yw_271785,0,background_false_accept
lvis_000000511076,lvis_000000511076_yw_248128,0,background_false_accept
lvis_000000151480,lvis_000000151480_yw_071432,0,background_false_accept
lvis_000000303713,lvis_000000303713_yw_149080,0,background_false_accept
lvis_000000561958,lvis_000000561958_yw_271786,0,background_false_accept
lvis_000000324258,lvis_000000324258_yw_158588,0,background_false_accept
lvis_000000361506,lvis_000000361506_yw_176070,0,background_false_accept
lvis_000000218439,lvis_000000218439_yw_106818,0,background_false_accept
lvis_000000060363,lvis_000000060363_yw_026508,1,known_tp
lvis_000000541123,lvis_000000541123_yw_262196,0,background_false_accept
lvis_000000493286,lvis_000000493286_yw_240180,1,known_tp
lvis_000000210394,lvis_000000210394_yw_102509,0,background_false_accept
lvis_000000303713,lvis_000000303713_yw_149081,0,background_false_accept
lvis_000000167486,lvis_000000167486_yw_080234,0,background_false_accept
lvis_000000226058,lvis_000000226058_yw_110427,0,unknown_false_accept
lvis_000000303713,lvis_000000303713_yw_149082,0,background_false_accept
lvis_000000133969,lvis_000000133969_yw_061009,0,background_false_accept
lvis_000000396200,lvis_000000396200_yw_193541,0,background_false_accept
lvis_000000388056,lvis_000000388056_yw_190265,0,background_false_accept
lvis_000000170116,lvis_000000170116_yw_081201,1,known_tp
lvis_000000377946,lvis_000000377946_yw_185787,0,background_false_accept
lvis_000000234757,lvis_000000234757_yw_116431,1,known_tp
lvis_000000541123,lvis_000000541123_yw_262199,0,background_false_accept
lvis_000000303713,lvis_000000303713_yw_149083,0,background_false_accept
lvis_000000119365,lvis_000000119365_yw_051907,0,background_false_accept
lvis_000000242678,lvis_000000242678_yw_119065,0,background_false_accept
lvis_000000541123,lvis_000000541123_yw_262200,0,background_false_accept
lvis_000000145020,lvis_000000145020_yw_067617,0,background_false_accept
lvis_000000541123,lvis_000000541123_yw_262201,0,background_false_accept
lvis_000000057725,lvis_000000057725_yw_025220,0,background_false_accept
lvis_000000328238,lvis_000000328238_yw_159923,0,unknown_false_accept
lvis_000000198915,lvis_000000198915_yw_096887,0,background_false_accept
lvis_000000103548,lvis_000000103548_yw_046090,0,background_false_accept
lvis_000000060363,lvis_000000060363_yw_026509,1,known_tp
lvis_000000541123,lvis_000000541123_yw_262202,0,background_false_accept
lvis_000000303713,lvis_000000303713_yw_149085,0,background_false_accept
lvis_000000218439,lvis_000000218439_yw_106819,0,unknown_false_accept
lvis_000000303713,lvis_000000303713_yw_149086,0,background_false_accept
lvis_000000151480,lvis_000000151480_yw_071433,0,background_false_accept
lvis_000000233238,lvis_000000233238_yw_115591,0,background_false_accept
lvis_000000278749,lvis_000000278749_yw_134566,1,known_tp
lvis_000000466416,lvis_000000466416_yw_228749,0,background_false_accept
lvis_000000057760,lvis_000000057760_yw_025370,0,background_false_accept
lvis_000000303713,lvis_000000303713_yw_149089,1,known_tp
lvis_000000166747,lvis_000000166747_yw_079695,0,background_false_accept
lvis_000000336658,lvis_000000336658_yw_164481,0,background_false_accept
lvis_000000100723,lvis_000000100723_yw_045462,0,background_false_accept
lvis_000000278749,lvis_000000278749_yw_134567,0,background_false_accept
lvis_000000312421,lvis_000000312421_yw_153861,0,background_false_accept
lvis_000000482978,lvis_000000482978_yw_236135,0,background_false_accept
lvis_000000151480,lvis_000000151480_yw_071434,0,background_false_accept
lvis_000000529568,lvis_000000529568_yw_256545,0,background_false_accept
lvis_000000103548,lvis_000000103548_yw_046091,0,background_false_accept
lvis_000000453841,lvis_000000453841_yw_221391,0,background_false_accept
lvis_000000218439,lvis_000000218439_yw_106821,0,background_false_accept
lvis_000000147740,lvis_000000147740_yw_069634,0,background_false_accept
lvis_000000303713,lvis_000000303713_yw_149090,0,background_false_accept
lvis_000000502599,lvis_000000502599_yw_244221,1,known_tp
lvis_000000374545,lvis_000000374545_yw_182670,0,background_false_accept
lvis_000000541123,lvis_000000541123_yw_262203,0,background_false_accept
lvis_000000210273,lvis_000000210273_yw_102230,0,background_false_accept
lvis_000000534041,lvis_000000534041_yw_258919,0,background_false_accept
lvis_000000284762,lvis_000000284762_yw_138875,0,background_false_accept
lvis_000000534673,lvis_000000534673_yw_259579,0,background_false_accept
lvis_000000145020,lvis_000000145020_yw_067618,0,background_false_accept
lvis_000000453841,lvis_000000453841_yw_221392,0,background_false_accept
lvis_000000210394,lvis_000000210394_yw_102510,0,background_false_accept
lvis_000000094157,lvis_000000094157_yw_042045,0,background_false_accept
lvis_000000541123,lvis_000000541123_yw_262204,0,background_false_accept
lvis_000000203931,lvis_000000203931_yw_099059,0,background_false_accept
lvis_000000203931,lvis_000000203931_yw_099060,0,background_false_accept
lvis_000000019042,lvis_000000019042_yw_009775,0,background_false_accept
lvis_000000060363,lvis_000000060363_yw_026510,1,known_tp
lvis_000000212573,lvis_000000212573_yw_103617,0,background_false_accept
lvis_000000166747,lvis_000000166747_yw_079696,0,background_false_accept
lvis_000000170116,lvis_000000170116_yw_081202,0,background_false_accept
lvis_000000211674,lvis_000000211674_yw_102969,0,background_false_accept
lvis_000000569030,lvis_000000569030_yw_275708,0,background_false_accept
lvis_000000541123,lvis_000000541123_yw_262205,0,background_false_accept
lvis_000000091654,lvis_000000091654_yw_041406,0,background_false_accept
lvis_000000378515,lvis_000000378515_yw_186284,0,background_false_accept
lvis_000000218439,lvis_000000218439_yw_106822,0,background_false_accept
lvis_000000057725,lvis_000000057725_yw_025221,0,background_false_accept
lvis_000000218439,lvis_000000218439_yw_106824,0,background_false_accept
lvis_000000218439,lvis_000000218439_yw_106825,0,background_false_accept
lvis_000000541123,lvis_000000541123_yw_262206,0,background_false_accept
lvis_000000303713,lvis_000000303713_yw_149092,0,background_false_accept
lvis_000000103548,lvis_000000103548_yw_046093,0,background_false_accept
lvis_000000495054,lvis_000000495054_yw_240996,0,background_false_accept
lvis_000000414133,lvis_000000414133_yw_202225,0,background_false_accept
lvis_000000130826,lvis_000000130826_yw_058612,0,background_false_accept
lvis_000000218439,lvis_000000218439_yw_106826,0,background_false_accept
lvis_000000203931,lvis_000000203931_yw_099061,0,background_false_accept
lvis_000000009891,lvis_000000009891_yw_004605,0,background_false_accept
lvis_000000121497,lvis_000000121497_yw_053182,0,background_false_accept
lvis_000000120420,lvis_000000120420_yw_052624,1,known_tp
lvis_000000151480,lvis_000000151480_yw_071435,1,known_tp
lvis_000000218439,lvis_000000218439_yw_106827,0,background_false_accept
lvis_000000150224,lvis_000000150224_yw_071004,0,unknown_false_accept
lvis_000000541123,lvis_000000541123_yw_262207,0,background_false_accept
lvis_000000466416,lvis_000000466416_yw_228750,1,known_tp
lvis_000000057760,lvis_000000057760_yw_025371,0,background_false_accept
lvis_000000210394,lvis_000000210394_yw_102512,0,background_false_accept
lvis_000000498919,lvis_000000498919_yw_242293,0,background_false_accept
lvis_000000120420,lvis_000000120420_yw_052625,0,background_false_accept
lvis_000000511076,lvis_000000511076_yw_248129,0,background_false_accept
lvis_000000278749,lvis_000000278749_yw_134568,0,background_false_accept
lvis_000000496854,lvis_000000496854_yw_241627,0,background_false_accept
lvis_000000094157,lvis_000000094157_yw_042046,1,known_tp
lvis_000000303713,lvis_000000303713_yw_149094,0,background_false_accept
lvis_000000466416,lvis_000000466416_yw_228751,0,background_false_accept
lvis_000000189475,lvis_000000189475_yw_092279,0,background_false_accept
lvis_000000218439,lvis_000000218439_yw_106828,0,background_false_accept
lvis_000000336658,lvis_000000336658_yw_164482,0,wrong_known_class_or_duplicate
lvis_000000151480,lvis_000000151480_yw_071436,0,background_false_accept
lvis_000000561958,lvis_000000561958_yw_271787,0,background_false_accept
lvis_000000527220,lvis_000000527220_yw_255598,0,background_false_accept
lvis_000000206218,lvis_000000206218_yw_100197,0,background_false_accept
lvis_000000534041,lvis_000000534041_yw_258920,1,known_tp
lvis_000000218439,lvis_000000218439_yw_106829,0,background_false_accept
lvis_000000303713,lvis_000000303713_yw_149095,0,background_false_accept
lvis_000000185292,lvis_000000185292_yw_090111,0,background_false_accept
lvis_000000541123,lvis_000000541123_yw_262208,0,background_false_accept
lvis_000000312421,lvis_000000312421_yw_153862,0,background_false_accept
lvis_000000529568,lvis_000000529568_yw_256546,0,unknown_false_accept
lvis_000000303713,lvis_000000303713_yw_149096,0,background_false_accept
lvis_000000303713,lvis_000000303713_yw_149098,0,background_false_accept
lvis_000000218439,lvis_000000218439_yw_106830,0,background_false_accept
lvis_000000280930,lvis_000000280930_yw_136227,0,wrong_known_class_or_duplicate
lvis_000000103548,lvis_000000103548_yw_046096,0,background_false_accept
lvis_000000196185,lvis_000000196185_yw_096216,0,background_false_accept
lvis_000000221281,lvis_000000221281_yw_108066,0,background_false_accept
lvis_000000433103,lvis_000000433103_yw_211429,0,background_false_accept
lvis_000000277005,lvis_000000277005_yw_134000,0,background_false_accept
lvis_000000578545,lvis_000000578545_yw_280332,0,unknown_false_accept
lvis_000000214539,lvis_000000214539_yw_105067,0,background_false_accept
lvis_000000189475,lvis_000000189475_yw_092280,0,background_false_accept
lvis_000000356428,lvis_000000356428_yw_173426,0,background_false_accept
lvis_000000189475,lvis_000000189475_yw_092281,0,background_false_accept
lvis_000000507223,lvis_000000507223_yw_246236,0,background_false_accept
lvis_000000277005,lvis_000000277005_yw_134001,0,wrong_known_class_or_duplicate
lvis_000000214539,lvis_000000214539_yw_105068,0,background_false_accept
lvis_000000270402,lvis_000000270402_yw_131330,0,background_false_accept
lvis_000000335529,lvis_000000335529_yw_163476,0,background_false_accept
lvis_000000436883,lvis_000000436883_yw_213344,0,background_false_accept
lvis_000000303713,lvis_000000303713_yw_149099,0,background_false_accept
lvis_000000541123,lvis_000000541123_yw_262209,0,background_false_accept
lvis_000000019042,lvis_000000019042_yw_009776,0,background_false_accept
lvis_000000541123,lvis_000000541123_yw_262210,0,background_false_accept
lvis_000000087476,lvis_000000087476_yw_039859,0,background_false_accept
lvis_000000303713,lvis_000000303713_yw_149100,0,background_false_accept
lvis_000000106912,lvis_000000106912_yw_047440,0,background_false_accept
lvis_000000218439,lvis_000000218439_yw_106834,0,background_false_accept
lvis_000000203931,lvis_000000203931_yw_099062,0,background_false_accept
lvis_000000384513,lvis_000000384513_yw_188865,0,background_false_accept
lvis_000000303713,lvis_000000303713_yw_149101,0,background_false_accept
lvis_000000211042,lvis_000000211042_yw_102850,0,background_false_accept
lvis_000000541123,lvis_000000541123_yw_262211,0,background_false_accept
lvis_000000145020,lvis_000000145020_yw_067619,0,background_false_accept
lvis_000000103548,lvis_000000103548_yw_046097,0,background_false_accept
lvis_000000094157,lvis_000000094157_yw_042047,0,background_false_accept
lvis_000000115885,lvis_000000115885_yw_050886,0,wrong_known_class_or_duplicate
lvis_000000277005,lvis_000000277005_yw_134002,0,background_false_accept
lvis_000000360960,lvis_000000360960_yw_175397,0,background_false_accept
lvis_000000094157,lvis_000000094157_yw_042048,0,background_false_accept
lvis_000000350122,lvis_000000350122_yw_170809,0,background_false_accept
lvis_000000151480,lvis_000000151480_yw_071437,0,background_false_accept
lvis_000000218439,lvis_000000218439_yw_106836,0,background_false_accept
lvis_000000158548,lvis_000000158548_yw_075228,0,background_false_accept
lvis_000000425221,lvis_000000425221_yw_206905,0,background_false_accept
lvis_000000496854,lvis_000000496854_yw_241628,0,background_false_accept
lvis_000000336658,lvis_000000336658_yw_164484,0,background_false_accept
lvis_000000277005,lvis_000000277005_yw_134004,0,background_false_accept
lvis_000000541123,lvis_000000541123_yw_262212,0,background_false_accept
lvis_000000103548,lvis_000000103548_yw_046099,1,known_tp
lvis_000000289938,lvis_000000289938_yw_141418,0,background_false_accept
lvis_000000344909,lvis_000000344909_yw_168689,0,background_false_accept
lvis_000000196442,lvis_000000196442_yw_096301,1,known_tp
lvis_000000541123,lvis_000000541123_yw_262213,0,background_false_accept
lvis_000000140203,lvis_000000140203_yw_064189,1,known_tp
lvis_000000314914,lvis_000000314914_yw_154943,0,background_false_accept
lvis_000000056288,lvis_000000056288_yw_024255,0,unknown_false_accept
lvis_000000303713,lvis_000000303713_yw_149102,0,background_false_accept
lvis_000000247917,lvis_000000247917_yw_120922,0,background_false_accept
lvis_000000383921,lvis_000000383921_yw_188741,0,background_false_accept
lvis_000000335529,lvis_000000335529_yw_163477,1,known_tp
lvis_000000106235,lvis_000000106235_yw_047159,0,unknown_false_accept
lvis_000000349860,lvis_000000349860_yw_170334,0,background_false_accept
lvis_000000415716,lvis_000000415716_yw_202892,0,unknown_false_accept
lvis_000000303713,lvis_000000303713_yw_149103,0,background_false_accept
lvis_000000525600,lvis_000000525600_yw_254934,0,unknown_false_accept
lvis_000000232692,lvis_000000232692_yw_115400,0,background_false_accept
lvis_000000471893,lvis_000000471893_yw_230665,0,unknown_false_accept
lvis_000000210273,lvis_000000210273_yw_102234,1,known_tp
lvis_000000043816,lvis_000000043816_yw_019283,0,background_false_accept
lvis_000000541123,lvis_000000541123_yw_262214,0,background_false_accept
lvis_000000303713,lvis_000000303713_yw_149104,0,background_false_accept
lvis_000000303713,lvis_000000303713_yw_149105,0,background_false_accept
lvis_000000378515,lvis_000000378515_yw_186285,0,background_false_accept
lvis_000000120420,lvis_000000120420_yw_052626,1,known_tp
lvis_000000378139,lvis_000000378139_yw_185958,0,background_false_accept
lvis_000000436883,lvis_000000436883_yw_213345,0,background_false_accept
lvis_000000278749,lvis_000000278749_yw_134569,0,background_false_accept
lvis_000000433103,lvis_000000433103_yw_211430,0,background_false_accept
lvis_000000303713,lvis_000000303713_yw_149106,0,background_false_accept
lvis_000000534673,lvis_000000534673_yw_259580,0,background_false_accept
lvis_000000421060,lvis_000000421060_yw_205089,0,background_false_accept
lvis_000000303713,lvis_000000303713_yw_149107,0,background_false_accept
lvis_000000371699,lvis_000000371699_yw_181605,0,unknown_false_accept
lvis_000000289938,lvis_000000289938_yw_141419,0,background_false_accept
lvis_000000211042,lvis_000000211042_yw_102851,0,background_false_accept
lvis_000000151480,lvis_000000151480_yw_071438,0,background_false_accept
lvis_000000433103,lvis_000000433103_yw_211431,0,background_false_accept
lvis_000000569030,lvis_000000569030_yw_275710,0,background_false_accept
lvis_000000211042,lvis_000000211042_yw_102852,0,background_false_accept
lvis_000000211042,lvis_000000211042_yw_102853,0,background_false_accept
lvis_000000158548,lvis_000000158548_yw_075229,0,background_false_accept
lvis_000000303713,lvis_000000303713_yw_149108,0,background_false_accept
lvis_000000323751,lvis_000000323751_yw_158188,0,background_false_accept
lvis_000000278749,lvis_000000278749_yw_134570,1,known_tp
lvis_000000144932,lvis_000000144932_yw_067522,0,background_false_accept
lvis_000000378139,lvis_000000378139_yw_185959,0,background_false_accept
lvis_000000541123,lvis_000000541123_yw_262215,0,background_false_accept
lvis_000000169169,lvis_000000169169_yw_080748,0,background_false_accept
lvis_000000196442,lvis_000000196442_yw_096302,0,background_false_accept
lvis_000000561958,lvis_000000561958_yw_271792,0,background_false_accept
lvis_000000541123,lvis_000000541123_yw_262216,0,background_false_accept
lvis_000000344909,lvis_000000344909_yw_168690,0,wrong_known_class_or_duplicate
lvis_000000278749,lvis_000000278749_yw_134571,0,background_false_accept
lvis_000000453841,lvis_000000453841_yw_221393,0,background_false_accept
lvis_000000303713,lvis_000000303713_yw_149109,0,background_false_accept
lvis_000000379332,lvis_000000379332_yw_186885,0,background_false_accept
lvis_000000528399,lvis_000000528399_yw_255947,0,background_false_accept
lvis_000000303713,lvis_000000303713_yw_149110,0,background_false_accept
lvis_000000541123,lvis_000000541123_yw_262217,0,background_false_accept
lvis_000000450202,lvis_000000450202_yw_219907,0,unknown_false_accept
lvis_000000203931,lvis_000000203931_yw_099063,0,background_false_accept
lvis_000000103548,lvis_000000103548_yw_046100,0,background_false_accept
lvis_000000541123,lvis_000000541123_yw_262218,0,background_false_accept
lvis_000000347456,lvis_000000347456_yw_169671,0,unknown_false_accept
lvis_000000493286,lvis_000000493286_yw_240182,0,background_false_accept
lvis_000000103548,lvis_000000103548_yw_046101,0,wrong_known_class_or_duplicate
lvis_000000169169,lvis_000000169169_yw_080749,0,background_false_accept
lvis_000000436883,lvis_000000436883_yw_213346,0,background_false_accept
lvis_000000158548,lvis_000000158548_yw_075230,0,background_false_accept
lvis_000000277005,lvis_000000277005_yw_134005,0,background_false_accept
lvis_000000405432,lvis_000000405432_yw_197505,0,background_false_accept
lvis_000000356428,lvis_000000356428_yw_173427,0,background_false_accept
lvis_000000145020,lvis_000000145020_yw_067620,0,background_false_accept
lvis_000000167486,lvis_000000167486_yw_080235,0,background_false_accept
lvis_000000218439,lvis_000000218439_yw_106841,0,background_false_accept
lvis_000000377946,lvis_000000377946_yw_185788,0,background_false_accept
lvis_000000226154,lvis_000000226154_yw_110499,0,background_false_accept
lvis_000000447917,lvis_000000447917_yw_218490,0,background_false_accept
lvis_000000203931,lvis_000000203931_yw_099064,1,known_tp
lvis_000000447917,lvis_000000447917_yw_218491,1,known_tp
lvis_000000387098,lvis_000000387098_yw_189890,0,background_false_accept
lvis_000000218439,lvis_000000218439_yw_106842,0,background_false_accept
lvis_000000541123,lvis_000000541123_yw_262219,0,background_false_accept
lvis_000000166747,lvis_000000166747_yw_079699,0,background_false_accept
lvis_000000218439,lvis_000000218439_yw_106843,0,background_false_accept
lvis_000000239347,lvis_000000239347_yw_117732,1,known_tp
lvis_000000541123,lvis_000000541123_yw_262220,0,background_false_accept
lvis_000000382125,lvis_000000382125_yw_188205,0,background_false_accept
lvis_000000336658,lvis_000000336658_yw_164485,0,background_false_accept
lvis_000000210273,lvis_000000210273_yw_102237,0,background_false_accept
lvis_000000100723,lvis_000000100723_yw_045466,0,background_false_accept
lvis_000000361506,lvis_000000361506_yw_176072,0,background_false_accept
lvis_000000413247,lvis_000000413247_yw_201733,0,background_false_accept
lvis_000000166747,lvis_000000166747_yw_079700,0,background_false_accept
lvis_000000196442,lvis_000000196442_yw_096303,0,background_false_accept
lvis_000000514797,lvis_000000514797_yw_250305,0,background_false_accept
lvis_000000486479,lvis_000000486479_yw_237418,0,unknown_false_accept
lvis_000000463647,lvis_000000463647_yw_226894,0,background_false_accept
lvis_000000135890,lvis_000000135890_yw_062085,0,background_false_accept
lvis_000000541123,lvis_000000541123_yw_262221,0,background_false_accept
lvis_000000561958,lvis_000000561958_yw_271795,0,background_false_accept
lvis_000000541123,lvis_000000541123_yw_262222,0,background_false_accept
lvis_000000433103,lvis_000000433103_yw_211432,0,background_false_accept
lvis_000000541123,lvis_000000541123_yw_262223,0,background_false_accept
lvis_000000218439,lvis_000000218439_yw_106846,0,background_false_accept
lvis_000000383921,lvis_000000383921_yw_188742,0,background_false_accept
lvis_000000060363,lvis_000000060363_yw_026511,0,background_false_accept
lvis_000000561958,lvis_000000561958_yw_271796,0,background_false_accept
lvis_000000247917,lvis_000000247917_yw_120923,0,background_false_accept
lvis_000000242678,lvis_000000242678_yw_119066,0,background_false_accept
lvis_000000506656,lvis_000000506656_yw_245487,0,background_false_accept
lvis_000000374545,lvis_000000374545_yw_182671,0,background_false_accept
lvis_000000231879,lvis_000000231879_yw_115100,0,background_false_accept
lvis_000000541123,lvis_000000541123_yw_262225,0,background_false_accept
lvis_000000203931,lvis_000000203931_yw_099065,0,background_false_accept
lvis_000000218439,lvis_000000218439_yw_106848,0,background_false_accept
lvis_000000135890,lvis_000000135890_yw_062086,1,known_tp
lvis_000000570169,lvis_000000570169_yw_276196,0,unknown_false_accept
lvis_000000203931,lvis_000000203931_yw_099066,0,background_false_accept
lvis_000000064359,lvis_000000064359_yw_028493,0,background_false_accept
lvis_000000211042,lvis_000000211042_yw_102854,0,background_false_accept
lvis_000000303713,lvis_000000303713_yw_149112,0,background_false_accept
lvis_000000103548,lvis_000000103548_yw_046103,0,background_false_accept
lvis_000000218439,lvis_000000218439_yw_106850,0,background_false_accept
lvis_000000210273,lvis_000000210273_yw_102238,0,background_false_accept
lvis_000000151480,lvis_000000151480_yw_071439,0,background_false_accept
lvis_000000425226,lvis_000000425226_yw_207052,0,background_false_accept
lvis_000000541123,lvis_000000541123_yw_262226,0,background_false_accept
lvis_000000511321,lvis_000000511321_yw_248357,0,background_false_accept
lvis_000000428111,lvis_000000428111_yw_208980,0,background_false_accept
lvis_000000171611,lvis_000000171611_yw_082138,0,background_false_accept
lvis_000000423798,lvis_000000423798_yw_206271,0,background_false_accept
lvis_000000541123,lvis_000000541123_yw_262227,0,background_false_accept
lvis_000000349152,lvis_000000349152_yw_170107,0,background_false_accept
lvis_000000057725,lvis_000000057725_yw_025222,0,background_false_accept
lvis_000000166166,lvis_000000166166_yw_079213,0,background_false_accept
lvis_000000303713,lvis_000000303713_yw_149113,0,background_false_accept
lvis_000000157756,lvis_000000157756_yw_074914,0,background_false_accept
lvis_000000226154,lvis_000000226154_yw_110500,0,background_false_accept
lvis_000000103548,lvis_000000103548_yw_046104,0,background_false_accept
lvis_000000541123,lvis_000000541123_yw_262229,0,background_false_accept
lvis_000000458410,lvis_000000458410_yw_224012,0,background_false_accept
lvis_000000170116,lvis_000000170116_yw_081204,0,background_false_accept
lvis_000000541123,lvis_000000541123_yw_262230,0,background_false_accept
lvis_000000270402,lvis_000000270402_yw_131331,0,background_false_accept
lvis_000000218439,lvis_000000218439_yw_106852,0,background_false_accept
lvis_000000541123,lvis_000000541123_yw_262231,0,background_false_accept
lvis_000000303713,lvis_000000303713_yw_149114,0,background_false_accept
lvis_000000561958,lvis_000000561958_yw_271798,0,background_false_accept
lvis_000000303713,lvis_000000303713_yw_149115,0,background_false_accept
lvis_000000151480,lvis_000000151480_yw_071440,0,background_false_accept
lvis_000000303713,lvis_000000303713_yw_149116,0,background_false_accept
lvis_000000541123,lvis_000000541123_yw_262232,0,background_false_accept
lvis_000000170116,lvis_000000170116_yw_081205,1,known_tp
lvis_000000245915,lvis_000000245915_yw_120480,0,unknown_false_accept
lvis_000000433103,lvis_000000433103_yw_211434,1,known_tp
lvis_000000211674,lvis_000000211674_yw_102975,0,background_false_accept
lvis_000000218439,lvis_000000218439_yw_106854,0,background_false_accept
lvis_000000569976,lvis_000000569976_yw_276143,0,background_false_accept
lvis_000000466416,lvis_000000466416_yw_228752,0,background_false_accept
lvis_000000336658,lvis_000000336658_yw_164486,0,background_false_accept
lvis_000000533536,lvis_000000533536_yw_258568,0,unknown_false_accept
lvis_000000405691,lvis_000000405691_yw_197532,0,background_false_accept
lvis_000000151480,lvis_000000151480_yw_071441,0,background_false_accept
lvis_000000410456,lvis_000000410456_yw_199366,0,background_false_accept
lvis_000000534041,lvis_000000534041_yw_258922,0,background_false_accept
lvis_000000218439,lvis_000000218439_yw_106857,0,background_false_accept
lvis_000000541123,lvis_000000541123_yw_262233,0,background_false_accept
lvis_000000211674,lvis_000000211674_yw_102976,0,background_false_accept
lvis_000000463647,lvis_000000463647_yw_226895,0,background_false_accept
lvis_000000210273,lvis_000000210273_yw_102239,1,known_tp
lvis_000000433103,lvis_000000433103_yw_211435,0,wrong_known_class_or_duplicate
lvis_000000060363,lvis_000000060363_yw_026512,0,background_false_accept
lvis_000000388056,lvis_000000388056_yw_190268,1,known_tp
lvis_000000057725,lvis_000000057725_yw_025223,0,background_false_accept
lvis_000000350003,lvis_000000350003_yw_170443,0,background_false_accept
lvis_000000226058,lvis_000000226058_yw_110428,0,unknown_false_accept
lvis_000000336658,lvis_000000336658_yw_164487,0,background_false_accept
lvis_000000277005,lvis_000000277005_yw_134007,0,background_false_accept
lvis_000000541123,lvis_000000541123_yw_262234,0,background_false_accept
lvis_000000541123,lvis_000000541123_yw_262235,0,background_false_accept
lvis_000000541123,lvis_000000541123_yw_262236,0,background_false_accept
lvis_000000541123,lvis_000000541123_yw_262237,0,background_false_accept
lvis_000000273198,lvis_000000273198_yw_132021,0,background_false_accept
lvis_000000218439,lvis_000000218439_yw_106858,0,background_false_accept
lvis_000000555972,lvis_000000555972_yw_269307,0,unknown_false_accept
lvis_000000203931,lvis_000000203931_yw_099068,0,background_false_accept
lvis_000000025603,lvis_000000025603_yw_012450,0,background_false_accept
lvis_000000534673,lvis_000000534673_yw_259581,0,background_false_accept
lvis_000000140203,lvis_000000140203_yw_064191,0,wrong_known_class_or_duplicate
lvis_000000359677,lvis_000000359677_yw_174812,0,unknown_false_accept
lvis_000000423798,lvis_000000423798_yw_206272,1,known_tp
lvis_000000262938,lvis_000000262938_yw_127851,0,wrong_known_class_or_duplicate
lvis_000000218439,lvis_000000218439_yw_106860,0,background_false_accept
lvis_000000496854,lvis_000000496854_yw_241631,0,background_false_accept
lvis_000000521719,lvis_000000521719_yw_253531,0,unknown_false_accept
lvis_000000534673,lvis_000000534673_yw_259582,0,background_false_accept
lvis_000000303713,lvis_000000303713_yw_149119,0,background_false_accept
lvis_000000135890,lvis_000000135890_yw_062087,0,background_false_accept
lvis_000000303713,lvis_000000303713_yw_149120,0,background_false_accept
lvis_000000245915,lvis_000000245915_yw_120481,0,unknown_false_accept
lvis_000000010707,lvis_000000010707_yw_004827,0,background_false_accept
lvis_000000541123,lvis_000000541123_yw_262239,0,background_false_accept
lvis_000000533493,lvis_000000533493_yw_258557,1,known_tp
lvis_000000541123,lvis_000000541123_yw_262240,0,background_false_accept
lvis_000000423104,lvis_000000423104_yw_205697,0,background_false_accept
lvis_000000210273,lvis_000000210273_yw_102240,0,background_false_accept
lvis_000000210394,lvis_000000210394_yw_102516,0,background_false_accept
lvis_000000314914,lvis_000000314914_yw_154944,0,background_false_accept
lvis_000000541123,lvis_000000541123_yw_262241,0,background_false_accept
lvis_000000277005,lvis_000000277005_yw_134010,0,background_false_accept
lvis_000000453841,lvis_000000453841_yw_221396,0,background_false_accept
lvis_000000218439,lvis_000000218439_yw_106866,0,background_false_accept
lvis_000000221281,lvis_000000221281_yw_108067,0,background_false_accept
lvis_000000320642,lvis_000000320642_yw_156968,0,background_false_accept
lvis_000000323751,lvis_000000323751_yw_158189,0,background_false_accept
lvis_000000203931,lvis_000000203931_yw_099069,0,background_false_accept
lvis_000000405205,lvis_000000405205_yw_197201,0,background_false_accept
lvis_000000393115,lvis_000000393115_yw_192224,0,unknown_false_accept
lvis_000000009891,lvis_000000009891_yw_004609,0,background_false_accept
lvis_000000561958,lvis_000000561958_yw_271800,0,background_false_accept
lvis_000000303713,lvis_000000303713_yw_149121,0,background_false_accept
lvis_000000248314,lvis_000000248314_yw_121080,0,unknown_false_accept
lvis_000000541123,lvis_000000541123_yw_262242,0,background_false_accept
lvis_000000436883,lvis_000000436883_yw_213348,1,known_tp
lvis_000000180487,lvis_000000180487_yw_086590,0,unknown_false_accept
lvis_000000133969,lvis_000000133969_yw_061011,0,background_false_accept
lvis_000000421060,lvis_000000421060_yw_205090,0,background_false_accept
lvis_000000060052,lvis_000000060052_yw_026382,0,unknown_false_accept
lvis_000000441491,lvis_000000441491_yw_215795,0,unknown_false_accept
lvis_000000196442,lvis_000000196442_yw_096304,0,background_false_accept
lvis_000000303713,lvis_000000303713_yw_149122,0,background_false_accept
lvis_000000580410,lvis_000000580410_yw_281022,0,background_false_accept
lvis_000000100723,lvis_000000100723_yw_045471,0,background_false_accept
lvis_000000218439,lvis_000000218439_yw_106868,0,background_false_accept
lvis_000000218439,lvis_000000218439_yw_106869,0,background_false_accept
lvis_000000569030,lvis_000000569030_yw_275712,0,background_false_accept
lvis_000000288685,lvis_000000288685_yw_140416,0,background_false_accept
lvis_000000541123,lvis_000000541123_yw_262243,0,background_false_accept
lvis_000000210273,lvis_000000210273_yw_102241,0,background_false_accept
lvis_000000303713,lvis_000000303713_yw_149123,0,background_false_accept
lvis_000000336658,lvis_000000336658_yw_164488,0,background_false_accept
lvis_000000314264,lvis_000000314264_yw_154904,0,background_false_accept
lvis_000000356428,lvis_000000356428_yw_173428,0,background_false_accept
lvis_000000415716,lvis_000000415716_yw_202893,0,unknown_false_accept
lvis_000000303713,lvis_000000303713_yw_149124,0,background_false_accept
lvis_000000511321,lvis_000000511321_yw_248358,0,background_false_accept
lvis_000000094157,lvis_000000094157_yw_042050,0,background_false_accept
lvis_000000100723,lvis_000000100723_yw_045473,0,background_false_accept
lvis_000000371699,lvis_000000371699_yw_181607,0,background_false_accept
lvis_000000103548,lvis_000000103548_yw_046107,0,wrong_known_class_or_duplicate
lvis_000000440617,lvis_000000440617_yw_215523,0,background_false_accept
lvis_000000069795,lvis_000000069795_yw_031129,0,background_false_accept
lvis_000000378515,lvis_000000378515_yw_186286,0,background_false_accept
lvis_000000303713,lvis_000000303713_yw_149125,0,background_false_accept
lvis_000000234366,lvis_000000234366_yw_116178,0,background_false_accept
lvis_000000203931,lvis_000000203931_yw_099071,0,background_false_accept
lvis_000000455937,lvis_000000455937_yw_222531,0,background_false_accept
lvis_000000242411,lvis_000000242411_yw_118875,0,background_false_accept
lvis_000000328238,lvis_000000328238_yw_159928,0,background_false_accept
lvis_000000210273,lvis_000000210273_yw_102242,0,background_false_accept
lvis_000000541123,lvis_000000541123_yw_262246,0,background_false_accept
lvis_000000506656,lvis_000000506656_yw_245488,0,background_false_accept
lvis_000000541123,lvis_000000541123_yw_262247,0,background_false_accept
lvis_000000376625,lvis_000000376625_yw_183842,0,background_false_accept
lvis_000000405691,lvis_000000405691_yw_197533,0,background_false_accept
lvis_000000203931,lvis_000000203931_yw_099072,0,background_false_accept
lvis_000000350122,lvis_000000350122_yw_170811,0,background_false_accept
lvis_000000092416,lvis_000000092416_yw_041578,0,background_false_accept
lvis_000000087476,lvis_000000087476_yw_039862,0,background_false_accept
lvis_000000100723,lvis_000000100723_yw_045475,0,background_false_accept
lvis_000000166747,lvis_000000166747_yw_079702,0,background_false_accept
lvis_000000303713,lvis_000000303713_yw_149127,0,background_false_accept
lvis_000000106048,lvis_000000106048_yw_047120,0,background_false_accept
lvis_000000322968,lvis_000000322968_yw_157777,0,background_false_accept
lvis_000000285894,lvis_000000285894_yw_139081,0,unknown_false_accept
lvis_000000303713,lvis_000000303713_yw_149128,0,background_false_accept
lvis_000000203931,lvis_000000203931_yw_099073,0,background_false_accept
lvis_000000218439,lvis_000000218439_yw_106870,0,background_false_accept
lvis_000000378139,lvis_000000378139_yw_185961,0,background_false_accept
lvis_000000335529,lvis_000000335529_yw_163479,0,background_false_accept
lvis_000000425925,lvis_000000425925_yw_207286,0,background_false_accept
lvis_000000498919,lvis_000000498919_yw_242294,0,background_false_accept
lvis_000000057760,lvis_000000057760_yw_025374,0,background_false_accept
lvis_000000303713,lvis_000000303713_yw_149130,0,background_false_accept
lvis_000000522889,lvis_000000522889_yw_253863,0,background_false_accept
lvis_000000303713,lvis_000000303713_yw_149131,0,background_false_accept
lvis_000000319696,lvis_000000319696_yw_156545,0,unknown_false_accept
lvis_000000541123,lvis_000000541123_yw_262248,0,background_false_accept
lvis_000000233238,lvis_000000233238_yw_115593,0,background_false_accept
lvis_000000150224,lvis_000000150224_yw_071007,0,background_false_accept
lvis_000000463647,lvis_000000463647_yw_226896,0,background_false_accept
lvis_000000506656,lvis_000000506656_yw_245489,0,background_false_accept
lvis_000000180487,lvis_000000180487_yw_086591,0,background_false_accept
lvis_000000133819,lvis_000000133819_yw_060709,0,background_false_accept
lvis_000000196185,lvis_000000196185_yw_096217,0,background_false_accept
lvis_000000151480,lvis_000000151480_yw_071442,0,background_false_accept
lvis_000000218439,lvis_000000218439_yw_106875,0,background_false_accept
lvis_000000491130,lvis_000000491130_yw_238898,0,background_false_accept
lvis_000000396200,lvis_000000396200_yw_193542,0,background_false_accept
lvis_000000303713,lvis_000000303713_yw_149133,0,background_false_accept
lvis_000000563702,lvis_000000563702_yw_273093,0,background_false_accept
lvis_000000297396,lvis_000000297396_yw_146135,0,background_false_accept
lvis_000000218439,lvis_000000218439_yw_106877,0,background_false_accept
lvis_000000218439,lvis_000000218439_yw_106878,0,background_false_accept
lvis_000000193743,lvis_000000193743_yw_095071,0,background_false_accept
lvis_000000541123,lvis_000000541123_yw_262249,0,background_false_accept
lvis_000000203931,lvis_000000203931_yw_099074,0,background_false_accept
lvis_000000511076,lvis_000000511076_yw_248137,0,background_false_accept
lvis_000000218439,lvis_000000218439_yw_106880,0,background_false_accept
lvis_000000218439,lvis_000000218439_yw_106881,0,background_false_accept
lvis_000000335529,lvis_000000335529_yw_163480,0,background_false_accept
lvis_000000291861,lvis_000000291861_yw_142945,0,background_false_accept
lvis_000000303713,lvis_000000303713_yw_149136,0,background_false_accept
lvis_000000303713,lvis_000000303713_yw_149137,0,background_false_accept
lvis_000000511321,lvis_000000511321_yw_248359,0,background_false_accept
lvis_000000541123,lvis_000000541123_yw_262250,0,background_false_accept
lvis_000000151480,lvis_000000151480_yw_071443,0,background_false_accept
lvis_000000436883,lvis_000000436883_yw_213350,0,background_false_accept
lvis_000000156643,lvis_000000156643_yw_074514,0,background_false_accept
lvis_000000377946,lvis_000000377946_yw_185789,0,background_false_accept
lvis_000000310072,lvis_000000310072_yw_152763,0,background_false_accept
lvis_000000392818,lvis_000000392818_yw_192033,0,wrong_known_class_or_duplicate
lvis_000000541123,lvis_000000541123_yw_262251,0,background_false_accept
lvis_000000453841,lvis_000000453841_yw_221397,0,background_false_accept
lvis_000000511076,lvis_000000511076_yw_248138,0,background_false_accept
lvis_000000377946,lvis_000000377946_yw_185790,0,background_false_accept
lvis_000000193743,lvis_000000193743_yw_095072,0,background_false_accept
lvis_000000541123,lvis_000000541123_yw_262252,0,background_false_accept
lvis_000000140203,lvis_000000140203_yw_064192,0,background_false_accept
lvis_000000218439,lvis_000000218439_yw_106882,0,background_false_accept
lvis_000000336658,lvis_000000336658_yw_164489,0,background_false_accept
lvis_000000376625,lvis_000000376625_yw_183843,0,background_false_accept
lvis_000000133969,lvis_000000133969_yw_061012,0,background_false_accept
lvis_000000441468,lvis_000000441468_yw_215695,0,background_false_accept
lvis_000000166747,lvis_000000166747_yw_079704,0,background_false_accept
lvis_000000233238,lvis_000000233238_yw_115594,0,background_false_accept
lvis_000000328959,lvis_000000328959_yw_160328,0,unknown_false_accept
lvis_000000120420,lvis_000000120420_yw_052628,0,background_false_accept
lvis_000000231879,lvis_000000231879_yw_115102,0,unknown_false_accept
lvis_000000463647,lvis_000000463647_yw_226897,0,background_false_accept
lvis_000000541123,lvis_000000541123_yw_262253,0,background_false_accept
lvis_000000103548,lvis_000000103548_yw_046109,0,background_false_accept
lvis_000000303713,lvis_000000303713_yw_149140,0,background_false_accept
lvis_000000303713,lvis_000000303713_yw_149141,0,background_false_accept
lvis_000000285047,lvis_000000285047_yw_138983,0,background_false_accept
lvis_000000303713,lvis_000000303713_yw_149142,0,background_false_accept
lvis_000000218439,lvis_000000218439_yw_106883,0,background_false_accept
lvis_000000453841,lvis_000000453841_yw_221399,0,background_false_accept
lvis_000000541123,lvis_000000541123_yw_262254,0,background_false_accept
lvis_000000218439,lvis_000000218439_yw_106884,0,background_false_accept
lvis_000000046378,lvis_000000046378_yw_020071,0,wrong_known_class_or_duplicate
lvis_000000297147,lvis_000000297147_yw_146100,0,background_false_accept
lvis_000000405432,lvis_000000405432_yw_197506,0,unknown_false_accept
lvis_000000378139,lvis_000000378139_yw_185963,0,background_false_accept
lvis_000000384513,lvis_000000384513_yw_188866,0,background_false_accept
lvis_000000467315,lvis_000000467315_yw_229021,0,background_false_accept
lvis_000000211042,lvis_000000211042_yw_102855,0,background_false_accept
lvis_000000103548,lvis_000000103548_yw_046110,0,background_false_accept
lvis_000000214539,lvis_000000214539_yw_105073,0,background_false_accept
lvis_000000541123,lvis_000000541123_yw_262255,0,background_false_accept
lvis_000000303713,lvis_000000303713_yw_149143,0,background_false_accept
lvis_000000234366,lvis_000000234366_yw_116179,0,background_false_accept
lvis_000000561335,lvis_000000561335_yw_271669,0,wrong_known_class_or_duplicate
lvis_000000303713,lvis_000000303713_yw_149144,0,background_false_accept
lvis_000000541123,lvis_000000541123_yw_262256,0,background_false_accept
lvis_000000303713,lvis_000000303713_yw_149145,0,background_false_accept
lvis_000000427649,lvis_000000427649_yw_208495,0,background_false_accept
lvis_000000130826,lvis_000000130826_yw_058613,0,wrong_known_class_or_duplicate
lvis_000000267903,lvis_000000267903_yw_130217,0,unknown_false_accept
lvis_000000541123,lvis_000000541123_yw_262257,0,background_false_accept
lvis_000000170116,lvis_000000170116_yw_081207,0,background_false_accept
lvis_000000541123,lvis_000000541123_yw_262258,0,background_false_accept
lvis_000000211674,lvis_000000211674_yw_102977,0,background_false_accept
lvis_000000541123,lvis_000000541123_yw_262259,0,background_false_accept
lvis_000000218439,lvis_000000218439_yw_106887,0,background_false_accept
lvis_000000218439,lvis_000000218439_yw_106888,0,background_false_accept
lvis_000000498709,lvis_000000498709_yw_242167,0,background_false_accept
lvis_000000458410,lvis_000000458410_yw_224013,0,background_false_accept
lvis_000000541123,lvis_000000541123_yw_262260,0,background_false_accept
lvis_000000447200,lvis_000000447200_yw_218280,0,background_false_accept
lvis_000000303713,lvis_000000303713_yw_149146,0,background_false_accept
lvis_000000197528,lvis_000000197528_yw_096621,0,wrong_known_class_or_duplicate
lvis_000000541123,lvis_000000541123_yw_262261,0,background_false_accept
lvis_000000491090,lvis_000000491090_yw_238816,0,background_false_accept
lvis_000000425226,lvis_000000425226_yw_207053,0,background_false_accept
lvis_000000100723,lvis_000000100723_yw_045480,0,background_false_accept
lvis_000000541123,lvis_000000541123_yw_262262,0,background_false_accept
lvis_000000210273,lvis_000000210273_yw_102243,0,background_false_accept
lvis_000000303713,lvis_000000303713_yw_149147,0,background_false_accept
lvis_000000569030,lvis_000000569030_yw_275713,0,background_false_accept
lvis_000000541123,lvis_000000541123_yw_262263,0,background_false_accept
lvis_000000218439,lvis_000000218439_yw_106890,0,background_false_accept
lvis_000000561958,lvis_000000561958_yw_271803,0,background_false_accept
lvis_000000277005,lvis_000000277005_yw_134013,0,background_false_accept
lvis_000000100723,lvis_000000100723_yw_045482,0,background_false_accept
lvis_000000210273,lvis_000000210273_yw_102245,0,background_false_accept
lvis_000000145020,lvis_000000145020_yw_067624,0,background_false_accept
lvis_000000336658,lvis_000000336658_yw_164490,0,background_false_accept
lvis_000000166747,lvis_000000166747_yw_079705,1,known_tp
lvis_000000449312,lvis_000000449312_yw_219291,0,background_false_accept
lvis_000000303713,lvis_000000303713_yw_149150,0,background_false_accept
lvis_000000339442,lvis_000000339442_yw_166225,0,unknown_false_accept
lvis_000000148719,lvis_000000148719_yw_070189,0,background_false_accept
lvis_000000156924,lvis_000000156924_yw_074616,0,background_false_accept
lvis_000000234757,lvis_000000234757_yw_116432,0,background_false_accept
lvis_000000323751,lvis_000000323751_yw_158190,0,background_false_accept
lvis_000000100723,lvis_000000100723_yw_045483,0,background_false_accept
lvis_000000413247,lvis_000000413247_yw_201735,0,background_false_accept
lvis_000000203931,lvis_000000203931_yw_099077,0,background_false_accept
lvis_000000541123,lvis_000000541123_yw_262265,0,background_false_accept
lvis_000000374545,lvis_000000374545_yw_182674,0,background_false_accept
lvis_000000421060,lvis_000000421060_yw_205092,1,known_tp
lvis_000000529568,lvis_000000529568_yw_256547,0,background_false_accept
lvis_000000019042,lvis_000000019042_yw_009778,0,background_false_accept
lvis_000000421060,lvis_000000421060_yw_205093,0,background_false_accept
lvis_000000541123,lvis_000000541123_yw_262266,0,background_false_accept
lvis_000000206218,lvis_000000206218_yw_100198,0,background_false_accept
lvis_000000379332,lvis_000000379332_yw_186888,0,background_false_accept
lvis_000000310072,lvis_000000310072_yw_152764,0,background_false_accept
lvis_000000541123,lvis_000000541123_yw_262267,0,background_false_accept
lvis_000000035279,lvis_000000035279_yw_016368,0,background_false_accept
lvis_000000561958,lvis_000000561958_yw_271805,0,background_false_accept
lvis_000000303713,lvis_000000303713_yw_149152,0,background_false_accept
lvis_000000133819,lvis_000000133819_yw_060710,0,background_false_accept
lvis_000000495054,lvis_000000495054_yw_240998,0,background_false_accept
lvis_000000170116,lvis_000000170116_yw_081208,0,background_false_accept
lvis_000000374545,lvis_000000374545_yw_182675,0,background_false_accept
lvis_000000283037,lvis_000000283037_yw_137535,0,background_false_accept
lvis_000000569030,lvis_000000569030_yw_275714,0,background_false_accept
lvis_000000303713,lvis_000000303713_yw_149154,0,background_false_accept
lvis_000000541123,lvis_000000541123_yw_262268,0,background_false_accept
lvis_000000214539,lvis_000000214539_yw_105079,0,background_false_accept
lvis_000000541123,lvis_000000541123_yw_262269,0,background_false_accept
lvis_000000320743,lvis_000000320743_yw_157013,0,background_false_accept
lvis_000000218439,lvis_000000218439_yw_106893,0,background_false_accept
lvis_000000541123,lvis_000000541123_yw_262270,0,background_false_accept
lvis_000000303713,lvis_000000303713_yw_149155,0,background_false_accept
lvis_000000277005,lvis_000000277005_yw_134015,1,known_tp
lvis_000000019042,lvis_000000019042_yw_009779,0,background_false_accept
lvis_000000388056,lvis_000000388056_yw_190271,0,background_false_accept
lvis_000000100723,lvis_000000100723_yw_045484,0,background_false_accept
lvis_000000303713,lvis_000000303713_yw_149156,0,background_false_accept
lvis_000000203931,lvis_000000203931_yw_099078,0,background_false_accept
lvis_000000453040,lvis_000000453040_yw_220648,0,background_false_accept
lvis_000000129492,lvis_000000129492_yw_057796,0,background_false_accept
lvis_000000541123,lvis_000000541123_yw_262271,0,background_false_accept
lvis_000000335529,lvis_000000335529_yw_163483,0,background_false_accept
lvis_000000303713,lvis_000000303713_yw_149157,0,background_false_accept
lvis_000000336658,lvis_000000336658_yw_164492,0,background_false_accept
lvis_000000303713,lvis_000000303713_yw_149158,0,background_false_accept
lvis_000000541123,lvis_000000541123_yw_262273,0,background_false_accept
lvis_000000541123,lvis_000000541123_yw_262274,0,background_false_accept
lvis_000000495054,lvis_000000495054_yw_240999,0,background_false_accept
lvis_000000210394,lvis_000000210394_yw_102520,0,background_false_accept
lvis_000000377575,lvis_000000377575_yw_185105,0,background_false_accept
lvis_000000169169,lvis_000000169169_yw_080753,0,background_false_accept
lvis_000000103548,lvis_000000103548_yw_046115,0,background_false_accept
lvis_000000541123,lvis_000000541123_yw_262275,0,background_false_accept
lvis_000000323751,lvis_000000323751_yw_158191,0,background_false_accept
lvis_000000541123,lvis_000000541123_yw_262276,0,background_false_accept
lvis_000000218439,lvis_000000218439_yw_106898,0,background_false_accept
lvis_000000383921,lvis_000000383921_yw_188743,0,unknown_false_accept
lvis_000000410456,lvis_000000410456_yw_199368,0,unknown_false_accept
lvis_000000245915,lvis_000000245915_yw_120482,0,unknown_false_accept
lvis_000000454978,lvis_000000454978_yw_221836,0,background_false_accept
lvis_000000150224,lvis_000000150224_yw_071009,0,background_false_accept
lvis_000000500211,lvis_000000500211_yw_242716,0,background_false_accept
lvis_000000421060,lvis_000000421060_yw_205094,0,background_false_accept
lvis_000000425226,lvis_000000425226_yw_207054,0,background_false_accept
lvis_000000393115,lvis_000000393115_yw_192226,0,unknown_false_accept
lvis_000000057760,lvis_000000057760_yw_025376,0,background_false_accept
lvis_000000214539,lvis_000000214539_yw_105082,0,background_false_accept
lvis_000000257370,lvis_000000257370_yw_125002,0,background_false_accept
lvis_000000541123,lvis_000000541123_yw_262278,0,background_false_accept
lvis_000000402334,lvis_000000402334_yw_196035,0,background_false_accept
lvis_000000203931,lvis_000000203931_yw_099079,0,background_false_accept
lvis_000000218439,lvis_000000218439_yw_106900,0,background_false_accept
lvis_000000541123,lvis_000000541123_yw_262279,0,background_false_accept
lvis_000000103548,lvis_000000103548_yw_046116,0,background_false_accept
lvis_000000155291,lvis_000000155291_yw_073558,0,background_false_accept
lvis_000000203931,lvis_000000203931_yw_099080,0,background_false_accept
lvis_000000136633,lvis_000000136633_yw_062297,1,known_tp
lvis_000000350003,lvis_000000350003_yw_170444,0,background_false_accept
lvis_000000140203,lvis_000000140203_yw_064195,0,background_false_accept
lvis_000000541123,lvis_000000541123_yw_262280,0,background_false_accept
lvis_000000060363,lvis_000000060363_yw_026513,0,background_false_accept
lvis_000000441468,lvis_000000441468_yw_215697,0,background_false_accept
lvis_000000203931,lvis_000000203931_yw_099081,0,background_false_accept
lvis_000000169169,lvis_000000169169_yw_080754,0,background_false_accept
lvis_000000191288,lvis_000000191288_yw_093645,0,background_false_accept
lvis_000000218439,lvis_000000218439_yw_106904,0,background_false_accept
lvis_000000541123,lvis_000000541123_yw_262281,0,background_false_accept
lvis_000000021839,lvis_000000021839_yw_010743,0,background_false_accept
lvis_000000541123,lvis_000000541123_yw_262282,0,background_false_accept
lvis_000000303713,lvis_000000303713_yw_149159,0,background_false_accept
lvis_000000413247,lvis_000000413247_yw_201736,0,unknown_false_accept
lvis_000000151480,lvis_000000151480_yw_071444,1,known_tp
lvis_000000423798,lvis_000000423798_yw_206274,1,known_tp
lvis_000000312421,lvis_000000312421_yw_153866,0,background_false_accept
lvis_000000541123,lvis_000000541123_yw_262283,0,background_false_accept
lvis_000000541123,lvis_000000541123_yw_262284,0,background_false_accept
lvis_000000166166,lvis_000000166166_yw_079214,0,background_false_accept
lvis_000000568584,lvis_000000568584_yw_275479,0,background_false_accept
lvis_000000541123,lvis_000000541123_yw_262285,0,background_false_accept
lvis_000000436883,lvis_000000436883_yw_213354,0,background_false_accept
lvis_000000450100,lvis_000000450100_yw_219890,0,unknown_false_accept
lvis_000000465718,lvis_000000465718_yw_228309,0,background_false_accept
lvis_000000425925,lvis_000000425925_yw_207287,0,background_false_accept
lvis_000000285047,lvis_000000285047_yw_138985,0,wrong_known_class_or_duplicate
lvis_000000100723,lvis_000000100723_yw_045485,0,background_false_accept
lvis_000000057760,lvis_000000057760_yw_025377,0,wrong_known_class_or_duplicate
lvis_000000484978,lvis_000000484978_yw_236801,0,unknown_false_accept
lvis_000000541123,lvis_000000541123_yw_262286,0,background_false_accept
lvis_000000156643,lvis_000000156643_yw_074515,0,background_false_accept
lvis_000000374545,lvis_000000374545_yw_182677,0,background_false_accept
lvis_000000425925,lvis_000000425925_yw_207288,0,background_false_accept
lvis_000000534673,lvis_000000534673_yw_259585,1,known_tp
lvis_000000203931,lvis_000000203931_yw_099082,0,background_false_accept
lvis_000000541123,lvis_000000541123_yw_262287,0,background_false_accept
lvis_000000534601,lvis_000000534601_yw_259355,0,background_false_accept
lvis_000000521719,lvis_000000521719_yw_253532,0,background_false_accept
lvis_000000507223,lvis_000000507223_yw_246240,0,background_false_accept
lvis_000000203931,lvis_000000203931_yw_099084,0,background_false_accept
lvis_000000350122,lvis_000000350122_yw_170813,0,background_false_accept
lvis_000000581100,lvis_000000581100_yw_281172,0,background_false_accept
lvis_000000218439,lvis_000000218439_yw_106910,0,background_false_accept
lvis_000000288685,lvis_000000288685_yw_140418,0,background_false_accept
lvis_000000348012,lvis_000000348012_yw_169796,0,background_false_accept
lvis_000000570169,lvis_000000570169_yw_276197,0,unknown_false_accept
lvis_000000210273,lvis_000000210273_yw_102249,0,background_false_accept
lvis_000000303713,lvis_000000303713_yw_149160,1,known_tp
lvis_000000491130,lvis_000000491130_yw_238899,0,background_false_accept
lvis_000000203931,lvis_000000203931_yw_099085,0,background_false_accept
lvis_000000336658,lvis_000000336658_yw_164496,0,background_false_accept
lvis_000000210273,lvis_000000210273_yw_102250,0,background_false_accept
lvis_000000421060,lvis_000000421060_yw_205095,0,background_false_accept
lvis_000000277005,lvis_000000277005_yw_134018,0,background_false_accept
lvis_000000506656,lvis_000000506656_yw_245491,0,background_false_accept
lvis_000000190637,lvis_000000190637_yw_092825,0,unknown_false_accept
lvis_000000151480,lvis_000000151480_yw_071445,0,background_false_accept
lvis_000000214539,lvis_000000214539_yw_105084,0,background_false_accept
lvis_000000203931,lvis_000000203931_yw_099086,0,background_false_accept
lvis_000000405205,lvis_000000405205_yw_197202,0,background_false_accept
lvis_000000303713,lvis_000000303713_yw_149161,0,background_false_accept
lvis_000000425925,lvis_000000425925_yw_207289,0,background_false_accept
lvis_000000541123,lvis_000000541123_yw_262288,0,background_false_accept
lvis_000000303713,lvis_000000303713_yw_149162,0,background_false_accept
lvis_000000335529,lvis_000000335529_yw_163484,0,background_false_accept
lvis_000000103548,lvis_000000103548_yw_046117,0,background_false_accept
lvis_000000218439,lvis_000000218439_yw_106913,0,background_false_accept
lvis_000000443844,lvis_000000443844_yw_217451,0,background_false_accept
lvis_000000541123,lvis_000000541123_yw_262289,0,background_false_accept
lvis_000000214539,lvis_000000214539_yw_105085,0,background_false_accept
lvis_000000245915,lvis_000000245915_yw_120483,0,unknown_false_accept
lvis_000000541123,lvis_000000541123_yw_262290,0,background_false_accept
lvis_000000541123,lvis_000000541123_yw_262291,0,background_false_accept
lvis_000000100723,lvis_000000100723_yw_045487,0,background_false_accept
lvis_000000303713,lvis_000000303713_yw_149163,0,background_false_accept
lvis_000000378515,lvis_000000378515_yw_186288,0,background_false_accept
lvis_000000541123,lvis_000000541123_yw_262292,0,background_false_accept
lvis_000000100723,lvis_000000100723_yw_045488,0,background_false_accept
lvis_000000421060,lvis_000000421060_yw_205096,0,background_false_accept
lvis_000000541123,lvis_000000541123_yw_262293,0,background_false_accept
lvis_000000303713,lvis_000000303713_yw_149164,0,background_false_accept
lvis_000000410456,lvis_000000410456_yw_199369,0,background_false_accept
lvis_000000541123,lvis_000000541123_yw_262294,0,background_false_accept
lvis_000000283037,lvis_000000283037_yw_137536,0,background_false_accept
lvis_000000540280,lvis_000000540280_yw_261612,0,background_false_accept
lvis_000000210273,lvis_000000210273_yw_102251,0,background_false_accept
lvis_000000541123,lvis_000000541123_yw_262295,0,background_false_accept
lvis_000000498857,lvis_000000498857_yw_242285,0,unknown_false_accept
lvis_000000245915,lvis_000000245915_yw_120484,0,unknown_false_accept
lvis_000000370042,lvis_000000370042_yw_180602,0,background_false_accept
lvis_000000541123,lvis_000000541123_yw_262296,0,background_false_accept
lvis_000000314914,lvis_000000314914_yw_154945,0,background_false_accept
lvis_000000087476,lvis_000000087476_yw_039868,0,background_false_accept
lvis_000000453841,lvis_000000453841_yw_221402,0,background_false_accept
lvis_000000151480,lvis_000000151480_yw_071446,0,background_false_accept
lvis_000000541123,lvis_000000541123_yw_262297,0,background_false_accept
lvis_000000234757,lvis_000000234757_yw_116433,0,wrong_known_class_or_duplicate
lvis_000000425925,lvis_000000425925_yw_207290,0,background_false_accept
lvis_000000310072,lvis_000000310072_yw_152765,0,background_false_accept
lvis_000000393115,lvis_000000393115_yw_192227,0,unknown_false_accept
lvis_000000541123,lvis_000000541123_yw_262298,0,background_false_accept
lvis_000000322968,lvis_000000322968_yw_157778,0,background_false_accept
lvis_000000303713,lvis_000000303713_yw_149168,0,background_false_accept
lvis_000000009590,lvis_000000009590_yw_004492,0,background_false_accept
lvis_000000541123,lvis_000000541123_yw_262299,0,background_false_accept
lvis_000000133819,lvis_000000133819_yw_060711,0,background_false_accept
lvis_000000449312,lvis_000000449312_yw_219293,1,known_tp
lvis_000000103548,lvis_000000103548_yw_046120,0,background_false_accept
lvis_000000541123,lvis_000000541123_yw_262300,0,background_false_accept
lvis_000000283037,lvis_000000283037_yw_137537,0,background_false_accept
lvis_000000115885,lvis_000000115885_yw_050887,0,unknown_false_accept
lvis_000000196185,lvis_000000196185_yw_096218,0,background_false_accept
lvis_000000218439,lvis_000000218439_yw_106918,0,background_false_accept
lvis_000000270402,lvis_000000270402_yw_131332,0,unknown_false_accept
lvis_000000232692,lvis_000000232692_yw_115405,0,background_false_accept
lvis_000000214539,lvis_000000214539_yw_105086,0,background_false_accept
lvis_000000210273,lvis_000000210273_yw_102252,0,background_false_accept
lvis_000000423104,lvis_000000423104_yw_205699,0,background_false_accept
lvis_000000534673,lvis_000000534673_yw_259586,0,background_false_accept
lvis_000000488710,lvis_000000488710_yw_237768,0,background_false_accept
lvis_000000210394,lvis_000000210394_yw_102521,0,background_false_accept
lvis_000000466416,lvis_000000466416_yw_228754,0,background_false_accept
lvis_000000578545,lvis_000000578545_yw_280333,0,unknown_false_accept
lvis_000000356612,lvis_000000356612_yw_173679,0,background_false_accept
lvis_000000218439,lvis_000000218439_yw_106920,0,background_false_accept
lvis_000000203931,lvis_000000203931_yw_099087,0,background_false_accept
lvis_000000349184,lvis_000000349184_yw_170158,0,background_false_accept
lvis_000000376625,lvis_000000376625_yw_183844,0,background_false_accept
lvis_000000303713,lvis_000000303713_yw_149170,0,background_false_accept
lvis_000000561958,lvis_000000561958_yw_271807,0,background_false_accept
lvis_000000405691,lvis_000000405691_yw_197534,0,background_false_accept
lvis_000000561958,lvis_000000561958_yw_271808,0,background_false_accept
lvis_000000203931,lvis_000000203931_yw_099088,0,background_false_accept
lvis_000000541123,lvis_000000541123_yw_262301,0,background_false_accept
lvis_000000094157,lvis_000000094157_yw_042052,0,background_false_accept
lvis_000000218439,lvis_000000218439_yw_106921,0,background_false_accept
lvis_000000541123,lvis_000000541123_yw_262302,0,background_false_accept
lvis_000000103548,lvis_000000103548_yw_046121,0,background_false_accept
lvis_000000212573,lvis_000000212573_yw_103620,0,background_false_accept
lvis_000000383921,lvis_000000383921_yw_188746,0,unknown_false_accept
lvis_000000285047,lvis_000000285047_yw_138986,0,background_false_accept
lvis_000000196442,lvis_000000196442_yw_096305,0,background_false_accept
lvis_000000021167,lvis_000000021167_yw_010653,0,background_false_accept
lvis_000000440617,lvis_000000440617_yw_215525,0,background_false_accept
lvis_000000133819,lvis_000000133819_yw_060712,0,background_false_accept
lvis_000000125472,lvis_000000125472_yw_055429,0,background_false_accept
lvis_000000541123,lvis_000000541123_yw_262304,0,background_false_accept
lvis_000000191761,lvis_000000191761_yw_093781,0,unknown_false_accept
lvis_000000320743,lvis_000000320743_yw_157015,1,known_tp
lvis_000000541123,lvis_000000541123_yw_262305,0,background_false_accept
lvis_000000541123,lvis_000000541123_yw_262306,0,background_false_accept
lvis_000000541123,lvis_000000541123_yw_262307,0,background_false_accept
lvis_000000320743,lvis_000000320743_yw_157016,0,unknown_false_accept
lvis_000000242411,lvis_000000242411_yw_118880,0,background_false_accept
lvis_000000093965,lvis_000000093965_yw_042025,0,unknown_false_accept
lvis_000000203931,lvis_000000203931_yw_099089,0,background_false_accept
lvis_000000203931,lvis_000000203931_yw_099090,0,background_false_accept
lvis_000000289938,lvis_000000289938_yw_141421,0,background_false_accept
lvis_000000541123,lvis_000000541123_yw_262308,0,background_false_accept
lvis_000000203931,lvis_000000203931_yw_099091,0,background_false_accept
lvis_000000541123,lvis_000000541123_yw_262309,0,background_false_accept
lvis_000000094157,lvis_000000094157_yw_042053,0,background_false_accept
lvis_000000495054,lvis_000000495054_yw_241000,0,background_false_accept
lvis_000000303713,lvis_000000303713_yw_149172,0,background_false_accept
lvis_000000471893,lvis_000000471893_yw_230670,0,background_false_accept
lvis_000000356612,lvis_000000356612_yw_173680,0,background_false_accept
lvis_000000103548,lvis_000000103548_yw_046122,0,background_false_accept
lvis_000000541123,lvis_000000541123_yw_262311,0,background_false_accept
lvis_000000303713,lvis_000000303713_yw_149173,0,background_false_accept
lvis_000000278749,lvis_000000278749_yw_134577,0,background_false_accept
lvis_000000453841,lvis_000000453841_yw_221403,0,background_false_accept
lvis_000000203931,lvis_000000203931_yw_099092,0,background_false_accept
lvis_000000150224,lvis_000000150224_yw_071010,0,background_false_accept
lvis_000000245915,lvis_000000245915_yw_120485,0,unknown_false_accept
lvis_000000100723,lvis_000000100723_yw_045494,0,background_false_accept
lvis_000000151480,lvis_000000151480_yw_071447,0,background_false_accept
lvis_000000421060,lvis_000000421060_yw_205097,1,known_tp
lvis_000000333402,lvis_000000333402_yw_162053,0,background_false_accept
lvis_000000252559,lvis_000000252559_yw_122400,0,background_false_accept
lvis_000000388056,lvis_000000388056_yw_190273,0,background_false_accept
lvis_000000541123,lvis_000000541123_yw_262312,0,background_false_accept
lvis_000000215259,lvis_000000215259_yw_105684,0,background_false_accept
lvis_000000541123,lvis_000000541123_yw_262313,0,background_false_accept
lvis_000000303713,lvis_000000303713_yw_149174,0,background_false_accept
lvis_000000356428,lvis_000000356428_yw_173429,0,background_false_accept
lvis_000000580410,lvis_000000580410_yw_281023,0,unknown_false_accept
lvis_000000263969,lvis_000000263969_yw_128408,0,background_false_accept
lvis_000000541123,lvis_000000541123_yw_262314,0,background_false_accept
lvis_000000415716,lvis_000000415716_yw_202894,0,unknown_false_accept
lvis_000000356428,lvis_000000356428_yw_173430,0,background_false_accept
lvis_000000094157,lvis_000000094157_yw_042054,0,background_false_accept
lvis_000000534041,lvis_000000534041_yw_258924,0,unknown_false_accept
lvis_000000350122,lvis_000000350122_yw_170815,0,background_false_accept
lvis_000000433103,lvis_000000433103_yw_211443,0,background_false_accept
lvis_000000329041,lvis_000000329041_yw_160337,0,background_false_accept
lvis_000000145020,lvis_000000145020_yw_067628,0,background_false_accept
lvis_000000541123,lvis_000000541123_yw_262315,0,background_false_accept
lvis_000000170278,lvis_000000170278_yw_081362,0,background_false_accept
lvis_000000541123,lvis_000000541123_yw_262316,0,background_false_accept
lvis_000000297396,lvis_000000297396_yw_146136,0,background_false_accept
lvis_000000541123,lvis_000000541123_yw_262317,0,background_false_accept
lvis_000000210273,lvis_000000210273_yw_102255,0,background_false_accept
lvis_000000541123,lvis_000000541123_yw_262318,0,background_false_accept
lvis_000000218439,lvis_000000218439_yw_106929,0,background_false_accept
lvis_000000413247,lvis_000000413247_yw_201737,0,background_false_accept
lvis_000000133819,lvis_000000133819_yw_060713,0,background_false_accept
lvis_000000541123,lvis_000000541123_yw_262319,0,background_false_accept
lvis_000000019042,lvis_000000019042_yw_009782,0,background_false_accept
lvis_000000349860,lvis_000000349860_yw_170335,0,background_false_accept
lvis_000000151480,lvis_000000151480_yw_071448,0,background_false_accept
lvis_000000541123,lvis_000000541123_yw_262320,0,background_false_accept
lvis_000000320743,lvis_000000320743_yw_157017,0,background_false_accept
lvis_000000376625,lvis_000000376625_yw_183845,0,unknown_false_accept
lvis_000000271116,lvis_000000271116_yw_131429,0,background_false_accept
lvis_000000569030,lvis_000000569030_yw_275718,0,background_false_accept
lvis_000000289938,lvis_000000289938_yw_141422,0,background_false_accept
lvis_000000541123,lvis_000000541123_yw_262321,0,background_false_accept
lvis_000000405432,lvis_000000405432_yw_197507,0,unknown_false_accept
lvis_000000561958,lvis_000000561958_yw_271810,0,background_false_accept
lvis_000000541123,lvis_000000541123_yw_262322,0,background_false_accept
lvis_000000335529,lvis_000000335529_yw_163486,0,background_false_accept
lvis_000000133969,lvis_000000133969_yw_061017,0,background_false_accept
lvis_000000218439,lvis_000000218439_yw_106933,0,background_false_accept
lvis_000000541123,lvis_000000541123_yw_262323,0,background_false_accept
lvis_000000428111,lvis_000000428111_yw_208982,0,background_false_accept
lvis_000000210273,lvis_000000210273_yw_102256,0,background_false_accept
lvis_000000314914,lvis_000000314914_yw_154946,0,background_false_accept
lvis_000000218439,lvis_000000218439_yw_106934,0,background_false_accept
lvis_000000319696,lvis_000000319696_yw_156546,0,unknown_false_accept
lvis_000000245915,lvis_000000245915_yw_120486,0,unknown_false_accept
lvis_000000218439,lvis_000000218439_yw_106935,0,background_false_accept
lvis_000000091654,lvis_000000091654_yw_041407,0,background_false_accept
lvis_000000534673,lvis_000000534673_yw_259588,0,background_false_accept
lvis_000000303713,lvis_000000303713_yw_149176,0,background_false_accept
lvis_000000203931,lvis_000000203931_yw_099095,0,background_false_accept
lvis_000000233238,lvis_000000233238_yw_115597,1,known_tp
lvis_000000303713,lvis_000000303713_yw_149177,0,background_false_accept
lvis_000000210273,lvis_000000210273_yw_102257,0,background_false_accept
lvis_000000277005,lvis_000000277005_yw_134020,0,background_false_accept
lvis_000000218439,lvis_000000218439_yw_106936,0,background_false_accept
lvis_000000541123,lvis_000000541123_yw_262324,0,background_false_accept
lvis_000000303713,lvis_000000303713_yw_149178,0,background_false_accept
lvis_000000248314,lvis_000000248314_yw_121081,0,unknown_false_accept
lvis_000000151480,lvis_000000151480_yw_071449,0,background_false_accept
lvis_000000103548,lvis_000000103548_yw_046124,0,background_false_accept
lvis_000000500211,lvis_000000500211_yw_242717,0,unknown_false_accept
lvis_000000465718,lvis_000000465718_yw_228310,0,background_false_accept
lvis_000000200152,lvis_000000200152_yw_097441,0,background_false_accept
lvis_000000541123,lvis_000000541123_yw_262326,0,background_false_accept
lvis_000000133819,lvis_000000133819_yw_060714,0,wrong_known_class_or_duplicate
lvis_000000349860,lvis_000000349860_yw_170336,0,background_false_accept
lvis_000000541123,lvis_000000541123_yw_262327,0,background_false_accept
lvis_000000212573,lvis_000000212573_yw_103621,0,background_false_accept
lvis_000000541123,lvis_000000541123_yw_262328,0,background_false_accept
lvis_000000203931,lvis_000000203931_yw_099096,0,background_false_accept
lvis_000000303713,lvis_000000303713_yw_149181,0,background_false_accept
lvis_000000540280,lvis_000000540280_yw_261613,0,unknown_false_accept
lvis_000000463647,lvis_000000463647_yw_226900,0,background_false_accept
lvis_000000349184,lvis_000000349184_yw_170160,0,background_false_accept
lvis_000000157756,lvis_000000157756_yw_074917,0,background_false_accept
lvis_000000166747,lvis_000000166747_yw_079709,0,background_false_accept
lvis_000000210394,lvis_000000210394_yw_102524,1,known_tp
lvis_000000214539,lvis_000000214539_yw_105090,0,background_false_accept
lvis_000000383921,lvis_000000383921_yw_188747,0,background_false_accept
lvis_000000463647,lvis_000000463647_yw_226901,0,background_false_accept
lvis_000000514797,lvis_000000514797_yw_250306,0,unknown_false_accept
lvis_000000218439,lvis_000000218439_yw_106943,0,background_false_accept
lvis_000000580410,lvis_000000580410_yw_281025,0,unknown_false_accept
lvis_000000463647,lvis_000000463647_yw_226902,0,background_false_accept
lvis_000000356428,lvis_000000356428_yw_173432,0,background_false_accept
lvis_000000270402,lvis_000000270402_yw_131333,0,unknown_false_accept
lvis_000000136633,lvis_000000136633_yw_062299,0,background_false_accept
lvis_000000289938,lvis_000000289938_yw_141423,0,background_false_accept
lvis_000000563702,lvis_000000563702_yw_273096,0,background_false_accept
lvis_000000350003,lvis_000000350003_yw_170445,0,background_false_accept
lvis_000000425925,lvis_000000425925_yw_207291,0,background_false_accept
lvis_000000145020,lvis_000000145020_yw_067631,0,background_false_accept
lvis_000000276921,lvis_000000276921_yw_133949,0,unknown_false_accept
lvis_000000186345,lvis_000000186345_yw_090567,0,unknown_false_accept
lvis_000000158548,lvis_000000158548_yw_075233,0,background_false_accept
lvis_000000541123,lvis_000000541123_yw_262329,0,background_false_accept
lvis_000000203931,lvis_000000203931_yw_099097,0,background_false_accept
lvis_000000203931,lvis_000000203931_yw_099098,0,background_false_accept
lvis_000000541123,lvis_000000541123_yw_262330,0,background_false_accept
lvis_000000189310,lvis_000000189310_yw_092202,0,background_false_accept
lvis_000000211674,lvis_000000211674_yw_102989,0,background_false_accept
lvis_000000283037,lvis_000000283037_yw_137539,0,background_false_accept
lvis_000000541123,lvis_000000541123_yw_262331,0,background_false_accept
lvis_000000103548,lvis_000000103548_yw_046129,0,background_false_accept
lvis_000000541123,lvis_000000541123_yw_262332,0,background_false_accept
lvis_000000511321,lvis_000000511321_yw_248360,0,background_false_accept
lvis_000000534673,lvis_000000534673_yw_259589,0,background_false_accept
lvis_000000336658,lvis_000000336658_yw_164498,0,background_false_accept
lvis_000000328238,lvis_000000328238_yw_159929,0,background_false_accept
lvis_000000158548,lvis_000000158548_yw_075234,0,background_false_accept
lvis_000000323751,lvis_000000323751_yw_158193,0,background_false_accept
lvis_000000378139,lvis_000000378139_yw_185966,0,background_false_accept
lvis_000000239347,lvis_000000239347_yw_117738,0,background_false_accept
lvis_000000541123,lvis_000000541123_yw_262333,0,background_false_accept
lvis_000000288685,lvis_000000288685_yw_140422,0,background_false_accept
lvis_000000541123,lvis_000000541123_yw_262334,0,background_false_accept
lvis_000000377113,lvis_000000377113_yw_184306,0,background_false_accept
lvis_000000147740,lvis_000000147740_yw_069636,0,background_false_accept
lvis_000000541123,lvis_000000541123_yw_262335,0,background_false_accept
lvis_000000541123,lvis_000000541123_yw_262336,0,background_false_accept
lvis_000000218439,lvis_000000218439_yw_106948,0,background_false_accept
lvis_000000094157,lvis_000000094157_yw_042055,0,background_false_accept
lvis_000000289938,lvis_000000289938_yw_141424,0,background_false_accept
lvis_000000057760,lvis_000000057760_yw_025380,0,background_false_accept
lvis_000000203931,lvis_000000203931_yw_099099,0,background_false_accept
lvis_000000140203,lvis_000000140203_yw_064203,0,background_false_accept
lvis_000000196185,lvis_000000196185_yw_096219,0,background_false_accept
lvis_000000283037,lvis_000000283037_yw_137540,0,background_false_accept
lvis_000000100723,lvis_000000100723_yw_045500,0,background_false_accept
lvis_000000021839,lvis_000000021839_yw_010745,0,background_false_accept
lvis_000000336658,lvis_000000336658_yw_164499,1,known_tp
lvis_000000158548,lvis_000000158548_yw_075235,0,wrong_known_class_or_duplicate
lvis_000000210273,lvis_000000210273_yw_102260,0,background_false_accept
lvis_000000541123,lvis_000000541123_yw_262338,0,background_false_accept
lvis_000000133819,lvis_000000133819_yw_060715,0,background_false_accept
lvis_000000210394,lvis_000000210394_yw_102525,0,background_false_accept
lvis_000000453040,lvis_000000453040_yw_220650,0,background_false_accept
lvis_000000463283,lvis_000000463283_yw_226462,0,unknown_false_accept
lvis_000000320743,lvis_000000320743_yw_157018,0,background_false_accept
lvis_000000323751,lvis_000000323751_yw_158194,0,background_false_accept
lvis_000000378139,lvis_000000378139_yw_185967,0,background_false_accept
lvis_000000211674,lvis_000000211674_yw_102990,0,background_false_accept
lvis_000000383921,lvis_000000383921_yw_188748,0,background_false_accept
lvis_000000087476,lvis_000000087476_yw_039871,0,background_false_accept
lvis_000000113720,lvis_000000113720_yw_049681,0,unknown_false_accept
lvis_000000436883,lvis_000000436883_yw_213355,0,background_false_accept
lvis_000000268996,lvis_000000268996_yw_130662,0,background_false_accept
lvis_000000541123,lvis_000000541123_yw_262339,0,background_false_accept
lvis_000000356428,lvis_000000356428_yw_173433,0,background_false_accept
lvis_000000580410,lvis_000000580410_yw_281026,0,background_false_accept
lvis_000000569030,lvis_000000569030_yw_275722,0,background_false_accept
lvis_000000210273,lvis_000000210273_yw_102262,0,background_false_accept
lvis_000000374545,lvis_000000374545_yw_182679,0,background_false_accept
lvis_000000499768,lvis_000000499768_yw_242634,0,background_false_accept
lvis_000000377946,lvis_000000377946_yw_185794,0,background_false_accept
lvis_000000384513,lvis_000000384513_yw_188868,0,background_false_accept
lvis_000000336587,lvis_000000336587_yw_164335,0,background_false_accept
lvis_000000329041,lvis_000000329041_yw_160339,0,unknown_false_accept
lvis_000000378139,lvis_000000378139_yw_185968,0,background_false_accept
lvis_000000205282,lvis_000000205282_yw_099795,0,background_false_accept
lvis_000000389316,lvis_000000389316_yw_191130,0,unknown_false_accept
lvis_000000191288,lvis_000000191288_yw_093647,0,background_false_accept
lvis_000000561958,lvis_000000561958_yw_271813,0,background_false_accept
lvis_000000039670,lvis_000000039670_yw_018114,0,background_false_accept
lvis_000000210273,lvis_000000210273_yw_102263,0,background_false_accept
lvis_000000413247,lvis_000000413247_yw_201738,0,unknown_false_accept
lvis_000000335529,lvis_000000335529_yw_163488,0,background_false_accept
lvis_000000151480,lvis_000000151480_yw_071450,0,background_false_accept
lvis_000000502599,lvis_000000502599_yw_244225,0,background_false_accept
lvis_000000541123,lvis_000000541123_yw_262340,0,background_false_accept
lvis_000000161925,lvis_000000161925_yw_077055,0,wrong_known_class_or_duplicate
lvis_000000133819,lvis_000000133819_yw_060716,0,background_false_accept
lvis_000000096960,lvis_000000096960_yw_043003,0,background_false_accept
lvis_000000336658,lvis_000000336658_yw_164500,0,background_false_accept
lvis_000000506656,lvis_000000506656_yw_245493,0,background_false_accept
lvis_000000001818,lvis_000000001818_yw_001051,0,unknown_false_accept
lvis_000000273715,lvis_000000273715_yw_132369,0,background_false_accept
lvis_000000303713,lvis_000000303713_yw_149185,0,background_false_accept
lvis_000000207538,lvis_000000207538_yw_100698,0,unknown_false_accept
lvis_000000157756,lvis_000000157756_yw_074919,0,background_false_accept
lvis_000000425925,lvis_000000425925_yw_207292,0,background_false_accept
lvis_000000218439,lvis_000000218439_yw_106953,0,background_false_accept
lvis_000000541123,lvis_000000541123_yw_262341,0,background_false_accept
lvis_000000336658,lvis_000000336658_yw_164501,0,background_false_accept
lvis_000000135890,lvis_000000135890_yw_062089,1,known_tp
lvis_000000100723,lvis_000000100723_yw_045503,0,background_false_accept
lvis_000000303713,lvis_000000303713_yw_149186,0,background_false_accept
lvis_000000210273,lvis_000000210273_yw_102265,0,background_false_accept
lvis_000000169169,lvis_000000169169_yw_080757,0,background_false_accept
lvis_000000561465,lvis_000000561465_yw_271688,0,background_false_accept
lvis_000000421060,lvis_000000421060_yw_205098,0,background_false_accept
lvis_000000393115,lvis_000000393115_yw_192228,0,background_false_accept
lvis_000000495054,lvis_000000495054_yw_241001,0,background_false_accept
lvis_000000463647,lvis_000000463647_yw_226903,0,background_false_accept
lvis_000000157756,lvis_000000157756_yw_074920,0,background_false_accept
lvis_000000210273,lvis_000000210273_yw_102267,0,background_false_accept
lvis_000000212573,lvis_000000212573_yw_103622,0,background_false_accept
lvis_000000103548,lvis_000000103548_yw_046133,0,background_false_accept
lvis_000000283037,lvis_000000283037_yw_137541,0,background_false_accept
lvis_000000409424,lvis_000000409424_yw_199064,0,background_false_accept
lvis_000000278749,lvis_000000278749_yw_134579,0,background_false_accept
lvis_000000289938,lvis_000000289938_yw_141425,0,background_false_accept
lvis_000000377113,lvis_000000377113_yw_184308,0,background_false_accept
lvis_000000021839,lvis_000000021839_yw_010746,0,background_false_accept
lvis_000000541123,lvis_000000541123_yw_262343,0,background_false_accept
lvis_000000151480,lvis_000000151480_yw_071451,0,background_false_accept
lvis_000000541123,lvis_000000541123_yw_262344,0,background_false_accept
lvis_000000185292,lvis_000000185292_yw_090112,0,unknown_false_accept
lvis_000000129492,lvis_000000129492_yw_057797,0,background_false_accept
lvis_000000214539,lvis_000000214539_yw_105093,0,background_false_accept
lvis_000000218439,lvis_000000218439_yw_106954,0,background_false_accept
lvis_000000242411,lvis_000000242411_yw_118887,0,background_false_accept
lvis_000000389684,lvis_000000389684_yw_191536,0,background_false_accept
lvis_000000210273,lvis_000000210273_yw_102268,0,background_false_accept
lvis_000000466416,lvis_000000466416_yw_228756,0,background_false_accept
lvis_000000383921,lvis_000000383921_yw_188749,0,unknown_false_accept
lvis_000000563702,lvis_000000563702_yw_273099,0,background_false_accept
lvis_000000242411,lvis_000000242411_yw_118888,0,background_false_accept
lvis_000000312421,lvis_000000312421_yw_153870,0,background_false_accept
lvis_000000203931,lvis_000000203931_yw_099100,0,background_false_accept
lvis_000000094157,lvis_000000094157_yw_042057,0,background_false_accept
lvis_000000495054,lvis_000000495054_yw_241002,0,background_false_accept
lvis_000000277005,lvis_000000277005_yw_134023,0,background_false_accept
lvis_000000407574,lvis_000000407574_yw_198185,0,background_false_accept
lvis_000000103548,lvis_000000103548_yw_046134,0,background_false_accept
lvis_000000495054,lvis_000000495054_yw_241003,0,background_false_accept
lvis_000000166166,lvis_000000166166_yw_079216,0,background_false_accept
lvis_000000203931,lvis_000000203931_yw_099101,0,background_false_accept
lvis_000000158548,lvis_000000158548_yw_075237,1,known_tp
lvis_000000273198,lvis_000000273198_yw_132024,0,background_false_accept
lvis_000000133819,lvis_000000133819_yw_060717,0,wrong_known_class_or_duplicate
lvis_000000218439,lvis_000000218439_yw_106956,0,background_false_accept
lvis_000000378515,lvis_000000378515_yw_186289,0,background_false_accept
lvis_000000368752,lvis_000000368752_yw_179491,0,background_false_accept
lvis_000000218439,lvis_000000218439_yw_106957,0,background_false_accept
lvis_000000267903,lvis_000000267903_yw_130218,0,unknown_false_accept
lvis_000000285047,lvis_000000285047_yw_138988,0,background_false_accept
lvis_000000130826,lvis_000000130826_yw_058618,0,background_false_accept
lvis_000000244379,lvis_000000244379_yw_119741,0,background_false_accept
lvis_000000303713,lvis_000000303713_yw_149189,0,background_false_accept
lvis_000000278749,lvis_000000278749_yw_134582,0,background_false_accept
lvis_000000169076,lvis_000000169076_yw_080688,0,background_false_accept
lvis_000000541123,lvis_000000541123_yw_262345,0,background_false_accept
lvis_000000100723,lvis_000000100723_yw_045505,0,wrong_known_class_or_duplicate
lvis_000000267903,lvis_000000267903_yw_130219,0,unknown_false_accept
lvis_000000221281,lvis_000000221281_yw_108068,0,background_false_accept
lvis_000000322968,lvis_000000322968_yw_157779,0,background_false_accept
lvis_000000087476,lvis_000000087476_yw_039873,0,background_false_accept
lvis_000000210273,lvis_000000210273_yw_102269,0,background_false_accept
lvis_000000210273,lvis_000000210273_yw_102270,0,background_false_accept
lvis_000000410456,lvis_000000410456_yw_199370,0,background_false_accept
lvis_000000121497,lvis_000000121497_yw_053186,0,wrong_known_class_or_duplicate
lvis_000000569030,lvis_000000569030_yw_275724,0,background_false_accept
lvis_000000158548,lvis_000000158548_yw_075238,0,background_false_accept
lvis_000000466416,lvis_000000466416_yw_228757,0,background_false_accept
lvis_000000360960,lvis_000000360960_yw_175402,0,background_false_accept
lvis_000000377946,lvis_000000377946_yw_185795,0,background_false_accept
lvis_000000148719,lvis_000000148719_yw_070190,0,background_false_accept
lvis_000000035279,lvis_000000035279_yw_016369,0,background_false_accept
lvis_000000203931,lvis_000000203931_yw_099102,0,background_false_accept
lvis_000000106048,lvis_000000106048_yw_047121,0,background_false_accept
lvis_000000413247,lvis_000000413247_yw_201739,0,background_false_accept
lvis_000000273715,lvis_000000273715_yw_132370,0,background_false_accept
lvis_000000218439,lvis_000000218439_yw_106958,0,background_false_accept
lvis_000000440617,lvis_000000440617_yw_215526,0,background_false_accept
lvis_000000169169,lvis_000000169169_yw_080760,0,background_false_accept
lvis_000000370042,lvis_000000370042_yw_180603,0,background_false_accept
lvis_000000312421,lvis_000000312421_yw_153871,0,background_false_accept
lvis_000000214539,lvis_000000214539_yw_105095,0,background_false_accept
lvis_000000021839,lvis_000000021839_yw_010747,0,background_false_accept
lvis_000000291861,lvis_000000291861_yw_142946,0,unknown_false_accept
lvis_000000207538,lvis_000000207538_yw_100699,0,background_false_accept
lvis_000000423798,lvis_000000423798_yw_206276,0,wrong_known_class_or_duplicate
lvis_000000421060,lvis_000000421060_yw_205099,0,background_false_accept
lvis_000000320743,lvis_000000320743_yw_157019,0,background_false_accept
lvis_000000193743,lvis_000000193743_yw_095076,0,background_false_accept
lvis_000000145020,lvis_000000145020_yw_067633,0,background_false_accept
lvis_000000350003,lvis_000000350003_yw_170446,0,background_false_accept
lvis_000000541123,lvis_000000541123_yw_262347,0,background_false_accept
lvis_000000333402,lvis_000000333402_yw_162055,0,background_false_accept
lvis_000000013729,lvis_000000013729_yw_006635,0,background_false_accept
lvis_000000218439,lvis_000000218439_yw_106960,0,background_false_accept
lvis_000000151480,lvis_000000151480_yw_071453,0,background_false_accept
lvis_000000087476,lvis_000000087476_yw_039877,0,background_false_accept
lvis_000000511076,lvis_000000511076_yw_248148,0,background_false_accept
lvis_000000320743,lvis_000000320743_yw_157020,0,unknown_false_accept
lvis_000000218439,lvis_000000218439_yw_106961,0,background_false_accept
lvis_000000541123,lvis_000000541123_yw_262348,0,background_false_accept
lvis_000000092416,lvis_000000092416_yw_041579,0,background_false_accept
lvis_000000203931,lvis_000000203931_yw_099103,0,background_false_accept
lvis_000000533145,lvis_000000533145_yw_258532,0,unknown_false_accept
lvis_000000303713,lvis_000000303713_yw_149191,0,background_false_accept
lvis_000000103548,lvis_000000103548_yw_046137,0,background_false_accept
lvis_000000529966,lvis_000000529966_yw_256650,0,background_false_accept
lvis_000000541123,lvis_000000541123_yw_262349,0,background_false_accept
lvis_000000361506,lvis_000000361506_yw_176075,0,background_false_accept
lvis_000000221281,lvis_000000221281_yw_108069,0,background_false_accept
lvis_000000423798,lvis_000000423798_yw_206277,0,background_false_accept
lvis_000000278749,lvis_000000278749_yw_134583,0,background_false_accept
lvis_000000200152,lvis_000000200152_yw_097442,0,background_false_accept
lvis_000000378139,lvis_000000378139_yw_185971,1,known_tp
lvis_000000495054,lvis_000000495054_yw_241004,0,background_false_accept
lvis_000000203931,lvis_000000203931_yw_099104,1,known_tp
lvis_000000094157,lvis_000000094157_yw_042059,0,background_false_accept
lvis_000000374545,lvis_000000374545_yw_182684,0,background_false_accept
lvis_000000421060,lvis_000000421060_yw_205100,0,background_false_accept
lvis_000000094157,lvis_000000094157_yw_042060,0,background_false_accept
lvis_000000100723,lvis_000000100723_yw_045507,0,background_false_accept
lvis_000000203931,lvis_000000203931_yw_099105,0,background_false_accept
lvis_000000064359,lvis_000000064359_yw_028494,0,unknown_false_accept
lvis_000000541123,lvis_000000541123_yw_262351,0,background_false_accept
lvis_000000167486,lvis_000000167486_yw_080240,0,background_false_accept
lvis_000000343149,lvis_000000343149_yw_167432,0,background_false_accept
lvis_000000121497,lvis_000000121497_yw_053187,0,background_false_accept
lvis_000000482735,lvis_000000482735_yw_236065,0,unknown_false_accept
lvis_000000374545,lvis_000000374545_yw_182685,0,background_false_accept
lvis_000000320743,lvis_000000320743_yw_157021,0,unknown_false_accept
lvis_000000349860,lvis_000000349860_yw_170338,0,background_false_accept
lvis_000000064359,lvis_000000064359_yw_028495,0,unknown_false_accept
lvis_000000463647,lvis_000000463647_yw_226904,0,background_false_accept
lvis_000000541123,lvis_000000541123_yw_262353,0,background_false_accept
lvis_000000421060,lvis_000000421060_yw_205101,0,background_false_accept
lvis_000000328238,lvis_000000328238_yw_159932,0,background_false_accept
lvis_000000218439,lvis_000000218439_yw_106967,0,background_false_accept
lvis_000000541123,lvis_000000541123_yw_262354,0,background_false_accept
lvis_000000495054,lvis_000000495054_yw_241005,0,background_false_accept
lvis_000000151480,lvis_000000151480_yw_071454,0,background_false_accept
lvis_000000377113,lvis_000000377113_yw_184311,0,wrong_known_class_or_duplicate
lvis_000000103548,lvis_000000103548_yw_046139,0,background_false_accept
lvis_000000414133,lvis_000000414133_yw_202228,0,background_false_accept
lvis_000000080932,lvis_000000080932_yw_036054,0,unknown_false_accept
lvis_000000360325,lvis_000000360325_yw_175123,0,background_false_accept
lvis_000000196185,lvis_000000196185_yw_096220,0,background_false_accept
lvis_000000021839,lvis_000000021839_yw_010748,0,background_false_accept
lvis_000000212573,lvis_000000212573_yw_103624,0,background_false_accept
lvis_000000129492,lvis_000000129492_yw_057798,0,wrong_known_class_or_duplicate
lvis_000000569030,lvis_000000569030_yw_275726,0,background_false_accept
lvis_000000212573,lvis_000000212573_yw_103625,0,background_false_accept
lvis_000000541123,lvis_000000541123_yw_262355,0,background_false_accept
lvis_000000495054,lvis_000000495054_yw_241006,0,background_false_accept
lvis_000000211042,lvis_000000211042_yw_102856,0,background_false_accept
lvis_000000389316,lvis_000000389316_yw_191131,0,unknown_false_accept
lvis_000000506656,lvis_000000506656_yw_245494,0,background_false_accept
lvis_000000203931,lvis_000000203931_yw_099106,0,background_false_accept
lvis_000000169169,lvis_000000169169_yw_080761,1,known_tp
lvis_000000541123,lvis_000000541123_yw_262356,0,background_false_accept
lvis_000000148719,lvis_000000148719_yw_070191,0,background_false_accept
lvis_000000119365,lvis_000000119365_yw_051909,0,background_false_accept
lvis_000000383921,lvis_000000383921_yw_188750,0,unknown_false_accept
lvis_000000568584,lvis_000000568584_yw_275480,0,background_false_accept
lvis_000000541123,lvis_000000541123_yw_262357,0,background_false_accept
lvis_000000226903,lvis_000000226903_yw_111391,0,background_false_accept
lvis_000000377946,lvis_000000377946_yw_185797,0,background_false_accept
lvis_000000189310,lvis_000000189310_yw_092204,0,background_false_accept
lvis_000000541123,lvis_000000541123_yw_262358,0,background_false_accept
lvis_000000278749,lvis_000000278749_yw_134584,0,background_false_accept
lvis_000000210273,lvis_000000210273_yw_102273,0,background_false_accept
lvis_000000421060,lvis_000000421060_yw_205102,0,background_false_accept
lvis_000000245915,lvis_000000245915_yw_120487,0,unknown_false_accept
lvis_000000541123,lvis_000000541123_yw_262359,0,background_false_accept
lvis_000000303713,lvis_000000303713_yw_149192,0,wrong_known_class_or_duplicate
lvis_000000133819,lvis_000000133819_yw_060719,0,background_false_accept
lvis_000000211674,lvis_000000211674_yw_102992,0,background_false_accept
lvis_000000094157,lvis_000000094157_yw_042061,0,background_false_accept
lvis_000000242411,lvis_000000242411_yw_118889,0,background_false_accept
lvis_000000344909,lvis_000000344909_yw_168693,0,background_false_accept
lvis_000000449312,lvis_000000449312_yw_219294,0,background_false_accept
lvis_000000415536,lvis_000000415536_yw_202862,0,background_false_accept
lvis_000000383921,lvis_000000383921_yw_188751,0,background_false_accept
lvis_000000021839,lvis_000000021839_yw_010750,0,background_false_accept
lvis_000000303713,lvis_000000303713_yw_149193,0,background_false_accept
lvis_000000010707,lvis_000000010707_yw_004832,0,wrong_known_class_or_duplicate
lvis_000000288685,lvis_000000288685_yw_140428,0,background_false_accept
lvis_000000210273,lvis_000000210273_yw_102274,0,wrong_known_class_or_duplicate
lvis_000000466416,lvis_000000466416_yw_228759,0,background_false_accept
lvis_000000361506,lvis_000000361506_yw_176076,0,background_false_accept
lvis_000000541123,lvis_000000541123_yw_262361,0,background_false_accept
lvis_000000569030,lvis_000000569030_yw_275727,0,wrong_known_class_or_duplicate
lvis_000000421060,lvis_000000421060_yw_205103,0,background_false_accept
lvis_000000463037,lvis_000000463037_yw_226255,0,background_false_accept
lvis_000000094157,lvis_000000094157_yw_042062,0,background_false_accept
lvis_000000233238,lvis_000000233238_yw_115599,0,background_false_accept
lvis_000000312421,lvis_000000312421_yw_153872,0,background_false_accept
lvis_000000541123,lvis_000000541123_yw_262363,0,background_false_accept
lvis_000000336658,lvis_000000336658_yw_164505,0,background_false_accept
lvis_000000421060,lvis_000000421060_yw_205104,0,background_false_accept
lvis_000000332455,lvis_000000332455_yw_161744,0,unknown_false_accept
lvis_000000561958,lvis_000000561958_yw_271816,0,background_false_accept
lvis_000000167486,lvis_000000167486_yw_080242,0,background_false_accept
lvis_000000561958,lvis_000000561958_yw_271817,0,background_false_accept
lvis_000000332845,lvis_000000332845_yw_161774,0,background_false_accept
lvis_000000303713,lvis_000000303713_yw_149197,0,background_false_accept
lvis_000000464522,lvis_000000464522_yw_228047,0,background_false_accept
lvis_000000145020,lvis_000000145020_yw_067636,0,background_false_accept
lvis_000000541123,lvis_000000541123_yw_262364,0,background_false_accept
lvis_000000541123,lvis_000000541123_yw_262365,0,background_false_accept
lvis_000000262938,lvis_000000262938_yw_127852,0,background_false_accept
lvis_000000463037,lvis_000000463037_yw_226256,0,background_false_accept
lvis_000000498857,lvis_000000498857_yw_242286,0,background_false_accept
lvis_000000203931,lvis_000000203931_yw_099107,0,background_false_accept
lvis_000000378139,lvis_000000378139_yw_185972,1,known_tp
lvis_000000196442,lvis_000000196442_yw_096306,0,background_false_accept
lvis_000000463647,lvis_000000463647_yw_226905,0,background_false_accept
lvis_000000078823,lvis_000000078823_yw_034831,0,background_false_accept
lvis_000000145020,lvis_000000145020_yw_067637,0,background_false_accept
lvis_000000189475,lvis_000000189475_yw_092287,0,background_false_accept
lvis_000000092416,lvis_000000092416_yw_041581,0,background_false_accept
lvis_000000212573,lvis_000000212573_yw_103626,0,background_false_accept
lvis_000000151480,lvis_000000151480_yw_071456,0,background_false_accept
lvis_000000234757,lvis_000000234757_yw_116434,1,known_tp
lvis_000000336658,lvis_000000336658_yw_164506,0,background_false_accept
lvis_000000276921,lvis_000000276921_yw_133950,0,background_false_accept
lvis_000000343149,lvis_000000343149_yw_167433,0,unknown_false_accept
lvis_000000396200,lvis_000000396200_yw_193544,0,background_false_accept
lvis_000000133819,lvis_000000133819_yw_060720,1,known_tp
lvis_000000541123,lvis_000000541123_yw_262366,0,background_false_accept
lvis_000000493286,lvis_000000493286_yw_240188,0,background_false_accept
lvis_000000303713,lvis_000000303713_yw_149199,0,background_false_accept
lvis_000000103548,lvis_000000103548_yw_046143,0,background_false_accept
lvis_000000210273,lvis_000000210273_yw_102276,0,background_false_accept
lvis_000000203931,lvis_000000203931_yw_099108,0,background_false_accept
lvis_000000242411,lvis_000000242411_yw_118891,0,background_false_accept
lvis_000000350122,lvis_000000350122_yw_170819,0,background_false_accept
lvis_000000541123,lvis_000000541123_yw_262367,0,background_false_accept
lvis_000000533145,lvis_000000533145_yw_258534,0,wrong_known_class_or_duplicate
lvis_000000471893,lvis_000000471893_yw_230672,0,unknown_false_accept
lvis_000000496854,lvis_000000496854_yw_241634,0,background_false_accept
lvis_000000234757,lvis_000000234757_yw_116435,0,background_false_accept
lvis_000000521719,lvis_000000521719_yw_253533,0,background_false_accept
lvis_000000303713,lvis_000000303713_yw_149200,0,background_false_accept
lvis_000000057760,lvis_000000057760_yw_025381,1,known_tp
lvis_000000569030,lvis_000000569030_yw_275730,0,background_false_accept
lvis_000000100723,lvis_000000100723_yw_045511,0,background_false_accept
lvis_000000541123,lvis_000000541123_yw_262368,0,background_false_accept
lvis_000000374545,lvis_000000374545_yw_182687,0,background_false_accept
lvis_000000203931,lvis_000000203931_yw_099109,0,background_false_accept
lvis_000000541123,lvis_000000541123_yw_262369,0,background_false_accept
lvis_000000203931,lvis_000000203931_yw_099110,0,background_false_accept
lvis_000000388056,lvis_000000388056_yw_190277,0,background_false_accept
lvis_000000021839,lvis_000000021839_yw_010752,0,background_false_accept
lvis_000000441468,lvis_000000441468_yw_215699,0,background_false_accept
lvis_000000103548,lvis_000000103548_yw_046144,0,background_false_accept
lvis_000000541123,lvis_000000541123_yw_262370,0,background_false_accept
lvis_000000094157,lvis_000000094157_yw_042063,0,background_false_accept
lvis_000000133969,lvis_000000133969_yw_061021,0,background_false_accept
lvis_000000541123,lvis_000000541123_yw_262371,0,background_false_accept
lvis_000000456292,lvis_000000456292_yw_222642,0,unknown_false_accept
lvis_000000527220,lvis_000000527220_yw_255599,0,background_false_accept
lvis_000000203931,lvis_000000203931_yw_099111,0,background_false_accept
lvis_000000433103,lvis_000000433103_yw_211449,0,background_false_accept
lvis_000000283037,lvis_000000283037_yw_137542,0,background_false_accept
lvis_000000083531,lvis_000000083531_yw_037460,0,background_false_accept
lvis_000000541123,lvis_000000541123_yw_262372,0,background_false_accept
lvis_000000541123,lvis_000000541123_yw_262373,0,background_false_accept
lvis_000000348012,lvis_000000348012_yw_169797,0,background_false_accept
lvis_000000378139,lvis_000000378139_yw_185973,0,background_false_accept
lvis_000000210394,lvis_000000210394_yw_102529,0,background_false_accept
lvis_000000214539,lvis_000000214539_yw_105100,0,background_false_accept
lvis_000000212573,lvis_000000212573_yw_103628,0,background_false_accept
lvis_000000145020,lvis_000000145020_yw_067639,0,background_false_accept
lvis_000000303713,lvis_000000303713_yw_149203,0,background_false_accept
lvis_000000541123,lvis_000000541123_yw_262374,0,background_false_accept
lvis_000000103548,lvis_000000103548_yw_046145,0,background_false_accept
lvis_000000203931,lvis_000000203931_yw_099113,0,background_false_accept
lvis_000000440617,lvis_000000440617_yw_215527,0,background_false_accept
lvis_000000541123,lvis_000000541123_yw_262375,0,background_false_accept
lvis_000000569030,lvis_000000569030_yw_275733,0,background_false_accept
lvis_000000350003,lvis_000000350003_yw_170447,0,background_false_accept
lvis_000000303713,lvis_000000303713_yw_149204,0,background_false_accept
lvis_000000360325,lvis_000000360325_yw_175124,0,background_false_accept
lvis_000000277005,lvis_000000277005_yw_134027,0,background_false_accept
lvis_000000203931,lvis_000000203931_yw_099115,0,background_false_accept
lvis_000000268996,lvis_000000268996_yw_130663,0,background_false_accept
lvis_000000203931,lvis_000000203931_yw_099116,0,background_false_accept
lvis_000000541123,lvis_000000541123_yw_262376,0,background_false_accept
lvis_000000336658,lvis_000000336658_yw_164507,0,background_false_accept
lvis_000000382125,lvis_000000382125_yw_188207,0,wrong_known_class_or_duplicate
lvis_000000203931,lvis_000000203931_yw_099118,0,background_false_accept
lvis_000000103548,lvis_000000103548_yw_046147,0,background_false_accept
lvis_000000320743,lvis_000000320743_yw_157023,0,background_false_accept
lvis_000000303713,lvis_000000303713_yw_149208,0,background_false_accept
lvis_000000328238,lvis_000000328238_yw_159934,0,background_false_accept
lvis_000000203931,lvis_000000203931_yw_099119,0,background_false_accept
lvis_000000019042,lvis_000000019042_yw_009785,0,background_false_accept
lvis_000000103548,lvis_000000103548_yw_046148,0,background_false_accept
lvis_000000541123,lvis_000000541123_yw_262378,0,background_false_accept
lvis_000000226903,lvis_000000226903_yw_111392,0,background_false_accept
lvis_000000191761,lvis_000000191761_yw_093783,0,unknown_false_accept
lvis_000000436883,lvis_000000436883_yw_213357,0,background_false_accept
lvis_000000444275,lvis_000000444275_yw_217645,0,background_false_accept
lvis_000000421060,lvis_000000421060_yw_205105,0,background_false_accept
lvis_000000278749,lvis_000000278749_yw_134585,0,background_false_accept
lvis_000000210394,lvis_000000210394_yw_102532,0,background_false_accept
lvis_000000332845,lvis_000000332845_yw_161775,0,background_false_accept
lvis_000000119233,lvis_000000119233_yw_051875,0,wrong_known_class_or_duplicate
lvis_000000350003,lvis_000000350003_yw_170448,0,background_false_accept
lvis_000000541123,lvis_000000541123_yw_262380,0,background_false_accept
lvis_000000511321,lvis_000000511321_yw_248362,0,background_false_accept
lvis_000000328959,lvis_000000328959_yw_160329,0,unknown_false_accept
lvis_000000320743,lvis_000000320743_yw_157024,0,background_false_accept
lvis_000000350003,lvis_000000350003_yw_170449,0,background_false_accept
lvis_000000214539,lvis_000000214539_yw_105104,0,background_false_accept
lvis_000000377575,lvis_000000377575_yw_185106,0,wrong_known_class_or_duplicate
lvis_000000336658,lvis_000000336658_yw_164508,0,background_false_accept
lvis_000000303713,lvis_000000303713_yw_149209,0,background_false_accept
lvis_000000464522,lvis_000000464522_yw_228048,0,background_false_accept
lvis_000000242678,lvis_000000242678_yw_119068,0,background_false_accept
lvis_000000453040,lvis_000000453040_yw_220651,0,background_false_accept
lvis_000000094157,lvis_000000094157_yw_042065,0,background_false_accept
lvis_000000529966,lvis_000000529966_yw_256651,0,background_false_accept
lvis_000000463283,lvis_000000463283_yw_226463,0,unknown_false_accept
lvis_000000378515,lvis_000000378515_yw_186290,0,background_false_accept
lvis_000000210394,lvis_000000210394_yw_102534,0,background_false_accept
lvis_000000196185,lvis_000000196185_yw_096221,0,background_false_accept
lvis_000000203931,lvis_000000203931_yw_099120,0,background_false_accept
lvis_000000561958,lvis_000000561958_yw_271821,0,background_false_accept
lvis_000000303713,lvis_000000303713_yw_149210,0,background_false_accept
lvis_000000541123,lvis_000000541123_yw_262381,0,background_false_accept
lvis_000000203931,lvis_000000203931_yw_099121,0,background_false_accept
lvis_000000231879,lvis_000000231879_yw_115106,0,background_false_accept
lvis_000000377946,lvis_000000377946_yw_185801,0,background_false_accept
lvis_000000019042,lvis_000000019042_yw_009786,0,background_false_accept
lvis_000000569030,lvis_000000569030_yw_275735,0,background_false_accept
lvis_000000145020,lvis_000000145020_yw_067642,0,background_false_accept
lvis_000000203931,lvis_000000203931_yw_099122,0,background_false_accept
lvis_000000278749,lvis_000000278749_yw_134586,0,background_false_accept
lvis_000000322968,lvis_000000322968_yw_157780,0,background_false_accept
lvis_000000323751,lvis_000000323751_yw_158195,0,background_false_accept
lvis_000000541123,lvis_000000541123_yw_262383,0,background_false_accept
lvis_000000009891,lvis_000000009891_yw_004616,1,known_tp
lvis_000000421060,lvis_000000421060_yw_205106,0,background_false_accept
lvis_000000103548,lvis_000000103548_yw_046151,0,background_false_accept
lvis_000000436883,lvis_000000436883_yw_213359,0,background_false_accept
lvis_000000534041,lvis_000000534041_yw_258926,0,background_false_accept
lvis_000000498919,lvis_000000498919_yw_242298,0,background_false_accept
lvis_000000196442,lvis_000000196442_yw_096307,0,background_false_accept
lvis_000000322968,lvis_000000322968_yw_157781,0,background_false_accept
lvis_000000207538,lvis_000000207538_yw_100700,0,unknown_false_accept
lvis_000000212573,lvis_000000212573_yw_103630,0,background_false_accept
lvis_000000482970,lvis_000000482970_yw_236125,0,background_false_accept
lvis_000000288685,lvis_000000288685_yw_140432,0,background_false_accept
lvis_000000541123,lvis_000000541123_yw_262384,0,background_false_accept
lvis_000000288685,lvis_000000288685_yw_140433,0,background_false_accept
lvis_000000425221,lvis_000000425221_yw_206914,0,background_false_accept
lvis_000000087476,lvis_000000087476_yw_039881,0,background_false_accept
lvis_000000376625,lvis_000000376625_yw_183848,0,background_false_accept
lvis_000000320743,lvis_000000320743_yw_157025,0,background_false_accept
lvis_000000148719,lvis_000000148719_yw_070193,0,background_false_accept
lvis_000000541123,lvis_000000541123_yw_262385,0,background_false_accept
lvis_000000540280,lvis_000000540280_yw_261614,0,unknown_false_accept
lvis_000000496854,lvis_000000496854_yw_241635,0,background_false_accept
lvis_000000203931,lvis_000000203931_yw_099124,0,background_false_accept
lvis_000000541123,lvis_000000541123_yw_262386,0,background_false_accept
lvis_000000541123,lvis_000000541123_yw_262387,0,background_false_accept
lvis_000000389316,lvis_000000389316_yw_191132,0,background_false_accept
lvis_000000203931,lvis_000000203931_yw_099125,0,background_false_accept
lvis_000000423798,lvis_000000423798_yw_206278,0,background_false_accept
lvis_000000161642,lvis_000000161642_yw_076914,0,background_false_accept
lvis_000000335529,lvis_000000335529_yw_163492,0,background_false_accept
lvis_000000267903,lvis_000000267903_yw_130220,0,unknown_false_accept
lvis_000000232692,lvis_000000232692_yw_115412,0,background_false_accept
lvis_000000492905,lvis_000000492905_yw_240027,0,background_false_accept
lvis_000000413247,lvis_000000413247_yw_201740,0,background_false_accept
lvis_000000303713,lvis_000000303713_yw_149211,0,background_false_accept
lvis_000000150649,lvis_000000150649_yw_071310,0,background_false_accept
lvis_000000349152,lvis_000000349152_yw_170113,0,background_false_accept
lvis_000000106912,lvis_000000106912_yw_047441,0,background_false_accept
lvis_000000342186,lvis_000000342186_yw_167339,0,unknown_false_accept
lvis_000000203931,lvis_000000203931_yw_099126,0,background_false_accept
lvis_000000463037,lvis_000000463037_yw_226258,0,background_false_accept
lvis_000000541123,lvis_000000541123_yw_262389,0,background_false_accept
lvis_000000541123,lvis_000000541123_yw_262390,0,background_false_accept
lvis_000000458223,lvis_000000458223_yw_223712,0,background_false_accept
lvis_000000376625,lvis_000000376625_yw_183849,0,background_false_accept
lvis_000000109798,lvis_000000109798_yw_048393,0,background_false_accept
lvis_000000303713,lvis_000000303713_yw_149213,0,background_false_accept
lvis_000000303713,lvis_000000303713_yw_149214,0,background_false_accept
lvis_000000057725,lvis_000000057725_yw_025226,0,background_false_accept
lvis_000000561958,lvis_000000561958_yw_271822,0,background_false_accept
lvis_000000541123,lvis_000000541123_yw_262391,0,background_false_accept
lvis_000000495054,lvis_000000495054_yw_241007,0,background_false_accept
lvis_000000541123,lvis_000000541123_yw_262392,0,background_false_accept
lvis_000000289938,lvis_000000289938_yw_141429,0,background_false_accept
lvis_000000541123,lvis_000000541123_yw_262394,0,background_false_accept
lvis_000000332845,lvis_000000332845_yw_161777,0,background_false_accept
lvis_000000145020,lvis_000000145020_yw_067644,0,background_false_accept
lvis_000000541123,lvis_000000541123_yw_262395,0,background_false_accept
lvis_000000203931,lvis_000000203931_yw_099127,0,background_false_accept
lvis_000000231879,lvis_000000231879_yw_115108,0,background_false_accept
lvis_000000423798,lvis_000000423798_yw_206279,0,background_false_accept
lvis_000000423798,lvis_000000423798_yw_206280,0,background_false_accept
lvis_000000210394,lvis_000000210394_yw_102535,0,background_false_accept
lvis_000000383921,lvis_000000383921_yw_188752,0,unknown_false_accept
lvis_000000382125,lvis_000000382125_yw_188208,0,wrong_known_class_or_duplicate
lvis_000000303713,lvis_000000303713_yw_149216,0,background_false_accept
lvis_000000191761,lvis_000000191761_yw_093784,0,unknown_false_accept
lvis_000000242411,lvis_000000242411_yw_118892,0,background_false_accept
lvis_000000078823,lvis_000000078823_yw_034832,0,background_false_accept
lvis_000000405205,lvis_000000405205_yw_197204,0,background_false_accept
lvis_000000482978,lvis_000000482978_yw_236137,0,unknown_false_accept
lvis_000000193743,lvis_000000193743_yw_095079,0,background_false_accept
lvis_000000425221,lvis_000000425221_yw_206916,0,background_false_accept
lvis_000000425226,lvis_000000425226_yw_207059,0,background_false_accept
lvis_000000210394,lvis_000000210394_yw_102536,0,background_false_accept
lvis_000000196185,lvis_000000196185_yw_096222,0,background_false_accept
lvis_000000158548,lvis_000000158548_yw_075239,0,background_false_accept
lvis_000000410456,lvis_000000410456_yw_199372,0,unknown_false_accept
lvis_000000525600,lvis_000000525600_yw_254935,0,unknown_false_accept
lvis_000000116439,lvis_000000116439_yw_051103,0,unknown_false_accept
lvis_000000360325,lvis_000000360325_yw_175126,0,background_false_accept
lvis_000000239347,lvis_000000239347_yw_117741,0,unknown_false_accept
lvis_000000453040,lvis_000000453040_yw_220652,0,background_false_accept
lvis_000000009891,lvis_000000009891_yw_004617,0,background_false_accept
lvis_000000515579,lvis_000000515579_yw_250751,0,background_false_accept
lvis_000000210273,lvis_000000210273_yw_102281,0,background_false_accept
lvis_000000255965,lvis_000000255965_yw_124135,0,background_false_accept
lvis_000000396200,lvis_000000396200_yw_193545,0,background_false_accept
lvis_000000103548,lvis_000000103548_yw_046154,0,background_false_accept
lvis_000000037740,lvis_000000037740_yw_017078,0,background_false_accept
lvis_000000441468,lvis_000000441468_yw_215700,0,background_false_accept
lvis_000000200152,lvis_000000200152_yw_097443,0,background_false_accept
lvis_000000350003,lvis_000000350003_yw_170450,0,background_false_accept
lvis_000000100723,lvis_000000100723_yw_045518,0,background_false_accept
lvis_000000211674,lvis_000000211674_yw_103000,0,background_false_accept
lvis_000000130826,lvis_000000130826_yw_058619,0,background_false_accept
lvis_000000482978,lvis_000000482978_yw_236139,0,background_false_accept
lvis_000000507223,lvis_000000507223_yw_246245,0,background_false_accept
lvis_000000563702,lvis_000000563702_yw_273104,0,background_false_accept
lvis_000000569030,lvis_000000569030_yw_275737,0,unknown_false_accept
lvis_000000511076,lvis_000000511076_yw_248154,0,wrong_known_class_or_duplicate
lvis_000000303713,lvis_000000303713_yw_149220,0,background_false_accept
lvis_000000414133,lvis_000000414133_yw_202229,0,background_false_accept
lvis_000000298738,lvis_000000298738_yw_146790,0,unknown_false_accept
lvis_000000495054,lvis_000000495054_yw_241008,0,background_false_accept
lvis_000000176232,lvis_000000176232_yw_084186,0,unknown_false_accept
lvis_000000541123,lvis_000000541123_yw_262397,0,background_false_accept
lvis_000000423798,lvis_000000423798_yw_206281,1,known_tp
lvis_000000100723,lvis_000000100723_yw_045519,0,background_false_accept
lvis_000000360325,lvis_000000360325_yw_175127,0,background_false_accept
lvis_000000374545,lvis_000000374545_yw_182689,0,background_false_accept
lvis_000000350122,lvis_000000350122_yw_170820,0,background_false_accept
lvis_000000210273,lvis_000000210273_yw_102282,0,background_false_accept
lvis_000000444879,lvis_000000444879_yw_217660,0,background_false_accept
lvis_000000303713,lvis_000000303713_yw_149221,0,background_false_accept
lvis_000000356612,lvis_000000356612_yw_173682,0,wrong_known_class_or_duplicate
lvis_000000210273,lvis_000000210273_yw_102283,0,background_false_accept
lvis_000000203931,lvis_000000203931_yw_099128,0,background_false_accept
lvis_000000203931,lvis_000000203931_yw_099129,0,background_false_accept
lvis_000000521719,lvis_000000521719_yw_253534,0,background_false_accept
lvis_000000320743,lvis_000000320743_yw_157026,0,background_false_accept
lvis_000000515579,lvis_000000515579_yw_250752,0,unknown_false_accept
lvis_000000133819,lvis_000000133819_yw_060721,0,background_false_accept
lvis_000000350488,lvis_000000350488_yw_171174,0,background_false_accept
lvis_000000563702,lvis_000000563702_yw_273105,0,background_false_accept
lvis_000000405205,lvis_000000405205_yw_197205,0,background_false_accept
lvis_000000145020,lvis_000000145020_yw_067646,0,background_false_accept
lvis_000000303713,lvis_000000303713_yw_149224,0,background_false_accept
lvis_000000405205,lvis_000000405205_yw_197206,0,background_false_accept
lvis_000000151480,lvis_000000151480_yw_071459,0,background_false_accept
lvis_000000511076,lvis_000000511076_yw_248156,0,background_false_accept
lvis_000000312421,lvis_000000312421_yw_153875,0,background_false_accept
lvis_000000561958,lvis_000000561958_yw_271823,0,background_false_accept
lvis_000000283037,lvis_000000283037_yw_137544,0,background_false_accept
lvis_000000133819,lvis_000000133819_yw_060723,0,background_false_accept
lvis_000000133969,lvis_000000133969_yw_061023,0,background_false_accept
lvis_000000541123,lvis_000000541123_yw_262399,0,background_false_accept
lvis_000000180487,lvis_000000180487_yw_086596,0,background_false_accept
lvis_000000277005,lvis_000000277005_yw_134030,0,background_false_accept
lvis_000000541123,lvis_000000541123_yw_262400,0,background_false_accept
lvis_000000336658,lvis_000000336658_yw_164511,0,background_false_accept
lvis_000000203931,lvis_000000203931_yw_099130,0,background_false_accept
lvis_000000379332,lvis_000000379332_yw_186892,0,background_false_accept
lvis_000000277005,lvis_000000277005_yw_134031,0,background_false_accept
lvis_000000167486,lvis_000000167486_yw_080244,0,background_false_accept
lvis_000000203931,lvis_000000203931_yw_099131,0,background_false_accept
lvis_000000563702,lvis_000000563702_yw_273106,0,background_false_accept
lvis_000000019042,lvis_000000019042_yw_009787,0,background_false_accept
lvis_000000203931,lvis_000000203931_yw_099132,0,background_false_accept
lvis_000000103548,lvis_000000103548_yw_046156,0,background_false_accept
lvis_000000203931,lvis_000000203931_yw_099133,0,background_false_accept
lvis_000000210394,lvis_000000210394_yw_102538,0,background_false_accept
lvis_000000320743,lvis_000000320743_yw_157027,0,background_false_accept
lvis_000000368752,lvis_000000368752_yw_179495,0,background_false_accept
lvis_000000158548,lvis_000000158548_yw_075240,0,background_false_accept
lvis_000000463647,lvis_000000463647_yw_226906,0,background_false_accept
lvis_000000119365,lvis_000000119365_yw_051910,0,background_false_accept
lvis_000000360325,lvis_000000360325_yw_175129,0,wrong_known_class_or_duplicate
lvis_000000064359,lvis_000000064359_yw_028496,0,unknown_false_accept
lvis_000000507223,lvis_000000507223_yw_246246,0,background_false_accept
lvis_000000277005,lvis_000000277005_yw_134033,0,background_false_accept
lvis_000000247917,lvis_000000247917_yw_120926,0,background_false_accept
lvis_000000020107,lvis_000000020107_yw_010319,0,background_false_accept
lvis_000000343149,lvis_000000343149_yw_167434,0,background_false_accept
lvis_000000378139,lvis_000000378139_yw_185978,0,background_false_accept
lvis_000000541123,lvis_000000541123_yw_262404,0,background_false_accept
lvis_000000214703,lvis_000000214703_yw_105331,0,background_false_accept
lvis_000000421060,lvis_000000421060_yw_205107,0,background_false_accept
lvis_000000350003,lvis_000000350003_yw_170451,0,background_false_accept
lvis_000000335529,lvis_000000335529_yw_163495,0,background_false_accept
lvis_000000268378,lvis_000000268378_yw_130497,0,background_false_accept
lvis_000000191761,lvis_000000191761_yw_093785,0,unknown_false_accept
lvis_000000145020,lvis_000000145020_yw_067648,0,background_false_accept
lvis_000000537991,lvis_000000537991_yw_260789,0,background_false_accept
lvis_000000323751,lvis_000000323751_yw_158196,0,background_false_accept
lvis_000000541123,lvis_000000541123_yw_262405,0,background_false_accept
lvis_000000277005,lvis_000000277005_yw_134034,0,background_false_accept
lvis_000000377113,lvis_000000377113_yw_184316,0,background_false_accept
lvis_000000210273,lvis_000000210273_yw_102285,0,background_false_accept
lvis_000000541123,lvis_000000541123_yw_262406,0,background_false_accept
lvis_000000303713,lvis_000000303713_yw_149226,0,background_false_accept
lvis_000000103548,lvis_000000103548_yw_046158,0,background_false_accept
lvis_000000212573,lvis_000000212573_yw_103632,0,background_false_accept
lvis_000000196185,lvis_000000196185_yw_096223,0,background_false_accept
lvis_000000569030,lvis_000000569030_yw_275740,0,wrong_known_class_or_duplicate
lvis_000000541123,lvis_000000541123_yw_262407,0,background_false_accept
lvis_000000561958,lvis_000000561958_yw_271825,0,background_false_accept
lvis_000000210394,lvis_000000210394_yw_102539,0,background_false_accept
lvis_000000475904,lvis_000000475904_yw_232431,0,background_false_accept
lvis_000000455937,lvis_000000455937_yw_222535,0,background_false_accept
lvis_000000333402,lvis_000000333402_yw_162058,0,background_false_accept
lvis_000000447917,lvis_000000447917_yw_218497,0,background_false_accept
lvis_000000541123,lvis_000000541123_yw_262408,0,background_false_accept
lvis_000000145020,lvis_000000145020_yw_067649,0,background_false_accept
lvis_000000271116,lvis_000000271116_yw_131437,0,wrong_known_class_or_duplicate
lvis_000000533536,lvis_000000533536_yw_258569,0,wrong_known_class_or_duplicate
lvis_000000203931,lvis_000000203931_yw_099134,0,background_false_accept
lvis_000000421060,lvis_000000421060_yw_205108,0,background_false_accept
lvis_000000407574,lvis_000000407574_yw_198186,0,background_false_accept
lvis_000000496854,lvis_000000496854_yw_241636,0,background_false_accept
lvis_000000541123,lvis_000000541123_yw_262409,0,background_false_accept
lvis_000000203931,lvis_000000203931_yw_099135,0,background_false_accept
lvis_000000169169,lvis_000000169169_yw_080764,0,background_false_accept
lvis_000000500211,lvis_000000500211_yw_242718,0,background_false_accept
lvis_000000280930,lvis_000000280930_yw_136228,0,background_false_accept
lvis_000000278749,lvis_000000278749_yw_134589,0,background_false_accept
lvis_000000211069,lvis_000000211069_yw_102883,0,unknown_false_accept
lvis_000000221281,lvis_000000221281_yw_108070,0,background_false_accept
lvis_000000374545,lvis_000000374545_yw_182690,0,background_false_accept
lvis_000000200152,lvis_000000200152_yw_097444,0,background_false_accept
lvis_000000001818,lvis_000000001818_yw_001052,0,unknown_false_accept
lvis_000000541123,lvis_000000541123_yw_262410,0,background_false_accept
lvis_000000206218,lvis_000000206218_yw_100199,0,background_false_accept
lvis_000000335529,lvis_000000335529_yw_163496,0,background_false_accept
lvis_000000158548,lvis_000000158548_yw_075241,0,background_false_accept
lvis_000000569030,lvis_000000569030_yw_275742,0,background_false_accept
lvis_000000541123,lvis_000000541123_yw_262411,0,background_false_accept
lvis_000000453841,lvis_000000453841_yw_221406,0,background_false_accept
lvis_000000350122,lvis_000000350122_yw_170821,0,background_false_accept
lvis_000000541123,lvis_000000541123_yw_262412,0,background_false_accept
lvis_000000453841,lvis_000000453841_yw_221407,0,background_false_accept
lvis_000000561958,lvis_000000561958_yw_271827,0,background_false_accept
lvis_000000170278,lvis_000000170278_yw_081363,0,unknown_false_accept
lvis_000000203931,lvis_000000203931_yw_099136,0,background_false_accept
lvis_000000378139,lvis_000000378139_yw_185980,0,background_false_accept
lvis_000000193743,lvis_000000193743_yw_095080,0,background_false_accept
lvis_000000245915,lvis_000000245915_yw_120488,0,unknown_false_accept
lvis_000000541123,lvis_000000541123_yw_262413,0,background_false_accept
lvis_000000094157,lvis_000000094157_yw_042068,0,background_false_accept
lvis_000000203931,lvis_000000203931_yw_099137,0,background_false_accept
lvis_000000534673,lvis_000000534673_yw_259591,0,background_false_accept
lvis_000000100723,lvis_000000100723_yw_045524,0,background_false_accept
lvis_000000569972,lvis_000000569972_yw_276124,0,unknown_false_accept
lvis_000000389316,lvis_000000389316_yw_191133,0,unknown_false_accept
lvis_000000561335,lvis_000000561335_yw_271670,0,wrong_known_class_or_duplicate
lvis_000000458255,lvis_000000458255_yw_223741,0,background_false_accept
lvis_000000534673,lvis_000000534673_yw_259592,0,background_false_accept
lvis_000000360325,lvis_000000360325_yw_175131,0,background_false_accept
lvis_000000336587,lvis_000000336587_yw_164336,0,background_false_accept
lvis_000000541123,lvis_000000541123_yw_262415,0,background_false_accept
lvis_000000203931,lvis_000000203931_yw_099138,0,background_false_accept
lvis_000000211674,lvis_000000211674_yw_103002,0,background_false_accept
lvis_000000200152,lvis_000000200152_yw_097445,0,background_false_accept
lvis_000000377946,lvis_000000377946_yw_185802,0,background_false_accept
lvis_000000541123,lvis_000000541123_yw_262416,0,background_false_accept
lvis_000000541123,lvis_000000541123_yw_262417,0,background_false_accept
lvis_000000203931,lvis_000000203931_yw_099139,0,background_false_accept
lvis_000000421060,lvis_000000421060_yw_205109,0,background_false_accept
lvis_000000166747,lvis_000000166747_yw_079724,0,background_false_accept
lvis_000000278749,lvis_000000278749_yw_134590,0,background_false_accept
lvis_000000203931,lvis_000000203931_yw_099140,0,background_false_accept
lvis_000000252559,lvis_000000252559_yw_122402,0,background_false_accept
lvis_000000336658,lvis_000000336658_yw_164513,0,background_false_accept
lvis_000000100723,lvis_000000100723_yw_045527,0,background_false_accept
lvis_000000094157,lvis_000000094157_yw_042069,0,background_false_accept
lvis_000000423104,lvis_000000423104_yw_205704,0,background_false_accept
lvis_000000133969,lvis_000000133969_yw_061024,0,background_false_accept
lvis_000000449312,lvis_000000449312_yw_219296,0,background_false_accept
lvis_000000377946,lvis_000000377946_yw_185803,0,background_false_accept
lvis_000000350122,lvis_000000350122_yw_170823,0,background_false_accept
lvis_000000157756,lvis_000000157756_yw_074928,0,background_false_accept
lvis_000000301981,lvis_000000301981_yw_147885,0,unknown_false_accept
lvis_000000425221,lvis_000000425221_yw_206918,0,background_false_accept
lvis_000000343149,lvis_000000343149_yw_167435,0,background_false_accept
lvis_000000348012,lvis_000000348012_yw_169798,0,unknown_false_accept
lvis_000000019042,lvis_000000019042_yw_009789,0,background_false_accept
lvis_000000284762,lvis_000000284762_yw_138878,0,background_false_accept
lvis_000000541123,lvis_000000541123_yw_262418,0,background_false_accept
lvis_000000226058,lvis_000000226058_yw_110430,0,unknown_false_accept
lvis_000000506656,lvis_000000506656_yw_245496,0,background_false_accept
lvis_000000158548,lvis_000000158548_yw_075242,0,background_false_accept
lvis_000000356428,lvis_000000356428_yw_173437,0,background_false_accept
lvis_000000421060,lvis_000000421060_yw_205110,0,background_false_accept
lvis_000000212573,lvis_000000212573_yw_103633,0,background_false_accept
lvis_000000581100,lvis_000000581100_yw_281173,0,unknown_false_accept
lvis_000000203931,lvis_000000203931_yw_099141,0,background_false_accept
lvis_000000234757,lvis_000000234757_yw_116436,0,wrong_known_class_or_duplicate
lvis_000000145020,lvis_000000145020_yw_067652,0,background_false_accept
lvis_000000350122,lvis_000000350122_yw_170824,0,background_false_accept
lvis_000000084650,lvis_000000084650_yw_038391,0,background_false_accept
lvis_000000203931,lvis_000000203931_yw_099142,0,background_false_accept
lvis_000000425925,lvis_000000425925_yw_207298,0,background_false_accept
lvis_000000433103,lvis_000000433103_yw_211453,0,background_false_accept
lvis_000000320743,lvis_000000320743_yw_157029,0,unknown_false_accept
lvis_000000210273,lvis_000000210273_yw_102288,0,background_false_accept
lvis_000000423104,lvis_000000423104_yw_205705,0,background_false_accept
lvis_000000196185,lvis_000000196185_yw_096224,0,background_false_accept
lvis_000000436883,lvis_000000436883_yw_213363,0,background_false_accept
lvis_000000025603,lvis_000000025603_yw_012455,0,unknown_false_accept
lvis_000000203931,lvis_000000203931_yw_099143,0,background_false_accept
lvis_000000425925,lvis_000000425925_yw_207299,0,background_false_accept
lvis_000000019042,lvis_000000019042_yw_009790,0,background_false_accept
lvis_000000486438,lvis_000000486438_yw_237396,0,background_false_accept
lvis_000000158548,lvis_000000158548_yw_075243,0,background_false_accept
lvis_000000356612,lvis_000000356612_yw_173685,0,background_false_accept
lvis_000000332845,lvis_000000332845_yw_161778,0,unknown_false_accept
lvis_000000378515,lvis_000000378515_yw_186293,0,background_false_accept
lvis_000000495054,lvis_000000495054_yw_241010,0,background_false_accept
lvis_000000285349,lvis_000000285349_yw_139039,0,background_false_accept
lvis_000000276921,lvis_000000276921_yw_133951,0,background_false_accept
lvis_000000491130,lvis_000000491130_yw_238901,0,background_false_accept
lvis_000000280930,lvis_000000280930_yw_136229,0,wrong_known_class_or_duplicate
lvis_000000148719,lvis_000000148719_yw_070194,0,background_false_accept
lvis_000000151480,lvis_000000151480_yw_071461,0,background_false_accept
lvis_000000203931,lvis_000000203931_yw_099144,0,background_false_accept
lvis_000000349860,lvis_000000349860_yw_170340,0,background_false_accept
lvis_000000303713,lvis_000000303713_yw_149235,0,background_false_accept
lvis_000000245915,lvis_000000245915_yw_120489,0,unknown_false_accept
lvis_000000145020,lvis_000000145020_yw_067653,0,background_false_accept
lvis_000000541123,lvis_000000541123_yw_262419,0,background_false_accept
lvis_000000336658,lvis_000000336658_yw_164514,0,background_false_accept
lvis_000000409424,lvis_000000409424_yw_199066,0,background_false_accept
lvis_000000241319,lvis_000000241319_yw_118449,0,unknown_false_accept
lvis_000000212573,lvis_000000212573_yw_103634,0,background_false_accept
lvis_000000057760,lvis_000000057760_yw_025385,0,background_false_accept
lvis_000000356428,lvis_000000356428_yw_173438,0,background_false_accept
lvis_000000170116,lvis_000000170116_yw_081212,1,known_tp
lvis_000000203931,lvis_000000203931_yw_099146,0,background_false_accept
lvis_000000541123,lvis_000000541123_yw_262421,0,background_false_accept
lvis_000000203931,lvis_000000203931_yw_099147,0,background_false_accept
lvis_000000556193,lvis_000000556193_yw_269390,0,background_false_accept
lvis_000000511076,lvis_000000511076_yw_248159,0,background_false_accept
lvis_000000151480,lvis_000000151480_yw_071463,0,background_false_accept
lvis_000000232692,lvis_000000232692_yw_115414,0,unknown_false_accept
lvis_000000210273,lvis_000000210273_yw_102289,0,background_false_accept
lvis_000000336658,lvis_000000336658_yw_164515,0,background_false_accept
lvis_000000203931,lvis_000000203931_yw_099148,0,background_false_accept
lvis_000000423798,lvis_000000423798_yw_206283,0,wrong_known_class_or_duplicate
lvis_000000203931,lvis_000000203931_yw_099149,0,background_false_accept
lvis_000000425226,lvis_000000425226_yw_207060,0,unknown_false_accept
lvis_000000436883,lvis_000000436883_yw_213364,0,background_false_accept
lvis_000000405205,lvis_000000405205_yw_197207,0,background_false_accept
lvis_000000211069,lvis_000000211069_yw_102884,0,unknown_false_accept
lvis_000000245915,lvis_000000245915_yw_120490,0,unknown_false_accept
lvis_000000455937,lvis_000000455937_yw_222536,0,background_false_accept
lvis_000000013004,lvis_000000013004_yw_006202,0,unknown_false_accept
lvis_000000196185,lvis_000000196185_yw_096225,0,background_false_accept
lvis_000000303713,lvis_000000303713_yw_149239,0,background_false_accept
lvis_000000148719,lvis_000000148719_yw_070195,0,background_false_accept
lvis_000000100723,lvis_000000100723_yw_045529,0,background_false_accept
lvis_000000541123,lvis_000000541123_yw_262423,0,background_false_accept
lvis_000000121497,lvis_000000121497_yw_053189,0,background_false_accept
lvis_000000495054,lvis_000000495054_yw_241011,0,background_false_accept
lvis_000000441468,lvis_000000441468_yw_215702,0,background_false_accept
lvis_000000211674,lvis_000000211674_yw_103004,0,background_false_accept
lvis_000000498709,lvis_000000498709_yw_242168,0,background_false_accept
lvis_000000109798,lvis_000000109798_yw_048394,0,background_false_accept
lvis_000000350122,lvis_000000350122_yw_170826,0,background_false_accept
lvis_000000297147,lvis_000000297147_yw_146101,0,background_false_accept
lvis_000000103548,lvis_000000103548_yw_046166,0,background_false_accept
lvis_000000289938,lvis_000000289938_yw_141431,0,background_false_accept
lvis_000000349184,lvis_000000349184_yw_170165,0,background_false_accept
lvis_000000157756,lvis_000000157756_yw_074930,0,background_false_accept
lvis_000000421060,lvis_000000421060_yw_205111,0,background_false_accept
lvis_000000169169,lvis_000000169169_yw_080767,0,background_false_accept
lvis_000000210394,lvis_000000210394_yw_102543,0,background_false_accept
lvis_000000453841,lvis_000000453841_yw_221408,1,known_tp
lvis_000000333402,lvis_000000333402_yw_162060,0,background_false_accept
lvis_000000541123,lvis_000000541123_yw_262424,0,background_false_accept
lvis_000000119365,lvis_000000119365_yw_051915,0,unknown_false_accept
lvis_000000428111,lvis_000000428111_yw_208984,0,background_false_accept
lvis_000000377113,lvis_000000377113_yw_184319,0,background_false_accept
lvis_000000335529,lvis_000000335529_yw_163498,0,background_false_accept
lvis_000000329041,lvis_000000329041_yw_160342,0,background_false_accept
lvis_000000343149,lvis_000000343149_yw_167436,0,background_false_accept
lvis_000000466416,lvis_000000466416_yw_228762,0,background_false_accept
lvis_000000169169,lvis_000000169169_yw_080768,0,background_false_accept
lvis_000000283037,lvis_000000283037_yw_137545,0,background_false_accept
lvis_000000103548,lvis_000000103548_yw_046168,0,background_false_accept
lvis_000000541123,lvis_000000541123_yw_262425,0,background_false_accept
lvis_000000068833,lvis_000000068833_yw_030690,0,background_false_accept
lvis_000000407574,lvis_000000407574_yw_198187,0,background_false_accept
lvis_000000541123,lvis_000000541123_yw_262426,0,background_false_accept
lvis_000000203931,lvis_000000203931_yw_099152,0,background_false_accept
lvis_000000356428,lvis_000000356428_yw_173439,0,background_false_accept
lvis_000000521719,lvis_000000521719_yw_253535,0,unknown_false_accept
lvis_000000515579,lvis_000000515579_yw_250755,0,background_false_accept
lvis_000000506656,lvis_000000506656_yw_245497,0,background_false_accept
lvis_000000388056,lvis_000000388056_yw_190279,0,wrong_known_class_or_duplicate
lvis_000000158548,lvis_000000158548_yw_075246,0,background_false_accept
lvis_000000561958,lvis_000000561958_yw_271832,0,background_false_accept
lvis_000000453040,lvis_000000453040_yw_220653,0,background_false_accept
lvis_000000167486,lvis_000000167486_yw_080248,0,background_false_accept
lvis_000000561958,lvis_000000561958_yw_271833,0,background_false_accept
lvis_000000453841,lvis_000000453841_yw_221409,0,background_false_accept
lvis_000000019042,lvis_000000019042_yw_009791,0,background_false_accept
lvis_000000541123,lvis_000000541123_yw_262427,0,background_false_accept
lvis_000000100723,lvis_000000100723_yw_045533,0,background_false_accept
lvis_000000268996,lvis_000000268996_yw_130664,0,background_false_accept
lvis_000000368900,lvis_000000368900_yw_179590,0,unknown_false_accept
lvis_000000001818,lvis_000000001818_yw_001053,0,unknown_false_accept
lvis_000000268996,lvis_000000268996_yw_130665,0,background_false_accept
lvis_000000210273,lvis_000000210273_yw_102292,0,background_false_accept
lvis_000000507223,lvis_000000507223_yw_246252,0,background_false_accept
lvis_000000210394,lvis_000000210394_yw_102545,0,background_false_accept
lvis_000000242411,lvis_000000242411_yw_118898,0,background_false_accept
lvis_000000356612,lvis_000000356612_yw_173687,0,background_false_accept
lvis_000000421060,lvis_000000421060_yw_205112,0,background_false_accept
lvis_000000444275,lvis_000000444275_yw_217646,0,background_false_accept
lvis_000000475904,lvis_000000475904_yw_232434,0,background_false_accept
lvis_000000277005,lvis_000000277005_yw_134039,0,background_false_accept
lvis_000000507223,lvis_000000507223_yw_246253,0,background_false_accept
lvis_000000203931,lvis_000000203931_yw_099153,0,background_false_accept
lvis_000000148719,lvis_000000148719_yw_070196,0,background_false_accept
lvis_000000441468,lvis_000000441468_yw_215704,0,background_false_accept
lvis_000000383921,lvis_000000383921_yw_188753,0,background_false_accept
lvis_000000211674,lvis_000000211674_yw_103005,0,background_false_accept
lvis_000000335529,lvis_000000335529_yw_163499,0,background_false_accept
lvis_000000370042,lvis_000000370042_yw_180604,0,unknown_false_accept
lvis_000000273715,lvis_000000273715_yw_132372,0,background_false_accept
lvis_000000145020,lvis_000000145020_yw_067655,0,background_false_accept
lvis_000000164637,lvis_000000164637_yw_078583,0,background_false_accept
lvis_000000561335,lvis_000000561335_yw_271671,0,wrong_known_class_or_duplicate
lvis_000000532071,lvis_000000532071_yw_258153,0,background_false_accept
lvis_000000303713,lvis_000000303713_yw_149247,0,background_false_accept
lvis_000000336658,lvis_000000336658_yw_164517,0,wrong_known_class_or_duplicate
lvis_000000087476,lvis_000000087476_yw_039887,0,background_false_accept
lvis_000000453040,lvis_000000453040_yw_220654,0,background_false_accept
lvis_000000377946,lvis_000000377946_yw_185804,0,background_false_accept
lvis_000000156643,lvis_000000156643_yw_074516,0,background_false_accept
lvis_000000541123,lvis_000000541123_yw_262429,0,background_false_accept
lvis_000000407574,lvis_000000407574_yw_198188,0,background_false_accept
lvis_000000350122,lvis_000000350122_yw_170828,0,wrong_known_class_or_duplicate
lvis_000000133819,lvis_000000133819_yw_060726,0,background_false_accept
lvis_000000507223,lvis_000000507223_yw_246254,0,background_false_accept
lvis_000000247917,lvis_000000247917_yw_120927,0,background_false_accept
lvis_000000466416,lvis_000000466416_yw_228763,0,background_false_accept
lvis_000000310072,lvis_000000310072_yw_152766,0,background_false_accept
lvis_000000561958,lvis_000000561958_yw_271834,0,background_false_accept
lvis_000000525600,lvis_000000525600_yw_254936,0,background_false_accept
lvis_000000100723,lvis_000000100723_yw_045535,0,background_false_accept
lvis_000000541123,lvis_000000541123_yw_262430,0,background_false_accept
lvis_000000193743,lvis_000000193743_yw_095084,0,background_false_accept
lvis_000000333402,lvis_000000333402_yw_162061,0,background_false_accept
lvis_000000203931,lvis_000000203931_yw_099154,0,background_false_accept
lvis_000000289938,lvis_000000289938_yw_141432,0,background_false_accept
lvis_000000242678,lvis_000000242678_yw_119070,0,background_false_accept
lvis_000000157756,lvis_000000157756_yw_074932,0,background_false_accept
lvis_000000443844,lvis_000000443844_yw_217452,0,background_false_accept
lvis_000000580410,lvis_000000580410_yw_281027,0,unknown_false_accept
lvis_000000087476,lvis_000000087476_yw_039888,0,background_false_accept
lvis_000000325114,lvis_000000325114_yw_158821,0,unknown_false_accept
lvis_000000356612,lvis_000000356612_yw_173688,0,background_false_accept
lvis_000000312278,lvis_000000312278_yw_153772,0,unknown_false_accept
lvis_000000534673,lvis_000000534673_yw_259593,0,background_false_accept
lvis_000000242411,lvis_000000242411_yw_118899,0,background_false_accept
lvis_000000277005,lvis_000000277005_yw_134040,0,background_false_accept
lvis_000000119233,lvis_000000119233_yw_051876,0,background_false_accept
lvis_000000170116,lvis_000000170116_yw_081214,0,background_false_accept
lvis_000000273715,lvis_000000273715_yw_132373,0,background_false_accept
lvis_000000210273,lvis_000000210273_yw_102294,0,background_false_accept
lvis_000000215259,lvis_000000215259_yw_105686,0,background_false_accept
lvis_000000466416,lvis_000000466416_yw_228764,0,background_false_accept
lvis_000000350122,lvis_000000350122_yw_170829,0,background_false_accept
lvis_000000096960,lvis_000000096960_yw_043004,0,background_false_accept
lvis_000000103548,lvis_000000103548_yw_046175,0,background_false_accept
lvis_000000133969,lvis_000000133969_yw_061029,0,background_false_accept
lvis_000000371699,lvis_000000371699_yw_181608,0,background_false_accept
lvis_000000166166,lvis_000000166166_yw_079217,0,unknown_false_accept
lvis_000000511321,lvis_000000511321_yw_248364,0,background_false_accept
lvis_000000498857,lvis_000000498857_yw_242287,0,background_false_accept
lvis_000000167486,lvis_000000167486_yw_080250,0,background_false_accept
lvis_000000158548,lvis_000000158548_yw_075248,0,background_false_accept
lvis_000000495054,lvis_000000495054_yw_241012,0,background_false_accept
lvis_000000336658,lvis_000000336658_yw_164518,0,background_false_accept
lvis_000000534041,lvis_000000534041_yw_258931,0,unknown_false_accept
lvis_000000166166,lvis_000000166166_yw_079218,0,background_false_accept
lvis_000000140203,lvis_000000140203_yw_064215,0,background_false_accept
lvis_000000405205,lvis_000000405205_yw_197208,0,background_false_accept
lvis_000000423104,lvis_000000423104_yw_205706,0,background_false_accept
lvis_000000133819,lvis_000000133819_yw_060728,0,background_false_accept
lvis_000000377946,lvis_000000377946_yw_185806,0,background_false_accept
lvis_000000333402,lvis_000000333402_yw_162062,0,background_false_accept
lvis_000000138550,lvis_000000138550_yw_063264,0,unknown_false_accept
lvis_000000578545,lvis_000000578545_yw_280334,0,background_false_accept
lvis_000000521719,lvis_000000521719_yw_253536,0,background_false_accept
lvis_000000203931,lvis_000000203931_yw_099155,0,background_false_accept
lvis_000000466416,lvis_000000466416_yw_228766,0,background_false_accept
lvis_000000336658,lvis_000000336658_yw_164519,0,background_false_accept
lvis_000000203931,lvis_000000203931_yw_099156,0,background_false_accept
lvis_000000210273,lvis_000000210273_yw_102297,0,background_false_accept
lvis_000000203931,lvis_000000203931_yw_099157,0,background_false_accept
lvis_000000100723,lvis_000000100723_yw_045541,0,background_false_accept
lvis_000000537991,lvis_000000537991_yw_260790,0,background_false_accept
lvis_000000145020,lvis_000000145020_yw_067658,0,background_false_accept
lvis_000000169169,lvis_000000169169_yw_080771,0,background_false_accept
lvis_000000196442,lvis_000000196442_yw_096308,0,background_false_accept
lvis_000000534673,lvis_000000534673_yw_259594,0,background_false_accept
lvis_000000203931,lvis_000000203931_yw_099158,0,background_false_accept
lvis_000000515579,lvis_000000515579_yw_250757,0,background_false_accept
lvis_000000203931,lvis_000000203931_yw_099159,1,known_tp
lvis_000000514797,lvis_000000514797_yw_250307,0,background_false_accept
lvis_000000389684,lvis_000000389684_yw_191537,0,background_false_accept
lvis_000000170116,lvis_000000170116_yw_081215,0,background_false_accept
lvis_000000534673,lvis_000000534673_yw_259595,0,background_false_accept
lvis_000000455937,lvis_000000455937_yw_222538,0,background_false_accept
lvis_000000413247,lvis_000000413247_yw_201743,0,background_false_accept
lvis_000000377113,lvis_000000377113_yw_184320,0,background_false_accept
lvis_000000120420,lvis_000000120420_yw_052633,0,background_false_accept
lvis_000000092416,lvis_000000092416_yw_041584,0,wrong_known_class_or_duplicate
lvis_000000203931,lvis_000000203931_yw_099161,0,background_false_accept
lvis_000000347456,lvis_000000347456_yw_169672,0,background_false_accept
lvis_000000581100,lvis_000000581100_yw_281174,0,wrong_known_class_or_duplicate
lvis_000000393115,lvis_000000393115_yw_192229,0,unknown_false_accept
lvis_000000210394,lvis_000000210394_yw_102549,0,background_false_accept
lvis_000000245915,lvis_000000245915_yw_120491,0,unknown_false_accept
lvis_000000493286,lvis_000000493286_yw_240198,0,background_false_accept
lvis_000000133969,lvis_000000133969_yw_061031,0,background_false_accept
lvis_000000335529,lvis_000000335529_yw_163501,0,background_false_accept
lvis_000000156924,lvis_000000156924_yw_074619,0,background_false_accept
lvis_000000301981,lvis_000000301981_yw_147886,0,background_false_accept
lvis_000000021839,lvis_000000021839_yw_010756,0,background_false_accept
lvis_000000211674,lvis_000000211674_yw_103007,0,background_false_accept
lvis_000000409424,lvis_000000409424_yw_199067,0,background_false_accept
lvis_000000466416,lvis_000000466416_yw_228767,0,background_false_accept
lvis_000000350003,lvis_000000350003_yw_170452,0,background_false_accept
lvis_000000507223,lvis_000000507223_yw_246255,0,background_false_accept
lvis_000000348012,lvis_000000348012_yw_169799,0,background_false_accept
lvis_000000466416,lvis_000000466416_yw_228768,0,background_false_accept
lvis_000000521719,lvis_000000521719_yw_253537,0,background_false_accept
lvis_000000024919,lvis_000000024919_yw_012066,0,background_false_accept
lvis_000000148719,lvis_000000148719_yw_070197,0,background_false_accept
lvis_000000511321,lvis_000000511321_yw_248365,0,background_false_accept
lvis_000000453841,lvis_000000453841_yw_221410,0,background_false_accept
lvis_000000440617,lvis_000000440617_yw_215528,0,background_false_accept
lvis_000000148719,lvis_000000148719_yw_070199,0,background_false_accept
lvis_000000389684,lvis_000000389684_yw_191538,0,background_false_accept
lvis_000000203931,lvis_000000203931_yw_099163,0,background_false_accept
lvis_000000103548,lvis_000000103548_yw_046177,0,background_false_accept
lvis_000000561958,lvis_000000561958_yw_271838,0,background_false_accept
lvis_000000021839,lvis_000000021839_yw_010757,0,background_false_accept
lvis_000000203931,lvis_000000203931_yw_099164,0,background_false_accept
lvis_000000212573,lvis_000000212573_yw_103639,0,background_false_accept
lvis_000000270402,lvis_000000270402_yw_131335,0,unknown_false_accept
lvis_000000133969,lvis_000000133969_yw_061032,0,background_false_accept
lvis_000000213935,lvis_000000213935_yw_104937,0,background_false_accept
lvis_000000245915,lvis_000000245915_yw_120492,0,unknown_false_accept
lvis_000000436883,lvis_000000436883_yw_213365,0,background_false_accept
lvis_000000148719,lvis_000000148719_yw_070200,0,background_false_accept
lvis_000000425925,lvis_000000425925_yw_207300,0,background_false_accept
lvis_000000057760,lvis_000000057760_yw_025388,0,background_false_accept
lvis_000000533145,lvis_000000533145_yw_258535,0,background_false_accept
lvis_000000349860,lvis_000000349860_yw_170342,0,background_false_accept
lvis_000000203931,lvis_000000203931_yw_099166,1,known_tp
lvis_000000569030,lvis_000000569030_yw_275747,0,background_false_accept
lvis_000000350122,lvis_000000350122_yw_170832,0,background_false_accept
lvis_000000511076,lvis_000000511076_yw_248163,0,background_false_accept
lvis_000000356498,lvis_000000356498_yw_173629,0,background_false_accept
lvis_000000396200,lvis_000000396200_yw_193547,0,background_false_accept
lvis_000000211674,lvis_000000211674_yw_103008,0,wrong_known_class_or_duplicate
lvis_000000170116,lvis_000000170116_yw_081216,0,background_false_accept
lvis_000000423798,lvis_000000423798_yw_206284,0,background_false_accept
lvis_000000336658,lvis_000000336658_yw_164520,0,background_false_accept
lvis_000000507223,lvis_000000507223_yw_246258,0,background_false_accept
lvis_000000078823,lvis_000000078823_yw_034833,0,background_false_accept
lvis_000000080932,lvis_000000080932_yw_036056,0,background_false_accept
lvis_000000388056,lvis_000000388056_yw_190281,0,background_false_accept
lvis_000000203931,lvis_000000203931_yw_099167,0,background_false_accept
lvis_000000453841,lvis_000000453841_yw_221411,0,background_false_accept
lvis_000000084650,lvis_000000084650_yw_038392,0,unknown_false_accept
lvis_000000507223,lvis_000000507223_yw_246259,0,background_false_accept
lvis_000000078823,lvis_000000078823_yw_034834,0,background_false_accept
lvis_000000344909,lvis_000000344909_yw_168695,0,background_false_accept
lvis_000000203931,lvis_000000203931_yw_099168,0,background_false_accept
lvis_000000203931,lvis_000000203931_yw_099169,0,background_false_accept
lvis_000000436883,lvis_000000436883_yw_213367,0,background_false_accept
lvis_000000087476,lvis_000000087476_yw_039892,0,wrong_known_class_or_duplicate
lvis_000000329041,lvis_000000329041_yw_160346,0,background_false_accept
lvis_000000561958,lvis_000000561958_yw_271841,0,background_false_accept
lvis_000000140203,lvis_000000140203_yw_064217,0,background_false_accept
lvis_000000210273,lvis_000000210273_yw_102299,0,background_false_accept
lvis_000000151480,lvis_000000151480_yw_071464,0,background_false_accept
lvis_000000170116,lvis_000000170116_yw_081217,0,background_false_accept
lvis_000000010707,lvis_000000010707_yw_004834,0,background_false_accept
lvis_000000450559,lvis_000000450559_yw_220145,0,background_false_accept
lvis_000000189310,lvis_000000189310_yw_092205,0,background_false_accept
lvis_000000561958,lvis_000000561958_yw_271842,0,background_false_accept
lvis_000000133819,lvis_000000133819_yw_060729,0,background_false_accept
lvis_000000569030,lvis_000000569030_yw_275749,0,wrong_known_class_or_duplicate
lvis_000000100723,lvis_000000100723_yw_045542,0,background_false_accept
lvis_000000324818,lvis_000000324818_yw_158653,0,background_false_accept
lvis_000000180487,lvis_000000180487_yw_086597,0,wrong_known_class_or_duplicate
lvis_000000288882,lvis_000000288882_yw_140738,0,unknown_false_accept
lvis_000000396200,lvis_000000396200_yw_193548,0,background_false_accept
lvis_000000242678,lvis_000000242678_yw_119071,0,background_false_accept
lvis_000000151480,lvis_000000151480_yw_071465,0,background_false_accept
lvis_000000145020,lvis_000000145020_yw_067660,0,unknown_false_accept
lvis_000000161642,lvis_000000161642_yw_076915,0,background_false_accept
lvis_000000019042,lvis_000000019042_yw_009792,0,background_false_accept
lvis_000000322968,lvis_000000322968_yw_157783,0,background_false_accept
lvis_000000276055,lvis_000000276055_yw_133634,0,unknown_false_accept
lvis_000000488710,lvis_000000488710_yw_237769,0,background_false_accept
lvis_000000133819,lvis_000000133819_yw_060730,0,background_false_accept
lvis_000000133969,lvis_000000133969_yw_061034,0,background_false_accept
lvis_000000521719,lvis_000000521719_yw_253538,0,background_false_accept
lvis_000000203931,lvis_000000203931_yw_099173,0,background_false_accept
lvis_000000356428,lvis_000000356428_yw_173440,0,background_false_accept
lvis_000000059920,lvis_000000059920_yw_026371,0,unknown_false_accept
lvis_000000138550,lvis_000000138550_yw_063266,0,background_false_accept
lvis_000000151480,lvis_000000151480_yw_071466,0,background_false_accept
lvis_000000377946,lvis_000000377946_yw_185809,0,background_false_accept
lvis_000000278749,lvis_000000278749_yw_134594,0,background_false_accept
lvis_000000157756,lvis_000000157756_yw_074934,0,background_false_accept
lvis_000000455937,lvis_000000455937_yw_222539,0,background_false_accept
lvis_000000506656,lvis_000000506656_yw_245498,0,background_false_accept
lvis_000000145020,lvis_000000145020_yw_067661,0,background_false_accept
lvis_000000288685,lvis_000000288685_yw_140442,0,background_false_accept
lvis_000000210273,lvis_000000210273_yw_102301,0,background_false_accept
lvis_000000100723,lvis_000000100723_yw_045544,0,background_false_accept
lvis_000000268378,lvis_000000268378_yw_130498,0,unknown_false_accept
lvis_000000262938,lvis_000000262938_yw_127853,0,background_false_accept
lvis_000000289938,lvis_000000289938_yw_141434,0,background_false_accept
lvis_000000453841,lvis_000000453841_yw_221413,0,background_false_accept
lvis_000000500211,lvis_000000500211_yw_242719,0,unknown_false_accept
lvis_000000205282,lvis_000000205282_yw_099796,0,unknown_false_accept
lvis_000000247917,lvis_000000247917_yw_120928,0,background_false_accept
lvis_000000157756,lvis_000000157756_yw_074935,0,background_false_accept
lvis_000000314541,lvis_000000314541_yw_154937,0,background_false_accept
lvis_000000396200,lvis_000000396200_yw_193549,0,background_false_accept
lvis_000000441468,lvis_000000441468_yw_215705,0,background_false_accept
lvis_000000425925,lvis_000000425925_yw_207301,0,background_false_accept
lvis_000000067534,lvis_000000067534_yw_030398,0,unknown_false_accept
lvis_000000203931,lvis_000000203931_yw_099174,0,background_false_accept
lvis_000000169169,lvis_000000169169_yw_080774,0,background_false_accept
lvis_000000158548,lvis_000000158548_yw_075250,0,background_false_accept
lvis_000000277005,lvis_000000277005_yw_134043,0,background_false_accept
lvis_000000312421,lvis_000000312421_yw_153885,0,background_false_accept
lvis_000000310072,lvis_000000310072_yw_152767,0,background_false_accept
lvis_000000277005,lvis_000000277005_yw_134044,0,background_false_accept
lvis_000000458255,lvis_000000458255_yw_223742,0,unknown_false_accept
lvis_000000491090,lvis_000000491090_yw_238828,0,background_false_accept
lvis_000000158548,lvis_000000158548_yw_075251,1,known_tp
lvis_000000333956,lvis_000000333956_yw_162318,0,background_false_accept
lvis_000000467315,lvis_000000467315_yw_229023,0,background_false_accept
lvis_000000453040,lvis_000000453040_yw_220655,0,background_false_accept
lvis_000000161925,lvis_000000161925_yw_077057,0,wrong_known_class_or_duplicate
lvis_000000211674,lvis_000000211674_yw_103010,0,background_false_accept
lvis_000000377113,lvis_000000377113_yw_184322,0,background_false_accept
lvis_000000534673,lvis_000000534673_yw_259598,0,background_false_accept
lvis_000000277005,lvis_000000277005_yw_134045,0,background_false_accept
lvis_000000534041,lvis_000000534041_yw_258933,0,background_false_accept
lvis_000000242678,lvis_000000242678_yw_119072,0,background_false_accept
lvis_000000147740,lvis_000000147740_yw_069641,0,background_false_accept
lvis_000000289938,lvis_000000289938_yw_141435,0,background_false_accept
lvis_000000312421,lvis_000000312421_yw_153886,0,unknown_false_accept
lvis_000000203931,lvis_000000203931_yw_099176,0,background_false_accept
lvis_000000466416,lvis_000000466416_yw_228770,0,background_false_accept
lvis_000000140203,lvis_000000140203_yw_064219,0,background_false_accept
lvis_000000094157,lvis_000000094157_yw_042070,0,background_false_accept
lvis_000000019042,lvis_000000019042_yw_009793,0,background_false_accept
lvis_000000233238,lvis_000000233238_yw_115604,0,unknown_false_accept
lvis_000000144932,lvis_000000144932_yw_067527,0,background_false_accept
lvis_000000133819,lvis_000000133819_yw_060732,0,background_false_accept
lvis_000000158548,lvis_000000158548_yw_075252,1,known_tp
lvis_000000569976,lvis_000000569976_yw_276146,0,background_false_accept
lvis_000000360325,lvis_000000360325_yw_175141,1,known_tp
lvis_000000210394,lvis_000000210394_yw_102552,0,background_false_accept
lvis_000000184338,lvis_000000184338_yw_089713,0,background_false_accept
lvis_000000203931,lvis_000000203931_yw_099177,0,background_false_accept
lvis_000000507223,lvis_000000507223_yw_246263,0,background_false_accept
lvis_000000169169,lvis_000000169169_yw_080775,0,background_false_accept
lvis_000000103548,lvis_000000103548_yw_046183,0,background_false_accept
lvis_000000376093,lvis_000000376093_yw_183300,0,background_false_accept
lvis_000000100723,lvis_000000100723_yw_045547,0,background_false_accept
lvis_000000348012,lvis_000000348012_yw_169800,0,background_false_accept
lvis_000000322968,lvis_000000322968_yw_157784,0,background_false_accept
lvis_000000087476,lvis_000000087476_yw_039896,0,unknown_false_accept
lvis_000000085157,lvis_000000085157_yw_038619,0,background_false_accept
lvis_000000368900,lvis_000000368900_yw_179591,0,background_false_accept
lvis_000000203931,lvis_000000203931_yw_099178,0,background_false_accept
lvis_000000210273,lvis_000000210273_yw_102305,0,background_false_accept
lvis_000000377946,lvis_000000377946_yw_185810,0,background_false_accept
lvis_000000361506,lvis_000000361506_yw_176078,0,unknown_false_accept
lvis_000000463037,lvis_000000463037_yw_226259,0,background_false_accept
lvis_000000466416,lvis_000000466416_yw_228772,0,background_false_accept
lvis_000000212573,lvis_000000212573_yw_103642,0,background_false_accept
lvis_000000423798,lvis_000000423798_yw_206285,0,background_false_accept
lvis_000000203931,lvis_000000203931_yw_099179,0,background_false_accept
lvis_000000232692,lvis_000000232692_yw_115416,0,background_false_accept
lvis_000000214539,lvis_000000214539_yw_105124,0,background_false_accept
lvis_000000433103,lvis_000000433103_yw_211461,0,background_false_accept
lvis_000000010707,lvis_000000010707_yw_004837,0,background_false_accept
lvis_000000210273,lvis_000000210273_yw_102306,0,background_false_accept
lvis_000000203931,lvis_000000203931_yw_099180,0,background_false_accept
lvis_000000449312,lvis_000000449312_yw_219301,0,background_false_accept
lvis_000000471893,lvis_000000471893_yw_230674,0,background_false_accept
lvis_000000203931,lvis_000000203931_yw_099182,0,background_false_accept
lvis_000000094157,lvis_000000094157_yw_042071,0,background_false_accept
lvis_000000563702,lvis_000000563702_yw_273109,0,background_false_accept
lvis_000000140203,lvis_000000140203_yw_064220,0,background_false_accept
lvis_000000491130,lvis_000000491130_yw_238902,0,unknown_false_accept
lvis_000000440617,lvis_000000440617_yw_215529,0,background_false_accept
lvis_000000211674,lvis_000000211674_yw_103011,0,background_false_accept
lvis_000000414133,lvis_000000414133_yw_202232,0,background_false_accept
lvis_000000024919,lvis_000000024919_yw_012067,0,background_false_accept
lvis_000000349152,lvis_000000349152_yw_170117,0,background_false_accept
lvis_000000444879,lvis_000000444879_yw_217662,0,background_false_accept
lvis_000000561958,lvis_000000561958_yw_271844,0,background_false_accept
lvis_000000135890,lvis_000000135890_yw_062091,0,background_false_accept
lvis_000000425221,lvis_000000425221_yw_206925,0,background_false_accept
lvis_000000333402,lvis_000000333402_yw_162065,0,background_false_accept
lvis_000000203931,lvis_000000203931_yw_099183,0,background_false_accept
lvis_000000332455,lvis_000000332455_yw_161745,0,background_false_accept
lvis_000000343149,lvis_000000343149_yw_167437,0,unknown_false_accept
lvis_000000495054,lvis_000000495054_yw_241014,0,background_false_accept
lvis_000000019042,lvis_000000019042_yw_009794,0,background_false_accept
lvis_000000350122,lvis_000000350122_yw_170838,0,wrong_known_class_or_duplicate
lvis_000000515579,lvis_000000515579_yw_250759,0,background_false_accept
lvis_000000534673,lvis_000000534673_yw_259600,0,background_false_accept
lvis_000000421060,lvis_000000421060_yw_205113,0,background_false_accept
lvis_000000511321,lvis_000000511321_yw_248366,0,background_false_accept
lvis_000000466416,lvis_000000466416_yw_228773,0,background_false_accept
lvis_000000214539,lvis_000000214539_yw_105126,0,background_false_accept
lvis_000000140203,lvis_000000140203_yw_064221,0,background_false_accept
lvis_000000421060,lvis_000000421060_yw_205114,0,background_false_accept
lvis_000000147740,lvis_000000147740_yw_069642,0,background_false_accept
lvis_000000158548,lvis_000000158548_yw_075254,1,known_tp
lvis_000000521719,lvis_000000521719_yw_253540,0,unknown_false_accept
lvis_000000436883,lvis_000000436883_yw_213370,0,background_false_accept
lvis_000000196442,lvis_000000196442_yw_096309,0,background_false_accept
lvis_000000431727,lvis_000000431727_yw_210604,0,background_false_accept
lvis_000000349860,lvis_000000349860_yw_170343,0,background_false_accept
lvis_000000125472,lvis_000000125472_yw_055431,0,background_false_accept
lvis_000000525600,lvis_000000525600_yw_254937,0,unknown_false_accept
lvis_000000138550,lvis_000000138550_yw_063267,0,background_false_accept
lvis_000000356428,lvis_000000356428_yw_173442,0,background_false_accept
lvis_000000210394,lvis_000000210394_yw_102553,0,background_false_accept
lvis_000000578500,lvis_000000578500_yw_280311,0,background_false_accept
lvis_000000211674,lvis_000000211674_yw_103012,0,background_false_accept
lvis_000000245915,lvis_000000245915_yw_120493,0,unknown_false_accept
lvis_000000410456,lvis_000000410456_yw_199375,0,unknown_false_accept
lvis_000000421060,lvis_000000421060_yw_205115,0,background_false_accept
lvis_000000336658,lvis_000000336658_yw_164523,0,background_false_accept
lvis_000000133819,lvis_000000133819_yw_060737,0,background_false_accept
lvis_000000511321,lvis_000000511321_yw_248367,0,background_false_accept
lvis_000000335529,lvis_000000335529_yw_163505,0,background_false_accept
lvis_000000203931,lvis_000000203931_yw_099186,0,background_false_accept
lvis_000000203931,lvis_000000203931_yw_099187,0,background_false_accept
lvis_000000356612,lvis_000000356612_yw_173690,0,background_false_accept
lvis_000000203931,lvis_000000203931_yw_099188,0,background_false_accept
lvis_000000396729,lvis_000000396729_yw_193880,0,unknown_false_accept
lvis_000000017714,lvis_000000017714_yw_009059,0,background_false_accept
lvis_000000103548,lvis_000000103548_yw_046184,0,background_false_accept
lvis_000000203931,lvis_000000203931_yw_099189,0,background_false_accept
lvis_000000336658,lvis_000000336658_yw_164524,0,background_false_accept
lvis_000000336658,lvis_000000336658_yw_164525,0,background_false_accept
lvis_000000377113,lvis_000000377113_yw_184323,0,background_false_accept
lvis_000000273715,lvis_000000273715_yw_132374,0,background_false_accept
lvis_000000203931,lvis_000000203931_yw_099190,0,background_false_accept
lvis_000000378139,lvis_000000378139_yw_185994,0,background_false_accept
lvis_000000569976,lvis_000000569976_yw_276147,0,background_false_accept
lvis_000000158548,lvis_000000158548_yw_075256,0,background_false_accept
lvis_000000203931,lvis_000000203931_yw_099191,0,background_false_accept
lvis_000000495054,lvis_000000495054_yw_241015,0,background_false_accept
lvis_000000103548,lvis_000000103548_yw_046186,0,background_false_accept
lvis_000000320743,lvis_000000320743_yw_157030,0,unknown_false_accept
lvis_000000060363,lvis_000000060363_yw_026514,1,known_tp
lvis_000000106048,lvis_000000106048_yw_047124,0,background_false_accept
lvis_000000569030,lvis_000000569030_yw_275750,0,background_false_accept
lvis_000000158548,lvis_000000158548_yw_075257,0,background_false_accept
lvis_000000378139,lvis_000000378139_yw_185995,0,background_false_accept
lvis_000000581100,lvis_000000581100_yw_281175,0,background_false_accept
lvis_000000569030,lvis_000000569030_yw_275751,0,background_false_accept
lvis_000000388056,lvis_000000388056_yw_190283,0,background_false_accept
lvis_000000103548,lvis_000000103548_yw_046187,0,background_false_accept
lvis_000000512985,lvis_000000512985_yw_249412,0,background_false_accept
lvis_000000206218,lvis_000000206218_yw_100200,0,background_false_accept
lvis_000000100723,lvis_000000100723_yw_045551,0,background_false_accept
lvis_000000203931,lvis_000000203931_yw_099192,0,background_false_accept
lvis_000000388056,lvis_000000388056_yw_190284,0,background_false_accept
lvis_000000039670,lvis_000000039670_yw_018115,0,background_false_accept
lvis_000000136633,lvis_000000136633_yw_062303,0,background_false_accept
lvis_000000278749,lvis_000000278749_yw_134598,0,background_false_accept
lvis_000000103548,lvis_000000103548_yw_046188,0,background_false_accept
lvis_000000556193,lvis_000000556193_yw_269392,0,background_false_accept
lvis_000000140203,lvis_000000140203_yw_064222,0,background_false_accept
lvis_000000094157,lvis_000000094157_yw_042072,0,background_false_accept
lvis_000000421060,lvis_000000421060_yw_205116,0,background_false_accept
lvis_000000211674,lvis_000000211674_yw_103014,0,background_false_accept
lvis_000000506656,lvis_000000506656_yw_245500,0,background_false_accept
lvis_000000095843,lvis_000000095843_yw_042678,0,background_false_accept
lvis_000000482978,lvis_000000482978_yw_236140,0,background_false_accept
lvis_000000148719,lvis_000000148719_yw_070202,0,background_false_accept
lvis_000000103548,lvis_000000103548_yw_046189,0,background_false_accept
lvis_000000333402,lvis_000000333402_yw_162067,0,background_false_accept
lvis_000000080932,lvis_000000080932_yw_036057,0,background_false_accept
lvis_000000166259,lvis_000000166259_yw_079294,0,background_false_accept
lvis_000000402334,lvis_000000402334_yw_196038,0,background_false_accept
lvis_000000133819,lvis_000000133819_yw_060738,0,background_false_accept
lvis_000000210273,lvis_000000210273_yw_102308,0,background_false_accept
lvis_000000166747,lvis_000000166747_yw_079732,0,background_false_accept
lvis_000000020107,lvis_000000020107_yw_010320,0,background_false_accept
lvis_000000498857,lvis_000000498857_yw_242288,0,unknown_false_accept
lvis_000000144932,lvis_000000144932_yw_067528,0,background_false_accept
lvis_000000578500,lvis_000000578500_yw_280312,0,unknown_false_accept
lvis_000000569030,lvis_000000569030_yw_275753,0,background_false_accept
lvis_000000521719,lvis_000000521719_yw_253541,0,background_false_accept
lvis_000000329041,lvis_000000329041_yw_160349,0,background_false_accept
lvis_000000135890,lvis_000000135890_yw_062092,0,background_false_accept
lvis_000000458223,lvis_000000458223_yw_223714,0,background_false_accept
lvis_000000297595,lvis_000000297595_yw_146524,0,unknown_false_accept
lvis_000000425925,lvis_000000425925_yw_207303,1,known_tp
lvis_000000336658,lvis_000000336658_yw_164526,0,background_false_accept
lvis_000000350122,lvis_000000350122_yw_170842,0,background_false_accept
lvis_000000449312,lvis_000000449312_yw_219302,0,background_false_accept
lvis_000000507223,lvis_000000507223_yw_246267,0,background_false_accept
lvis_000000314914,lvis_000000314914_yw_154948,0,background_false_accept
lvis_000000378139,lvis_000000378139_yw_185997,0,background_false_accept
lvis_000000017714,lvis_000000017714_yw_009060,0,unknown_false_accept
lvis_000000078823,lvis_000000078823_yw_034837,0,background_false_accept
lvis_000000106266,lvis_000000106266_yw_047186,0,background_false_accept
lvis_000000425925,lvis_000000425925_yw_207305,0,background_false_accept
lvis_000000491090,lvis_000000491090_yw_238829,0,background_false_accept
lvis_000000150224,lvis_000000150224_yw_071018,0,background_false_accept
lvis_000000378139,lvis_000000378139_yw_185998,0,background_false_accept
lvis_000000312421,lvis_000000312421_yw_153890,0,background_false_accept
lvis_000000268996,lvis_000000268996_yw_130667,0,background_false_accept
lvis_000000335529,lvis_000000335529_yw_163507,0,wrong_known_class_or_duplicate
lvis_000000471893,lvis_000000471893_yw_230676,0,background_false_accept
lvis_000000493286,lvis_000000493286_yw_240202,0,background_false_accept
lvis_000000324258,lvis_000000324258_yw_158596,0,background_false_accept
lvis_000000167486,lvis_000000167486_yw_080253,0,background_false_accept
lvis_000000157756,lvis_000000157756_yw_074937,0,background_false_accept
lvis_000000203931,lvis_000000203931_yw_099193,0,background_false_accept
lvis_000000495054,lvis_000000495054_yw_241016,0,background_false_accept
lvis_000000273715,lvis_000000273715_yw_132375,0,background_false_accept
lvis_000000203931,lvis_000000203931_yw_099194,0,background_false_accept
lvis_000000021839,lvis_000000021839_yw_010760,0,background_false_accept
lvis_000000148719,lvis_000000148719_yw_070205,0,background_false_accept
lvis_000000125472,lvis_000000125472_yw_055432,0,background_false_accept
lvis_000000025603,lvis_000000025603_yw_012458,0,background_false_accept
lvis_000000203931,lvis_000000203931_yw_099195,0,background_false_accept
lvis_000000356428,lvis_000000356428_yw_173445,0,background_false_accept
lvis_000000425925,lvis_000000425925_yw_207307,0,background_false_accept
lvis_000000374545,lvis_000000374545_yw_182691,0,background_false_accept
lvis_000000421060,lvis_000000421060_yw_205117,0,background_false_accept
lvis_000000563702,lvis_000000563702_yw_273110,0,background_false_accept
lvis_000000203931,lvis_000000203931_yw_099196,0,background_false_accept
lvis_000000495054,lvis_000000495054_yw_241017,0,background_false_accept
lvis_000000335529,lvis_000000335529_yw_163508,0,background_false_accept
lvis_000000210273,lvis_000000210273_yw_102309,0,background_false_accept
lvis_000000147740,lvis_000000147740_yw_069643,0,background_false_accept
lvis_000000436883,lvis_000000436883_yw_213372,0,unknown_false_accept
lvis_000000203931,lvis_000000203931_yw_099197,0,background_false_accept
lvis_000000285349,lvis_000000285349_yw_139040,0,unknown_false_accept
lvis_000000463647,lvis_000000463647_yw_226914,0,background_false_accept
lvis_000000147740,lvis_000000147740_yw_069644,0,background_false_accept
lvis_000000094157,lvis_000000094157_yw_042074,0,background_false_accept
lvis_000000273198,lvis_000000273198_yw_132025,0,background_false_accept
lvis_000000421060,lvis_000000421060_yw_205118,0,background_false_accept
lvis_000000580410,lvis_000000580410_yw_281028,0,background_false_accept
lvis_000000402334,lvis_000000402334_yw_196039,0,background_false_accept
lvis_000000166166,lvis_000000166166_yw_079219,0,background_false_accept
lvis_000000534673,lvis_000000534673_yw_259603,0,background_false_accept
lvis_000000425925,lvis_000000425925_yw_207308,0,background_false_accept
lvis_000000094157,lvis_000000094157_yw_042075,0,background_false_accept
lvis_000000335529,lvis_000000335529_yw_163509,0,background_false_accept
lvis_000000271471,lvis_000000271471_yw_131559,0,background_false_accept
lvis_000000286182,lvis_000000286182_yw_139111,0,unknown_false_accept
lvis_000000374545,lvis_000000374545_yw_182692,0,background_false_accept
lvis_000000064359,lvis_000000064359_yw_028497,0,unknown_false_accept
lvis_000000507223,lvis_000000507223_yw_246270,0,background_false_accept
lvis_000000278749,lvis_000000278749_yw_134599,0,background_false_accept
lvis_000000148719,lvis_000000148719_yw_070207,0,background_false_accept
lvis_000000534041,lvis_000000534041_yw_258935,0,background_false_accept
lvis_000000212573,lvis_000000212573_yw_103644,0,background_false_accept
lvis_000000100723,lvis_000000100723_yw_045553,0,background_false_accept
lvis_000000203931,lvis_000000203931_yw_099198,1,known_tp
lvis_000000170116,lvis_000000170116_yw_081222,0,background_false_accept
lvis_000000568690,lvis_000000568690_yw_275530,0,background_false_accept
lvis_000000288882,lvis_000000288882_yw_140739,0,unknown_false_accept
lvis_000000035279,lvis_000000035279_yw_016373,0,background_false_accept
lvis_000000100723,lvis_000000100723_yw_045554,0,background_false_accept
lvis_000000376625,lvis_000000376625_yw_183854,0,background_false_accept
lvis_000000234757,lvis_000000234757_yw_116437,0,background_false_accept
lvis_000000500211,lvis_000000500211_yw_242720,0,unknown_false_accept
lvis_000000100723,lvis_000000100723_yw_045555,0,background_false_accept
lvis_000000425925,lvis_000000425925_yw_207309,0,background_false_accept
lvis_000000336658,lvis_000000336658_yw_164527,0,background_false_accept
lvis_000000486479,lvis_000000486479_yw_237419,0,unknown_false_accept
lvis_000000350003,lvis_000000350003_yw_170454,0,background_false_accept
lvis_000000227482,lvis_000000227482_yw_111810,0,background_false_accept
lvis_000000511321,lvis_000000511321_yw_248369,0,background_false_accept
lvis_000000271457,lvis_000000271457_yw_131538,0,background_false_accept
lvis_000000278749,lvis_000000278749_yw_134600,0,background_false_accept
lvis_000000441468,lvis_000000441468_yw_215707,0,background_false_accept
lvis_000000100723,lvis_000000100723_yw_045556,0,background_false_accept
lvis_000000356612,lvis_000000356612_yw_173692,0,background_false_accept
lvis_000000203931,lvis_000000203931_yw_099201,0,background_false_accept
lvis_000000425221,lvis_000000425221_yw_206930,0,background_false_accept
lvis_000000513524,lvis_000000513524_yw_249691,0,unknown_false_accept
lvis_000000103548,lvis_000000103548_yw_046192,0,background_false_accept
lvis_000000186345,lvis_000000186345_yw_090568,0,unknown_false_accept
lvis_000000405205,lvis_000000405205_yw_197211,0,wrong_known_class_or_duplicate
lvis_000000211674,lvis_000000211674_yw_103017,0,background_false_accept
lvis_000000389316,lvis_000000389316_yw_191134,0,background_false_accept
lvis_000000009891,lvis_000000009891_yw_004621,0,background_false_accept
lvis_000000336658,lvis_000000336658_yw_164528,0,background_false_accept
lvis_000000491613,lvis_000000491613_yw_239202,0,unknown_false_accept
lvis_000000019042,lvis_000000019042_yw_009796,0,background_false_accept
lvis_000000211674,lvis_000000211674_yw_103018,0,background_false_accept
lvis_000000198915,lvis_000000198915_yw_096888,0,background_false_accept
lvis_000000203931,lvis_000000203931_yw_099203,0,background_false_accept
lvis_000000284762,lvis_000000284762_yw_138879,0,background_false_accept
lvis_000000493286,lvis_000000493286_yw_240204,0,background_false_accept
lvis_000000374545,lvis_000000374545_yw_182694,0,background_false_accept
lvis_000000054628,lvis_000000054628_yw_023466,0,unknown_false_accept
lvis_000000449312,lvis_000000449312_yw_219305,0,background_false_accept
lvis_000000144932,lvis_000000144932_yw_067529,0,background_false_accept
lvis_000000183049,lvis_000000183049_yw_088385,0,unknown_false_accept
lvis_000000561465,lvis_000000561465_yw_271689,0,unknown_false_accept
lvis_000000169169,lvis_000000169169_yw_080776,0,background_false_accept
lvis_000000064359,lvis_000000064359_yw_028498,0,unknown_false_accept
lvis_000000312278,lvis_000000312278_yw_153773,0,background_false_accept
lvis_000000374545,lvis_000000374545_yw_182695,0,background_false_accept
lvis_000000378139,lvis_000000378139_yw_186000,0,background_false_accept
lvis_000000421060,lvis_000000421060_yw_205120,0,background_false_accept
lvis_000000151480,lvis_000000151480_yw_071471,0,background_false_accept
lvis_000000436883,lvis_000000436883_yw_213373,0,background_false_accept
lvis_000000467315,lvis_000000467315_yw_229025,0,unknown_false_accept
lvis_000000433103,lvis_000000433103_yw_211466,0,background_false_accept
lvis_000000436883,lvis_000000436883_yw_213374,0,background_false_accept
lvis_000000203931,lvis_000000203931_yw_099205,0,background_false_accept
lvis_000000203931,lvis_000000203931_yw_099206,0,background_false_accept
lvis_000000350003,lvis_000000350003_yw_170455,0,background_false_accept
lvis_000000383289,lvis_000000383289_yw_188355,0,background_false_accept
lvis_000000203931,lvis_000000203931_yw_099208,0,background_false_accept
lvis_000000210273,lvis_000000210273_yw_102311,0,background_false_accept
lvis_000000203931,lvis_000000203931_yw_099209,0,background_false_accept
lvis_000000214539,lvis_000000214539_yw_105135,0,background_false_accept
lvis_000000276921,lvis_000000276921_yw_133952,0,background_false_accept
lvis_000000466416,lvis_000000466416_yw_228774,0,background_false_accept
lvis_000000440617,lvis_000000440617_yw_215530,0,background_false_accept
lvis_000000226058,lvis_000000226058_yw_110431,0,background_false_accept
lvis_000000211674,lvis_000000211674_yw_103019,0,background_false_accept
lvis_000000328238,lvis_000000328238_yw_159939,0,background_false_accept
lvis_000000343149,lvis_000000343149_yw_167438,0,background_false_accept
lvis_000000378139,lvis_000000378139_yw_186001,0,background_false_accept
lvis_000000211674,lvis_000000211674_yw_103020,1,known_tp
lvis_000000333402,lvis_000000333402_yw_162068,0,background_false_accept
lvis_000000349152,lvis_000000349152_yw_170118,0,background_false_accept
lvis_000000203931,lvis_000000203931_yw_099210,0,background_false_accept
lvis_000000140203,lvis_000000140203_yw_064227,0,wrong_known_class_or_duplicate
lvis_000000080932,lvis_000000080932_yw_036058,0,wrong_known_class_or_duplicate
lvis_000000378515,lvis_000000378515_yw_186296,0,background_false_accept
lvis_000000103548,lvis_000000103548_yw_046193,0,background_false_accept
lvis_000000103548,lvis_000000103548_yw_046194,0,background_false_accept
lvis_000000561958,lvis_000000561958_yw_271855,0,background_false_accept
lvis_000000145020,lvis_000000145020_yw_067668,0,background_false_accept
lvis_000000384513,lvis_000000384513_yw_188871,0,background_false_accept
lvis_000000276055,lvis_000000276055_yw_133635,0,unknown_false_accept
lvis_000000103548,lvis_000000103548_yw_046195,1,known_tp
lvis_000000130826,lvis_000000130826_yw_058622,0,background_false_accept
lvis_000000021839,lvis_000000021839_yw_010763,1,known_tp
lvis_000000120420,lvis_000000120420_yw_052635,0,background_false_accept
lvis_000000203931,lvis_000000203931_yw_099211,0,background_false_accept
lvis_000000423104,lvis_000000423104_yw_205709,0,background_false_accept
lvis_000000169169,lvis_000000169169_yw_080777,0,background_false_accept
lvis_000000186345,lvis_000000186345_yw_090569,0,background_false_accept
lvis_000000255965,lvis_000000255965_yw_124136,0,wrong_known_class_or_duplicate
lvis_000000203931,lvis_000000203931_yw_099212,0,background_false_accept
lvis_000000495054,lvis_000000495054_yw_241019,0,background_false_accept
lvis_000000515579,lvis_000000515579_yw_250760,0,unknown_false_accept
lvis_000000222299,lvis_000000222299_yw_108633,0,background_false_accept
lvis_000000561958,lvis_000000561958_yw_271857,0,background_false_accept
lvis_000000120420,lvis_000000120420_yw_052636,0,background_false_accept
lvis_000000170278,lvis_000000170278_yw_081364,0,unknown_false_accept
lvis_000000268378,lvis_000000268378_yw_130500,0,background_false_accept
lvis_000000578500,lvis_000000578500_yw_280313,0,background_false_accept
lvis_000000396526,lvis_000000396526_yw_193775,0,background_false_accept
lvis_000000377946,lvis_000000377946_yw_185812,0,background_false_accept
lvis_000000211674,lvis_000000211674_yw_103021,0,background_false_accept
lvis_000000103548,lvis_000000103548_yw_046196,0,background_false_accept
lvis_000000057725,lvis_000000057725_yw_025230,0,background_false_accept
lvis_000000116439,lvis_000000116439_yw_051104,0,unknown_false_accept
lvis_000000140203,lvis_000000140203_yw_064228,0,background_false_accept
lvis_000000453040,lvis_000000453040_yw_220658,0,background_false_accept
lvis_000000350122,lvis_000000350122_yw_170848,0,background_false_accept
lvis_000000336658,lvis_000000336658_yw_164529,0,background_false_accept
lvis_000000428111,lvis_000000428111_yw_208985,0,background_false_accept
lvis_000000151480,lvis_000000151480_yw_071473,0,background_false_accept
lvis_000000211674,lvis_000000211674_yw_103022,0,wrong_known_class_or_duplicate
lvis_000000232692,lvis_000000232692_yw_115419,0,background_false_accept
lvis_000000425221,lvis_000000425221_yw_206934,0,background_false_accept
lvis_000000563702,lvis_000000563702_yw_273111,0,background_false_accept
lvis_000000203931,lvis_000000203931_yw_099214,0,background_false_accept
lvis_000000119233,lvis_000000119233_yw_051877,0,background_false_accept
lvis_000000580410,lvis_000000580410_yw_281029,0,background_false_accept
lvis_000000506656,lvis_000000506656_yw_245502,0,background_false_accept
lvis_000000286553,lvis_000000286553_yw_139432,0,background_false_accept
lvis_000000278749,lvis_000000278749_yw_134601,1,known_tp
lvis_000000203931,lvis_000000203931_yw_099215,0,background_false_accept
lvis_000000405432,lvis_000000405432_yw_197510,0,unknown_false_accept
lvis_000000221281,lvis_000000221281_yw_108071,0,background_false_accept
lvis_000000083531,lvis_000000083531_yw_037467,0,unknown_false_accept
lvis_000000169169,lvis_000000169169_yw_080778,0,background_false_accept
lvis_000000203931,lvis_000000203931_yw_099216,0,background_false_accept
lvis_000000350488,lvis_000000350488_yw_171181,0,unknown_false_accept
lvis_000000511076,lvis_000000511076_yw_248169,0,background_false_accept
lvis_000000578545,lvis_000000578545_yw_280335,0,unknown_false_accept
lvis_000000581100,lvis_000000581100_yw_281176,1,known_tp
lvis_000000145591,lvis_000000145591_yw_067888,0,unknown_false_accept
lvis_000000332845,lvis_000000332845_yw_161780,0,background_false_accept
lvis_000000335529,lvis_000000335529_yw_163513,0,background_false_accept
lvis_000000009590,lvis_000000009590_yw_004496,0,background_false_accept
lvis_000000525600,lvis_000000525600_yw_254938,0,background_false_accept
lvis_000000043816,lvis_000000043816_yw_019286,0,background_false_accept
lvis_000000511321,lvis_000000511321_yw_248371,0,background_false_accept
lvis_000000336587,lvis_000000336587_yw_164337,0,background_false_accept
lvis_000000210394,lvis_000000210394_yw_102559,0,background_false_accept
lvis_000000232692,lvis_000000232692_yw_115422,0,background_false_accept
lvis_000000103548,lvis_000000103548_yw_046199,0,background_false_accept
lvis_000000421060,lvis_000000421060_yw_205122,0,background_false_accept
lvis_000000212573,lvis_000000212573_yw_103645,0,background_false_accept
lvis_000000314264,lvis_000000314264_yw_154905,0,background_false_accept
lvis_000000377113,lvis_000000377113_yw_184325,0,background_false_accept
lvis_000000578500,lvis_000000578500_yw_280314,0,background_false_accept
lvis_000000425925,lvis_000000425925_yw_207310,0,background_false_accept
lvis_000000211674,lvis_000000211674_yw_103025,0,background_false_accept
lvis_000000421060,lvis_000000421060_yw_205123,0,background_false_accept
lvis_000000423798,lvis_000000423798_yw_206286,0,background_false_accept
lvis_000000447200,lvis_000000447200_yw_218281,0,background_false_accept
lvis_000000329041,lvis_000000329041_yw_160352,0,background_false_accept
lvis_000000145020,lvis_000000145020_yw_067671,0,background_false_accept
lvis_000000453040,lvis_000000453040_yw_220659,0,background_false_accept
lvis_000000421060,lvis_000000421060_yw_205124,0,background_false_accept
lvis_000000496854,lvis_000000496854_yw_241644,0,background_false_accept
lvis_000000356428,lvis_000000356428_yw_173448,0,background_false_accept
lvis_000000093965,lvis_000000093965_yw_042026,0,background_false_accept
lvis_000000203931,lvis_000000203931_yw_099218,0,background_false_accept
lvis_000000534041,lvis_000000534041_yw_258938,0,background_false_accept
lvis_000000332455,lvis_000000332455_yw_161748,0,background_false_accept
lvis_000000255749,lvis_000000255749_yw_123934,0,background_false_accept
lvis_000000138550,lvis_000000138550_yw_063268,0,background_false_accept
lvis_000000180487,lvis_000000180487_yw_086598,0,background_false_accept
lvis_000000441468,lvis_000000441468_yw_215708,0,background_false_accept
lvis_000000203931,lvis_000000203931_yw_099219,0,background_false_accept
lvis_000000368752,lvis_000000368752_yw_179511,0,background_false_accept
lvis_000000273715,lvis_000000273715_yw_132376,0,background_false_accept
lvis_000000214539,lvis_000000214539_yw_105138,0,background_false_accept
lvis_000000561465,lvis_000000561465_yw_271690,0,background_false_accept
lvis_000000491090,lvis_000000491090_yw_238832,0,wrong_known_class_or_duplicate
lvis_000000203931,lvis_000000203931_yw_099220,0,background_false_accept
lvis_000000350488,lvis_000000350488_yw_171182,0,background_false_accept
lvis_000000466416,lvis_000000466416_yw_228776,0,background_false_accept
lvis_000000378515,lvis_000000378515_yw_186297,0,background_false_accept
lvis_000000295420,lvis_000000295420_yw_144689,0,background_false_accept
lvis_000000242411,lvis_000000242411_yw_118903,0,background_false_accept
lvis_000000561958,lvis_000000561958_yw_271861,0,background_false_accept
lvis_000000414133,lvis_000000414133_yw_202233,0,background_false_accept
lvis_000000203931,lvis_000000203931_yw_099221,1,known_tp
lvis_000000212226,lvis_000000212226_yw_103332,0,background_false_accept
lvis_000000413247,lvis_000000413247_yw_201748,0,background_false_accept
lvis_000000278749,lvis_000000278749_yw_134602,0,background_false_accept
lvis_000000057760,lvis_000000057760_yw_025392,0,unknown_false_accept
lvis_000000413247,lvis_000000413247_yw_201749,0,background_false_accept
lvis_000000482978,lvis_000000482978_yw_236141,0,background_false_accept
lvis_000000166747,lvis_000000166747_yw_079740,0,background_false_accept
lvis_000000203931,lvis_000000203931_yw_099222,0,background_false_accept
lvis_000000376625,lvis_000000376625_yw_183855,0,unknown_false_accept
lvis_000000580410,lvis_000000580410_yw_281030,0,background_false_accept
lvis_000000277005,lvis_000000277005_yw_134049,0,background_false_accept
lvis_000000211042,lvis_000000211042_yw_102858,0,background_false_accept
lvis_000000203931,lvis_000000203931_yw_099223,0,background_false_accept
lvis_000000455937,lvis_000000455937_yw_222541,0,background_false_accept
lvis_000000288685,lvis_000000288685_yw_140456,0,background_false_accept
lvis_000000384513,lvis_000000384513_yw_188873,0,background_false_accept
lvis_000000169169,lvis_000000169169_yw_080779,0,background_false_accept
lvis_000000019042,lvis_000000019042_yw_009798,0,background_false_accept
lvis_000000495054,lvis_000000495054_yw_241020,0,background_false_accept
lvis_000000511076,lvis_000000511076_yw_248172,0,background_false_accept
lvis_000000221872,lvis_000000221872_yw_108379,0,unknown_false_accept
lvis_000000453841,lvis_000000453841_yw_221420,1,known_tp
lvis_000000232692,lvis_000000232692_yw_115424,0,background_false_accept
lvis_000000166478,lvis_000000166478_yw_079511,0,wrong_known_class_or_duplicate
lvis_000000360960,lvis_000000360960_yw_175407,0,background_false_accept
lvis_000000255749,lvis_000000255749_yw_123935,0,background_false_accept
lvis_000000019042,lvis_000000019042_yw_009799,0,background_false_accept
lvis_000000466416,lvis_000000466416_yw_228777,0,background_false_accept
lvis_000000415716,lvis_000000415716_yw_202896,0,background_false_accept
lvis_000000094157,lvis_000000094157_yw_042078,0,background_false_accept
lvis_000000356612,lvis_000000356612_yw_173694,1,known_tp
lvis_000000222299,lvis_000000222299_yw_108634,0,background_false_accept
lvis_000000500211,lvis_000000500211_yw_242721,0,unknown_false_accept
lvis_000000043816,lvis_000000043816_yw_019287,0,background_false_accept
lvis_000000234366,lvis_000000234366_yw_116180,0,background_false_accept
lvis_000000013729,lvis_000000013729_yw_006638,0,background_false_accept
lvis_000000214539,lvis_000000214539_yw_105141,0,background_false_accept
lvis_000000136633,lvis_000000136633_yw_062305,0,background_false_accept
lvis_000000333402,lvis_000000333402_yw_162070,0,background_false_accept
lvis_000000388056,lvis_000000388056_yw_190289,0,background_false_accept
lvis_000000449312,lvis_000000449312_yw_219307,0,background_false_accept
lvis_000000356428,lvis_000000356428_yw_173450,0,background_false_accept
lvis_000000289938,lvis_000000289938_yw_141438,0,background_false_accept
lvis_000000578500,lvis_000000578500_yw_280315,0,background_false_accept
lvis_000000285047,lvis_000000285047_yw_138994,0,background_false_accept
lvis_000000158548,lvis_000000158548_yw_075260,0,background_false_accept
lvis_000000350122,lvis_000000350122_yw_170851,0,background_false_accept
lvis_000000356428,lvis_000000356428_yw_173451,0,background_false_accept
lvis_000000569273,lvis_000000569273_yw_275978,0,wrong_known_class_or_duplicate
lvis_000000463647,lvis_000000463647_yw_226919,0,background_false_accept
lvis_000000349184,lvis_000000349184_yw_170170,0,background_false_accept
lvis_000000425925,lvis_000000425925_yw_207311,0,background_false_accept
lvis_000000427649,lvis_000000427649_yw_208497,0,background_false_accept
lvis_000000121497,lvis_000000121497_yw_053193,0,background_false_accept
lvis_000000100723,lvis_000000100723_yw_045563,0,background_false_accept
lvis_000000147740,lvis_000000147740_yw_069645,0,background_false_accept
lvis_000000396729,lvis_000000396729_yw_193881,0,unknown_false_accept
lvis_000000200152,lvis_000000200152_yw_097446,0,background_false_accept
lvis_000000210394,lvis_000000210394_yw_102562,0,background_false_accept
lvis_000000322968,lvis_000000322968_yw_157788,0,background_false_accept
lvis_000000140203,lvis_000000140203_yw_064229,0,background_false_accept
lvis_000000203931,lvis_000000203931_yw_099225,0,background_false_accept
lvis_000000203931,lvis_000000203931_yw_099226,0,background_false_accept
lvis_000000211674,lvis_000000211674_yw_103026,0,background_false_accept
lvis_000000211042,lvis_000000211042_yw_102859,0,background_false_accept
lvis_000000561958,lvis_000000561958_yw_271862,0,background_false_accept
lvis_000000252559,lvis_000000252559_yw_122411,0,background_false_accept
lvis_000000138550,lvis_000000138550_yw_063269,0,background_false_accept
lvis_000000119365,lvis_000000119365_yw_051920,0,background_false_accept
lvis_000000322968,lvis_000000322968_yw_157789,0,background_false_accept
lvis_000000350122,lvis_000000350122_yw_170853,0,background_false_accept
lvis_000000022479,lvis_000000022479_yw_010946,0,background_false_accept
lvis_000000205282,lvis_000000205282_yw_099797,0,background_false_accept
lvis_000000363840,lvis_000000363840_yw_177466,0,background_false_accept
lvis_000000343149,lvis_000000343149_yw_167439,0,unknown_false_accept
lvis_000000441468,lvis_000000441468_yw_215709,0,background_false_accept
lvis_000000322968,lvis_000000322968_yw_157790,0,background_false_accept
lvis_000000283037,lvis_000000283037_yw_137547,0,background_false_accept
lvis_000000203931,lvis_000000203931_yw_099229,1,known_tp
lvis_000000405691,lvis_000000405691_yw_197540,0,background_false_accept
lvis_000000496854,lvis_000000496854_yw_241645,0,background_false_accept
lvis_000000347456,lvis_000000347456_yw_169673,0,unknown_false_accept
lvis_000000320743,lvis_000000320743_yw_157032,0,background_false_accept
lvis_000000336587,lvis_000000336587_yw_164338,0,background_false_accept
lvis_000000092416,lvis_000000092416_yw_041585,0,background_false_accept
lvis_000000203931,lvis_000000203931_yw_099230,0,background_false_accept
lvis_000000212226,lvis_000000212226_yw_103333,0,background_false_accept
lvis_000000210273,lvis_000000210273_yw_102320,0,background_false_accept
lvis_000000495054,lvis_000000495054_yw_241021,0,background_false_accept
lvis_000000150224,lvis_000000150224_yw_071020,0,background_false_accept
lvis_000000405432,lvis_000000405432_yw_197511,0,unknown_false_accept
lvis_000000421060,lvis_000000421060_yw_205126,0,background_false_accept
lvis_000000145020,lvis_000000145020_yw_067674,0,background_false_accept
lvis_000000170116,lvis_000000170116_yw_081227,0,background_false_accept
lvis_000000463647,lvis_000000463647_yw_226921,0,background_false_accept
lvis_000000169169,lvis_000000169169_yw_080780,0,background_false_accept
lvis_000000161642,lvis_000000161642_yw_076916,0,background_false_accept
lvis_000000120420,lvis_000000120420_yw_052639,0,background_false_accept
lvis_000000493286,lvis_000000493286_yw_240209,0,background_false_accept
lvis_000000350003,lvis_000000350003_yw_170456,0,background_false_accept
lvis_000000555972,lvis_000000555972_yw_269309,0,unknown_false_accept
lvis_000000506656,lvis_000000506656_yw_245504,0,background_false_accept
lvis_000000377946,lvis_000000377946_yw_185817,0,background_false_accept
lvis_000000376625,lvis_000000376625_yw_183857,1,known_tp
lvis_000000350003,lvis_000000350003_yw_170457,0,background_false_accept
lvis_000000151480,lvis_000000151480_yw_071475,0,background_false_accept
lvis_000000421060,lvis_000000421060_yw_205127,0,background_false_accept
lvis_000000212573,lvis_000000212573_yw_103647,1,known_tp
lvis_000000288685,lvis_000000288685_yw_140459,0,background_false_accept
lvis_000000423798,lvis_000000423798_yw_206287,0,background_false_accept
lvis_000000453841,lvis_000000453841_yw_221422,0,background_false_accept
lvis_000000277005,lvis_000000277005_yw_134055,0,background_false_accept
lvis_000000332845,lvis_000000332845_yw_161781,0,unknown_false_accept
lvis_000000273715,lvis_000000273715_yw_132377,0,background_false_accept
lvis_000000495054,lvis_000000495054_yw_241022,0,background_false_accept
lvis_000000223789,lvis_000000223789_yw_109433,0,unknown_false_accept
lvis_000000119365,lvis_000000119365_yw_051921,0,background_false_accept
lvis_000000569972,lvis_000000569972_yw_276125,0,background_false_accept
lvis_000000262938,lvis_000000262938_yw_127855,0,wrong_known_class_or_duplicate
lvis_000000277005,lvis_000000277005_yw_134056,0,background_false_accept
lvis_000000133819,lvis_000000133819_yw_060746,0,background_false_accept
lvis_000000035279,lvis_000000035279_yw_016374,0,unknown_false_accept
lvis_000000211674,lvis_000000211674_yw_103028,0,background_false_accept
lvis_000000347930,lvis_000000347930_yw_169775,0,background_false_accept
lvis_000000161925,lvis_000000161925_yw_077059,0,background_false_accept
lvis_000000144932,lvis_000000144932_yw_067531,0,background_false_accept
lvis_000000318114,lvis_000000318114_yw_155681,0,unknown_false_accept
lvis_000000100723,lvis_000000100723_yw_045566,0,background_false_accept
lvis_000000203931,lvis_000000203931_yw_099231,0,background_false_accept
lvis_000000277005,lvis_000000277005_yw_134058,0,background_false_accept
lvis_000000413247,lvis_000000413247_yw_201753,0,background_false_accept
lvis_000000203931,lvis_000000203931_yw_099232,0,background_false_accept
lvis_000000453841,lvis_000000453841_yw_221424,0,background_false_accept
lvis_000000500211,lvis_000000500211_yw_242722,0,background_false_accept
lvis_000000244379,lvis_000000244379_yw_119742,0,background_false_accept
lvis_000000150224,lvis_000000150224_yw_071021,0,background_false_accept
lvis_000000135890,lvis_000000135890_yw_062093,0,background_false_accept
lvis_000000221281,lvis_000000221281_yw_108072,0,unknown_false_accept
lvis_000000376625,lvis_000000376625_yw_183858,0,background_false_accept
lvis_000000056288,lvis_000000056288_yw_024256,0,unknown_false_accept
lvis_000000210394,lvis_000000210394_yw_102567,0,background_false_accept
lvis_000000169169,lvis_000000169169_yw_080781,0,background_false_accept
lvis_000000402334,lvis_000000402334_yw_196040,0,background_false_accept
lvis_000000421060,lvis_000000421060_yw_205128,0,background_false_accept
lvis_000000495054,lvis_000000495054_yw_241023,0,background_false_accept
lvis_000000335529,lvis_000000335529_yw_163515,0,background_false_accept
lvis_000000475904,lvis_000000475904_yw_232435,0,background_false_accept
lvis_000000069795,lvis_000000069795_yw_031132,0,unknown_false_accept
lvis_000000193494,lvis_000000193494_yw_094916,0,background_false_accept
lvis_000000450100,lvis_000000450100_yw_219891,0,unknown_false_accept
lvis_000000511076,lvis_000000511076_yw_248176,0,background_false_accept
lvis_000000561958,lvis_000000561958_yw_271864,0,background_false_accept
lvis_000000581100,lvis_000000581100_yw_281177,0,background_false_accept
lvis_000000533145,lvis_000000533145_yw_258536,0,unknown_false_accept
lvis_000000234366,lvis_000000234366_yw_116183,0,background_false_accept
lvis_000000335529,lvis_000000335529_yw_163516,0,background_false_accept
lvis_000000414133,lvis_000000414133_yw_202234,0,background_false_accept
lvis_000000384513,lvis_000000384513_yw_188874,0,background_false_accept
lvis_000000421060,lvis_000000421060_yw_205129,0,background_false_accept
lvis_000000323751,lvis_000000323751_yw_158200,0,background_false_accept
lvis_000000210273,lvis_000000210273_yw_102322,0,background_false_accept
lvis_000000378515,lvis_000000378515_yw_186299,0,background_false_accept
lvis_000000413247,lvis_000000413247_yw_201754,0,background_false_accept
lvis_000000581100,lvis_000000581100_yw_281178,0,background_false_accept
lvis_000000277005,lvis_000000277005_yw_134059,0,background_false_accept
lvis_000000511321,lvis_000000511321_yw_248372,0,background_false_accept
lvis_000000534673,lvis_000000534673_yw_259608,0,background_false_accept
lvis_000000312421,lvis_000000312421_yw_153896,0,wrong_known_class_or_duplicate
lvis_000000203931,lvis_000000203931_yw_099234,0,background_false_accept
lvis_000000273198,lvis_000000273198_yw_132026,0,background_false_accept
lvis_000000234757,lvis_000000234757_yw_116438,0,background_false_accept
lvis_000000206218,lvis_000000206218_yw_100202,0,background_false_accept
lvis_000000009448,lvis_000000009448_yw_004440,0,background_false_accept
lvis_000000252559,lvis_000000252559_yw_122413,0,background_false_accept
lvis_000000348012,lvis_000000348012_yw_169801,0,unknown_false_accept
lvis_000000226154,lvis_000000226154_yw_110505,0,background_false_accept
lvis_000000388056,lvis_000000388056_yw_190294,0,background_false_accept
lvis_000000203931,lvis_000000203931_yw_099235,0,background_false_accept
lvis_000000322968,lvis_000000322968_yw_157791,0,background_false_accept
lvis_000000009590,lvis_000000009590_yw_004499,0,background_false_accept
lvis_000000425925,lvis_000000425925_yw_207313,0,background_false_accept
lvis_000000377113,lvis_000000377113_yw_184327,0,background_false_accept
lvis_000000335529,lvis_000000335529_yw_163517,0,background_false_accept
lvis_000000009891,lvis_000000009891_yw_004624,0,background_false_accept
lvis_000000157756,lvis_000000157756_yw_074941,0,background_false_accept
lvis_000000193743,lvis_000000193743_yw_095087,0,background_false_accept
lvis_000000563702,lvis_000000563702_yw_273112,0,background_false_accept
lvis_000000561958,lvis_000000561958_yw_271867,0,background_false_accept
lvis_000000436883,lvis_000000436883_yw_213378,0,background_false_accept
lvis_000000407574,lvis_000000407574_yw_198190,0,background_false_accept
lvis_000000100723,lvis_000000100723_yw_045570,0,background_false_accept
lvis_000000409424,lvis_000000409424_yw_199072,0,unknown_false_accept
lvis_000000155291,lvis_000000155291_yw_073559,0,wrong_known_class_or_duplicate
lvis_000000212573,lvis_000000212573_yw_103648,0,background_false_accept
lvis_000000383921,lvis_000000383921_yw_188754,0,background_false_accept
lvis_000000232692,lvis_000000232692_yw_115425,0,background_false_accept
lvis_000000415716,lvis_000000415716_yw_202897,0,background_false_accept
lvis_000000421060,lvis_000000421060_yw_205130,0,background_false_accept
lvis_000000349860,lvis_000000349860_yw_170344,0,background_false_accept
lvis_000000500211,lvis_000000500211_yw_242723,0,unknown_false_accept
lvis_000000133819,lvis_000000133819_yw_060748,0,background_false_accept
lvis_000000382125,lvis_000000382125_yw_188214,0,wrong_known_class_or_duplicate
lvis_000000145020,lvis_000000145020_yw_067676,0,background_false_accept
lvis_000000037740,lvis_000000037740_yw_017079,0,unknown_false_accept
lvis_000000500211,lvis_000000500211_yw_242724,0,background_false_accept
lvis_000000019042,lvis_000000019042_yw_009800,0,background_false_accept
lvis_000000100723,lvis_000000100723_yw_045572,0,background_false_accept
lvis_000000449312,lvis_000000449312_yw_219308,0,background_false_accept
lvis_000000277005,lvis_000000277005_yw_134060,0,background_false_accept
lvis_000000317999,lvis_000000317999_yw_155649,0,unknown_false_accept
lvis_000000335529,lvis_000000335529_yw_163518,0,background_false_accept
lvis_000000133819,lvis_000000133819_yw_060749,0,background_false_accept
lvis_000000094157,lvis_000000094157_yw_042081,0,background_false_accept
lvis_000000529966,lvis_000000529966_yw_256653,0,background_false_accept
lvis_000000094157,lvis_000000094157_yw_042082,0,background_false_accept
lvis_000000064359,lvis_000000064359_yw_028499,0,unknown_false_accept
lvis_000000335529,lvis_000000335529_yw_163519,0,background_false_accept
lvis_000000226058,lvis_000000226058_yw_110432,0,unknown_false_accept
lvis_000000356612,lvis_000000356612_yw_173697,0,background_false_accept
lvis_000000502599,lvis_000000502599_yw_244234,0,background_false_accept
lvis_000000463283,lvis_000000463283_yw_226464,0,background_false_accept
lvis_000000100723,lvis_000000100723_yw_045575,0,background_false_accept
lvis_000000203931,lvis_000000203931_yw_099240,0,background_false_accept
lvis_000000561958,lvis_000000561958_yw_271870,0,background_false_accept
lvis_000000463647,lvis_000000463647_yw_226923,0,background_false_accept
lvis_000000534673,lvis_000000534673_yw_259609,0,background_false_accept
lvis_000000521719,lvis_000000521719_yw_253544,0,background_false_accept
lvis_000000203931,lvis_000000203931_yw_099241,0,background_false_accept
lvis_000000495054,lvis_000000495054_yw_241024,0,background_false_accept
lvis_000000276055,lvis_000000276055_yw_133636,0,background_false_accept
lvis_000000569030,lvis_000000569030_yw_275762,0,background_false_accept
lvis_000000350607,lvis_000000350607_yw_171201,0,background_false_accept
lvis_000000019042,lvis_000000019042_yw_009801,0,background_false_accept
lvis_000000210394,lvis_000000210394_yw_102571,0,background_false_accept
lvis_000000273198,lvis_000000273198_yw_132027,0,background_false_accept
lvis_000000466416,lvis_000000466416_yw_228779,0,background_false_accept
lvis_000000491613,lvis_000000491613_yw_239203,0,background_false_accept
lvis_000000239347,lvis_000000239347_yw_117745,0,background_false_accept
lvis_000000210394,lvis_000000210394_yw_102572,0,background_false_accept
lvis_000000444879,lvis_000000444879_yw_217663,0,background_false_accept
lvis_000000360960,lvis_000000360960_yw_175408,0,background_false_accept
lvis_000000441468,lvis_000000441468_yw_215712,0,background_false_accept
lvis_000000581100,lvis_000000581100_yw_281180,0,unknown_false_accept
lvis_000000521719,lvis_000000521719_yw_253545,0,background_false_accept
lvis_000000382125,lvis_000000382125_yw_188215,0,background_false_accept
lvis_000000336658,lvis_000000336658_yw_164531,0,background_false_accept
lvis_000000210273,lvis_000000210273_yw_102325,0,background_false_accept
lvis_000000242411,lvis_000000242411_yw_118904,0,background_false_accept
lvis_000000348708,lvis_000000348708_yw_169947,0,unknown_false_accept
lvis_000000425226,lvis_000000425226_yw_207061,0,unknown_false_accept
lvis_000000150649,lvis_000000150649_yw_071311,0,background_false_accept
lvis_000000436883,lvis_000000436883_yw_213379,0,background_false_accept
lvis_000000087476,lvis_000000087476_yw_039903,0,background_false_accept
lvis_000000458410,lvis_000000458410_yw_224015,0,background_false_accept
lvis_000000534673,lvis_000000534673_yw_259610,0,background_false_accept
lvis_000000184338,lvis_000000184338_yw_089714,0,background_false_accept
lvis_000000413247,lvis_000000413247_yw_201756,0,background_false_accept
lvis_000000100723,lvis_000000100723_yw_045576,0,background_false_accept
lvis_000000170116,lvis_000000170116_yw_081230,0,background_false_accept
lvis_000000226058,lvis_000000226058_yw_110433,0,unknown_false_accept
lvis_000000214539,lvis_000000214539_yw_105148,0,background_false_accept
lvis_000000193494,lvis_000000193494_yw_094917,0,background_false_accept
lvis_000000423104,lvis_000000423104_yw_205710,0,background_false_accept
lvis_000000360960,lvis_000000360960_yw_175409,0,unknown_false_accept
lvis_000000534673,lvis_000000534673_yw_259611,0,background_false_accept
lvis_000000285894,lvis_000000285894_yw_139083,0,background_false_accept
lvis_000000507223,lvis_000000507223_yw_246280,0,background_false_accept
lvis_000000203931,lvis_000000203931_yw_099244,0,background_false_accept
lvis_000000145020,lvis_000000145020_yw_067680,0,background_false_accept
lvis_000000569030,lvis_000000569030_yw_275763,0,background_false_accept
lvis_000000019042,lvis_000000019042_yw_009802,0,background_false_accept
lvis_000000349184,lvis_000000349184_yw_170171,0,background_false_accept
lvis_000000009590,lvis_000000009590_yw_004501,0,background_false_accept
lvis_000000491130,lvis_000000491130_yw_238905,1,known_tp
lvis_000000203931,lvis_000000203931_yw_099246,0,background_false_accept
lvis_000000035279,lvis_000000035279_yw_016375,0,background_false_accept
lvis_000000551815,lvis_000000551815_yw_267345,0,background_false_accept
lvis_000000376625,lvis_000000376625_yw_183860,0,background_false_accept
lvis_000000312421,lvis_000000312421_yw_153900,0,background_false_accept
lvis_000000413247,lvis_000000413247_yw_201757,0,background_false_accept
lvis_000000413247,lvis_000000413247_yw_201758,0,background_false_accept
lvis_000000568690,lvis_000000568690_yw_275531,0,background_false_accept
lvis_000000203931,lvis_000000203931_yw_099247,1,known_tp
lvis_000000022479,lvis_000000022479_yw_010947,0,background_false_accept
lvis_000000378139,lvis_000000378139_yw_186008,0,background_false_accept
lvis_000000561958,lvis_000000561958_yw_271874,0,background_false_accept
lvis_000000376625,lvis_000000376625_yw_183861,0,background_false_accept
lvis_000000136633,lvis_000000136633_yw_062308,0,background_false_accept
lvis_000000210273,lvis_000000210273_yw_102326,0,background_false_accept
lvis_000000210273,lvis_000000210273_yw_102327,0,background_false_accept
lvis_000000180487,lvis_000000180487_yw_086599,0,background_false_accept
lvis_000000335529,lvis_000000335529_yw_163522,0,background_false_accept
lvis_000000203931,lvis_000000203931_yw_099248,0,background_false_accept
lvis_000000130826,lvis_000000130826_yw_058625,0,background_false_accept
lvis_000000578545,lvis_000000578545_yw_280336,0,background_false_accept
lvis_000000106912,lvis_000000106912_yw_047442,0,background_false_accept
lvis_000000100723,lvis_000000100723_yw_045578,0,background_false_accept
lvis_000000336658,lvis_000000336658_yw_164533,0,background_false_accept
lvis_000000103548,lvis_000000103548_yw_046211,0,background_false_accept
lvis_000000388056,lvis_000000388056_yw_190295,0,background_false_accept
lvis_000000421060,lvis_000000421060_yw_205131,0,background_false_accept
lvis_000000192047,lvis_000000192047_yw_094102,0,unknown_false_accept
lvis_000000496854,lvis_000000496854_yw_241648,0,background_false_accept
lvis_000000203931,lvis_000000203931_yw_099249,0,background_false_accept
lvis_000000569030,lvis_000000569030_yw_275766,0,background_false_accept
lvis_000000534041,lvis_000000534041_yw_258942,0,wrong_known_class_or_duplicate
lvis_000000025603,lvis_000000025603_yw_012461,0,background_false_accept
lvis_000000350003,lvis_000000350003_yw_170458,0,background_false_accept
lvis_000000493286,lvis_000000493286_yw_240213,0,wrong_known_class_or_duplicate
lvis_000000234366,lvis_000000234366_yw_116186,0,background_false_accept
lvis_000000085157,lvis_000000085157_yw_038621,0,unknown_false_accept
lvis_000000425925,lvis_000000425925_yw_207316,0,background_false_accept
lvis_000000312421,lvis_000000312421_yw_153901,0,background_false_accept
lvis_000000563702,lvis_000000563702_yw_273113,0,background_false_accept
lvis_000000212226,lvis_000000212226_yw_103334,0,background_false_accept
lvis_000000453841,lvis_000000453841_yw_221425,0,background_false_accept
lvis_000000436883,lvis_000000436883_yw_213380,0,background_false_accept
lvis_000000203931,lvis_000000203931_yw_099250,0,background_false_accept
lvis_000000210394,lvis_000000210394_yw_102573,0,background_false_accept
lvis_000000226154,lvis_000000226154_yw_110506,0,background_false_accept
lvis_000000414133,lvis_000000414133_yw_202235,0,wrong_known_class_or_duplicate
lvis_000000233238,lvis_000000233238_yw_115611,0,background_false_accept
lvis_000000129492,lvis_000000129492_yw_057804,0,background_false_accept
lvis_000000196185,lvis_000000196185_yw_096226,0,background_false_accept
lvis_000000320743,lvis_000000320743_yw_157035,0,background_false_accept
lvis_000000318455,lvis_000000318455_yw_155741,0,background_false_accept
lvis_000000322968,lvis_000000322968_yw_157793,0,background_false_accept
lvis_000000347930,lvis_000000347930_yw_169776,0,unknown_false_accept
lvis_000000328238,lvis_000000328238_yw_159945,0,background_false_accept
lvis_000000495054,lvis_000000495054_yw_241025,0,background_false_accept
lvis_000000534673,lvis_000000534673_yw_259612,0,background_false_accept
lvis_000000095843,lvis_000000095843_yw_042679,0,background_false_accept
lvis_000000370042,lvis_000000370042_yw_180606,0,background_false_accept
lvis_000000421060,lvis_000000421060_yw_205132,0,background_false_accept
lvis_000000103548,lvis_000000103548_yw_046213,0,background_false_accept
lvis_000000471893,lvis_000000471893_yw_230679,0,unknown_false_accept
lvis_000000496854,lvis_000000496854_yw_241649,0,background_false_accept
lvis_000000414133,lvis_000000414133_yw_202236,1,known_tp
lvis_000000145020,lvis_000000145020_yw_067681,0,background_false_accept
lvis_000000507223,lvis_000000507223_yw_246282,0,background_false_accept
lvis_000000374545,lvis_000000374545_yw_182701,0,wrong_known_class_or_duplicate
lvis_000000433103,lvis_000000433103_yw_211479,0,background_false_accept
lvis_000000322968,lvis_000000322968_yw_157794,0,background_false_accept
lvis_000000203931,lvis_000000203931_yw_099252,0,background_false_accept
lvis_000000495054,lvis_000000495054_yw_241026,0,background_false_accept
lvis_000000336658,lvis_000000336658_yw_164534,0,background_false_accept
lvis_000000125472,lvis_000000125472_yw_055433,0,unknown_false_accept
lvis_000000203931,lvis_000000203931_yw_099253,0,background_false_accept
lvis_000000285349,lvis_000000285349_yw_139042,0,unknown_false_accept
lvis_000000506656,lvis_000000506656_yw_245505,0,background_false_accept
lvis_000000169169,lvis_000000169169_yw_080786,0,background_false_accept
lvis_000000210273,lvis_000000210273_yw_102328,0,background_false_accept
lvis_000000507223,lvis_000000507223_yw_246283,0,background_false_accept
lvis_000000328238,lvis_000000328238_yw_159946,0,background_false_accept
lvis_000000377113,lvis_000000377113_yw_184331,0,background_false_accept
lvis_000000378139,lvis_000000378139_yw_186009,0,background_false_accept
lvis_000000376625,lvis_000000376625_yw_183862,0,background_false_accept
lvis_000000211674,lvis_000000211674_yw_103034,0,background_false_accept
lvis_000000262938,lvis_000000262938_yw_127856,0,background_false_accept
lvis_000000335529,lvis_000000335529_yw_163523,0,background_false_accept
lvis_000000527220,lvis_000000527220_yw_255601,0,background_false_accept
lvis_000000100723,lvis_000000100723_yw_045581,0,background_false_accept
lvis_000000374545,lvis_000000374545_yw_182702,0,background_false_accept
lvis_000000022479,lvis_000000022479_yw_010948,0,background_false_accept
lvis_000000581100,lvis_000000581100_yw_281181,0,wrong_known_class_or_duplicate
lvis_000000534673,lvis_000000534673_yw_259613,0,background_false_accept
lvis_000000019042,lvis_000000019042_yw_009803,0,background_false_accept
lvis_000000421060,lvis_000000421060_yw_205133,0,background_false_accept
lvis_000000561958,lvis_000000561958_yw_271876,0,background_false_accept
lvis_000000210394,lvis_000000210394_yw_102574,0,background_false_accept
lvis_000000349860,lvis_000000349860_yw_170346,0,background_false_accept
lvis_000000136633,lvis_000000136633_yw_062309,0,background_false_accept
lvis_000000336658,lvis_000000336658_yw_164535,0,background_false_accept
lvis_000000506656,lvis_000000506656_yw_245506,0,background_false_accept
lvis_000000232692,lvis_000000232692_yw_115427,0,background_false_accept
lvis_000000211674,lvis_000000211674_yw_103035,0,background_false_accept
lvis_000000507223,lvis_000000507223_yw_246285,0,background_false_accept
lvis_000000370042,lvis_000000370042_yw_180607,0,background_false_accept
lvis_000000019042,lvis_000000019042_yw_009805,0,background_false_accept
lvis_000000092416,lvis_000000092416_yw_041587,0,background_false_accept
lvis_000000247917,lvis_000000247917_yw_120931,0,background_false_accept
lvis_000000383921,lvis_000000383921_yw_188755,0,background_false_accept
lvis_000000377946,lvis_000000377946_yw_185819,0,background_false_accept
lvis_000000350122,lvis_000000350122_yw_170856,0,background_false_accept
lvis_000000210273,lvis_000000210273_yw_102330,0,background_false_accept
lvis_000000231879,lvis_000000231879_yw_115113,0,background_false_accept
lvis_000000425925,lvis_000000425925_yw_207320,0,background_false_accept
lvis_000000147740,lvis_000000147740_yw_069648,0,background_false_accept
lvis_000000350003,lvis_000000350003_yw_170460,0,background_false_accept
lvis_000000521719,lvis_000000521719_yw_253548,0,background_false_accept
lvis_000000511321,lvis_000000511321_yw_248373,0,background_false_accept
lvis_000000125472,lvis_000000125472_yw_055434,0,background_false_accept
lvis_000000356612,lvis_000000356612_yw_173702,0,background_false_accept
lvis_000000423798,lvis_000000423798_yw_206288,0,background_false_accept
lvis_000000171611,lvis_000000171611_yw_082144,0,background_false_accept
lvis_000000396200,lvis_000000396200_yw_193553,0,background_false_accept
lvis_000000425925,lvis_000000425925_yw_207321,0,background_false_accept
lvis_000000569976,lvis_000000569976_yw_276150,0,unknown_false_accept
lvis_000000336658,lvis_000000336658_yw_164536,0,background_false_accept
lvis_000000211674,lvis_000000211674_yw_103036,0,background_false_accept
lvis_000000094157,lvis_000000094157_yw_042083,0,background_false_accept
lvis_000000431727,lvis_000000431727_yw_210607,0,background_false_accept
lvis_000000413247,lvis_000000413247_yw_201759,0,background_false_accept
lvis_000000009891,lvis_000000009891_yw_004626,1,known_tp
lvis_000000288685,lvis_000000288685_yw_140464,0,background_false_accept
lvis_000000009891,lvis_000000009891_yw_004627,0,background_false_accept
lvis_000000561465,lvis_000000561465_yw_271691,0,background_false_accept
lvis_000000133819,lvis_000000133819_yw_060753,0,background_false_accept
lvis_000000041888,lvis_000000041888_yw_018680,0,background_false_accept
lvis_000000210273,lvis_000000210273_yw_102331,0,background_false_accept
lvis_000000533536,lvis_000000533536_yw_258570,0,unknown_false_accept
lvis_000000405205,lvis_000000405205_yw_197214,0,background_false_accept
lvis_000000203931,lvis_000000203931_yw_099254,0,background_false_accept
lvis_000000145020,lvis_000000145020_yw_067682,0,wrong_known_class_or_duplicate
lvis_000000184338,lvis_000000184338_yw_089715,0,background_false_accept
lvis_000000496854,lvis_000000496854_yw_241652,0,background_false_accept
lvis_000000425925,lvis_000000425925_yw_207322,0,background_false_accept
lvis_000000374545,lvis_000000374545_yw_182705,0,background_false_accept
lvis_000000441468,lvis_000000441468_yw_215713,0,background_false_accept
lvis_000000073118,lvis_000000073118_yw_032135,0,background_false_accept
lvis_000000210394,lvis_000000210394_yw_102575,0,background_false_accept
lvis_000000533536,lvis_000000533536_yw_258571,0,wrong_known_class_or_duplicate
lvis_000000210394,lvis_000000210394_yw_102576,0,background_false_accept
lvis_000000333402,lvis_000000333402_yw_162072,0,background_false_accept
lvis_000000396526,lvis_000000396526_yw_193776,0,background_false_accept
lvis_000000080932,lvis_000000080932_yw_036061,0,background_false_accept
lvis_000000277005,lvis_000000277005_yw_134062,0,background_false_accept
lvis_000000013729,lvis_000000013729_yw_006640,0,background_false_accept
lvis_000000001818,lvis_000000001818_yw_001054,0,unknown_false_accept
lvis_000000210273,lvis_000000210273_yw_102332,0,background_false_accept
lvis_000000425221,lvis_000000425221_yw_206940,0,background_false_accept
lvis_000000277005,lvis_000000277005_yw_134063,0,background_false_accept
lvis_000000203931,lvis_000000203931_yw_099255,0,background_false_accept
lvis_000000242411,lvis_000000242411_yw_118908,0,background_false_accept
lvis_000000145020,lvis_000000145020_yw_067683,0,background_false_accept
lvis_000000349860,lvis_000000349860_yw_170347,0,background_false_accept
lvis_000000336658,lvis_000000336658_yw_164537,0,background_false_accept
lvis_000000119365,lvis_000000119365_yw_051922,0,background_false_accept
lvis_000000203931,lvis_000000203931_yw_099256,0,background_false_accept
lvis_000000210394,lvis_000000210394_yw_102577,0,background_false_accept
lvis_000000405205,lvis_000000405205_yw_197215,0,background_false_accept
lvis_000000203931,lvis_000000203931_yw_099257,0,background_false_accept
lvis_000000378515,lvis_000000378515_yw_186303,0,background_false_accept
lvis_000000455937,lvis_000000455937_yw_222544,0,unknown_false_accept
lvis_000000441468,lvis_000000441468_yw_215714,0,background_false_accept
lvis_000000361506,lvis_000000361506_yw_176082,0,background_false_accept
lvis_000000119365,lvis_000000119365_yw_051923,0,background_false_accept
lvis_000000377946,lvis_000000377946_yw_185820,0,background_false_accept
lvis_000000121497,lvis_000000121497_yw_053197,0,background_false_accept
lvis_000000100723,lvis_000000100723_yw_045585,0,background_false_accept
lvis_000000322968,lvis_000000322968_yw_157796,0,background_false_accept
lvis_000000278749,lvis_000000278749_yw_134608,0,background_false_accept
lvis_000000203931,lvis_000000203931_yw_099260,0,background_false_accept
lvis_000000440617,lvis_000000440617_yw_215531,0,background_false_accept
lvis_000000242411,lvis_000000242411_yw_118909,0,background_false_accept
lvis_000000378139,lvis_000000378139_yw_186011,0,background_false_accept
lvis_000000534673,lvis_000000534673_yw_259614,0,background_false_accept
lvis_000000169169,lvis_000000169169_yw_080787,0,background_false_accept
lvis_000000043816,lvis_000000043816_yw_019288,0,background_false_accept
lvis_000000288685,lvis_000000288685_yw_140466,0,background_false_accept
lvis_000000210273,lvis_000000210273_yw_102334,0,background_false_accept
lvis_000000374545,lvis_000000374545_yw_182706,0,background_false_accept
lvis_000000456292,lvis_000000456292_yw_222644,0,background_false_accept
lvis_000000019042,lvis_000000019042_yw_009807,0,background_false_accept
lvis_000000322968,lvis_000000322968_yw_157797,0,background_false_accept
lvis_000000268996,lvis_000000268996_yw_130668,0,background_false_accept
lvis_000000163951,lvis_000000163951_yw_078485,0,background_false_accept
lvis_000000019042,lvis_000000019042_yw_009808,0,background_false_accept
lvis_000000350003,lvis_000000350003_yw_170461,0,background_false_accept
lvis_000000393115,lvis_000000393115_yw_192231,0,background_false_accept
lvis_000000054628,lvis_000000054628_yw_023467,0,background_false_accept
lvis_000000441468,lvis_000000441468_yw_215715,0,background_false_accept
lvis_000000158548,lvis_000000158548_yw_075262,0,background_false_accept
lvis_000000466416,lvis_000000466416_yw_228781,0,background_false_accept
lvis_000000144932,lvis_000000144932_yw_067533,0,background_false_accept
lvis_000000436883,lvis_000000436883_yw_213382,0,background_false_accept
lvis_000000057725,lvis_000000057725_yw_025231,0,background_false_accept
lvis_000000360325,lvis_000000360325_yw_175153,0,background_false_accept
lvis_000000100723,lvis_000000100723_yw_045586,0,background_false_accept
lvis_000000203931,lvis_000000203931_yw_099262,0,background_false_accept
lvis_000000350122,lvis_000000350122_yw_170859,0,background_false_accept
lvis_000000360960,lvis_000000360960_yw_175410,0,background_false_accept
lvis_000000171611,lvis_000000171611_yw_082146,0,background_false_accept
lvis_000000103548,lvis_000000103548_yw_046217,0,background_false_accept
lvis_000000211825,lvis_000000211825_yw_103230,0,background_false_accept
lvis_000000196185,lvis_000000196185_yw_096228,0,background_false_accept
lvis_000000158548,lvis_000000158548_yw_075263,0,background_false_accept
lvis_000000561958,lvis_000000561958_yw_271879,0,unknown_false_accept
lvis_000000060363,lvis_000000060363_yw_026515,1,known_tp
lvis_000000210273,lvis_000000210273_yw_102335,0,background_false_accept
lvis_000000130826,lvis_000000130826_yw_058629,0,background_false_accept
lvis_000000283037,lvis_000000283037_yw_137548,0,background_false_accept
lvis_000000363840,lvis_000000363840_yw_177467,0,background_false_accept
lvis_000000563702,lvis_000000563702_yw_273116,0,background_false_accept
lvis_000000277005,lvis_000000277005_yw_134064,0,background_false_accept
lvis_000000048396,lvis_000000048396_yw_020704,0,background_false_accept
lvis_000000561958,lvis_000000561958_yw_271880,0,background_false_accept
lvis_000000521719,lvis_000000521719_yw_253550,0,background_false_accept
lvis_000000100723,lvis_000000100723_yw_045587,0,background_false_accept
lvis_000000094157,lvis_000000094157_yw_042086,0,background_false_accept
lvis_000000068387,lvis_000000068387_yw_030613,0,background_false_accept
lvis_000000157756,lvis_000000157756_yw_074942,0,background_false_accept
lvis_000000103548,lvis_000000103548_yw_046220,0,background_false_accept
lvis_000000200152,lvis_000000200152_yw_097447,0,background_false_accept
lvis_000000180487,lvis_000000180487_yw_086600,0,background_false_accept
lvis_000000359677,lvis_000000359677_yw_174813,0,background_false_accept
lvis_000000511321,lvis_000000511321_yw_248375,0,background_false_accept
lvis_000000229553,lvis_000000229553_yw_112895,0,unknown_false_accept
lvis_000000581100,lvis_000000581100_yw_281182,0,background_false_accept
lvis_000000278749,lvis_000000278749_yw_134609,0,background_false_accept
lvis_000000210273,lvis_000000210273_yw_102336,0,background_false_accept
lvis_000000370042,lvis_000000370042_yw_180608,0,background_false_accept
lvis_000000359219,lvis_000000359219_yw_174775,0,unknown_false_accept
lvis_000000092416,lvis_000000092416_yw_041588,0,background_false_accept
lvis_000000378515,lvis_000000378515_yw_186304,0,background_false_accept
lvis_000000377946,lvis_000000377946_yw_185821,0,background_false_accept
lvis_000000211674,lvis_000000211674_yw_103037,0,background_false_accept
lvis_000000312421,lvis_000000312421_yw_153904,0,background_false_accept
lvis_000000413247,lvis_000000413247_yw_201761,0,background_false_accept
lvis_000000221281,lvis_000000221281_yw_108073,0,background_false_accept
lvis_000000349860,lvis_000000349860_yw_170348,0,background_false_accept
lvis_000000534673,lvis_000000534673_yw_259615,0,background_false_accept
lvis_000000370042,lvis_000000370042_yw_180609,0,background_false_accept
lvis_000000436883,lvis_000000436883_yw_213385,0,background_false_accept
lvis_000000279769,lvis_000000279769_yw_135314,0,background_false_accept
lvis_000000377946,lvis_000000377946_yw_185822,0,background_false_accept
lvis_000000491130,lvis_000000491130_yw_238906,0,background_false_accept
lvis_000000100723,lvis_000000100723_yw_045590,0,background_false_accept
lvis_000000312278,lvis_000000312278_yw_153774,0,background_false_accept
lvis_000000257370,lvis_000000257370_yw_125003,0,background_false_accept
lvis_000000277005,lvis_000000277005_yw_134066,0,background_false_accept
lvis_000000277005,lvis_000000277005_yw_134067,0,background_false_accept
lvis_000000335529,lvis_000000335529_yw_163527,0,background_false_accept
lvis_000000561958,lvis_000000561958_yw_271881,0,background_false_accept
lvis_000000436883,lvis_000000436883_yw_213386,0,background_false_accept
lvis_000000482978,lvis_000000482978_yw_236142,0,unknown_false_accept
lvis_000000336658,lvis_000000336658_yw_164539,0,background_false_accept
lvis_000000441468,lvis_000000441468_yw_215716,0,background_false_accept
lvis_000000203931,lvis_000000203931_yw_099266,0,background_false_accept
lvis_000000210394,lvis_000000210394_yw_102581,0,background_false_accept
lvis_000000336658,lvis_000000336658_yw_164540,0,background_false_accept
lvis_000000491130,lvis_000000491130_yw_238907,0,background_false_accept
lvis_000000500211,lvis_000000500211_yw_242725,0,background_false_accept
lvis_000000203931,lvis_000000203931_yw_099267,0,background_false_accept
lvis_000000021839,lvis_000000021839_yw_010767,0,background_false_accept
lvis_000000158548,lvis_000000158548_yw_075264,0,background_false_accept
lvis_000000203931,lvis_000000203931_yw_099268,0,background_false_accept
lvis_000000379332,lvis_000000379332_yw_186900,0,background_false_accept
lvis_000000113720,lvis_000000113720_yw_049687,0,background_false_accept
lvis_000000333402,lvis_000000333402_yw_162074,0,background_false_accept
lvis_000000211674,lvis_000000211674_yw_103038,0,background_false_accept
lvis_000000276055,lvis_000000276055_yw_133638,0,unknown_false_accept
lvis_000000203931,lvis_000000203931_yw_099269,0,background_false_accept
lvis_000000496854,lvis_000000496854_yw_241655,0,background_false_accept
lvis_000000396200,lvis_000000396200_yw_193554,0,background_false_accept
lvis_000000211674,lvis_000000211674_yw_103039,0,background_false_accept
lvis_000000192047,lvis_000000192047_yw_094103,0,unknown_false_accept
lvis_000000013729,lvis_000000013729_yw_006641,0,background_false_accept
lvis_000000133819,lvis_000000133819_yw_060757,0,background_false_accept
lvis_000000145020,lvis_000000145020_yw_067686,0,background_false_accept
lvis_000000396200,lvis_000000396200_yw_193555,0,background_false_accept
lvis_000000166166,lvis_000000166166_yw_079221,0,unknown_false_accept
lvis_000000203931,lvis_000000203931_yw_099270,0,background_false_accept
lvis_000000349152,lvis_000000349152_yw_170122,0,unknown_false_accept
lvis_000000561958,lvis_000000561958_yw_271882,0,background_false_accept
lvis_000000203931,lvis_000000203931_yw_099271,0,background_false_accept
lvis_000000569030,lvis_000000569030_yw_275767,0,background_false_accept
lvis_000000322968,lvis_000000322968_yw_157799,0,background_false_accept
lvis_000000242411,lvis_000000242411_yw_118910,0,background_false_accept
lvis_000000133819,lvis_000000133819_yw_060758,0,background_false_accept
lvis_000000374545,lvis_000000374545_yw_182708,0,background_false_accept
lvis_000000148719,lvis_000000148719_yw_070213,0,background_false_accept
lvis_000000273198,lvis_000000273198_yw_132029,0,background_false_accept
lvis_000000569030,lvis_000000569030_yw_275768,0,background_false_accept
lvis_000000525600,lvis_000000525600_yw_254939,0,unknown_false_accept
lvis_000000360325,lvis_000000360325_yw_175155,0,wrong_known_class_or_duplicate
lvis_000000569976,lvis_000000569976_yw_276151,0,background_false_accept
lvis_000000392818,lvis_000000392818_yw_192039,0,background_false_accept
lvis_000000210273,lvis_000000210273_yw_102338,0,background_false_accept
lvis_000000155291,lvis_000000155291_yw_073560,0,background_false_accept
lvis_000000312278,lvis_000000312278_yw_153775,0,background_false_accept
lvis_000000120420,lvis_000000120420_yw_052641,0,background_false_accept
lvis_000000203931,lvis_000000203931_yw_099272,0,background_false_accept
lvis_000000350122,lvis_000000350122_yw_170860,0,background_false_accept
lvis_000000210273,lvis_000000210273_yw_102339,0,background_false_accept
lvis_000000273198,lvis_000000273198_yw_132030,0,background_false_accept
lvis_000000319696,lvis_000000319696_yw_156547,0,unknown_false_accept
lvis_000000396200,lvis_000000396200_yw_193556,0,background_false_accept
lvis_000000148719,lvis_000000148719_yw_070215,0,background_false_accept
lvis_000000130826,lvis_000000130826_yw_058630,0,background_false_accept
lvis_000000283037,lvis_000000283037_yw_137549,0,background_false_accept
lvis_000000377113,lvis_000000377113_yw_184339,0,background_false_accept
lvis_000000450202,lvis_000000450202_yw_219917,0,background_false_accept
lvis_000000100723,lvis_000000100723_yw_045592,0,background_false_accept
lvis_000000171611,lvis_000000171611_yw_082147,0,background_false_accept
lvis_000000378139,lvis_000000378139_yw_186014,0,wrong_known_class_or_duplicate
lvis_000000203931,lvis_000000203931_yw_099273,0,background_false_accept
lvis_000000130826,lvis_000000130826_yw_058631,0,background_false_accept
lvis_000000561958,lvis_000000561958_yw_271885,0,background_false_accept
lvis_000000356612,lvis_000000356612_yw_173704,0,background_false_accept
lvis_000000210394,lvis_000000210394_yw_102582,0,background_false_accept
lvis_000000133969,lvis_000000133969_yw_061062,0,background_false_accept
lvis_000000190637,lvis_000000190637_yw_092826,0,background_false_accept
lvis_000000028809,lvis_000000028809_yw_013339,0,background_false_accept
lvis_000000140203,lvis_000000140203_yw_064238,0,background_false_accept
lvis_000000138550,lvis_000000138550_yw_063270,0,background_false_accept
lvis_000000203931,lvis_000000203931_yw_099276,0,background_false_accept
lvis_000000361506,lvis_000000361506_yw_176083,0,background_false_accept
lvis_000000506656,lvis_000000506656_yw_245507,0,background_false_accept
lvis_000000347930,lvis_000000347930_yw_169778,0,unknown_false_accept
lvis_000000377946,lvis_000000377946_yw_185823,0,background_false_accept
lvis_000000463647,lvis_000000463647_yw_226926,0,background_false_accept
lvis_000000347456,lvis_000000347456_yw_169674,0,background_false_accept
lvis_000000210273,lvis_000000210273_yw_102341,0,background_false_accept
lvis_000000466416,lvis_000000466416_yw_228782,0,background_false_accept
lvis_000000563702,lvis_000000563702_yw_273117,0,background_false_accept
lvis_000000421060,lvis_000000421060_yw_205134,0,background_false_accept
lvis_000000059920,lvis_000000059920_yw_026372,0,background_false_accept
lvis_000000384513,lvis_000000384513_yw_188876,0,background_false_accept
lvis_000000322968,lvis_000000322968_yw_157800,0,background_false_accept
lvis_000000456292,lvis_000000456292_yw_222645,0,background_false_accept
lvis_000000166166,lvis_000000166166_yw_079222,0,background_false_accept
lvis_000000288882,lvis_000000288882_yw_140740,0,unknown_false_accept
lvis_000000507223,lvis_000000507223_yw_246290,0,background_false_accept
lvis_000000463647,lvis_000000463647_yw_226927,0,background_false_accept
lvis_000000374545,lvis_000000374545_yw_182709,0,background_false_accept
lvis_000000211069,lvis_000000211069_yw_102885,0,unknown_false_accept
lvis_000000211674,lvis_000000211674_yw_103043,0,background_false_accept
lvis_000000458255,lvis_000000458255_yw_223744,0,unknown_false_accept
lvis_000000103548,lvis_000000103548_yw_046223,0,background_false_accept
lvis_000000288685,lvis_000000288685_yw_140471,0,background_false_accept
lvis_000000210273,lvis_000000210273_yw_102343,0,background_false_accept
lvis_000000211674,lvis_000000211674_yw_103044,0,background_false_accept
lvis_000000379332,lvis_000000379332_yw_186902,0,background_false_accept
lvis_000000383921,lvis_000000383921_yw_188757,0,background_false_accept
lvis_000000396200,lvis_000000396200_yw_193558,0,background_false_accept
lvis_000000093965,lvis_000000093965_yw_042027,0,unknown_false_accept
lvis_000000171611,lvis_000000171611_yw_082148,0,background_false_accept
lvis_000000295420,lvis_000000295420_yw_144690,0,background_false_accept
lvis_000000103548,lvis_000000103548_yw_046224,0,background_false_accept
lvis_000000289938,lvis_000000289938_yw_141441,0,background_false_accept
lvis_000000100723,lvis_000000100723_yw_045598,0,background_false_accept
lvis_000000158548,lvis_000000158548_yw_075265,0,background_false_accept
lvis_000000234366,lvis_000000234366_yw_116187,0,background_false_accept
lvis_000000094157,lvis_000000094157_yw_042087,0,background_false_accept
lvis_000000569976,lvis_000000569976_yw_276152,0,unknown_false_accept
lvis_000000378515,lvis_000000378515_yw_186305,0,background_false_accept
lvis_000000458255,lvis_000000458255_yw_223745,0,unknown_false_accept
lvis_000000511076,lvis_000000511076_yw_248184,0,background_false_accept
lvis_000000242411,lvis_000000242411_yw_118912,0,background_false_accept
lvis_000000021839,lvis_000000021839_yw_010768,0,background_false_accept
lvis_000000100723,lvis_000000100723_yw_045599,0,background_false_accept
lvis_000000285047,lvis_000000285047_yw_138997,0,background_false_accept
lvis_000000148719,lvis_000000148719_yw_070219,0,background_false_accept
lvis_000000169169,lvis_000000169169_yw_080789,0,background_false_accept
lvis_000000360325,lvis_000000360325_yw_175156,1,known_tp
lvis_000000453841,lvis_000000453841_yw_221426,0,background_false_accept
lvis_000000100723,lvis_000000100723_yw_045600,0,background_false_accept
lvis_000000581100,lvis_000000581100_yw_281184,0,background_false_accept
lvis_000000563702,lvis_000000563702_yw_273118,0,background_false_accept
lvis_000000150224,lvis_000000150224_yw_071022,0,background_false_accept
lvis_000000022479,lvis_000000022479_yw_010950,0,background_false_accept
lvis_000000458223,lvis_000000458223_yw_223715,0,background_false_accept
lvis_000000031217,lvis_000000031217_yw_014134,0,unknown_false_accept
lvis_000000368752,lvis_000000368752_yw_179516,0,wrong_known_class_or_duplicate
lvis_000000289938,lvis_000000289938_yw_141442,0,wrong_known_class_or_duplicate
lvis_000000203931,lvis_000000203931_yw_099282,0,background_false_accept
lvis_000000336658,lvis_000000336658_yw_164542,0,background_false_accept
lvis_000000203931,lvis_000000203931_yw_099283,0,background_false_accept
lvis_000000295420,lvis_000000295420_yw_144691,0,background_false_accept
lvis_000000332845,lvis_000000332845_yw_161784,0,background_false_accept
lvis_000000158548,lvis_000000158548_yw_075266,0,background_false_accept
lvis_000000495054,lvis_000000495054_yw_241028,0,background_false_accept
lvis_000000166259,lvis_000000166259_yw_079295,0,background_false_accept
lvis_000000226154,lvis_000000226154_yw_110507,0,background_false_accept
lvis_000000496854,lvis_000000496854_yw_241659,0,background_false_accept
lvis_000000019042,lvis_000000019042_yw_009809,0,background_false_accept
lvis_000000378139,lvis_000000378139_yw_186016,0,background_false_accept
lvis_000000361506,lvis_000000361506_yw_176084,0,background_false_accept
lvis_000000450202,lvis_000000450202_yw_219918,0,unknown_false_accept
lvis_000000025603,lvis_000000025603_yw_012464,0,background_false_accept
lvis_000000350003,lvis_000000350003_yw_170463,0,background_false_accept
lvis_000000402334,lvis_000000402334_yw_196042,0,background_false_accept
lvis_000000170116,lvis_000000170116_yw_081237,0,wrong_known_class_or_duplicate
lvis_000000100723,lvis_000000100723_yw_045601,0,background_false_accept
lvis_000000374545,lvis_000000374545_yw_182712,0,background_false_accept
lvis_000000359677,lvis_000000359677_yw_174814,0,background_false_accept
lvis_000000278749,lvis_000000278749_yw_134612,0,background_false_accept
lvis_000000263403,lvis_000000263403_yw_127915,0,unknown_false_accept
lvis_000000360960,lvis_000000360960_yw_175411,0,background_false_accept
lvis_000000145020,lvis_000000145020_yw_067689,0,background_false_accept
lvis_000000322968,lvis_000000322968_yw_157802,0,background_false_accept
lvis_000000147740,lvis_000000147740_yw_069651,0,background_false_accept
lvis_000000580410,lvis_000000580410_yw_281034,0,background_false_accept
lvis_000000336658,lvis_000000336658_yw_164543,0,background_false_accept
lvis_000000133969,lvis_000000133969_yw_061066,0,background_false_accept
lvis_000000322968,lvis_000000322968_yw_157803,0,background_false_accept
lvis_000000388056,lvis_000000388056_yw_190304,0,background_false_accept
lvis_000000163951,lvis_000000163951_yw_078486,0,unknown_false_accept
lvis_000000129492,lvis_000000129492_yw_057806,0,wrong_known_class_or_duplicate
lvis_000000019042,lvis_000000019042_yw_009811,0,background_false_accept
lvis_000000339442,lvis_000000339442_yw_166226,0,unknown_false_accept
lvis_000000423104,lvis_000000423104_yw_205713,0,background_false_accept
lvis_000000232692,lvis_000000232692_yw_115429,0,background_false_accept
lvis_000000361506,lvis_000000361506_yw_176086,0,background_false_accept
lvis_000000421060,lvis_000000421060_yw_205135,0,background_false_accept
lvis_000000067315,lvis_000000067315_yw_030374,0,background_false_accept
lvis_000000203931,lvis_000000203931_yw_099285,0,background_false_accept
lvis_000000328238,lvis_000000328238_yw_159950,0,background_false_accept
lvis_000000407574,lvis_000000407574_yw_198191,0,background_false_accept
lvis_000000222299,lvis_000000222299_yw_108635,0,background_false_accept
lvis_000000383289,lvis_000000383289_yw_188361,0,background_false_accept
lvis_000000511076,lvis_000000511076_yw_248188,0,background_false_accept
lvis_000000446574,lvis_000000446574_yw_218073,0,background_false_accept
lvis_000000145020,lvis_000000145020_yw_067690,0,background_false_accept
lvis_000000161925,lvis_000000161925_yw_077060,0,background_false_accept
lvis_000000234366,lvis_000000234366_yw_116188,0,background_false_accept
lvis_000000278705,lvis_000000278705_yw_134488,0,background_false_accept
lvis_000000205282,lvis_000000205282_yw_099798,0,background_false_accept
lvis_000000203931,lvis_000000203931_yw_099286,0,background_false_accept
lvis_000000581100,lvis_000000581100_yw_281185,0,background_false_accept
lvis_000000156643,lvis_000000156643_yw_074523,0,unknown_false_accept
lvis_000000255749,lvis_000000255749_yw_123937,0,background_false_accept
lvis_000000210394,lvis_000000210394_yw_102585,0,background_false_accept
lvis_000000203931,lvis_000000203931_yw_099287,0,background_false_accept
lvis_000000210394,lvis_000000210394_yw_102586,0,background_false_accept
lvis_000000356612,lvis_000000356612_yw_173707,0,background_false_accept
lvis_000000283037,lvis_000000283037_yw_137550,0,background_false_accept
lvis_000000206218,lvis_000000206218_yw_100204,0,background_false_accept
lvis_000000534041,lvis_000000534041_yw_258947,0,background_false_accept
lvis_000000144932,lvis_000000144932_yw_067535,0,background_false_accept
lvis_000000103548,lvis_000000103548_yw_046227,0,background_false_accept
lvis_000000335529,lvis_000000335529_yw_163531,0,background_false_accept
lvis_000000138550,lvis_000000138550_yw_063271,0,background_false_accept
lvis_000000223789,lvis_000000223789_yw_109434,0,unknown_false_accept
lvis_000000534673,lvis_000000534673_yw_259618,0,background_false_accept
lvis_000000151480,lvis_000000151480_yw_071482,0,background_false_accept
lvis_000000561958,lvis_000000561958_yw_271891,0,background_false_accept
lvis_000000392818,lvis_000000392818_yw_192040,0,background_false_accept
lvis_000000232692,lvis_000000232692_yw_115430,0,background_false_accept
lvis_000000019042,lvis_000000019042_yw_009812,1,known_tp
lvis_000000057725,lvis_000000057725_yw_025233,0,background_false_accept
lvis_000000184338,lvis_000000184338_yw_089717,0,background_false_accept
lvis_000000011149,lvis_000000011149_yw_004949,0,wrong_known_class_or_duplicate
lvis_000000453040,lvis_000000453040_yw_220662,0,background_false_accept
lvis_000000057725,lvis_000000057725_yw_025234,0,background_false_accept
lvis_000000465718,lvis_000000465718_yw_228315,0,background_false_accept
lvis_000000278749,lvis_000000278749_yw_134613,0,background_false_accept
lvis_000000336658,lvis_000000336658_yw_164544,0,background_false_accept
lvis_000000537991,lvis_000000537991_yw_260791,0,background_false_accept
lvis_000000425221,lvis_000000425221_yw_206941,0,background_false_accept
lvis_000000476215,lvis_000000476215_yw_232523,0,background_false_accept
lvis_000000232692,lvis_000000232692_yw_115431,0,background_false_accept
lvis_000000021839,lvis_000000021839_yw_010770,0,background_false_accept
lvis_000000145020,lvis_000000145020_yw_067693,0,background_false_accept
lvis_000000094157,lvis_000000094157_yw_042088,0,background_false_accept
lvis_000000378139,lvis_000000378139_yw_186017,0,background_false_accept
lvis_000000425925,lvis_000000425925_yw_207324,0,background_false_accept
lvis_000000009891,lvis_000000009891_yw_004631,0,background_false_accept
lvis_000000035279,lvis_000000035279_yw_016377,0,background_false_accept
lvis_000000156643,lvis_000000156643_yw_074524,0,unknown_false_accept
lvis_000000347930,lvis_000000347930_yw_169779,0,unknown_false_accept
lvis_000000271471,lvis_000000271471_yw_131560,0,background_false_accept
lvis_000000463037,lvis_000000463037_yw_226261,0,background_false_accept
lvis_000000453841,lvis_000000453841_yw_221428,0,background_false_accept
lvis_000000396200,lvis_000000396200_yw_193559,0,background_false_accept
lvis_000000019042,lvis_000000019042_yw_009814,0,background_false_accept
lvis_000000312421,lvis_000000312421_yw_153910,0,wrong_known_class_or_duplicate
lvis_000000289938,lvis_000000289938_yw_141443,0,background_false_accept
lvis_000000330369,lvis_000000330369_yw_160960,0,background_false_accept
lvis_000000396729,lvis_000000396729_yw_193882,0,background_false_accept
lvis_000000415536,lvis_000000415536_yw_202865,0,background_false_accept
lvis_000000206218,lvis_000000206218_yw_100205,0,background_false_accept
lvis_000000211825,lvis_000000211825_yw_103231,0,background_false_accept
lvis_000000336658,lvis_000000336658_yw_164545,0,background_false_accept
lvis_000000169169,lvis_000000169169_yw_080790,0,background_false_accept
lvis_000000273198,lvis_000000273198_yw_132032,0,background_false_accept
lvis_000000347930,lvis_000000347930_yw_169780,0,background_false_accept
lvis_000000453841,lvis_000000453841_yw_221429,0,background_false_accept
lvis_000000019042,lvis_000000019042_yw_009815,0,background_false_accept
lvis_000000248314,lvis_000000248314_yw_121084,0,background_false_accept
lvis_000000356428,lvis_000000356428_yw_173457,0,background_false_accept
lvis_000000444275,lvis_000000444275_yw_217647,0,background_false_accept
lvis_000000405205,lvis_000000405205_yw_197217,0,background_false_accept
lvis_000000268378,lvis_000000268378_yw_130501,0,background_false_accept
lvis_000000496854,lvis_000000496854_yw_241660,0,background_false_accept
lvis_000000430056,lvis_000000430056_yw_210233,0,unknown_false_accept
lvis_000000370042,lvis_000000370042_yw_180610,0,background_false_accept
lvis_000000140203,lvis_000000140203_yw_064242,0,background_false_accept
lvis_000000436883,lvis_000000436883_yw_213390,0,background_false_accept
lvis_000000581100,lvis_000000581100_yw_281187,0,background_false_accept
lvis_000000425925,lvis_000000425925_yw_207325,0,background_false_accept
lvis_000000155291,lvis_000000155291_yw_073562,0,background_false_accept
lvis_000000080932,lvis_000000080932_yw_036063,0,background_false_accept
lvis_000000529966,lvis_000000529966_yw_256654,0,background_false_accept
lvis_000000120420,lvis_000000120420_yw_052642,0,background_false_accept
lvis_000000169169,lvis_000000169169_yw_080792,0,background_false_accept
lvis_000000284762,lvis_000000284762_yw_138881,0,wrong_known_class_or_duplicate
lvis_000000021167,lvis_000000021167_yw_010655,0,background_false_accept
lvis_000000103548,lvis_000000103548_yw_046229,0,background_false_accept
lvis_000000169169,lvis_000000169169_yw_080793,0,background_false_accept
lvis_000000534673,lvis_000000534673_yw_259622,0,background_false_accept
lvis_000000350122,lvis_000000350122_yw_170865,0,background_false_accept
lvis_000000507223,lvis_000000507223_yw_246295,0,background_false_accept
lvis_000000166259,lvis_000000166259_yw_079296,0,background_false_accept
lvis_000000245915,lvis_000000245915_yw_120494,0,unknown_false_accept
lvis_000000349860,lvis_000000349860_yw_170349,0,background_false_accept
lvis_000000331569,lvis_000000331569_yw_161494,0,unknown_false_accept
lvis_000000203931,lvis_000000203931_yw_099292,0,background_false_accept
lvis_000000046378,lvis_000000046378_yw_020072,0,background_false_accept
lvis_000000203931,lvis_000000203931_yw_099293,0,background_false_accept
lvis_000000323751,lvis_000000323751_yw_158202,0,wrong_known_class_or_duplicate
lvis_000000349860,lvis_000000349860_yw_170350,0,background_false_accept
lvis_000000289938,lvis_000000289938_yw_141444,0,background_false_accept
lvis_000000561958,lvis_000000561958_yw_271895,0,background_false_accept
lvis_000000378515,lvis_000000378515_yw_186307,0,background_false_accept
lvis_000000388056,lvis_000000388056_yw_190310,0,background_false_accept
lvis_000000335529,lvis_000000335529_yw_163533,0,background_false_accept
lvis_000000203931,lvis_000000203931_yw_099295,0,background_false_accept
lvis_000000157756,lvis_000000157756_yw_074944,0,background_false_accept
lvis_000000496854,lvis_000000496854_yw_241662,0,background_false_accept
lvis_000000320743,lvis_000000320743_yw_157036,0,background_false_accept
lvis_000000405205,lvis_000000405205_yw_197218,0,background_false_accept
lvis_000000491613,lvis_000000491613_yw_239204,0,background_false_accept
lvis_000000379332,lvis_000000379332_yw_186903,0,background_false_accept
lvis_000000333956,lvis_000000333956_yw_162320,0,background_false_accept
lvis_000000203931,lvis_000000203931_yw_099297,0,background_false_accept
lvis_000000203931,lvis_000000203931_yw_099298,0,background_false_accept
lvis_000000561958,lvis_000000561958_yw_271898,0,background_false_accept
lvis_000000378515,lvis_000000378515_yw_186308,0,background_false_accept
lvis_000000267903,lvis_000000267903_yw_130221,0,unknown_false_accept
lvis_000000336658,lvis_000000336658_yw_164546,0,background_false_accept
lvis_000000203931,lvis_000000203931_yw_099300,0,background_false_accept
lvis_000000210394,lvis_000000210394_yw_102587,0,background_false_accept
lvis_000000484978,lvis_000000484978_yw_236803,0,background_false_accept
lvis_000000058705,lvis_000000058705_yw_025777,0,background_false_accept
lvis_000000169169,lvis_000000169169_yw_080794,0,background_false_accept
lvis_000000203931,lvis_000000203931_yw_099301,0,background_false_accept
lvis_000000495054,lvis_000000495054_yw_241029,0,background_false_accept
lvis_000000374545,lvis_000000374545_yw_182714,0,background_false_accept
lvis_000000116439,lvis_000000116439_yw_051105,0,background_false_accept
lvis_000000211674,lvis_000000211674_yw_103054,0,background_false_accept
lvis_000000203931,lvis_000000203931_yw_099302,0,background_false_accept
lvis_000000221281,lvis_000000221281_yw_108074,0,unknown_false_accept
lvis_000000356612,lvis_000000356612_yw_173710,0,background_false_accept
lvis_000000221281,lvis_000000221281_yw_108075,0,background_false_accept
lvis_000000211674,lvis_000000211674_yw_103055,0,background_false_accept
lvis_000000019042,lvis_000000019042_yw_009816,0,background_false_accept
lvis_000000075456,lvis_000000075456_yw_033061,0,background_false_accept
lvis_000000377113,lvis_000000377113_yw_184343,0,background_false_accept
lvis_000000384513,lvis_000000384513_yw_188879,0,background_false_accept
lvis_000000087476,lvis_000000087476_yw_039916,0,wrong_known_class_or_duplicate
lvis_000000025603,lvis_000000025603_yw_012467,0,background_false_accept
lvis_000000212226,lvis_000000212226_yw_103336,0,background_false_accept
lvis_000000210273,lvis_000000210273_yw_102349,0,background_false_accept
lvis_000000019042,lvis_000000019042_yw_009817,0,background_false_accept
lvis_000000232692,lvis_000000232692_yw_115433,0,background_false_accept
lvis_000000312421,lvis_000000312421_yw_153913,0,unknown_false_accept
lvis_000000083531,lvis_000000083531_yw_037472,0,background_false_accept
lvis_000000133969,lvis_000000133969_yw_061068,0,background_false_accept
lvis_000000118209,lvis_000000118209_yw_051673,0,background_false_accept
lvis_000000529568,lvis_000000529568_yw_256550,0,background_false_accept
lvis_000000555972,lvis_000000555972_yw_269311,0,unknown_false_accept
lvis_000000580410,lvis_000000580410_yw_281035,0,background_false_accept
lvis_000000525600,lvis_000000525600_yw_254940,0,unknown_false_accept
lvis_000000557172,lvis_000000557172_yw_269417,0,unknown_false_accept
lvis_000000289938,lvis_000000289938_yw_141445,0,background_false_accept
lvis_000000569030,lvis_000000569030_yw_275773,0,background_false_accept
lvis_000000196185,lvis_000000196185_yw_096229,0,background_false_accept
lvis_000000349860,lvis_000000349860_yw_170351,0,background_false_accept
lvis_000000356261,lvis_000000356261_yw_172993,0,background_false_accept
lvis_000000039670,lvis_000000039670_yw_018118,0,background_false_accept
lvis_000000170116,lvis_000000170116_yw_081240,0,background_false_accept
lvis_000000019042,lvis_000000019042_yw_009818,0,background_false_accept
lvis_000000100723,lvis_000000100723_yw_045612,0,background_false_accept
lvis_000000324258,lvis_000000324258_yw_158601,0,background_false_accept
lvis_000000413247,lvis_000000413247_yw_201763,0,background_false_accept
lvis_000000136633,lvis_000000136633_yw_062311,0,background_false_accept
lvis_000000278749,lvis_000000278749_yw_134615,0,background_false_accept
lvis_000000100723,lvis_000000100723_yw_045613,0,background_false_accept
lvis_000000028452,lvis_000000028452_yw_013338,0,unknown_false_accept
lvis_000000376625,lvis_000000376625_yw_183867,0,background_false_accept
lvis_000000374545,lvis_000000374545_yw_182715,0,background_false_accept
lvis_000000522889,lvis_000000522889_yw_253865,0,background_false_accept
lvis_000000569976,lvis_000000569976_yw_276155,0,background_false_accept
lvis_000000129492,lvis_000000129492_yw_057808,0,background_false_accept
lvis_000000335529,lvis_000000335529_yw_163536,0,background_false_accept
lvis_000000495054,lvis_000000495054_yw_241030,0,background_false_accept
lvis_000000374545,lvis_000000374545_yw_182716,0,background_false_accept
lvis_000000203931,lvis_000000203931_yw_099305,0,background_false_accept
lvis_000000568584,lvis_000000568584_yw_275485,0,background_false_accept
lvis_000000453841,lvis_000000453841_yw_221432,0,background_false_accept
lvis_000000295420,lvis_000000295420_yw_144692,0,background_false_accept
lvis_000000171611,lvis_000000171611_yw_082150,0,background_false_accept
lvis_000000425925,lvis_000000425925_yw_207328,0,background_false_accept
lvis_000000145020,lvis_000000145020_yw_067696,0,background_false_accept
lvis_000000268378,lvis_000000268378_yw_130502,0,background_false_accept
lvis_000000119365,lvis_000000119365_yw_051928,0,background_false_accept
lvis_000000135890,lvis_000000135890_yw_062096,0,background_false_accept
lvis_000000569030,lvis_000000569030_yw_275774,0,background_false_accept
lvis_000000158548,lvis_000000158548_yw_075268,1,known_tp
lvis_000000213935,lvis_000000213935_yw_104938,0,background_false_accept
lvis_000000323751,lvis_000000323751_yw_158203,0,background_false_accept
lvis_000000441468,lvis_000000441468_yw_215717,0,background_false_accept
lvis_000000511321,lvis_000000511321_yw_248377,0,background_false_accept
lvis_000000147740,lvis_000000147740_yw_069655,0,background_false_accept
lvis_000000203931,lvis_000000203931_yw_099306,0,background_false_accept
lvis_000000203931,lvis_000000203931_yw_099307,0,background_false_accept
lvis_000000511076,lvis_000000511076_yw_248191,0,background_false_accept
lvis_000000163951,lvis_000000163951_yw_078487,0,background_false_accept
lvis_000000191288,lvis_000000191288_yw_093656,0,background_false_accept
lvis_000000210273,lvis_000000210273_yw_102353,0,background_false_accept
lvis_000000286182,lvis_000000286182_yw_139113,0,background_false_accept
lvis_000000336658,lvis_000000336658_yw_164547,0,background_false_accept
lvis_000000057760,lvis_000000057760_yw_025395,0,wrong_known_class_or_duplicate
lvis_000000245915,lvis_000000245915_yw_120495,0,unknown_false_accept
lvis_000000534673,lvis_000000534673_yw_259623,0,background_false_accept
lvis_000000140203,lvis_000000140203_yw_064243,0,background_false_accept
lvis_000000191288,lvis_000000191288_yw_093657,0,background_false_accept
lvis_000000374545,lvis_000000374545_yw_182717,0,background_false_accept
lvis_000000140203,lvis_000000140203_yw_064244,0,background_false_accept
lvis_000000203931,lvis_000000203931_yw_099308,0,background_false_accept
lvis_000000537991,lvis_000000537991_yw_260792,0,unknown_false_accept
lvis_000000169169,lvis_000000169169_yw_080795,0,background_false_accept
lvis_000000533145,lvis_000000533145_yw_258537,0,unknown_false_accept
lvis_000000312278,lvis_000000312278_yw_153776,0,background_false_accept
lvis_000000167486,lvis_000000167486_yw_080263,0,background_false_accept
lvis_000000482978,lvis_000000482978_yw_236144,0,unknown_false_accept
lvis_000000158548,lvis_000000158548_yw_075269,1,known_tp
lvis_000000436883,lvis_000000436883_yw_213394,0,background_false_accept
lvis_000000087476,lvis_000000087476_yw_039918,0,background_false_accept
lvis_000000465549,lvis_000000465549_yw_228211,0,background_false_accept
lvis_000000378139,lvis_000000378139_yw_186019,0,background_false_accept
lvis_000000158548,lvis_000000158548_yw_075270,0,background_false_accept
lvis_000000336658,lvis_000000336658_yw_164549,0,background_false_accept
lvis_000000533145,lvis_000000533145_yw_258538,0,background_false_accept
lvis_000000537991,lvis_000000537991_yw_260793,0,unknown_false_accept
lvis_000000085576,lvis_000000085576_yw_038778,0,unknown_false_accept
lvis_000000507223,lvis_000000507223_yw_246298,0,background_false_accept
lvis_000000088040,lvis_000000088040_yw_040063,0,unknown_false_accept
lvis_000000421060,lvis_000000421060_yw_205136,0,background_false_accept
lvis_000000463647,lvis_000000463647_yw_226928,0,background_false_accept
lvis_000000283037,lvis_000000283037_yw_137554,0,background_false_accept
lvis_000000537991,lvis_000000537991_yw_260794,0,background_false_accept
lvis_000000277005,lvis_000000277005_yw_134073,0,background_false_accept
lvis_000000325114,lvis_000000325114_yw_158822,0,unknown_false_accept
lvis_000000579655,lvis_000000579655_yw_280847,0,background_false_accept
lvis_000000169169,lvis_000000169169_yw_080796,0,background_false_accept
lvis_000000189310,lvis_000000189310_yw_092209,0,background_false_accept
lvis_000000211069,lvis_000000211069_yw_102886,0,unknown_false_accept
lvis_000000157756,lvis_000000157756_yw_074947,0,background_false_accept
lvis_000000161642,lvis_000000161642_yw_076918,0,background_false_accept
lvis_000000210273,lvis_000000210273_yw_102354,0,background_false_accept
lvis_000000322968,lvis_000000322968_yw_157804,0,background_false_accept
lvis_000000527220,lvis_000000527220_yw_255604,0,wrong_known_class_or_duplicate
lvis_000000374545,lvis_000000374545_yw_182718,0,background_false_accept
lvis_000000262938,lvis_000000262938_yw_127859,0,background_false_accept
lvis_000000196442,lvis_000000196442_yw_096311,0,background_false_accept
lvis_000000421060,lvis_000000421060_yw_205137,0,background_false_accept
lvis_000000555012,lvis_000000555012_yw_268882,0,unknown_false_accept
lvis_000000150224,lvis_000000150224_yw_071024,0,unknown_false_accept
lvis_000000441468,lvis_000000441468_yw_215718,0,background_false_accept
lvis_000000555972,lvis_000000555972_yw_269313,0,background_false_accept
lvis_000000080932,lvis_000000080932_yw_036067,0,background_false_accept
lvis_000000191288,lvis_000000191288_yw_093658,0,background_false_accept
lvis_000000387098,lvis_000000387098_yw_189892,0,background_false_accept
lvis_000000335529,lvis_000000335529_yw_163539,0,background_false_accept
lvis_000000148719,lvis_000000148719_yw_070224,0,background_false_accept
lvis_000000193743,lvis_000000193743_yw_095090,0,background_false_accept
lvis_000000283037,lvis_000000283037_yw_137555,0,background_false_accept
lvis_000000289938,lvis_000000289938_yw_141446,1,known_tp
lvis_000000377113,lvis_000000377113_yw_184345,0,background_false_accept
lvis_000000425925,lvis_000000425925_yw_207330,0,background_false_accept
lvis_000000350122,lvis_000000350122_yw_170868,0,background_false_accept
lvis_000000377946,lvis_000000377946_yw_185828,0,background_false_accept
lvis_000000150649,lvis_000000150649_yw_071313,0,background_false_accept
lvis_000000378139,lvis_000000378139_yw_186022,0,background_false_accept
lvis_000000156924,lvis_000000156924_yw_074623,0,background_false_accept
lvis_000000383921,lvis_000000383921_yw_188758,0,unknown_false_accept
lvis_000000310072,lvis_000000310072_yw_152770,0,background_false_accept
lvis_000000368900,lvis_000000368900_yw_179594,0,background_false_accept
lvis_000000336658,lvis_000000336658_yw_164550,1,known_tp
lvis_000000210394,lvis_000000210394_yw_102589,0,background_false_accept
lvis_000000064359,lvis_000000064359_yw_028500,0,unknown_false_accept
lvis_000000119365,lvis_000000119365_yw_051929,0,background_false_accept
lvis_000000349860,lvis_000000349860_yw_170352,0,background_false_accept
lvis_000000210273,lvis_000000210273_yw_102356,0,background_false_accept
lvis_000000347930,lvis_000000347930_yw_169783,0,unknown_false_accept
lvis_000000087476,lvis_000000087476_yw_039919,0,background_false_accept
lvis_000000405691,lvis_000000405691_yw_197544,0,background_false_accept
lvis_000000561958,lvis_000000561958_yw_271904,0,background_false_accept
lvis_000000561958,lvis_000000561958_yw_271905,0,background_false_accept
lvis_000000278749,lvis_000000278749_yw_134616,0,background_false_accept
lvis_000000162415,lvis_000000162415_yw_077417,0,background_false_accept
lvis_000000413247,lvis_000000413247_yw_201764,0,background_false_accept
lvis_000000161925,lvis_000000161925_yw_077061,0,background_false_accept
lvis_000000382125,lvis_000000382125_yw_188218,0,background_false_accept
lvis_000000054628,lvis_000000054628_yw_023469,0,background_false_accept
lvis_000000356612,lvis_000000356612_yw_173715,0,background_false_accept
lvis_000000242411,lvis_000000242411_yw_118916,0,background_false_accept
lvis_000000359677,lvis_000000359677_yw_174815,0,background_false_accept
lvis_000000374545,lvis_000000374545_yw_182719,0,background_false_accept
lvis_000000511076,lvis_000000511076_yw_248193,0,background_false_accept
lvis_000000231879,lvis_000000231879_yw_115116,0,background_false_accept
lvis_000000019042,lvis_000000019042_yw_009821,0,background_false_accept
lvis_000000413247,lvis_000000413247_yw_201766,0,background_false_accept
lvis_000000210273,lvis_000000210273_yw_102358,0,background_false_accept
lvis_000000356428,lvis_000000356428_yw_173461,0,wrong_known_class_or_duplicate
lvis_000000335529,lvis_000000335529_yw_163541,0,background_false_accept
lvis_000000083531,lvis_000000083531_yw_037473,0,background_false_accept
lvis_000000210273,lvis_000000210273_yw_102359,0,background_false_accept
lvis_000000133819,lvis_000000133819_yw_060761,0,background_false_accept
lvis_000000336658,lvis_000000336658_yw_164551,0,background_false_accept
lvis_000000506656,lvis_000000506656_yw_245512,0,background_false_accept
lvis_000000242411,lvis_000000242411_yw_118917,0,background_false_accept
lvis_000000333402,lvis_000000333402_yw_162076,0,background_false_accept
lvis_000000370042,lvis_000000370042_yw_180611,0,background_false_accept
lvis_000000203931,lvis_000000203931_yw_099310,0,background_false_accept
lvis_000000100723,lvis_000000100723_yw_045620,0,background_false_accept
lvis_000000135890,lvis_000000135890_yw_062097,0,background_false_accept
lvis_000000495054,lvis_000000495054_yw_241032,0,background_false_accept
lvis_000000421060,lvis_000000421060_yw_205138,0,background_false_accept
lvis_000000425925,lvis_000000425925_yw_207331,0,background_false_accept
lvis_000000502599,lvis_000000502599_yw_244242,0,background_false_accept
lvis_000000335529,lvis_000000335529_yw_163542,0,background_false_accept
lvis_000000203931,lvis_000000203931_yw_099311,1,known_tp
lvis_000000405205,lvis_000000405205_yw_197220,0,background_false_accept
lvis_000000350122,lvis_000000350122_yw_170869,0,background_false_accept
lvis_000000100723,lvis_000000100723_yw_045621,0,background_false_accept
lvis_000000511076,lvis_000000511076_yw_248194,0,background_false_accept
lvis_000000205282,lvis_000000205282_yw_099800,0,unknown_false_accept
lvis_000000533145,lvis_000000533145_yw_258539,1,known_tp
lvis_000000312421,lvis_000000312421_yw_153916,0,background_false_accept
lvis_000000262938,lvis_000000262938_yw_127860,0,wrong_known_class_or_duplicate
lvis_000000013004,lvis_000000013004_yw_006205,0,unknown_false_accept
lvis_000000515579,lvis_000000515579_yw_250764,0,background_false_accept
lvis_000000421060,lvis_000000421060_yw_205139,0,background_false_accept
lvis_000000133969,lvis_000000133969_yw_061071,0,background_false_accept
lvis_000000244379,lvis_000000244379_yw_119744,0,background_false_accept
lvis_000000001818,lvis_000000001818_yw_001055,0,unknown_false_accept
lvis_000000423104,lvis_000000423104_yw_205714,0,background_false_accept
lvis_000000169169,lvis_000000169169_yw_080798,0,background_false_accept
lvis_000000561958,lvis_000000561958_yw_271908,0,background_false_accept
lvis_000000534041,lvis_000000534041_yw_258952,0,unknown_false_accept
lvis_000000166747,lvis_000000166747_yw_079753,0,background_false_accept
lvis_000000100723,lvis_000000100723_yw_045623,0,background_false_accept
lvis_000000268378,lvis_000000268378_yw_130505,0,background_false_accept
lvis_000000210394,lvis_000000210394_yw_102591,0,background_false_accept
lvis_000000009891,lvis_000000009891_yw_004632,0,background_false_accept
lvis_000000402334,lvis_000000402334_yw_196044,0,background_false_accept
lvis_000000323751,lvis_000000323751_yw_158204,1,known_tp
lvis_000000407574,lvis_000000407574_yw_198194,0,background_false_accept
lvis_000000157756,lvis_000000157756_yw_074948,1,known_tp
lvis_000000229553,lvis_000000229553_yw_112896,0,background_false_accept
lvis_000000421060,lvis_000000421060_yw_205140,0,background_false_accept
lvis_000000569030,lvis_000000569030_yw_275777,0,background_false_accept
lvis_000000414638,lvis_000000414638_yw_202492,0,background_false_accept
lvis_000000463647,lvis_000000463647_yw_226932,0,background_false_accept
lvis_000000336658,lvis_000000336658_yw_164552,0,background_false_accept
lvis_000000119365,lvis_000000119365_yw_051930,0,background_false_accept
lvis_000000211042,lvis_000000211042_yw_102860,0,background_false_accept
lvis_000000231879,lvis_000000231879_yw_115117,0,background_false_accept
lvis_000000349860,lvis_000000349860_yw_170353,0,background_false_accept
lvis_000000319696,lvis_000000319696_yw_156548,0,unknown_false_accept
lvis_000000507223,lvis_000000507223_yw_246302,0,background_false_accept
lvis_000000446574,lvis_000000446574_yw_218074,0,unknown_false_accept
lvis_000000133819,lvis_000000133819_yw_060766,0,background_false_accept
lvis_000000206218,lvis_000000206218_yw_100206,0,background_false_accept
lvis_000000288685,lvis_000000288685_yw_140483,0,background_false_accept
lvis_000000232692,lvis_000000232692_yw_115436,0,background_false_accept
lvis_000000336658,lvis_000000336658_yw_164553,1,known_tp
lvis_000000421060,lvis_000000421060_yw_205141,0,background_false_accept
lvis_000000569030,lvis_000000569030_yw_275778,0,wrong_known_class_or_duplicate
lvis_000000151480,lvis_000000151480_yw_071485,0,background_false_accept
lvis_000000278749,lvis_000000278749_yw_134617,0,background_false_accept
lvis_000000512985,lvis_000000512985_yw_249413,0,background_false_accept
lvis_000000453841,lvis_000000453841_yw_221435,0,background_false_accept
lvis_000000239347,lvis_000000239347_yw_117747,0,background_false_accept
lvis_000000328238,lvis_000000328238_yw_159952,0,background_false_accept
lvis_000000028809,lvis_000000028809_yw_013340,0,unknown_false_accept
lvis_000000019042,lvis_000000019042_yw_009822,0,background_false_accept
lvis_000000162732,lvis_000000162732_yw_077507,0,background_false_accept
lvis_000000166259,lvis_000000166259_yw_079297,0,background_false_accept
lvis_000000569030,lvis_000000569030_yw_275779,1,known_tp
lvis_000000308430,lvis_000000308430_yw_151524,0,background_false_accept
lvis_000000110282,lvis_000000110282_yw_048712,0,background_false_accept
lvis_000000436883,lvis_000000436883_yw_213396,0,background_false_accept
lvis_000000196442,lvis_000000196442_yw_096312,0,unknown_false_accept
lvis_000000523100,lvis_000000523100_yw_253924,0,background_false_accept
lvis_000000433103,lvis_000000433103_yw_211499,0,background_false_accept
lvis_000000421060,lvis_000000421060_yw_205142,0,background_false_accept
lvis_000000133969,lvis_000000133969_yw_061072,0,background_false_accept
lvis_000000277005,lvis_000000277005_yw_134075,0,background_false_accept
lvis_000000333402,lvis_000000333402_yw_162077,0,background_false_accept
lvis_000000312421,lvis_000000312421_yw_153918,0,unknown_false_accept
lvis_000000148719,lvis_000000148719_yw_070228,0,background_false_accept
lvis_000000156643,lvis_000000156643_yw_074528,0,background_false_accept
lvis_000000021839,lvis_000000021839_yw_010774,0,background_false_accept
lvis_000000495054,lvis_000000495054_yw_241034,0,background_false_accept
lvis_000000158548,lvis_000000158548_yw_075272,0,background_false_accept
lvis_000000283037,lvis_000000283037_yw_137556,0,background_false_accept
lvis_000000495054,lvis_000000495054_yw_241035,0,background_false_accept
lvis_000000384513,lvis_000000384513_yw_188882,0,background_false_accept
lvis_000000166747,lvis_000000166747_yw_079754,0,background_false_accept
lvis_000000336658,lvis_000000336658_yw_164555,0,background_false_accept
lvis_000000561958,lvis_000000561958_yw_271909,0,background_false_accept
lvis_000000425925,lvis_000000425925_yw_207333,0,background_false_accept
lvis_000000085576,lvis_000000085576_yw_038779,0,background_false_accept
lvis_000000383289,lvis_000000383289_yw_188363,0,background_false_accept
lvis_000000158548,lvis_000000158548_yw_075273,0,background_false_accept
lvis_000000170116,lvis_000000170116_yw_081243,0,background_false_accept
lvis_000000581100,lvis_000000581100_yw_281189,0,background_false_accept
lvis_000000388056,lvis_000000388056_yw_190314,0,background_false_accept
lvis_000000203931,lvis_000000203931_yw_099316,0,background_false_accept
lvis_000000242411,lvis_000000242411_yw_118920,0,background_false_accept
lvis_000000429623,lvis_000000429623_yw_209822,0,background_false_accept
lvis_000000569030,lvis_000000569030_yw_275780,0,background_false_accept
lvis_000000276055,lvis_000000276055_yw_133639,0,background_false_accept
lvis_000000350122,lvis_000000350122_yw_170872,0,background_false_accept
lvis_000000374545,lvis_000000374545_yw_182723,0,background_false_accept
lvis_000000378139,lvis_000000378139_yw_186024,0,background_false_accept
lvis_000000537991,lvis_000000537991_yw_260796,0,unknown_false_accept
lvis_000000019042,lvis_000000019042_yw_009823,0,background_false_accept
lvis_000000210394,lvis_000000210394_yw_102593,0,background_false_accept
lvis_000000162732,lvis_000000162732_yw_077508,0,background_false_accept
lvis_000000106266,lvis_000000106266_yw_047189,0,background_false_accept
lvis_000000323751,lvis_000000323751_yw_158205,0,background_false_accept
lvis_000000493286,lvis_000000493286_yw_240222,0,background_false_accept
lvis_000000210273,lvis_000000210273_yw_102362,0,background_false_accept
lvis_000000135890,lvis_000000135890_yw_062098,0,background_false_accept
lvis_000000133969,lvis_000000133969_yw_061073,0,background_false_accept
lvis_000000203931,lvis_000000203931_yw_099319,0,background_false_accept
lvis_000000019042,lvis_000000019042_yw_009824,0,background_false_accept
lvis_000000215259,lvis_000000215259_yw_105690,0,background_false_accept
lvis_000000441468,lvis_000000441468_yw_215720,0,background_false_accept
lvis_000000022479,lvis_000000022479_yw_010952,0,background_false_accept
lvis_000000333402,lvis_000000333402_yw_162079,0,background_false_accept
lvis_000000318114,lvis_000000318114_yw_155682,0,unknown_false_accept
lvis_000000378515,lvis_000000378515_yw_186311,0,background_false_accept
lvis_000000022479,lvis_000000022479_yw_010953,0,background_false_accept
lvis_000000421060,lvis_000000421060_yw_205143,0,background_false_accept
lvis_000000350488,lvis_000000350488_yw_171185,0,background_false_accept
lvis_000000091654,lvis_000000091654_yw_041411,0,unknown_false_accept
lvis_000000140203,lvis_000000140203_yw_064248,0,background_false_accept
lvis_000000273715,lvis_000000273715_yw_132380,0,background_false_accept
lvis_000000210394,lvis_000000210394_yw_102594,0,background_false_accept
lvis_000000466416,lvis_000000466416_yw_228786,0,background_false_accept
lvis_000000197528,lvis_000000197528_yw_096628,0,background_false_accept
lvis_000000145591,lvis_000000145591_yw_067889,0,background_false_accept
lvis_000000203931,lvis_000000203931_yw_099322,0,background_false_accept
lvis_000000103548,lvis_000000103548_yw_046242,0,background_false_accept
lvis_000000206218,lvis_000000206218_yw_100207,0,background_false_accept
lvis_000000431727,lvis_000000431727_yw_210608,0,background_false_accept
lvis_000000285349,lvis_000000285349_yw_139044,0,unknown_false_accept
lvis_000000383289,lvis_000000383289_yw_188364,0,background_false_accept
lvis_000000537991,lvis_000000537991_yw_260797,0,background_false_accept
lvis_000000210273,lvis_000000210273_yw_102364,0,background_false_accept
lvis_000000378139,lvis_000000378139_yw_186025,0,background_false_accept
lvis_000000511321,lvis_000000511321_yw_248379,0,background_false_accept
lvis_000000130826,lvis_000000130826_yw_058633,0,background_false_accept
lvis_000000506656,lvis_000000506656_yw_245514,0,background_false_accept
lvis_000000310072,lvis_000000310072_yw_152771,0,background_false_accept
lvis_000000210273,lvis_000000210273_yw_102365,0,background_false_accept
lvis_000000463037,lvis_000000463037_yw_226263,0,background_false_accept
lvis_000000203931,lvis_000000203931_yw_099323,0,background_false_accept
lvis_000000203931,lvis_000000203931_yw_099324,0,background_false_accept
lvis_000000496854,lvis_000000496854_yw_241666,0,background_false_accept
lvis_000000116439,lvis_000000116439_yw_051106,0,background_false_accept
lvis_000000100723,lvis_000000100723_yw_045627,0,background_false_accept
lvis_000000421060,lvis_000000421060_yw_205144,1,known_tp
lvis_000000569976,lvis_000000569976_yw_276157,0,background_false_accept
lvis_000000232692,lvis_000000232692_yw_115437,0,background_false_accept
lvis_000000359677,lvis_000000359677_yw_174817,0,background_false_accept
lvis_000000441468,lvis_000000441468_yw_215721,0,background_false_accept
lvis_000000297147,lvis_000000297147_yw_146103,0,background_false_accept
lvis_000000421060,lvis_000000421060_yw_205145,0,background_false_accept
lvis_000000186929,lvis_000000186929_yw_091052,0,background_false_accept
lvis_000000166747,lvis_000000166747_yw_079756,0,wrong_known_class_or_duplicate
lvis_000000232692,lvis_000000232692_yw_115438,0,background_false_accept
lvis_000000210273,lvis_000000210273_yw_102366,0,background_false_accept
lvis_000000277005,lvis_000000277005_yw_134078,0,background_false_accept
lvis_000000278749,lvis_000000278749_yw_134618,0,background_false_accept
lvis_000000453841,lvis_000000453841_yw_221436,0,background_false_accept
lvis_000000396200,lvis_000000396200_yw_193562,0,background_false_accept
lvis_000000021839,lvis_000000021839_yw_010775,0,background_false_accept
lvis_000000211674,lvis_000000211674_yw_103059,0,background_false_accept
lvis_000000289938,lvis_000000289938_yw_141447,0,background_false_accept
lvis_000000138550,lvis_000000138550_yw_063272,0,background_false_accept
lvis_000000247917,lvis_000000247917_yw_120938,0,background_false_accept
lvis_000000333956,lvis_000000333956_yw_162321,0,background_false_accept
lvis_000000475904,lvis_000000475904_yw_232436,0,background_false_accept
lvis_000000350488,lvis_000000350488_yw_171186,0,background_false_accept
lvis_000000421060,lvis_000000421060_yw_205146,0,background_false_accept
lvis_000000087476,lvis_000000087476_yw_039924,0,background_false_accept
lvis_000000316666,lvis_000000316666_yw_155559,0,background_false_accept
lvis_000000136633,lvis_000000136633_yw_062312,0,background_false_accept
lvis_000000289938,lvis_000000289938_yw_141449,0,background_false_accept
lvis_000000170116,lvis_000000170116_yw_081246,0,background_false_accept
lvis_000000581100,lvis_000000581100_yw_281191,0,background_false_accept
lvis_000000171611,lvis_000000171611_yw_082152,0,background_false_accept
lvis_000000333956,lvis_000000333956_yw_162322,0,background_false_accept
lvis_000000277005,lvis_000000277005_yw_134079,0,background_false_accept
lvis_000000374545,lvis_000000374545_yw_182724,0,background_false_accept
lvis_000000263969,lvis_000000263969_yw_128413,0,background_false_accept
lvis_000000421060,lvis_000000421060_yw_205147,0,background_false_accept
lvis_000000320743,lvis_000000320743_yw_157039,0,background_false_accept
lvis_000000561958,lvis_000000561958_yw_271914,0,background_false_accept
lvis_000000563702,lvis_000000563702_yw_273122,0,background_false_accept
lvis_000000368752,lvis_000000368752_yw_179520,0,background_false_accept
lvis_000000409424,lvis_000000409424_yw_199075,0,background_false_accept
lvis_000000069795,lvis_000000069795_yw_031133,0,background_false_accept
lvis_000000273715,lvis_000000273715_yw_132381,0,background_false_accept
lvis_000000396729,lvis_000000396729_yw_193883,0,unknown_false_accept
lvis_000000370042,lvis_000000370042_yw_180612,0,background_false_accept
lvis_000000212226,lvis_000000212226_yw_103337,0,wrong_known_class_or_duplicate
lvis_000000436883,lvis_000000436883_yw_213397,0,background_false_accept
lvis_000000491090,lvis_000000491090_yw_238843,0,wrong_known_class_or_duplicate
lvis_000000343803,lvis_000000343803_yw_167990,0,background_false_accept
lvis_000000323202,lvis_000000323202_yw_157926,0,unknown_false_accept
lvis_000000349184,lvis_000000349184_yw_170175,0,background_false_accept
lvis_000000405432,lvis_000000405432_yw_197512,0,unknown_false_accept
lvis_000000507223,lvis_000000507223_yw_246306,0,background_false_accept
lvis_000000203931,lvis_000000203931_yw_099327,0,background_false_accept
lvis_000000356612,lvis_000000356612_yw_173720,0,background_false_accept
lvis_000000245915,lvis_000000245915_yw_120496,0,unknown_false_accept
lvis_000000032817,lvis_000000032817_yw_014949,0,unknown_false_accept
lvis_000000021167,lvis_000000021167_yw_010656,0,background_false_accept
lvis_000000383289,lvis_000000383289_yw_188366,0,background_false_accept
lvis_000000458410,lvis_000000458410_yw_224017,0,background_false_accept
lvis_000000019042,lvis_000000019042_yw_009825,0,background_false_accept
lvis_000000215259,lvis_000000215259_yw_105691,0,background_false_accept
lvis_000000376625,lvis_000000376625_yw_183870,0,background_false_accept
lvis_000000025603,lvis_000000025603_yw_012470,0,background_false_accept
lvis_000000039670,lvis_000000039670_yw_018119,0,background_false_accept
lvis_000000233238,lvis_000000233238_yw_115616,0,background_false_accept
lvis_000000413247,lvis_000000413247_yw_201769,0,background_false_accept
lvis_000000378139,lvis_000000378139_yw_186028,0,wrong_known_class_or_duplicate
lvis_000000361506,lvis_000000361506_yw_176089,0,background_false_accept
lvis_000000035279,lvis_000000035279_yw_016379,0,background_false_accept
lvis_000000396200,lvis_000000396200_yw_193563,0,background_false_accept
lvis_000000333402,lvis_000000333402_yw_162080,0,background_false_accept
lvis_000000507473,lvis_000000507473_yw_246482,0,background_false_accept
lvis_000000441468,lvis_000000441468_yw_215722,0,background_false_accept
lvis_000000100723,lvis_000000100723_yw_045628,0,background_false_accept
lvis_000000382125,lvis_000000382125_yw_188220,0,background_false_accept
lvis_000000010707,lvis_000000010707_yw_004841,0,background_false_accept
lvis_000000561958,lvis_000000561958_yw_271917,0,background_false_accept
lvis_000000396200,lvis_000000396200_yw_193564,0,background_false_accept
lvis_000000271457,lvis_000000271457_yw_131539,0,background_false_accept
lvis_000000080932,lvis_000000080932_yw_036072,0,background_false_accept
lvis_000000335529,lvis_000000335529_yw_163548,0,background_false_accept
lvis_000000278749,lvis_000000278749_yw_134621,0,background_false_accept
lvis_000000120420,lvis_000000120420_yw_052646,1,known_tp
lvis_000000330369,lvis_000000330369_yw_160961,0,background_false_accept
lvis_000000009891,lvis_000000009891_yw_004634,0,background_false_accept
lvis_000000405205,lvis_000000405205_yw_197222,0,background_false_accept
lvis_000000019042,lvis_000000019042_yw_009826,0,background_false_accept
lvis_000000094157,lvis_000000094157_yw_042091,0,background_false_accept
lvis_000000335529,lvis_000000335529_yw_163549,0,background_false_accept
lvis_000000421060,lvis_000000421060_yw_205149,0,background_false_accept
lvis_000000162732,lvis_000000162732_yw_077509,0,background_false_accept
lvis_000000463647,lvis_000000463647_yw_226935,0,background_false_accept
lvis_000000376625,lvis_000000376625_yw_183871,0,background_false_accept
lvis_000000421060,lvis_000000421060_yw_205150,0,background_false_accept
lvis_000000405205,lvis_000000405205_yw_197223,0,background_false_accept
lvis_000000335529,lvis_000000335529_yw_163550,0,background_false_accept
lvis_000000203931,lvis_000000203931_yw_099329,0,background_false_accept
lvis_000000210394,lvis_000000210394_yw_102597,0,background_false_accept
lvis_000000161925,lvis_000000161925_yw_077062,0,wrong_known_class_or_duplicate
lvis_000000158548,lvis_000000158548_yw_075274,0,background_false_accept
lvis_000000374545,lvis_000000374545_yw_182726,0,background_false_accept
lvis_000000377946,lvis_000000377946_yw_185830,0,background_false_accept
lvis_000000184338,lvis_000000184338_yw_089718,0,background_false_accept
lvis_000000057725,lvis_000000057725_yw_025237,0,background_false_accept
lvis_000000150224,lvis_000000150224_yw_071026,0,background_false_accept
lvis_000000095843,lvis_000000095843_yw_042680,0,background_false_accept
lvis_000000214539,lvis_000000214539_yw_105171,0,background_false_accept
lvis_000000328238,lvis_000000328238_yw_159956,0,background_false_accept
lvis_000000568584,lvis_000000568584_yw_275486,0,background_false_accept
lvis_000000374545,lvis_000000374545_yw_182727,0,background_false_accept
lvis_000000140203,lvis_000000140203_yw_064250,0,background_false_accept
lvis_000000166747,lvis_000000166747_yw_079758,0,background_false_accept
lvis_000000407574,lvis_000000407574_yw_198195,0,background_false_accept
lvis_000000377946,lvis_000000377946_yw_185831,0,background_false_accept
lvis_000000500211,lvis_000000500211_yw_242726,0,unknown_false_accept
lvis_000000285047,lvis_000000285047_yw_138999,0,background_false_accept
lvis_000000569972,lvis_000000569972_yw_276126,0,background_false_accept
lvis_000000232692,lvis_000000232692_yw_115439,0,background_false_accept
lvis_000000140203,lvis_000000140203_yw_064251,0,background_false_accept
lvis_000000370042,lvis_000000370042_yw_180613,0,background_false_accept
lvis_000000100723,lvis_000000100723_yw_045630,0,background_false_accept
lvis_000000203931,lvis_000000203931_yw_099330,0,background_false_accept
lvis_000000336658,lvis_000000336658_yw_164560,0,background_false_accept
lvis_000000133819,lvis_000000133819_yw_060771,0,background_false_accept
lvis_000000210394,lvis_000000210394_yw_102598,0,background_false_accept
lvis_000000449312,lvis_000000449312_yw_219315,0,background_false_accept
lvis_000000180487,lvis_000000180487_yw_086605,0,background_false_accept
lvis_000000193743,lvis_000000193743_yw_095092,0,background_false_accept
lvis_000000335529,lvis_000000335529_yw_163551,0,background_false_accept
lvis_000000211674,lvis_000000211674_yw_103061,0,background_false_accept
lvis_000000436883,lvis_000000436883_yw_213399,0,background_false_accept
lvis_000000019042,lvis_000000019042_yw_009827,0,background_false_accept
lvis_000000193494,lvis_000000193494_yw_094918,0,background_false_accept
lvis_000000087476,lvis_000000087476_yw_039927,0,background_false_accept
lvis_000000120420,lvis_000000120420_yw_052647,0,background_false_accept
lvis_000000514797,lvis_000000514797_yw_250311,0,background_false_accept
lvis_000000295420,lvis_000000295420_yw_144694,0,background_false_accept
lvis_000000035279,lvis_000000035279_yw_016380,0,background_false_accept
lvis_000000145020,lvis_000000145020_yw_067705,0,background_false_accept
lvis_000000374545,lvis_000000374545_yw_182730,0,background_false_accept
lvis_000000500211,lvis_000000500211_yw_242727,0,background_false_accept
lvis_000000384513,lvis_000000384513_yw_188883,0,background_false_accept
lvis_000000210394,lvis_000000210394_yw_102599,0,background_false_accept
lvis_000000186929,lvis_000000186929_yw_091053,0,background_false_accept
lvis_000000393115,lvis_000000393115_yw_192234,0,unknown_false_accept
lvis_000000145020,lvis_000000145020_yw_067706,0,background_false_accept
lvis_000000119365,lvis_000000119365_yw_051932,0,background_false_accept
lvis_000000145591,lvis_000000145591_yw_067890,0,unknown_false_accept
lvis_000000569976,lvis_000000569976_yw_276158,0,unknown_false_accept
lvis_000000421060,lvis_000000421060_yw_205151,0,background_false_accept
lvis_000000054628,lvis_000000054628_yw_023470,0,background_false_accept
lvis_000000095786,lvis_000000095786_yw_042672,0,unknown_false_accept
lvis_000000119365,lvis_000000119365_yw_051933,0,background_false_accept
lvis_000000054628,lvis_000000054628_yw_023471,0,background_false_accept
lvis_000000493286,lvis_000000493286_yw_240227,0,background_false_accept
lvis_000000212573,lvis_000000212573_yw_103659,0,background_false_accept
lvis_000000407574,lvis_000000407574_yw_198196,0,background_false_accept
lvis_000000169169,lvis_000000169169_yw_080799,0,background_false_accept
lvis_000000568690,lvis_000000568690_yw_275532,0,unknown_false_accept
lvis_000000103548,lvis_000000103548_yw_046247,0,background_false_accept
lvis_000000356612,lvis_000000356612_yw_173723,0,background_false_accept
lvis_000000537991,lvis_000000537991_yw_260798,0,background_false_accept
lvis_000000013729,lvis_000000013729_yw_006645,0,background_false_accept
lvis_000000314914,lvis_000000314914_yw_154950,0,background_false_accept
lvis_000000415536,lvis_000000415536_yw_202868,0,background_false_accept
lvis_000000060363,lvis_000000060363_yw_026516,0,wrong_known_class_or_duplicate
lvis_000000495054,lvis_000000495054_yw_241040,0,background_false_accept
lvis_000000133819,lvis_000000133819_yw_060773,0,background_false_accept
lvis_000000333402,lvis_000000333402_yw_162081,0,background_false_accept
lvis_000000210273,lvis_000000210273_yw_102371,0,background_false_accept
lvis_000000496854,lvis_000000496854_yw_241669,0,background_false_accept
lvis_000000024919,lvis_000000024919_yw_012069,0,background_false_accept
lvis_000000425226,lvis_000000425226_yw_207067,0,unknown_false_accept
lvis_000000211674,lvis_000000211674_yw_103063,0,background_false_accept
lvis_000000356612,lvis_000000356612_yw_173724,0,background_false_accept
lvis_000000436883,lvis_000000436883_yw_213401,1,known_tp
lvis_000000368900,lvis_000000368900_yw_179595,0,background_false_accept
lvis_000000356428,lvis_000000356428_yw_173465,0,background_false_accept
lvis_000000563702,lvis_000000563702_yw_273124,0,background_false_accept
lvis_000000255965,lvis_000000255965_yw_124138,0,background_false_accept
lvis_000000356428,lvis_000000356428_yw_173466,0,background_false_accept
lvis_000000205282,lvis_000000205282_yw_099801,0,unknown_false_accept
lvis_000000100723,lvis_000000100723_yw_045632,0,background_false_accept
lvis_000000289938,lvis_000000289938_yw_141451,0,background_false_accept
lvis_000000356612,lvis_000000356612_yw_173725,0,background_false_accept
lvis_000000285047,lvis_000000285047_yw_139000,0,background_false_accept
lvis_000000374545,lvis_000000374545_yw_182731,0,background_false_accept
lvis_000000500211,lvis_000000500211_yw_242728,0,background_false_accept
lvis_000000133819,lvis_000000133819_yw_060774,0,background_false_accept
lvis_000000085576,lvis_000000085576_yw_038780,0,unknown_false_accept
lvis_000000425925,lvis_000000425925_yw_207337,0,background_false_accept
lvis_000000350122,lvis_000000350122_yw_170876,0,background_false_accept
lvis_000000140203,lvis_000000140203_yw_064252,0,background_false_accept
lvis_000000145020,lvis_000000145020_yw_067708,0,background_false_accept
lvis_000000534673,lvis_000000534673_yw_259627,0,background_false_accept
lvis_000000310072,lvis_000000310072_yw_152772,0,background_false_accept
lvis_000000284762,lvis_000000284762_yw_138882,0,background_false_accept
lvis_000000466416,lvis_000000466416_yw_228788,0,background_false_accept
lvis_000000196185,lvis_000000196185_yw_096231,0,background_false_accept
lvis_000000383921,lvis_000000383921_yw_188759,0,unknown_false_accept
lvis_000000421060,lvis_000000421060_yw_205152,0,background_false_accept
lvis_000000211674,lvis_000000211674_yw_103065,0,wrong_known_class_or_duplicate
lvis_000000270402,lvis_000000270402_yw_131336,0,background_false_accept
lvis_000000166747,lvis_000000166747_yw_079761,0,background_false_accept
lvis_000000285894,lvis_000000285894_yw_139086,0,background_false_accept
lvis_000000377946,lvis_000000377946_yw_185833,0,background_false_accept
lvis_000000170116,lvis_000000170116_yw_081249,0,unknown_false_accept
lvis_000000210394,lvis_000000210394_yw_102601,0,background_false_accept
lvis_000000119365,lvis_000000119365_yw_051934,0,background_false_accept
lvis_000000330369,lvis_000000330369_yw_160962,0,background_false_accept
lvis_000000145020,lvis_000000145020_yw_067709,0,background_false_accept
lvis_000000377946,lvis_000000377946_yw_185834,0,background_false_accept
lvis_000000537991,lvis_000000537991_yw_260799,0,background_false_accept
lvis_000000368900,lvis_000000368900_yw_179596,0,background_false_accept
lvis_000000106048,lvis_000000106048_yw_047125,0,background_false_accept
lvis_000000498709,lvis_000000498709_yw_242172,0,background_false_accept
lvis_000000157756,lvis_000000157756_yw_074953,0,background_false_accept
lvis_000000166747,lvis_000000166747_yw_079762,0,background_false_accept
lvis_000000100723,lvis_000000100723_yw_045634,0,background_false_accept
lvis_000000488710,lvis_000000488710_yw_237771,0,background_false_accept
lvis_000000378139,lvis_000000378139_yw_186030,0,background_false_accept
lvis_000000533536,lvis_000000533536_yw_258574,0,background_false_accept
lvis_000000145020,lvis_000000145020_yw_067710,0,background_false_accept
lvis_000000525600,lvis_000000525600_yw_254941,0,unknown_false_accept
lvis_000000130826,lvis_000000130826_yw_058634,0,background_false_accept
lvis_000000242411,lvis_000000242411_yw_118922,0,background_false_accept
lvis_000000161642,lvis_000000161642_yw_076919,0,background_false_accept
lvis_000000100723,lvis_000000100723_yw_045636,0,background_false_accept
lvis_000000103548,lvis_000000103548_yw_046248,0,background_false_accept
lvis_000000244379,lvis_000000244379_yw_119745,0,background_false_accept
lvis_000000466416,lvis_000000466416_yw_228789,0,background_false_accept
lvis_000000283037,lvis_000000283037_yw_137559,0,background_false_accept
lvis_000000376625,lvis_000000376625_yw_183872,0,background_false_accept
lvis_000000106235,lvis_000000106235_yw_047163,0,background_false_accept
lvis_000000356428,lvis_000000356428_yw_173468,0,background_false_accept
lvis_000000316666,lvis_000000316666_yw_155560,0,background_false_accept
lvis_000000210394,lvis_000000210394_yw_102602,0,background_false_accept
lvis_000000371699,lvis_000000371699_yw_181612,0,background_false_accept
lvis_000000450202,lvis_000000450202_yw_219920,0,unknown_false_accept
lvis_000000257370,lvis_000000257370_yw_125006,0,unknown_false_accept
lvis_000000356612,lvis_000000356612_yw_173727,0,background_false_accept
lvis_000000383921,lvis_000000383921_yw_188760,0,background_false_accept
lvis_000000169169,lvis_000000169169_yw_080800,0,background_false_accept
lvis_000000425925,lvis_000000425925_yw_207338,0,background_false_accept
lvis_000000215259,lvis_000000215259_yw_105692,0,background_false_accept
lvis_000000210273,lvis_000000210273_yw_102373,0,background_false_accept
lvis_000000263969,lvis_000000263969_yw_128414,0,background_false_accept
lvis_000000425925,lvis_000000425925_yw_207339,0,background_false_accept
lvis_000000356428,lvis_000000356428_yw_173469,0,background_false_accept
lvis_000000322968,lvis_000000322968_yw_157805,0,background_false_accept
lvis_000000193494,lvis_000000193494_yw_094919,0,background_false_accept
lvis_000000376625,lvis_000000376625_yw_183873,0,background_false_accept
lvis_000000463283,lvis_000000463283_yw_226467,0,unknown_false_accept
lvis_000000493286,lvis_000000493286_yw_240228,0,background_false_accept
lvis_000000130826,lvis_000000130826_yw_058635,0,background_false_accept
lvis_000000161642,lvis_000000161642_yw_076920,0,background_false_accept
lvis_000000057760,lvis_000000057760_yw_025399,0,background_false_accept
lvis_000000534041,lvis_000000534041_yw_258956,0,background_false_accept
lvis_000000048396,lvis_000000048396_yw_020706,0,background_false_accept
lvis_000000433103,lvis_000000433103_yw_211511,0,background_false_accept
lvis_000000556193,lvis_000000556193_yw_269396,0,background_false_accept
lvis_000000210273,lvis_000000210273_yw_102375,0,background_false_accept
lvis_000000356612,lvis_000000356612_yw_173728,0,background_false_accept
lvis_000000374545,lvis_000000374545_yw_182733,0,background_false_accept
lvis_000000336658,lvis_000000336658_yw_164563,0,background_false_accept
lvis_000000413247,lvis_000000413247_yw_201772,0,background_false_accept
lvis_000000402334,lvis_000000402334_yw_196045,0,background_false_accept
lvis_000000561958,lvis_000000561958_yw_271922,0,background_false_accept
lvis_000000283037,lvis_000000283037_yw_137560,0,background_false_accept
lvis_000000513580,lvis_000000513580_yw_249845,0,background_false_accept
lvis_000000169169,lvis_000000169169_yw_080801,0,background_false_accept
lvis_000000495054,lvis_000000495054_yw_241041,0,background_false_accept
lvis_000000136633,lvis_000000136633_yw_062313,0,background_false_accept
lvis_000000242411,lvis_000000242411_yw_118924,0,background_false_accept
lvis_000000388056,lvis_000000388056_yw_190317,0,background_false_accept
lvis_000000170116,lvis_000000170116_yw_081250,0,background_false_accept
lvis_000000283037,lvis_000000283037_yw_137561,0,background_false_accept
lvis_000000013729,lvis_000000013729_yw_006646,0,background_false_accept
lvis_000000495054,lvis_000000495054_yw_241042,0,background_false_accept
lvis_000000414133,lvis_000000414133_yw_202238,0,background_false_accept
lvis_000000103548,lvis_000000103548_yw_046250,0,background_false_accept
lvis_000000336658,lvis_000000336658_yw_164564,0,background_false_accept
lvis_000000370042,lvis_000000370042_yw_180614,0,background_false_accept
lvis_000000212573,lvis_000000212573_yw_103661,0,background_false_accept
lvis_000000145020,lvis_000000145020_yw_067713,0,background_false_accept
lvis_000000295420,lvis_000000295420_yw_144695,0,background_false_accept
lvis_000000100723,lvis_000000100723_yw_045640,0,background_false_accept
lvis_000000087476,lvis_000000087476_yw_039930,0,background_false_accept
lvis_000000500211,lvis_000000500211_yw_242730,0,background_false_accept
lvis_000000333402,lvis_000000333402_yw_162082,0,background_false_accept
lvis_000000205282,lvis_000000205282_yw_099802,0,background_false_accept
lvis_000000183049,lvis_000000183049_yw_088386,0,background_false_accept
lvis_000000466416,lvis_000000466416_yw_228792,0,background_false_accept
lvis_000000169169,lvis_000000169169_yw_080802,0,background_false_accept
lvis_000000423798,lvis_000000423798_yw_206295,0,background_false_accept
lvis_000000013729,lvis_000000013729_yw_006647,0,background_false_accept
lvis_000000244379,lvis_000000244379_yw_119746,0,background_false_accept
lvis_000000288685,lvis_000000288685_yw_140499,0,background_false_accept
lvis_000000171611,lvis_000000171611_yw_082154,0,background_false_accept
lvis_000000252559,lvis_000000252559_yw_122417,0,background_false_accept
lvis_000000035279,lvis_000000035279_yw_016381,0,unknown_false_accept
lvis_000000212573,lvis_000000212573_yw_103662,0,background_false_accept
lvis_000000177714,lvis_000000177714_yw_084777,0,background_false_accept
lvis_000000495054,lvis_000000495054_yw_241043,0,wrong_known_class_or_duplicate
lvis_000000427649,lvis_000000427649_yw_208499,0,background_false_accept
lvis_000000579655,lvis_000000579655_yw_280848,0,background_false_accept
lvis_000000277005,lvis_000000277005_yw_134083,0,background_false_accept
lvis_000000273715,lvis_000000273715_yw_132382,0,background_false_accept
lvis_000000421060,lvis_000000421060_yw_205155,0,background_false_accept
lvis_000000297147,lvis_000000297147_yw_146104,0,background_false_accept
lvis_000000407574,lvis_000000407574_yw_198197,0,background_false_accept
lvis_000000021839,lvis_000000021839_yw_010776,0,background_false_accept
lvis_000000359677,lvis_000000359677_yw_174819,0,background_false_accept
lvis_000000563702,lvis_000000563702_yw_273125,0,background_false_accept
lvis_000000336658,lvis_000000336658_yw_164567,0,background_false_accept
lvis_000000561958,lvis_000000561958_yw_271925,0,background_false_accept
lvis_000000167486,lvis_000000167486_yw_080266,0,background_false_accept
lvis_000000106048,lvis_000000106048_yw_047126,0,background_false_accept
lvis_000000147740,lvis_000000147740_yw_069660,0,background_false_accept
lvis_000000288685,lvis_000000288685_yw_140501,0,background_false_accept
lvis_000000278705,lvis_000000278705_yw_134492,0,background_false_accept
lvis_000000193494,lvis_000000193494_yw_094920,0,background_false_accept
lvis_000000507223,lvis_000000507223_yw_246314,0,background_false_accept
lvis_000000414133,lvis_000000414133_yw_202239,0,background_false_accept
lvis_000000156924,lvis_000000156924_yw_074624,0,wrong_known_class_or_duplicate
lvis_000000421060,lvis_000000421060_yw_205157,0,background_false_accept
lvis_000000493286,lvis_000000493286_yw_240230,0,background_false_accept
lvis_000000534673,lvis_000000534673_yw_259629,0,background_false_accept
lvis_000000009891,lvis_000000009891_yw_004635,0,background_false_accept
lvis_000000424349,lvis_000000424349_yw_206663,0,background_false_accept
lvis_000000581100,lvis_000000581100_yw_281192,0,background_false_accept
lvis_000000189475,lvis_000000189475_yw_092302,0,wrong_known_class_or_duplicate
lvis_000000350003,lvis_000000350003_yw_170464,0,background_false_accept
lvis_000000511321,lvis_000000511321_yw_248380,0,background_false_accept
lvis_000000415536,lvis_000000415536_yw_202869,0,background_false_accept
lvis_000000039670,lvis_000000039670_yw_018123,0,background_false_accept
lvis_000000561958,lvis_000000561958_yw_271927,0,background_false_accept
lvis_000000356612,lvis_000000356612_yw_173731,0,background_false_accept
lvis_000000103548,lvis_000000103548_yw_046252,0,background_false_accept
lvis_000000523100,lvis_000000523100_yw_253925,0,unknown_false_accept
lvis_000000436883,lvis_000000436883_yw_213402,1,known_tp
lvis_000000368900,lvis_000000368900_yw_179598,0,background_false_accept
lvis_000000274708,lvis_000000274708_yw_133090,0,background_false_accept
lvis_000000210394,lvis_000000210394_yw_102603,0,background_false_accept
lvis_000000255749,lvis_000000255749_yw_123940,0,background_false_accept
lvis_000000506656,lvis_000000506656_yw_245517,0,background_false_accept
lvis_000000371699,lvis_000000371699_yw_181613,0,background_false_accept
lvis_000000211674,lvis_000000211674_yw_103067,0,background_false_accept
lvis_000000133969,lvis_000000133969_yw_061083,0,background_false_accept
lvis_000000330369,lvis_000000330369_yw_160963,0,background_false_accept
lvis_000000336658,lvis_000000336658_yw_164569,0,background_false_accept
lvis_000000449312,lvis_000000449312_yw_219318,0,wrong_known_class_or_duplicate
lvis_000000423798,lvis_000000423798_yw_206296,0,background_false_accept
lvis_000000521719,lvis_000000521719_yw_253556,0,unknown_false_accept
lvis_000000158548,lvis_000000158548_yw_075275,0,background_false_accept
lvis_000000336658,lvis_000000336658_yw_164571,0,background_false_accept
lvis_000000060363,lvis_000000060363_yw_026518,0,background_false_accept
lvis_000000100723,lvis_000000100723_yw_045642,0,background_false_accept
lvis_000000496854,lvis_000000496854_yw_241671,0,background_false_accept
lvis_000000163951,lvis_000000163951_yw_078488,0,unknown_false_accept
lvis_000000262938,lvis_000000262938_yw_127863,0,background_false_accept
lvis_000000133969,lvis_000000133969_yw_061084,0,background_false_accept
lvis_000000278705,lvis_000000278705_yw_134494,0,wrong_known_class_or_duplicate
lvis_000000136633,lvis_000000136633_yw_062314,0,background_false_accept
lvis_000000561958,lvis_000000561958_yw_271928,0,background_false_accept
lvis_000000402334,lvis_000000402334_yw_196046,0,background_false_accept
lvis_000000356612,lvis_000000356612_yw_173733,0,background_false_accept
lvis_000000169169,lvis_000000169169_yw_080804,0,background_false_accept
lvis_000000332845,lvis_000000332845_yw_161787,0,background_false_accept
lvis_000000106912,lvis_000000106912_yw_047443,0,background_false_accept
lvis_000000356612,lvis_000000356612_yw_173734,0,background_false_accept
lvis_000000441468,lvis_000000441468_yw_215726,0,background_false_accept
lvis_000000278705,lvis_000000278705_yw_134495,0,background_false_accept
lvis_000000145020,lvis_000000145020_yw_067716,0,background_false_accept
lvis_000000377946,lvis_000000377946_yw_185836,0,background_false_accept
lvis_000000312421,lvis_000000312421_yw_153926,0,background_false_accept
lvis_000000443844,lvis_000000443844_yw_217455,0,background_false_accept
lvis_000000169076,lvis_000000169076_yw_080694,0,background_false_accept
lvis_000000283037,lvis_000000283037_yw_137564,0,background_false_accept
lvis_000000455937,lvis_000000455937_yw_222551,0,background_false_accept
lvis_000000335529,lvis_000000335529_yw_163555,0,background_false_accept
lvis_000000046378,lvis_000000046378_yw_020073,0,background_false_accept
lvis_000000378139,lvis_000000378139_yw_186035,0,background_false_accept
lvis_000000057725,lvis_000000057725_yw_025239,0,background_false_accept
lvis_000000270402,lvis_000000270402_yw_131337,0,background_false_accept
lvis_000000211674,lvis_000000211674_yw_103072,0,background_false_accept
lvis_000000436883,lvis_000000436883_yw_213404,0,background_false_accept
lvis_000000280930,lvis_000000280930_yw_136232,0,background_false_accept
lvis_000000145020,lvis_000000145020_yw_067718,0,background_false_accept
lvis_000000344909,lvis_000000344909_yw_168697,0,background_false_accept
lvis_000000359219,lvis_000000359219_yw_174777,0,unknown_false_accept
lvis_000000569972,lvis_000000569972_yw_276127,0,background_false_accept
lvis_000000196185,lvis_000000196185_yw_096232,0,background_false_accept
lvis_000000295420,lvis_000000295420_yw_144696,0,background_false_accept
lvis_000000048396,lvis_000000048396_yw_020707,0,background_false_accept
lvis_000000525600,lvis_000000525600_yw_254942,0,unknown_false_accept
lvis_000000425226,lvis_000000425226_yw_207068,0,background_false_accept
lvis_000000496854,lvis_000000496854_yw_241672,0,background_false_accept
lvis_000000575815,lvis_000000575815_yw_279406,0,background_false_accept
lvis_000000409424,lvis_000000409424_yw_199077,0,background_false_accept
lvis_000000148719,lvis_000000148719_yw_070232,0,background_false_accept
lvis_000000331569,lvis_000000331569_yw_161495,0,unknown_false_accept
lvis_000000009590,lvis_000000009590_yw_004508,0,background_false_accept
lvis_000000336658,lvis_000000336658_yw_164573,0,background_false_accept
lvis_000000496854,lvis_000000496854_yw_241673,0,background_false_accept
lvis_000000221281,lvis_000000221281_yw_108076,0,unknown_false_accept
lvis_000000183049,lvis_000000183049_yw_088387,0,unknown_false_accept
lvis_000000167486,lvis_000000167486_yw_080267,0,background_false_accept
lvis_000000239347,lvis_000000239347_yw_117749,0,background_false_accept
lvis_000000482970,lvis_000000482970_yw_236126,0,background_false_accept
lvis_000000450202,lvis_000000450202_yw_219922,0,background_false_accept
lvis_000000286553,lvis_000000286553_yw_139433,0,unknown_false_accept
lvis_000000019042,lvis_000000019042_yw_009829,0,background_false_accept
lvis_000000466416,lvis_000000466416_yw_228794,0,background_false_accept
lvis_000000332845,lvis_000000332845_yw_161788,0,unknown_false_accept
lvis_000000463647,lvis_000000463647_yw_226936,0,background_false_accept
lvis_000000482970,lvis_000000482970_yw_236127,0,unknown_false_accept
lvis_000000336658,lvis_000000336658_yw_164574,0,background_false_accept
lvis_000000425221,lvis_000000425221_yw_206949,0,background_false_accept
lvis_000000441468,lvis_000000441468_yw_215727,0,background_false_accept
lvis_000000336587,lvis_000000336587_yw_164341,0,background_false_accept
lvis_000000555972,lvis_000000555972_yw_269314,0,background_false_accept
lvis_000000360325,lvis_000000360325_yw_175178,0,wrong_known_class_or_duplicate
lvis_000000425925,lvis_000000425925_yw_207340,0,background_false_accept
lvis_000000022479,lvis_000000022479_yw_010955,0,background_false_accept
lvis_000000322968,lvis_000000322968_yw_157807,0,background_false_accept
lvis_000000242678,lvis_000000242678_yw_119073,0,background_false_accept
lvis_000000377113,lvis_000000377113_yw_184354,0,background_false_accept
lvis_000000210394,lvis_000000210394_yw_102604,0,background_false_accept
lvis_000000495054,lvis_000000495054_yw_241044,0,background_false_accept
lvis_000000296634,lvis_000000296634_yw_145559,0,unknown_false_accept
lvis_000000388056,lvis_000000388056_yw_190321,0,background_false_accept
lvis_000000214539,lvis_000000214539_yw_105181,0,background_false_accept
lvis_000000170116,lvis_000000170116_yw_081252,0,background_false_accept
lvis_000000350003,lvis_000000350003_yw_170465,0,background_false_accept
lvis_000000569273,lvis_000000569273_yw_275979,0,background_false_accept
lvis_000000336658,lvis_000000336658_yw_164575,0,background_false_accept
lvis_000000133819,lvis_000000133819_yw_060778,0,background_false_accept
lvis_000000312278,lvis_000000312278_yw_153777,0,background_false_accept
lvis_000000374545,lvis_000000374545_yw_182738,0,background_false_accept
lvis_000000223789,lvis_000000223789_yw_109435,0,unknown_false_accept
lvis_000000226154,lvis_000000226154_yw_110508,0,background_false_accept
lvis_000000383921,lvis_000000383921_yw_188761,0,background_false_accept
lvis_000000496854,lvis_000000496854_yw_241674,0,background_false_accept
lvis_000000103548,lvis_000000103548_yw_046253,0,background_false_accept
lvis_000000210273,lvis_000000210273_yw_102379,0,background_false_accept
lvis_000000466416,lvis_000000466416_yw_228795,0,background_false_accept
lvis_000000368900,lvis_000000368900_yw_179599,1,known_tp
lvis_000000210273,lvis_000000210273_yw_102381,0,background_false_accept
lvis_000000407574,lvis_000000407574_yw_198198,0,background_false_accept
lvis_000000017714,lvis_000000017714_yw_009062,0,background_false_accept
lvis_000000569030,lvis_000000569030_yw_275791,0,background_false_accept
lvis_000000193494,lvis_000000193494_yw_094921,0,background_false_accept
lvis_000000384513,lvis_000000384513_yw_188885,0,background_false_accept
lvis_000000453841,lvis_000000453841_yw_221441,0,wrong_known_class_or_duplicate
lvis_000000515579,lvis_000000515579_yw_250768,0,background_false_accept
lvis_000000057760,lvis_000000057760_yw_025400,0,background_false_accept
lvis_000000158548,lvis_000000158548_yw_075278,0,background_false_accept
lvis_000000383921,lvis_000000383921_yw_188762,0,unknown_false_accept
lvis_000000009448,lvis_000000009448_yw_004441,0,background_false_accept
lvis_000000314914,lvis_000000314914_yw_154951,0,background_false_accept
lvis_000000514797,lvis_000000514797_yw_250314,0,background_false_accept
lvis_000000277005,lvis_000000277005_yw_134087,0,background_false_accept
lvis_000000322968,lvis_000000322968_yw_157808,0,background_false_accept
lvis_000000336658,lvis_000000336658_yw_164576,0,background_false_accept
lvis_000000255965,lvis_000000255965_yw_124139,0,background_false_accept
lvis_000000377946,lvis_000000377946_yw_185838,0,background_false_accept
lvis_000000043816,lvis_000000043816_yw_019290,0,background_false_accept
lvis_000000433103,lvis_000000433103_yw_211517,0,background_false_accept
lvis_000000415536,lvis_000000415536_yw_202870,0,background_false_accept
lvis_000000376625,lvis_000000376625_yw_183875,0,background_false_accept
lvis_000000463647,lvis_000000463647_yw_226937,0,background_false_accept
lvis_000000336587,lvis_000000336587_yw_164342,0,background_false_accept
lvis_000000158548,lvis_000000158548_yw_075279,0,background_false_accept
lvis_000000421060,lvis_000000421060_yw_205159,0,background_false_accept
lvis_000000060363,lvis_000000060363_yw_026519,0,unknown_false_accept
lvis_000000242411,lvis_000000242411_yw_118929,0,unknown_false_accept
lvis_000000277005,lvis_000000277005_yw_134088,0,background_false_accept
lvis_000000094157,lvis_000000094157_yw_042095,0,background_false_accept
lvis_000000349184,lvis_000000349184_yw_170176,0,background_false_accept
lvis_000000100723,lvis_000000100723_yw_045652,0,background_false_accept
lvis_000000556193,lvis_000000556193_yw_269397,0,background_false_accept
lvis_000000270402,lvis_000000270402_yw_131338,0,background_false_accept
lvis_000000344909,lvis_000000344909_yw_168698,0,background_false_accept
lvis_000000521540,lvis_000000521540_yw_253500,0,unknown_false_accept
lvis_000000569030,lvis_000000569030_yw_275793,0,background_false_accept
lvis_000000370042,lvis_000000370042_yw_180616,0,background_false_accept
lvis_000000212226,lvis_000000212226_yw_103338,0,background_false_accept
lvis_000000376625,lvis_000000376625_yw_183876,0,background_false_accept
lvis_000000466416,lvis_000000466416_yw_228796,0,background_false_accept
lvis_000000555972,lvis_000000555972_yw_269315,0,unknown_false_accept
lvis_000000094157,lvis_000000094157_yw_042096,0,background_false_accept
lvis_000000374545,lvis_000000374545_yw_182740,0,background_false_accept
lvis_000000268996,lvis_000000268996_yw_130669,0,background_false_accept
lvis_000000277005,lvis_000000277005_yw_134089,0,background_false_accept
lvis_000000135673,lvis_000000135673_yw_062054,0,background_false_accept
lvis_000000499768,lvis_000000499768_yw_242636,0,background_false_accept
lvis_000000019042,lvis_000000019042_yw_009830,0,background_false_accept
lvis_000000158548,lvis_000000158548_yw_075280,0,background_false_accept
lvis_000000103548,lvis_000000103548_yw_046256,0,background_false_accept
lvis_000000057725,lvis_000000057725_yw_025240,0,background_false_accept
lvis_000000322968,lvis_000000322968_yw_157809,0,background_false_accept
lvis_000000383289,lvis_000000383289_yw_188368,0,background_false_accept
lvis_000000495054,lvis_000000495054_yw_241046,0,background_false_accept
lvis_000000502599,lvis_000000502599_yw_244248,0,background_false_accept
lvis_000000158548,lvis_000000158548_yw_075282,0,background_false_accept
lvis_000000145020,lvis_000000145020_yw_067722,0,background_false_accept
lvis_000000252559,lvis_000000252559_yw_122419,0,background_false_accept
lvis_000000453040,lvis_000000453040_yw_220670,0,background_false_accept
lvis_000000288685,lvis_000000288685_yw_140503,0,background_false_accept
lvis_000000336587,lvis_000000336587_yw_164343,0,background_false_accept
lvis_000000021839,lvis_000000021839_yw_010778,0,background_false_accept
lvis_000000103548,lvis_000000103548_yw_046257,0,background_false_accept
lvis_000000515579,lvis_000000515579_yw_250769,0,background_false_accept
lvis_000000210273,lvis_000000210273_yw_102382,0,background_false_accept
lvis_000000166747,lvis_000000166747_yw_079767,0,background_false_accept
lvis_000000242411,lvis_000000242411_yw_118931,0,background_false_accept
lvis_000000189475,lvis_000000189475_yw_092305,0,background_false_accept
lvis_000000453841,lvis_000000453841_yw_221442,0,background_false_accept
lvis_000000433103,lvis_000000433103_yw_211519,0,background_false_accept
lvis_000000377946,lvis_000000377946_yw_185841,0,background_false_accept
lvis_000000100723,lvis_000000100723_yw_045653,0,background_false_accept
lvis_000000278749,lvis_000000278749_yw_134622,0,background_false_accept
lvis_000000263969,lvis_000000263969_yw_128415,0,unknown_false_accept
lvis_000000463037,lvis_000000463037_yw_226264,0,background_false_accept
lvis_000000414133,lvis_000000414133_yw_202241,0,background_false_accept
lvis_000000100723,lvis_000000100723_yw_045654,0,background_false_accept
lvis_000000205282,lvis_000000205282_yw_099803,0,unknown_false_accept
lvis_000000069795,lvis_000000069795_yw_031136,0,background_false_accept
lvis_000000413247,lvis_000000413247_yw_201775,0,background_false_accept
lvis_000000310200,lvis_000000310200_yw_152824,0,unknown_false_accept
lvis_000000425925,lvis_000000425925_yw_207343,0,background_false_accept
lvis_000000158548,lvis_000000158548_yw_075283,0,background_false_accept
lvis_000000283037,lvis_000000283037_yw_137566,0,background_false_accept
lvis_000000211042,lvis_000000211042_yw_102863,0,background_false_accept
lvis_000000561335,lvis_000000561335_yw_271672,0,background_false_accept
lvis_000000332845,lvis_000000332845_yw_161789,0,background_false_accept
lvis_000000211674,lvis_000000211674_yw_103074,0,background_false_accept
lvis_000000078823,lvis_000000078823_yw_034845,0,background_false_accept
lvis_000000333956,lvis_000000333956_yw_162323,0,background_false_accept
lvis_000000320706,lvis_000000320706_yw_156996,0,background_false_accept
lvis_000000100723,lvis_000000100723_yw_045656,0,background_false_accept
lvis_000000350122,lvis_000000350122_yw_170883,0,background_false_accept
lvis_000000328238,lvis_000000328238_yw_159958,0,background_false_accept
lvis_000000316666,lvis_000000316666_yw_155561,0,background_false_accept
lvis_000000210394,lvis_000000210394_yw_102610,0,background_false_accept
lvis_000000415716,lvis_000000415716_yw_202899,0,background_false_accept
lvis_000000493286,lvis_000000493286_yw_240231,0,background_false_accept
lvis_000000525600,lvis_000000525600_yw_254943,0,unknown_false_accept
lvis_000000289938,lvis_000000289938_yw_141458,0,background_false_accept
lvis_000000333402,lvis_000000333402_yw_162083,0,background_false_accept
lvis_000000166166,lvis_000000166166_yw_079229,0,background_false_accept
lvis_000000534673,lvis_000000534673_yw_259634,0,background_false_accept
lvis_000000368752,lvis_000000368752_yw_179527,0,background_false_accept
lvis_000000343803,lvis_000000343803_yw_167991,0,background_false_accept
lvis_000000095786,lvis_000000095786_yw_042673,0,background_false_accept
lvis_000000212573,lvis_000000212573_yw_103663,0,background_false_accept
lvis_000000210394,lvis_000000210394_yw_102611,0,background_false_accept
lvis_000000507223,lvis_000000507223_yw_246320,0,background_false_accept
lvis_000000376625,lvis_000000376625_yw_183878,0,background_false_accept
lvis_000000283037,lvis_000000283037_yw_137567,0,background_false_accept
lvis_000000511321,lvis_000000511321_yw_248381,0,background_false_accept
lvis_000000158548,lvis_000000158548_yw_075285,0,background_false_accept
lvis_000000078823,lvis_000000078823_yw_034846,0,background_false_accept
lvis_000000288685,lvis_000000288685_yw_140506,0,background_false_accept
lvis_000000158548,lvis_000000158548_yw_075286,0,background_false_accept
lvis_000000561958,lvis_000000561958_yw_271938,0,background_false_accept
lvis_000000057725,lvis_000000057725_yw_025242,0,background_false_accept
lvis_000000133969,lvis_000000133969_yw_061088,0,background_false_accept
lvis_000000009891,lvis_000000009891_yw_004639,0,background_false_accept
lvis_000000493286,lvis_000000493286_yw_240232,0,wrong_known_class_or_duplicate
lvis_000000350122,lvis_000000350122_yw_170885,0,background_false_accept
lvis_000000129492,lvis_000000129492_yw_057815,0,background_false_accept
lvis_000000083531,lvis_000000083531_yw_037479,0,background_false_accept
lvis_000000388056,lvis_000000388056_yw_190325,0,background_false_accept
lvis_000000211674,lvis_000000211674_yw_103076,0,background_false_accept
lvis_000000277005,lvis_000000277005_yw_134091,0,background_false_accept
lvis_000000361506,lvis_000000361506_yw_176092,0,background_false_accept
lvis_000000425221,lvis_000000425221_yw_206950,0,unknown_false_accept
lvis_000000244379,lvis_000000244379_yw_119747,0,background_false_accept
lvis_000000318908,lvis_000000318908_yw_155754,0,background_false_accept
lvis_000000377113,lvis_000000377113_yw_184358,0,background_false_accept
lvis_000000563702,lvis_000000563702_yw_273128,0,background_false_accept
lvis_000000413247,lvis_000000413247_yw_201777,0,background_false_accept
lvis_000000370042,lvis_000000370042_yw_180617,0,background_false_accept
lvis_000000374545,lvis_000000374545_yw_182742,0,background_false_accept
lvis_000000138550,lvis_000000138550_yw_063273,0,unknown_false_accept
lvis_000000561958,lvis_000000561958_yw_271940,0,background_false_accept
lvis_000000495054,lvis_000000495054_yw_241047,0,background_false_accept
lvis_000000421060,lvis_000000421060_yw_205160,0,background_false_accept
lvis_000000425221,lvis_000000425221_yw_206951,0,background_false_accept
lvis_000000019042,lvis_000000019042_yw_009832,0,background_false_accept
lvis_000000350003,lvis_000000350003_yw_170466,0,background_false_accept
lvis_000000343149,lvis_000000343149_yw_167441,0,background_false_accept
lvis_000000233238,lvis_000000233238_yw_115619,0,background_false_accept
lvis_000000317999,lvis_000000317999_yw_155653,0,unknown_false_accept
lvis_000000210394,lvis_000000210394_yw_102612,0,background_false_accept
lvis_000000322968,lvis_000000322968_yw_157810,0,background_false_accept
lvis_000000205282,lvis_000000205282_yw_099804,0,unknown_false_accept
lvis_000000163951,lvis_000000163951_yw_078489,0,background_false_accept
lvis_000000019042,lvis_000000019042_yw_009833,0,wrong_known_class_or_duplicate
lvis_000000316666,lvis_000000316666_yw_155562,0,unknown_false_accept
lvis_000000210394,lvis_000000210394_yw_102613,0,background_false_accept
lvis_000000147740,lvis_000000147740_yw_069662,0,background_false_accept
lvis_000000580410,lvis_000000580410_yw_281036,0,background_false_accept
lvis_000000233238,lvis_000000233238_yw_115620,0,background_false_accept
lvis_000000368900,lvis_000000368900_yw_179600,0,wrong_known_class_or_duplicate
lvis_000000295316,lvis_000000295316_yw_144669,0,unknown_false_accept
lvis_000000534041,lvis_000000534041_yw_258959,0,background_false_accept
lvis_000000563702,lvis_000000563702_yw_273129,0,background_false_accept
lvis_000000103548,lvis_000000103548_yw_046260,0,background_false_accept
lvis_000000285349,lvis_000000285349_yw_139045,0,background_false_accept
lvis_000000277005,lvis_000000277005_yw_134092,0,background_false_accept
lvis_000000496854,lvis_000000496854_yw_241677,0,background_false_accept
lvis_000000427649,lvis_000000427649_yw_208500,0,background_false_accept
lvis_000000387098,lvis_000000387098_yw_189893,0,background_false_accept
lvis_000000234366,lvis_000000234366_yw_116189,0,background_false_accept
lvis_000000421060,lvis_000000421060_yw_205161,0,background_false_accept
lvis_000000167486,lvis_000000167486_yw_080269,0,background_false_accept
lvis_000000356428,lvis_000000356428_yw_173473,0,background_false_accept
lvis_000000376625,lvis_000000376625_yw_183879,0,background_false_accept
lvis_000000421060,lvis_000000421060_yw_205162,0,background_false_accept
lvis_000000336658,lvis_000000336658_yw_164577,0,background_false_accept
lvis_000000277005,lvis_000000277005_yw_134093,0,background_false_accept
lvis_000000335529,lvis_000000335529_yw_163559,0,background_false_accept
lvis_000000100723,lvis_000000100723_yw_045660,0,background_false_accept
lvis_000000094157,lvis_000000094157_yw_042097,0,background_false_accept
lvis_000000441468,lvis_000000441468_yw_215729,0,background_false_accept
lvis_000000242678,lvis_000000242678_yw_119074,0,background_false_accept
lvis_000000534673,lvis_000000534673_yw_259636,0,background_false_accept
lvis_000000570169,lvis_000000570169_yw_276199,0,unknown_false_accept
lvis_000000374545,lvis_000000374545_yw_182743,0,background_false_accept
lvis_000000529568,lvis_000000529568_yw_256551,0,background_false_accept
lvis_000000094157,lvis_000000094157_yw_042098,0,background_false_accept
lvis_000000211674,lvis_000000211674_yw_103078,0,background_false_accept
lvis_000000467315,lvis_000000467315_yw_229031,0,unknown_false_accept
lvis_000000130826,lvis_000000130826_yw_058639,0,background_false_accept
lvis_000000463647,lvis_000000463647_yw_226939,0,background_false_accept
lvis_000000059920,lvis_000000059920_yw_026373,0,background_false_accept
lvis_000000212573,lvis_000000212573_yw_103664,0,background_false_accept
lvis_000000370042,lvis_000000370042_yw_180618,0,background_false_accept
lvis_000000271471,lvis_000000271471_yw_131563,0,background_false_accept
lvis_000000350122,lvis_000000350122_yw_170887,0,background_false_accept
lvis_000000350122,lvis_000000350122_yw_170888,0,background_false_accept
lvis_000000436883,lvis_000000436883_yw_213408,0,background_false_accept
lvis_000000221281,lvis_000000221281_yw_108077,0,background_false_accept
lvis_000000335529,lvis_000000335529_yw_163561,0,background_false_accept
lvis_000000482970,lvis_000000482970_yw_236128,0,unknown_false_accept
lvis_000000145020,lvis_000000145020_yw_067725,0,background_false_accept
lvis_000000167486,lvis_000000167486_yw_080270,0,background_false_accept
lvis_000000350607,lvis_000000350607_yw_171202,0,background_false_accept
lvis_000000458223,lvis_000000458223_yw_223716,0,background_false_accept
lvis_000000493286,lvis_000000493286_yw_240233,0,background_false_accept
lvis_000000277005,lvis_000000277005_yw_134095,0,background_false_accept
lvis_000000555012,lvis_000000555012_yw_268883,0,background_false_accept
lvis_000000425226,lvis_000000425226_yw_207070,0,background_false_accept
lvis_000000443844,lvis_000000443844_yw_217456,0,background_false_accept
lvis_000000336658,lvis_000000336658_yw_164578,0,background_false_accept
lvis_000000100723,lvis_000000100723_yw_045661,0,background_false_accept
lvis_000000336658,lvis_000000336658_yw_164579,0,background_false_accept
lvis_000000316666,lvis_000000316666_yw_155563,0,background_false_accept
lvis_000000513580,lvis_000000513580_yw_249846,0,background_false_accept
lvis_000000019042,lvis_000000019042_yw_009834,0,background_false_accept
lvis_000000446574,lvis_000000446574_yw_218075,0,unknown_false_accept
lvis_000000167486,lvis_000000167486_yw_080271,0,background_false_accept
lvis_000000158548,lvis_000000158548_yw_075287,0,background_false_accept
lvis_000000085157,lvis_000000085157_yw_038627,0,background_false_accept
lvis_000000072813,lvis_000000072813_yw_032098,0,background_false_accept
lvis_000000453841,lvis_000000453841_yw_221444,0,background_false_accept
lvis_000000286182,lvis_000000286182_yw_139116,0,background_false_accept
lvis_000000169169,lvis_000000169169_yw_080810,0,background_false_accept
lvis_000000569030,lvis_000000569030_yw_275797,0,background_false_accept
lvis_000000252559,lvis_000000252559_yw_122422,0,background_false_accept
lvis_000000493286,lvis_000000493286_yw_240234,0,background_false_accept
lvis_000000360325,lvis_000000360325_yw_175182,0,background_false_accept
lvis_000000277005,lvis_000000277005_yw_134097,0,background_false_accept
lvis_000000320743,lvis_000000320743_yw_157042,0,background_false_accept
lvis_000000148719,lvis_000000148719_yw_070234,0,background_false_accept
lvis_000000423798,lvis_000000423798_yw_206300,0,background_false_accept
lvis_000000529568,lvis_000000529568_yw_256552,0,background_false_accept
lvis_000000059920,lvis_000000059920_yw_026374,0,unknown_false_accept
lvis_000000167486,lvis_000000167486_yw_080272,0,background_false_accept
lvis_000000010707,lvis_000000010707_yw_004845,0,background_false_accept
lvis_000000378515,lvis_000000378515_yw_186319,0,background_false_accept
lvis_000000100723,lvis_000000100723_yw_045662,0,background_false_accept
lvis_000000197528,lvis_000000197528_yw_096634,0,background_false_accept
lvis_000000158548,lvis_000000158548_yw_075289,0,background_false_accept
lvis_000000377946,lvis_000000377946_yw_185843,0,background_false_accept
lvis_000000214539,lvis_000000214539_yw_105189,0,background_false_accept
lvis_000000335529,lvis_000000335529_yw_163562,0,background_false_accept
lvis_000000171611,lvis_000000171611_yw_082155,0,background_false_accept
lvis_000000532071,lvis_000000532071_yw_258155,0,background_false_accept
lvis_000000356428,lvis_000000356428_yw_173474,0,background_false_accept
lvis_000000145020,lvis_000000145020_yw_067726,0,background_false_accept
lvis_000000085157,lvis_000000085157_yw_038628,0,unknown_false_accept
lvis_000000212573,lvis_000000212573_yw_103665,0,background_false_accept
lvis_000000277005,lvis_000000277005_yw_134098,0,background_false_accept
lvis_000000211042,lvis_000000211042_yw_102864,0,background_false_accept
lvis_000000336658,lvis_000000336658_yw_164580,0,background_false_accept
lvis_000000498709,lvis_000000498709_yw_242173,0,background_false_accept
lvis_000000283037,lvis_000000283037_yw_137569,0,background_false_accept
lvis_000000095786,lvis_000000095786_yw_042674,0,unknown_false_accept
lvis_000000103548,lvis_000000103548_yw_046262,0,background_false_accept
lvis_000000242411,lvis_000000242411_yw_118932,0,background_false_accept
lvis_000000496854,lvis_000000496854_yw_241679,0,background_false_accept
lvis_000000145020,lvis_000000145020_yw_067729,0,background_false_accept
lvis_000000336587,lvis_000000336587_yw_164344,0,background_false_accept
lvis_000000444275,lvis_000000444275_yw_217648,0,background_false_accept
lvis_000000356612,lvis_000000356612_yw_173738,0,background_false_accept
lvis_000000388056,lvis_000000388056_yw_190326,0,background_false_accept
lvis_000000491130,lvis_000000491130_yw_238910,0,background_false_accept
lvis_000000436883,lvis_000000436883_yw_213412,0,background_false_accept
lvis_000000210273,lvis_000000210273_yw_102389,0,background_false_accept
lvis_000000333402,lvis_000000333402_yw_162084,0,background_false_accept
lvis_000000268996,lvis_000000268996_yw_130670,0,background_false_accept
lvis_000000245915,lvis_000000245915_yw_120497,0,unknown_false_accept
lvis_000000396200,lvis_000000396200_yw_193568,0,background_false_accept
lvis_000000277005,lvis_000000277005_yw_134099,0,background_false_accept
lvis_000000210394,lvis_000000210394_yw_102615,0,background_false_accept
lvis_000000500211,lvis_000000500211_yw_242732,0,background_false_accept
lvis_000000534673,lvis_000000534673_yw_259637,0,background_false_accept
lvis_000000120420,lvis_000000120420_yw_052653,0,background_false_accept
lvis_000000100723,lvis_000000100723_yw_045667,0,background_false_accept
lvis_000000453841,lvis_000000453841_yw_221445,0,background_false_accept
lvis_000000116439,lvis_000000116439_yw_051107,0,background_false_accept
lvis_000000514797,lvis_000000514797_yw_250315,0,background_false_accept
lvis_000000285349,lvis_000000285349_yw_139046,0,unknown_false_accept
lvis_000000467315,lvis_000000467315_yw_229032,0,background_false_accept
lvis_000000458410,lvis_000000458410_yw_224018,0,background_false_accept
lvis_000000561958,lvis_000000561958_yw_271950,0,background_false_accept
lvis_000000523033,lvis_000000523033_yw_253921,0,background_false_accept
lvis_000000529568,lvis_000000529568_yw_256553,0,background_false_accept
lvis_000000170116,lvis_000000170116_yw_081256,0,background_false_accept
lvis_000000244379,lvis_000000244379_yw_119748,0,background_false_accept
lvis_000000377946,lvis_000000377946_yw_185845,0,background_false_accept
lvis_000000521719,lvis_000000521719_yw_253562,0,background_false_accept
lvis_000000466416,lvis_000000466416_yw_228800,0,background_false_accept
lvis_000000495054,lvis_000000495054_yw_241049,0,background_false_accept
lvis_000000495054,lvis_000000495054_yw_241050,0,background_false_accept
lvis_000000421060,lvis_000000421060_yw_205164,0,background_false_accept
lvis_000000145020,lvis_000000145020_yw_067730,0,background_false_accept
lvis_000000100723,lvis_000000100723_yw_045668,0,wrong_known_class_or_duplicate
lvis_000000148719,lvis_000000148719_yw_070237,0,background_false_accept
lvis_000000100723,lvis_000000100723_yw_045669,0,background_false_accept
lvis_000000378139,lvis_000000378139_yw_186040,0,background_false_accept
lvis_000000084650,lvis_000000084650_yw_038394,0,unknown_false_accept
lvis_000000019042,lvis_000000019042_yw_009836,0,background_false_accept
lvis_000000561958,lvis_000000561958_yw_271951,0,background_false_accept
lvis_000000157756,lvis_000000157756_yw_074959,0,background_false_accept
lvis_000000295420,lvis_000000295420_yw_144699,0,background_false_accept
lvis_000000322968,lvis_000000322968_yw_157813,0,background_false_accept
lvis_000000100723,lvis_000000100723_yw_045670,0,background_false_accept
lvis_000000336658,lvis_000000336658_yw_164581,0,wrong_known_class_or_duplicate
lvis_000000176232,lvis_000000176232_yw_084187,0,background_false_accept
lvis_000000150224,lvis_000000150224_yw_071031,0,background_false_accept
lvis_000000057725,lvis_000000057725_yw_025246,0,background_false_accept
lvis_000000493286,lvis_000000493286_yw_240236,0,background_false_accept
lvis_000000322968,lvis_000000322968_yw_157814,0,background_false_accept
lvis_000000158548,lvis_000000158548_yw_075291,0,wrong_known_class_or_duplicate
lvis_000000561958,lvis_000000561958_yw_271952,0,background_false_accept
lvis_000000226058,lvis_000000226058_yw_110435,0,unknown_false_accept
lvis_000000488710,lvis_000000488710_yw_237773,0,background_false_accept
lvis_000000441468,lvis_000000441468_yw_215730,0,background_false_accept
lvis_000000169169,lvis_000000169169_yw_080811,0,background_false_accept
lvis_000000193494,lvis_000000193494_yw_094922,0,background_false_accept
lvis_000000336587,lvis_000000336587_yw_164345,0,background_false_accept
lvis_000000278749,lvis_000000278749_yw_134624,0,background_false_accept
lvis_000000158548,lvis_000000158548_yw_075292,1,known_tp
lvis_000000318908,lvis_000000318908_yw_155756,0,background_false_accept
lvis_000000135890,lvis_000000135890_yw_062100,0,background_false_accept
lvis_000000465718,lvis_000000465718_yw_228319,0,background_false_accept
lvis_000000252559,lvis_000000252559_yw_122423,0,background_false_accept
lvis_000000396729,lvis_000000396729_yw_193884,0,unknown_false_accept
lvis_000000273715,lvis_000000273715_yw_132383,0,background_false_accept
lvis_000000370042,lvis_000000370042_yw_180619,0,background_false_accept
lvis_000000453040,lvis_000000453040_yw_220671,0,background_false_accept
lvis_000000210273,lvis_000000210273_yw_102390,0,background_false_accept
lvis_000000232692,lvis_000000232692_yw_115446,0,background_false_accept
lvis_000000336658,lvis_000000336658_yw_164582,0,background_false_accept
lvis_000000100723,lvis_000000100723_yw_045671,0,background_false_accept
lvis_000000210273,lvis_000000210273_yw_102391,0,background_false_accept
lvis_000000500211,lvis_000000500211_yw_242733,0,background_false_accept
lvis_000000425226,lvis_000000425226_yw_207072,0,background_false_accept
lvis_000000378139,lvis_000000378139_yw_186041,0,background_false_accept
lvis_000000336658,lvis_000000336658_yw_164583,0,background_false_accept
lvis_000000242411,lvis_000000242411_yw_118933,0,background_false_accept
lvis_000000169169,lvis_000000169169_yw_080813,0,background_false_accept
lvis_000000244379,lvis_000000244379_yw_119749,0,background_false_accept
lvis_000000167486,lvis_000000167486_yw_080275,0,background_false_accept
lvis_000000409424,lvis_000000409424_yw_199080,0,unknown_false_accept
lvis_000000433103,lvis_000000433103_yw_211526,0,background_false_accept
lvis_000000169169,lvis_000000169169_yw_080815,0,background_false_accept
lvis_000000021839,lvis_000000021839_yw_010784,0,background_false_accept
lvis_000000347456,lvis_000000347456_yw_169675,0,background_false_accept
lvis_000000421060,lvis_000000421060_yw_205165,0,background_false_accept
lvis_000000328238,lvis_000000328238_yw_159960,0,background_false_accept
lvis_000000480842,lvis_000000480842_yw_234700,0,unknown_false_accept
lvis_000000156643,lvis_000000156643_yw_074533,0,unknown_false_accept
lvis_000000421060,lvis_000000421060_yw_205166,0,background_false_accept
lvis_000000569030,lvis_000000569030_yw_275798,0,background_false_accept
lvis_000000085576,lvis_000000085576_yw_038781,0,unknown_false_accept
lvis_000000295420,lvis_000000295420_yw_144700,0,background_false_accept
lvis_000000262938,lvis_000000262938_yw_127864,0,wrong_known_class_or_duplicate
lvis_000000440617,lvis_000000440617_yw_215534,0,background_false_accept
lvis_000000226903,lvis_000000226903_yw_111399,0,background_false_accept
lvis_000000133819,lvis_000000133819_yw_060784,0,background_false_accept
lvis_000000561335,lvis_000000561335_yw_271673,0,background_false_accept
lvis_000000377946,lvis_000000377946_yw_185846,0,background_false_accept
lvis_000000252559,lvis_000000252559_yw_122424,0,background_false_accept
lvis_000000527220,lvis_000000527220_yw_255605,0,background_false_accept
lvis_000000498919,lvis_000000498919_yw_242302,0,background_false_accept
lvis_000000405205,lvis_000000405205_yw_197229,0,background_false_accept
lvis_000000323751,lvis_000000323751_yw_158208,0,background_false_accept
lvis_000000333402,lvis_000000333402_yw_162085,0,background_false_accept
lvis_000000057760,lvis_000000057760_yw_025404,0,unknown_false_accept
lvis_000000212573,lvis_000000212573_yw_103666,0,background_false_accept
lvis_000000245915,lvis_000000245915_yw_120498,0,unknown_false_accept
lvis_000000310072,lvis_000000310072_yw_152775,0,background_false_accept
lvis_000000100723,lvis_000000100723_yw_045672,0,background_false_accept
lvis_000000320743,lvis_000000320743_yw_157043,0,unknown_false_accept
lvis_000000356612,lvis_000000356612_yw_173743,0,background_false_accept
lvis_000000106048,lvis_000000106048_yw_047129,0,background_false_accept
lvis_000000231879,lvis_000000231879_yw_115122,0,background_false_accept
lvis_000000356428,lvis_000000356428_yw_173475,0,background_false_accept
lvis_000000510095,lvis_000000510095_yw_248060,0,background_false_accept
lvis_000000284762,lvis_000000284762_yw_138884,0,background_false_accept
lvis_000000153568,lvis_000000153568_yw_072608,0,background_false_accept
lvis_000000278705,lvis_000000278705_yw_134497,0,background_false_accept
lvis_000000085157,lvis_000000085157_yw_038630,0,background_false_accept
lvis_000000561958,lvis_000000561958_yw_271956,0,background_false_accept
lvis_000000368752,lvis_000000368752_yw_179528,0,background_false_accept
lvis_000000025603,lvis_000000025603_yw_012473,0,background_false_accept
lvis_000000025603,lvis_000000025603_yw_012474,0,unknown_false_accept
lvis_000000021839,lvis_000000021839_yw_010785,0,background_false_accept
lvis_000000349860,lvis_000000349860_yw_170355,0,background_false_accept
lvis_000000242411,lvis_000000242411_yw_118935,0,background_false_accept
lvis_000000444879,lvis_000000444879_yw_217664,0,background_false_accept
lvis_000000514797,lvis_000000514797_yw_250316,0,background_false_accept
lvis_000000277005,lvis_000000277005_yw_134100,0,background_false_accept
lvis_000000289938,lvis_000000289938_yw_141460,0,background_false_accept
lvis_000000534673,lvis_000000534673_yw_259640,0,background_false_accept
lvis_000000378139,lvis_000000378139_yw_186043,0,background_false_accept
lvis_000000407574,lvis_000000407574_yw_198201,0,background_false_accept
lvis_000000226903,lvis_000000226903_yw_111400,0,background_false_accept
lvis_000000374545,lvis_000000374545_yw_182747,0,background_false_accept
lvis_000000140203,lvis_000000140203_yw_064259,0,background_false_accept
lvis_000000499768,lvis_000000499768_yw_242637,0,background_false_accept
lvis_000000211825,lvis_000000211825_yw_103233,0,background_false_accept
lvis_000000169076,lvis_000000169076_yw_080696,0,background_false_accept
lvis_000000356612,lvis_000000356612_yw_173744,0,background_false_accept
lvis_000000561958,lvis_000000561958_yw_271957,0,background_false_accept
lvis_000000054628,lvis_000000054628_yw_023473,0,background_false_accept
lvis_000000022479,lvis_000000022479_yw_010956,0,wrong_known_class_or_duplicate
lvis_000000450100,lvis_000000450100_yw_219893,0,unknown_false_accept
lvis_000000423798,lvis_000000423798_yw_206302,0,background_false_accept
lvis_000000421060,lvis_000000421060_yw_205167,0,background_false_accept
lvis_000000421060,lvis_000000421060_yw_205168,0,background_false_accept
lvis_000000568584,lvis_000000568584_yw_275490,0,background_false_accept
lvis_000000413247,lvis_000000413247_yw_201779,0,background_false_accept
lvis_000000057760,lvis_000000057760_yw_025405,0,unknown_false_accept
lvis_000000133819,lvis_000000133819_yw_060785,0,background_false_accept
lvis_000000444275,lvis_000000444275_yw_217649,0,background_false_accept
lvis_000000495054,lvis_000000495054_yw_241051,0,background_false_accept
lvis_000000360325,lvis_000000360325_yw_175185,0,background_false_accept
lvis_000000214539,lvis_000000214539_yw_105194,0,background_false_accept
lvis_000000466416,lvis_000000466416_yw_228802,0,background_false_accept
lvis_000000214539,lvis_000000214539_yw_105195,0,background_false_accept
lvis_000000348012,lvis_000000348012_yw_169802,0,background_false_accept
lvis_000000336658,lvis_000000336658_yw_164585,0,background_false_accept
lvis_000000495054,lvis_000000495054_yw_241052,0,background_false_accept
lvis_000000277005,lvis_000000277005_yw_134102,0,background_false_accept
lvis_000000421060,lvis_000000421060_yw_205169,0,background_false_accept
lvis_000000210394,lvis_000000210394_yw_102620,0,background_false_accept
lvis_000000350122,lvis_000000350122_yw_170895,0,background_false_accept
lvis_000000378139,lvis_000000378139_yw_186044,0,background_false_accept
lvis_000000466416,lvis_000000466416_yw_228803,0,background_false_accept
lvis_000000568584,lvis_000000568584_yw_275491,0,background_false_accept
lvis_000000100723,lvis_000000100723_yw_045674,0,background_false_accept
lvis_000000568584,lvis_000000568584_yw_275492,0,unknown_false_accept
lvis_000000196185,lvis_000000196185_yw_096235,0,background_false_accept
lvis_000000450100,lvis_000000450100_yw_219894,0,unknown_false_accept
lvis_000000156643,lvis_000000156643_yw_074536,0,background_false_accept
lvis_000000336658,lvis_000000336658_yw_164586,0,background_false_accept
lvis_000000190637,lvis_000000190637_yw_092828,0,background_false_accept
lvis_000000273715,lvis_000000273715_yw_132384,0,background_false_accept
lvis_000000189475,lvis_000000189475_yw_092307,0,background_false_accept
lvis_000000496854,lvis_000000496854_yw_241683,0,background_false_accept
lvis_000000356428,lvis_000000356428_yw_173476,0,background_false_accept
lvis_000000370042,lvis_000000370042_yw_180620,0,background_false_accept
lvis_000000453040,lvis_000000453040_yw_220672,0,unknown_false_accept
lvis_000000440617,lvis_000000440617_yw_215535,0,background_false_accept
lvis_000000145020,lvis_000000145020_yw_067735,0,background_false_accept
lvis_000000057760,lvis_000000057760_yw_025406,0,background_false_accept
lvis_000000037740,lvis_000000037740_yw_017080,0,background_false_accept
lvis_000000430056,lvis_000000430056_yw_210234,0,background_false_accept
lvis_000000515579,lvis_000000515579_yw_250772,0,background_false_accept
lvis_000000012667,lvis_000000012667_yw_005863,0,background_false_accept
lvis_000000453040,lvis_000000453040_yw_220673,0,background_false_accept
lvis_000000421060,lvis_000000421060_yw_205170,0,background_false_accept
lvis_000000138550,lvis_000000138550_yw_063274,0,background_false_accept
lvis_000000396200,lvis_000000396200_yw_193570,0,background_false_accept
lvis_000000119233,lvis_000000119233_yw_051880,0,background_false_accept
lvis_000000283037,lvis_000000283037_yw_137571,0,background_false_accept
lvis_000000318455,lvis_000000318455_yw_155742,0,background_false_accept
lvis_000000478136,lvis_000000478136_yw_233701,0,unknown_false_accept
lvis_000000495054,lvis_000000495054_yw_241053,0,background_false_accept
lvis_000000167486,lvis_000000167486_yw_080277,0,background_false_accept
lvis_000000158548,lvis_000000158548_yw_075294,0,background_false_accept
lvis_000000210273,lvis_000000210273_yw_102396,0,background_false_accept
lvis_000000185292,lvis_000000185292_yw_090117,0,unknown_false_accept
lvis_000000094157,lvis_000000094157_yw_042100,0,background_false_accept
lvis_000000171611,lvis_000000171611_yw_082156,0,background_false_accept
lvis_000000226154,lvis_000000226154_yw_110509,0,background_false_accept
lvis_000000025603,lvis_000000025603_yw_012476,0,background_false_accept
lvis_000000010707,lvis_000000010707_yw_004848,0,background_false_accept
lvis_000000376625,lvis_000000376625_yw_183882,0,background_false_accept
lvis_000000410456,lvis_000000410456_yw_199385,0,background_false_accept
lvis_000000021839,lvis_000000021839_yw_010786,0,background_false_accept
lvis_000000580410,lvis_000000580410_yw_281037,0,background_false_accept
lvis_000000336658,lvis_000000336658_yw_164588,0,background_false_accept
lvis_000000210273,lvis_000000210273_yw_102397,0,background_false_accept
lvis_000000106235,lvis_000000106235_yw_047165,0,unknown_false_accept
lvis_000000138550,lvis_000000138550_yw_063275,0,background_false_accept
lvis_000000059920,lvis_000000059920_yw_026375,0,background_false_accept
lvis_000000561958,lvis_000000561958_yw_271958,0,background_false_accept
lvis_000000278749,lvis_000000278749_yw_134625,0,background_false_accept
lvis_000000193743,lvis_000000193743_yw_095098,0,background_false_accept
lvis_000000370042,lvis_000000370042_yw_180622,0,background_false_accept
lvis_000000496854,lvis_000000496854_yw_241684,0,background_false_accept
lvis_000000495054,lvis_000000495054_yw_241054,0,background_false_accept
lvis_000000378139,lvis_000000378139_yw_186045,0,background_false_accept
lvis_000000039670,lvis_000000039670_yw_018127,0,background_false_accept
lvis_000000493286,lvis_000000493286_yw_240241,0,background_false_accept
lvis_000000210273,lvis_000000210273_yw_102398,0,background_false_accept
lvis_000000312421,lvis_000000312421_yw_153935,0,background_false_accept
lvis_000000133819,lvis_000000133819_yw_060789,0,background_false_accept
lvis_000000379332,lvis_000000379332_yw_186909,0,unknown_false_accept
lvis_000000133819,lvis_000000133819_yw_060790,0,background_false_accept
lvis_000000210273,lvis_000000210273_yw_102399,0,background_false_accept
lvis_000000425226,lvis_000000425226_yw_207073,0,background_false_accept
lvis_000000350122,lvis_000000350122_yw_170896,0,background_false_accept
lvis_000000022479,lvis_000000022479_yw_010958,0,background_false_accept
lvis_000000421060,lvis_000000421060_yw_205171,1,known_tp
lvis_000000189475,lvis_000000189475_yw_092308,0,background_false_accept
lvis_000000374545,lvis_000000374545_yw_182750,0,background_false_accept
lvis_000000060363,lvis_000000060363_yw_026522,0,background_false_accept
lvis_000000507223,lvis_000000507223_yw_246328,0,background_false_accept
lvis_000000103548,lvis_000000103548_yw_046270,0,background_false_accept
lvis_000000167486,lvis_000000167486_yw_080278,0,background_false_accept
lvis_000000196185,lvis_000000196185_yw_096236,0,background_false_accept
lvis_000000116439,lvis_000000116439_yw_051108,0,background_false_accept
lvis_000000350122,lvis_000000350122_yw_170898,0,background_false_accept
lvis_000000561958,lvis_000000561958_yw_271959,0,background_false_accept
lvis_000000407574,lvis_000000407574_yw_198202,0,background_false_accept
lvis_000000263969,lvis_000000263969_yw_128416,0,background_false_accept
lvis_000000022479,lvis_000000022479_yw_010959,0,background_false_accept
lvis_000000136633,lvis_000000136633_yw_062319,0,background_false_accept
lvis_000000511076,lvis_000000511076_yw_248211,0,background_false_accept
lvis_000000423798,lvis_000000423798_yw_206304,0,background_false_accept
lvis_000000425925,lvis_000000425925_yw_207347,0,background_false_accept
lvis_000000466416,lvis_000000466416_yw_228804,0,background_false_accept
lvis_000000374545,lvis_000000374545_yw_182751,0,background_false_accept
lvis_000000492905,lvis_000000492905_yw_240028,0,background_false_accept
lvis_000000140203,lvis_000000140203_yw_064261,0,background_false_accept
lvis_000000376625,lvis_000000376625_yw_183883,0,background_false_accept
lvis_000000028809,lvis_000000028809_yw_013341,0,background_false_accept
lvis_000000155154,lvis_000000155154_yw_073547,0,background_false_accept
lvis_000000039670,lvis_000000039670_yw_018128,0,background_false_accept
lvis_000000263969,lvis_000000263969_yw_128417,0,unknown_false_accept
lvis_000000210273,lvis_000000210273_yw_102403,0,background_false_accept
lvis_000000336658,lvis_000000336658_yw_164589,0,background_false_accept
lvis_000000316666,lvis_000000316666_yw_155564,0,background_false_accept
lvis_000000511321,lvis_000000511321_yw_248384,0,background_false_accept
lvis_000000278705,lvis_000000278705_yw_134498,0,background_false_accept
lvis_000000226903,lvis_000000226903_yw_111401,0,background_false_accept
lvis_000000425925,lvis_000000425925_yw_207348,0,background_false_accept
lvis_000000133819,lvis_000000133819_yw_060791,0,background_false_accept
lvis_000000376625,lvis_000000376625_yw_183884,0,background_false_accept
lvis_000000043816,lvis_000000043816_yw_019292,0,background_false_accept
lvis_000000511321,lvis_000000511321_yw_248385,0,background_false_accept
lvis_000000277005,lvis_000000277005_yw_134105,0,background_false_accept
lvis_000000388056,lvis_000000388056_yw_190333,0,background_false_accept
lvis_000000534673,lvis_000000534673_yw_259642,0,background_false_accept
lvis_000000318455,lvis_000000318455_yw_155743,0,background_false_accept
lvis_000000500211,lvis_000000500211_yw_242734,0,background_false_accept
lvis_000000466416,lvis_000000466416_yw_228805,0,background_false_accept
lvis_000000285349,lvis_000000285349_yw_139047,0,background_false_accept
lvis_000000156924,lvis_000000156924_yw_074625,0,background_false_accept
lvis_000000360325,lvis_000000360325_yw_175188,0,wrong_known_class_or_duplicate
lvis_000000322968,lvis_000000322968_yw_157815,0,background_false_accept
lvis_000000232348,lvis_000000232348_yw_115223,0,background_false_accept
lvis_000000561958,lvis_000000561958_yw_271960,0,background_false_accept
lvis_000000184338,lvis_000000184338_yw_089719,0,background_false_accept
lvis_000000092416,lvis_000000092416_yw_041599,0,background_false_accept
lvis_000000517523,lvis_000000517523_yw_251593,0,background_false_accept
lvis_000000094157,lvis_000000094157_yw_042101,0,background_false_accept
lvis_000000277005,lvis_000000277005_yw_134106,0,background_false_accept
lvis_000000383289,lvis_000000383289_yw_188371,0,background_false_accept
lvis_000000057725,lvis_000000057725_yw_025247,0,background_false_accept
lvis_000000210273,lvis_000000210273_yw_102404,0,wrong_known_class_or_duplicate
lvis_000000210273,lvis_000000210273_yw_102405,0,background_false_accept
lvis_000000169169,lvis_000000169169_yw_080817,0,background_false_accept
lvis_000000320642,lvis_000000320642_yw_156974,0,background_false_accept
lvis_000000413247,lvis_000000413247_yw_201780,0,background_false_accept
lvis_000000350122,lvis_000000350122_yw_170899,0,background_false_accept
lvis_000000495054,lvis_000000495054_yw_241055,0,background_false_accept
lvis_000000130826,lvis_000000130826_yw_058640,0,background_false_accept
lvis_000000244379,lvis_000000244379_yw_119750,0,background_false_accept
lvis_000000085772,lvis_000000085772_yw_038972,0,background_false_accept
lvis_000000130826,lvis_000000130826_yw_058641,0,background_false_accept
lvis_000000242411,lvis_000000242411_yw_118940,0,background_false_accept
lvis_000000506656,lvis_000000506656_yw_245523,0,background_false_accept
lvis_000000513580,lvis_000000513580_yw_249847,0,background_false_accept
lvis_000000133819,lvis_000000133819_yw_060792,0,background_false_accept
lvis_000000145020,lvis_000000145020_yw_067741,0,unknown_false_accept
lvis_000000356428,lvis_000000356428_yw_173478,0,background_false_accept
lvis_000000140203,lvis_000000140203_yw_064262,0,background_false_accept
lvis_000000561335,lvis_000000561335_yw_271674,0,background_false_accept
lvis_000000169076,lvis_000000169076_yw_080697,0,background_false_accept
lvis_000000316666,lvis_000000316666_yw_155565,0,background_false_accept
lvis_000000196185,lvis_000000196185_yw_096239,0,background_false_accept
lvis_000000278705,lvis_000000278705_yw_134499,0,background_false_accept
lvis_000000283037,lvis_000000283037_yw_137573,0,background_false_accept
lvis_000000096960,lvis_000000096960_yw_043005,0,background_false_accept
lvis_000000083531,lvis_000000083531_yw_037483,0,background_false_accept
lvis_000000376625,lvis_000000376625_yw_183886,0,background_false_accept
lvis_000000378139,lvis_000000378139_yw_186046,0,background_false_accept
lvis_000000534673,lvis_000000534673_yw_259645,0,background_false_accept
lvis_000000133969,lvis_000000133969_yw_061098,0,background_false_accept
lvis_000000425925,lvis_000000425925_yw_207349,0,background_false_accept
lvis_000000361506,lvis_000000361506_yw_176094,0,background_false_accept
lvis_000000349860,lvis_000000349860_yw_170358,0,background_false_accept
lvis_000000320743,lvis_000000320743_yw_157044,0,background_false_accept
lvis_000000150649,lvis_000000150649_yw_071318,0,unknown_false_accept
lvis_000000495054,lvis_000000495054_yw_241056,0,background_false_accept
lvis_000000019042,lvis_000000019042_yw_009838,0,background_false_accept
lvis_000000095843,lvis_000000095843_yw_042683,0,background_false_accept
lvis_000000496854,lvis_000000496854_yw_241686,0,background_false_accept
lvis_000000222299,lvis_000000222299_yw_108637,0,background_false_accept
lvis_000000384513,lvis_000000384513_yw_188887,0,background_false_accept
lvis_000000067315,lvis_000000067315_yw_030376,0,background_false_accept
lvis_000000109798,lvis_000000109798_yw_048400,0,unknown_false_accept
lvis_000000148719,lvis_000000148719_yw_070240,0,background_false_accept
lvis_000000356498,lvis_000000356498_yw_173630,0,background_false_accept
lvis_000000158548,lvis_000000158548_yw_075296,0,background_false_accept
lvis_000000515579,lvis_000000515579_yw_250774,0,background_false_accept
lvis_000000441468,lvis_000000441468_yw_215733,0,background_false_accept
lvis_000000094157,lvis_000000094157_yw_042102,0,background_false_accept
lvis_000000511321,lvis_000000511321_yw_248386,0,background_false_accept
lvis_000000189475,lvis_000000189475_yw_092311,0,background_false_accept
lvis_000000407574,lvis_000000407574_yw_198203,0,background_false_accept
lvis_000000106048,lvis_000000106048_yw_047130,0,background_false_accept
lvis_000000493286,lvis_000000493286_yw_240242,0,background_false_accept
lvis_000000289938,lvis_000000289938_yw_141462,0,background_false_accept
lvis_000000161642,lvis_000000161642_yw_076922,0,background_false_accept
lvis_000000073118,lvis_000000073118_yw_032137,0,background_false_accept
lvis_000000555972,lvis_000000555972_yw_269316,0,unknown_false_accept
lvis_000000581100,lvis_000000581100_yw_281194,0,unknown_false_accept
lvis_000000032817,lvis_000000032817_yw_014951,0,background_false_accept
lvis_000000094157,lvis_000000094157_yw_042103,0,background_false_accept
lvis_000000333956,lvis_000000333956_yw_162325,0,background_false_accept
lvis_000000191288,lvis_000000191288_yw_093664,0,background_false_accept
lvis_000000200152,lvis_000000200152_yw_097451,0,background_false_accept
lvis_000000242678,lvis_000000242678_yw_119075,0,background_false_accept
lvis_000000529966,lvis_000000529966_yw_256658,0,background_false_accept
lvis_000000022479,lvis_000000022479_yw_010960,0,background_false_accept
lvis_000000335529,lvis_000000335529_yw_163566,0,background_false_accept
lvis_000000527220,lvis_000000527220_yw_255607,0,background_false_accept
lvis_000000561958,lvis_000000561958_yw_271964,0,background_false_accept
lvis_000000441468,lvis_000000441468_yw_215734,0,background_false_accept
lvis_000000521719,lvis_000000521719_yw_253564,0,background_false_accept
lvis_000000480122,lvis_000000480122_yw_234615,0,background_false_accept
lvis_000000493286,lvis_000000493286_yw_240244,0,background_false_accept
lvis_000000349184,lvis_000000349184_yw_170180,0,background_false_accept
lvis_000000012576,lvis_000000012576_yw_005710,0,unknown_false_accept
lvis_000000561958,lvis_000000561958_yw_271965,0,background_false_accept
lvis_000000167486,lvis_000000167486_yw_080281,0,background_false_accept
lvis_000000019042,lvis_000000019042_yw_009839,0,background_false_accept
lvis_000000336658,lvis_000000336658_yw_164592,0,background_false_accept
lvis_000000297147,lvis_000000297147_yw_146105,0,background_false_accept
lvis_000000561958,lvis_000000561958_yw_271966,0,background_false_accept
lvis_000000310072,lvis_000000310072_yw_152777,0,background_false_accept
lvis_000000454978,lvis_000000454978_yw_221837,0,background_false_accept
lvis_000000368752,lvis_000000368752_yw_179532,0,unknown_false_accept
lvis_000000210273,lvis_000000210273_yw_102408,0,background_false_accept
lvis_000000534673,lvis_000000534673_yw_259646,0,background_false_accept
lvis_000000335529,lvis_000000335529_yw_163567,0,background_false_accept
lvis_000000009448,lvis_000000009448_yw_004443,0,background_false_accept
lvis_000000226154,lvis_000000226154_yw_110510,0,background_false_accept
lvis_000000320743,lvis_000000320743_yw_157046,0,background_false_accept
lvis_000000581100,lvis_000000581100_yw_281195,0,background_false_accept
lvis_000000120420,lvis_000000120420_yw_052654,0,background_false_accept
lvis_000000211674,lvis_000000211674_yw_103088,0,background_false_accept
lvis_000000169169,lvis_000000169169_yw_080818,0,unknown_false_accept
lvis_000000242411,lvis_000000242411_yw_118941,0,background_false_accept
lvis_000000019432,lvis_000000019432_yw_010265,0,background_false_accept
lvis_000000318908,lvis_000000318908_yw_155757,0,background_false_accept
lvis_000000158548,lvis_000000158548_yw_075298,0,background_false_accept
lvis_000000210273,lvis_000000210273_yw_102409,0,background_false_accept
lvis_000000288685,lvis_000000288685_yw_140515,0,background_false_accept
lvis_000000169169,lvis_000000169169_yw_080820,0,background_false_accept
lvis_000000011149,lvis_000000011149_yw_004953,0,background_false_accept
lvis_000000075456,lvis_000000075456_yw_033062,0,background_false_accept
lvis_000000278749,lvis_000000278749_yw_134628,0,background_false_accept
lvis_000000405691,lvis_000000405691_yw_197549,0,unknown_false_accept
lvis_000000323751,lvis_000000323751_yw_158210,0,background_false_accept
lvis_000000343803,lvis_000000343803_yw_167992,0,background_false_accept
lvis_000000196442,lvis_000000196442_yw_096313,0,background_false_accept
lvis_000000561958,lvis_000000561958_yw_271968,0,background_false_accept
lvis_000000563702,lvis_000000563702_yw_273134,0,background_false_accept
lvis_000000506656,lvis_000000506656_yw_245525,0,background_false_accept
lvis_000000415536,lvis_000000415536_yw_202872,0,background_false_accept
lvis_000000498709,lvis_000000498709_yw_242175,0,background_false_accept
lvis_000000323751,lvis_000000323751_yw_158211,0,background_false_accept
lvis_000000496854,lvis_000000496854_yw_241687,0,background_false_accept
lvis_000000453841,lvis_000000453841_yw_221449,0,background_false_accept
lvis_000000569030,lvis_000000569030_yw_275802,0,wrong_known_class_or_duplicate
lvis_000000374545,lvis_000000374545_yw_182756,0,background_false_accept
lvis_000000561958,lvis_000000561958_yw_271969,0,background_false_accept
lvis_000000210273,lvis_000000210273_yw_102410,0,background_false_accept
lvis_000000383289,lvis_000000383289_yw_188373,0,background_false_accept
lvis_000000210273,lvis_000000210273_yw_102411,0,background_false_accept
lvis_000000511076,lvis_000000511076_yw_248215,0,background_false_accept
lvis_000000314264,lvis_000000314264_yw_154906,0,background_false_accept
lvis_000000232692,lvis_000000232692_yw_115450,0,background_false_accept
lvis_000000377113,lvis_000000377113_yw_184364,0,background_false_accept
lvis_000000191288,lvis_000000191288_yw_093667,0,background_false_accept
lvis_000000496854,lvis_000000496854_yw_241688,0,wrong_known_class_or_duplicate
lvis_000000421060,lvis_000000421060_yw_205172,0,background_false_accept
lvis_000000297396,lvis_000000297396_yw_146138,0,background_false_accept
lvis_000000295420,lvis_000000295420_yw_144703,0,background_false_accept
lvis_000000333956,lvis_000000333956_yw_162326,0,background_false_accept
lvis_000000120420,lvis_000000120420_yw_052655,0,background_false_accept
lvis_000000425221,lvis_000000425221_yw_206961,0,background_false_accept
lvis_000000409424,lvis_000000409424_yw_199081,0,background_false_accept
lvis_000000119365,lvis_000000119365_yw_051941,0,background_false_accept
lvis_000000374545,lvis_000000374545_yw_182757,0,background_false_accept
lvis_000000226154,lvis_000000226154_yw_110511,0,background_false_accept
lvis_000000534673,lvis_000000534673_yw_259648,0,background_false_accept
lvis_000000167486,lvis_000000167486_yw_080283,0,background_false_accept
lvis_000000405432,lvis_000000405432_yw_197516,0,background_false_accept
lvis_000000247917,lvis_000000247917_yw_120941,0,background_false_accept
lvis_000000058705,lvis_000000058705_yw_025779,0,background_false_accept
lvis_000000561958,lvis_000000561958_yw_271970,0,background_false_accept
lvis_000000475904,lvis_000000475904_yw_232438,0,background_false_accept
lvis_000000277005,lvis_000000277005_yw_134108,0,background_false_accept
lvis_000000242411,lvis_000000242411_yw_118943,0,background_false_accept
lvis_000000360960,lvis_000000360960_yw_175419,0,background_false_accept
lvis_000000571598,lvis_000000571598_yw_277263,0,background_false_accept
lvis_000000021839,lvis_000000021839_yw_010788,0,background_false_accept
lvis_000000019042,lvis_000000019042_yw_009840,0,background_false_accept
lvis_000000561958,lvis_000000561958_yw_271971,0,background_false_accept
lvis_000000226154,lvis_000000226154_yw_110512,0,wrong_known_class_or_duplicate
lvis_000000356428,lvis_000000356428_yw_173481,0,background_false_accept
lvis_000000257370,lvis_000000257370_yw_125009,0,background_false_accept
lvis_000000210273,lvis_000000210273_yw_102413,0,background_false_accept
lvis_000000361506,lvis_000000361506_yw_176096,0,background_false_accept
lvis_000000336658,lvis_000000336658_yw_164593,0,background_false_accept
lvis_000000057725,lvis_000000057725_yw_025249,0,background_false_accept
lvis_000000186929,lvis_000000186929_yw_091054,0,unknown_false_accept
lvis_000000103548,lvis_000000103548_yw_046274,0,background_false_accept
lvis_000000169169,lvis_000000169169_yw_080821,0,background_false_accept
lvis_000000374545,lvis_000000374545_yw_182758,0,background_false_accept
lvis_000000361506,lvis_000000361506_yw_176097,0,background_false_accept
lvis_000000350003,lvis_000000350003_yw_170467,0,background_false_accept
lvis_000000046378,lvis_000000046378_yw_020074,0,wrong_known_class_or_duplicate
lvis_000000226058,lvis_000000226058_yw_110436,0,unknown_false_accept
lvis_000000413247,lvis_000000413247_yw_201782,0,background_false_accept
lvis_000000436883,lvis_000000436883_yw_213419,0,wrong_known_class_or_duplicate
lvis_000000145020,lvis_000000145020_yw_067746,0,background_false_accept
lvis_000000537991,lvis_000000537991_yw_260805,0,background_false_accept
lvis_000000378515,lvis_000000378515_yw_186323,0,background_false_accept
lvis_000000214539,lvis_000000214539_yw_105199,0,background_false_accept
lvis_000000078823,lvis_000000078823_yw_034848,0,background_false_accept
lvis_000000359677,lvis_000000359677_yw_174823,0,background_false_accept
lvis_000000288685,lvis_000000288685_yw_140518,0,background_false_accept
lvis_000000283037,lvis_000000283037_yw_137575,0,background_false_accept
lvis_000000278749,lvis_000000278749_yw_134629,0,background_false_accept
lvis_000000392818,lvis_000000392818_yw_192044,0,background_false_accept
lvis_000000057725,lvis_000000057725_yw_025250,0,background_false_accept
lvis_000000336658,lvis_000000336658_yw_164594,0,background_false_accept
lvis_000000242411,lvis_000000242411_yw_118944,0,background_false_accept
lvis_000000502599,lvis_000000502599_yw_244258,0,background_false_accept
lvis_000000009891,lvis_000000009891_yw_004641,0,background_false_accept
lvis_000000335529,lvis_000000335529_yw_163568,0,background_false_accept
lvis_000000151480,lvis_000000151480_yw_071498,0,background_false_accept
lvis_000000389684,lvis_000000389684_yw_191539,0,background_false_accept
lvis_000000022479,lvis_000000022479_yw_010961,0,background_false_accept
lvis_000000080153,lvis_000000080153_yw_035757,0,unknown_false_accept
lvis_000000428111,lvis_000000428111_yw_208992,0,unknown_false_accept
lvis_000000343149,lvis_000000343149_yw_167444,0,background_false_accept
lvis_000000463647,lvis_000000463647_yw_226944,0,background_false_accept
lvis_000000374545,lvis_000000374545_yw_182760,0,background_false_accept
lvis_000000374545,lvis_000000374545_yw_182761,0,background_false_accept
lvis_000000350003,lvis_000000350003_yw_170468,0,background_false_accept
lvis_000000495054,lvis_000000495054_yw_241060,0,background_false_accept
lvis_000000073118,lvis_000000073118_yw_032138,0,background_false_accept
lvis_000000130826,lvis_000000130826_yw_058643,0,background_false_accept
lvis_000000278705,lvis_000000278705_yw_134500,0,background_false_accept
lvis_000000581100,lvis_000000581100_yw_281196,0,unknown_false_accept
lvis_000000165257,lvis_000000165257_yw_078867,0,background_false_accept
lvis_000000347930,lvis_000000347930_yw_169786,0,unknown_false_accept
lvis_000000296634,lvis_000000296634_yw_145560,0,unknown_false_accept
lvis_000000512985,lvis_000000512985_yw_249414,0,background_false_accept
lvis_000000158548,lvis_000000158548_yw_075299,0,background_false_accept
lvis_000000133969,lvis_000000133969_yw_061104,0,background_false_accept
lvis_000000335529,lvis_000000335529_yw_163569,0,background_false_accept
lvis_000000530146,lvis_000000530146_yw_256815,0,unknown_false_accept
lvis_000000085157,lvis_000000085157_yw_038631,0,background_false_accept
lvis_000000336658,lvis_000000336658_yw_164595,0,background_false_accept
lvis_000000277005,lvis_000000277005_yw_134110,0,background_false_accept
lvis_000000148719,lvis_000000148719_yw_070246,0,background_false_accept
lvis_000000210273,lvis_000000210273_yw_102414,0,background_false_accept
lvis_000000356612,lvis_000000356612_yw_173751,0,background_false_accept
lvis_000000493286,lvis_000000493286_yw_240246,0,background_false_accept
lvis_000000085157,lvis_000000085157_yw_038632,0,background_false_accept
lvis_000000170116,lvis_000000170116_yw_081264,0,background_false_accept
lvis_000000502599,lvis_000000502599_yw_244259,0,background_false_accept
lvis_000000476215,lvis_000000476215_yw_232524,0,background_false_accept
lvis_000000405691,lvis_000000405691_yw_197551,0,background_false_accept
lvis_000000495054,lvis_000000495054_yw_241062,0,background_false_accept
lvis_000000242678,lvis_000000242678_yw_119077,0,background_false_accept
lvis_000000242411,lvis_000000242411_yw_118945,0,background_false_accept
lvis_000000458410,lvis_000000458410_yw_224019,0,background_false_accept
lvis_000000530146,lvis_000000530146_yw_256816,0,background_false_accept
lvis_000000446574,lvis_000000446574_yw_218076,0,unknown_false_accept
lvis_000000191288,lvis_000000191288_yw_093668,0,background_false_accept
lvis_000000458255,lvis_000000458255_yw_223750,0,background_false_accept
lvis_000000335529,lvis_000000335529_yw_163570,0,background_false_accept
lvis_000000046378,lvis_000000046378_yw_020075,0,background_false_accept
lvis_000000423798,lvis_000000423798_yw_206306,0,background_false_accept
lvis_000000167486,lvis_000000167486_yw_080284,0,background_false_accept
lvis_000000344909,lvis_000000344909_yw_168701,0,background_false_accept
lvis_000000312421,lvis_000000312421_yw_153945,0,background_false_accept
lvis_000000575815,lvis_000000575815_yw_279407,0,unknown_false_accept
lvis_000000405691,lvis_000000405691_yw_197552,0,unknown_false_accept
lvis_000000295420,lvis_000000295420_yw_144704,0,background_false_accept
lvis_000000166747,lvis_000000166747_yw_079778,0,background_false_accept
lvis_000000057725,lvis_000000057725_yw_025252,0,background_false_accept
lvis_000000450559,lvis_000000450559_yw_220150,0,unknown_false_accept
lvis_000000087476,lvis_000000087476_yw_039938,0,background_false_accept
lvis_000000482978,lvis_000000482978_yw_236148,0,background_false_accept
lvis_000000017714,lvis_000000017714_yw_009063,0,background_false_accept
lvis_000000312278,lvis_000000312278_yw_153782,0,background_false_accept
lvis_000000374545,lvis_000000374545_yw_182762,0,background_false_accept
lvis_000000425925,lvis_000000425925_yw_207351,0,background_false_accept
lvis_000000322968,lvis_000000322968_yw_157817,0,background_false_accept
lvis_000000150649,lvis_000000150649_yw_071319,0,unknown_false_accept
lvis_000000145020,lvis_000000145020_yw_067749,0,background_false_accept
lvis_000000578500,lvis_000000578500_yw_280321,0,background_false_accept
lvis_000000273198,lvis_000000273198_yw_132037,0,background_false_accept
lvis_000000166259,lvis_000000166259_yw_079299,0,background_false_accept
lvis_000000359677,lvis_000000359677_yw_174825,0,background_false_accept
lvis_000000568690,lvis_000000568690_yw_275533,0,background_false_accept
lvis_000000145020,lvis_000000145020_yw_067750,0,background_false_accept
lvis_000000289938,lvis_000000289938_yw_141463,0,background_false_accept
lvis_000000561958,lvis_000000561958_yw_271975,0,background_false_accept
lvis_000000078823,lvis_000000078823_yw_034849,0,background_false_accept
lvis_000000449312,lvis_000000449312_yw_219323,0,background_false_accept
lvis_000000463647,lvis_000000463647_yw_226945,0,background_false_accept
lvis_000000087476,lvis_000000087476_yw_039939,0,wrong_known_class_or_duplicate
lvis_000000150649,lvis_000000150649_yw_071320,0,background_false_accept
lvis_000000021839,lvis_000000021839_yw_010790,0,background_false_accept
lvis_000000522007,lvis_000000522007_yw_253681,0,background_false_accept
lvis_000000336658,lvis_000000336658_yw_164596,0,background_false_accept
lvis_000000343149,lvis_000000343149_yw_167445,0,background_false_accept
lvis_000000193743,lvis_000000193743_yw_095101,0,background_false_accept
lvis_000000344909,lvis_000000344909_yw_168702,0,background_false_accept
lvis_000000377946,lvis_000000377946_yw_185850,0,background_false_accept
lvis_000000561958,lvis_000000561958_yw_271976,0,background_false_accept
lvis_000000356428,lvis_000000356428_yw_173483,0,background_false_accept
lvis_000000511076,lvis_000000511076_yw_248218,0,background_false_accept
lvis_000000463647,lvis_000000463647_yw_226947,0,background_false_accept
lvis_000000333402,lvis_000000333402_yw_162093,0,background_false_accept
lvis_000000421060,lvis_000000421060_yw_205174,0,background_false_accept
lvis_000000374545,lvis_000000374545_yw_182764,0,background_false_accept
lvis_000000376625,lvis_000000376625_yw_183890,0,background_false_accept
lvis_000000057725,lvis_000000057725_yw_025253,0,background_false_accept
lvis_000000145020,lvis_000000145020_yw_067752,0,background_false_accept
lvis_000000002149,lvis_000000002149_yw_001235,0,background_false_accept
lvis_000000453841,lvis_000000453841_yw_221451,0,background_false_accept
lvis_000000335529,lvis_000000335529_yw_163572,0,background_false_accept
lvis_000000222299,lvis_000000222299_yw_108639,0,background_false_accept
lvis_000000421060,lvis_000000421060_yw_205175,0,background_false_accept
lvis_000000581100,lvis_000000581100_yw_281198,0,background_false_accept
lvis_000000402334,lvis_000000402334_yw_196048,0,background_false_accept
lvis_000000210394,lvis_000000210394_yw_102627,0,background_false_accept
lvis_000000421060,lvis_000000421060_yw_205176,0,background_false_accept
lvis_000000534041,lvis_000000534041_yw_258965,0,unknown_false_accept
lvis_000000210273,lvis_000000210273_yw_102415,0,background_false_accept
lvis_000000166747,lvis_000000166747_yw_079780,0,background_false_accept
lvis_000000322968,lvis_000000322968_yw_157818,0,background_false_accept
lvis_000000511076,lvis_000000511076_yw_248219,0,background_false_accept
lvis_000000392818,lvis_000000392818_yw_192046,0,background_false_accept
lvis_000000324258,lvis_000000324258_yw_158609,0,background_false_accept
lvis_000000322968,lvis_000000322968_yw_157819,0,background_false_accept
lvis_000000521719,lvis_000000521719_yw_253565,0,background_false_accept
lvis_000000193743,lvis_000000193743_yw_095102,0,background_false_accept
lvis_000000495054,lvis_000000495054_yw_241065,0,background_false_accept
lvis_000000057725,lvis_000000057725_yw_025254,0,background_false_accept
lvis_000000278749,lvis_000000278749_yw_134630,0,background_false_accept
lvis_000000145020,lvis_000000145020_yw_067753,0,background_false_accept
lvis_000000085157,lvis_000000085157_yw_038633,0,unknown_false_accept
lvis_000000283037,lvis_000000283037_yw_137578,0,background_false_accept
lvis_000000057725,lvis_000000057725_yw_025255,0,background_false_accept
lvis_000000157756,lvis_000000157756_yw_074967,0,background_false_accept
lvis_000000466416,lvis_000000466416_yw_228806,0,wrong_known_class_or_duplicate
lvis_000000151480,lvis_000000151480_yw_071500,0,background_false_accept
lvis_000000145020,lvis_000000145020_yw_067754,0,background_false_accept
lvis_000000019042,lvis_000000019042_yw_009841,0,background_false_accept
lvis_000000267903,lvis_000000267903_yw_130223,0,background_false_accept
lvis_000000312421,lvis_000000312421_yw_153948,0,background_false_accept
lvis_000000189475,lvis_000000189475_yw_092313,0,background_false_accept
lvis_000000359677,lvis_000000359677_yw_174826,0,background_false_accept
lvis_000000211674,lvis_000000211674_yw_103092,0,background_false_accept
lvis_000000336658,lvis_000000336658_yw_164597,0,background_false_accept
lvis_000000288685,lvis_000000288685_yw_140526,0,background_false_accept
lvis_000000425925,lvis_000000425925_yw_207353,0,background_false_accept
lvis_000000312421,lvis_000000312421_yw_153949,0,background_false_accept
lvis_000000336658,lvis_000000336658_yw_164598,0,background_false_accept
lvis_000000377946,lvis_000000377946_yw_185851,0,background_false_accept
lvis_000000158548,lvis_000000158548_yw_075302,0,background_false_accept
lvis_000000376625,lvis_000000376625_yw_183891,0,background_false_accept
lvis_000000336658,lvis_000000336658_yw_164599,0,background_false_accept
lvis_000000297147,lvis_000000297147_yw_146107,0,background_false_accept
lvis_000000376625,lvis_000000376625_yw_183892,0,background_false_accept
lvis_000000496854,lvis_000000496854_yw_241694,0,background_false_accept
lvis_000000232692,lvis_000000232692_yw_115452,0,background_false_accept
lvis_000000556193,lvis_000000556193_yw_269399,0,background_false_accept
lvis_000000019042,lvis_000000019042_yw_009842,0,background_false_accept
lvis_000000495054,lvis_000000495054_yw_241066,0,background_false_accept
lvis_000000019042,lvis_000000019042_yw_009843,0,background_false_accept
lvis_000000189310,lvis_000000189310_yw_092210,0,background_false_accept
lvis_000000423798,lvis_000000423798_yw_206308,0,background_false_accept
lvis_000000555972,lvis_000000555972_yw_269317,0,background_false_accept
lvis_000000336658,lvis_000000336658_yw_164600,0,background_false_accept
lvis_000000214703,lvis_000000214703_yw_105335,0,background_false_accept
lvis_000000277005,lvis_000000277005_yw_134113,0,background_false_accept
lvis_000000421060,lvis_000000421060_yw_205177,0,background_false_accept
lvis_000000349860,lvis_000000349860_yw_170359,0,background_false_accept
lvis_000000244379,lvis_000000244379_yw_119753,0,background_false_accept
lvis_000000335529,lvis_000000335529_yw_163575,0,background_false_accept
lvis_000000349860,lvis_000000349860_yw_170360,0,background_false_accept
lvis_000000453040,lvis_000000453040_yw_220675,0,background_false_accept
lvis_000000170116,lvis_000000170116_yw_081265,0,background_false_accept
lvis_000000350122,lvis_000000350122_yw_170907,0,background_false_accept
lvis_000000163951,lvis_000000163951_yw_078491,0,background_false_accept
lvis_000000210394,lvis_000000210394_yw_102630,0,background_false_accept
lvis_000000087476,lvis_000000087476_yw_039940,0,background_false_accept
lvis_000000252559,lvis_000000252559_yw_122430,0,background_false_accept
lvis_000000242411,lvis_000000242411_yw_118948,0,background_false_accept
lvis_000000157756,lvis_000000157756_yw_074969,0,background_false_accept
lvis_000000421060,lvis_000000421060_yw_205178,0,background_false_accept
lvis_000000012576,lvis_000000012576_yw_005711,0,background_false_accept
lvis_000000414133,lvis_000000414133_yw_202243,0,background_false_accept
lvis_000000336658,lvis_000000336658_yw_164601,0,background_false_accept
lvis_000000569030,lvis_000000569030_yw_275805,0,background_false_accept
lvis_000000350122,lvis_000000350122_yw_170908,0,background_false_accept
lvis_000000370042,lvis_000000370042_yw_180625,0,background_false_accept
lvis_000000242411,lvis_000000242411_yw_118949,0,background_false_accept
lvis_000000383921,lvis_000000383921_yw_188764,0,background_false_accept
lvis_000000368900,lvis_000000368900_yw_179603,0,background_false_accept
lvis_000000331569,lvis_000000331569_yw_161496,0,background_false_accept
lvis_000000440617,lvis_000000440617_yw_215536,0,background_false_accept
lvis_000000285894,lvis_000000285894_yw_139088,0,background_false_accept
lvis_000000288685,lvis_000000288685_yw_140529,0,background_false_accept
lvis_000000463647,lvis_000000463647_yw_226950,0,background_false_accept
lvis_000000105264,lvis_000000105264_yw_046637,0,background_false_accept
lvis_000000158548,lvis_000000158548_yw_075303,0,background_false_accept
lvis_000000211674,lvis_000000211674_yw_103093,0,background_false_accept
lvis_000000511076,lvis_000000511076_yw_248222,0,background_false_accept
lvis_000000060052,lvis_000000060052_yw_026389,0,background_false_accept
lvis_000000413247,lvis_000000413247_yw_201788,0,background_false_accept
lvis_000000210273,lvis_000000210273_yw_102418,0,background_false_accept
lvis_000000106912,lvis_000000106912_yw_047445,0,background_false_accept
lvis_000000166747,lvis_000000166747_yw_079781,0,background_false_accept
lvis_000000561958,lvis_000000561958_yw_271982,0,background_false_accept
lvis_000000360325,lvis_000000360325_yw_175200,0,background_false_accept
lvis_000000425226,lvis_000000425226_yw_207074,0,unknown_false_accept
lvis_000000157756,lvis_000000157756_yw_074970,0,background_false_accept
lvis_000000374545,lvis_000000374545_yw_182767,0,background_false_accept
lvis_000000145020,lvis_000000145020_yw_067756,0,background_false_accept
lvis_000000094157,lvis_000000094157_yw_042108,0,background_false_accept
lvis_000000284762,lvis_000000284762_yw_138886,0,background_false_accept
lvis_000000200152,lvis_000000200152_yw_097455,0,background_false_accept
lvis_000000425226,lvis_000000425226_yw_207075,0,background_false_accept
lvis_000000278705,lvis_000000278705_yw_134502,0,background_false_accept
lvis_000000242411,lvis_000000242411_yw_118950,0,background_false_accept
lvis_000000158548,lvis_000000158548_yw_075304,0,background_false_accept
lvis_000000382125,lvis_000000382125_yw_188236,0,background_false_accept
lvis_000000506656,lvis_000000506656_yw_245527,0,background_false_accept
lvis_000000277005,lvis_000000277005_yw_134115,0,background_false_accept
lvis_000000140203,lvis_000000140203_yw_064264,0,background_false_accept
lvis_000000350122,lvis_000000350122_yw_170910,0,background_false_accept
lvis_000000283037,lvis_000000283037_yw_137580,0,background_false_accept
lvis_000000371699,lvis_000000371699_yw_181614,0,background_false_accept
lvis_000000376625,lvis_000000376625_yw_183894,0,background_false_accept
lvis_000000169169,lvis_000000169169_yw_080826,0,background_false_accept
lvis_000000145020,lvis_000000145020_yw_067758,0,background_false_accept
lvis_000000166747,lvis_000000166747_yw_079782,0,background_false_accept
lvis_000000436883,lvis_000000436883_yw_213423,0,background_false_accept
lvis_000000374545,lvis_000000374545_yw_182769,0,background_false_accept
lvis_000000248314,lvis_000000248314_yw_121087,0,background_false_accept
lvis_000000350003,lvis_000000350003_yw_170470,0,background_false_accept
lvis_000000350122,lvis_000000350122_yw_170911,0,background_false_accept
lvis_000000193743,lvis_000000193743_yw_095103,0,background_false_accept
lvis_000000318455,lvis_000000318455_yw_155745,0,unknown_false_accept
lvis_000000329041,lvis_000000329041_yw_160369,0,background_false_accept
lvis_000000521719,lvis_000000521719_yw_253567,0,background_false_accept
lvis_000000020107,lvis_000000020107_yw_010321,0,background_false_accept
lvis_000000167486,lvis_000000167486_yw_080289,0,background_false_accept
lvis_000000278749,lvis_000000278749_yw_134635,0,background_false_accept
lvis_000000527220,lvis_000000527220_yw_255609,0,background_false_accept
lvis_000000113720,lvis_000000113720_yw_049690,0,background_false_accept
lvis_000000384513,lvis_000000384513_yw_188894,0,background_false_accept
lvis_000000167486,lvis_000000167486_yw_080290,0,background_false_accept
lvis_000000317999,lvis_000000317999_yw_155656,0,background_false_accept
lvis_000000166259,lvis_000000166259_yw_079300,0,background_false_accept
lvis_000000252559,lvis_000000252559_yw_122432,0,background_false_accept
lvis_000000091654,lvis_000000091654_yw_041412,0,unknown_false_accept
lvis_000000280930,lvis_000000280930_yw_136234,0,background_false_accept
lvis_000000210273,lvis_000000210273_yw_102420,0,background_false_accept
lvis_000000010707,lvis_000000010707_yw_004852,0,background_false_accept
lvis_000000286553,lvis_000000286553_yw_139434,0,unknown_false_accept
lvis_000000329041,lvis_000000329041_yw_160370,0,background_false_accept
lvis_000000323751,lvis_000000323751_yw_158213,0,background_false_accept
lvis_000000158548,lvis_000000158548_yw_075306,0,background_false_accept
lvis_000000466416,lvis_000000466416_yw_228809,0,background_false_accept
lvis_000000210273,lvis_000000210273_yw_102421,0,background_false_accept
lvis_000000279769,lvis_000000279769_yw_135315,0,background_false_accept
lvis_000000336658,lvis_000000336658_yw_164603,0,background_false_accept
lvis_000000389684,lvis_000000389684_yw_191540,0,background_false_accept
lvis_000000057760,lvis_000000057760_yw_025408,0,background_false_accept
lvis_000000210273,lvis_000000210273_yw_102424,0,background_false_accept
lvis_000000413247,lvis_000000413247_yw_201789,0,background_false_accept
lvis_000000207538,lvis_000000207538_yw_100701,0,background_false_accept
lvis_000000021839,lvis_000000021839_yw_010792,0,background_false_accept
lvis_000000496854,lvis_000000496854_yw_241696,0,background_false_accept
lvis_000000350122,lvis_000000350122_yw_170912,0,background_false_accept
lvis_000000012576,lvis_000000012576_yw_005712,0,background_false_accept
lvis_000000166166,lvis_000000166166_yw_079235,0,background_false_accept
lvis_000000458223,lvis_000000458223_yw_223718,0,background_false_accept
lvis_000000423798,lvis_000000423798_yw_206309,0,background_false_accept
lvis_000000169169,lvis_000000169169_yw_080827,0,background_false_accept
lvis_000000383289,lvis_000000383289_yw_188377,0,background_false_accept
lvis_000000145020,lvis_000000145020_yw_067760,0,background_false_accept
lvis_000000133819,lvis_000000133819_yw_060801,0,background_false_accept
lvis_000000183049,lvis_000000183049_yw_088388,0,background_false_accept
lvis_000000161925,lvis_000000161925_yw_077064,0,background_false_accept
lvis_000000561958,lvis_000000561958_yw_271983,0,background_false_accept
lvis_000000425226,lvis_000000425226_yw_207076,0,background_false_accept
lvis_000000522007,lvis_000000522007_yw_253682,0,background_false_accept
lvis_000000166478,lvis_000000166478_yw_079515,0,background_false_accept
lvis_000000087476,lvis_000000087476_yw_039941,0,background_false_accept
lvis_000000060363,lvis_000000060363_yw_026524,0,wrong_known_class_or_duplicate
lvis_000000510095,lvis_000000510095_yw_248061,1,known_tp
lvis_000000511076,lvis_000000511076_yw_248225,0,background_false_accept
lvis_000000383921,lvis_000000383921_yw_188765,0,unknown_false_accept
lvis_000000196185,lvis_000000196185_yw_096242,0,background_false_accept
lvis_000000466416,lvis_000000466416_yw_228810,0,background_false_accept
lvis_000000278705,lvis_000000278705_yw_134504,0,background_false_accept
lvis_000000436883,lvis_000000436883_yw_213426,0,background_false_accept
lvis_000000283037,lvis_000000283037_yw_137581,0,background_false_accept
lvis_000000561958,lvis_000000561958_yw_271986,0,background_false_accept
lvis_000000421060,lvis_000000421060_yw_205179,0,background_false_accept
lvis_000000212573,lvis_000000212573_yw_103670,0,background_false_accept
lvis_000000189310,lvis_000000189310_yw_092211,0,background_false_accept
lvis_000000288685,lvis_000000288685_yw_140534,0,background_false_accept
lvis_000000561958,lvis_000000561958_yw_271987,0,background_false_accept
lvis_000000039769,lvis_000000039769_yw_018156,0,unknown_false_accept
lvis_000000383921,lvis_000000383921_yw_188766,0,unknown_false_accept
lvis_000000530146,lvis_000000530146_yw_256817,0,unknown_false_accept
lvis_000000392818,lvis_000000392818_yw_192049,0,background_false_accept
lvis_000000312421,lvis_000000312421_yw_153952,0,background_false_accept
lvis_000000466416,lvis_000000466416_yw_228811,0,background_false_accept
lvis_000000316666,lvis_000000316666_yw_155566,0,background_false_accept
lvis_000000150224,lvis_000000150224_yw_071033,0,background_false_accept
lvis_000000277005,lvis_000000277005_yw_134120,0,background_false_accept
lvis_000000569030,lvis_000000569030_yw_275808,0,background_false_accept
lvis_000000425925,lvis_000000425925_yw_207354,0,background_false_accept
lvis_000000043816,lvis_000000043816_yw_019294,0,background_false_accept
lvis_000000425925,lvis_000000425925_yw_207355,0,background_false_accept
lvis_000000581100,lvis_000000581100_yw_281199,0,background_false_accept
lvis_000000019042,lvis_000000019042_yw_009845,0,background_false_accept
lvis_000000011149,lvis_000000011149_yw_004955,0,background_false_accept
lvis_000000039670,lvis_000000039670_yw_018131,0,background_false_accept
lvis_000000569030,lvis_000000569030_yw_275809,0,background_false_accept
lvis_000000277005,lvis_000000277005_yw_134121,0,background_false_accept
lvis_000000466416,lvis_000000466416_yw_228812,0,background_false_accept
lvis_000000158548,lvis_000000158548_yw_075308,0,background_false_accept
lvis_000000271457,lvis_000000271457_yw_131542,0,background_false_accept
lvis_000000480122,lvis_000000480122_yw_234616,0,unknown_false_accept
lvis_000000383289,lvis_000000383289_yw_188378,0,background_false_accept
lvis_000000210273,lvis_000000210273_yw_102426,0,background_false_accept
lvis_000000388056,lvis_000000388056_yw_190339,0,background_false_accept
lvis_000000515579,lvis_000000515579_yw_250779,0,background_false_accept
lvis_000000332455,lvis_000000332455_yw_161749,0,background_false_accept
lvis_000000262938,lvis_000000262938_yw_127867,0,background_false_accept
lvis_000000450559,lvis_000000450559_yw_220151,0,unknown_false_accept
lvis_000000511076,lvis_000000511076_yw_248226,0,background_false_accept
lvis_000000180487,lvis_000000180487_yw_086614,0,background_false_accept
lvis_000000349860,lvis_000000349860_yw_170362,0,background_false_accept
lvis_000000012576,lvis_000000012576_yw_005713,0,unknown_false_accept
lvis_000000433103,lvis_000000433103_yw_211541,0,background_false_accept
lvis_000000022479,lvis_000000022479_yw_010963,0,background_false_accept
lvis_000000378139,lvis_000000378139_yw_186052,0,background_false_accept
lvis_000000534673,lvis_000000534673_yw_259655,0,background_false_accept
lvis_000000482978,lvis_000000482978_yw_236149,0,background_false_accept
lvis_000000196185,lvis_000000196185_yw_096244,0,background_false_accept
lvis_000000529568,lvis_000000529568_yw_256554,0,background_false_accept
lvis_000000365886,lvis_000000365886_yw_178621,0,background_false_accept
lvis_000000356428,lvis_000000356428_yw_173487,0,background_false_accept
lvis_000000374545,lvis_000000374545_yw_182773,0,background_false_accept
lvis_000000581100,lvis_000000581100_yw_281200,0,background_false_accept
lvis_000000356612,lvis_000000356612_yw_173761,0,wrong_known_class_or_duplicate
lvis_000000561958,lvis_000000561958_yw_271990,0,unknown_false_accept
lvis_000000463647,lvis_000000463647_yw_226952,0,background_false_accept
lvis_000000007278,lvis_000000007278_yw_003433,0,unknown_false_accept
lvis_000000277005,lvis_000000277005_yw_134123,0,background_false_accept
lvis_000000425925,lvis_000000425925_yw_207356,0,background_false_accept
lvis_000000458410,lvis_000000458410_yw_224021,0,background_false_accept
lvis_000000368752,lvis_000000368752_yw_179537,0,wrong_known_class_or_duplicate
lvis_000000145020,lvis_000000145020_yw_067761,0,background_false_accept
lvis_000000537991,lvis_000000537991_yw_260806,0,background_false_accept
lvis_000000529966,lvis_000000529966_yw_256659,0,background_false_accept
lvis_000000242678,lvis_000000242678_yw_119078,0,background_false_accept
lvis_000000245915,lvis_000000245915_yw_120500,0,unknown_false_accept
lvis_000000133819,lvis_000000133819_yw_060804,0,background_false_accept
lvis_000000210394,lvis_000000210394_yw_102633,0,background_false_accept
lvis_000000105264,lvis_000000105264_yw_046638,0,background_false_accept
lvis_000000330369,lvis_000000330369_yw_160967,0,background_false_accept
lvis_000000467315,lvis_000000467315_yw_229035,0,background_false_accept
lvis_000000534673,lvis_000000534673_yw_259656,0,background_false_accept
lvis_000000133819,lvis_000000133819_yw_060806,0,background_false_accept
lvis_000000349184,lvis_000000349184_yw_170186,0,background_false_accept
lvis_000000214539,lvis_000000214539_yw_105206,0,background_false_accept
lvis_000000371699,lvis_000000371699_yw_181616,0,background_false_accept
lvis_000000511076,lvis_000000511076_yw_248227,0,background_false_accept
lvis_000000421060,lvis_000000421060_yw_205180,0,background_false_accept
lvis_000000463647,lvis_000000463647_yw_226953,0,background_false_accept
lvis_000000166166,lvis_000000166166_yw_079237,0,background_false_accept
lvis_000000561958,lvis_000000561958_yw_271991,0,background_false_accept
lvis_000000060363,lvis_000000060363_yw_026525,0,background_false_accept
lvis_000000136633,lvis_000000136633_yw_062321,0,background_false_accept
lvis_000000148719,lvis_000000148719_yw_070249,0,background_false_accept
lvis_000000242678,lvis_000000242678_yw_119079,0,background_false_accept
lvis_000000057725,lvis_000000057725_yw_025258,0,background_false_accept
lvis_000000158548,lvis_000000158548_yw_075309,0,background_false_accept
lvis_000000486479,lvis_000000486479_yw_237421,0,unknown_false_accept
lvis_000000349860,lvis_000000349860_yw_170363,0,background_false_accept
lvis_000000148719,lvis_000000148719_yw_070250,0,background_false_accept
lvis_000000421060,lvis_000000421060_yw_205181,0,background_false_accept
lvis_000000021167,lvis_000000021167_yw_010658,0,background_false_accept
lvis_000000374545,lvis_000000374545_yw_182775,0,background_false_accept
lvis_000000277005,lvis_000000277005_yw_134125,0,background_false_accept
lvis_000000200152,lvis_000000200152_yw_097456,0,background_false_accept
lvis_000000555972,lvis_000000555972_yw_269318,0,background_false_accept
lvis_000000019042,lvis_000000019042_yw_009846,0,background_false_accept
lvis_000000075456,lvis_000000075456_yw_033063,0,background_false_accept
lvis_000000213935,lvis_000000213935_yw_104939,0,unknown_false_accept
lvis_000000383289,lvis_000000383289_yw_188379,0,background_false_accept
lvis_000000078823,lvis_000000078823_yw_034850,0,background_false_accept
lvis_000000569030,lvis_000000569030_yw_275811,0,background_false_accept
lvis_000000561958,lvis_000000561958_yw_271994,0,background_false_accept
lvis_000000349184,lvis_000000349184_yw_170187,0,background_false_accept
lvis_000000150224,lvis_000000150224_yw_071034,0,unknown_false_accept
lvis_000000555972,lvis_000000555972_yw_269319,0,background_false_accept
lvis_000000534673,lvis_000000534673_yw_259657,0,background_false_accept
lvis_000000255749,lvis_000000255749_yw_123945,0,background_false_accept
lvis_000000396200,lvis_000000396200_yw_193571,0,background_false_accept
lvis_000000106048,lvis_000000106048_yw_047132,0,background_false_accept
lvis_000000019042,lvis_000000019042_yw_009847,0,background_false_accept
lvis_000000405205,lvis_000000405205_yw_197236,0,background_false_accept
lvis_000000336658,lvis_000000336658_yw_164605,1,known_tp
lvis_000000103548,lvis_000000103548_yw_046282,0,background_false_accept
lvis_000000103548,lvis_000000103548_yw_046283,0,background_false_accept
lvis_000000349184,lvis_000000349184_yw_170188,0,background_false_accept
lvis_000000278705,lvis_000000278705_yw_134506,0,background_false_accept
lvis_000000356612,lvis_000000356612_yw_173763,0,background_false_accept
lvis_000000133819,lvis_000000133819_yw_060809,0,background_false_accept
lvis_000000561958,lvis_000000561958_yw_271996,0,background_false_accept
lvis_000000569030,lvis_000000569030_yw_275812,0,background_false_accept
lvis_000000277005,lvis_000000277005_yw_134126,0,background_false_accept
lvis_000000057725,lvis_000000057725_yw_025259,0,background_false_accept
lvis_000000169169,lvis_000000169169_yw_080831,0,background_false_accept
lvis_000000019042,lvis_000000019042_yw_009848,0,background_false_accept
lvis_000000421060,lvis_000000421060_yw_205183,0,background_false_accept
lvis_000000276921,lvis_000000276921_yw_133953,0,background_false_accept
lvis_000000335529,lvis_000000335529_yw_163583,0,background_false_accept
lvis_000000405205,lvis_000000405205_yw_197237,0,background_false_accept
lvis_000000095843,lvis_000000095843_yw_042685,0,background_false_accept
lvis_000000210394,lvis_000000210394_yw_102635,0,background_false_accept
lvis_000000471893,lvis_000000471893_yw_230693,0,background_false_accept
lvis_000000072813,lvis_000000072813_yw_032099,0,background_false_accept
lvis_000000210273,lvis_000000210273_yw_102429,0,background_false_accept
lvis_000000210273,lvis_000000210273_yw_102430,0,background_false_accept
lvis_000000350003,lvis_000000350003_yw_170471,0,background_false_accept
lvis_000000507223,lvis_000000507223_yw_246334,0,background_false_accept
lvis_000000087476,lvis_000000087476_yw_039945,0,background_false_accept
lvis_000000011149,lvis_000000011149_yw_004957,0,background_false_accept
lvis_000000466416,lvis_000000466416_yw_228813,0,background_false_accept
lvis_000000158548,lvis_000000158548_yw_075311,0,background_false_accept
lvis_000000312278,lvis_000000312278_yw_153784,0,background_false_accept
lvis_000000569976,lvis_000000569976_yw_276163,0,background_false_accept
lvis_000000383289,lvis_000000383289_yw_188381,0,background_false_accept
lvis_000000278749,lvis_000000278749_yw_134637,0,background_false_accept
lvis_000000322968,lvis_000000322968_yw_157822,0,background_false_accept
lvis_000000189475,lvis_000000189475_yw_092317,0,unknown_false_accept
lvis_000000019042,lvis_000000019042_yw_009849,0,background_false_accept
lvis_000000210394,lvis_000000210394_yw_102636,0,background_false_accept
lvis_000000278749,lvis_000000278749_yw_134638,0,background_false_accept
lvis_000000125472,lvis_000000125472_yw_055436,0,background_false_accept
lvis_000000444275,lvis_000000444275_yw_217650,0,background_false_accept
lvis_000000456292,lvis_000000456292_yw_222647,0,background_false_accept
lvis_000000277005,lvis_000000277005_yw_134127,0,background_false_accept
lvis_000000285894,lvis_000000285894_yw_139089,0,background_false_accept
lvis_000000502599,lvis_000000502599_yw_244262,0,background_false_accept
lvis_000000278749,lvis_000000278749_yw_134639,0,background_false_accept
lvis_000000335529,lvis_000000335529_yw_163584,0,background_false_accept
lvis_000000484978,lvis_000000484978_yw_236805,0,background_false_accept
lvis_000000164602,lvis_000000164602_yw_078574,0,background_false_accept
lvis_000000019042,lvis_000000019042_yw_009850,0,background_false_accept
lvis_000000499768,lvis_000000499768_yw_242638,0,background_false_accept
lvis_000000021839,lvis_000000021839_yw_010794,0,wrong_known_class_or_duplicate
lvis_000000263969,lvis_000000263969_yw_128418,0,background_false_accept
lvis_000000360960,lvis_000000360960_yw_175424,0,background_false_accept
lvis_000000268996,lvis_000000268996_yw_130672,0,background_false_accept
lvis_000000449312,lvis_000000449312_yw_219327,0,background_false_accept
lvis_000000527220,lvis_000000527220_yw_255610,0,background_false_accept
lvis_000000087476,lvis_000000087476_yw_039948,0,unknown_false_accept
lvis_000000336587,lvis_000000336587_yw_164348,0,background_false_accept
lvis_000000214539,lvis_000000214539_yw_105209,0,background_false_accept
lvis_000000534673,lvis_000000534673_yw_259658,0,background_false_accept
lvis_000000440617,lvis_000000440617_yw_215538,0,background_false_accept
lvis_000000151480,lvis_000000151480_yw_071503,0,background_false_accept
lvis_000000517523,lvis_000000517523_yw_251594,0,background_false_accept
lvis_000000374545,lvis_000000374545_yw_182778,0,background_false_accept
lvis_000000136633,lvis_000000136633_yw_062324,0,background_false_accept
lvis_000000378139,lvis_000000378139_yw_186053,0,background_false_accept
lvis_000000297147,lvis_000000297147_yw_146108,0,background_false_accept
lvis_000000569972,lvis_000000569972_yw_276128,0,background_false_accept
lvis_000000166166,lvis_000000166166_yw_079238,0,background_false_accept
lvis_000000156924,lvis_000000156924_yw_074627,0,background_false_accept
lvis_000000453040,lvis_000000453040_yw_220678,0,background_false_accept
lvis_000000193494,lvis_000000193494_yw_094923,0,background_false_accept
lvis_000000206218,lvis_000000206218_yw_100208,0,background_false_accept
lvis_000000561958,lvis_000000561958_yw_271998,0,background_false_accept
lvis_000000312421,lvis_000000312421_yw_153956,0,wrong_known_class_or_duplicate
lvis_000000436883,lvis_000000436883_yw_213428,0,background_false_accept
lvis_000000166166,lvis_000000166166_yw_079239,0,background_false_accept
lvis_000000431727,lvis_000000431727_yw_210609,0,background_false_accept
lvis_000000158548,lvis_000000158548_yw_075313,0,background_false_accept
lvis_000000073118,lvis_000000073118_yw_032140,0,background_false_accept
lvis_000000377113,lvis_000000377113_yw_184374,0,background_false_accept
lvis_000000515579,lvis_000000515579_yw_250782,0,background_false_accept
lvis_000000578500,lvis_000000578500_yw_280322,0,background_false_accept
lvis_000000136633,lvis_000000136633_yw_062325,0,background_false_accept
lvis_000000193743,lvis_000000193743_yw_095106,0,background_false_accept
lvis_000000157756,lvis_000000157756_yw_074971,0,wrong_known_class_or_duplicate
lvis_000000242411,lvis_000000242411_yw_118953,0,background_false_accept
lvis_000000234366,lvis_000000234366_yw_116194,0,background_false_accept
lvis_000000133819,lvis_000000133819_yw_060810,0,background_false_accept
lvis_000000379332,lvis_000000379332_yw_186912,0,background_false_accept
lvis_000000295420,lvis_000000295420_yw_144706,0,background_false_accept
lvis_000000356612,lvis_000000356612_yw_173764,0,background_false_accept
lvis_000000499768,lvis_000000499768_yw_242639,0,background_false_accept
lvis_000000210273,lvis_000000210273_yw_102434,0,background_false_accept
lvis_000000196442,lvis_000000196442_yw_096315,0,unknown_false_accept
lvis_000000512985,lvis_000000512985_yw_249415,0,background_false_accept
lvis_000000463647,lvis_000000463647_yw_226955,0,background_false_accept
lvis_000000413247,lvis_000000413247_yw_201792,0,background_false_accept
lvis_000000262938,lvis_000000262938_yw_127868,0,background_false_accept
lvis_000000010707,lvis_000000010707_yw_004854,0,background_false_accept
lvis_000000374545,lvis_000000374545_yw_182779,0,background_false_accept
lvis_000000245915,lvis_000000245915_yw_120501,0,background_false_accept
lvis_000000242678,lvis_000000242678_yw_119081,0,background_false_accept
lvis_000000377946,lvis_000000377946_yw_185853,0,background_false_accept
lvis_000000525600,lvis_000000525600_yw_254944,0,unknown_false_accept
lvis_000000511076,lvis_000000511076_yw_248230,0,background_false_accept
lvis_000000425925,lvis_000000425925_yw_207359,0,background_false_accept
lvis_000000242411,lvis_000000242411_yw_118954,0,background_false_accept
lvis_000000377113,lvis_000000377113_yw_184375,0,background_false_accept
lvis_000000226154,lvis_000000226154_yw_110515,0,background_false_accept
lvis_000000278749,lvis_000000278749_yw_134643,0,background_false_accept
lvis_000000156924,lvis_000000156924_yw_074629,0,background_false_accept
lvis_000000511321,lvis_000000511321_yw_248390,0,background_false_accept
lvis_000000210273,lvis_000000210273_yw_102435,0,background_false_accept
lvis_000000145020,lvis_000000145020_yw_067763,0,background_false_accept
lvis_000000396526,lvis_000000396526_yw_193777,0,unknown_false_accept
lvis_000000377113,lvis_000000377113_yw_184376,0,background_false_accept
lvis_000000002149,lvis_000000002149_yw_001236,0,unknown_false_accept
lvis_000000563702,lvis_000000563702_yw_273135,0,wrong_known_class_or_duplicate
lvis_000000453841,lvis_000000453841_yw_221455,0,background_false_accept
lvis_000000529966,lvis_000000529966_yw_256660,0,background_false_accept
lvis_000000500211,lvis_000000500211_yw_242737,0,unknown_false_accept
lvis_000000060363,lvis_000000060363_yw_026527,0,background_false_accept
lvis_000000502599,lvis_000000502599_yw_244264,0,background_false_accept
lvis_000000569976,lvis_000000569976_yw_276164,0,background_false_accept
lvis_000000169169,lvis_000000169169_yw_080832,0,background_false_accept
lvis_000000383289,lvis_000000383289_yw_188383,0,background_false_accept
lvis_000000180487,lvis_000000180487_yw_086615,0,background_false_accept
lvis_000000320706,lvis_000000320706_yw_156997,0,background_false_accept
lvis_000000368900,lvis_000000368900_yw_179604,0,background_false_accept
lvis_000000169169,lvis_000000169169_yw_080833,0,background_false_accept
lvis_000000374545,lvis_000000374545_yw_182781,0,background_false_accept
lvis_000000286182,lvis_000000286182_yw_139117,0,background_false_accept
lvis_000000210394,lvis_000000210394_yw_102639,0,background_false_accept
lvis_000000167486,lvis_000000167486_yw_080295,0,background_false_accept
lvis_000000133819,lvis_000000133819_yw_060812,0,background_false_accept
lvis_000000135890,lvis_000000135890_yw_062104,0,background_false_accept
lvis_000000561958,lvis_000000561958_yw_272000,0,background_false_accept
lvis_000000140203,lvis_000000140203_yw_064265,0,background_false_accept
lvis_000000350122,lvis_000000350122_yw_170916,0,unknown_false_accept
lvis_000000147740,lvis_000000147740_yw_069673,0,background_false_accept
lvis_000000336658,lvis_000000336658_yw_164613,0,background_false_accept
lvis_000000136633,lvis_000000136633_yw_062327,0,background_false_accept
lvis_000000336658,lvis_000000336658_yw_164614,0,background_false_accept
lvis_000000116439,lvis_000000116439_yw_051110,0,background_false_accept
lvis_000000425226,lvis_000000425226_yw_207077,0,background_false_accept
lvis_000000378139,lvis_000000378139_yw_186055,0,background_false_accept
lvis_000000130826,lvis_000000130826_yw_058647,0,background_false_accept
lvis_000000415716,lvis_000000415716_yw_202900,0,background_false_accept
lvis_000000421060,lvis_000000421060_yw_205184,0,background_false_accept
lvis_000000498919,lvis_000000498919_yw_242303,0,background_false_accept
lvis_000000458223,lvis_000000458223_yw_223719,0,background_false_accept
lvis_000000515579,lvis_000000515579_yw_250785,0,background_false_accept
lvis_000000158548,lvis_000000158548_yw_075316,0,background_false_accept
lvis_000000019042,lvis_000000019042_yw_009852,0,background_false_accept
lvis_000000322968,lvis_000000322968_yw_157823,0,background_false_accept
lvis_000000133969,lvis_000000133969_yw_061114,0,background_false_accept
lvis_000000278749,lvis_000000278749_yw_134645,0,background_false_accept
lvis_000000295316,lvis_000000295316_yw_144671,0,background_false_accept
lvis_000000130826,lvis_000000130826_yw_058648,0,background_false_accept
lvis_000000511076,lvis_000000511076_yw_248233,0,background_false_accept
lvis_000000214539,lvis_000000214539_yw_105210,0,background_false_accept
lvis_000000210394,lvis_000000210394_yw_102640,0,background_false_accept
lvis_000000197528,lvis_000000197528_yw_096641,0,wrong_known_class_or_duplicate
lvis_000000336658,lvis_000000336658_yw_164615,0,background_false_accept
lvis_000000163951,lvis_000000163951_yw_078492,0,unknown_false_accept
lvis_000000091654,lvis_000000091654_yw_041413,0,unknown_false_accept
lvis_000000145020,lvis_000000145020_yw_067767,0,background_false_accept
lvis_000000350003,lvis_000000350003_yw_170473,0,background_false_accept
lvis_000000495054,lvis_000000495054_yw_241072,0,background_false_accept
lvis_000000336658,lvis_000000336658_yw_164616,0,background_false_accept
lvis_000000423104,lvis_000000423104_yw_205721,0,background_false_accept
lvis_000000568690,lvis_000000568690_yw_275534,0,background_false_accept
lvis_000000540280,lvis_000000540280_yw_261615,0,background_false_accept
lvis_000000170278,lvis_000000170278_yw_081366,0,unknown_false_accept
lvis_000000277005,lvis_000000277005_yw_134129,0,background_false_accept
lvis_000000148719,lvis_000000148719_yw_070252,0,background_false_accept
lvis_000000148719,lvis_000000148719_yw_070253,0,background_false_accept
lvis_000000328238,lvis_000000328238_yw_159965,0,background_false_accept
lvis_000000569030,lvis_000000569030_yw_275819,0,background_false_accept
lvis_000000529568,lvis_000000529568_yw_256557,0,background_false_accept
lvis_000000232348,lvis_000000232348_yw_115224,0,background_false_accept
lvis_000000054628,lvis_000000054628_yw_023474,0,background_false_accept
lvis_000000148719,lvis_000000148719_yw_070254,0,background_false_accept
lvis_000000377946,lvis_000000377946_yw_185855,0,background_false_accept
lvis_000000064359,lvis_000000064359_yw_028501,0,unknown_false_accept
lvis_000000277005,lvis_000000277005_yw_134130,0,background_false_accept
lvis_000000212573,lvis_000000212573_yw_103676,0,background_false_accept
lvis_000000570169,lvis_000000570169_yw_276200,0,background_false_accept
lvis_000000289938,lvis_000000289938_yw_141467,0,background_false_accept
lvis_000000022479,lvis_000000022479_yw_010965,0,background_false_accept
lvis_000000491130,lvis_000000491130_yw_238912,0,background_false_accept
lvis_000000356612,lvis_000000356612_yw_173766,0,background_false_accept
lvis_000000433103,lvis_000000433103_yw_211549,0,unknown_false_accept
lvis_000000336658,lvis_000000336658_yw_164618,0,background_false_accept
lvis_000000561958,lvis_000000561958_yw_272003,0,background_false_accept
lvis_000000388056,lvis_000000388056_yw_190345,0,unknown_false_accept
lvis_000000285047,lvis_000000285047_yw_139006,0,background_false_accept
lvis_000000425925,lvis_000000425925_yw_207360,0,background_false_accept
lvis_000000360325,lvis_000000360325_yw_175213,0,background_false_accept
lvis_000000421060,lvis_000000421060_yw_205185,0,background_false_accept
lvis_000000561958,lvis_000000561958_yw_272004,0,background_false_accept
lvis_000000458223,lvis_000000458223_yw_223720,0,background_false_accept
lvis_000000336658,lvis_000000336658_yw_164619,0,background_false_accept
lvis_000000295420,lvis_000000295420_yw_144707,0,background_false_accept
lvis_000000347456,lvis_000000347456_yw_169676,0,background_false_accept
lvis_000000356428,lvis_000000356428_yw_173491,0,background_false_accept
lvis_000000568584,lvis_000000568584_yw_275494,0,background_false_accept
lvis_000000356612,lvis_000000356612_yw_173767,0,background_false_accept
lvis_000000378139,lvis_000000378139_yw_186057,0,background_false_accept
lvis_000000557172,lvis_000000557172_yw_269418,0,unknown_false_accept
lvis_000000169169,lvis_000000169169_yw_080835,0,background_false_accept
lvis_000000534673,lvis_000000534673_yw_259661,0,background_false_accept
lvis_000000500211,lvis_000000500211_yw_242738,0,unknown_false_accept
lvis_000000333402,lvis_000000333402_yw_162098,0,background_false_accept
lvis_000000378139,lvis_000000378139_yw_186058,0,background_false_accept
lvis_000000421060,lvis_000000421060_yw_205186,0,background_false_accept
lvis_000000288685,lvis_000000288685_yw_140545,0,background_false_accept
lvis_000000054628,lvis_000000054628_yw_023475,0,unknown_false_accept
lvis_000000343149,lvis_000000343149_yw_167446,0,background_false_accept
lvis_000000537991,lvis_000000537991_yw_260807,0,unknown_false_accept
lvis_000000356428,lvis_000000356428_yw_173492,0,wrong_known_class_or_duplicate
lvis_000000336658,lvis_000000336658_yw_164620,0,background_false_accept
lvis_000000196185,lvis_000000196185_yw_096245,0,background_false_accept
lvis_000000247917,lvis_000000247917_yw_120945,0,background_false_accept
lvis_000000336658,lvis_000000336658_yw_164621,0,background_false_accept
lvis_000000145020,lvis_000000145020_yw_067769,0,background_false_accept
lvis_000000211674,lvis_000000211674_yw_103100,0,background_false_accept
lvis_000000278749,lvis_000000278749_yw_134647,0,background_false_accept
lvis_000000166259,lvis_000000166259_yw_079303,0,background_false_accept
lvis_000000197528,lvis_000000197528_yw_096642,0,background_false_accept
lvis_000000425925,lvis_000000425925_yw_207361,0,background_false_accept
lvis_000000277005,lvis_000000277005_yw_134133,0,background_false_accept
lvis_000000140203,lvis_000000140203_yw_064267,0,background_false_accept
lvis_000000212573,lvis_000000212573_yw_103678,0,wrong_known_class_or_duplicate
lvis_000000463037,lvis_000000463037_yw_226266,1,known_tp
lvis_000000561958,lvis_000000561958_yw_272006,0,background_false_accept
lvis_000000473869,lvis_000000473869_yw_231294,0,background_false_accept
lvis_000000410456,lvis_000000410456_yw_199390,0,background_false_accept
lvis_000000421060,lvis_000000421060_yw_205187,0,background_false_accept
lvis_000000277005,lvis_000000277005_yw_134134,0,background_false_accept
lvis_000000021839,lvis_000000021839_yw_010795,0,background_false_accept
lvis_000000495054,lvis_000000495054_yw_241076,0,background_false_accept
lvis_000000002149,lvis_000000002149_yw_001237,0,unknown_false_accept
lvis_000000072813,lvis_000000072813_yw_032100,0,background_false_accept
lvis_000000271457,lvis_000000271457_yw_131544,0,background_false_accept
lvis_000000196442,lvis_000000196442_yw_096316,0,background_false_accept
lvis_000000467315,lvis_000000467315_yw_229036,0,background_false_accept
lvis_000000210394,lvis_000000210394_yw_102643,0,background_false_accept
lvis_000000581100,lvis_000000581100_yw_281201,0,background_false_accept
lvis_000000271471,lvis_000000271471_yw_131564,0,background_false_accept
lvis_000000078426,lvis_000000078426_yw_034388,0,unknown_false_accept
lvis_000000176232,lvis_000000176232_yw_084188,0,unknown_false_accept
lvis_000000447917,lvis_000000447917_yw_218512,0,background_false_accept
lvis_000000376625,lvis_000000376625_yw_183900,0,background_false_accept
lvis_000000212573,lvis_000000212573_yw_103679,0,background_false_accept
lvis_000000095843,lvis_000000095843_yw_042686,0,background_false_accept
lvis_000000374545,lvis_000000374545_yw_182784,0,background_false_accept
lvis_000000336587,lvis_000000336587_yw_164350,0,background_false_accept
lvis_000000466416,lvis_000000466416_yw_228815,0,background_false_accept
lvis_000000525600,lvis_000000525600_yw_254945,0,background_false_accept
lvis_000000019042,lvis_000000019042_yw_009853,0,background_false_accept
lvis_000000495054,lvis_000000495054_yw_241077,0,background_false_accept
lvis_000000335529,lvis_000000335529_yw_163587,0,background_false_accept
lvis_000000568584,lvis_000000568584_yw_275495,0,background_false_accept
lvis_000000206218,lvis_000000206218_yw_100209,0,background_false_accept
lvis_000000212573,lvis_000000212573_yw_103680,0,background_false_accept
lvis_000000561958,lvis_000000561958_yw_272008,0,background_false_accept
lvis_000000289938,lvis_000000289938_yw_141469,0,background_false_accept
lvis_000000378515,lvis_000000378515_yw_186332,0,background_false_accept
lvis_000000019042,lvis_000000019042_yw_009854,0,background_false_accept
lvis_000000025603,lvis_000000025603_yw_012479,0,background_false_accept
lvis_000000414133,lvis_000000414133_yw_202247,0,background_false_accept
lvis_000000278749,lvis_000000278749_yw_134648,0,background_false_accept
lvis_000000214539,lvis_000000214539_yw_105214,0,background_false_accept
lvis_000000133819,lvis_000000133819_yw_060814,0,background_false_accept
lvis_000000374545,lvis_000000374545_yw_182786,0,background_false_accept
lvis_000000425925,lvis_000000425925_yw_207363,0,background_false_accept
lvis_000000157756,lvis_000000157756_yw_074975,0,background_false_accept
lvis_000000278749,lvis_000000278749_yw_134649,0,background_false_accept
lvis_000000214539,lvis_000000214539_yw_105215,0,background_false_accept
lvis_000000561958,lvis_000000561958_yw_272009,0,background_false_accept
lvis_000000425925,lvis_000000425925_yw_207364,0,background_false_accept
lvis_000000145020,lvis_000000145020_yw_067771,0,background_false_accept
lvis_000000133819,lvis_000000133819_yw_060815,0,background_false_accept
lvis_000000271116,lvis_000000271116_yw_131474,0,background_false_accept
lvis_000000428111,lvis_000000428111_yw_208996,0,background_false_accept
lvis_000000349152,lvis_000000349152_yw_170126,0,unknown_false_accept
lvis_000000413247,lvis_000000413247_yw_201796,0,background_false_accept
lvis_000000493286,lvis_000000493286_yw_240254,0,background_false_accept
lvis_000000521405,lvis_000000521405_yw_253423,0,background_false_accept
lvis_000000533145,lvis_000000533145_yw_258542,0,background_false_accept
lvis_000000569030,lvis_000000569030_yw_275822,0,background_false_accept
lvis_000000148719,lvis_000000148719_yw_070258,0,background_false_accept
lvis_000000189310,lvis_000000189310_yw_092213,0,background_false_accept
lvis_000000322968,lvis_000000322968_yw_157826,0,background_false_accept
lvis_000000233238,lvis_000000233238_yw_115624,0,background_false_accept
lvis_000000336658,lvis_000000336658_yw_164624,0,background_false_accept
lvis_000000376093,lvis_000000376093_yw_183305,0,background_false_accept
lvis_000000322968,lvis_000000322968_yw_157827,0,background_false_accept
lvis_000000441468,lvis_000000441468_yw_215740,0,background_false_accept
lvis_000000133819,lvis_000000133819_yw_060816,0,background_false_accept
lvis_000000493286,lvis_000000493286_yw_240255,0,background_false_accept
lvis_000000214539,lvis_000000214539_yw_105216,0,background_false_accept
lvis_000000319696,lvis_000000319696_yw_156549,0,unknown_false_accept
lvis_000000145020,lvis_000000145020_yw_067774,0,background_false_accept
lvis_000000568690,lvis_000000568690_yw_275535,0,background_false_accept
lvis_000000402334,lvis_000000402334_yw_196049,0,background_false_accept
lvis_000000136633,lvis_000000136633_yw_062328,0,background_false_accept
lvis_000000569030,lvis_000000569030_yw_275823,0,background_false_accept
lvis_000000094157,lvis_000000094157_yw_042114,0,background_false_accept
lvis_000000421060,lvis_000000421060_yw_205188,0,background_false_accept
lvis_000000164883,lvis_000000164883_yw_078596,0,background_false_accept
lvis_000000242678,lvis_000000242678_yw_119082,0,background_false_accept
lvis_000000359677,lvis_000000359677_yw_174829,0,background_false_accept
lvis_000000242411,lvis_000000242411_yw_118958,0,background_false_accept
lvis_000000157756,lvis_000000157756_yw_074976,0,background_false_accept
lvis_000000318908,lvis_000000318908_yw_155758,0,background_false_accept
lvis_000000356612,lvis_000000356612_yw_173771,0,background_false_accept
lvis_000000289938,lvis_000000289938_yw_141470,0,unknown_false_accept
lvis_000000356612,lvis_000000356612_yw_173772,0,background_false_accept
lvis_000000140203,lvis_000000140203_yw_064269,0,background_false_accept
lvis_000000324258,lvis_000000324258_yw_158611,0,background_false_accept
lvis_000000295420,lvis_000000295420_yw_144708,0,background_false_accept
lvis_000000444879,lvis_000000444879_yw_217665,0,background_false_accept
lvis_000000170116,lvis_000000170116_yw_081273,0,background_false_accept
lvis_000000161925,lvis_000000161925_yw_077066,0,background_false_accept
lvis_000000561958,lvis_000000561958_yw_272010,0,background_false_accept
lvis_000000336658,lvis_000000336658_yw_164625,0,background_false_accept
lvis_000000278749,lvis_000000278749_yw_134650,0,background_false_accept
lvis_000000222299,lvis_000000222299_yw_108642,0,background_false_accept
lvis_000000158548,lvis_000000158548_yw_075317,0,background_false_accept
lvis_000000242678,lvis_000000242678_yw_119083,0,background_false_accept
lvis_000000169169,lvis_000000169169_yw_080837,0,background_false_accept
lvis_000000133969,lvis_000000133969_yw_061119,0,background_false_accept
lvis_000000324258,lvis_000000324258_yw_158612,0,background_false_accept
lvis_000000332845,lvis_000000332845_yw_161793,0,background_false_accept
lvis_000000370042,lvis_000000370042_yw_180629,0,background_false_accept
lvis_000000515579,lvis_000000515579_yw_250789,0,background_false_accept
lvis_000000344909,lvis_000000344909_yw_168704,0,background_false_accept
lvis_000000421060,lvis_000000421060_yw_205189,0,background_false_accept
lvis_000000147740,lvis_000000147740_yw_069675,0,background_false_accept
lvis_000000561958,lvis_000000561958_yw_272011,0,background_false_accept
lvis_000000135890,lvis_000000135890_yw_062105,0,background_false_accept
lvis_000000349184,lvis_000000349184_yw_170191,0,background_false_accept
lvis_000000511076,lvis_000000511076_yw_248234,0,background_false_accept
lvis_000000336658,lvis_000000336658_yw_164626,0,background_false_accept
lvis_000000463647,lvis_000000463647_yw_226958,0,background_false_accept
lvis_000000310072,lvis_000000310072_yw_152784,0,background_false_accept
lvis_000000242411,lvis_000000242411_yw_118959,0,background_false_accept
lvis_000000157756,lvis_000000157756_yw_074977,0,background_false_accept
lvis_000000021839,lvis_000000021839_yw_010796,0,background_false_accept
lvis_000000407574,lvis_000000407574_yw_198207,0,background_false_accept
lvis_000000335529,lvis_000000335529_yw_163588,0,background_false_accept
lvis_000000511076,lvis_000000511076_yw_248235,0,background_false_accept
lvis_000000129492,lvis_000000129492_yw_057820,0,background_false_accept
lvis_000000356612,lvis_000000356612_yw_173773,0,background_false_accept
lvis_000000133819,lvis_000000133819_yw_060817,0,background_false_accept
lvis_000000415536,lvis_000000415536_yw_202876,0,background_false_accept
lvis_000000166747,lvis_000000166747_yw_079789,0,wrong_known_class_or_duplicate
lvis_000000022705,lvis_000000022705_yw_011040,0,background_false_accept
lvis_000000498709,lvis_000000498709_yw_242177,0,background_false_accept
lvis_000000133819,lvis_000000133819_yw_060818,0,background_false_accept
lvis_000000374545,lvis_000000374545_yw_182788,0,background_false_accept
lvis_000000157756,lvis_000000157756_yw_074978,0,background_false_accept
lvis_000000466416,lvis_000000466416_yw_228816,0,background_false_accept
lvis_000000157756,lvis_000000157756_yw_074979,0,background_false_accept
lvis_000000186345,lvis_000000186345_yw_090570,0,unknown_false_accept
lvis_000000515579,lvis_000000515579_yw_250790,0,background_false_accept
lvis_000000493286,lvis_000000493286_yw_240260,0,background_false_accept
lvis_000000495054,lvis_000000495054_yw_241080,0,background_false_accept
lvis_000000222299,lvis_000000222299_yw_108643,0,background_false_accept
lvis_000000336658,lvis_000000336658_yw_164627,0,background_false_accept
lvis_000000333402,lvis_000000333402_yw_162102,0,background_false_accept
lvis_000000144932,lvis_000000144932_yw_067546,0,background_false_accept
lvis_000000133969,lvis_000000133969_yw_061121,0,background_false_accept
lvis_000000514797,lvis_000000514797_yw_250318,0,background_false_accept
lvis_000000185292,lvis_000000185292_yw_090120,0,background_false_accept
lvis_000000277005,lvis_000000277005_yw_134139,0,background_false_accept
lvis_000000377946,lvis_000000377946_yw_185861,0,background_false_accept
lvis_000000517523,lvis_000000517523_yw_251595,0,background_false_accept
lvis_000000145020,lvis_000000145020_yw_067776,0,background_false_accept
lvis_000000210394,lvis_000000210394_yw_102646,0,background_false_accept
lvis_000000425925,lvis_000000425925_yw_207366,0,background_false_accept
lvis_000000060363,lvis_000000060363_yw_026528,0,background_false_accept
lvis_000000561958,lvis_000000561958_yw_272014,0,background_false_accept
lvis_000000530146,lvis_000000530146_yw_256819,0,unknown_false_accept
lvis_000000534673,lvis_000000534673_yw_259662,0,background_false_accept
lvis_000000046378,lvis_000000046378_yw_020076,1,known_tp
lvis_000000021839,lvis_000000021839_yw_010797,0,background_false_accept
lvis_000000133819,lvis_000000133819_yw_060820,0,background_false_accept
lvis_000000308430,lvis_000000308430_yw_151525,0,background_false_accept
lvis_000000441468,lvis_000000441468_yw_215743,0,background_false_accept
lvis_000000421060,lvis_000000421060_yw_205190,0,background_false_accept
lvis_000000189310,lvis_000000189310_yw_092214,0,background_false_accept
lvis_000000145020,lvis_000000145020_yw_067777,0,background_false_accept
lvis_000000056288,lvis_000000056288_yw_024258,0,background_false_accept
lvis_000000072813,lvis_000000072813_yw_032101,0,unknown_false_accept
lvis_000000356428,lvis_000000356428_yw_173496,0,background_false_accept
lvis_000000277005,lvis_000000277005_yw_134140,0,background_false_accept
lvis_000000444879,lvis_000000444879_yw_217666,0,background_false_accept
lvis_000000370042,lvis_000000370042_yw_180630,0,unknown_false_accept
lvis_000000529568,lvis_000000529568_yw_256558,0,background_false_accept
lvis_000000158548,lvis_000000158548_yw_075319,0,background_false_accept
lvis_000000278749,lvis_000000278749_yw_134651,0,background_false_accept
lvis_000000312421,lvis_000000312421_yw_153965,0,background_false_accept
lvis_000000473869,lvis_000000473869_yw_231295,0,background_false_accept
lvis_000000057725,lvis_000000057725_yw_025261,0,background_false_accept
lvis_000000073533,lvis_000000073533_yw_032200,0,background_false_accept
lvis_000000356261,lvis_000000356261_yw_172994,0,background_false_accept
lvis_000000466416,lvis_000000466416_yw_228818,0,background_false_accept
lvis_000000361506,lvis_000000361506_yw_176102,0,background_false_accept
lvis_000000436883,lvis_000000436883_yw_213434,0,background_false_accept
lvis_000000478136,lvis_000000478136_yw_233702,0,background_false_accept
lvis_000000561958,lvis_000000561958_yw_272016,0,background_false_accept
lvis_000000335529,lvis_000000335529_yw_163589,0,background_false_accept
lvis_000000402334,lvis_000000402334_yw_196050,0,background_false_accept
lvis_000000151480,lvis_000000151480_yw_071506,0,background_false_accept
lvis_000000277005,lvis_000000277005_yw_134141,0,background_false_accept
lvis_000000232348,lvis_000000232348_yw_115225,0,background_false_accept
lvis_000000396200,lvis_000000396200_yw_193576,0,background_false_accept
lvis_000000563702,lvis_000000563702_yw_273136,0,background_false_accept
lvis_000000057760,lvis_000000057760_yw_025410,0,background_false_accept
lvis_000000145020,lvis_000000145020_yw_067779,0,wrong_known_class_or_duplicate
lvis_000000463037,lvis_000000463037_yw_226268,0,background_false_accept
lvis_000000349152,lvis_000000349152_yw_170128,0,background_false_accept
lvis_000000289938,lvis_000000289938_yw_141471,0,background_false_accept
lvis_000000356612,lvis_000000356612_yw_173775,0,background_false_accept
lvis_000000368752,lvis_000000368752_yw_179542,0,unknown_false_accept
lvis_000000166747,lvis_000000166747_yw_079790,0,background_false_accept
lvis_000000521719,lvis_000000521719_yw_253573,0,background_false_accept
lvis_000000502599,lvis_000000502599_yw_244270,0,background_false_accept
lvis_000000169169,lvis_000000169169_yw_080838,0,background_false_accept
lvis_000000388056,lvis_000000388056_yw_190352,0,background_false_accept
lvis_000000561958,lvis_000000561958_yw_272017,0,background_false_accept
lvis_000000019042,lvis_000000019042_yw_009855,0,background_false_accept
lvis_000000234366,lvis_000000234366_yw_116196,0,background_false_accept
lvis_000000328238,lvis_000000328238_yw_159966,0,background_false_accept
lvis_000000295420,lvis_000000295420_yw_144709,0,background_false_accept
lvis_000000136633,lvis_000000136633_yw_062329,0,background_false_accept
lvis_000000425221,lvis_000000425221_yw_206976,0,background_false_accept
lvis_000000120420,lvis_000000120420_yw_052658,0,background_false_accept
lvis_000000170116,lvis_000000170116_yw_081275,0,background_false_accept
lvis_000000377946,lvis_000000377946_yw_185864,0,background_false_accept
lvis_000000286553,lvis_000000286553_yw_139437,0,background_false_accept
lvis_000000441468,lvis_000000441468_yw_215745,0,background_false_accept
lvis_000000377946,lvis_000000377946_yw_185865,0,background_false_accept
lvis_000000286182,lvis_000000286182_yw_139119,0,unknown_false_accept
lvis_000000057725,lvis_000000057725_yw_025262,0,background_false_accept
lvis_000000581100,lvis_000000581100_yw_281203,0,background_false_accept
lvis_000000189475,lvis_000000189475_yw_092320,0,background_false_accept
lvis_000000502599,lvis_000000502599_yw_244271,0,background_false_accept
lvis_000000511076,lvis_000000511076_yw_248238,0,background_false_accept
lvis_000000169076,lvis_000000169076_yw_080705,0,background_false_accept
lvis_000000043816,lvis_000000043816_yw_019295,0,background_false_accept
lvis_000000453841,lvis_000000453841_yw_221462,0,background_false_accept
lvis_000000069795,lvis_000000069795_yw_031138,0,background_false_accept
lvis_000000356428,lvis_000000356428_yw_173498,0,wrong_known_class_or_duplicate
lvis_000000120420,lvis_000000120420_yw_052660,0,background_false_accept
lvis_000000514797,lvis_000000514797_yw_250319,0,background_false_accept
lvis_000000392818,lvis_000000392818_yw_192054,0,background_false_accept
lvis_000000171611,lvis_000000171611_yw_082163,0,background_false_accept
lvis_000000374545,lvis_000000374545_yw_182791,0,background_false_accept
lvis_000000289938,lvis_000000289938_yw_141472,0,background_false_accept
lvis_000000189310,lvis_000000189310_yw_092215,0,background_false_accept
lvis_000000561958,lvis_000000561958_yw_272019,0,background_false_accept
lvis_000000094157,lvis_000000094157_yw_042116,0,background_false_accept
lvis_000000328238,lvis_000000328238_yw_159967,0,background_false_accept
lvis_000000210394,lvis_000000210394_yw_102648,0,background_false_accept
lvis_000000569030,lvis_000000569030_yw_275828,0,background_false_accept
lvis_000000569030,lvis_000000569030_yw_275829,0,background_false_accept
lvis_000000068833,lvis_000000068833_yw_030691,0,background_false_accept
lvis_000000314264,lvis_000000314264_yw_154909,0,background_false_accept
lvis_000000320743,lvis_000000320743_yw_157052,0,background_false_accept
lvis_000000496854,lvis_000000496854_yw_241706,0,background_false_accept
lvis_000000169169,lvis_000000169169_yw_080841,0,background_false_accept
lvis_000000561958,lvis_000000561958_yw_272021,0,background_false_accept
lvis_000000288685,lvis_000000288685_yw_140552,0,wrong_known_class_or_duplicate
lvis_000000120420,lvis_000000120420_yw_052661,0,background_false_accept
lvis_000000323751,lvis_000000323751_yw_158217,0,background_false_accept
lvis_000000336658,lvis_000000336658_yw_164628,0,background_false_accept
lvis_000000166166,lvis_000000166166_yw_079242,0,background_false_accept
lvis_000000336587,lvis_000000336587_yw_164352,0,background_false_accept
lvis_000000423798,lvis_000000423798_yw_206313,0,background_false_accept
lvis_000000335529,lvis_000000335529_yw_163590,0,background_false_accept
lvis_000000378139,lvis_000000378139_yw_186059,0,background_false_accept
lvis_000000140203,lvis_000000140203_yw_064271,0,background_false_accept
lvis_000000569030,lvis_000000569030_yw_275830,0,background_false_accept
lvis_000000147740,lvis_000000147740_yw_069677,0,background_false_accept
lvis_000000196185,lvis_000000196185_yw_096246,0,background_false_accept
lvis_000000147740,lvis_000000147740_yw_069678,0,background_false_accept
lvis_000000148719,lvis_000000148719_yw_070261,0,background_false_accept
lvis_000000387098,lvis_000000387098_yw_189895,0,background_false_accept
lvis_000000511076,lvis_000000511076_yw_248239,0,background_false_accept
lvis_000000463037,lvis_000000463037_yw_226269,0,background_false_accept
lvis_000000350122,lvis_000000350122_yw_170925,0,background_false_accept
lvis_000000569030,lvis_000000569030_yw_275831,0,wrong_known_class_or_duplicate
lvis_000000278705,lvis_000000278705_yw_134510,0,background_false_accept
lvis_000000312421,lvis_000000312421_yw_153969,0,background_false_accept
lvis_000000213935,lvis_000000213935_yw_104940,0,unknown_false_accept
lvis_000000405691,lvis_000000405691_yw_197556,0,background_false_accept
lvis_000000371699,lvis_000000371699_yw_181618,0,background_false_accept
lvis_000000350122,lvis_000000350122_yw_170926,0,background_false_accept
lvis_000000019042,lvis_000000019042_yw_009858,0,background_false_accept
lvis_000000151480,lvis_000000151480_yw_071507,0,background_false_accept
lvis_000000511321,lvis_000000511321_yw_248392,0,background_false_accept
lvis_000000191288,lvis_000000191288_yw_093672,0,background_false_accept
lvis_000000453841,lvis_000000453841_yw_221463,0,background_false_accept
lvis_000000511076,lvis_000000511076_yw_248240,0,background_false_accept
lvis_000000500211,lvis_000000500211_yw_242740,0,background_false_accept
lvis_000000323751,lvis_000000323751_yw_158218,0,background_false_accept
lvis_000000528399,lvis_000000528399_yw_255960,0,background_false_accept
lvis_000000507223,lvis_000000507223_yw_246349,0,background_false_accept
lvis_000000376625,lvis_000000376625_yw_183902,0,background_false_accept
lvis_000000377113,lvis_000000377113_yw_184380,0,background_false_accept
lvis_000000080932,lvis_000000080932_yw_036083,0,unknown_false_accept
lvis_000000466416,lvis_000000466416_yw_228819,0,background_false_accept
lvis_000000384513,lvis_000000384513_yw_188896,0,background_false_accept
lvis_000000234757,lvis_000000234757_yw_116441,0,background_false_accept
lvis_000000356428,lvis_000000356428_yw_173499,0,wrong_known_class_or_duplicate
lvis_000000350122,lvis_000000350122_yw_170927,0,background_false_accept
lvis_000000496854,lvis_000000496854_yw_241707,0,wrong_known_class_or_duplicate
lvis_000000349860,lvis_000000349860_yw_170370,0,background_false_accept
lvis_000000443844,lvis_000000443844_yw_217462,0,background_false_accept
lvis_000000083531,lvis_000000083531_yw_037489,0,unknown_false_accept
lvis_000000425925,lvis_000000425925_yw_207367,0,background_false_accept
lvis_000000413247,lvis_000000413247_yw_201798,0,background_false_accept
lvis_000000080932,lvis_000000080932_yw_036084,0,background_false_accept
lvis_000000571598,lvis_000000571598_yw_277271,0,background_false_accept
lvis_000000196442,lvis_000000196442_yw_096318,0,background_false_accept
lvis_000000491090,lvis_000000491090_yw_238858,0,background_false_accept
lvis_000000277005,lvis_000000277005_yw_134147,0,background_false_accept
lvis_000000057725,lvis_000000057725_yw_025263,0,background_false_accept
lvis_000000488710,lvis_000000488710_yw_237778,0,background_false_accept
lvis_000000285894,lvis_000000285894_yw_139091,0,background_false_accept
lvis_000000280930,lvis_000000280930_yw_136235,0,background_false_accept
lvis_000000211674,lvis_000000211674_yw_103106,0,background_false_accept
lvis_000000511076,lvis_000000511076_yw_248241,0,wrong_known_class_or_duplicate
lvis_000000561958,lvis_000000561958_yw_272027,0,background_false_accept
lvis_000000019042,lvis_000000019042_yw_009859,0,background_false_accept
lvis_000000502599,lvis_000000502599_yw_244274,0,background_false_accept
lvis_000000169169,lvis_000000169169_yw_080847,0,background_false_accept
lvis_000000025603,lvis_000000025603_yw_012482,0,background_false_accept
lvis_000000277005,lvis_000000277005_yw_134148,0,background_false_accept
lvis_000000170116,lvis_000000170116_yw_081277,0,unknown_false_accept
lvis_000000466416,lvis_000000466416_yw_228820,0,background_false_accept
lvis_000000421060,lvis_000000421060_yw_205192,0,background_false_accept
lvis_000000569976,lvis_000000569976_yw_276167,0,background_false_accept
lvis_000000212573,lvis_000000212573_yw_103688,0,background_false_accept
lvis_000000180487,lvis_000000180487_yw_086618,0,background_false_accept
lvis_000000035279,lvis_000000035279_yw_016387,0,background_false_accept
lvis_000000043816,lvis_000000043816_yw_019296,0,background_false_accept
lvis_000000441468,lvis_000000441468_yw_215746,0,background_false_accept
lvis_000000001818,lvis_000000001818_yw_001056,0,unknown_false_accept
lvis_000000278749,lvis_000000278749_yw_134656,1,known_tp
lvis_000000210394,lvis_000000210394_yw_102650,0,background_false_accept
lvis_000000425221,lvis_000000425221_yw_206978,0,background_false_accept
lvis_000000350122,lvis_000000350122_yw_170929,0,background_false_accept
lvis_000000133819,lvis_000000133819_yw_060823,0,background_false_accept
lvis_000000314264,lvis_000000314264_yw_154910,0,background_false_accept
lvis_000000133969,lvis_000000133969_yw_061123,0,wrong_known_class_or_duplicate
lvis_000000378139,lvis_000000378139_yw_186060,0,background_false_accept
lvis_000000113720,lvis_000000113720_yw_049693,0,background_false_accept
lvis_000000009891,lvis_000000009891_yw_004651,0,background_false_accept
lvis_000000383289,lvis_000000383289_yw_188386,0,background_false_accept
lvis_000000361506,lvis_000000361506_yw_176104,0,background_false_accept
lvis_000000561958,lvis_000000561958_yw_272029,0,background_false_accept
lvis_000000039670,lvis_000000039670_yw_018133,0,background_false_accept
lvis_000000083531,lvis_000000083531_yw_037490,0,background_false_accept
lvis_000000555972,lvis_000000555972_yw_269320,0,unknown_false_accept
lvis_000000421060,lvis_000000421060_yw_205193,0,background_false_accept
lvis_000000312421,lvis_000000312421_yw_153974,0,background_false_accept
lvis_000000206218,lvis_000000206218_yw_100210,0,background_false_accept
lvis_000000335529,lvis_000000335529_yw_163592,0,background_false_accept
lvis_000000289938,lvis_000000289938_yw_141473,0,background_false_accept
lvis_000000415536,lvis_000000415536_yw_202877,0,background_false_accept
lvis_000000138550,lvis_000000138550_yw_063281,0,background_false_accept
lvis_000000158548,lvis_000000158548_yw_075320,0,background_false_accept
lvis_000000214539,lvis_000000214539_yw_105220,0,background_false_accept
lvis_000000569030,lvis_000000569030_yw_275833,0,background_false_accept
lvis_000000444879,lvis_000000444879_yw_217667,0,background_false_accept
lvis_000000378139,lvis_000000378139_yw_186062,0,background_false_accept
lvis_000000280930,lvis_000000280930_yw_136236,0,wrong_known_class_or_duplicate
lvis_000000312421,lvis_000000312421_yw_153976,0,background_false_accept
lvis_000000278749,lvis_000000278749_yw_134657,0,background_false_accept
lvis_000000166166,lvis_000000166166_yw_079243,0,background_false_accept
lvis_000000169169,lvis_000000169169_yw_080850,0,background_false_accept
lvis_000000297147,lvis_000000297147_yw_146109,0,background_false_accept
lvis_000000378515,lvis_000000378515_yw_186338,0,background_false_accept
lvis_000000496854,lvis_000000496854_yw_241708,0,background_false_accept
lvis_000000278749,lvis_000000278749_yw_134658,0,background_false_accept
lvis_000000278705,lvis_000000278705_yw_134511,0,background_false_accept
lvis_000000145020,lvis_000000145020_yw_067787,0,background_false_accept
lvis_000000210394,lvis_000000210394_yw_102652,0,background_false_accept
lvis_000000407574,lvis_000000407574_yw_198208,0,background_false_accept
lvis_000000488710,lvis_000000488710_yw_237779,0,background_false_accept
lvis_000000336658,lvis_000000336658_yw_164631,0,background_false_accept
lvis_000000278749,lvis_000000278749_yw_134659,0,background_false_accept
lvis_000000200152,lvis_000000200152_yw_097460,0,background_false_accept
lvis_000000425925,lvis_000000425925_yw_207369,0,background_false_accept
lvis_000000252559,lvis_000000252559_yw_122440,0,background_false_accept
lvis_000000433103,lvis_000000433103_yw_211562,0,unknown_false_accept
lvis_000000153568,lvis_000000153568_yw_072611,0,background_false_accept
lvis_000000495054,lvis_000000495054_yw_241083,0,background_false_accept
lvis_000000335529,lvis_000000335529_yw_163593,0,wrong_known_class_or_duplicate
lvis_000000169169,lvis_000000169169_yw_080851,0,background_false_accept
lvis_000000133819,lvis_000000133819_yw_060825,0,background_false_accept
lvis_000000356428,lvis_000000356428_yw_173500,0,background_false_accept
lvis_000000529966,lvis_000000529966_yw_256662,0,unknown_false_accept
lvis_000000150649,lvis_000000150649_yw_071323,0,background_false_accept
lvis_000000288685,lvis_000000288685_yw_140557,0,background_false_accept
lvis_000000119233,lvis_000000119233_yw_051882,0,background_false_accept
lvis_000000335529,lvis_000000335529_yw_163594,0,background_false_accept
lvis_000000060363,lvis_000000060363_yw_026529,0,background_false_accept
lvis_000000374545,lvis_000000374545_yw_182797,0,background_false_accept
lvis_000000421060,lvis_000000421060_yw_205194,0,background_false_accept
lvis_000000410456,lvis_000000410456_yw_199393,0,unknown_false_accept
lvis_000000210394,lvis_000000210394_yw_102653,0,background_false_accept
lvis_000000463647,lvis_000000463647_yw_226961,0,background_false_accept
lvis_000000057725,lvis_000000057725_yw_025264,0,background_false_accept
lvis_000000374545,lvis_000000374545_yw_182798,0,background_false_accept
lvis_000000145020,lvis_000000145020_yw_067788,0,background_false_accept
lvis_000000515579,lvis_000000515579_yw_250794,0,background_false_accept
lvis_000000295316,lvis_000000295316_yw_144673,0,background_false_accept
lvis_000000133819,lvis_000000133819_yw_060826,0,background_false_accept
lvis_000000155154,lvis_000000155154_yw_073548,0,background_false_accept
lvis_000000019042,lvis_000000019042_yw_009861,0,background_false_accept
lvis_000000396729,lvis_000000396729_yw_193885,0,unknown_false_accept
lvis_000000356612,lvis_000000356612_yw_173782,0,wrong_known_class_or_duplicate
lvis_000000037740,lvis_000000037740_yw_017081,0,unknown_false_accept
lvis_000000169169,lvis_000000169169_yw_080853,0,background_false_accept
lvis_000000473869,lvis_000000473869_yw_231296,0,background_false_accept
lvis_000000247917,lvis_000000247917_yw_120947,0,background_false_accept
lvis_000000349184,lvis_000000349184_yw_170194,0,background_false_accept
lvis_000000527220,lvis_000000527220_yw_255614,0,background_false_accept
lvis_000000120420,lvis_000000120420_yw_052664,0,background_false_accept
lvis_000000374545,lvis_000000374545_yw_182799,0,background_false_accept
lvis_000000333402,lvis_000000333402_yw_162106,0,background_false_accept
lvis_000000322968,lvis_000000322968_yw_157829,0,background_false_accept
lvis_000000200152,lvis_000000200152_yw_097461,0,background_false_accept
lvis_000000377946,lvis_000000377946_yw_185868,0,background_false_accept
lvis_000000232692,lvis_000000232692_yw_115459,0,background_false_accept
lvis_000000396200,lvis_000000396200_yw_193581,0,background_false_accept
lvis_000000521719,lvis_000000521719_yw_253577,0,unknown_false_accept
lvis_000000169169,lvis_000000169169_yw_080854,0,background_false_accept
lvis_000000336658,lvis_000000336658_yw_164633,0,background_false_accept
lvis_000000013729,lvis_000000013729_yw_006649,0,background_false_accept
lvis_000000370042,lvis_000000370042_yw_180631,0,unknown_false_accept
lvis_000000534673,lvis_000000534673_yw_259665,0,background_false_accept
lvis_000000323751,lvis_000000323751_yw_158219,0,background_false_accept
lvis_000000414133,lvis_000000414133_yw_202248,0,background_false_accept
lvis_000000080932,lvis_000000080932_yw_036086,0,background_false_accept
lvis_000000349860,lvis_000000349860_yw_170372,0,background_false_accept
lvis_000000191288,lvis_000000191288_yw_093673,0,background_false_accept
lvis_000000522889,lvis_000000522889_yw_253871,0,unknown_false_accept
lvis_000000425925,lvis_000000425925_yw_207370,0,wrong_known_class_or_duplicate
lvis_000000414638,lvis_000000414638_yw_202493,0,unknown_false_accept
lvis_000000211674,lvis_000000211674_yw_103108,0,background_false_accept
lvis_000000336658,lvis_000000336658_yw_164634,0,background_false_accept
lvis_000000506656,lvis_000000506656_yw_245535,0,background_false_accept
lvis_000000425226,lvis_000000425226_yw_207083,0,background_false_accept
lvis_000000087476,lvis_000000087476_yw_039958,0,background_false_accept
lvis_000000133969,lvis_000000133969_yw_061125,0,wrong_known_class_or_duplicate
lvis_000000274708,lvis_000000274708_yw_133092,0,background_false_accept
lvis_000000506656,lvis_000000506656_yw_245536,0,background_false_accept
lvis_000000019042,lvis_000000019042_yw_009862,0,background_false_accept
lvis_000000145020,lvis_000000145020_yw_067789,0,background_false_accept
lvis_000000171611,lvis_000000171611_yw_082164,0,background_false_accept
lvis_000000532071,lvis_000000532071_yw_258157,0,background_false_accept
lvis_000000035279,lvis_000000035279_yw_016388,0,background_false_accept
lvis_000000500211,lvis_000000500211_yw_242744,0,background_false_accept
lvis_000000465549,lvis_000000465549_yw_228218,0,background_false_accept
lvis_000000580410,lvis_000000580410_yw_281042,0,background_false_accept
lvis_000000297396,lvis_000000297396_yw_146142,0,unknown_false_accept
lvis_000000336658,lvis_000000336658_yw_164635,0,background_false_accept
lvis_000000478136,lvis_000000478136_yw_233703,0,background_false_accept
lvis_000000289938,lvis_000000289938_yw_141474,0,background_false_accept
lvis_000000158548,lvis_000000158548_yw_075321,0,background_false_accept
lvis_000000471893,lvis_000000471893_yw_230696,0,background_false_accept
lvis_000000010707,lvis_000000010707_yw_004859,0,background_false_accept
lvis_000000467315,lvis_000000467315_yw_229037,0,background_false_accept
lvis_000000463647,lvis_000000463647_yw_226963,0,background_false_accept
lvis_000000316666,lvis_000000316666_yw_155568,0,unknown_false_accept
lvis_000000322968,lvis_000000322968_yw_157830,0,background_false_accept
lvis_000000421060,lvis_000000421060_yw_205195,0,background_false_accept
lvis_000000145020,lvis_000000145020_yw_067791,0,background_false_accept
lvis_000000148719,lvis_000000148719_yw_070262,0,background_false_accept
lvis_000000068833,lvis_000000068833_yw_030692,0,unknown_false_accept
lvis_000000540280,lvis_000000540280_yw_261616,0,background_false_accept
lvis_000000094157,lvis_000000094157_yw_042119,0,background_false_accept
lvis_000000475904,lvis_000000475904_yw_232440,0,background_false_accept
lvis_000000145020,lvis_000000145020_yw_067793,0,background_false_accept
lvis_000000440617,lvis_000000440617_yw_215540,0,background_false_accept
lvis_000000534673,lvis_000000534673_yw_259668,0,background_false_accept
lvis_000000405205,lvis_000000405205_yw_197245,0,background_false_accept
lvis_000000534673,lvis_000000534673_yw_259669,0,background_false_accept
lvis_000000388056,lvis_000000388056_yw_190355,0,background_false_accept
lvis_000000464522,lvis_000000464522_yw_228049,0,background_false_accept
lvis_000000322968,lvis_000000322968_yw_157831,0,background_false_accept
lvis_000000335529,lvis_000000335529_yw_163596,0,background_false_accept
lvis_000000506656,lvis_000000506656_yw_245537,0,background_false_accept
lvis_000000561958,lvis_000000561958_yw_272032,0,unknown_false_accept
lvis_000000335529,lvis_000000335529_yw_163597,0,background_false_accept
lvis_000000271471,lvis_000000271471_yw_131565,0,background_false_accept
lvis_000000333402,lvis_000000333402_yw_162108,0,background_false_accept
lvis_000000444275,lvis_000000444275_yw_217651,0,background_false_accept
lvis_000000377113,lvis_000000377113_yw_184384,0,background_false_accept
lvis_000000234366,lvis_000000234366_yw_116198,0,background_false_accept
lvis_000000242411,lvis_000000242411_yw_118965,0,background_false_accept
lvis_000000009448,lvis_000000009448_yw_004444,0,wrong_known_class_or_duplicate
lvis_000000083531,lvis_000000083531_yw_037493,0,background_false_accept
lvis_000000106912,lvis_000000106912_yw_047446,0,unknown_false_accept
lvis_000000211674,lvis_000000211674_yw_103109,1,known_tp
lvis_000000298738,lvis_000000298738_yw_146798,0,background_false_accept
lvis_000000506656,lvis_000000506656_yw_245538,0,background_false_accept
lvis_000000335529,lvis_000000335529_yw_163598,0,background_false_accept
lvis_000000242411,lvis_000000242411_yw_118966,0,background_false_accept
lvis_000000421060,lvis_000000421060_yw_205196,0,background_false_accept
lvis_000000067180,lvis_000000067180_yw_030106,0,wrong_known_class_or_duplicate
lvis_000000534673,lvis_000000534673_yw_259670,0,background_false_accept
lvis_000000421060,lvis_000000421060_yw_205197,0,background_false_accept
lvis_000000285894,lvis_000000285894_yw_139092,0,background_false_accept
lvis_000000212573,lvis_000000212573_yw_103690,0,background_false_accept
lvis_000000295420,lvis_000000295420_yw_144711,0,background_false_accept
lvis_000000295420,lvis_000000295420_yw_144712,0,background_false_accept
lvis_000000421060,lvis_000000421060_yw_205198,0,background_false_accept
lvis_000000349184,lvis_000000349184_yw_170195,0,background_false_accept
lvis_000000133819,lvis_000000133819_yw_060827,0,background_false_accept
lvis_000000156643,lvis_000000156643_yw_074550,0,background_false_accept
lvis_000000140203,lvis_000000140203_yw_064274,0,background_false_accept
lvis_000000568584,lvis_000000568584_yw_275499,0,background_false_accept
lvis_000000556193,lvis_000000556193_yw_269400,0,background_false_accept
lvis_000000463647,lvis_000000463647_yw_226964,0,background_false_accept
lvis_000000374545,lvis_000000374545_yw_182801,0,background_false_accept
lvis_000000312278,lvis_000000312278_yw_153786,0,background_false_accept
lvis_000000283037,lvis_000000283037_yw_137588,0,background_false_accept
lvis_000000022479,lvis_000000022479_yw_010972,0,unknown_false_accept
lvis_000000421060,lvis_000000421060_yw_205199,0,background_false_accept
lvis_000000388056,lvis_000000388056_yw_190356,0,background_false_accept
lvis_000000211674,lvis_000000211674_yw_103110,0,background_false_accept
lvis_000000210394,lvis_000000210394_yw_102656,0,background_false_accept
lvis_000000344909,lvis_000000344909_yw_168707,0,background_false_accept
lvis_000000191761,lvis_000000191761_yw_093790,0,background_false_accept
lvis_000000561958,lvis_000000561958_yw_272034,0,background_false_accept
lvis_000000145020,lvis_000000145020_yw_067796,0,background_false_accept
lvis_000000278749,lvis_000000278749_yw_134661,0,background_false_accept
lvis_000000092416,lvis_000000092416_yw_041608,0,background_false_accept
lvis_000000312278,lvis_000000312278_yw_153787,0,background_false_accept
lvis_000000058705,lvis_000000058705_yw_025780,0,background_false_accept
lvis_000000210394,lvis_000000210394_yw_102658,0,background_false_accept
lvis_000000094157,lvis_000000094157_yw_042121,0,background_false_accept
lvis_000000317999,lvis_000000317999_yw_155660,0,background_false_accept
lvis_000000515579,lvis_000000515579_yw_250798,0,background_false_accept
lvis_000000329041,lvis_000000329041_yw_160373,0,background_false_accept
lvis_000000262938,lvis_000000262938_yw_127870,0,wrong_known_class_or_duplicate
lvis_000000196442,lvis_000000196442_yw_096319,0,background_false_accept
lvis_000000135890,lvis_000000135890_yw_062107,0,background_false_accept
lvis_000000145020,lvis_000000145020_yw_067798,0,unknown_false_accept
lvis_000000322968,lvis_000000322968_yw_157833,0,background_false_accept
lvis_000000211825,lvis_000000211825_yw_103236,0,background_false_accept
lvis_000000376625,lvis_000000376625_yw_183905,0,background_false_accept
lvis_000000491090,lvis_000000491090_yw_238860,0,background_false_accept
lvis_000000166747,lvis_000000166747_yw_079795,0,background_false_accept
lvis_000000043816,lvis_000000043816_yw_019298,0,background_false_accept
lvis_000000561958,lvis_000000561958_yw_272035,0,background_false_accept
lvis_000000133819,lvis_000000133819_yw_060829,0,background_false_accept
lvis_000000475904,lvis_000000475904_yw_232441,0,wrong_known_class_or_duplicate
lvis_000000289938,lvis_000000289938_yw_141476,0,background_false_accept
lvis_000000289938,lvis_000000289938_yw_141477,0,background_false_accept
lvis_000000336658,lvis_000000336658_yw_164637,0,background_false_accept
lvis_000000569030,lvis_000000569030_yw_275834,0,background_false_accept
lvis_000000133819,lvis_000000133819_yw_060830,0,background_false_accept
lvis_000000464522,lvis_000000464522_yw_228050,0,background_false_accept
lvis_000000522007,lvis_000000522007_yw_253683,0,unknown_false_accept
lvis_000000561465,lvis_000000561465_yw_271697,0,background_false_accept
lvis_000000210394,lvis_000000210394_yw_102660,0,background_false_accept
lvis_000000019042,lvis_000000019042_yw_009863,0,background_false_accept
lvis_000000441468,lvis_000000441468_yw_215747,0,background_false_accept
lvis_000000374545,lvis_000000374545_yw_182802,0,background_false_accept
lvis_000000145020,lvis_000000145020_yw_067799,0,background_false_accept
lvis_000000378139,lvis_000000378139_yw_186065,0,background_false_accept
lvis_000000145020,lvis_000000145020_yw_067800,0,background_false_accept
lvis_000000495054,lvis_000000495054_yw_241086,1,known_tp
lvis_000000069795,lvis_000000069795_yw_031139,0,background_false_accept
lvis_000000298738,lvis_000000298738_yw_146799,0,background_false_accept
lvis_000000507223,lvis_000000507223_yw_246354,0,background_false_accept
lvis_000000106048,lvis_000000106048_yw_047134,0,background_false_accept
lvis_000000491090,lvis_000000491090_yw_238861,0,background_false_accept
lvis_000000453040,lvis_000000453040_yw_220679,0,background_false_accept
lvis_000000156643,lvis_000000156643_yw_074551,0,background_false_accept
lvis_000000522007,lvis_000000522007_yw_253684,0,background_false_accept
lvis_000000144932,lvis_000000144932_yw_067550,0,background_false_accept
lvis_000000514797,lvis_000000514797_yw_250320,0,background_false_accept
lvis_000000561958,lvis_000000561958_yw_272038,0,background_false_accept
lvis_000000335529,lvis_000000335529_yw_163600,0,background_false_accept
lvis_000000335529,lvis_000000335529_yw_163601,0,background_false_accept
lvis_000000425226,lvis_000000425226_yw_207087,0,background_false_accept
lvis_000000335529,lvis_000000335529_yw_163602,0,background_false_accept
lvis_000000060363,lvis_000000060363_yw_026530,0,background_false_accept
lvis_000000356428,lvis_000000356428_yw_173502,0,background_false_accept
lvis_000000368900,lvis_000000368900_yw_179605,0,background_false_accept
lvis_000000021839,lvis_000000021839_yw_010802,0,background_false_accept
lvis_000000323751,lvis_000000323751_yw_158221,0,background_false_accept
lvis_000000463647,lvis_000000463647_yw_226966,0,background_false_accept
lvis_000000232692,lvis_000000232692_yw_115461,0,background_false_accept
lvis_000000148719,lvis_000000148719_yw_070265,0,background_false_accept
lvis_000000407574,lvis_000000407574_yw_198211,0,background_false_accept
lvis_000000529568,lvis_000000529568_yw_256559,0,background_false_accept
lvis_000000057725,lvis_000000057725_yw_025267,0,background_false_accept
lvis_000000414133,lvis_000000414133_yw_202251,0,background_false_accept
lvis_000000157756,lvis_000000157756_yw_074983,0,background_false_accept
lvis_000000073118,lvis_000000073118_yw_032144,0,unknown_false_accept
lvis_000000186345,lvis_000000186345_yw_090571,0,unknown_false_accept
lvis_000000263969,lvis_000000263969_yw_128421,0,background_false_accept
lvis_000000019042,lvis_000000019042_yw_009864,0,background_false_accept
lvis_000000376625,lvis_000000376625_yw_183906,0,background_false_accept
lvis_000000151480,lvis_000000151480_yw_071511,0,background_false_accept
lvis_000000561958,lvis_000000561958_yw_272040,0,background_false_accept
lvis_000000166166,lvis_000000166166_yw_079245,0,unknown_false_accept
lvis_000000129492,lvis_000000129492_yw_057822,0,background_false_accept
lvis_000000350122,lvis_000000350122_yw_170933,0,background_false_accept
lvis_000000480122,lvis_000000480122_yw_234617,0,background_false_accept
lvis_000000349184,lvis_000000349184_yw_170196,0,background_false_accept
lvis_000000370042,lvis_000000370042_yw_180632,0,unknown_false_accept
lvis_000000384513,lvis_000000384513_yw_188900,0,background_false_accept
lvis_000000510095,lvis_000000510095_yw_248062,0,wrong_known_class_or_duplicate
lvis_000000140203,lvis_000000140203_yw_064277,0,background_false_accept
lvis_000000226903,lvis_000000226903_yw_111410,0,background_false_accept
lvis_000000087476,lvis_000000087476_yw_039960,0,background_false_accept
lvis_000000428111,lvis_000000428111_yw_208998,0,background_false_accept
lvis_000000466416,lvis_000000466416_yw_228822,1,known_tp
lvis_000000166747,lvis_000000166747_yw_079797,0,background_false_accept
lvis_000000210394,lvis_000000210394_yw_102662,0,background_false_accept
lvis_000000138550,lvis_000000138550_yw_063282,0,background_false_accept
lvis_000000239347,lvis_000000239347_yw_117752,0,background_false_accept
lvis_000000510095,lvis_000000510095_yw_248063,0,background_false_accept
lvis_000000039670,lvis_000000039670_yw_018135,0,background_false_accept
lvis_000000515579,lvis_000000515579_yw_250801,0,background_false_accept
lvis_000000206218,lvis_000000206218_yw_100211,0,background_false_accept
lvis_000000087476,lvis_000000087476_yw_039961,0,background_false_accept
lvis_000000278749,lvis_000000278749_yw_134662,0,background_false_accept
lvis_000000580410,lvis_000000580410_yw_281043,0,background_false_accept
lvis_000000466416,lvis_000000466416_yw_228823,0,background_false_accept
lvis_000000095843,lvis_000000095843_yw_042688,0,background_false_accept
lvis_000000133819,lvis_000000133819_yw_060832,0,background_false_accept
lvis_000000495054,lvis_000000495054_yw_241088,0,background_false_accept
lvis_000000207538,lvis_000000207538_yw_100702,0,background_false_accept
lvis_000000403565,lvis_000000403565_yw_196684,0,background_false_accept
lvis_000000145020,lvis_000000145020_yw_067804,0,unknown_false_accept
lvis_000000162732,lvis_000000162732_yw_077511,1,known_tp
lvis_000000423798,lvis_000000423798_yw_206315,0,background_false_accept
lvis_000000140203,lvis_000000140203_yw_064278,0,background_false_accept
lvis_000000396200,lvis_000000396200_yw_193583,0,background_false_accept
lvis_000000495054,lvis_000000495054_yw_241089,0,background_false_accept
lvis_000000441468,lvis_000000441468_yw_215748,0,background_false_accept
lvis_000000019042,lvis_000000019042_yw_009865,0,background_false_accept
lvis_000000278749,lvis_000000278749_yw_134663,0,background_false_accept
lvis_000000009891,lvis_000000009891_yw_004656,0,unknown_false_accept
lvis_000000242411,lvis_000000242411_yw_118967,0,background_false_accept
lvis_000000507223,lvis_000000507223_yw_246356,0,background_false_accept
lvis_000000092416,lvis_000000092416_yw_041609,0,background_false_accept
lvis_000000169076,lvis_000000169076_yw_080706,0,unknown_false_accept
lvis_000000133819,lvis_000000133819_yw_060834,0,background_false_accept
lvis_000000458223,lvis_000000458223_yw_223723,0,background_false_accept
lvis_000000162732,lvis_000000162732_yw_077512,0,background_false_accept
lvis_000000320706,lvis_000000320706_yw_156998,0,background_false_accept
lvis_000000200152,lvis_000000200152_yw_097462,0,background_false_accept
lvis_000000370042,lvis_000000370042_yw_180633,0,background_false_accept
lvis_000000534673,lvis_000000534673_yw_259674,0,background_false_accept
lvis_000000322968,lvis_000000322968_yw_157834,0,background_false_accept
lvis_000000350003,lvis_000000350003_yw_170480,0,background_false_accept
lvis_000000135890,lvis_000000135890_yw_062108,0,background_false_accept
lvis_000000356428,lvis_000000356428_yw_173507,0,background_false_accept
lvis_000000057725,lvis_000000057725_yw_025268,0,background_false_accept
lvis_000000280930,lvis_000000280930_yw_136239,0,background_false_accept
lvis_000000120420,lvis_000000120420_yw_052667,0,background_false_accept
lvis_000000515579,lvis_000000515579_yw_250803,1,known_tp
lvis_000000170116,lvis_000000170116_yw_081281,0,background_false_accept
lvis_000000335529,lvis_000000335529_yw_163603,0,background_false_accept
lvis_000000507223,lvis_000000507223_yw_246360,0,background_false_accept
lvis_000000335529,lvis_000000335529_yw_163604,0,background_false_accept
lvis_000000213935,lvis_000000213935_yw_104941,0,unknown_false_accept
lvis_000000145020,lvis_000000145020_yw_067807,0,background_false_accept
lvis_000000242678,lvis_000000242678_yw_119085,0,background_false_accept
lvis_000000148719,lvis_000000148719_yw_070268,0,background_false_accept
lvis_000000226903,lvis_000000226903_yw_111412,0,background_false_accept
lvis_000000421060,lvis_000000421060_yw_205201,0,background_false_accept
lvis_000000289938,lvis_000000289938_yw_141478,0,background_false_accept
lvis_000000500211,lvis_000000500211_yw_242746,0,unknown_false_accept
lvis_000000534673,lvis_000000534673_yw_259676,0,background_false_accept
lvis_000000493286,lvis_000000493286_yw_240265,0,background_false_accept
lvis_000000170116,lvis_000000170116_yw_081282,0,background_false_accept
lvis_000000436883,lvis_000000436883_yw_213441,0,background_false_accept
lvis_000000242411,lvis_000000242411_yw_118969,0,background_false_accept
lvis_000000534673,lvis_000000534673_yw_259677,0,background_false_accept
lvis_000000405205,lvis_000000405205_yw_197248,0,background_false_accept
lvis_000000474854,lvis_000000474854_yw_231886,0,unknown_false_accept
lvis_000000336658,lvis_000000336658_yw_164638,0,background_false_accept
lvis_000000271457,lvis_000000271457_yw_131546,0,background_false_accept
lvis_000000534673,lvis_000000534673_yw_259678,0,background_false_accept
lvis_000000138550,lvis_000000138550_yw_063283,0,background_false_accept
lvis_000000161925,lvis_000000161925_yw_077067,0,background_false_accept
lvis_000000410456,lvis_000000410456_yw_199395,0,background_false_accept
lvis_000000580410,lvis_000000580410_yw_281044,0,background_false_accept
lvis_000000370042,lvis_000000370042_yw_180634,0,background_false_accept
lvis_000000466416,lvis_000000466416_yw_228824,0,background_false_accept
lvis_000000205282,lvis_000000205282_yw_099805,0,background_false_accept
lvis_000000186345,lvis_000000186345_yw_090572,0,unknown_false_accept
lvis_000000211674,lvis_000000211674_yw_103112,0,background_false_accept
lvis_000000561958,lvis_000000561958_yw_272044,0,background_false_accept
lvis_000000498919,lvis_000000498919_yw_242305,0,background_false_accept
lvis_000000534673,lvis_000000534673_yw_259679,0,background_false_accept
lvis_000000043816,lvis_000000043816_yw_019299,0,background_false_accept
lvis_000000495054,lvis_000000495054_yw_241090,0,background_false_accept
lvis_000000226154,lvis_000000226154_yw_110518,0,background_false_accept
lvis_000000158548,lvis_000000158548_yw_075323,0,background_false_accept
lvis_000000180487,lvis_000000180487_yw_086622,0,background_false_accept
lvis_000000414133,lvis_000000414133_yw_202252,0,background_false_accept
lvis_000000534673,lvis_000000534673_yw_259680,0,background_false_accept
lvis_000000500211,lvis_000000500211_yw_242748,0,background_false_accept
lvis_000000499768,lvis_000000499768_yw_242640,0,background_false_accept
lvis_000000022479,lvis_000000022479_yw_010973,0,background_false_accept
lvis_000000378139,lvis_000000378139_yw_186068,0,background_false_accept
lvis_000000011149,lvis_000000011149_yw_004962,0,background_false_accept
lvis_000000288685,lvis_000000288685_yw_140567,0,background_false_accept
lvis_000000413247,lvis_000000413247_yw_201803,0,background_false_accept
lvis_000000425226,lvis_000000425226_yw_207089,0,background_false_accept
lvis_000000569030,lvis_000000569030_yw_275836,0,wrong_known_class_or_duplicate
lvis_000000105264,lvis_000000105264_yw_046643,0,background_false_accept
lvis_000000356612,lvis_000000356612_yw_173790,0,background_false_accept
lvis_000000356428,lvis_000000356428_yw_173508,0,wrong_known_class_or_duplicate
lvis_000000169169,lvis_000000169169_yw_080860,0,background_false_accept
lvis_000000140203,lvis_000000140203_yw_064280,0,background_false_accept
lvis_000000441468,lvis_000000441468_yw_215750,0,background_false_accept
lvis_000000532071,lvis_000000532071_yw_258158,0,unknown_false_accept
lvis_000000025603,lvis_000000025603_yw_012484,0,wrong_known_class_or_duplicate
lvis_000000496854,lvis_000000496854_yw_241719,0,background_false_accept
lvis_000000167486,lvis_000000167486_yw_080310,0,background_false_accept
lvis_000000425925,lvis_000000425925_yw_207375,0,background_false_accept
lvis_000000211042,lvis_000000211042_yw_102872,0,background_false_accept
lvis_000000343149,lvis_000000343149_yw_167448,0,background_false_accept
lvis_000000421060,lvis_000000421060_yw_205202,0,background_false_accept
lvis_000000210394,lvis_000000210394_yw_102664,0,background_false_accept
lvis_000000436883,lvis_000000436883_yw_213442,0,background_false_accept
lvis_000000242678,lvis_000000242678_yw_119086,0,background_false_accept
lvis_000000166166,lvis_000000166166_yw_079246,0,background_false_accept
lvis_000000377113,lvis_000000377113_yw_184389,0,background_false_accept
lvis_000000170116,lvis_000000170116_yw_081283,0,unknown_false_accept
lvis_000000312278,lvis_000000312278_yw_153788,0,background_false_accept
lvis_000000350122,lvis_000000350122_yw_170935,0,background_false_accept
lvis_000000336658,lvis_000000336658_yw_164641,0,background_false_accept
lvis_000000322968,lvis_000000322968_yw_157835,0,background_false_accept
lvis_000000135890,lvis_000000135890_yw_062109,0,background_false_accept
lvis_000000563702,lvis_000000563702_yw_273139,0,background_false_accept
lvis_000000083531,lvis_000000083531_yw_037494,0,background_false_accept
lvis_000000278705,lvis_000000278705_yw_134512,0,background_false_accept
lvis_000000210394,lvis_000000210394_yw_102666,0,background_false_accept
lvis_000000436883,lvis_000000436883_yw_213444,0,background_false_accept
lvis_000000515579,lvis_000000515579_yw_250804,0,background_false_accept
lvis_000000226903,lvis_000000226903_yw_111413,0,unknown_false_accept
lvis_000000563702,lvis_000000563702_yw_273140,0,background_false_accept
lvis_000000458410,lvis_000000458410_yw_224024,0,background_false_accept
lvis_000000463647,lvis_000000463647_yw_226968,0,background_false_accept
lvis_000000009891,lvis_000000009891_yw_004658,0,background_false_accept
lvis_000000335529,lvis_000000335529_yw_163608,0,background_false_accept
lvis_000000019042,lvis_000000019042_yw_009867,0,background_false_accept
lvis_000000511321,lvis_000000511321_yw_248394,0,background_false_accept
lvis_000000158548,lvis_000000158548_yw_075326,0,background_false_accept
lvis_000000191761,lvis_000000191761_yw_093792,0,unknown_false_accept
lvis_000000057725,lvis_000000057725_yw_025269,0,background_false_accept
lvis_000000421060,lvis_000000421060_yw_205203,0,background_false_accept
lvis_000000328238,lvis_000000328238_yw_159970,0,background_false_accept
lvis_000000384513,lvis_000000384513_yw_188901,0,background_false_accept
lvis_000000421060,lvis_000000421060_yw_205204,0,background_false_accept
lvis_000000057725,lvis_000000057725_yw_025270,0,background_false_accept
lvis_000000568584,lvis_000000568584_yw_275501,0,background_false_accept
lvis_000000145020,lvis_000000145020_yw_067809,0,background_false_accept
lvis_000000155154,lvis_000000155154_yw_073550,0,background_false_accept
lvis_000000284762,lvis_000000284762_yw_138889,0,background_false_accept
lvis_000000495054,lvis_000000495054_yw_241092,0,background_false_accept
lvis_000000242411,lvis_000000242411_yw_118972,0,background_false_accept
lvis_000000130826,lvis_000000130826_yw_058657,0,background_false_accept
lvis_000000145020,lvis_000000145020_yw_067810,1,known_tp
lvis_000000425925,lvis_000000425925_yw_207377,0,background_false_accept
lvis_000000463037,lvis_000000463037_yw_226274,0,background_false_accept
lvis_000000377946,lvis_000000377946_yw_185869,0,background_false_accept
lvis_000000255749,lvis_000000255749_yw_123948,0,background_false_accept
lvis_000000289938,lvis_000000289938_yw_141480,0,background_false_accept
lvis_000000196185,lvis_000000196185_yw_096248,0,background_false_accept
lvis_000000148719,lvis_000000148719_yw_070270,0,background_false_accept
lvis_000000054628,lvis_000000054628_yw_023479,0,background_false_accept
lvis_000000480842,lvis_000000480842_yw_234701,0,background_false_accept
lvis_000000212226,lvis_000000212226_yw_103340,0,background_false_accept
lvis_000000378139,lvis_000000378139_yw_186069,0,background_false_accept
lvis_000000377946,lvis_000000377946_yw_185870,0,background_false_accept
lvis_000000495054,lvis_000000495054_yw_241093,0,background_false_accept
lvis_000000336587,lvis_000000336587_yw_164354,0,background_false_accept
lvis_000000064359,lvis_000000064359_yw_028502,0,unknown_false_accept
lvis_000000210394,lvis_000000210394_yw_102668,0,background_false_accept
lvis_000000145020,lvis_000000145020_yw_067811,0,background_false_accept
lvis_000000349184,lvis_000000349184_yw_170199,0,background_false_accept
lvis_000000396200,lvis_000000396200_yw_193586,0,background_false_accept
lvis_000000378515,lvis_000000378515_yw_186342,0,background_false_accept
lvis_000000009891,lvis_000000009891_yw_004659,0,background_false_accept
lvis_000000028809,lvis_000000028809_yw_013345,0,background_false_accept
lvis_000000019042,lvis_000000019042_yw_009868,0,background_false_accept
lvis_000000150224,lvis_000000150224_yw_071045,0,background_false_accept
lvis_000000515579,lvis_000000515579_yw_250805,0,background_false_accept
lvis_000000145020,lvis_000000145020_yw_067812,0,background_false_accept
lvis_000000157756,lvis_000000157756_yw_074985,0,background_false_accept
lvis_000000383289,lvis_000000383289_yw_188389,0,background_false_accept
lvis_000000092416,lvis_000000092416_yw_041612,0,background_false_accept
lvis_000000384513,lvis_000000384513_yw_188902,0,background_false_accept
lvis_000000056288,lvis_000000056288_yw_024259,0,background_false_accept
lvis_000000534673,lvis_000000534673_yw_259681,0,background_false_accept
lvis_000000278749,lvis_000000278749_yw_134668,0,background_false_accept
lvis_000000333402,lvis_000000333402_yw_162113,0,background_false_accept
lvis_000000425925,lvis_000000425925_yw_207379,0,background_false_accept
lvis_000000135890,lvis_000000135890_yw_062110,0,background_false_accept
lvis_000000205282,lvis_000000205282_yw_099807,0,background_false_accept
lvis_000000467315,lvis_000000467315_yw_229038,0,background_false_accept
lvis_000000569030,lvis_000000569030_yw_275837,0,background_false_accept
lvis_000000021839,lvis_000000021839_yw_010807,0,background_false_accept
lvis_000000057760,lvis_000000057760_yw_025412,0,background_false_accept
lvis_000000268378,lvis_000000268378_yw_130518,0,background_false_accept
lvis_000000120420,lvis_000000120420_yw_052669,0,background_false_accept
lvis_000000336658,lvis_000000336658_yw_164643,0,background_false_accept
lvis_000000361506,lvis_000000361506_yw_176107,0,background_false_accept
lvis_000000196442,lvis_000000196442_yw_096321,0,background_false_accept
lvis_000000453040,lvis_000000453040_yw_220680,0,background_false_accept
lvis_000000106266,lvis_000000106266_yw_047192,0,background_false_accept
lvis_000000166166,lvis_000000166166_yw_079248,0,background_false_accept
lvis_000000471893,lvis_000000471893_yw_230699,0,background_false_accept
lvis_000000405432,lvis_000000405432_yw_197518,0,unknown_false_accept
lvis_000000413247,lvis_000000413247_yw_201805,0,background_false_accept
lvis_000000278705,lvis_000000278705_yw_134515,0,background_false_accept
lvis_000000329041,lvis_000000329041_yw_160377,0,background_false_accept
lvis_000000336658,lvis_000000336658_yw_164644,0,background_false_accept
lvis_000000205282,lvis_000000205282_yw_099808,0,background_false_accept
lvis_000000466416,lvis_000000466416_yw_228825,0,background_false_accept
lvis_000000022479,lvis_000000022479_yw_010975,0,background_false_accept
lvis_000000200152,lvis_000000200152_yw_097463,0,background_false_accept
lvis_000000169169,lvis_000000169169_yw_080863,0,background_false_accept
lvis_000000578500,lvis_000000578500_yw_280325,0,background_false_accept
lvis_000000377113,lvis_000000377113_yw_184390,0,background_false_accept
lvis_000000233238,lvis_000000233238_yw_115628,0,background_false_accept
lvis_000000580410,lvis_000000580410_yw_281045,0,background_false_accept
lvis_000000210394,lvis_000000210394_yw_102670,0,background_false_accept
lvis_000000314914,lvis_000000314914_yw_154953,0,background_false_accept
lvis_000000507223,lvis_000000507223_yw_246365,0,background_false_accept
lvis_000000183049,lvis_000000183049_yw_088389,0,background_false_accept
lvis_000000360960,lvis_000000360960_yw_175433,0,background_false_accept
lvis_000000009891,lvis_000000009891_yw_004660,0,background_false_accept
lvis_000000335529,lvis_000000335529_yw_163610,0,background_false_accept
lvis_000000103548,lvis_000000103548_yw_046304,1,known_tp
lvis_000000169169,lvis_000000169169_yw_080864,0,background_false_accept
lvis_000000200152,lvis_000000200152_yw_097464,0,background_false_accept
lvis_000000257370,lvis_000000257370_yw_125011,0,background_false_accept
lvis_000000068833,lvis_000000068833_yw_030693,0,background_false_accept
lvis_000000377946,lvis_000000377946_yw_185871,0,background_false_accept
lvis_000000147740,lvis_000000147740_yw_069682,0,background_false_accept
lvis_000000450559,lvis_000000450559_yw_220153,0,background_false_accept
lvis_000000267903,lvis_000000267903_yw_130225,0,background_false_accept
lvis_000000135890,lvis_000000135890_yw_062112,0,background_false_accept
lvis_000000421060,lvis_000000421060_yw_205205,0,background_false_accept
lvis_000000232692,lvis_000000232692_yw_115468,0,background_false_accept
lvis_000000312278,lvis_000000312278_yw_153789,0,background_false_accept
lvis_000000409424,lvis_000000409424_yw_199089,0,background_false_accept
lvis_000000080932,lvis_000000080932_yw_036090,0,background_false_accept
lvis_000000370042,lvis_000000370042_yw_180637,0,unknown_false_accept
lvis_000000356428,lvis_000000356428_yw_173511,0,background_false_accept
lvis_000000466416,lvis_000000466416_yw_228826,0,background_false_accept
lvis_000000466416,lvis_000000466416_yw_228827,0,background_false_accept
lvis_000000322968,lvis_000000322968_yw_157837,0,background_false_accept
lvis_000000151480,lvis_000000151480_yw_071513,0,background_false_accept
lvis_000000466416,lvis_000000466416_yw_228828,0,background_false_accept
lvis_000000405432,lvis_000000405432_yw_197519,0,background_false_accept
lvis_000000277005,lvis_000000277005_yw_134157,0,background_false_accept
lvis_000000563702,lvis_000000563702_yw_273142,0,background_false_accept
lvis_000000499768,lvis_000000499768_yw_242641,0,wrong_known_class_or_duplicate
lvis_000000073118,lvis_000000073118_yw_032146,0,background_false_accept
lvis_000000389316,lvis_000000389316_yw_191137,0,background_false_accept
lvis_000000135890,lvis_000000135890_yw_062113,0,background_false_accept
lvis_000000561465,lvis_000000561465_yw_271698,0,background_false_accept
lvis_000000521540,lvis_000000521540_yw_253501,0,background_false_accept
lvis_000000322968,lvis_000000322968_yw_157838,0,background_false_accept
lvis_000000214539,lvis_000000214539_yw_105232,0,background_false_accept
lvis_000000057725,lvis_000000057725_yw_025272,0,background_false_accept
lvis_000000222299,lvis_000000222299_yw_108645,0,background_false_accept
lvis_000000436883,lvis_000000436883_yw_213445,0,background_false_accept
lvis_000000333402,lvis_000000333402_yw_162115,0,background_false_accept
lvis_000000578545,lvis_000000578545_yw_280340,0,background_false_accept
lvis_000000242678,lvis_000000242678_yw_119087,0,background_false_accept
lvis_000000376625,lvis_000000376625_yw_183910,0,background_false_accept
lvis_000000495054,lvis_000000495054_yw_241096,0,background_false_accept
lvis_000000405205,lvis_000000405205_yw_197252,0,background_false_accept
lvis_000000312278,lvis_000000312278_yw_153790,0,background_false_accept
lvis_000000148719,lvis_000000148719_yw_070272,0,background_false_accept
lvis_000000441468,lvis_000000441468_yw_215751,0,background_false_accept
lvis_000000507473,lvis_000000507473_yw_246486,0,background_false_accept
lvis_000000322968,lvis_000000322968_yw_157839,0,background_false_accept
lvis_000000336658,lvis_000000336658_yw_164645,0,background_false_accept
lvis_000000103548,lvis_000000103548_yw_046306,0,background_false_accept
lvis_000000083531,lvis_000000083531_yw_037495,0,background_false_accept
lvis_000000200152,lvis_000000200152_yw_097465,0,background_false_accept
lvis_000000289938,lvis_000000289938_yw_141481,0,background_false_accept
lvis_000000072813,lvis_000000072813_yw_032102,0,background_false_accept
lvis_000000356261,lvis_000000356261_yw_172995,0,background_false_accept
lvis_000000511321,lvis_000000511321_yw_248396,0,background_false_accept
lvis_000000078823,lvis_000000078823_yw_034856,0,background_false_accept
lvis_000000121497,lvis_000000121497_yw_053219,0,background_false_accept
lvis_000000196185,lvis_000000196185_yw_096249,0,background_false_accept
lvis_000000506656,lvis_000000506656_yw_245541,0,background_false_accept
lvis_000000196185,lvis_000000196185_yw_096250,0,background_false_accept
lvis_000000283037,lvis_000000283037_yw_137594,0,background_false_accept
lvis_000000012576,lvis_000000012576_yw_005715,0,background_false_accept
lvis_000000226903,lvis_000000226903_yw_111415,0,background_false_accept
lvis_000000189310,lvis_000000189310_yw_092218,0,background_false_accept
lvis_000000191761,lvis_000000191761_yw_093793,0,background_false_accept
lvis_000000157756,lvis_000000157756_yw_074987,0,background_false_accept
lvis_000000212226,lvis_000000212226_yw_103342,0,background_false_accept
lvis_000000425925,lvis_000000425925_yw_207380,0,background_false_accept
lvis_000000021839,lvis_000000021839_yw_010809,0,background_false_accept
lvis_000000425925,lvis_000000425925_yw_207381,0,background_false_accept
lvis_000000058705,lvis_000000058705_yw_025781,0,background_false_accept
lvis_000000288685,lvis_000000288685_yw_140571,0,background_false_accept
lvis_000000506656,lvis_000000506656_yw_245542,0,background_false_accept
lvis_000000133819,lvis_000000133819_yw_060844,0,background_false_accept
lvis_000000482978,lvis_000000482978_yw_236152,0,background_false_accept
lvis_000000384513,lvis_000000384513_yw_188904,0,background_false_accept
lvis_000000022479,lvis_000000022479_yw_010976,0,background_false_accept
lvis_000000022479,lvis_000000022479_yw_010977,0,unknown_false_accept
lvis_000000277005,lvis_000000277005_yw_134158,0,background_false_accept
lvis_000000167486,lvis_000000167486_yw_080313,0,background_false_accept
lvis_000000555972,lvis_000000555972_yw_269323,0,background_false_accept
lvis_000000579655,lvis_000000579655_yw_280852,0,background_false_accept
lvis_000000285894,lvis_000000285894_yw_139093,0,background_false_accept
lvis_000000057725,lvis_000000057725_yw_025273,0,background_false_accept
lvis_000000145020,lvis_000000145020_yw_067815,0,background_false_accept
lvis_000000335529,lvis_000000335529_yw_163612,0,background_false_accept
lvis_000000140203,lvis_000000140203_yw_064283,0,background_false_accept
lvis_000000335529,lvis_000000335529_yw_163613,0,background_false_accept
lvis_000000087476,lvis_000000087476_yw_039967,0,background_false_accept
lvis_000000312421,lvis_000000312421_yw_153991,0,background_false_accept
lvis_000000323751,lvis_000000323751_yw_158222,0,background_false_accept
lvis_000000359219,lvis_000000359219_yw_174779,0,unknown_false_accept
lvis_000000409424,lvis_000000409424_yw_199092,0,background_false_accept
lvis_000000221281,lvis_000000221281_yw_108079,0,background_false_accept
lvis_000000374545,lvis_000000374545_yw_182808,0,background_false_accept
lvis_000000136633,lvis_000000136633_yw_062336,0,background_false_accept
lvis_000000211674,lvis_000000211674_yw_103119,0,background_false_accept
lvis_000000147740,lvis_000000147740_yw_069683,0,background_false_accept
lvis_000000374545,lvis_000000374545_yw_182809,0,background_false_accept
lvis_000000320743,lvis_000000320743_yw_157057,0,background_false_accept
lvis_000000374545,lvis_000000374545_yw_182810,0,background_false_accept
lvis_000000206218,lvis_000000206218_yw_100212,0,background_false_accept
lvis_000000581100,lvis_000000581100_yw_281204,0,background_false_accept
lvis_000000285047,lvis_000000285047_yw_139011,0,background_false_accept
lvis_000000496854,lvis_000000496854_yw_241722,0,background_false_accept
lvis_000000091654,lvis_000000091654_yw_041415,0,background_false_accept
lvis_000000000802,lvis_000000000802_yw_000171,0,unknown_false_accept
lvis_000000458410,lvis_000000458410_yw_224025,0,background_false_accept
lvis_000000466416,lvis_000000466416_yw_228829,0,background_false_accept
lvis_000000156643,lvis_000000156643_yw_074556,0,background_false_accept
lvis_000000333956,lvis_000000333956_yw_162331,0,background_false_accept
lvis_000000242411,lvis_000000242411_yw_118973,0,background_false_accept
lvis_000000211674,lvis_000000211674_yw_103120,0,background_false_accept
lvis_000000515579,lvis_000000515579_yw_250811,0,background_false_accept
lvis_000000242411,lvis_000000242411_yw_118974,0,background_false_accept
lvis_000000046378,lvis_000000046378_yw_020077,0,background_false_accept
lvis_000000320743,lvis_000000320743_yw_157058,0,unknown_false_accept
lvis_000000234366,lvis_000000234366_yw_116200,0,background_false_accept
lvis_000000158548,lvis_000000158548_yw_075331,0,background_false_accept
lvis_000000191288,lvis_000000191288_yw_093677,0,background_false_accept
lvis_000000413247,lvis_000000413247_yw_201808,0,background_false_accept
lvis_000000289938,lvis_000000289938_yw_141483,0,wrong_known_class_or_duplicate
lvis_000000147740,lvis_000000147740_yw_069684,0,background_false_accept
lvis_000000180487,lvis_000000180487_yw_086624,0,unknown_false_accept
lvis_000000184338,lvis_000000184338_yw_089723,0,background_false_accept
lvis_000000289938,lvis_000000289938_yw_141484,0,background_false_accept
lvis_000000094157,lvis_000000094157_yw_042126,0,background_false_accept
lvis_000000022479,lvis_000000022479_yw_010978,0,background_false_accept
lvis_000000285047,lvis_000000285047_yw_139012,0,background_false_accept
lvis_000000286182,lvis_000000286182_yw_139121,0,background_false_accept
lvis_000000226903,lvis_000000226903_yw_111416,0,background_false_accept
lvis_000000242411,lvis_000000242411_yw_118975,0,background_false_accept
lvis_000000021839,lvis_000000021839_yw_010810,0,background_false_accept
lvis_000000499768,lvis_000000499768_yw_242642,0,background_false_accept
lvis_000000285349,lvis_000000285349_yw_139052,0,background_false_accept
lvis_000000415536,lvis_000000415536_yw_202879,0,background_false_accept
lvis_000000525600,lvis_000000525600_yw_254947,0,background_false_accept
lvis_000000133819,lvis_000000133819_yw_060846,0,background_false_accept
lvis_000000378139,lvis_000000378139_yw_186071,0,background_false_accept
lvis_000000336658,lvis_000000336658_yw_164647,0,background_false_accept
lvis_000000330369,lvis_000000330369_yw_160972,0,background_false_accept
lvis_000000491613,lvis_000000491613_yw_239206,0,background_false_accept
lvis_000000425925,lvis_000000425925_yw_207382,0,background_false_accept
lvis_000000151480,lvis_000000151480_yw_071515,0,background_false_accept
lvis_000000511076,lvis_000000511076_yw_248256,0,background_false_accept
lvis_000000322968,lvis_000000322968_yw_157840,0,background_false_accept
lvis_000000170116,lvis_000000170116_yw_081286,0,background_false_accept
lvis_000000436883,lvis_000000436883_yw_213448,0,background_false_accept
lvis_000000285894,lvis_000000285894_yw_139094,0,unknown_false_accept
lvis_000000213935,lvis_000000213935_yw_104942,0,unknown_false_accept
lvis_000000255749,lvis_000000255749_yw_123949,0,background_false_accept
lvis_000000277005,lvis_000000277005_yw_134161,0,background_false_accept
lvis_000000166747,lvis_000000166747_yw_079799,0,background_false_accept
lvis_000000568690,lvis_000000568690_yw_275536,0,background_false_accept
lvis_000000148719,lvis_000000148719_yw_070274,0,background_false_accept
lvis_000000323202,lvis_000000323202_yw_157929,0,unknown_false_accept
lvis_000000436883,lvis_000000436883_yw_213449,0,background_false_accept
lvis_000000336658,lvis_000000336658_yw_164648,0,background_false_accept
lvis_000000169169,lvis_000000169169_yw_080868,0,background_false_accept
lvis_000000196442,lvis_000000196442_yw_096322,0,background_false_accept
lvis_000000136633,lvis_000000136633_yw_062337,0,unknown_false_accept
lvis_000000221281,lvis_000000221281_yw_108080,0,background_false_accept
lvis_000000039670,lvis_000000039670_yw_018138,0,background_false_accept
lvis_000000010707,lvis_000000010707_yw_004864,0,background_false_accept
lvis_000000378139,lvis_000000378139_yw_186073,0,background_false_accept
lvis_000000277005,lvis_000000277005_yw_134162,0,background_false_accept
lvis_000000581100,lvis_000000581100_yw_281206,0,background_false_accept
lvis_000000129492,lvis_000000129492_yw_057824,0,background_false_accept
lvis_000000169169,lvis_000000169169_yw_080869,0,background_false_accept
lvis_000000196185,lvis_000000196185_yw_096251,0,background_false_accept
lvis_000000495054,lvis_000000495054_yw_241097,0,background_false_accept
lvis_000000425925,lvis_000000425925_yw_207383,0,background_false_accept
lvis_000000423798,lvis_000000423798_yw_206316,0,background_false_accept
lvis_000000423798,lvis_000000423798_yw_206317,0,background_false_accept
lvis_000000035279,lvis_000000035279_yw_016390,0,background_false_accept
lvis_000000500211,lvis_000000500211_yw_242749,0,background_false_accept
lvis_000000383289,lvis_000000383289_yw_188393,0,background_false_accept
lvis_000000060363,lvis_000000060363_yw_026531,0,background_false_accept
lvis_000000405205,lvis_000000405205_yw_197253,0,background_false_accept
lvis_000000193743,lvis_000000193743_yw_095118,0,background_false_accept
lvis_000000148719,lvis_000000148719_yw_070275,0,background_false_accept
lvis_000000298738,lvis_000000298738_yw_146801,0,background_false_accept
lvis_000000059920,lvis_000000059920_yw_026376,0,unknown_false_accept
lvis_000000278749,lvis_000000278749_yw_134673,0,background_false_accept
lvis_000000329041,lvis_000000329041_yw_160378,0,background_false_accept
lvis_000000370042,lvis_000000370042_yw_180639,0,background_false_accept
lvis_000000169169,lvis_000000169169_yw_080870,0,unknown_false_accept
lvis_000000336658,lvis_000000336658_yw_164650,0,background_false_accept
lvis_000000200152,lvis_000000200152_yw_097466,0,background_false_accept
lvis_000000466416,lvis_000000466416_yw_228830,0,background_false_accept
lvis_000000413247,lvis_000000413247_yw_201810,0,background_false_accept
lvis_000000322968,lvis_000000322968_yw_157841,0,background_false_accept
lvis_000000283037,lvis_000000283037_yw_137597,0,background_false_accept
lvis_000000278749,lvis_000000278749_yw_134674,0,background_false_accept
lvis_000000169169,lvis_000000169169_yw_080871,0,background_false_accept
lvis_000000511321,lvis_000000511321_yw_248397,0,background_false_accept
lvis_000000057725,lvis_000000057725_yw_025274,0,background_false_accept
lvis_000000268378,lvis_000000268378_yw_130519,0,background_false_accept
lvis_000000488710,lvis_000000488710_yw_237781,0,wrong_known_class_or_duplicate
lvis_000000402334,lvis_000000402334_yw_196052,0,background_false_accept
lvis_000000151480,lvis_000000151480_yw_071518,0,unknown_false_accept
lvis_000000530146,lvis_000000530146_yw_256820,0,background_false_accept
lvis_000000275392,lvis_000000275392_yw_133209,0,background_false_accept
lvis_000000360325,lvis_000000360325_yw_175227,0,background_false_accept
lvis_000000032817,lvis_000000032817_yw_014956,0,background_false_accept
lvis_000000057725,lvis_000000057725_yw_025275,0,background_false_accept
lvis_000000191761,lvis_000000191761_yw_093794,0,background_false_accept
lvis_000000277005,lvis_000000277005_yw_134163,0,background_false_accept
lvis_000000196442,lvis_000000196442_yw_096323,0,background_false_accept
lvis_000000242678,lvis_000000242678_yw_119088,0,background_false_accept
lvis_000000214539,lvis_000000214539_yw_105240,0,background_false_accept
lvis_000000350003,lvis_000000350003_yw_170482,0,background_false_accept
lvis_000000493286,lvis_000000493286_yw_240267,0,background_false_accept
lvis_000000350122,lvis_000000350122_yw_170941,0,background_false_accept
lvis_000000312421,lvis_000000312421_yw_153994,0,background_false_accept
lvis_000000421060,lvis_000000421060_yw_205207,0,background_false_accept
lvis_000000157756,lvis_000000157756_yw_074991,0,background_false_accept
lvis_000000383289,lvis_000000383289_yw_188394,0,background_false_accept
lvis_000000227482,lvis_000000227482_yw_111813,0,background_false_accept
lvis_000000384513,lvis_000000384513_yw_188906,0,background_false_accept
lvis_000000009891,lvis_000000009891_yw_004664,0,background_false_accept
lvis_000000405205,lvis_000000405205_yw_197254,0,background_false_accept
lvis_000000450559,lvis_000000450559_yw_220154,0,background_false_accept
lvis_000000019042,lvis_000000019042_yw_009870,0,background_false_accept
lvis_000000214539,lvis_000000214539_yw_105241,0,background_false_accept
lvis_000000262440,lvis_000000262440_yw_127759,0,unknown_false_accept
lvis_000000447917,lvis_000000447917_yw_218518,0,background_false_accept
lvis_000000336658,lvis_000000336658_yw_164653,0,background_false_accept
lvis_000000247917,lvis_000000247917_yw_120951,0,background_false_accept
lvis_000000569030,lvis_000000569030_yw_275844,0,background_false_accept
lvis_000000145020,lvis_000000145020_yw_067819,0,background_false_accept
lvis_000000314914,lvis_000000314914_yw_154954,0,background_false_accept
lvis_000000210394,lvis_000000210394_yw_102675,0,background_false_accept
lvis_000000514797,lvis_000000514797_yw_250322,0,background_false_accept
lvis_000000527220,lvis_000000527220_yw_255615,0,background_false_accept
lvis_000000555012,lvis_000000555012_yw_268884,0,background_false_accept
lvis_000000466416,lvis_000000466416_yw_228831,0,background_false_accept
lvis_000000094157,lvis_000000094157_yw_042127,0,background_false_accept
lvis_000000113720,lvis_000000113720_yw_049697,0,unknown_false_accept
lvis_000000453040,lvis_000000453040_yw_220681,0,background_false_accept
lvis_000000402334,lvis_000000402334_yw_196053,0,background_false_accept
lvis_000000350122,lvis_000000350122_yw_170942,0,background_false_accept
lvis_000000068833,lvis_000000068833_yw_030694,0,unknown_false_accept
lvis_000000171611,lvis_000000171611_yw_082166,0,background_false_accept
lvis_000000475904,lvis_000000475904_yw_232444,0,background_false_accept
lvis_000000537991,lvis_000000537991_yw_260815,0,background_false_accept
lvis_000000087476,lvis_000000087476_yw_039968,0,background_false_accept
lvis_000000166478,lvis_000000166478_yw_079521,0,unknown_false_accept
lvis_000000330369,lvis_000000330369_yw_160974,0,background_false_accept
lvis_000000521719,lvis_000000521719_yw_253585,0,background_false_accept
lvis_000000506656,lvis_000000506656_yw_245543,0,background_false_accept
lvis_000000078823,lvis_000000078823_yw_034857,0,background_false_accept
lvis_000000421060,lvis_000000421060_yw_205209,0,background_false_accept
lvis_000000333402,lvis_000000333402_yw_162117,0,background_false_accept
lvis_000000242678,lvis_000000242678_yw_119089,0,background_false_accept
lvis_000000374545,lvis_000000374545_yw_182812,0,background_false_accept
lvis_000000233238,lvis_000000233238_yw_115629,0,wrong_known_class_or_duplicate
lvis_000000349860,lvis_000000349860_yw_170375,0,background_false_accept
lvis_000000371699,lvis_000000371699_yw_181619,0,background_false_accept
lvis_000000278705,lvis_000000278705_yw_134519,0,background_false_accept
lvis_000000148719,lvis_000000148719_yw_070279,0,background_false_accept
lvis_000000491613,lvis_000000491613_yw_239207,0,background_false_accept
lvis_000000378139,lvis_000000378139_yw_186075,0,background_false_accept
lvis_000000396200,lvis_000000396200_yw_193588,0,background_false_accept
lvis_000000129492,lvis_000000129492_yw_057825,0,background_false_accept
lvis_000000021167,lvis_000000021167_yw_010662,0,wrong_known_class_or_duplicate
lvis_000000166747,lvis_000000166747_yw_079803,0,background_false_accept
lvis_000000436883,lvis_000000436883_yw_213452,0,background_false_accept
lvis_000000527220,lvis_000000527220_yw_255618,0,background_false_accept
lvis_000000409424,lvis_000000409424_yw_199094,0,background_false_accept
lvis_000000206218,lvis_000000206218_yw_100214,0,unknown_false_accept
lvis_000000405205,lvis_000000405205_yw_197256,0,background_false_accept
lvis_000000407574,lvis_000000407574_yw_198212,0,unknown_false_accept
lvis_000000234366,lvis_000000234366_yw_116202,0,background_false_accept
lvis_000000211674,lvis_000000211674_yw_103126,0,wrong_known_class_or_duplicate
lvis_000000466416,lvis_000000466416_yw_228832,0,background_false_accept
lvis_000000377946,lvis_000000377946_yw_185872,0,background_false_accept
lvis_000000133819,lvis_000000133819_yw_060849,0,background_false_accept
lvis_000000277005,lvis_000000277005_yw_134165,0,wrong_known_class_or_duplicate
lvis_000000396200,lvis_000000396200_yw_193589,0,background_false_accept
lvis_000000284762,lvis_000000284762_yw_138890,0,background_false_accept
lvis_000000429623,lvis_000000429623_yw_209824,0,unknown_false_accept
lvis_000000555012,lvis_000000555012_yw_268885,0,background_false_accept
lvis_000000279769,lvis_000000279769_yw_135316,0,background_false_accept
lvis_000000278749,lvis_000000278749_yw_134676,0,background_false_accept
lvis_000000370042,lvis_000000370042_yw_180643,0,background_false_accept
lvis_000000427649,lvis_000000427649_yw_208503,0,background_false_accept
lvis_000000166166,lvis_000000166166_yw_079249,0,unknown_false_accept
lvis_000000336658,lvis_000000336658_yw_164655,0,background_false_accept
lvis_000000115885,lvis_000000115885_yw_050889,0,background_false_accept
lvis_000000374545,lvis_000000374545_yw_182813,0,background_false_accept
lvis_000000514797,lvis_000000514797_yw_250323,0,background_false_accept
lvis_000000087476,lvis_000000087476_yw_039969,0,background_false_accept
lvis_000000515579,lvis_000000515579_yw_250814,0,background_false_accept
lvis_000000331569,lvis_000000331569_yw_161498,0,background_false_accept
lvis_000000193743,lvis_000000193743_yw_095120,0,background_false_accept
lvis_000000496854,lvis_000000496854_yw_241727,0,background_false_accept
lvis_000000363840,lvis_000000363840_yw_177469,0,background_false_accept
lvis_000000119365,lvis_000000119365_yw_051967,0,background_false_accept
lvis_000000475904,lvis_000000475904_yw_232445,0,background_false_accept
lvis_000000377113,lvis_000000377113_yw_184398,0,background_false_accept
lvis_000000116439,lvis_000000116439_yw_051111,0,background_false_accept
lvis_000000140203,lvis_000000140203_yw_064286,0,background_false_accept
lvis_000000581100,lvis_000000581100_yw_281207,0,background_false_accept
lvis_000000231879,lvis_000000231879_yw_115132,0,unknown_false_accept
lvis_000000169169,lvis_000000169169_yw_080873,0,background_false_accept
lvis_000000336658,lvis_000000336658_yw_164658,0,background_false_accept
lvis_000000232692,lvis_000000232692_yw_115471,0,background_false_accept
lvis_000000277005,lvis_000000277005_yw_134166,0,background_false_accept
lvis_000000095843,lvis_000000095843_yw_042690,0,background_false_accept
lvis_000000569976,lvis_000000569976_yw_276170,0,background_false_accept
lvis_000000436883,lvis_000000436883_yw_213454,0,background_false_accept
lvis_000000356428,lvis_000000356428_yw_173519,0,background_false_accept
lvis_000000581100,lvis_000000581100_yw_281208,0,background_false_accept
lvis_000000534673,lvis_000000534673_yw_259687,0,background_false_accept
lvis_000000184338,lvis_000000184338_yw_089724,0,background_false_accept
lvis_000000186929,lvis_000000186929_yw_091056,0,unknown_false_accept
lvis_000000335529,lvis_000000335529_yw_163618,0,background_false_accept
lvis_000000474854,lvis_000000474854_yw_231888,0,unknown_false_accept
lvis_000000252559,lvis_000000252559_yw_122446,0,background_false_accept
lvis_000000222299,lvis_000000222299_yw_108647,0,background_false_accept
lvis_000000255749,lvis_000000255749_yw_123950,0,background_false_accept
lvis_000000009891,lvis_000000009891_yw_004665,0,background_false_accept
lvis_000000421060,lvis_000000421060_yw_205211,0,background_false_accept
lvis_000000169169,lvis_000000169169_yw_080875,0,background_false_accept
lvis_000000384513,lvis_000000384513_yw_188908,0,background_false_accept
lvis_000000009590,lvis_000000009590_yw_004525,0,background_false_accept
lvis_000000486438,lvis_000000486438_yw_237403,0,unknown_false_accept
lvis_000000374545,lvis_000000374545_yw_182817,0,background_false_accept
lvis_000000392818,lvis_000000392818_yw_192063,0,background_false_accept
lvis_000000073118,lvis_000000073118_yw_032148,0,background_false_accept
lvis_000000431727,lvis_000000431727_yw_210611,0,background_false_accept
lvis_000000378139,lvis_000000378139_yw_186078,0,background_false_accept
lvis_000000336658,lvis_000000336658_yw_164659,0,background_false_accept
lvis_000000210394,lvis_000000210394_yw_102678,0,background_false_accept
lvis_000000335529,lvis_000000335529_yw_163619,0,background_false_accept
lvis_000000455937,lvis_000000455937_yw_222563,0,unknown_false_accept
lvis_000000453841,lvis_000000453841_yw_221469,0,background_false_accept
lvis_000000166747,lvis_000000166747_yw_079805,0,background_false_accept
lvis_000000233238,lvis_000000233238_yw_115631,0,background_false_accept
lvis_000000405205,lvis_000000405205_yw_197258,0,background_false_accept
lvis_000000450559,lvis_000000450559_yw_220155,0,background_false_accept
lvis_000000211674,lvis_000000211674_yw_103130,0,background_false_accept
lvis_000000248314,lvis_000000248314_yw_121088,0,unknown_false_accept
lvis_000000210394,lvis_000000210394_yw_102679,0,background_false_accept
lvis_000000145020,lvis_000000145020_yw_067823,0,background_false_accept
lvis_000000157756,lvis_000000157756_yw_074992,0,background_false_accept
lvis_000000498709,lvis_000000498709_yw_242182,0,background_false_accept
lvis_000000324818,lvis_000000324818_yw_158654,0,background_false_accept
lvis_000000278749,lvis_000000278749_yw_134679,0,background_false_accept
lvis_000000555012,lvis_000000555012_yw_268886,0,background_false_accept
lvis_000000370042,lvis_000000370042_yw_180644,0,background_false_accept
lvis_000000484978,lvis_000000484978_yw_236806,0,background_false_accept
lvis_000000210394,lvis_000000210394_yw_102680,0,background_false_accept
lvis_000000145020,lvis_000000145020_yw_067824,0,background_false_accept
lvis_000000525600,lvis_000000525600_yw_254949,0,background_false_accept
lvis_000000144932,lvis_000000144932_yw_067552,0,background_false_accept
lvis_000000405205,lvis_000000405205_yw_197259,0,background_false_accept
lvis_000000407574,lvis_000000407574_yw_198213,0,background_false_accept
lvis_000000288685,lvis_000000288685_yw_140581,0,background_false_accept
lvis_000000133819,lvis_000000133819_yw_060852,0,background_false_accept
lvis_000000374545,lvis_000000374545_yw_182820,0,background_false_accept
lvis_000000206218,lvis_000000206218_yw_100215,0,background_false_accept
lvis_000000396200,lvis_000000396200_yw_193590,0,background_false_accept
lvis_000000534673,lvis_000000534673_yw_259688,0,background_false_accept
lvis_000000144932,lvis_000000144932_yw_067553,1,known_tp
lvis_000000347456,lvis_000000347456_yw_169677,0,background_false_accept
lvis_000000057725,lvis_000000057725_yw_025278,0,background_false_accept
lvis_000000396526,lvis_000000396526_yw_193778,0,background_false_accept
lvis_000000133969,lvis_000000133969_yw_061140,0,background_false_accept
lvis_000000453841,lvis_000000453841_yw_221470,0,background_false_accept
lvis_000000196442,lvis_000000196442_yw_096324,0,background_false_accept
lvis_000000455937,lvis_000000455937_yw_222564,0,background_false_accept
lvis_000000019042,lvis_000000019042_yw_009871,0,background_false_accept
lvis_000000133819,lvis_000000133819_yw_060853,0,background_false_accept
lvis_000000378139,lvis_000000378139_yw_186079,0,background_false_accept
lvis_000000436883,lvis_000000436883_yw_213455,0,background_false_accept
lvis_000000295420,lvis_000000295420_yw_144716,0,background_false_accept
lvis_000000214539,lvis_000000214539_yw_105244,0,background_false_accept
lvis_000000211674,lvis_000000211674_yw_103132,0,background_false_accept
lvis_000000374545,lvis_000000374545_yw_182822,0,background_false_accept
lvis_000000021839,lvis_000000021839_yw_010811,0,background_false_accept
lvis_000000092416,lvis_000000092416_yw_041617,0,background_false_accept
lvis_000000133819,lvis_000000133819_yw_060855,0,background_false_accept
lvis_000000157756,lvis_000000157756_yw_074993,0,background_false_accept
lvis_000000441468,lvis_000000441468_yw_215752,0,background_false_accept
lvis_000000148719,lvis_000000148719_yw_070281,0,background_false_accept
lvis_000000413247,lvis_000000413247_yw_201814,0,background_false_accept
lvis_000000158548,lvis_000000158548_yw_075333,0,background_false_accept
lvis_000000561465,lvis_000000561465_yw_271699,0,background_false_accept
lvis_000000244379,lvis_000000244379_yw_119757,0,background_false_accept
lvis_000000283037,lvis_000000283037_yw_137599,0,background_false_accept
lvis_000000466416,lvis_000000466416_yw_228833,0,background_false_accept
lvis_000000310200,lvis_000000310200_yw_152825,0,background_false_accept
lvis_000000569030,lvis_000000569030_yw_275846,0,background_false_accept
lvis_000000283037,lvis_000000283037_yw_137600,0,background_false_accept
lvis_000000405205,lvis_000000405205_yw_197260,0,background_false_accept
lvis_000000425226,lvis_000000425226_yw_207095,0,background_false_accept
lvis_000000493286,lvis_000000493286_yw_240271,0,background_false_accept
lvis_000000286182,lvis_000000286182_yw_139123,0,unknown_false_accept
lvis_000000436883,lvis_000000436883_yw_213456,0,background_false_accept
lvis_000000009891,lvis_000000009891_yw_004667,0,wrong_known_class_or_duplicate
lvis_000000106912,lvis_000000106912_yw_047447,0,background_false_accept
lvis_000000270402,lvis_000000270402_yw_131341,0,background_false_accept
lvis_000000232692,lvis_000000232692_yw_115473,0,background_false_accept
lvis_000000324818,lvis_000000324818_yw_158655,0,background_false_accept
lvis_000000106235,lvis_000000106235_yw_047168,0,background_false_accept
lvis_000000454978,lvis_000000454978_yw_221838,0,background_false_accept
lvis_000000322968,lvis_000000322968_yw_157843,0,background_false_accept
lvis_000000569030,lvis_000000569030_yw_275847,0,background_false_accept
lvis_000000273715,lvis_000000273715_yw_132394,0,background_false_accept
lvis_000000094157,lvis_000000094157_yw_042129,0,background_false_accept
lvis_000000463647,lvis_000000463647_yw_226972,0,background_false_accept
lvis_000000335529,lvis_000000335529_yw_163623,0,background_false_accept
lvis_000000288685,lvis_000000288685_yw_140583,0,background_false_accept
lvis_000000288685,lvis_000000288685_yw_140584,0,background_false_accept
lvis_000000080932,lvis_000000080932_yw_036096,0,background_false_accept
lvis_000000350003,lvis_000000350003_yw_170485,0,background_false_accept
lvis_000000262440,lvis_000000262440_yw_127760,0,background_false_accept
lvis_000000190637,lvis_000000190637_yw_092831,0,background_false_accept
lvis_000000336658,lvis_000000336658_yw_164662,0,background_false_accept
lvis_000000384513,lvis_000000384513_yw_188910,0,background_false_accept
lvis_000000389316,lvis_000000389316_yw_191138,0,background_false_accept
lvis_000000233238,lvis_000000233238_yw_115632,0,background_false_accept
lvis_000000320706,lvis_000000320706_yw_156999,0,background_false_accept
lvis_000000278705,lvis_000000278705_yw_134521,0,background_false_accept
lvis_000000356428,lvis_000000356428_yw_173521,0,background_false_accept
lvis_000000463647,lvis_000000463647_yw_226973,0,background_false_accept
lvis_000000496854,lvis_000000496854_yw_241732,0,background_false_accept
lvis_000000425221,lvis_000000425221_yw_206991,0,background_false_accept
lvis_000000085157,lvis_000000085157_yw_038640,0,wrong_known_class_or_duplicate
lvis_000000489091,lvis_000000489091_yw_237876,0,background_false_accept
lvis_000000495054,lvis_000000495054_yw_241099,0,background_false_accept
lvis_000000151480,lvis_000000151480_yw_071521,0,background_false_accept
lvis_000000025603,lvis_000000025603_yw_012491,0,wrong_known_class_or_duplicate
lvis_000000350122,lvis_000000350122_yw_170950,0,background_false_accept
lvis_000000498709,lvis_000000498709_yw_242183,0,background_false_accept
lvis_000000463283,lvis_000000463283_yw_226472,0,background_false_accept
lvis_000000150649,lvis_000000150649_yw_071325,0,background_false_accept
lvis_000000449312,lvis_000000449312_yw_219343,0,background_false_accept
lvis_000000534673,lvis_000000534673_yw_259689,0,background_false_accept
lvis_000000153568,lvis_000000153568_yw_072612,0,background_false_accept
lvis_000000232692,lvis_000000232692_yw_115474,0,background_false_accept
lvis_000000133819,lvis_000000133819_yw_060858,0,background_false_accept
lvis_000000495054,lvis_000000495054_yw_241100,0,background_false_accept
lvis_000000213935,lvis_000000213935_yw_104943,0,background_false_accept
lvis_000000356428,lvis_000000356428_yw_173523,0,background_false_accept
lvis_000000356428,lvis_000000356428_yw_173524,0,background_false_accept
lvis_000000310072,lvis_000000310072_yw_152789,0,background_false_accept
lvis_000000322968,lvis_000000322968_yw_157846,0,background_false_accept
lvis_000000242411,lvis_000000242411_yw_118986,0,background_false_accept
lvis_000000581100,lvis_000000581100_yw_281209,0,background_false_accept
lvis_000000527220,lvis_000000527220_yw_255620,0,background_false_accept
lvis_000000167486,lvis_000000167486_yw_080320,0,background_false_accept
lvis_000000277005,lvis_000000277005_yw_134170,0,background_false_accept
lvis_000000211674,lvis_000000211674_yw_103134,0,background_false_accept
lvis_000000289938,lvis_000000289938_yw_141485,0,background_false_accept
lvis_000000019042,lvis_000000019042_yw_009873,0,background_false_accept
lvis_000000349860,lvis_000000349860_yw_170377,0,background_false_accept
lvis_000000421060,lvis_000000421060_yw_205212,0,background_false_accept
lvis_000000184338,lvis_000000184338_yw_089725,0,background_false_accept
lvis_000000205282,lvis_000000205282_yw_099812,0,background_false_accept
lvis_000000333402,lvis_000000333402_yw_162120,0,background_false_accept
lvis_000000189475,lvis_000000189475_yw_092330,0,background_false_accept
lvis_000000430056,lvis_000000430056_yw_210235,0,background_false_accept
lvis_000000563702,lvis_000000563702_yw_273146,0,background_false_accept
lvis_000000157756,lvis_000000157756_yw_074994,0,background_false_accept
lvis_000000211674,lvis_000000211674_yw_103135,0,background_false_accept
lvis_000000320743,lvis_000000320743_yw_157061,0,background_false_accept
lvis_000000297147,lvis_000000297147_yw_146110,0,background_false_accept
lvis_000000376625,lvis_000000376625_yw_183919,0,background_false_accept
lvis_000000087476,lvis_000000087476_yw_039970,0,background_false_accept
lvis_000000421060,lvis_000000421060_yw_205213,0,background_false_accept
lvis_000000103548,lvis_000000103548_yw_046313,0,background_false_accept
lvis_000000145020,lvis_000000145020_yw_067826,0,background_false_accept
lvis_000000500211,lvis_000000500211_yw_242754,0,background_false_accept
lvis_000000347456,lvis_000000347456_yw_169678,0,background_false_accept
lvis_000000414133,lvis_000000414133_yw_202253,0,background_false_accept
lvis_000000133819,lvis_000000133819_yw_060861,1,known_tp
lvis_000000115885,lvis_000000115885_yw_050890,0,unknown_false_accept
lvis_000000255749,lvis_000000255749_yw_123952,0,background_false_accept
lvis_000000135890,lvis_000000135890_yw_062115,0,background_false_accept
lvis_000000356612,lvis_000000356612_yw_173802,0,background_false_accept
lvis_000000384513,lvis_000000384513_yw_188911,0,background_false_accept
lvis_000000043816,lvis_000000043816_yw_019301,0,background_false_accept
lvis_000000133819,lvis_000000133819_yw_060862,0,background_false_accept
lvis_000000563702,lvis_000000563702_yw_273147,0,background_false_accept
lvis_000000374545,lvis_000000374545_yw_182825,0,background_false_accept
lvis_000000329041,lvis_000000329041_yw_160382,0,background_false_accept
lvis_000000383289,lvis_000000383289_yw_188402,0,background_false_accept
lvis_000000389316,lvis_000000389316_yw_191139,0,background_false_accept
lvis_000000378139,lvis_000000378139_yw_186081,0,background_false_accept
lvis_000000087476,lvis_000000087476_yw_039971,0,background_false_accept
lvis_000000019432,lvis_000000019432_yw_010266,0,background_false_accept
lvis_000000196442,lvis_000000196442_yw_096326,0,unknown_false_accept
lvis_000000278749,lvis_000000278749_yw_134680,0,background_false_accept
lvis_000000289938,lvis_000000289938_yw_141486,0,background_false_accept
lvis_000000054628,lvis_000000054628_yw_023481,0,background_false_accept
lvis_000000377946,lvis_000000377946_yw_185874,0,background_false_accept
lvis_000000368900,lvis_000000368900_yw_179606,0,background_false_accept
lvis_000000495054,lvis_000000495054_yw_241101,0,wrong_known_class_or_duplicate
lvis_000000087476,lvis_000000087476_yw_039973,0,background_false_accept
lvis_000000145020,lvis_000000145020_yw_067831,0,background_false_accept
lvis_000000286182,lvis_000000286182_yw_139124,0,background_false_accept
lvis_000000119365,lvis_000000119365_yw_051970,0,background_false_accept
lvis_000000094157,lvis_000000094157_yw_042131,0,background_false_accept
lvis_000000278705,lvis_000000278705_yw_134522,0,background_false_accept
lvis_000000570169,lvis_000000570169_yw_276201,0,unknown_false_accept
lvis_000000568584,lvis_000000568584_yw_275506,0,background_false_accept
lvis_000000009891,lvis_000000009891_yw_004668,0,background_false_accept
lvis_000000115885,lvis_000000115885_yw_050891,0,background_false_accept
lvis_000000349860,lvis_000000349860_yw_170379,0,background_false_accept
lvis_000000211069,lvis_000000211069_yw_102888,0,unknown_false_accept
lvis_000000009891,lvis_000000009891_yw_004669,0,background_false_accept
lvis_000000277005,lvis_000000277005_yw_134172,0,background_false_accept
lvis_000000333402,lvis_000000333402_yw_162121,0,background_false_accept
lvis_000000371699,lvis_000000371699_yw_181622,0,background_false_accept
lvis_000000013729,lvis_000000013729_yw_006651,0,background_false_accept
lvis_000000356612,lvis_000000356612_yw_173803,0,background_false_accept
lvis_000000285894,lvis_000000285894_yw_139096,0,unknown_false_accept
lvis_000000475904,lvis_000000475904_yw_232447,0,background_false_accept
lvis_000000169076,lvis_000000169076_yw_080707,0,background_false_accept
lvis_000000222299,lvis_000000222299_yw_108649,0,background_false_accept
lvis_000000010707,lvis_000000010707_yw_004867,0,background_false_accept
lvis_000000332845,lvis_000000332845_yw_161794,0,background_false_accept
lvis_000000363840,lvis_000000363840_yw_177471,0,unknown_false_accept
lvis_000000314182,lvis_000000314182_yw_154722,0,background_false_accept
lvis_000000232692,lvis_000000232692_yw_115475,0,background_false_accept
lvis_000000145020,lvis_000000145020_yw_067834,0,background_false_accept
lvis_000000515579,lvis_000000515579_yw_250817,0,background_false_accept
lvis_000000356428,lvis_000000356428_yw_173525,0,background_false_accept
lvis_000000350003,lvis_000000350003_yw_170487,0,background_false_accept
lvis_000000465549,lvis_000000465549_yw_228221,0,background_false_accept
lvis_000000533536,lvis_000000533536_yw_258577,0,background_false_accept
lvis_000000252559,lvis_000000252559_yw_122449,0,background_false_accept
lvis_000000191288,lvis_000000191288_yw_093678,0,background_false_accept
lvis_000000105264,lvis_000000105264_yw_046645,0,background_false_accept
lvis_000000239347,lvis_000000239347_yw_117756,0,background_false_accept
lvis_000000085157,lvis_000000085157_yw_038641,0,background_false_accept
lvis_000000214539,lvis_000000214539_yw_105248,0,background_false_accept
lvis_000000440617,lvis_000000440617_yw_215543,0,background_false_accept
lvis_000000443844,lvis_000000443844_yw_217465,0,background_false_accept
lvis_000000298738,lvis_000000298738_yw_146803,0,background_false_accept
lvis_000000568584,lvis_000000568584_yw_275508,0,background_false_accept
lvis_000000319696,lvis_000000319696_yw_156550,0,background_false_accept
lvis_000000285047,lvis_000000285047_yw_139016,0,background_false_accept
lvis_000000021839,lvis_000000021839_yw_010814,0,background_false_accept
lvis_000000378139,lvis_000000378139_yw_186083,0,background_false_accept
lvis_000000511076,lvis_000000511076_yw_248265,0,background_false_accept
lvis_000000569030,lvis_000000569030_yw_275849,0,background_false_accept
lvis_000000080932,lvis_000000080932_yw_036097,0,background_false_accept
lvis_000000028809,lvis_000000028809_yw_013346,0,background_false_accept
lvis_000000211674,lvis_000000211674_yw_103139,0,background_false_accept
lvis_000000320743,lvis_000000320743_yw_157063,0,background_false_accept
lvis_000000161925,lvis_000000161925_yw_077070,0,background_false_accept
lvis_000000383289,lvis_000000383289_yw_188404,0,background_false_accept
lvis_000000157756,lvis_000000157756_yw_074996,0,background_false_accept
lvis_000000368900,lvis_000000368900_yw_179607,0,background_false_accept
lvis_000000226903,lvis_000000226903_yw_111420,0,background_false_accept
lvis_000000502599,lvis_000000502599_yw_244278,0,background_false_accept
lvis_000000244379,lvis_000000244379_yw_119758,0,background_false_accept
lvis_000000166166,lvis_000000166166_yw_079254,0,background_false_accept
lvis_000000180487,lvis_000000180487_yw_086628,0,background_false_accept
lvis_000000521719,lvis_000000521719_yw_253588,0,background_false_accept
lvis_000000376625,lvis_000000376625_yw_183921,0,background_false_accept
lvis_000000443844,lvis_000000443844_yw_217467,0,background_false_accept
lvis_000000379332,lvis_000000379332_yw_186919,0,unknown_false_accept
lvis_000000563702,lvis_000000563702_yw_273150,0,background_false_accept
lvis_000000191288,lvis_000000191288_yw_093679,0,background_false_accept
lvis_000000166259,lvis_000000166259_yw_079310,0,background_false_accept
lvis_000000382125,lvis_000000382125_yw_188251,0,background_false_accept
lvis_000000421060,lvis_000000421060_yw_205214,0,background_false_accept
lvis_000000197528,lvis_000000197528_yw_096654,0,background_false_accept
lvis_000000322968,lvis_000000322968_yw_157847,0,background_false_accept
lvis_000000148719,lvis_000000148719_yw_070284,0,background_false_accept
lvis_000000423798,lvis_000000423798_yw_206321,0,background_false_accept
lvis_000000206218,lvis_000000206218_yw_100217,0,background_false_accept
lvis_000000276055,lvis_000000276055_yw_133647,0,unknown_false_accept
lvis_000000233238,lvis_000000233238_yw_115633,0,background_false_accept
lvis_000000019432,lvis_000000019432_yw_010267,0,background_false_accept
lvis_000000019042,lvis_000000019042_yw_009875,0,background_false_accept
lvis_000000349152,lvis_000000349152_yw_170132,0,background_false_accept
lvis_000000384513,lvis_000000384513_yw_188914,0,background_false_accept
lvis_000000421060,lvis_000000421060_yw_205215,0,background_false_accept
lvis_000000153568,lvis_000000153568_yw_072613,0,background_false_accept
lvis_000000310072,lvis_000000310072_yw_152790,0,background_false_accept
lvis_000000145020,lvis_000000145020_yw_067840,0,background_false_accept
lvis_000000273715,lvis_000000273715_yw_132397,0,background_false_accept
lvis_000000511076,lvis_000000511076_yw_248267,0,background_false_accept
lvis_000000157756,lvis_000000157756_yw_074998,0,background_false_accept
lvis_000000332455,lvis_000000332455_yw_161755,0,background_false_accept
lvis_000000289938,lvis_000000289938_yw_141488,0,background_false_accept
lvis_000000493286,lvis_000000493286_yw_240273,0,background_false_accept
lvis_000000440617,lvis_000000440617_yw_215544,0,background_false_accept
lvis_000000273715,lvis_000000273715_yw_132398,0,background_false_accept
lvis_000000511321,lvis_000000511321_yw_248400,0,background_false_accept
lvis_000000425221,lvis_000000425221_yw_206993,0,background_false_accept
lvis_000000425221,lvis_000000425221_yw_206994,0,background_false_accept
lvis_000000133969,lvis_000000133969_yw_061147,0,background_false_accept
lvis_000000421060,lvis_000000421060_yw_205216,0,background_false_accept
lvis_000000428111,lvis_000000428111_yw_209001,0,unknown_false_accept
lvis_000000515579,lvis_000000515579_yw_250820,0,background_false_accept
lvis_000000384513,lvis_000000384513_yw_188915,0,background_false_accept
lvis_000000453841,lvis_000000453841_yw_221472,0,background_false_accept
lvis_000000511076,lvis_000000511076_yw_248268,0,background_false_accept
lvis_000000466416,lvis_000000466416_yw_228835,0,background_false_accept
lvis_000000190637,lvis_000000190637_yw_092832,0,unknown_false_accept
lvis_000000356612,lvis_000000356612_yw_173804,0,background_false_accept
lvis_000000180487,lvis_000000180487_yw_086629,0,background_false_accept
lvis_000000136633,lvis_000000136633_yw_062343,0,background_false_accept
lvis_000000109798,lvis_000000109798_yw_048402,0,background_false_accept
lvis_000000007574,lvis_000000007574_yw_003719,0,background_false_accept
lvis_000000211674,lvis_000000211674_yw_103141,0,background_false_accept
lvis_000000140203,lvis_000000140203_yw_064288,0,background_false_accept
lvis_000000569976,lvis_000000569976_yw_276175,0,background_false_accept
lvis_000000119365,lvis_000000119365_yw_051975,0,background_false_accept
lvis_000000106048,lvis_000000106048_yw_047137,0,background_false_accept
lvis_000000360960,lvis_000000360960_yw_175441,0,background_false_accept
lvis_000000318908,lvis_000000318908_yw_155762,0,wrong_known_class_or_duplicate
lvis_000000534673,lvis_000000534673_yw_259694,0,background_false_accept
lvis_000000429623,lvis_000000429623_yw_209825,0,unknown_false_accept
lvis_000000376093,lvis_000000376093_yw_183307,0,unknown_false_accept
lvis_000000171611,lvis_000000171611_yw_082169,0,background_false_accept
lvis_000000350003,lvis_000000350003_yw_170488,0,background_false_accept
lvis_000000466416,lvis_000000466416_yw_228836,0,background_false_accept
lvis_000000466416,lvis_000000466416_yw_228837,0,background_false_accept
lvis_000000080932,lvis_000000080932_yw_036098,0,background_false_accept
lvis_000000166747,lvis_000000166747_yw_079806,0,background_false_accept
lvis_000000423798,lvis_000000423798_yw_206322,0,background_false_accept
lvis_000000421060,lvis_000000421060_yw_205217,0,background_false_accept
lvis_000000514797,lvis_000000514797_yw_250327,0,background_false_accept
lvis_000000463647,lvis_000000463647_yw_226975,0,background_false_accept
lvis_000000580410,lvis_000000580410_yw_281047,0,unknown_false_accept
lvis_000000330369,lvis_000000330369_yw_160977,0,background_false_accept
lvis_000000232692,lvis_000000232692_yw_115478,0,background_false_accept
lvis_000000073118,lvis_000000073118_yw_032149,0,background_false_accept
lvis_000000268378,lvis_000000268378_yw_130520,0,background_false_accept
lvis_000000136633,lvis_000000136633_yw_062344,0,background_false_accept
lvis_000000283037,lvis_000000283037_yw_137602,0,background_false_accept
lvis_000000425925,lvis_000000425925_yw_207385,0,background_false_accept
lvis_000000087476,lvis_000000087476_yw_039977,0,background_false_accept
lvis_000000197528,lvis_000000197528_yw_096655,0,background_false_accept
lvis_000000312421,lvis_000000312421_yw_154000,0,background_false_accept
lvis_000000515579,lvis_000000515579_yw_250821,0,background_false_accept
lvis_000000371699,lvis_000000371699_yw_181625,0,background_false_accept
lvis_000000506656,lvis_000000506656_yw_245547,0,background_false_accept
lvis_000000320743,lvis_000000320743_yw_157064,0,background_false_accept
lvis_000000087476,lvis_000000087476_yw_039978,0,background_false_accept
lvis_000000129492,lvis_000000129492_yw_057827,0,background_false_accept
lvis_000000384513,lvis_000000384513_yw_188916,0,background_false_accept
lvis_000000271457,lvis_000000271457_yw_131548,0,background_false_accept
lvis_000000466416,lvis_000000466416_yw_228838,0,background_false_accept
lvis_000000214539,lvis_000000214539_yw_105251,0,background_false_accept
lvis_000000425925,lvis_000000425925_yw_207387,0,background_false_accept
lvis_000000130826,lvis_000000130826_yw_058662,0,background_false_accept
lvis_000000095843,lvis_000000095843_yw_042692,0,background_false_accept
lvis_000000157756,lvis_000000157756_yw_074999,0,background_false_accept
lvis_000000323202,lvis_000000323202_yw_157930,0,background_false_accept
lvis_000000324258,lvis_000000324258_yw_158618,0,background_false_accept
lvis_000000278705,lvis_000000278705_yw_134523,0,background_false_accept
lvis_000000453841,lvis_000000453841_yw_221473,0,background_false_accept
lvis_000000568690,lvis_000000568690_yw_275537,0,unknown_false_accept
lvis_000000374545,lvis_000000374545_yw_182830,0,background_false_accept
lvis_000000450559,lvis_000000450559_yw_220156,0,background_false_accept
lvis_000000502599,lvis_000000502599_yw_244281,0,background_false_accept
lvis_000000021839,lvis_000000021839_yw_010817,0,background_false_accept
lvis_000000578545,lvis_000000578545_yw_280342,0,background_false_accept
lvis_000000210394,lvis_000000210394_yw_102692,0,background_false_accept
lvis_000000200152,lvis_000000200152_yw_097470,0,background_false_accept
lvis_000000521719,lvis_000000521719_yw_253590,0,background_false_accept
lvis_000000222299,lvis_000000222299_yw_108651,0,background_false_accept
lvis_000000534673,lvis_000000534673_yw_259695,0,background_false_accept
lvis_000000057725,lvis_000000057725_yw_025284,0,background_false_accept
lvis_000000350003,lvis_000000350003_yw_170489,0,background_false_accept
lvis_000000277005,lvis_000000277005_yw_134176,0,background_false_accept
lvis_000000277005,lvis_000000277005_yw_134177,0,background_false_accept
lvis_000000057760,lvis_000000057760_yw_025414,0,background_false_accept
lvis_000000133819,lvis_000000133819_yw_060867,0,background_false_accept
lvis_000000350122,lvis_000000350122_yw_170957,0,background_false_accept
lvis_000000189310,lvis_000000189310_yw_092221,0,background_false_accept
lvis_000000007574,lvis_000000007574_yw_003720,0,unknown_false_accept
lvis_000000496854,lvis_000000496854_yw_241737,0,background_false_accept
lvis_000000463647,lvis_000000463647_yw_226977,0,background_false_accept
lvis_000000189310,lvis_000000189310_yw_092222,0,background_false_accept
lvis_000000383921,lvis_000000383921_yw_188767,0,background_false_accept
lvis_000000320743,lvis_000000320743_yw_157065,0,background_false_accept
lvis_000000466416,lvis_000000466416_yw_228839,0,background_false_accept
lvis_000000214539,lvis_000000214539_yw_105252,0,background_false_accept
lvis_000000322968,lvis_000000322968_yw_157849,0,background_false_accept
lvis_000000463647,lvis_000000463647_yw_226978,0,background_false_accept
lvis_000000350122,lvis_000000350122_yw_170958,0,background_false_accept
lvis_000000370042,lvis_000000370042_yw_180650,0,unknown_false_accept
lvis_000000433103,lvis_000000433103_yw_211586,0,background_false_accept
lvis_000000500211,lvis_000000500211_yw_242755,0,background_false_accept
lvis_000000206218,lvis_000000206218_yw_100218,0,background_false_accept
lvis_000000580410,lvis_000000580410_yw_281048,0,background_false_accept
lvis_000000210394,lvis_000000210394_yw_102693,0,background_false_accept
lvis_000000350122,lvis_000000350122_yw_170959,0,background_false_accept
lvis_000000493286,lvis_000000493286_yw_240276,0,background_false_accept
lvis_000000356612,lvis_000000356612_yw_173806,0,background_false_accept
lvis_000000277005,lvis_000000277005_yw_134178,0,background_false_accept
lvis_000000009590,lvis_000000009590_yw_004527,0,background_false_accept
lvis_000000295420,lvis_000000295420_yw_144718,0,background_false_accept
lvis_000000289938,lvis_000000289938_yw_141490,0,background_false_accept
lvis_000000336658,lvis_000000336658_yw_164670,0,background_false_accept
lvis_000000377946,lvis_000000377946_yw_185879,0,background_false_accept
lvis_000000495054,lvis_000000495054_yw_241103,0,background_false_accept
lvis_000000454978,lvis_000000454978_yw_221839,0,background_false_accept
lvis_000000320743,lvis_000000320743_yw_157066,0,unknown_false_accept
lvis_000000436883,lvis_000000436883_yw_213460,0,background_false_accept
lvis_000000441468,lvis_000000441468_yw_215755,0,background_false_accept
lvis_000000374545,lvis_000000374545_yw_182832,0,background_false_accept
lvis_000000421060,lvis_000000421060_yw_205218,0,unknown_false_accept
lvis_000000012667,lvis_000000012667_yw_005864,0,background_false_accept
lvis_000000444879,lvis_000000444879_yw_217669,0,background_false_accept
lvis_000000231879,lvis_000000231879_yw_115137,0,background_false_accept
lvis_000000271471,lvis_000000271471_yw_131570,0,background_false_accept
lvis_000000263969,lvis_000000263969_yw_128424,0,background_false_accept
lvis_000000169169,lvis_000000169169_yw_080881,0,background_false_accept
lvis_000000060363,lvis_000000060363_yw_026532,0,background_false_accept
lvis_000000184338,lvis_000000184338_yw_089726,0,background_false_accept
lvis_000000210394,lvis_000000210394_yw_102694,0,background_false_accept
lvis_000000318908,lvis_000000318908_yw_155763,0,wrong_known_class_or_duplicate
lvis_000000579655,lvis_000000579655_yw_280853,0,wrong_known_class_or_duplicate
lvis_000000145020,lvis_000000145020_yw_067845,0,background_false_accept
lvis_000000569976,lvis_000000569976_yw_276177,0,background_false_accept
lvis_000000200152,lvis_000000200152_yw_097472,0,background_false_accept
lvis_000000130826,lvis_000000130826_yw_058663,0,background_false_accept
lvis_000000161642,lvis_000000161642_yw_076929,0,background_false_accept
lvis_000000106266,lvis_000000106266_yw_047195,0,background_false_accept
lvis_000000078823,lvis_000000078823_yw_034860,0,background_false_accept
lvis_000000425226,lvis_000000425226_yw_207098,0,unknown_false_accept
lvis_000000336658,lvis_000000336658_yw_164671,0,background_false_accept
lvis_000000421060,lvis_000000421060_yw_205219,0,background_false_accept
lvis_000000205282,lvis_000000205282_yw_099814,0,background_false_accept
lvis_000000232692,lvis_000000232692_yw_115480,0,background_false_accept
lvis_000000384513,lvis_000000384513_yw_188917,0,background_false_accept
lvis_000000466416,lvis_000000466416_yw_228840,0,background_false_accept
lvis_000000378515,lvis_000000378515_yw_186347,0,background_false_accept
lvis_000000211674,lvis_000000211674_yw_103144,0,background_false_accept
lvis_000000350003,lvis_000000350003_yw_170490,0,background_false_accept
lvis_000000085157,lvis_000000085157_yw_038644,0,background_false_accept
lvis_000000212573,lvis_000000212573_yw_103697,0,background_false_accept
lvis_000000148719,lvis_000000148719_yw_070287,0,background_false_accept
lvis_000000196442,lvis_000000196442_yw_096327,0,background_false_accept
lvis_000000421060,lvis_000000421060_yw_205220,0,background_false_accept
lvis_000000528399,lvis_000000528399_yw_255964,0,background_false_accept
lvis_000000336658,lvis_000000336658_yw_164672,0,background_false_accept
lvis_000000244379,lvis_000000244379_yw_119759,0,background_false_accept
lvis_000000482978,lvis_000000482978_yw_236156,0,background_false_accept
lvis_000000196442,lvis_000000196442_yw_096328,0,background_false_accept
lvis_000000277005,lvis_000000277005_yw_134179,0,background_false_accept
lvis_000000212573,lvis_000000212573_yw_103698,0,unknown_false_accept
lvis_000000370042,lvis_000000370042_yw_180652,0,background_false_accept
lvis_000000370042,lvis_000000370042_yw_180653,0,unknown_false_accept
lvis_000000569976,lvis_000000569976_yw_276179,0,background_false_accept
lvis_000000529568,lvis_000000529568_yw_256561,0,background_false_accept
lvis_000000242411,lvis_000000242411_yw_118990,0,background_false_accept
lvis_000000068833,lvis_000000068833_yw_030695,0,background_false_accept
lvis_000000200152,lvis_000000200152_yw_097473,0,background_false_accept
lvis_000000463647,lvis_000000463647_yw_226979,0,background_false_accept
lvis_000000335529,lvis_000000335529_yw_163625,0,background_false_accept
lvis_000000314914,lvis_000000314914_yw_154955,0,background_false_accept
lvis_000000396200,lvis_000000396200_yw_193593,0,background_false_accept
lvis_000000413247,lvis_000000413247_yw_201819,0,background_false_accept
lvis_000000094157,lvis_000000094157_yw_042132,0,background_false_accept
lvis_000000021167,lvis_000000021167_yw_010664,0,background_false_accept
lvis_000000196442,lvis_000000196442_yw_096329,0,background_false_accept
lvis_000000396200,lvis_000000396200_yw_193594,0,background_false_accept
lvis_000000425925,lvis_000000425925_yw_207390,0,background_false_accept
lvis_000000322968,lvis_000000322968_yw_157850,0,background_false_accept
lvis_000000333956,lvis_000000333956_yw_162334,0,background_false_accept
lvis_000000336658,lvis_000000336658_yw_164675,0,background_false_accept
lvis_000000083531,lvis_000000083531_yw_037500,0,unknown_false_accept
lvis_000000145020,lvis_000000145020_yw_067847,0,background_false_accept
lvis_000000444879,lvis_000000444879_yw_217670,0,background_false_accept
lvis_000000167486,lvis_000000167486_yw_080327,0,background_false_accept
lvis_000000392818,lvis_000000392818_yw_192067,0,background_false_accept
lvis_000000125472,lvis_000000125472_yw_055439,0,background_false_accept
lvis_000000145020,lvis_000000145020_yw_067848,0,background_false_accept
lvis_000000242411,lvis_000000242411_yw_118992,0,background_false_accept
lvis_000000383289,lvis_000000383289_yw_188405,0,background_false_accept
lvis_000000242678,lvis_000000242678_yw_119092,0,background_false_accept
lvis_000000356428,lvis_000000356428_yw_173529,0,background_false_accept
lvis_000000133969,lvis_000000133969_yw_061150,0,background_false_accept
lvis_000000060363,lvis_000000060363_yw_026533,0,unknown_false_accept
lvis_000000578545,lvis_000000578545_yw_280343,0,background_false_accept
lvis_000000021839,lvis_000000021839_yw_010821,0,background_false_accept
lvis_000000425925,lvis_000000425925_yw_207391,0,background_false_accept
lvis_000000028809,lvis_000000028809_yw_013347,0,background_false_accept
lvis_000000242678,lvis_000000242678_yw_119093,0,background_false_accept
lvis_000000019042,lvis_000000019042_yw_009879,0,background_false_accept
lvis_000000374545,lvis_000000374545_yw_182834,0,background_false_accept
lvis_000000449312,lvis_000000449312_yw_219349,0,background_false_accept
lvis_000000227482,lvis_000000227482_yw_111815,0,wrong_known_class_or_duplicate
lvis_000000133819,lvis_000000133819_yw_060868,0,background_false_accept
lvis_000000164602,lvis_000000164602_yw_078576,0,background_false_accept
lvis_000000449312,lvis_000000449312_yw_219350,0,background_false_accept
lvis_000000336658,lvis_000000336658_yw_164677,0,background_false_accept
lvis_000000210394,lvis_000000210394_yw_102696,0,background_false_accept
lvis_000000450559,lvis_000000450559_yw_220158,0,background_false_accept
lvis_000000449312,lvis_000000449312_yw_219351,0,background_false_accept
lvis_000000350003,lvis_000000350003_yw_170491,0,background_false_accept
lvis_000000215259,lvis_000000215259_yw_105701,0,background_false_accept
lvis_000000383921,lvis_000000383921_yw_188768,0,background_false_accept
lvis_000000396200,lvis_000000396200_yw_193595,0,background_false_accept
lvis_000000471893,lvis_000000471893_yw_230707,0,background_false_accept
lvis_000000440617,lvis_000000440617_yw_215546,0,background_false_accept
lvis_000000414133,lvis_000000414133_yw_202254,0,background_false_accept
lvis_000000017714,lvis_000000017714_yw_009066,0,unknown_false_accept
lvis_000000350122,lvis_000000350122_yw_170961,0,background_false_accept
lvis_000000368900,lvis_000000368900_yw_179608,0,background_false_accept
lvis_000000359677,lvis_000000359677_yw_174833,0,background_false_accept
lvis_000000441468,lvis_000000441468_yw_215756,0,background_false_accept
lvis_000000021839,lvis_000000021839_yw_010822,0,background_false_accept
lvis_000000288882,lvis_000000288882_yw_140741,0,unknown_false_accept
lvis_000000467315,lvis_000000467315_yw_229045,0,background_false_accept
lvis_000000450202,lvis_000000450202_yw_219934,0,background_false_accept
lvis_000000563702,lvis_000000563702_yw_273153,0,background_false_accept
lvis_000000183049,lvis_000000183049_yw_088390,0,background_false_accept
lvis_000000402334,lvis_000000402334_yw_196054,0,background_false_accept
lvis_000000184338,lvis_000000184338_yw_089727,0,background_false_accept
lvis_000000138550,lvis_000000138550_yw_063288,0,background_false_accept
lvis_000000210394,lvis_000000210394_yw_102698,0,background_false_accept
lvis_000000130826,lvis_000000130826_yw_058666,0,background_false_accept
lvis_000000019042,lvis_000000019042_yw_009881,0,background_false_accept
lvis_000000094157,lvis_000000094157_yw_042133,0,background_false_accept
lvis_000000161642,lvis_000000161642_yw_076930,0,background_false_accept
lvis_000000347456,lvis_000000347456_yw_169679,0,background_false_accept
lvis_000000211674,lvis_000000211674_yw_103145,0,background_false_accept
lvis_000000012667,lvis_000000012667_yw_005865,0,background_false_accept
lvis_000000278749,lvis_000000278749_yw_134685,0,background_false_accept
lvis_000000350003,lvis_000000350003_yw_170492,0,background_false_accept
lvis_000000057760,lvis_000000057760_yw_025416,0,background_false_accept
lvis_000000563702,lvis_000000563702_yw_273154,0,background_false_accept
lvis_000000463037,lvis_000000463037_yw_226276,0,background_false_accept
lvis_000000484978,lvis_000000484978_yw_236808,0,background_false_accept
lvis_000000133819,lvis_000000133819_yw_060870,0,background_false_accept
lvis_000000328238,lvis_000000328238_yw_159975,0,background_false_accept
lvis_000000310072,lvis_000000310072_yw_152792,0,background_false_accept
lvis_000000349860,lvis_000000349860_yw_170383,0,background_false_accept
lvis_000000466416,lvis_000000466416_yw_228841,0,background_false_accept
lvis_000000332845,lvis_000000332845_yw_161795,0,background_false_accept
lvis_000000214539,lvis_000000214539_yw_105254,0,background_false_accept
lvis_000000148719,lvis_000000148719_yw_070292,0,background_false_accept
lvis_000000471893,lvis_000000471893_yw_230708,0,unknown_false_accept
lvis_000000288685,lvis_000000288685_yw_140600,0,background_false_accept
lvis_000000413247,lvis_000000413247_yw_201823,0,background_false_accept
lvis_000000145020,lvis_000000145020_yw_067852,0,background_false_accept
lvis_000000495054,lvis_000000495054_yw_241108,0,background_false_accept
lvis_000000436883,lvis_000000436883_yw_213464,0,background_false_accept
lvis_000000312278,lvis_000000312278_yw_153792,0,background_false_accept
lvis_000000384513,lvis_000000384513_yw_188918,0,background_false_accept
lvis_000000534673,lvis_000000534673_yw_259701,0,background_false_accept
lvis_000000463647,lvis_000000463647_yw_226981,0,background_false_accept
lvis_000000035279,lvis_000000035279_yw_016396,0,background_false_accept
lvis_000000495054,lvis_000000495054_yw_241109,0,background_false_accept
lvis_000000289938,lvis_000000289938_yw_141494,0,unknown_false_accept
lvis_000000170116,lvis_000000170116_yw_081300,0,background_false_accept
lvis_000000421060,lvis_000000421060_yw_205221,0,background_false_accept
lvis_000000145020,lvis_000000145020_yw_067854,0,background_false_accept
lvis_000000466416,lvis_000000466416_yw_228842,0,background_false_accept
lvis_000000285047,lvis_000000285047_yw_139019,0,background_false_accept
lvis_000000455937,lvis_000000455937_yw_222567,0,background_false_accept
lvis_000000378139,lvis_000000378139_yw_186086,0,background_false_accept
lvis_000000125472,lvis_000000125472_yw_055440,0,background_false_accept
lvis_000000475904,lvis_000000475904_yw_232449,0,background_false_accept
lvis_000000453040,lvis_000000453040_yw_220688,0,background_false_accept
lvis_000000011149,lvis_000000011149_yw_004965,0,background_false_accept
lvis_000000359677,lvis_000000359677_yw_174834,0,background_false_accept
lvis_000000581100,lvis_000000581100_yw_281211,0,background_false_accept
lvis_000000514797,lvis_000000514797_yw_250328,0,background_false_accept
lvis_000000095843,lvis_000000095843_yw_042693,0,background_false_accept
lvis_000000486438,lvis_000000486438_yw_237406,0,background_false_accept
lvis_000000000802,lvis_000000000802_yw_000172,0,unknown_false_accept
lvis_000000356612,lvis_000000356612_yw_173808,0,background_false_accept
lvis_000000378139,lvis_000000378139_yw_186087,0,background_false_accept
lvis_000000322968,lvis_000000322968_yw_157851,0,background_false_accept
lvis_000000350122,lvis_000000350122_yw_170963,0,background_false_accept
lvis_000000129492,lvis_000000129492_yw_057829,0,background_false_accept
lvis_000000169169,lvis_000000169169_yw_080885,0,background_false_accept
lvis_000000214539,lvis_000000214539_yw_105255,0,background_false_accept
lvis_000000350122,lvis_000000350122_yw_170964,0,background_false_accept
lvis_000000310072,lvis_000000310072_yw_152794,0,background_false_accept
lvis_000000211825,lvis_000000211825_yw_103237,0,unknown_false_accept
lvis_000000342186,lvis_000000342186_yw_167340,0,background_false_accept
lvis_000000022479,lvis_000000022479_yw_010984,0,background_false_accept
lvis_000000453040,lvis_000000453040_yw_220689,0,background_false_accept
lvis_000000407574,lvis_000000407574_yw_198215,0,background_false_accept
lvis_000000525600,lvis_000000525600_yw_254950,0,background_false_accept
lvis_000000425226,lvis_000000425226_yw_207101,0,background_false_accept
lvis_000000322968,lvis_000000322968_yw_157852,0,background_false_accept
lvis_000000120420,lvis_000000120420_yw_052672,0,background_false_accept
lvis_000000495054,lvis_000000495054_yw_241110,0,background_false_accept
lvis_000000356428,lvis_000000356428_yw_173531,0,background_false_accept
lvis_000000196442,lvis_000000196442_yw_096330,0,background_false_accept
lvis_000000423798,lvis_000000423798_yw_206324,0,background_false_accept
lvis_000000257370,lvis_000000257370_yw_125013,0,background_false_accept
lvis_000000378139,lvis_000000378139_yw_186088,0,background_false_accept
lvis_000000378139,lvis_000000378139_yw_186089,0,background_false_accept
lvis_000000425221,lvis_000000425221_yw_206998,0,background_false_accept
lvis_000000285047,lvis_000000285047_yw_139020,0,background_false_accept
lvis_000000425925,lvis_000000425925_yw_207393,0,background_false_accept
lvis_000000157756,lvis_000000157756_yw_075004,0,background_false_accept
lvis_000000436883,lvis_000000436883_yw_213466,0,background_false_accept
lvis_000000370042,lvis_000000370042_yw_180654,0,background_false_accept
lvis_000000333402,lvis_000000333402_yw_162129,0,background_false_accept
lvis_000000283037,lvis_000000283037_yw_137607,0,background_false_accept
lvis_000000376625,lvis_000000376625_yw_183925,0,background_false_accept
lvis_000000087476,lvis_000000087476_yw_039981,0,background_false_accept
lvis_000000533536,lvis_000000533536_yw_258579,0,background_false_accept
lvis_000000350003,lvis_000000350003_yw_170493,0,background_false_accept
lvis_000000425221,lvis_000000425221_yw_206999,0,background_false_accept
lvis_000000278705,lvis_000000278705_yw_134525,0,background_false_accept
lvis_000000360325,lvis_000000360325_yw_175237,0,background_false_accept
lvis_000000211674,lvis_000000211674_yw_103147,0,background_false_accept
lvis_000000144932,lvis_000000144932_yw_067555,0,background_false_accept
lvis_000000370042,lvis_000000370042_yw_180655,0,background_false_accept
lvis_000000057725,lvis_000000057725_yw_025286,0,background_false_accept
lvis_000000455937,lvis_000000455937_yw_222568,0,background_false_accept
lvis_000000054628,lvis_000000054628_yw_023484,0,background_false_accept
lvis_000000466416,lvis_000000466416_yw_228844,0,background_false_accept
lvis_000000019042,lvis_000000019042_yw_009882,0,background_false_accept
lvis_000000421060,lvis_000000421060_yw_205222,0,background_false_accept
lvis_000000316666,lvis_000000316666_yw_155573,0,background_false_accept
lvis_000000491613,lvis_000000491613_yw_239209,0,background_false_accept
lvis_000000245915,lvis_000000245915_yw_120504,0,background_false_accept
lvis_000000429623,lvis_000000429623_yw_209826,0,background_false_accept
lvis_000000356428,lvis_000000356428_yw_173533,0,background_false_accept
lvis_000000333956,lvis_000000333956_yw_162335,0,background_false_accept
lvis_000000349860,lvis_000000349860_yw_170384,0,background_false_accept
lvis_000000458223,lvis_000000458223_yw_223727,0,background_false_accept
lvis_000000087476,lvis_000000087476_yw_039982,0,background_false_accept
lvis_000000502599,lvis_000000502599_yw_244286,0,background_false_accept
lvis_000000297396,lvis_000000297396_yw_146144,0,background_false_accept
lvis_000000057725,lvis_000000057725_yw_025287,0,background_false_accept
lvis_000000511076,lvis_000000511076_yw_248277,0,background_false_accept
lvis_000000360325,lvis_000000360325_yw_175238,0,background_false_accept
lvis_000000150649,lvis_000000150649_yw_071327,0,unknown_false_accept
lvis_000000414133,lvis_000000414133_yw_202255,0,background_false_accept
lvis_000000284762,lvis_000000284762_yw_138893,0,background_false_accept
lvis_000000491130,lvis_000000491130_yw_238917,0,background_false_accept
lvis_000000267903,lvis_000000267903_yw_130226,0,unknown_false_accept
lvis_000000120420,lvis_000000120420_yw_052673,0,background_false_accept
lvis_000000562243,lvis_000000562243_yw_272185,0,unknown_false_accept
lvis_000000242411,lvis_000000242411_yw_118993,0,background_false_accept
lvis_000000441468,lvis_000000441468_yw_215758,0,background_false_accept
lvis_000000057725,lvis_000000057725_yw_025289,0,background_false_accept
lvis_000000453841,lvis_000000453841_yw_221475,0,background_false_accept
lvis_000000356612,lvis_000000356612_yw_173812,0,background_false_accept
lvis_000000244379,lvis_000000244379_yw_119760,0,background_false_accept
lvis_000000444879,lvis_000000444879_yw_217671,0,background_false_accept
lvis_000000458223,lvis_000000458223_yw_223728,0,background_false_accept
lvis_000000336658,lvis_000000336658_yw_164680,0,background_false_accept
lvis_000000444275,lvis_000000444275_yw_217652,0,background_false_accept
lvis_000000145020,lvis_000000145020_yw_067856,0,background_false_accept
lvis_000000333402,lvis_000000333402_yw_162130,0,background_false_accept
lvis_000000378515,lvis_000000378515_yw_186352,0,background_false_accept
lvis_000000500211,lvis_000000500211_yw_242760,0,background_false_accept
lvis_000000215259,lvis_000000215259_yw_105704,0,background_false_accept
lvis_000000425221,lvis_000000425221_yw_207004,0,background_false_accept
lvis_000000378139,lvis_000000378139_yw_186090,0,background_false_accept
lvis_000000415536,lvis_000000415536_yw_202880,0,background_false_accept
lvis_000000405205,lvis_000000405205_yw_197265,0,background_false_accept
lvis_000000136633,lvis_000000136633_yw_062347,0,background_false_accept
lvis_000000350003,lvis_000000350003_yw_170494,0,background_false_accept
lvis_000000453040,lvis_000000453040_yw_220690,0,background_false_accept
lvis_000000336587,lvis_000000336587_yw_164356,0,background_false_accept
lvis_000000320743,lvis_000000320743_yw_157067,0,background_false_accept
lvis_000000058705,lvis_000000058705_yw_025782,0,background_false_accept
lvis_000000120420,lvis_000000120420_yw_052675,0,background_false_accept
lvis_000000211674,lvis_000000211674_yw_103148,0,background_false_accept
lvis_000000425226,lvis_000000425226_yw_207102,0,background_false_accept
lvis_000000489091,lvis_000000489091_yw_237877,0,unknown_false_accept
lvis_000000336658,lvis_000000336658_yw_164681,0,background_false_accept
lvis_000000450559,lvis_000000450559_yw_220159,0,background_false_accept
lvis_000000205282,lvis_000000205282_yw_099815,0,background_false_accept
lvis_000000196442,lvis_000000196442_yw_096331,0,background_false_accept
lvis_000000371699,lvis_000000371699_yw_181628,0,background_false_accept
lvis_000000133819,lvis_000000133819_yw_060873,0,background_false_accept
lvis_000000133819,lvis_000000133819_yw_060874,0,background_false_accept
lvis_000000138550,lvis_000000138550_yw_063289,0,background_false_accept
lvis_000000356612,lvis_000000356612_yw_173813,0,background_false_accept
lvis_000000148719,lvis_000000148719_yw_070297,0,background_false_accept
lvis_000000453040,lvis_000000453040_yw_220691,0,background_false_accept
lvis_000000431727,lvis_000000431727_yw_210612,0,background_false_accept
lvis_000000423104,lvis_000000423104_yw_205726,0,background_false_accept
lvis_000000377946,lvis_000000377946_yw_185881,0,background_false_accept
lvis_000000405205,lvis_000000405205_yw_197266,0,background_false_accept
lvis_000000423798,lvis_000000423798_yw_206325,0,background_false_accept
lvis_000000226154,lvis_000000226154_yw_110520,0,background_false_accept
lvis_000000244379,lvis_000000244379_yw_119761,0,background_false_accept
lvis_000000425221,lvis_000000425221_yw_207006,0,background_false_accept
lvis_000000335529,lvis_000000335529_yw_163629,0,background_false_accept
lvis_000000278749,lvis_000000278749_yw_134690,0,background_false_accept
lvis_000000496854,lvis_000000496854_yw_241740,0,background_false_accept
lvis_000000295420,lvis_000000295420_yw_144722,0,background_false_accept
lvis_000000150224,lvis_000000150224_yw_071048,0,background_false_accept
lvis_000000450202,lvis_000000450202_yw_219935,0,unknown_false_accept
lvis_000000515579,lvis_000000515579_yw_250825,0,background_false_accept
lvis_000000140203,lvis_000000140203_yw_064291,0,background_false_accept
lvis_000000270402,lvis_000000270402_yw_131342,0,background_false_accept
lvis_000000200152,lvis_000000200152_yw_097475,0,background_false_accept
lvis_000000371699,lvis_000000371699_yw_181629,0,background_false_accept
lvis_000000382125,lvis_000000382125_yw_188258,0,background_false_accept
lvis_000000521719,lvis_000000521719_yw_253594,0,background_false_accept
lvis_000000278749,lvis_000000278749_yw_134691,0,background_false_accept
lvis_000000288685,lvis_000000288685_yw_140610,0,background_false_accept
lvis_000000043816,lvis_000000043816_yw_019304,0,background_false_accept
lvis_000000356498,lvis_000000356498_yw_173631,0,background_false_accept
lvis_000000210394,lvis_000000210394_yw_102700,0,background_false_accept
lvis_000000444275,lvis_000000444275_yw_217653,0,unknown_false_accept
lvis_000000441468,lvis_000000441468_yw_215759,0,background_false_accept
lvis_000000089697,lvis_000000089697_yw_041057,0,background_false_accept
lvis_000000363840,lvis_000000363840_yw_177473,0,background_false_accept
lvis_000000329041,lvis_000000329041_yw_160388,0,background_false_accept
lvis_000000242411,lvis_000000242411_yw_118997,0,background_false_accept
lvis_000000247917,lvis_000000247917_yw_120958,0,background_false_accept
lvis_000000252559,lvis_000000252559_yw_122454,0,background_false_accept
lvis_000000233238,lvis_000000233238_yw_115637,0,background_false_accept
lvis_000000506656,lvis_000000506656_yw_245549,0,background_false_accept
lvis_000000359677,lvis_000000359677_yw_174835,0,background_false_accept
lvis_000000423798,lvis_000000423798_yw_206326,0,background_false_accept
lvis_000000563702,lvis_000000563702_yw_273155,0,background_false_accept
lvis_000000078823,lvis_000000078823_yw_034861,0,background_false_accept
lvis_000000454978,lvis_000000454978_yw_221840,0,background_false_accept
lvis_000000277005,lvis_000000277005_yw_134184,0,background_false_accept
lvis_000000534673,lvis_000000534673_yw_259704,0,background_false_accept
lvis_000000273715,lvis_000000273715_yw_132401,0,background_false_accept
lvis_000000169076,lvis_000000169076_yw_080711,0,background_false_accept
lvis_000000133819,lvis_000000133819_yw_060877,0,background_false_accept
lvis_000000350122,lvis_000000350122_yw_170970,0,background_false_accept
lvis_000000425221,lvis_000000425221_yw_207007,0,background_false_accept
lvis_000000347456,lvis_000000347456_yw_169680,0,background_false_accept
lvis_000000521719,lvis_000000521719_yw_253596,0,background_false_accept
lvis_000000320743,lvis_000000320743_yw_157068,0,background_false_accept
lvis_000000563702,lvis_000000563702_yw_273156,0,background_false_accept
lvis_000000463647,lvis_000000463647_yw_226984,0,background_false_accept
lvis_000000191288,lvis_000000191288_yw_093683,0,background_false_accept
lvis_000000349184,lvis_000000349184_yw_170210,0,background_false_accept
lvis_000000273715,lvis_000000273715_yw_132402,0,background_false_accept
lvis_000000024919,lvis_000000024919_yw_012071,0,background_false_accept
lvis_000000211674,lvis_000000211674_yw_103153,0,background_false_accept
lvis_000000349860,lvis_000000349860_yw_170385,0,background_false_accept
lvis_000000335529,lvis_000000335529_yw_163631,0,background_false_accept
lvis_000000537991,lvis_000000537991_yw_260819,0,unknown_false_accept
lvis_000000350003,lvis_000000350003_yw_170495,0,background_false_accept
lvis_000000463647,lvis_000000463647_yw_226985,0,background_false_accept
lvis_000000166747,lvis_000000166747_yw_079815,0,background_false_accept
lvis_000000285894,lvis_000000285894_yw_139098,0,unknown_false_accept
lvis_000000150649,lvis_000000150649_yw_071328,0,background_false_accept
lvis_000000383289,lvis_000000383289_yw_188407,0,background_false_accept
lvis_000000561465,lvis_000000561465_yw_271701,0,background_false_accept
lvis_000000089697,lvis_000000089697_yw_041058,0,background_false_accept
lvis_000000020107,lvis_000000020107_yw_010325,0,background_false_accept
lvis_000000433103,lvis_000000433103_yw_211597,0,background_false_accept
lvis_000000466416,lvis_000000466416_yw_228845,0,background_false_accept
lvis_000000212573,lvis_000000212573_yw_103702,0,background_false_accept
lvis_000000336658,lvis_000000336658_yw_164682,0,background_false_accept
lvis_000000226154,lvis_000000226154_yw_110521,0,background_false_accept
lvis_000000374545,lvis_000000374545_yw_182839,0,background_false_accept
lvis_000000360325,lvis_000000360325_yw_175241,0,background_false_accept
lvis_000000384513,lvis_000000384513_yw_188921,0,background_false_accept
lvis_000000356428,lvis_000000356428_yw_173536,0,background_false_accept
lvis_000000133819,lvis_000000133819_yw_060878,0,background_false_accept
lvis_000000370042,lvis_000000370042_yw_180658,0,background_false_accept
lvis_000000511076,lvis_000000511076_yw_248280,0,wrong_known_class_or_duplicate
lvis_000000283037,lvis_000000283037_yw_137609,0,background_false_accept
lvis_000000436883,lvis_000000436883_yw_213467,0,background_false_accept
lvis_000000212573,lvis_000000212573_yw_103703,0,background_false_accept
lvis_000000356612,lvis_000000356612_yw_173817,0,background_false_accept
lvis_000000013729,lvis_000000013729_yw_006653,0,background_false_accept
lvis_000000374545,lvis_000000374545_yw_182840,0,background_false_accept
lvis_000000425226,lvis_000000425226_yw_207103,0,background_false_accept
lvis_000000046378,lvis_000000046378_yw_020078,0,background_false_accept
lvis_000000280930,lvis_000000280930_yw_136243,0,background_false_accept
lvis_000000156643,lvis_000000156643_yw_074569,0,background_false_accept
lvis_000000157756,lvis_000000157756_yw_075007,0,background_false_accept
lvis_000000138550,lvis_000000138550_yw_063290,0,background_false_accept
lvis_000000298738,lvis_000000298738_yw_146804,0,background_false_accept
lvis_000000569030,lvis_000000569030_yw_275860,0,background_false_accept
lvis_000000335529,lvis_000000335529_yw_163632,0,background_false_accept
lvis_000000314914,lvis_000000314914_yw_154956,0,background_false_accept
lvis_000000130826,lvis_000000130826_yw_058670,0,background_false_accept
lvis_000000144932,lvis_000000144932_yw_067557,0,background_false_accept
lvis_000000551815,lvis_000000551815_yw_267347,0,wrong_known_class_or_duplicate
lvis_000000320743,lvis_000000320743_yw_157070,0,background_false_accept
lvis_000000277005,lvis_000000277005_yw_134186,0,background_false_accept
lvis_000000130826,lvis_000000130826_yw_058671,0,background_false_accept
lvis_000000499768,lvis_000000499768_yw_242644,0,background_false_accept
lvis_000000500211,lvis_000000500211_yw_242761,0,unknown_false_accept
lvis_000000512985,lvis_000000512985_yw_249418,0,background_false_accept
lvis_000000350003,lvis_000000350003_yw_170496,0,background_false_accept
lvis_000000569030,lvis_000000569030_yw_275861,0,background_false_accept
lvis_000000322968,lvis_000000322968_yw_157854,0,background_false_accept
lvis_000000475904,lvis_000000475904_yw_232450,0,background_false_accept
lvis_000000436883,lvis_000000436883_yw_213468,0,background_false_accept
lvis_000000347456,lvis_000000347456_yw_169681,0,background_false_accept
lvis_000000374545,lvis_000000374545_yw_182841,0,background_false_accept
lvis_000000495054,lvis_000000495054_yw_241114,0,background_false_accept
lvis_000000363840,lvis_000000363840_yw_177474,0,unknown_false_accept
lvis_000000095843,lvis_000000095843_yw_042695,0,background_false_accept
lvis_000000318114,lvis_000000318114_yw_155684,0,unknown_false_accept
lvis_000000210394,lvis_000000210394_yw_102702,0,background_false_accept
lvis_000000316666,lvis_000000316666_yw_155575,0,background_false_accept
lvis_000000192047,lvis_000000192047_yw_094104,0,background_false_accept
lvis_000000447200,lvis_000000447200_yw_218283,0,background_false_accept
lvis_000000463647,lvis_000000463647_yw_226988,0,background_false_accept
lvis_000000210394,lvis_000000210394_yw_102703,0,background_false_accept
lvis_000000370042,lvis_000000370042_yw_180659,0,background_false_accept
lvis_000000425226,lvis_000000425226_yw_207105,0,background_false_accept
lvis_000000320743,lvis_000000320743_yw_157071,0,background_false_accept
lvis_000000378515,lvis_000000378515_yw_186353,0,background_false_accept
lvis_000000333402,lvis_000000333402_yw_162135,0,background_false_accept
lvis_000000360960,lvis_000000360960_yw_175447,0,background_false_accept
lvis_000000534673,lvis_000000534673_yw_259705,0,background_false_accept
lvis_000000555972,lvis_000000555972_yw_269329,0,background_false_accept
lvis_000000268996,lvis_000000268996_yw_130673,0,background_false_accept
lvis_000000212226,lvis_000000212226_yw_103343,0,background_false_accept
lvis_000000370042,lvis_000000370042_yw_180660,0,background_false_accept
lvis_000000403565,lvis_000000403565_yw_196685,0,wrong_known_class_or_duplicate
lvis_000000496854,lvis_000000496854_yw_241742,0,background_false_accept
lvis_000000196185,lvis_000000196185_yw_096259,0,background_false_accept
lvis_000000323202,lvis_000000323202_yw_157932,0,background_false_accept
lvis_000000012576,lvis_000000012576_yw_005716,0,background_false_accept
lvis_000000421060,lvis_000000421060_yw_205223,0,background_false_accept
lvis_000000106266,lvis_000000106266_yw_047196,0,background_false_accept
lvis_000000453040,lvis_000000453040_yw_220693,0,background_false_accept
lvis_000000363840,lvis_000000363840_yw_177475,0,background_false_accept
lvis_000000283037,lvis_000000283037_yw_137610,0,background_false_accept
lvis_000000525600,lvis_000000525600_yw_254952,0,background_false_accept
lvis_000000242411,lvis_000000242411_yw_118998,0,background_false_accept
lvis_000000349860,lvis_000000349860_yw_170386,0,background_false_accept
lvis_000000436883,lvis_000000436883_yw_213469,0,background_false_accept
lvis_000000453040,lvis_000000453040_yw_220694,0,background_false_accept
lvis_000000414638,lvis_000000414638_yw_202495,0,background_false_accept
lvis_000000571598,lvis_000000571598_yw_277285,0,background_false_accept
lvis_000000252559,lvis_000000252559_yw_122455,0,background_false_accept
lvis_000000170116,lvis_000000170116_yw_081306,0,background_false_accept
lvis_000000324258,lvis_000000324258_yw_158620,0,background_false_accept
lvis_000000156643,lvis_000000156643_yw_074570,0,background_false_accept
lvis_000000193743,lvis_000000193743_yw_095126,0,background_false_accept
lvis_000000563702,lvis_000000563702_yw_273157,0,background_false_accept
lvis_000000569030,lvis_000000569030_yw_275862,0,background_false_accept
lvis_000000405205,lvis_000000405205_yw_197269,0,background_false_accept
lvis_000000278749,lvis_000000278749_yw_134692,0,background_false_accept
lvis_000000019042,lvis_000000019042_yw_009884,0,background_false_accept
lvis_000000453841,lvis_000000453841_yw_221481,0,background_false_accept
lvis_000000133969,lvis_000000133969_yw_061153,0,background_false_accept
lvis_000000405205,lvis_000000405205_yw_197270,0,background_false_accept
lvis_000000356612,lvis_000000356612_yw_173818,0,background_false_accept
lvis_000000138550,lvis_000000138550_yw_063291,0,background_false_accept
lvis_000000242678,lvis_000000242678_yw_119095,0,background_false_accept
lvis_000000465718,lvis_000000465718_yw_228344,0,unknown_false_accept
lvis_000000095843,lvis_000000095843_yw_042696,0,background_false_accept
lvis_000000169169,lvis_000000169169_yw_080891,0,background_false_accept
lvis_000000148719,lvis_000000148719_yw_070301,0,background_false_accept
lvis_000000148719,lvis_000000148719_yw_070302,0,background_false_accept
lvis_000000476215,lvis_000000476215_yw_232529,0,background_false_accept
lvis_000000350122,lvis_000000350122_yw_170975,0,background_false_accept
lvis_000000057725,lvis_000000057725_yw_025291,0,background_false_accept
lvis_000000320743,lvis_000000320743_yw_157072,0,background_false_accept
lvis_000000278705,lvis_000000278705_yw_134526,0,unknown_false_accept
lvis_000000540280,lvis_000000540280_yw_261617,0,background_false_accept
lvis_000000318908,lvis_000000318908_yw_155765,0,background_false_accept
lvis_000000475904,lvis_000000475904_yw_232451,0,background_false_accept
lvis_000000184338,lvis_000000184338_yw_089729,0,background_false_accept
lvis_000000211674,lvis_000000211674_yw_103155,0,background_false_accept
lvis_000000496854,lvis_000000496854_yw_241744,0,background_false_accept
lvis_000000193743,lvis_000000193743_yw_095128,0,background_false_accept
lvis_000000389804,lvis_000000389804_yw_191559,0,background_false_accept
lvis_000000271116,lvis_000000271116_yw_131490,0,background_false_accept
lvis_000000211674,lvis_000000211674_yw_103156,0,background_false_accept
lvis_000000211674,lvis_000000211674_yw_103157,0,background_false_accept
lvis_000000092416,lvis_000000092416_yw_041627,0,background_false_accept
lvis_000000226903,lvis_000000226903_yw_111430,0,background_false_accept
lvis_000000189475,lvis_000000189475_yw_092335,0,background_false_accept
lvis_000000335529,lvis_000000335529_yw_163636,0,background_false_accept
lvis_000000273715,lvis_000000273715_yw_132403,0,background_false_accept
lvis_000000009448,lvis_000000009448_yw_004446,0,background_false_accept
lvis_000000092416,lvis_000000092416_yw_041629,0,background_false_accept
lvis_000000333956,lvis_000000333956_yw_162337,0,background_false_accept
lvis_000000396200,lvis_000000396200_yw_193599,0,background_false_accept
lvis_000000091654,lvis_000000091654_yw_041416,0,unknown_false_accept
lvis_000000285349,lvis_000000285349_yw_139053,0,background_false_accept
lvis_000000133819,lvis_000000133819_yw_060882,0,background_false_accept
lvis_000000376625,lvis_000000376625_yw_183928,0,background_false_accept
lvis_000000171611,lvis_000000171611_yw_082171,0,background_false_accept
lvis_000000569976,lvis_000000569976_yw_276184,0,background_false_accept
lvis_000000021167,lvis_000000021167_yw_010665,0,background_false_accept
lvis_000000423798,lvis_000000423798_yw_206328,0,background_false_accept
lvis_000000119365,lvis_000000119365_yw_051979,0,background_false_accept
lvis_000000323751,lvis_000000323751_yw_158227,0,background_false_accept
lvis_000000222299,lvis_000000222299_yw_108654,0,background_false_accept
lvis_000000193743,lvis_000000193743_yw_095129,0,background_false_accept
lvis_000000021839,lvis_000000021839_yw_010824,0,background_false_accept
lvis_000000196185,lvis_000000196185_yw_096260,0,background_false_accept
lvis_000000498709,lvis_000000498709_yw_242185,0,background_false_accept
lvis_000000511321,lvis_000000511321_yw_248401,0,background_false_accept
lvis_000000211674,lvis_000000211674_yw_103158,0,background_false_accept
lvis_000000242678,lvis_000000242678_yw_119096,0,background_false_accept
lvis_000000057725,lvis_000000057725_yw_025292,0,background_false_accept
lvis_000000211674,lvis_000000211674_yw_103159,0,background_false_accept
lvis_000000145020,lvis_000000145020_yw_067868,0,unknown_false_accept
lvis_000000064359,lvis_000000064359_yw_028503,0,background_false_accept
lvis_000000361506,lvis_000000361506_yw_176117,0,background_false_accept
lvis_000000467315,lvis_000000467315_yw_229048,0,unknown_false_accept
lvis_000000072813,lvis_000000072813_yw_032105,0,background_false_accept
lvis_000000289938,lvis_000000289938_yw_141496,0,background_false_accept
lvis_000000283037,lvis_000000283037_yw_137611,0,background_false_accept
lvis_000000145020,lvis_000000145020_yw_067869,1,known_tp
lvis_000000421060,lvis_000000421060_yw_205225,0,background_false_accept
lvis_000000499768,lvis_000000499768_yw_242645,0,background_false_accept
lvis_000000491090,lvis_000000491090_yw_238867,0,background_false_accept
lvis_000000211674,lvis_000000211674_yw_103160,0,background_false_accept
lvis_000000322968,lvis_000000322968_yw_157857,0,background_false_accept
lvis_000000158548,lvis_000000158548_yw_075342,0,background_false_accept
lvis_000000120420,lvis_000000120420_yw_052679,0,background_false_accept
lvis_000000377113,lvis_000000377113_yw_184407,0,background_false_accept
lvis_000000333402,lvis_000000333402_yw_162138,0,background_false_accept
lvis_000000365886,lvis_000000365886_yw_178623,0,background_false_accept
lvis_000000458410,lvis_000000458410_yw_224034,0,background_false_accept
lvis_000000019042,lvis_000000019042_yw_009885,0,background_false_accept
lvis_000000563702,lvis_000000563702_yw_273159,0,background_false_accept
lvis_000000222299,lvis_000000222299_yw_108655,0,background_false_accept
lvis_000000336658,lvis_000000336658_yw_164685,0,background_false_accept
lvis_000000349860,lvis_000000349860_yw_170387,0,background_false_accept
lvis_000000156643,lvis_000000156643_yw_074573,0,background_false_accept
lvis_000000273715,lvis_000000273715_yw_132404,0,background_false_accept
lvis_000000285349,lvis_000000285349_yw_139054,0,background_false_accept
lvis_000000280930,lvis_000000280930_yw_136245,0,background_false_accept
lvis_000000463647,lvis_000000463647_yw_226991,0,background_false_accept
lvis_000000521719,lvis_000000521719_yw_253597,0,background_false_accept
lvis_000000466416,lvis_000000466416_yw_228846,0,background_false_accept
lvis_000000080932,lvis_000000080932_yw_036100,0,background_false_accept
lvis_000000389316,lvis_000000389316_yw_191141,0,background_false_accept
lvis_000000405205,lvis_000000405205_yw_197272,0,background_false_accept
lvis_000000214539,lvis_000000214539_yw_105266,0,background_false_accept
lvis_000000563702,lvis_000000563702_yw_273161,0,background_false_accept
lvis_000000191288,lvis_000000191288_yw_093687,0,background_false_accept
lvis_000000130826,lvis_000000130826_yw_058673,0,background_false_accept
lvis_000000324818,lvis_000000324818_yw_158658,0,background_false_accept
lvis_000000384513,lvis_000000384513_yw_188922,0,background_false_accept
lvis_000000356612,lvis_000000356612_yw_173820,0,background_false_accept
lvis_000000356612,lvis_000000356612_yw_173821,0,background_false_accept
lvis_000000170116,lvis_000000170116_yw_081308,0,unknown_false_accept
lvis_000000463647,lvis_000000463647_yw_226992,0,background_false_accept
lvis_000000482978,lvis_000000482978_yw_236158,0,background_false_accept
lvis_000000356612,lvis_000000356612_yw_173822,0,background_false_accept
lvis_000000087476,lvis_000000087476_yw_039988,0,background_false_accept
lvis_000000084650,lvis_000000084650_yw_038395,0,unknown_false_accept
lvis_000000120420,lvis_000000120420_yw_052680,0,background_false_accept
lvis_000000322968,lvis_000000322968_yw_157858,0,background_false_accept
lvis_000000310072,lvis_000000310072_yw_152799,0,background_false_accept
lvis_000000273715,lvis_000000273715_yw_132405,0,background_false_accept
lvis_000000557172,lvis_000000557172_yw_269419,0,background_false_accept
lvis_000000368900,lvis_000000368900_yw_179609,0,unknown_false_accept
lvis_000000409424,lvis_000000409424_yw_199100,0,background_false_accept
lvis_000000396729,lvis_000000396729_yw_193887,0,unknown_false_accept
lvis_000000145020,lvis_000000145020_yw_067871,0,background_false_accept
lvis_000000511076,lvis_000000511076_yw_248285,0,background_false_accept
lvis_000000210394,lvis_000000210394_yw_102707,0,background_false_accept
lvis_000000277005,lvis_000000277005_yw_134187,0,background_false_accept
lvis_000000415536,lvis_000000415536_yw_202881,0,background_false_accept
lvis_000000522007,lvis_000000522007_yw_253686,0,background_false_accept
lvis_000000421060,lvis_000000421060_yw_205227,0,background_false_accept
lvis_000000511076,lvis_000000511076_yw_248286,0,background_false_accept
lvis_000000140203,lvis_000000140203_yw_064294,0,wrong_known_class_or_duplicate
lvis_000000017714,lvis_000000017714_yw_009067,0,background_false_accept
lvis_000000283037,lvis_000000283037_yw_137613,0,background_false_accept
lvis_000000356612,lvis_000000356612_yw_173825,0,background_false_accept
lvis_000000336658,lvis_000000336658_yw_164687,0,background_false_accept
lvis_000000106235,lvis_000000106235_yw_047172,0,background_false_accept
lvis_000000350003,lvis_000000350003_yw_170498,0,background_false_accept
lvis_000000276921,lvis_000000276921_yw_133957,0,background_false_accept
lvis_000000336658,lvis_000000336658_yw_164688,0,background_false_accept
lvis_000000350003,lvis_000000350003_yw_170499,0,background_false_accept
lvis_000000335529,lvis_000000335529_yw_163639,0,background_false_accept
lvis_000000133819,lvis_000000133819_yw_060883,0,background_false_accept
lvis_000000510095,lvis_000000510095_yw_248065,0,background_false_accept
lvis_000000156643,lvis_000000156643_yw_074575,0,background_false_accept
lvis_000000145020,lvis_000000145020_yw_067873,0,background_false_accept
lvis_000000493286,lvis_000000493286_yw_240287,0,background_false_accept
lvis_000000335529,lvis_000000335529_yw_163640,0,background_false_accept
lvis_000000234757,lvis_000000234757_yw_116442,0,background_false_accept
lvis_000000467315,lvis_000000467315_yw_229049,0,background_false_accept
lvis_000000336658,lvis_000000336658_yw_164689,0,background_false_accept
lvis_000000376625,lvis_000000376625_yw_183929,0,background_false_accept
lvis_000000440617,lvis_000000440617_yw_215548,0,background_false_accept
lvis_000000361506,lvis_000000361506_yw_176121,0,background_false_accept
lvis_000000374545,lvis_000000374545_yw_182846,0,background_false_accept
lvis_000000436883,lvis_000000436883_yw_213472,0,background_false_accept
lvis_000000495054,lvis_000000495054_yw_241120,0,background_false_accept
lvis_000000085157,lvis_000000085157_yw_038648,0,background_false_accept
lvis_000000151480,lvis_000000151480_yw_071535,0,background_false_accept
lvis_000000350122,lvis_000000350122_yw_170978,0,background_false_accept
lvis_000000407574,lvis_000000407574_yw_198217,0,background_false_accept
lvis_000000322968,lvis_000000322968_yw_157859,0,background_false_accept
lvis_000000233238,lvis_000000233238_yw_115640,0,background_false_accept
lvis_000000289938,lvis_000000289938_yw_141498,0,background_false_accept
lvis_000000463647,lvis_000000463647_yw_226995,0,background_false_accept
lvis_000000441468,lvis_000000441468_yw_215761,0,background_false_accept
lvis_000000569972,lvis_000000569972_yw_276132,0,background_false_accept
lvis_000000211825,lvis_000000211825_yw_103238,0,wrong_known_class_or_duplicate
lvis_000000130826,lvis_000000130826_yw_058674,0,background_false_accept
lvis_000000239347,lvis_000000239347_yw_117757,0,background_false_accept
lvis_000000277005,lvis_000000277005_yw_134188,0,background_false_accept
lvis_000000496854,lvis_000000496854_yw_241745,0,background_false_accept
lvis_000000356612,lvis_000000356612_yw_173827,0,background_false_accept
lvis_000000511076,lvis_000000511076_yw_248287,0,background_false_accept
lvis_000000140203,lvis_000000140203_yw_064295,0,background_false_accept
lvis_000000356612,lvis_000000356612_yw_173828,0,background_false_accept
lvis_000000356612,lvis_000000356612_yw_173829,0,background_false_accept
lvis_000000130826,lvis_000000130826_yw_058675,0,background_false_accept
lvis_000000297396,lvis_000000297396_yw_146145,0,unknown_false_accept
lvis_000000242411,lvis_000000242411_yw_119004,0,background_false_accept
lvis_000000078823,lvis_000000078823_yw_034863,0,background_false_accept
lvis_000000211674,lvis_000000211674_yw_103162,0,background_false_accept
lvis_000000377113,lvis_000000377113_yw_184409,0,background_false_accept
lvis_000000500211,lvis_000000500211_yw_242762,0,background_false_accept
lvis_000000370042,lvis_000000370042_yw_180663,0,background_false_accept
lvis_000000330369,lvis_000000330369_yw_160981,0,background_false_accept
lvis_000000569030,lvis_000000569030_yw_275865,0,background_false_accept
lvis_000000285894,lvis_000000285894_yw_139099,0,background_false_accept
lvis_000000140203,lvis_000000140203_yw_064296,0,background_false_accept
lvis_000000581100,lvis_000000581100_yw_281214,0,background_false_accept
lvis_000000161642,lvis_000000161642_yw_076931,0,background_false_accept
lvis_000000378139,lvis_000000378139_yw_186093,0,background_false_accept
lvis_000000388056,lvis_000000388056_yw_190384,0,background_false_accept
lvis_000000347456,lvis_000000347456_yw_169682,0,background_false_accept
lvis_000000106912,lvis_000000106912_yw_047448,0,background_false_accept
lvis_000000361506,lvis_000000361506_yw_176122,0,background_false_accept
lvis_000000057725,lvis_000000057725_yw_025294,0,background_false_accept
lvis_000000488710,lvis_000000488710_yw_237785,0,background_false_accept
lvis_000000150649,lvis_000000150649_yw_071331,0,background_false_accept
lvis_000000116439,lvis_000000116439_yw_051114,0,background_false_accept
lvis_000000534673,lvis_000000534673_yw_259708,0,background_false_accept
lvis_000000206218,lvis_000000206218_yw_100221,0,unknown_false_accept
lvis_000000120420,lvis_000000120420_yw_052683,0,background_false_accept
lvis_000000387098,lvis_000000387098_yw_189897,0,background_false_accept
lvis_000000025603,lvis_000000025603_yw_012502,0,background_false_accept
lvis_000000289938,lvis_000000289938_yw_141499,0,background_false_accept
lvis_000000324258,lvis_000000324258_yw_158624,0,background_false_accept
lvis_000000356612,lvis_000000356612_yw_173831,0,background_false_accept
lvis_000000087476,lvis_000000087476_yw_039991,0,unknown_false_accept
lvis_000000145020,lvis_000000145020_yw_067878,0,background_false_accept
lvis_000000167486,lvis_000000167486_yw_080337,0,background_false_accept
lvis_000000196185,lvis_000000196185_yw_096261,0,background_false_accept
lvis_000000449312,lvis_000000449312_yw_219356,0,background_false_accept
lvis_000000167486,lvis_000000167486_yw_080338,0,background_false_accept
lvis_000000336658,lvis_000000336658_yw_164691,0,background_false_accept
lvis_000000425925,lvis_000000425925_yw_207395,0,background_false_accept
lvis_000000378139,lvis_000000378139_yw_186094,0,background_false_accept
lvis_000000295420,lvis_000000295420_yw_144724,0,background_false_accept
lvis_000000521719,lvis_000000521719_yw_253598,0,background_false_accept
lvis_000000057725,lvis_000000057725_yw_025295,0,background_false_accept
lvis_000000019042,lvis_000000019042_yw_009886,0,background_false_accept
lvis_000000197528,lvis_000000197528_yw_096661,0,background_false_accept
lvis_000000374545,lvis_000000374545_yw_182847,0,background_false_accept
lvis_000000226154,lvis_000000226154_yw_110524,0,background_false_accept
lvis_000000255749,lvis_000000255749_yw_123956,0,background_false_accept
lvis_000000332845,lvis_000000332845_yw_161797,0,background_false_accept
lvis_000000189475,lvis_000000189475_yw_092339,0,background_false_accept
lvis_000000295420,lvis_000000295420_yw_144725,0,background_false_accept
lvis_000000210394,lvis_000000210394_yw_102710,0,background_false_accept
lvis_000000211674,lvis_000000211674_yw_103163,0,background_false_accept
lvis_000000368900,lvis_000000368900_yw_179610,0,background_false_accept
lvis_000000551815,lvis_000000551815_yw_267348,0,background_false_accept
lvis_000000453040,lvis_000000453040_yw_220695,0,background_false_accept
lvis_000000463647,lvis_000000463647_yw_226996,0,background_false_accept
lvis_000000388056,lvis_000000388056_yw_190387,0,background_false_accept
lvis_000000212573,lvis_000000212573_yw_103709,0,background_false_accept
lvis_000000521719,lvis_000000521719_yw_253599,0,background_false_accept
lvis_000000569030,lvis_000000569030_yw_275866,0,background_false_accept
lvis_000000157756,lvis_000000157756_yw_075010,0,wrong_known_class_or_duplicate
lvis_000000377946,lvis_000000377946_yw_185884,0,background_false_accept
lvis_000000405205,lvis_000000405205_yw_197275,0,background_false_accept
lvis_000000166259,lvis_000000166259_yw_079315,0,background_false_accept
lvis_000000333402,lvis_000000333402_yw_162142,0,background_false_accept
lvis_000000356612,lvis_000000356612_yw_173832,0,background_false_accept
lvis_000000522007,lvis_000000522007_yw_253687,0,background_false_accept
lvis_000000211674,lvis_000000211674_yw_103164,0,background_false_accept
lvis_000000268378,lvis_000000268378_yw_130522,0,background_false_accept
lvis_000000377946,lvis_000000377946_yw_185885,0,background_false_accept
lvis_000000226154,lvis_000000226154_yw_110525,0,background_false_accept
lvis_000000410456,lvis_000000410456_yw_199400,0,background_false_accept
lvis_000000443844,lvis_000000443844_yw_217470,0,background_false_accept
lvis_000000145020,lvis_000000145020_yw_067881,0,background_false_accept
lvis_000000229553,lvis_000000229553_yw_112898,0,background_false_accept
lvis_000000157756,lvis_000000157756_yw_075011,0,background_false_accept
lvis_000000356612,lvis_000000356612_yw_173833,0,background_false_accept
lvis_000000167486,lvis_000000167486_yw_080340,0,background_false_accept
lvis_000000343803,lvis_000000343803_yw_167993,0,background_false_accept
lvis_000000234366,lvis_000000234366_yw_116208,0,background_false_accept
lvis_000000336587,lvis_000000336587_yw_164357,0,background_false_accept
lvis_000000057725,lvis_000000057725_yw_025297,0,background_false_accept
lvis_000000356612,lvis_000000356612_yw_173834,0,wrong_known_class_or_duplicate
lvis_000000133819,lvis_000000133819_yw_060884,0,background_false_accept
lvis_000000144932,lvis_000000144932_yw_067558,0,background_false_accept
lvis_000000496854,lvis_000000496854_yw_241748,0,background_false_accept
lvis_000000511076,lvis_000000511076_yw_248291,0,background_false_accept
lvis_000000349152,lvis_000000349152_yw_170136,0,unknown_false_accept
lvis_000000421060,lvis_000000421060_yw_205228,0,background_false_accept
lvis_000000361506,lvis_000000361506_yw_176123,0,background_false_accept
lvis_000000278749,lvis_000000278749_yw_134697,0,background_false_accept
lvis_000000376625,lvis_000000376625_yw_183930,0,background_false_accept
lvis_000000371699,lvis_000000371699_yw_181635,0,background_false_accept
lvis_000000377946,lvis_000000377946_yw_185887,0,background_false_accept
lvis_000000322968,lvis_000000322968_yw_157860,0,background_false_accept
lvis_000000322968,lvis_000000322968_yw_157861,0,background_false_accept
lvis_000000308430,lvis_000000308430_yw_151528,0,background_false_accept
lvis_000000095843,lvis_000000095843_yw_042698,0,background_false_accept
lvis_000000169076,lvis_000000169076_yw_080712,0,background_false_accept
lvis_000000511076,lvis_000000511076_yw_248293,0,background_false_accept
lvis_000000133819,lvis_000000133819_yw_060885,0,background_false_accept
lvis_000000376625,lvis_000000376625_yw_183931,0,background_false_accept
lvis_000000529568,lvis_000000529568_yw_256564,0,background_false_accept
lvis_000000118209,lvis_000000118209_yw_051674,0,background_false_accept
lvis_000000148719,lvis_000000148719_yw_070305,0,background_false_accept
lvis_000000453841,lvis_000000453841_yw_221486,0,background_false_accept
lvis_000000376625,lvis_000000376625_yw_183932,0,background_false_accept
lvis_000000148719,lvis_000000148719_yw_070306,0,background_false_accept
lvis_000000212573,lvis_000000212573_yw_103712,0,background_false_accept
lvis_000000528399,lvis_000000528399_yw_255967,0,background_false_accept
lvis_000000211674,lvis_000000211674_yw_103165,0,background_false_accept
lvis_000000323751,lvis_000000323751_yw_158228,0,background_false_accept
lvis_000000277005,lvis_000000277005_yw_134189,0,background_false_accept
lvis_000000166747,lvis_000000166747_yw_079819,0,background_false_accept
lvis_000000057725,lvis_000000057725_yw_025298,0,background_false_accept
lvis_000000021839,lvis_000000021839_yw_010826,0,background_false_accept
lvis_000000458410,lvis_000000458410_yw_224036,0,background_false_accept
lvis_000000336658,lvis_000000336658_yw_164693,0,background_false_accept
lvis_000000515579,lvis_000000515579_yw_250831,0,background_false_accept
lvis_000000502599,lvis_000000502599_yw_244289,0,background_false_accept
lvis_000000019432,lvis_000000019432_yw_010270,0,background_false_accept
lvis_000000463647,lvis_000000463647_yw_226997,0,background_false_accept
lvis_000000169169,lvis_000000169169_yw_080896,0,background_false_accept
lvis_000000421060,lvis_000000421060_yw_205230,0,background_false_accept
lvis_000000495054,lvis_000000495054_yw_241124,0,background_false_accept
lvis_000000480122,lvis_000000480122_yw_234618,0,unknown_false_accept
lvis_000000368752,lvis_000000368752_yw_179564,0,unknown_false_accept
lvis_000000166747,lvis_000000166747_yw_079820,0,background_false_accept
lvis_000000032817,lvis_000000032817_yw_014960,0,background_false_accept
lvis_000000356428,lvis_000000356428_yw_173542,0,background_false_accept
lvis_000000388056,lvis_000000388056_yw_190389,0,background_false_accept
lvis_000000242411,lvis_000000242411_yw_119007,0,background_false_accept
lvis_000000167486,lvis_000000167486_yw_080341,0,background_false_accept
lvis_000000125472,lvis_000000125472_yw_055441,0,background_false_accept
lvis_000000374545,lvis_000000374545_yw_182848,0,background_false_accept
lvis_000000500211,lvis_000000500211_yw_242764,0,background_false_accept
lvis_000000463647,lvis_000000463647_yw_226998,0,background_false_accept
lvis_000000211674,lvis_000000211674_yw_103167,0,background_false_accept
lvis_000000057760,lvis_000000057760_yw_025417,0,background_false_accept
lvis_000000298738,lvis_000000298738_yw_146805,0,background_false_accept
lvis_000000222299,lvis_000000222299_yw_108657,0,background_false_accept
lvis_000000356612,lvis_000000356612_yw_173835,0,background_false_accept
lvis_000000335529,lvis_000000335529_yw_163645,0,background_false_accept
lvis_000000189475,lvis_000000189475_yw_092341,0,background_false_accept
lvis_000000277005,lvis_000000277005_yw_134191,0,background_false_accept
lvis_000000335529,lvis_000000335529_yw_163646,0,background_false_accept
lvis_000000308430,lvis_000000308430_yw_151529,0,background_false_accept
lvis_000000278749,lvis_000000278749_yw_134699,0,background_false_accept
lvis_000000376625,lvis_000000376625_yw_183933,0,background_false_accept
lvis_000000019042,lvis_000000019042_yw_009887,0,background_false_accept
lvis_000000206025,lvis_000000206025_yw_100102,0,background_false_accept
lvis_000000010707,lvis_000000010707_yw_004878,0,background_false_accept
lvis_000000039670,lvis_000000039670_yw_018142,0,background_false_accept
lvis_000000106912,lvis_000000106912_yw_047449,0,unknown_false_accept
lvis_000000496854,lvis_000000496854_yw_241749,0,background_false_accept
lvis_000000278705,lvis_000000278705_yw_134528,0,background_false_accept
lvis_000000248314,lvis_000000248314_yw_121091,0,unknown_false_accept
lvis_000000242678,lvis_000000242678_yw_119097,0,background_false_accept
lvis_000000453841,lvis_000000453841_yw_221488,0,background_false_accept
lvis_000000242678,lvis_000000242678_yw_119098,0,background_false_accept
lvis_000000433103,lvis_000000433103_yw_211602,0,background_false_accept
lvis_000000133819,lvis_000000133819_yw_060891,0,background_false_accept
lvis_000000087476,lvis_000000087476_yw_039992,0,background_false_accept
lvis_000000012667,lvis_000000012667_yw_005866,0,background_false_accept
lvis_000000277005,lvis_000000277005_yw_134193,0,background_false_accept
lvis_000000444879,lvis_000000444879_yw_217672,0,background_false_accept
lvis_000000378139,lvis_000000378139_yw_186096,0,background_false_accept
lvis_000000138550,lvis_000000138550_yw_063293,0,background_false_accept
lvis_000000374545,lvis_000000374545_yw_182851,0,background_false_accept
lvis_000000257370,lvis_000000257370_yw_125016,0,background_false_accept
lvis_000000328238,lvis_000000328238_yw_159977,0,background_false_accept
lvis_000000466416,lvis_000000466416_yw_228847,0,background_false_accept
lvis_000000476215,lvis_000000476215_yw_232530,0,background_false_accept
lvis_000000383289,lvis_000000383289_yw_188410,0,background_false_accept
lvis_000000428111,lvis_000000428111_yw_209003,0,background_false_accept
lvis_000000482735,lvis_000000482735_yw_236066,0,background_false_accept
lvis_000000087476,lvis_000000087476_yw_039994,0,background_false_accept
lvis_000000356428,lvis_000000356428_yw_173547,0,background_false_accept
lvis_000000278749,lvis_000000278749_yw_134701,0,background_false_accept
lvis_000000184338,lvis_000000184338_yw_089731,0,background_false_accept
lvis_000000377113,lvis_000000377113_yw_184416,0,background_false_accept
lvis_000000511076,lvis_000000511076_yw_248298,0,background_false_accept
lvis_000000094157,lvis_000000094157_yw_042142,0,background_false_accept
lvis_000000563702,lvis_000000563702_yw_273163,0,background_false_accept
lvis_000000320743,lvis_000000320743_yw_157076,0,background_false_accept
lvis_000000095843,lvis_000000095843_yw_042699,0,background_false_accept
lvis_000000376625,lvis_000000376625_yw_183934,0,background_false_accept
lvis_000000072813,lvis_000000072813_yw_032107,0,unknown_false_accept
lvis_000000514797,lvis_000000514797_yw_250332,0,background_false_accept
lvis_000000210394,lvis_000000210394_yw_102712,0,background_false_accept
lvis_000000120420,lvis_000000120420_yw_052686,0,background_false_accept
lvis_000000171611,lvis_000000171611_yw_082174,0,background_false_accept
lvis_000000525600,lvis_000000525600_yw_254954,0,background_false_accept
lvis_000000022479,lvis_000000022479_yw_010988,0,background_false_accept
lvis_000000332845,lvis_000000332845_yw_161799,0,background_false_accept
lvis_000000022705,lvis_000000022705_yw_011041,0,unknown_false_accept
lvis_000000135890,lvis_000000135890_yw_062118,0,background_false_accept
lvis_000000252559,lvis_000000252559_yw_122458,0,background_false_accept
lvis_000000407574,lvis_000000407574_yw_198218,0,background_false_accept
lvis_000000563702,lvis_000000563702_yw_273164,0,background_false_accept
lvis_000000423104,lvis_000000423104_yw_205727,0,background_false_accept
lvis_000000521719,lvis_000000521719_yw_253600,0,background_false_accept
lvis_000000133819,lvis_000000133819_yw_060892,0,background_false_accept
lvis_000000057725,lvis_000000057725_yw_025299,0,background_false_accept
lvis_000000580410,lvis_000000580410_yw_281051,0,background_false_accept
lvis_000000145020,lvis_000000145020_yw_067885,0,background_false_accept
lvis_000000133969,lvis_000000133969_yw_061160,0,background_false_accept
lvis_000000310072,lvis_000000310072_yw_152801,0,background_false_accept
lvis_000000396200,lvis_000000396200_yw_193603,0,background_false_accept
lvis_000000491090,lvis_000000491090_yw_238872,0,background_false_accept
lvis_000000384513,lvis_000000384513_yw_188925,0,background_false_accept
lvis_000000392818,lvis_000000392818_yw_192076,0,background_false_accept
lvis_000000120420,lvis_000000120420_yw_052687,0,background_false_accept
lvis_000000453841,lvis_000000453841_yw_221491,0,background_false_accept
lvis_000000169169,lvis_000000169169_yw_080899,0,background_false_accept
lvis_000000495054,lvis_000000495054_yw_241126,0,background_false_accept
lvis_000000335529,lvis_000000335529_yw_163647,0,background_false_accept
lvis_000000087476,lvis_000000087476_yw_039996,0,background_false_accept
lvis_000000421060,lvis_000000421060_yw_205231,0,background_false_accept
lvis_000000335529,lvis_000000335529_yw_163649,0,background_false_accept
lvis_000000421060,lvis_000000421060_yw_205232,0,background_false_accept
lvis_000000295420,lvis_000000295420_yw_144727,0,background_false_accept
lvis_000000534041,lvis_000000534041_yw_259002,0,background_false_accept
lvis_000000059920,lvis_000000059920_yw_026377,0,background_false_accept
lvis_000000156643,lvis_000000156643_yw_074579,1,known_tp
lvis_000000368900,lvis_000000368900_yw_179611,0,background_false_accept
lvis_000000185292,lvis_000000185292_yw_090122,0,background_false_accept
lvis_000000200152,lvis_000000200152_yw_097477,0,background_false_accept
lvis_000000277005,lvis_000000277005_yw_134195,0,background_false_accept
lvis_000000529568,lvis_000000529568_yw_256565,0,background_false_accept
lvis_000000388056,lvis_000000388056_yw_190393,0,wrong_known_class_or_duplicate
lvis_000000466416,lvis_000000466416_yw_228849,0,background_false_accept
lvis_000000262440,lvis_000000262440_yw_127761,0,background_false_accept
lvis_000000387098,lvis_000000387098_yw_189898,0,background_false_accept
lvis_000000425226,lvis_000000425226_yw_207110,0,background_false_accept
lvis_000000568584,lvis_000000568584_yw_275513,0,background_false_accept
lvis_000000067315,lvis_000000067315_yw_030383,0,background_false_accept
lvis_000000359677,lvis_000000359677_yw_174838,0,background_false_accept
lvis_000000289938,lvis_000000289938_yw_141501,0,background_false_accept
lvis_000000534673,lvis_000000534673_yw_259713,0,background_false_accept
lvis_000000436883,lvis_000000436883_yw_213478,0,background_false_accept
lvis_000000133819,lvis_000000133819_yw_060894,0,background_false_accept
lvis_000000157756,lvis_000000157756_yw_075015,0,background_false_accept
lvis_000000180487,lvis_000000180487_yw_086637,0,background_false_accept
lvis_000000189475,lvis_000000189475_yw_092343,0,background_false_accept
lvis_000000561465,lvis_000000561465_yw_271704,0,background_false_accept
lvis_000000466416,lvis_000000466416_yw_228850,0,background_false_accept
lvis_000000289938,lvis_000000289938_yw_141502,0,background_false_accept
lvis_000000331569,lvis_000000331569_yw_161499,0,background_false_accept
lvis_000000289938,lvis_000000289938_yw_141503,0,background_false_accept
lvis_000000466416,lvis_000000466416_yw_228851,0,background_false_accept
lvis_000000444275,lvis_000000444275_yw_217654,0,background_false_accept
lvis_000000103548,lvis_000000103548_yw_046332,0,background_false_accept
lvis_000000164883,lvis_000000164883_yw_078598,0,background_false_accept
lvis_000000493286,lvis_000000493286_yw_240291,0,background_false_accept
lvis_000000278749,lvis_000000278749_yw_134703,0,background_false_accept
lvis_000000428111,lvis_000000428111_yw_209004,0,background_false_accept
lvis_000000456292,lvis_000000456292_yw_222651,0,wrong_known_class_or_duplicate
lvis_000000450559,lvis_000000450559_yw_220161,0,background_false_accept
lvis_000000073118,lvis_000000073118_yw_032152,0,background_false_accept
lvis_000000284762,lvis_000000284762_yw_138894,0,background_false_accept
lvis_000000581100,lvis_000000581100_yw_281215,0,background_false_accept
lvis_000000440617,lvis_000000440617_yw_215550,0,background_false_accept
lvis_000000349152,lvis_000000349152_yw_170137,0,unknown_false_accept
lvis_000000436883,lvis_000000436883_yw_213479,0,background_false_accept
lvis_000000580410,lvis_000000580410_yw_281052,0,background_false_accept
lvis_000000466416,lvis_000000466416_yw_228852,0,unknown_false_accept
lvis_000000276921,lvis_000000276921_yw_133958,0,background_false_accept
lvis_000000436883,lvis_000000436883_yw_213480,0,background_false_accept
lvis_000000336658,lvis_000000336658_yw_164703,0,background_false_accept
lvis_000000534673,lvis_000000534673_yw_259715,0,background_false_accept
lvis_000000268378,lvis_000000268378_yw_130525,0,background_false_accept
lvis_000000407574,lvis_000000407574_yw_198220,0,background_false_accept
lvis_000000136633,lvis_000000136633_yw_062351,0,background_false_accept
lvis_000000360960,lvis_000000360960_yw_175456,0,background_false_accept
lvis_000000540280,lvis_000000540280_yw_261619,0,background_false_accept
lvis_000000009891,lvis_000000009891_yw_004678,0,unknown_false_accept
lvis_000000486479,lvis_000000486479_yw_237424,0,background_false_accept
lvis_000000233238,lvis_000000233238_yw_115644,0,background_false_accept
lvis_000000528399,lvis_000000528399_yw_255968,0,background_false_accept
lvis_000000378139,lvis_000000378139_yw_186098,0,background_false_accept
lvis_000000133969,lvis_000000133969_yw_061163,0,background_false_accept
lvis_000000453040,lvis_000000453040_yw_220697,0,background_false_accept
lvis_000000322968,lvis_000000322968_yw_157864,0,background_false_accept
lvis_000000447917,lvis_000000447917_yw_218525,0,background_false_accept
lvis_000000057725,lvis_000000057725_yw_025301,0,background_false_accept
lvis_000000087476,lvis_000000087476_yw_040001,0,background_false_accept
lvis_000000495054,lvis_000000495054_yw_241127,0,background_false_accept
lvis_000000164637,lvis_000000164637_yw_078585,0,background_false_accept
lvis_000000537991,lvis_000000537991_yw_260820,0,background_false_accept
lvis_000000336658,lvis_000000336658_yw_164706,0,background_false_accept
lvis_000000453841,lvis_000000453841_yw_221493,0,background_false_accept
lvis_000000581100,lvis_000000581100_yw_281216,0,background_false_accept
lvis_000000423104,lvis_000000423104_yw_205728,0,background_false_accept
lvis_000000151480,lvis_000000151480_yw_071538,0,background_false_accept
lvis_000000133819,lvis_000000133819_yw_060896,0,background_false_accept
lvis_000000441468,lvis_000000441468_yw_215763,0,wrong_known_class_or_duplicate
lvis_000000087476,lvis_000000087476_yw_040002,0,background_false_accept
lvis_000000514797,lvis_000000514797_yw_250333,0,background_false_accept
lvis_000000377946,lvis_000000377946_yw_185888,0,background_false_accept
lvis_000000279769,lvis_000000279769_yw_135319,0,background_false_accept
lvis_000000332845,lvis_000000332845_yw_161800,0,unknown_false_accept
lvis_000000277005,lvis_000000277005_yw_134196,0,background_false_accept
lvis_000000423798,lvis_000000423798_yw_206330,0,background_false_accept
lvis_000000569030,lvis_000000569030_yw_275872,0,background_false_accept
lvis_000000273198,lvis_000000273198_yw_132048,0,background_false_accept
lvis_000000289938,lvis_000000289938_yw_141504,0,background_false_accept
lvis_000000205282,lvis_000000205282_yw_099822,0,unknown_false_accept
lvis_000000133819,lvis_000000133819_yw_060897,0,background_false_accept
lvis_000000359677,lvis_000000359677_yw_174839,0,background_false_accept
lvis_000000450100,lvis_000000450100_yw_219901,0,background_false_accept
lvis_000000493286,lvis_000000493286_yw_240294,0,background_false_accept
lvis_000000135890,lvis_000000135890_yw_062119,0,background_false_accept
lvis_000000277005,lvis_000000277005_yw_134198,0,background_false_accept
lvis_000000214539,lvis_000000214539_yw_105278,0,background_false_accept
lvis_000000336658,lvis_000000336658_yw_164708,0,background_false_accept
lvis_000000511321,lvis_000000511321_yw_248403,0,background_false_accept
lvis_000000396200,lvis_000000396200_yw_193606,0,background_false_accept
lvis_000000312278,lvis_000000312278_yw_153794,0,background_false_accept
lvis_000000324258,lvis_000000324258_yw_158625,0,background_false_accept
lvis_000000103548,lvis_000000103548_yw_046336,0,background_false_accept
lvis_000000177714,lvis_000000177714_yw_084778,0,background_false_accept
lvis_000000455937,lvis_000000455937_yw_222574,0,background_false_accept
lvis_000000262938,lvis_000000262938_yw_127878,0,background_false_accept
lvis_000000211674,lvis_000000211674_yw_103172,0,background_false_accept
lvis_000000581100,lvis_000000581100_yw_281218,0,background_false_accept
lvis_000000310072,lvis_000000310072_yw_152802,0,background_false_accept
lvis_000000378515,lvis_000000378515_yw_186363,0,background_false_accept
lvis_000000514797,lvis_000000514797_yw_250334,0,background_false_accept
lvis_000000087476,lvis_000000087476_yw_040003,0,background_false_accept
lvis_000000414133,lvis_000000414133_yw_202257,0,background_false_accept
lvis_000000322968,lvis_000000322968_yw_157866,0,background_false_accept
lvis_000000060363,lvis_000000060363_yw_026537,0,background_false_accept
lvis_000000255749,lvis_000000255749_yw_123958,0,wrong_known_class_or_duplicate
lvis_000000388056,lvis_000000388056_yw_190396,0,background_false_accept
lvis_000000440617,lvis_000000440617_yw_215551,0,background_false_accept
lvis_000000324258,lvis_000000324258_yw_158627,0,background_false_accept
lvis_000000234757,lvis_000000234757_yw_116444,0,background_false_accept
lvis_000000534673,lvis_000000534673_yw_259717,0,background_false_accept
lvis_000000466416,lvis_000000466416_yw_228853,0,background_false_accept
lvis_000000322968,lvis_000000322968_yw_157867,0,background_false_accept
lvis_000000286553,lvis_000000286553_yw_139442,0,background_false_accept
lvis_000000466416,lvis_000000466416_yw_228854,0,background_false_accept
lvis_000000151480,lvis_000000151480_yw_071539,0,background_false_accept
lvis_000000106235,lvis_000000106235_yw_047173,0,background_false_accept
lvis_000000166747,lvis_000000166747_yw_079821,0,background_false_accept
lvis_000000255749,lvis_000000255749_yw_123959,0,background_false_accept
lvis_000000130826,lvis_000000130826_yw_058677,0,background_false_accept
lvis_000000569030,lvis_000000569030_yw_275873,0,background_false_accept
lvis_000000129492,lvis_000000129492_yw_057835,0,unknown_false_accept
lvis_000000210394,lvis_000000210394_yw_102714,0,background_false_accept
lvis_000000374545,lvis_000000374545_yw_182858,0,background_false_accept
lvis_000000234757,lvis_000000234757_yw_116445,0,background_false_accept
lvis_000000255749,lvis_000000255749_yw_123960,0,background_false_accept
lvis_000000425221,lvis_000000425221_yw_207017,0,background_false_accept
lvis_000000496854,lvis_000000496854_yw_241752,0,background_false_accept
lvis_000000377946,lvis_000000377946_yw_185890,0,background_false_accept
lvis_000000129492,lvis_000000129492_yw_057836,0,background_false_accept
lvis_000000113720,lvis_000000113720_yw_049706,0,background_false_accept
lvis_000000506656,lvis_000000506656_yw_245557,0,background_false_accept
lvis_000000356612,lvis_000000356612_yw_173841,0,background_false_accept
lvis_000000205282,lvis_000000205282_yw_099823,0,unknown_false_accept
lvis_000000336658,lvis_000000336658_yw_164710,0,background_false_accept
lvis_000000389316,lvis_000000389316_yw_191143,0,background_false_accept
lvis_000000495054,lvis_000000495054_yw_241130,0,background_false_accept
lvis_000000377946,lvis_000000377946_yw_185891,0,background_false_accept
lvis_000000020107,lvis_000000020107_yw_010326,0,background_false_accept
lvis_000000057725,lvis_000000057725_yw_025302,0,background_false_accept
lvis_000000017714,lvis_000000017714_yw_009068,0,background_false_accept
lvis_000000413247,lvis_000000413247_yw_201833,0,background_false_accept
lvis_000000277005,lvis_000000277005_yw_134200,0,background_false_accept
lvis_000000425925,lvis_000000425925_yw_207398,0,wrong_known_class_or_duplicate
lvis_000000133819,lvis_000000133819_yw_060901,0,background_false_accept
lvis_000000316666,lvis_000000316666_yw_155578,0,background_false_accept
lvis_000000506656,lvis_000000506656_yw_245558,0,background_false_accept
lvis_000000210394,lvis_000000210394_yw_102715,0,background_false_accept
lvis_000000312278,lvis_000000312278_yw_153795,0,background_false_accept
lvis_000000196185,lvis_000000196185_yw_096267,0,background_false_accept
lvis_000000116439,lvis_000000116439_yw_051116,0,unknown_false_accept
lvis_000000285894,lvis_000000285894_yw_139101,0,background_false_accept
lvis_000000336658,lvis_000000336658_yw_164711,0,background_false_accept
lvis_000000561335,lvis_000000561335_yw_271675,0,background_false_accept
lvis_000000295316,lvis_000000295316_yw_144674,0,background_false_accept
lvis_000000171611,lvis_000000171611_yw_082175,0,background_false_accept
lvis_000000453841,lvis_000000453841_yw_221497,0,background_false_accept
lvis_000000095843,lvis_000000095843_yw_042702,0,background_false_accept
lvis_000000384513,lvis_000000384513_yw_188928,0,background_false_accept
lvis_000000196185,lvis_000000196185_yw_096268,0,background_false_accept
lvis_000000274708,lvis_000000274708_yw_133094,0,background_false_accept
lvis_000000312421,lvis_000000312421_yw_154029,0,background_false_accept
lvis_000000491090,lvis_000000491090_yw_238874,0,wrong_known_class_or_duplicate
lvis_000000441468,lvis_000000441468_yw_215765,0,background_false_accept
lvis_000000054628,lvis_000000054628_yw_023488,0,unknown_false_accept
lvis_000000495054,lvis_000000495054_yw_241131,0,background_false_accept
lvis_000000167486,lvis_000000167486_yw_080344,0,background_false_accept
lvis_000000440617,lvis_000000440617_yw_215552,0,background_false_accept
lvis_000000534673,lvis_000000534673_yw_259719,0,background_false_accept
lvis_000000106048,lvis_000000106048_yw_047141,0,background_false_accept
lvis_000000502599,lvis_000000502599_yw_244292,0,background_false_accept
lvis_000000428111,lvis_000000428111_yw_209005,0,wrong_known_class_or_duplicate
lvis_000000414133,lvis_000000414133_yw_202258,0,background_false_accept
lvis_000000133819,lvis_000000133819_yw_060903,0,background_false_accept
lvis_000000120420,lvis_000000120420_yw_052690,0,background_false_accept
lvis_000000433103,lvis_000000433103_yw_211608,0,unknown_false_accept
lvis_000000350122,lvis_000000350122_yw_170989,0,background_false_accept
lvis_000000405205,lvis_000000405205_yw_197281,0,background_false_accept
lvis_000000211674,lvis_000000211674_yw_103175,0,background_false_accept
lvis_000000488710,lvis_000000488710_yw_237786,0,background_false_accept
lvis_000000226154,lvis_000000226154_yw_110527,0,background_false_accept
lvis_000000425925,lvis_000000425925_yw_207399,0,background_false_accept
lvis_000000119233,lvis_000000119233_yw_051890,0,wrong_known_class_or_duplicate
lvis_000000496854,lvis_000000496854_yw_241753,0,background_false_accept
lvis_000000184338,lvis_000000184338_yw_089732,0,background_false_accept
lvis_000000425221,lvis_000000425221_yw_207018,0,background_false_accept
lvis_000000211674,lvis_000000211674_yw_103176,0,background_false_accept
lvis_000000389684,lvis_000000389684_yw_191547,0,background_false_accept
lvis_000000441468,lvis_000000441468_yw_215766,0,background_false_accept
lvis_000000463647,lvis_000000463647_yw_227005,0,background_false_accept
lvis_000000312278,lvis_000000312278_yw_153796,0,background_false_accept
lvis_000000136633,lvis_000000136633_yw_062355,0,background_false_accept
lvis_000000376625,lvis_000000376625_yw_183938,0,wrong_known_class_or_duplicate
lvis_000000161925,lvis_000000161925_yw_077072,0,background_false_accept
lvis_000000495054,lvis_000000495054_yw_241132,0,background_false_accept
lvis_000000455937,lvis_000000455937_yw_222575,0,background_false_accept
lvis_000000350003,lvis_000000350003_yw_170503,0,background_false_accept
lvis_000000211674,lvis_000000211674_yw_103179,0,background_false_accept
lvis_000000425925,lvis_000000425925_yw_207400,0,background_false_accept
lvis_000000196442,lvis_000000196442_yw_096334,0,wrong_known_class_or_duplicate
lvis_000000350122,lvis_000000350122_yw_170991,0,background_false_accept
lvis_000000377946,lvis_000000377946_yw_185892,0,background_false_accept
lvis_000000336658,lvis_000000336658_yw_164712,0,background_false_accept
lvis_000000350122,lvis_000000350122_yw_170992,0,background_false_accept
lvis_000000094157,lvis_000000094157_yw_042144,0,background_false_accept
lvis_000000414133,lvis_000000414133_yw_202259,0,background_false_accept
lvis_000000242411,lvis_000000242411_yw_119014,0,background_false_accept
lvis_000000425925,lvis_000000425925_yw_207401,0,background_false_accept
lvis_000000148719,lvis_000000148719_yw_070316,0,background_false_accept
lvis_000000085157,lvis_000000085157_yw_038655,0,background_false_accept
lvis_000000421060,lvis_000000421060_yw_205236,0,background_false_accept
lvis_000000491090,lvis_000000491090_yw_238876,0,background_false_accept
lvis_000000513580,lvis_000000513580_yw_249850,0,background_false_accept
lvis_000000277005,lvis_000000277005_yw_134201,0,background_false_accept
lvis_000000058705,lvis_000000058705_yw_025783,0,background_false_accept
lvis_000000234757,lvis_000000234757_yw_116446,0,wrong_known_class_or_duplicate
lvis_000000211674,lvis_000000211674_yw_103180,0,background_false_accept
lvis_000000514797,lvis_000000514797_yw_250336,0,background_false_accept
lvis_000000087476,lvis_000000087476_yw_040005,0,unknown_false_accept
lvis_000000288685,lvis_000000288685_yw_140637,0,background_false_accept
lvis_000000271116,lvis_000000271116_yw_131495,0,background_false_accept
lvis_000000578545,lvis_000000578545_yw_280346,0,background_false_accept
lvis_000000323751,lvis_000000323751_yw_158233,0,background_false_accept
lvis_000000427649,lvis_000000427649_yw_208506,0,background_false_accept
lvis_000000021839,lvis_000000021839_yw_010833,0,background_false_accept
lvis_000000525600,lvis_000000525600_yw_254955,0,background_false_accept
lvis_000000335529,lvis_000000335529_yw_163654,0,background_false_accept
lvis_000000189475,lvis_000000189475_yw_092349,0,wrong_known_class_or_duplicate
lvis_000000356612,lvis_000000356612_yw_173843,0,background_false_accept
lvis_000000480842,lvis_000000480842_yw_234702,0,unknown_false_accept
lvis_000000333402,lvis_000000333402_yw_162147,0,background_false_accept
lvis_000000336658,lvis_000000336658_yw_164714,0,background_false_accept
lvis_000000427649,lvis_000000427649_yw_208507,0,background_false_accept
lvis_000000534673,lvis_000000534673_yw_259720,0,background_false_accept
lvis_000000183049,lvis_000000183049_yw_088391,0,background_false_accept
lvis_000000278749,lvis_000000278749_yw_134705,0,background_false_accept
lvis_000000349184,lvis_000000349184_yw_170217,0,background_false_accept
lvis_000000232692,lvis_000000232692_yw_115489,0,background_false_accept
lvis_000000356428,lvis_000000356428_yw_173552,0,background_false_accept
lvis_000000151480,lvis_000000151480_yw_071541,0,background_false_accept
lvis_000000335529,lvis_000000335529_yw_163656,0,background_false_accept
lvis_000000019042,lvis_000000019042_yw_009890,0,background_false_accept
lvis_000000453841,lvis_000000453841_yw_221498,0,background_false_accept
lvis_000000056288,lvis_000000056288_yw_024262,0,unknown_false_accept
lvis_000000507473,lvis_000000507473_yw_246487,0,background_false_accept
lvis_000000214539,lvis_000000214539_yw_105284,0,background_false_accept
lvis_000000234366,lvis_000000234366_yw_116214,0,background_false_accept
lvis_000000245915,lvis_000000245915_yw_120506,0,background_false_accept
lvis_000000496854,lvis_000000496854_yw_241756,0,background_false_accept
lvis_000000166747,lvis_000000166747_yw_079822,0,background_false_accept
lvis_000000370042,lvis_000000370042_yw_180669,0,unknown_false_accept
lvis_000000019042,lvis_000000019042_yw_009891,0,background_false_accept
lvis_000000377946,lvis_000000377946_yw_185895,0,background_false_accept
lvis_000000383289,lvis_000000383289_yw_188413,0,background_false_accept
lvis_000000153568,lvis_000000153568_yw_072616,0,background_false_accept
lvis_000000329041,lvis_000000329041_yw_160392,0,unknown_false_accept
lvis_000000232692,lvis_000000232692_yw_115491,0,background_false_accept
lvis_000000421060,lvis_000000421060_yw_205237,0,background_false_accept
lvis_000000407574,lvis_000000407574_yw_198221,0,background_false_accept
lvis_000000130826,lvis_000000130826_yw_058680,0,background_false_accept
lvis_000000534673,lvis_000000534673_yw_259721,0,background_false_accept
lvis_000000080932,lvis_000000080932_yw_036103,0,background_false_accept
lvis_000000312278,lvis_000000312278_yw_153797,0,background_false_accept
lvis_000000013729,lvis_000000013729_yw_006658,0,background_false_accept
lvis_000000569030,lvis_000000569030_yw_275875,0,background_false_accept
lvis_000000421060,lvis_000000421060_yw_205238,0,background_false_accept
lvis_000000466416,lvis_000000466416_yw_228856,0,background_false_accept
lvis_000000214539,lvis_000000214539_yw_105285,0,background_false_accept
lvis_000000106235,lvis_000000106235_yw_047174,0,background_false_accept
lvis_000000379332,lvis_000000379332_yw_186922,1,known_tp
lvis_000000169169,lvis_000000169169_yw_080904,0,background_false_accept
lvis_000000133819,lvis_000000133819_yw_060907,0,background_false_accept
lvis_000000377946,lvis_000000377946_yw_185896,0,background_false_accept
lvis_000000378139,lvis_000000378139_yw_186100,0,background_false_accept
lvis_000000148719,lvis_000000148719_yw_070317,0,background_false_accept
lvis_000000169169,lvis_000000169169_yw_080905,0,background_false_accept
lvis_000000336658,lvis_000000336658_yw_164716,0,background_false_accept
lvis_000000212226,lvis_000000212226_yw_103346,0,background_false_accept
lvis_000000336658,lvis_000000336658_yw_164717,0,background_false_accept
lvis_000000191288,lvis_000000191288_yw_093692,0,background_false_accept
lvis_000000054628,lvis_000000054628_yw_023489,0,background_false_accept
lvis_000000458223,lvis_000000458223_yw_223730,0,background_false_accept
lvis_000000425221,lvis_000000425221_yw_207019,0,unknown_false_accept
lvis_000000507223,lvis_000000507223_yw_246403,0,background_false_accept
lvis_000000133819,lvis_000000133819_yw_060910,0,background_false_accept
lvis_000000277005,lvis_000000277005_yw_134204,0,background_false_accept
lvis_000000012667,lvis_000000012667_yw_005868,0,background_false_accept
lvis_000000297396,lvis_000000297396_yw_146148,0,background_false_accept
lvis_000000563702,lvis_000000563702_yw_273166,0,background_false_accept
lvis_000000054628,lvis_000000054628_yw_023490,0,background_false_accept
lvis_000000335529,lvis_000000335529_yw_163657,0,background_false_accept
lvis_000000453841,lvis_000000453841_yw_221499,0,background_false_accept
lvis_000000534673,lvis_000000534673_yw_259723,0,background_false_accept
lvis_000000423798,lvis_000000423798_yw_206331,0,background_false_accept
lvis_000000335529,lvis_000000335529_yw_163658,0,background_false_accept
lvis_000000405432,lvis_000000405432_yw_197527,0,background_false_accept
lvis_000000511076,lvis_000000511076_yw_248306,0,background_false_accept
lvis_000000129492,lvis_000000129492_yw_057838,0,background_false_accept
lvis_000000255749,lvis_000000255749_yw_123961,0,background_false_accept
lvis_000000515579,lvis_000000515579_yw_250843,0,background_false_accept
lvis_000000350488,lvis_000000350488_yw_171194,0,background_false_accept
lvis_000000388056,lvis_000000388056_yw_190399,0,background_false_accept
lvis_000000389684,lvis_000000389684_yw_191548,0,background_false_accept
lvis_000000376625,lvis_000000376625_yw_183939,0,unknown_false_accept
lvis_000000078823,lvis_000000078823_yw_034866,0,background_false_accept
lvis_000000244379,lvis_000000244379_yw_119763,0,background_false_accept
lvis_000000440617,lvis_000000440617_yw_215553,0,background_false_accept
lvis_000000148719,lvis_000000148719_yw_070318,0,background_false_accept
lvis_000000507223,lvis_000000507223_yw_246405,0,background_false_accept
lvis_000000388056,lvis_000000388056_yw_190400,0,background_false_accept
lvis_000000317999,lvis_000000317999_yw_155666,0,background_false_accept
lvis_000000135890,lvis_000000135890_yw_062122,0,background_false_accept
lvis_000000019042,lvis_000000019042_yw_009892,0,background_false_accept
lvis_000000292155,lvis_000000292155_yw_143011,0,background_false_accept
lvis_000000279769,lvis_000000279769_yw_135322,0,background_false_accept
lvis_000000421060,lvis_000000421060_yw_205240,0,background_false_accept
lvis_000000288685,lvis_000000288685_yw_140640,0,background_false_accept
lvis_000000466416,lvis_000000466416_yw_228857,0,background_false_accept
lvis_000000288685,lvis_000000288685_yw_140641,0,background_false_accept
lvis_000000020107,lvis_000000020107_yw_010327,0,background_false_accept
lvis_000000350122,lvis_000000350122_yw_170996,0,background_false_accept
lvis_000000012667,lvis_000000012667_yw_005869,0,background_false_accept
lvis_000000021839,lvis_000000021839_yw_010834,0,background_false_accept
lvis_000000288882,lvis_000000288882_yw_140742,0,unknown_false_accept
lvis_000000498709,lvis_000000498709_yw_242189,0,wrong_known_class_or_duplicate
lvis_000000428111,lvis_000000428111_yw_209007,0,background_false_accept
lvis_000000083531,lvis_000000083531_yw_037511,0,unknown_false_accept
lvis_000000091654,lvis_000000091654_yw_041417,0,background_false_accept
lvis_000000407574,lvis_000000407574_yw_198222,0,background_false_accept
lvis_000000322968,lvis_000000322968_yw_157873,0,background_false_accept
lvis_000000563702,lvis_000000563702_yw_273169,0,background_false_accept
lvis_000000425925,lvis_000000425925_yw_207402,0,background_false_accept
lvis_000000534673,lvis_000000534673_yw_259725,0,background_false_accept
lvis_000000414133,lvis_000000414133_yw_202263,0,background_false_accept
lvis_000000171611,lvis_000000171611_yw_082176,0,background_false_accept
lvis_000000378139,lvis_000000378139_yw_186103,0,background_false_accept
lvis_000000125472,lvis_000000125472_yw_055442,0,background_false_accept
lvis_000000336658,lvis_000000336658_yw_164719,0,background_false_accept
lvis_000000466416,lvis_000000466416_yw_228858,0,background_false_accept
lvis_000000447200,lvis_000000447200_yw_218284,0,background_false_accept
lvis_000000025603,lvis_000000025603_yw_012508,0,unknown_false_accept
lvis_000000436883,lvis_000000436883_yw_213485,0,background_false_accept
lvis_000000323751,lvis_000000323751_yw_158235,0,background_false_accept
lvis_000000057725,lvis_000000057725_yw_025307,0,background_false_accept
lvis_000000191761,lvis_000000191761_yw_093797,0,background_false_accept
lvis_000000210394,lvis_000000210394_yw_102718,0,background_false_accept
lvis_000000019042,lvis_000000019042_yw_009893,0,background_false_accept
lvis_000000377946,lvis_000000377946_yw_185898,0,background_false_accept
lvis_000000528399,lvis_000000528399_yw_255971,0,background_false_accept
lvis_000000150224,lvis_000000150224_yw_071050,0,background_false_accept
lvis_000000441468,lvis_000000441468_yw_215767,0,background_false_accept
lvis_000000135890,lvis_000000135890_yw_062123,0,background_false_accept
lvis_000000283037,lvis_000000283037_yw_137620,0,background_false_accept
lvis_000000007574,lvis_000000007574_yw_003721,0,unknown_false_accept
lvis_000000283037,lvis_000000283037_yw_137621,0,background_false_accept
lvis_000000085772,lvis_000000085772_yw_038973,0,unknown_false_accept
lvis_000000286553,lvis_000000286553_yw_139445,0,wrong_known_class_or_duplicate
lvis_000000507223,lvis_000000507223_yw_246406,0,background_false_accept
lvis_000000374545,lvis_000000374545_yw_182863,0,background_false_accept
lvis_000000057725,lvis_000000057725_yw_025308,0,background_false_accept
lvis_000000211674,lvis_000000211674_yw_103182,0,background_false_accept
lvis_000000563702,lvis_000000563702_yw_273170,0,background_false_accept
lvis_000000336587,lvis_000000336587_yw_164358,0,background_false_accept
lvis_000000458223,lvis_000000458223_yw_223732,0,background_false_accept
lvis_000000499768,lvis_000000499768_yw_242647,0,background_false_accept
lvis_000000482978,lvis_000000482978_yw_236160,0,background_false_accept
lvis_000000130826,lvis_000000130826_yw_058683,0,background_false_accept
lvis_000000242678,lvis_000000242678_yw_119101,0,background_false_accept
lvis_000000466416,lvis_000000466416_yw_228860,0,background_false_accept
lvis_000000356612,lvis_000000356612_yw_173848,0,background_false_accept
lvis_000000021839,lvis_000000021839_yw_010836,0,background_false_accept
lvis_000000210394,lvis_000000210394_yw_102720,0,background_false_accept
lvis_000000277005,lvis_000000277005_yw_134207,0,background_false_accept
lvis_000000378139,lvis_000000378139_yw_186106,0,background_false_accept
lvis_000000425221,lvis_000000425221_yw_207020,0,background_false_accept
lvis_000000052507,lvis_000000052507_yw_022763,0,background_false_accept
lvis_000000569030,lvis_000000569030_yw_275876,0,background_false_accept
lvis_000000078823,lvis_000000078823_yw_034867,0,background_false_accept
lvis_000000500211,lvis_000000500211_yw_242771,0,background_false_accept
lvis_000000374545,lvis_000000374545_yw_182864,0,background_false_accept
lvis_000000466416,lvis_000000466416_yw_228862,0,background_false_accept
lvis_000000471893,lvis_000000471893_yw_230713,0,unknown_false_accept
lvis_000000500211,lvis_000000500211_yw_242772,0,background_false_accept
lvis_000000022479,lvis_000000022479_yw_010990,0,background_false_accept
lvis_000000167486,lvis_000000167486_yw_080349,0,background_false_accept
lvis_000000533536,lvis_000000533536_yw_258581,0,background_false_accept
lvis_000000043816,lvis_000000043816_yw_019309,0,background_false_accept
lvis_000000383289,lvis_000000383289_yw_188416,0,background_false_accept
lvis_000000085576,lvis_000000085576_yw_038783,0,background_false_accept
lvis_000000037740,lvis_000000037740_yw_017083,0,unknown_false_accept
lvis_000000214539,lvis_000000214539_yw_105288,0,background_false_accept
lvis_000000569976,lvis_000000569976_yw_276189,0,unknown_false_accept
lvis_000000277005,lvis_000000277005_yw_134208,0,background_false_accept
lvis_000000158548,lvis_000000158548_yw_075347,0,background_false_accept
lvis_000000349860,lvis_000000349860_yw_170392,0,unknown_false_accept
lvis_000000569030,lvis_000000569030_yw_275878,0,background_false_accept
lvis_000000328238,lvis_000000328238_yw_159981,0,background_false_accept
lvis_000000414133,lvis_000000414133_yw_202264,0,background_false_accept
lvis_000000568584,lvis_000000568584_yw_275515,0,background_false_accept
lvis_000000421060,lvis_000000421060_yw_205245,0,background_false_accept
lvis_000000368900,lvis_000000368900_yw_179614,0,background_false_accept
lvis_000000278749,lvis_000000278749_yw_134710,0,background_false_accept
lvis_000000320743,lvis_000000320743_yw_157082,0,wrong_known_class_or_duplicate
lvis_000000495054,lvis_000000495054_yw_241135,0,background_false_accept
lvis_000000167486,lvis_000000167486_yw_080350,0,background_false_accept
lvis_000000153568,lvis_000000153568_yw_072617,0,background_false_accept
lvis_000000496854,lvis_000000496854_yw_241758,0,background_false_accept
lvis_000000150224,lvis_000000150224_yw_071052,0,background_false_accept
lvis_000000214539,lvis_000000214539_yw_105289,0,background_false_accept
lvis_000000119365,lvis_000000119365_yw_051988,0,background_false_accept
lvis_000000212573,lvis_000000212573_yw_103719,0,background_false_accept
lvis_000000133819,lvis_000000133819_yw_060915,0,background_false_accept
lvis_000000378515,lvis_000000378515_yw_186370,0,background_false_accept
lvis_000000164602,lvis_000000164602_yw_078577,0,background_false_accept
lvis_000000263969,lvis_000000263969_yw_128427,0,background_false_accept
lvis_000000475904,lvis_000000475904_yw_232457,0,background_false_accept
lvis_000000413247,lvis_000000413247_yw_201836,0,background_false_accept
lvis_000000578545,lvis_000000578545_yw_280347,0,background_false_accept
lvis_000000475904,lvis_000000475904_yw_232458,0,background_false_accept
lvis_000000499768,lvis_000000499768_yw_242648,0,background_false_accept
lvis_000000466416,lvis_000000466416_yw_228863,0,background_false_accept
lvis_000000129492,lvis_000000129492_yw_057840,0,background_false_accept
lvis_000000039670,lvis_000000039670_yw_018146,0,background_false_accept
lvis_000000495054,lvis_000000495054_yw_241137,0,background_false_accept
lvis_000000482970,lvis_000000482970_yw_236129,0,background_false_accept
lvis_000000405205,lvis_000000405205_yw_197284,0,background_false_accept
lvis_000000356428,lvis_000000356428_yw_173555,0,background_false_accept
lvis_000000133819,lvis_000000133819_yw_060916,0,background_false_accept
lvis_000000333956,lvis_000000333956_yw_162341,0,background_false_accept
lvis_000000019042,lvis_000000019042_yw_009894,0,background_false_accept
lvis_000000466416,lvis_000000466416_yw_228864,0,background_false_accept
lvis_000000336658,lvis_000000336658_yw_164721,0,wrong_known_class_or_duplicate
lvis_000000332845,lvis_000000332845_yw_161801,0,background_false_accept
lvis_000000396729,lvis_000000396729_yw_193888,0,unknown_false_accept
lvis_000000324258,lvis_000000324258_yw_158629,0,background_false_accept
lvis_000000151480,lvis_000000151480_yw_071543,0,background_false_accept
lvis_000000043816,lvis_000000043816_yw_019310,0,background_false_accept
lvis_000000180487,lvis_000000180487_yw_086639,0,background_false_accept
lvis_000000344909,lvis_000000344909_yw_168715,0,background_false_accept
lvis_000000527220,lvis_000000527220_yw_255634,0,background_false_accept
lvis_000000466416,lvis_000000466416_yw_228865,0,background_false_accept
lvis_000000056545,lvis_000000056545_yw_024403,0,background_false_accept
lvis_000000080932,lvis_000000080932_yw_036106,0,background_false_accept
lvis_000000421060,lvis_000000421060_yw_205246,0,background_false_accept
lvis_000000252559,lvis_000000252559_yw_122461,0,background_false_accept
lvis_000000295420,lvis_000000295420_yw_144730,0,background_false_accept
lvis_000000569030,lvis_000000569030_yw_275879,0,background_false_accept
lvis_000000563702,lvis_000000563702_yw_273173,0,background_false_accept
lvis_000000425221,lvis_000000425221_yw_207023,0,background_false_accept
lvis_000000019042,lvis_000000019042_yw_009896,0,background_false_accept
lvis_000000147740,lvis_000000147740_yw_069715,0,background_false_accept
lvis_000000393115,lvis_000000393115_yw_192238,0,background_false_accept
lvis_000000310072,lvis_000000310072_yw_152806,0,background_false_accept
lvis_000000285349,lvis_000000285349_yw_139056,0,background_false_accept
lvis_000000350122,lvis_000000350122_yw_171001,0,background_false_accept
lvis_000000581100,lvis_000000581100_yw_281220,0,background_false_accept
lvis_000000118209,lvis_000000118209_yw_051675,0,background_false_accept
lvis_000000211674,lvis_000000211674_yw_103183,0,background_false_accept
lvis_000000500211,lvis_000000500211_yw_242773,0,background_false_accept
lvis_000000021839,lvis_000000021839_yw_010837,0,background_false_accept
lvis_000000278705,lvis_000000278705_yw_134532,0,background_false_accept
lvis_000000012576,lvis_000000012576_yw_005717,0,unknown_false_accept
lvis_000000046378,lvis_000000046378_yw_020081,0,background_false_accept
lvis_000000350122,lvis_000000350122_yw_171003,0,background_false_accept
lvis_000000244379,lvis_000000244379_yw_119764,0,background_false_accept
lvis_000000057725,lvis_000000057725_yw_025310,0,background_false_accept
lvis_000000193743,lvis_000000193743_yw_095142,0,background_false_accept
lvis_000000511076,lvis_000000511076_yw_248310,0,background_false_accept
lvis_000000336658,lvis_000000336658_yw_164722,0,background_false_accept
lvis_000000009891,lvis_000000009891_yw_004683,0,background_false_accept
lvis_000000466416,lvis_000000466416_yw_228866,0,background_false_accept
lvis_000000133819,lvis_000000133819_yw_060917,0,background_false_accept
lvis_000000569030,lvis_000000569030_yw_275881,0,background_false_accept
lvis_000000465549,lvis_000000465549_yw_228227,0,background_false_accept
lvis_000000453040,lvis_000000453040_yw_220703,0,background_false_accept
lvis_000000277005,lvis_000000277005_yw_134212,0,background_false_accept
lvis_000000021839,lvis_000000021839_yw_010838,0,background_false_accept
lvis_000000393115,lvis_000000393115_yw_192239,0,background_false_accept
lvis_000000478136,lvis_000000478136_yw_233708,0,unknown_false_accept
lvis_000000147740,lvis_000000147740_yw_069717,0,background_false_accept
lvis_000000242678,lvis_000000242678_yw_119102,0,background_false_accept
lvis_000000532071,lvis_000000532071_yw_258159,0,background_false_accept
lvis_000000436883,lvis_000000436883_yw_213487,0,background_false_accept
lvis_000000119365,lvis_000000119365_yw_051989,0,background_false_accept
lvis_000000507223,lvis_000000507223_yw_246412,0,background_false_accept
lvis_000000388056,lvis_000000388056_yw_190404,0,background_false_accept
lvis_000000409424,lvis_000000409424_yw_199104,0,background_false_accept
lvis_000000242678,lvis_000000242678_yw_119103,0,background_false_accept
lvis_000000522007,lvis_000000522007_yw_253688,0,background_false_accept
lvis_000000331569,lvis_000000331569_yw_161500,0,unknown_false_accept
lvis_000000466416,lvis_000000466416_yw_228867,0,background_false_accept
lvis_000000356612,lvis_000000356612_yw_173854,0,background_false_accept
lvis_000000135890,lvis_000000135890_yw_062124,0,background_false_accept
lvis_000000211674,lvis_000000211674_yw_103184,0,background_false_accept
lvis_000000335529,lvis_000000335529_yw_163660,0,background_false_accept
lvis_000000279769,lvis_000000279769_yw_135324,0,background_false_accept
lvis_000000268378,lvis_000000268378_yw_130532,0,background_false_accept
lvis_000000421060,lvis_000000421060_yw_205247,0,background_false_accept
lvis_000000569030,lvis_000000569030_yw_275882,0,background_false_accept
lvis_000000147740,lvis_000000147740_yw_069718,0,background_false_accept
lvis_000000226903,lvis_000000226903_yw_111438,0,background_false_accept
lvis_000000441468,lvis_000000441468_yw_215768,0,background_false_accept
lvis_000000507223,lvis_000000507223_yw_246413,0,background_false_accept
lvis_000000441468,lvis_000000441468_yw_215769,0,background_false_accept
lvis_000000568690,lvis_000000568690_yw_275539,0,background_false_accept
lvis_000000370042,lvis_000000370042_yw_180671,0,background_false_accept
lvis_000000447917,lvis_000000447917_yw_218527,0,background_false_accept
lvis_000000423104,lvis_000000423104_yw_205731,0,background_false_accept
lvis_000000242678,lvis_000000242678_yw_119104,0,background_false_accept
lvis_000000032817,lvis_000000032817_yw_014961,0,background_false_accept
lvis_000000312278,lvis_000000312278_yw_153798,0,background_false_accept
lvis_000000425925,lvis_000000425925_yw_207405,0,background_false_accept
lvis_000000580410,lvis_000000580410_yw_281054,0,background_false_accept
lvis_000000242678,lvis_000000242678_yw_119105,0,background_false_accept
lvis_000000116439,lvis_000000116439_yw_051118,0,background_false_accept
lvis_000000242678,lvis_000000242678_yw_119106,0,background_false_accept
lvis_000000069795,lvis_000000069795_yw_031142,0,unknown_false_accept
lvis_000000450202,lvis_000000450202_yw_219943,0,background_false_accept
lvis_000000356428,lvis_000000356428_yw_173556,0,background_false_accept
lvis_000000389684,lvis_000000389684_yw_191549,0,background_false_accept
lvis_000000374545,lvis_000000374545_yw_182866,0,background_false_accept
lvis_000000453841,lvis_000000453841_yw_221500,0,background_false_accept
lvis_000000475904,lvis_000000475904_yw_232459,0,background_false_accept
lvis_000000421060,lvis_000000421060_yw_205248,0,unknown_false_accept
lvis_000000409424,lvis_000000409424_yw_199105,0,background_false_accept
lvis_000000222299,lvis_000000222299_yw_108662,0,unknown_false_accept
lvis_000000060363,lvis_000000060363_yw_026538,0,background_false_accept
lvis_000000495054,lvis_000000495054_yw_241140,0,background_false_accept
lvis_000000148719,lvis_000000148719_yw_070323,0,background_false_accept
lvis_000000502599,lvis_000000502599_yw_244293,0,background_false_accept
lvis_000000473869,lvis_000000473869_yw_231297,0,background_false_accept
lvis_000000350122,lvis_000000350122_yw_171006,0,background_false_accept
lvis_000000440617,lvis_000000440617_yw_215555,0,background_false_accept
lvis_000000521719,lvis_000000521719_yw_253603,0,background_false_accept
lvis_000000377946,lvis_000000377946_yw_185900,0,background_false_accept
lvis_000000396200,lvis_000000396200_yw_193608,0,background_false_accept
lvis_000000196185,lvis_000000196185_yw_096274,0,background_false_accept
lvis_000000212573,lvis_000000212573_yw_103722,0,background_false_accept
lvis_000000496854,lvis_000000496854_yw_241759,0,background_false_accept
lvis_000000277005,lvis_000000277005_yw_134214,0,background_false_accept
lvis_000000350122,lvis_000000350122_yw_171008,0,background_false_accept
lvis_000000511076,lvis_000000511076_yw_248312,0,background_false_accept
lvis_000000247917,lvis_000000247917_yw_120966,0,background_false_accept
lvis_000000491130,lvis_000000491130_yw_238922,0,unknown_false_accept
lvis_000000147740,lvis_000000147740_yw_069719,0,background_false_accept
lvis_000000425925,lvis_000000425925_yw_207406,0,background_false_accept
lvis_000000277005,lvis_000000277005_yw_134215,0,background_false_accept
lvis_000000540280,lvis_000000540280_yw_261620,0,background_false_accept
lvis_000000428111,lvis_000000428111_yw_209008,0,background_false_accept
lvis_000000083531,lvis_000000083531_yw_037513,0,unknown_false_accept
lvis_000000212573,lvis_000000212573_yw_103723,0,background_false_accept
lvis_000000441468,lvis_000000441468_yw_215771,0,background_false_accept
lvis_000000387098,lvis_000000387098_yw_189899,0,background_false_accept
lvis_000000463647,lvis_000000463647_yw_227012,0,background_false_accept
lvis_000000517523,lvis_000000517523_yw_251596,0,background_false_accept
lvis_000000441468,lvis_000000441468_yw_215772,0,background_false_accept
lvis_000000043816,lvis_000000043816_yw_019312,0,background_false_accept
lvis_000000087476,lvis_000000087476_yw_040011,0,background_false_accept
lvis_000000377946,lvis_000000377946_yw_185901,0,background_false_accept
lvis_000000563702,lvis_000000563702_yw_273174,0,background_false_accept
lvis_000000466416,lvis_000000466416_yw_228868,0,background_false_accept
lvis_000000370042,lvis_000000370042_yw_180672,0,background_false_accept
lvis_000000210394,lvis_000000210394_yw_102724,0,background_false_accept
lvis_000000410735,lvis_000000410735_yw_200333,0,background_false_accept
lvis_000000527220,lvis_000000527220_yw_255635,0,background_false_accept
lvis_000000314914,lvis_000000314914_yw_154958,0,background_false_accept
lvis_000000190637,lvis_000000190637_yw_092835,0,background_false_accept
lvis_000000356612,lvis_000000356612_yw_173857,0,background_false_accept
lvis_000000336658,lvis_000000336658_yw_164726,0,background_false_accept
lvis_000000080932,lvis_000000080932_yw_036109,0,background_false_accept
lvis_000000210394,lvis_000000210394_yw_102725,0,background_false_accept
lvis_000000193743,lvis_000000193743_yw_095143,0,background_false_accept
lvis_000000310072,lvis_000000310072_yw_152808,0,background_false_accept
lvis_000000377946,lvis_000000377946_yw_185902,0,background_false_accept
lvis_000000057760,lvis_000000057760_yw_025421,0,background_false_accept
lvis_000000377946,lvis_000000377946_yw_185903,0,background_false_accept
lvis_000000057725,lvis_000000057725_yw_025312,0,background_false_accept
lvis_000000278749,lvis_000000278749_yw_134712,0,background_false_accept
lvis_000000350003,lvis_000000350003_yw_170507,0,background_false_accept
lvis_000000252559,lvis_000000252559_yw_122463,0,background_false_accept
lvis_000000421060,lvis_000000421060_yw_205249,0,background_false_accept
lvis_000000283037,lvis_000000283037_yw_137625,0,background_false_accept
lvis_000000529966,lvis_000000529966_yw_256667,0,background_false_accept
lvis_000000407574,lvis_000000407574_yw_198224,0,unknown_false_accept
lvis_000000007574,lvis_000000007574_yw_003722,0,unknown_false_accept
lvis_000000463647,lvis_000000463647_yw_227013,0,background_false_accept
lvis_000000085576,lvis_000000085576_yw_038784,0,background_false_accept
lvis_000000377946,lvis_000000377946_yw_185904,0,background_false_accept
lvis_000000350122,lvis_000000350122_yw_171010,0,background_false_accept
lvis_000000183049,lvis_000000183049_yw_088395,0,background_false_accept
lvis_000000288685,lvis_000000288685_yw_140655,0,background_false_accept
lvis_000000356612,lvis_000000356612_yw_173858,0,background_false_accept
lvis_000000212573,lvis_000000212573_yw_103724,0,background_false_accept
lvis_000000498709,lvis_000000498709_yw_242191,0,wrong_known_class_or_duplicate
lvis_000000440617,lvis_000000440617_yw_215556,0,background_false_accept
lvis_000000133819,lvis_000000133819_yw_060924,0,background_false_accept
lvis_000000292155,lvis_000000292155_yw_143012,0,background_false_accept
lvis_000000396200,lvis_000000396200_yw_193610,0,unknown_false_accept
lvis_000000210394,lvis_000000210394_yw_102726,0,background_false_accept
lvis_000000277005,lvis_000000277005_yw_134216,0,background_false_accept
lvis_000000506656,lvis_000000506656_yw_245563,0,background_false_accept
lvis_000000157756,lvis_000000157756_yw_075019,0,background_false_accept
lvis_000000377113,lvis_000000377113_yw_184434,0,background_false_accept
lvis_000000019042,lvis_000000019042_yw_009898,0,background_false_accept
lvis_000000409424,lvis_000000409424_yw_199107,0,background_false_accept
lvis_000000370042,lvis_000000370042_yw_180673,0,background_false_accept
lvis_000000533493,lvis_000000533493_yw_258564,0,wrong_known_class_or_duplicate
lvis_000000569030,lvis_000000569030_yw_275884,0,background_false_accept
lvis_000000169169,lvis_000000169169_yw_080911,0,unknown_false_accept
lvis_000000486438,lvis_000000486438_yw_237410,0,unknown_false_accept
lvis_000000094157,lvis_000000094157_yw_042147,0,background_false_accept
lvis_000000106048,lvis_000000106048_yw_047143,0,background_false_accept
lvis_000000009590,lvis_000000009590_yw_004535,0,background_false_accept
lvis_000000151480,lvis_000000151480_yw_071546,0,background_false_accept
lvis_000000568584,lvis_000000568584_yw_275517,0,background_false_accept
lvis_000000563702,lvis_000000563702_yw_273175,0,background_false_accept
lvis_000000158548,lvis_000000158548_yw_075349,0,background_false_accept
lvis_000000133819,lvis_000000133819_yw_060925,0,background_false_accept
lvis_000000466416,lvis_000000466416_yw_228869,0,background_false_accept
lvis_000000488710,lvis_000000488710_yw_237788,0,background_false_accept
lvis_000000085772,lvis_000000085772_yw_038974,0,background_false_accept
lvis_000000242411,lvis_000000242411_yw_119024,1,known_tp
lvis_000000463647,lvis_000000463647_yw_227014,0,background_false_accept
lvis_000000492905,lvis_000000492905_yw_240032,0,background_false_accept
lvis_000000180487,lvis_000000180487_yw_086640,0,background_false_accept
lvis_000000046378,lvis_000000046378_yw_020082,0,background_false_accept
lvis_000000440617,lvis_000000440617_yw_215557,0,background_false_accept
lvis_000000377946,lvis_000000377946_yw_185905,0,background_false_accept
lvis_000000324258,lvis_000000324258_yw_158631,0,background_false_accept
lvis_000000376625,lvis_000000376625_yw_183947,0,background_false_accept
lvis_000000496854,lvis_000000496854_yw_241761,0,background_false_accept
lvis_000000118209,lvis_000000118209_yw_051676,0,background_false_accept
lvis_000000180487,lvis_000000180487_yw_086641,0,background_false_accept
lvis_000000336658,lvis_000000336658_yw_164730,0,background_false_accept
lvis_000000405205,lvis_000000405205_yw_197288,0,background_false_accept
lvis_000000431727,lvis_000000431727_yw_210615,0,background_false_accept
lvis_000000475904,lvis_000000475904_yw_232460,0,background_false_accept
lvis_000000169076,lvis_000000169076_yw_080716,0,wrong_known_class_or_duplicate
lvis_000000522889,lvis_000000522889_yw_253878,0,background_false_accept
lvis_000000493286,lvis_000000493286_yw_240299,0,background_false_accept
lvis_000000514797,lvis_000000514797_yw_250338,0,background_false_accept
lvis_000000231879,lvis_000000231879_yw_115141,0,background_false_accept
lvis_000000116439,lvis_000000116439_yw_051119,0,background_false_accept
lvis_000000569030,lvis_000000569030_yw_275886,0,background_false_accept
lvis_000000322968,lvis_000000322968_yw_157876,0,background_false_accept
lvis_000000320743,lvis_000000320743_yw_157084,0,background_false_accept
lvis_000000019042,lvis_000000019042_yw_009899,0,background_false_accept
lvis_000000511076,lvis_000000511076_yw_248314,0,background_false_accept
lvis_000000072813,lvis_000000072813_yw_032108,0,unknown_false_accept
lvis_000000496854,lvis_000000496854_yw_241762,0,background_false_accept
lvis_000000019042,lvis_000000019042_yw_009900,0,background_false_accept
lvis_000000171611,lvis_000000171611_yw_082177,0,background_false_accept
lvis_000000534673,lvis_000000534673_yw_259730,0,background_false_accept
lvis_000000210394,lvis_000000210394_yw_102727,0,background_false_accept
lvis_000000169169,lvis_000000169169_yw_080912,0,background_false_accept
lvis_000000295316,lvis_000000295316_yw_144675,0,unknown_false_accept
lvis_000000436883,lvis_000000436883_yw_213488,0,background_false_accept
lvis_000000496854,lvis_000000496854_yw_241763,0,background_false_accept
lvis_000000405691,lvis_000000405691_yw_197561,0,unknown_false_accept
lvis_000000534673,lvis_000000534673_yw_259731,0,background_false_accept
lvis_000000453040,lvis_000000453040_yw_220704,0,background_false_accept
lvis_000000376625,lvis_000000376625_yw_183948,0,background_false_accept
lvis_000000349860,lvis_000000349860_yw_170395,0,background_false_accept
lvis_000000019432,lvis_000000019432_yw_010273,0,background_false_accept
lvis_000000413247,lvis_000000413247_yw_201841,0,background_false_accept
lvis_000000257370,lvis_000000257370_yw_125018,0,background_false_accept
lvis_000000349860,lvis_000000349860_yw_170396,0,background_false_accept
lvis_000000277005,lvis_000000277005_yw_134217,0,background_false_accept
lvis_000000200152,lvis_000000200152_yw_097481,0,background_false_accept
lvis_000000356612,lvis_000000356612_yw_173861,0,background_false_accept
lvis_000000436883,lvis_000000436883_yw_213490,0,background_false_accept
lvis_000000383921,lvis_000000383921_yw_188772,0,background_false_accept
lvis_000000465549,lvis_000000465549_yw_228229,0,background_false_accept
lvis_000000498709,lvis_000000498709_yw_242192,0,background_false_accept
lvis_000000466416,lvis_000000466416_yw_228870,0,background_false_accept
lvis_000000350122,lvis_000000350122_yw_171012,0,background_false_accept
lvis_000000157756,lvis_000000157756_yw_075020,0,background_false_accept
lvis_000000441468,lvis_000000441468_yw_215773,0,background_false_accept
lvis_000000425925,lvis_000000425925_yw_207408,0,background_false_accept
lvis_000000262938,lvis_000000262938_yw_127885,0,background_false_accept
lvis_000000521540,lvis_000000521540_yw_253503,0,background_false_accept
lvis_000000336658,lvis_000000336658_yw_164731,0,background_false_accept
lvis_000000376625,lvis_000000376625_yw_183950,0,background_false_accept
lvis_000000396200,lvis_000000396200_yw_193611,0,background_false_accept
lvis_000000377946,lvis_000000377946_yw_185906,0,background_false_accept
lvis_000000078823,lvis_000000078823_yw_034868,0,background_false_accept
lvis_000000285349,lvis_000000285349_yw_139058,0,background_false_accept
lvis_000000069795,lvis_000000069795_yw_031143,0,background_false_accept
lvis_000000521719,lvis_000000521719_yw_253604,0,background_false_accept
lvis_000000359677,lvis_000000359677_yw_174843,0,background_false_accept
lvis_000000196185,lvis_000000196185_yw_096275,0,background_false_accept
lvis_000000024919,lvis_000000024919_yw_012074,0,background_false_accept
lvis_000000043816,lvis_000000043816_yw_019313,0,background_false_accept
lvis_000000133819,lvis_000000133819_yw_060926,0,background_false_accept
lvis_000000151480,lvis_000000151480_yw_071548,0,background_false_accept
lvis_000000193743,lvis_000000193743_yw_095144,0,wrong_known_class_or_duplicate
lvis_000000157756,lvis_000000157756_yw_075021,0,background_false_accept
lvis_000000130826,lvis_000000130826_yw_058690,0,background_false_accept
lvis_000000221281,lvis_000000221281_yw_108083,0,background_false_accept
lvis_000000534673,lvis_000000534673_yw_259733,0,background_false_accept
lvis_000000378515,lvis_000000378515_yw_186373,0,background_false_accept
lvis_000000171611,lvis_000000171611_yw_082178,0,background_false_accept
lvis_000000336658,lvis_000000336658_yw_164732,0,background_false_accept
lvis_000000405691,lvis_000000405691_yw_197563,0,background_false_accept
lvis_000000247917,lvis_000000247917_yw_120967,0,background_false_accept
lvis_000000356612,lvis_000000356612_yw_173862,0,background_false_accept
lvis_000000158548,lvis_000000158548_yw_075350,0,background_false_accept
lvis_000000414133,lvis_000000414133_yw_202265,0,background_false_accept
lvis_000000363840,lvis_000000363840_yw_177478,0,background_false_accept
lvis_000000233238,lvis_000000233238_yw_115652,0,background_false_accept
lvis_000000523100,lvis_000000523100_yw_253929,0,unknown_false_accept
lvis_000000378139,lvis_000000378139_yw_186108,0,background_false_accept
lvis_000000471893,lvis_000000471893_yw_230716,0,background_false_accept
lvis_000000421060,lvis_000000421060_yw_205251,0,background_false_accept
lvis_000000248314,lvis_000000248314_yw_121094,0,background_false_accept
lvis_000000423798,lvis_000000423798_yw_206332,0,background_false_accept
lvis_000000244379,lvis_000000244379_yw_119765,0,background_false_accept
lvis_000000057725,lvis_000000057725_yw_025314,0,background_false_accept
lvis_000000010707,lvis_000000010707_yw_004883,0,background_false_accept
lvis_000000035279,lvis_000000035279_yw_016405,0,background_false_accept
lvis_000000425925,lvis_000000425925_yw_207409,0,wrong_known_class_or_duplicate
lvis_000000387098,lvis_000000387098_yw_189900,0,unknown_false_accept
lvis_000000495054,lvis_000000495054_yw_241142,0,background_false_accept
lvis_000000496854,lvis_000000496854_yw_241765,0,background_false_accept
lvis_000000320743,lvis_000000320743_yw_157086,0,wrong_known_class_or_duplicate
lvis_000000222299,lvis_000000222299_yw_108664,0,background_false_accept
lvis_000000506656,lvis_000000506656_yw_245566,0,background_false_accept
lvis_000000205282,lvis_000000205282_yw_099826,0,unknown_false_accept
lvis_000000277005,lvis_000000277005_yw_134219,0,background_false_accept
lvis_000000389804,lvis_000000389804_yw_191560,0,background_false_accept
lvis_000000166259,lvis_000000166259_yw_079316,0,background_false_accept
lvis_000000370042,lvis_000000370042_yw_180675,0,background_false_accept
lvis_000000356612,lvis_000000356612_yw_173864,0,background_false_accept
lvis_000000392818,lvis_000000392818_yw_192078,0,background_false_accept
lvis_000000022479,lvis_000000022479_yw_010994,0,background_false_accept
lvis_000000466416,lvis_000000466416_yw_228871,0,background_false_accept
lvis_000000140203,lvis_000000140203_yw_064302,0,background_false_accept
lvis_000000498709,lvis_000000498709_yw_242193,0,background_false_accept
lvis_000000133819,lvis_000000133819_yw_060929,0,background_false_accept
lvis_000000037740,lvis_000000037740_yw_017084,0,background_false_accept
lvis_000000387098,lvis_000000387098_yw_189901,0,background_false_accept
lvis_000000389684,lvis_000000389684_yw_191550,0,background_false_accept
lvis_000000347930,lvis_000000347930_yw_169793,0,background_false_accept
lvis_000000356428,lvis_000000356428_yw_173560,0,background_false_accept
lvis_000000421060,lvis_000000421060_yw_205252,0,background_false_accept
lvis_000000140203,lvis_000000140203_yw_064303,0,background_false_accept
lvis_000000043816,lvis_000000043816_yw_019314,0,background_false_accept
lvis_000000169169,lvis_000000169169_yw_080916,0,background_false_accept
lvis_000000506656,lvis_000000506656_yw_245567,0,background_false_accept
lvis_000000295420,lvis_000000295420_yw_144732,0,background_false_accept
lvis_000000407574,lvis_000000407574_yw_198225,0,background_false_accept
lvis_000000295420,lvis_000000295420_yw_144733,0,background_false_accept
lvis_000000105264,lvis_000000105264_yw_046650,0,background_false_accept
lvis_000000120420,lvis_000000120420_yw_052693,0,background_false_accept
lvis_000000211042,lvis_000000211042_yw_102879,0,background_false_accept
lvis_000000247917,lvis_000000247917_yw_120968,0,background_false_accept
lvis_000000255749,lvis_000000255749_yw_123965,0,background_false_accept
lvis_000000449312,lvis_000000449312_yw_219367,0,background_false_accept
lvis_000000087476,lvis_000000087476_yw_040018,0,background_false_accept
lvis_000000212573,lvis_000000212573_yw_103726,0,background_false_accept
lvis_000000234366,lvis_000000234366_yw_116217,0,background_false_accept
lvis_000000148719,lvis_000000148719_yw_070329,0,background_false_accept
lvis_000000214539,lvis_000000214539_yw_105295,0,background_false_accept
lvis_000000356428,lvis_000000356428_yw_173561,0,background_false_accept
lvis_000000349152,lvis_000000349152_yw_170141,0,unknown_false_accept
lvis_000000106235,lvis_000000106235_yw_047176,0,background_false_accept
lvis_000000423798,lvis_000000423798_yw_206333,0,background_false_accept
lvis_000000211674,lvis_000000211674_yw_103190,0,background_false_accept
lvis_000000298738,lvis_000000298738_yw_146806,0,background_false_accept
lvis_000000323751,lvis_000000323751_yw_158236,0,background_false_accept
lvis_000000350003,lvis_000000350003_yw_170509,0,background_false_accept
lvis_000000222299,lvis_000000222299_yw_108665,0,background_false_accept
lvis_000000335529,lvis_000000335529_yw_163663,0,background_false_accept
lvis_000000166747,lvis_000000166747_yw_079832,0,background_false_accept
lvis_000000180487,lvis_000000180487_yw_086644,0,background_false_accept
lvis_000000106048,lvis_000000106048_yw_047144,0,background_false_accept
lvis_000000436883,lvis_000000436883_yw_213492,0,background_false_accept
lvis_000000421060,lvis_000000421060_yw_205254,0,background_false_accept
lvis_000000436883,lvis_000000436883_yw_213494,0,background_false_accept
lvis_000000297147,lvis_000000297147_yw_146112,0,background_false_accept
lvis_000000078823,lvis_000000078823_yw_034870,0,background_false_accept
lvis_000000214539,lvis_000000214539_yw_105296,0,background_false_accept
lvis_000000166747,lvis_000000166747_yw_079833,0,background_false_accept
lvis_000000333956,lvis_000000333956_yw_162344,0,background_false_accept
lvis_000000234366,lvis_000000234366_yw_116218,0,unknown_false_accept
lvis_000000320642,lvis_000000320642_yw_156981,0,background_false_accept
lvis_000000482970,lvis_000000482970_yw_236130,0,background_false_accept
lvis_000000388056,lvis_000000388056_yw_190412,0,wrong_known_class_or_duplicate
lvis_000000409424,lvis_000000409424_yw_199108,0,background_false_accept
lvis_000000370042,lvis_000000370042_yw_180676,0,background_false_accept
lvis_000000068833,lvis_000000068833_yw_030697,0,background_false_accept
lvis_000000493286,lvis_000000493286_yw_240301,0,background_false_accept
lvis_000000207538,lvis_000000207538_yw_100703,0,background_false_accept
lvis_000000169169,lvis_000000169169_yw_080917,0,background_false_accept
lvis_000000515579,lvis_000000515579_yw_250850,0,background_false_accept
lvis_000000378139,lvis_000000378139_yw_186110,0,background_false_accept
lvis_000000157756,lvis_000000157756_yw_075025,0,background_false_accept
lvis_000000129492,lvis_000000129492_yw_057841,0,wrong_known_class_or_duplicate
lvis_000000466416,lvis_000000466416_yw_228872,0,background_false_accept
lvis_000000277005,lvis_000000277005_yw_134221,0,background_false_accept
lvis_000000421060,lvis_000000421060_yw_205255,0,background_false_accept
lvis_000000277005,lvis_000000277005_yw_134222,0,background_false_accept
lvis_000000465549,lvis_000000465549_yw_228230,0,background_false_accept
lvis_000000043816,lvis_000000043816_yw_019315,0,background_false_accept
lvis_000000314182,lvis_000000314182_yw_154725,0,background_false_accept
lvis_000000322968,lvis_000000322968_yw_157878,0,background_false_accept
lvis_000000232692,lvis_000000232692_yw_115496,0,background_false_accept
lvis_000000421060,lvis_000000421060_yw_205256,0,background_false_accept
lvis_000000454978,lvis_000000454978_yw_221841,0,background_false_accept
lvis_000000133969,lvis_000000133969_yw_061178,0,background_false_accept
lvis_000000148719,lvis_000000148719_yw_070331,0,background_false_accept
lvis_000000414133,lvis_000000414133_yw_202266,0,background_false_accept
lvis_000000310072,lvis_000000310072_yw_152810,0,background_false_accept
lvis_000000335529,lvis_000000335529_yw_163664,0,background_false_accept
lvis_000000378139,lvis_000000378139_yw_186111,0,background_false_accept
lvis_000000085576,lvis_000000085576_yw_038785,0,background_false_accept
lvis_000000310072,lvis_000000310072_yw_152811,0,background_false_accept
lvis_000000383289,lvis_000000383289_yw_188419,0,background_false_accept
lvis_000000289938,lvis_000000289938_yw_141512,0,background_false_accept
lvis_000000534673,lvis_000000534673_yw_259735,0,background_false_accept
lvis_000000561465,lvis_000000561465_yw_271707,0,unknown_false_accept
lvis_000000196185,lvis_000000196185_yw_096276,0,background_false_accept
lvis_000000528399,lvis_000000528399_yw_255974,0,background_false_accept
lvis_000000167486,lvis_000000167486_yw_080358,0,background_false_accept
lvis_000000436883,lvis_000000436883_yw_213496,0,background_false_accept
lvis_000000534673,lvis_000000534673_yw_259736,0,background_false_accept
lvis_000000323751,lvis_000000323751_yw_158238,0,background_false_accept
lvis_000000370042,lvis_000000370042_yw_180677,0,unknown_false_accept
lvis_000000473869,lvis_000000473869_yw_231298,0,background_false_accept
lvis_000000431727,lvis_000000431727_yw_210616,0,background_false_accept
lvis_000000193494,lvis_000000193494_yw_094936,0,background_false_accept
lvis_000000350003,lvis_000000350003_yw_170510,0,background_false_accept
lvis_000000242411,lvis_000000242411_yw_119031,0,background_false_accept
lvis_000000450202,lvis_000000450202_yw_219947,0,background_false_accept
lvis_000000295420,lvis_000000295420_yw_144734,0,background_false_accept
lvis_000000035279,lvis_000000035279_yw_016407,0,background_false_accept
lvis_000000285047,lvis_000000285047_yw_139028,0,background_false_accept
lvis_000000495054,lvis_000000495054_yw_241144,0,background_false_accept
lvis_000000331569,lvis_000000331569_yw_161501,0,background_false_accept
lvis_000000521719,lvis_000000521719_yw_253605,0,background_false_accept
lvis_000000278749,lvis_000000278749_yw_134720,0,background_false_accept
lvis_000000569030,lvis_000000569030_yw_275889,0,background_false_accept
lvis_000000210394,lvis_000000210394_yw_102732,0,background_false_accept
lvis_000000336658,lvis_000000336658_yw_164735,0,background_false_accept
lvis_000000440617,lvis_000000440617_yw_215558,0,background_false_accept
lvis_000000329041,lvis_000000329041_yw_160400,0,wrong_known_class_or_duplicate
lvis_000000080932,lvis_000000080932_yw_036114,0,background_false_accept
lvis_000000153568,lvis_000000153568_yw_072618,0,background_false_accept
lvis_000000356612,lvis_000000356612_yw_173865,0,background_false_accept
lvis_000000171611,lvis_000000171611_yw_082181,0,background_false_accept
lvis_000000335529,lvis_000000335529_yw_163666,0,background_false_accept
lvis_000000581100,lvis_000000581100_yw_281221,0,background_false_accept
lvis_000000458410,lvis_000000458410_yw_224043,0,unknown_false_accept
lvis_000000521719,lvis_000000521719_yw_253606,0,background_false_accept
lvis_000000083531,lvis_000000083531_yw_037514,0,background_false_accept
lvis_000000289938,lvis_000000289938_yw_141513,0,background_false_accept
lvis_000000032817,lvis_000000032817_yw_014963,0,wrong_known_class_or_duplicate
lvis_000000336658,lvis_000000336658_yw_164737,0,background_false_accept
lvis_000000374545,lvis_000000374545_yw_182876,0,background_false_accept
lvis_000000085157,lvis_000000085157_yw_038661,0,unknown_false_accept
lvis_000000210394,lvis_000000210394_yw_102734,0,background_false_accept
lvis_000000343149,lvis_000000343149_yw_167453,0,background_false_accept
lvis_000000361506,lvis_000000361506_yw_176127,0,background_false_accept
lvis_000000133969,lvis_000000133969_yw_061180,0,background_false_accept
lvis_000000356428,lvis_000000356428_yw_173564,0,background_false_accept
lvis_000000274708,lvis_000000274708_yw_133096,0,background_false_accept
lvis_000000425925,lvis_000000425925_yw_207410,0,background_false_accept
lvis_000000022479,lvis_000000022479_yw_010995,0,background_false_accept
lvis_000000407574,lvis_000000407574_yw_198227,0,background_false_accept
lvis_000000268378,lvis_000000268378_yw_130535,0,background_false_accept
lvis_000000423104,lvis_000000423104_yw_205736,0,background_false_accept
lvis_000000463647,lvis_000000463647_yw_227017,0,background_false_accept
lvis_000000212226,lvis_000000212226_yw_103349,0,background_false_accept
lvis_000000388056,lvis_000000388056_yw_190414,0,background_false_accept
lvis_000000285894,lvis_000000285894_yw_139103,0,background_false_accept
lvis_000000471893,lvis_000000471893_yw_230719,0,background_false_accept
lvis_000000377113,lvis_000000377113_yw_184439,0,background_false_accept
lvis_000000136633,lvis_000000136633_yw_062357,0,background_false_accept
lvis_000000370042,lvis_000000370042_yw_180678,0,background_false_accept
lvis_000000377113,lvis_000000377113_yw_184440,0,background_false_accept
lvis_000000421060,lvis_000000421060_yw_205259,0,background_false_accept
lvis_000000510095,lvis_000000510095_yw_248066,0,unknown_false_accept
lvis_000000169169,lvis_000000169169_yw_080918,0,background_false_accept
lvis_000000336658,lvis_000000336658_yw_164738,0,background_false_accept
lvis_000000133819,lvis_000000133819_yw_060937,0,background_false_accept
lvis_000000283037,lvis_000000283037_yw_137626,0,background_false_accept
lvis_000000527220,lvis_000000527220_yw_255638,0,background_false_accept
lvis_000000212226,lvis_000000212226_yw_103350,0,background_false_accept
lvis_000000376625,lvis_000000376625_yw_183952,0,background_false_accept
lvis_000000421060,lvis_000000421060_yw_205261,0,background_false_accept
lvis_000000441468,lvis_000000441468_yw_215778,0,background_false_accept
lvis_000000287347,lvis_000000287347_yw_139825,0,background_false_accept
lvis_000000507223,lvis_000000507223_yw_246420,0,background_false_accept
lvis_000000423798,lvis_000000423798_yw_206334,0,background_false_accept
lvis_000000135890,lvis_000000135890_yw_062127,0,background_false_accept
lvis_000000377113,lvis_000000377113_yw_184443,0,wrong_known_class_or_duplicate
lvis_000000167486,lvis_000000167486_yw_080359,0,background_false_accept
lvis_000000242411,lvis_000000242411_yw_119032,0,background_false_accept
lvis_000000162732,lvis_000000162732_yw_077514,0,background_false_accept
lvis_000000039670,lvis_000000039670_yw_018148,0,background_false_accept
lvis_000000087476,lvis_000000087476_yw_040025,0,background_false_accept
lvis_000000024919,lvis_000000024919_yw_012075,0,background_false_accept
lvis_000000333402,lvis_000000333402_yw_162154,0,background_false_accept
lvis_000000540280,lvis_000000540280_yw_261621,0,background_false_accept
lvis_000000534673,lvis_000000534673_yw_259738,0,background_false_accept
lvis_000000407574,lvis_000000407574_yw_198228,0,background_false_accept
lvis_000000336658,lvis_000000336658_yw_164739,0,background_false_accept
lvis_000000376625,lvis_000000376625_yw_183953,0,wrong_known_class_or_duplicate
lvis_000000212226,lvis_000000212226_yw_103351,0,background_false_accept
lvis_000000414133,lvis_000000414133_yw_202267,0,background_false_accept
lvis_000000336658,lvis_000000336658_yw_164740,0,background_false_accept
lvis_000000156643,lvis_000000156643_yw_074591,0,background_false_accept
lvis_000000232692,lvis_000000232692_yw_115497,0,background_false_accept
lvis_000000363840,lvis_000000363840_yw_177479,0,background_false_accept
lvis_000000384513,lvis_000000384513_yw_188933,0,background_false_accept
lvis_000000333402,lvis_000000333402_yw_162155,0,background_false_accept
lvis_000000206218,lvis_000000206218_yw_100225,0,background_false_accept
lvis_000000148719,lvis_000000148719_yw_070333,0,background_false_accept
lvis_000000021167,lvis_000000021167_yw_010673,0,background_false_accept
lvis_000000166166,lvis_000000166166_yw_079276,0,background_false_accept
lvis_000000320743,lvis_000000320743_yw_157088,0,background_false_accept
lvis_000000396200,lvis_000000396200_yw_193615,0,background_false_accept
lvis_000000563702,lvis_000000563702_yw_273182,0,background_false_accept
lvis_000000393115,lvis_000000393115_yw_192240,0,background_false_accept
lvis_000000374545,lvis_000000374545_yw_182877,0,background_false_accept
lvis_000000405205,lvis_000000405205_yw_197290,0,background_false_accept
lvis_000000323751,lvis_000000323751_yw_158239,0,background_false_accept
lvis_000000511076,lvis_000000511076_yw_248318,0,background_false_accept
lvis_000000569030,lvis_000000569030_yw_275890,0,wrong_known_class_or_duplicate
lvis_000000242411,lvis_000000242411_yw_119034,0,background_false_accept
lvis_000000471893,lvis_000000471893_yw_230721,0,background_false_accept
lvis_000000493286,lvis_000000493286_yw_240304,0,background_false_accept
lvis_000000080932,lvis_000000080932_yw_036115,0,background_false_accept
lvis_000000019042,lvis_000000019042_yw_009903,0,background_false_accept
lvis_000000495054,lvis_000000495054_yw_241146,0,background_false_accept
lvis_000000212573,lvis_000000212573_yw_103730,0,background_false_accept
lvis_000000350003,lvis_000000350003_yw_170512,0,background_false_accept
lvis_000000466416,lvis_000000466416_yw_228874,0,background_false_accept
lvis_000000211042,lvis_000000211042_yw_102880,0,background_false_accept
lvis_000000000802,lvis_000000000802_yw_000173,0,unknown_false_accept
lvis_000000278749,lvis_000000278749_yw_134722,0,background_false_accept
lvis_000000569030,lvis_000000569030_yw_275891,0,background_false_accept
lvis_000000295420,lvis_000000295420_yw_144736,0,background_false_accept
lvis_000000517523,lvis_000000517523_yw_251598,0,background_false_accept
lvis_000000383289,lvis_000000383289_yw_188422,0,background_false_accept
lvis_000000196442,lvis_000000196442_yw_096335,0,background_false_accept
lvis_000000211674,lvis_000000211674_yw_103195,0,background_false_accept
lvis_000000330369,lvis_000000330369_yw_160983,0,background_false_accept
lvis_000000495054,lvis_000000495054_yw_241147,0,background_false_accept
lvis_000000389316,lvis_000000389316_yw_191144,0,background_false_accept
lvis_000000534673,lvis_000000534673_yw_259740,0,background_false_accept
lvis_000000336658,lvis_000000336658_yw_164741,0,background_false_accept
lvis_000000019042,lvis_000000019042_yw_009904,0,background_false_accept
lvis_000000025603,lvis_000000025603_yw_012516,0,background_false_accept
lvis_000000080932,lvis_000000080932_yw_036116,0,unknown_false_accept
lvis_000000440617,lvis_000000440617_yw_215560,0,background_false_accept
lvis_000000133819,lvis_000000133819_yw_060940,0,background_false_accept
lvis_000000278705,lvis_000000278705_yw_134535,0,unknown_false_accept
lvis_000000019042,lvis_000000019042_yw_009905,0,background_false_accept
lvis_000000534673,lvis_000000534673_yw_259741,0,background_false_accept
lvis_000000333956,lvis_000000333956_yw_162345,0,background_false_accept
lvis_000000242678,lvis_000000242678_yw_119107,0,background_false_accept
lvis_000000133819,lvis_000000133819_yw_060941,0,background_false_accept
lvis_000000039670,lvis_000000039670_yw_018149,0,background_false_accept
lvis_000000021839,lvis_000000021839_yw_010842,0,background_false_accept
lvis_000000310072,lvis_000000310072_yw_152812,0,background_false_accept
lvis_000000336658,lvis_000000336658_yw_164743,0,background_false_accept
lvis_000000226154,lvis_000000226154_yw_110531,0,background_false_accept
lvis_000000569030,lvis_000000569030_yw_275892,0,background_false_accept
lvis_000000322968,lvis_000000322968_yw_157881,0,background_false_accept
lvis_000000255749,lvis_000000255749_yw_123967,0,background_false_accept
lvis_000000336658,lvis_000000336658_yw_164744,0,background_false_accept
lvis_000000534673,lvis_000000534673_yw_259742,0,background_false_accept
lvis_000000278705,lvis_000000278705_yw_134536,0,background_false_accept
lvis_000000425221,lvis_000000425221_yw_207031,0,background_false_accept
lvis_000000374545,lvis_000000374545_yw_182881,0,background_false_accept
lvis_000000335529,lvis_000000335529_yw_163667,0,background_false_accept
lvis_000000563702,lvis_000000563702_yw_273183,0,background_false_accept
lvis_000000133819,lvis_000000133819_yw_060943,0,background_false_accept
lvis_000000377946,lvis_000000377946_yw_185911,0,background_false_accept
lvis_000000480122,lvis_000000480122_yw_234621,0,background_false_accept
lvis_000000463037,lvis_000000463037_yw_226287,0,background_false_accept
lvis_000000523100,lvis_000000523100_yw_253930,0,unknown_false_accept
lvis_000000133819,lvis_000000133819_yw_060945,0,background_false_accept
lvis_000000378139,lvis_000000378139_yw_186113,0,background_false_accept
lvis_000000164602,lvis_000000164602_yw_078579,0,background_false_accept
lvis_000000133819,lvis_000000133819_yw_060947,0,background_false_accept
lvis_000000534673,lvis_000000534673_yw_259743,0,background_false_accept
lvis_000000356612,lvis_000000356612_yw_173872,0,background_false_accept
lvis_000000396526,lvis_000000396526_yw_193782,0,background_false_accept
lvis_000000166166,lvis_000000166166_yw_079277,0,background_false_accept
lvis_000000009891,lvis_000000009891_yw_004689,0,background_false_accept
lvis_000000495054,lvis_000000495054_yw_241148,0,background_false_accept
lvis_000000010707,lvis_000000010707_yw_004887,0,background_false_accept
lvis_000000382125,lvis_000000382125_yw_188274,0,background_false_accept
lvis_000000025603,lvis_000000025603_yw_012521,0,unknown_false_accept
lvis_000000515579,lvis_000000515579_yw_250855,0,background_false_accept
lvis_000000356612,lvis_000000356612_yw_173873,0,background_false_accept
lvis_000000511076,lvis_000000511076_yw_248319,0,background_false_accept
lvis_000000080932,lvis_000000080932_yw_036118,0,background_false_accept
lvis_000000335529,lvis_000000335529_yw_163669,0,background_false_accept
lvis_000000283037,lvis_000000283037_yw_137627,0,background_false_accept
lvis_000000328238,lvis_000000328238_yw_159985,0,background_false_accept
lvis_000000021167,lvis_000000021167_yw_010674,0,background_false_accept
lvis_000000336658,lvis_000000336658_yw_164746,0,background_false_accept
lvis_000000019042,lvis_000000019042_yw_009906,0,background_false_accept
lvis_000000210394,lvis_000000210394_yw_102740,0,background_false_accept
lvis_000000170116,lvis_000000170116_yw_081327,0,background_false_accept
lvis_000000242411,lvis_000000242411_yw_119037,0,background_false_accept
lvis_000000171611,lvis_000000171611_yw_082182,0,background_false_accept
lvis_000000283037,lvis_000000283037_yw_137628,0,background_false_accept
lvis_000000212573,lvis_000000212573_yw_103733,0,background_false_accept
lvis_000000356612,lvis_000000356612_yw_173875,0,background_false_accept
lvis_000000184338,lvis_000000184338_yw_089736,0,background_false_accept
lvis_000000094157,lvis_000000094157_yw_042153,0,background_false_accept
lvis_000000414133,lvis_000000414133_yw_202268,0,background_false_accept
lvis_000000277005,lvis_000000277005_yw_134224,0,background_false_accept
lvis_000000242411,lvis_000000242411_yw_119038,0,background_false_accept
lvis_000000158548,lvis_000000158548_yw_075353,0,background_false_accept
lvis_000000356612,lvis_000000356612_yw_173876,0,background_false_accept
lvis_000000466416,lvis_000000466416_yw_228875,0,background_false_accept
lvis_000000378515,lvis_000000378515_yw_186377,0,background_false_accept
lvis_000000569030,lvis_000000569030_yw_275893,0,background_false_accept
lvis_000000252559,lvis_000000252559_yw_122468,0,background_false_accept
lvis_000000021839,lvis_000000021839_yw_010843,0,background_false_accept
lvis_000000323751,lvis_000000323751_yw_158240,0,background_false_accept
lvis_000000356612,lvis_000000356612_yw_173877,0,background_false_accept
lvis_000000361506,lvis_000000361506_yw_176128,0,background_false_accept
lvis_000000167486,lvis_000000167486_yw_080361,0,background_false_accept
lvis_000000135890,lvis_000000135890_yw_062128,0,background_false_accept
lvis_000000350122,lvis_000000350122_yw_171016,0,background_false_accept
lvis_000000278749,lvis_000000278749_yw_134723,0,background_false_accept
lvis_000000569030,lvis_000000569030_yw_275894,0,background_false_accept
lvis_000000491090,lvis_000000491090_yw_238883,0,background_false_accept
lvis_000000453841,lvis_000000453841_yw_221507,0,background_false_accept
lvis_000000133819,lvis_000000133819_yw_060950,0,background_false_accept
lvis_000000440617,lvis_000000440617_yw_215561,0,background_false_accept
lvis_000000336658,lvis_000000336658_yw_164748,1,known_tp
lvis_000000578500,lvis_000000578500_yw_280328,0,background_false_accept
lvis_000000285047,lvis_000000285047_yw_139030,0,wrong_known_class_or_duplicate
lvis_000000295420,lvis_000000295420_yw_144737,0,background_false_accept
lvis_000000348708,lvis_000000348708_yw_169948,0,unknown_false_accept
lvis_000000522007,lvis_000000522007_yw_253690,0,unknown_false_accept
lvis_000000320706,lvis_000000320706_yw_157000,0,background_false_accept
lvis_000000348708,lvis_000000348708_yw_169949,0,unknown_false_accept
lvis_000000330369,lvis_000000330369_yw_160985,0,background_false_accept
lvis_000000278749,lvis_000000278749_yw_134724,0,background_false_accept
lvis_000000349860,lvis_000000349860_yw_170399,0,background_false_accept
lvis_000000157756,lvis_000000157756_yw_075029,0,background_false_accept
lvis_000000335529,lvis_000000335529_yw_163671,0,background_false_accept
lvis_000000231879,lvis_000000231879_yw_115143,0,background_false_accept
lvis_000000336658,lvis_000000336658_yw_164749,0,background_false_accept
lvis_000000466416,lvis_000000466416_yw_228876,0,background_false_accept
lvis_000000166747,lvis_000000166747_yw_079836,0,background_false_accept
lvis_000000486438,lvis_000000486438_yw_237412,0,background_false_accept
lvis_000000278749,lvis_000000278749_yw_134725,0,background_false_accept
lvis_000000019042,lvis_000000019042_yw_009907,0,background_false_accept
lvis_000000347456,lvis_000000347456_yw_169684,0,background_false_accept
lvis_000000025603,lvis_000000025603_yw_012523,0,background_false_accept
lvis_000000556193,lvis_000000556193_yw_269407,0,background_false_accept
lvis_000000060363,lvis_000000060363_yw_026539,0,background_false_accept
lvis_000000196185,lvis_000000196185_yw_096280,0,background_false_accept
lvis_000000158548,lvis_000000158548_yw_075354,0,background_false_accept
lvis_000000529568,lvis_000000529568_yw_256568,0,background_false_accept
lvis_000000323202,lvis_000000323202_yw_157933,0,unknown_false_accept
lvis_000000162732,lvis_000000162732_yw_077515,0,background_false_accept
lvis_000000441491,lvis_000000441491_yw_215805,0,background_false_accept
lvis_000000073118,lvis_000000073118_yw_032155,0,background_false_accept
lvis_000000024919,lvis_000000024919_yw_012076,0,background_false_accept
lvis_000000205282,lvis_000000205282_yw_099827,0,background_false_accept
lvis_000000252559,lvis_000000252559_yw_122469,0,wrong_known_class_or_duplicate
lvis_000000273715,lvis_000000273715_yw_132413,0,background_false_accept
lvis_000000360325,lvis_000000360325_yw_175272,0,background_false_accept
lvis_000000169169,lvis_000000169169_yw_080921,0,background_false_accept
lvis_000000333402,lvis_000000333402_yw_162157,0,background_false_accept
lvis_000000511076,lvis_000000511076_yw_248320,0,background_false_accept
lvis_000000285894,lvis_000000285894_yw_139105,0,background_false_accept
lvis_000000136633,lvis_000000136633_yw_062362,0,background_false_accept
lvis_000000378139,lvis_000000378139_yw_186114,0,background_false_accept
lvis_000000515579,lvis_000000515579_yw_250858,0,background_false_accept
lvis_000000507223,lvis_000000507223_yw_246426,0,background_false_accept
lvis_000000350003,lvis_000000350003_yw_170513,0,background_false_accept
lvis_000000507223,lvis_000000507223_yw_246427,0,background_false_accept
lvis_000000328959,lvis_000000328959_yw_160330,0,background_false_accept
lvis_000000197528,lvis_000000197528_yw_096670,0,background_false_accept
lvis_000000210394,lvis_000000210394_yw_102741,0,background_false_accept
lvis_000000121497,lvis_000000121497_yw_053242,0,background_false_accept
lvis_000000370042,lvis_000000370042_yw_180681,0,background_false_accept
lvis_000000226903,lvis_000000226903_yw_111444,0,background_false_accept
lvis_000000482970,lvis_000000482970_yw_236131,0,background_false_accept
lvis_000000133819,lvis_000000133819_yw_060952,0,background_false_accept
lvis_000000170116,lvis_000000170116_yw_081329,0,background_false_accept
lvis_000000171611,lvis_000000171611_yw_082183,0,background_false_accept
lvis_000000021839,lvis_000000021839_yw_010846,0,background_false_accept
lvis_000000314914,lvis_000000314914_yw_154960,0,background_false_accept
lvis_000000184338,lvis_000000184338_yw_089737,0,background_false_accept
lvis_000000278749,lvis_000000278749_yw_134729,0,background_false_accept
lvis_000000274708,lvis_000000274708_yw_133097,0,background_false_accept
lvis_000000083531,lvis_000000083531_yw_037516,0,background_false_accept
lvis_000000320743,lvis_000000320743_yw_157089,0,background_false_accept
lvis_000000466416,lvis_000000466416_yw_228877,0,background_false_accept
lvis_000000210394,lvis_000000210394_yw_102742,0,background_false_accept
lvis_000000491090,lvis_000000491090_yw_238885,0,background_false_accept
lvis_000000555972,lvis_000000555972_yw_269333,0,background_false_accept
lvis_000000360325,lvis_000000360325_yw_175274,0,background_false_accept
lvis_000000336658,lvis_000000336658_yw_164750,0,background_false_accept
lvis_000000295316,lvis_000000295316_yw_144678,0,background_false_accept
lvis_000000017714,lvis_000000017714_yw_009069,0,background_false_accept
lvis_000000009891,lvis_000000009891_yw_004693,0,background_false_accept
lvis_000000529568,lvis_000000529568_yw_256569,0,unknown_false_accept
lvis_000000454978,lvis_000000454978_yw_221842,0,background_false_accept
lvis_000000151480,lvis_000000151480_yw_071552,0,background_false_accept
lvis_000000205282,lvis_000000205282_yw_099828,0,unknown_false_accept
lvis_000000283037,lvis_000000283037_yw_137629,0,background_false_accept
lvis_000000252559,lvis_000000252559_yw_122471,0,background_false_accept
lvis_000000557172,lvis_000000557172_yw_269420,0,background_false_accept
lvis_000000184338,lvis_000000184338_yw_089738,0,background_false_accept
lvis_000000292155,lvis_000000292155_yw_143015,0,background_false_accept
lvis_000000359219,lvis_000000359219_yw_174782,0,unknown_false_accept
lvis_000000021839,lvis_000000021839_yw_010847,0,background_false_accept
lvis_000000022479,lvis_000000022479_yw_010996,0,background_false_accept
lvis_000000277005,lvis_000000277005_yw_134228,0,background_false_accept
lvis_000000389684,lvis_000000389684_yw_191552,0,background_false_accept
lvis_000000200152,lvis_000000200152_yw_097483,0,background_false_accept
lvis_000000465718,lvis_000000465718_yw_228355,0,background_false_accept
lvis_000000323751,lvis_000000323751_yw_158241,0,background_false_accept
lvis_000000167486,lvis_000000167486_yw_080363,0,background_false_accept
lvis_000000533493,lvis_000000533493_yw_258565,0,background_false_accept
lvis_000000191761,lvis_000000191761_yw_093799,0,background_false_accept
lvis_000000242411,lvis_000000242411_yw_119043,0,background_false_accept
lvis_000000231879,lvis_000000231879_yw_115144,0,background_false_accept
lvis_000000312278,lvis_000000312278_yw_153800,0,background_false_accept
lvis_000000476215,lvis_000000476215_yw_232531,0,background_false_accept
lvis_000000312421,lvis_000000312421_yw_154051,0,wrong_known_class_or_duplicate
lvis_000000010707,lvis_000000010707_yw_004888,0,background_false_accept
lvis_000000210394,lvis_000000210394_yw_102743,0,background_false_accept
lvis_000000356612,lvis_000000356612_yw_173880,0,background_false_accept
lvis_000000335529,lvis_000000335529_yw_163672,0,background_false_accept
lvis_000000242678,lvis_000000242678_yw_119108,0,background_false_accept
lvis_000000336658,lvis_000000336658_yw_164751,0,background_false_accept
lvis_000000211674,lvis_000000211674_yw_103199,0,background_false_accept
lvis_000000057725,lvis_000000057725_yw_025317,0,background_false_accept
lvis_000000350122,lvis_000000350122_yw_171021,0,background_false_accept
lvis_000000167486,lvis_000000167486_yw_080366,0,background_false_accept
lvis_000000130826,lvis_000000130826_yw_058696,0,background_false_accept
lvis_000000368900,lvis_000000368900_yw_179615,0,background_false_accept
lvis_000000226154,lvis_000000226154_yw_110533,0,background_false_accept
lvis_000000350607,lvis_000000350607_yw_171204,0,background_false_accept
lvis_000000150224,lvis_000000150224_yw_071055,0,background_false_accept
lvis_000000262440,lvis_000000262440_yw_127762,0,background_false_accept
lvis_000000376093,lvis_000000376093_yw_183310,0,unknown_false_accept
lvis_000000002149,lvis_000000002149_yw_001240,0,background_false_accept
lvis_000000248314,lvis_000000248314_yw_121096,0,unknown_false_accept
lvis_000000349152,lvis_000000349152_yw_170142,0,unknown_false_accept
lvis_000000278749,lvis_000000278749_yw_134730,0,background_false_accept
lvis_000000349152,lvis_000000349152_yw_170143,0,unknown_false_accept
lvis_000000551815,lvis_000000551815_yw_267350,0,background_false_accept
lvis_000000312421,lvis_000000312421_yw_154052,0,background_false_accept
lvis_000000454978,lvis_000000454978_yw_221843,0,background_false_accept
lvis_000000396200,lvis_000000396200_yw_193618,0,background_false_accept
lvis_000000196185,lvis_000000196185_yw_096281,0,background_false_accept
lvis_000000396200,lvis_000000396200_yw_193619,0,background_false_accept
lvis_000000361506,lvis_000000361506_yw_176131,0,unknown_false_accept
lvis_000000322968,lvis_000000322968_yw_157885,0,background_false_accept
lvis_000000242411,lvis_000000242411_yw_119044,0,background_false_accept
lvis_000000360960,lvis_000000360960_yw_175466,0,background_false_accept
lvis_000000009891,lvis_000000009891_yw_004694,0,background_false_accept
lvis_000000484978,lvis_000000484978_yw_236813,0,background_false_accept
lvis_000000255749,lvis_000000255749_yw_123969,0,background_false_accept
lvis_000000278749,lvis_000000278749_yw_134731,0,background_false_accept
lvis_000000013729,lvis_000000013729_yw_006661,0,background_false_accept
lvis_000000449312,lvis_000000449312_yw_219369,0,background_false_accept
lvis_000000414133,lvis_000000414133_yw_202270,0,background_false_accept
lvis_000000374545,lvis_000000374545_yw_182884,0,background_false_accept
lvis_000000425925,lvis_000000425925_yw_207416,0,background_false_accept
lvis_000000436883,lvis_000000436883_yw_213500,0,background_false_accept
lvis_000000276055,lvis_000000276055_yw_133654,0,background_false_accept
lvis_000000242411,lvis_000000242411_yw_119045,0,background_false_accept
lvis_000000094157,lvis_000000094157_yw_042155,0,background_false_accept
lvis_000000059920,lvis_000000059920_yw_026378,0,background_false_accept
lvis_000000221872,lvis_000000221872_yw_108382,0,unknown_false_accept
lvis_000000578500,lvis_000000578500_yw_280329,0,background_false_accept
lvis_000000161642,lvis_000000161642_yw_076937,0,background_false_accept
lvis_000000247917,lvis_000000247917_yw_120969,0,background_false_accept
lvis_000000279769,lvis_000000279769_yw_135325,0,background_false_accept
lvis_000000289938,lvis_000000289938_yw_141517,0,unknown_false_accept
lvis_000000022479,lvis_000000022479_yw_010998,0,background_false_accept
lvis_000000495054,lvis_000000495054_yw_241150,0,background_false_accept
lvis_000000113720,lvis_000000113720_yw_049709,0,unknown_false_accept
lvis_000000506656,lvis_000000506656_yw_245572,0,background_false_accept
lvis_000000106235,lvis_000000106235_yw_047181,0,background_false_accept
lvis_000000389684,lvis_000000389684_yw_191553,0,background_false_accept
lvis_000000245915,lvis_000000245915_yw_120507,0,background_false_accept
lvis_000000233238,lvis_000000233238_yw_115657,0,unknown_false_accept
lvis_000000377946,lvis_000000377946_yw_185913,0,background_false_accept
lvis_000000314264,lvis_000000314264_yw_154913,0,background_false_accept
lvis_000000493286,lvis_000000493286_yw_240308,0,background_false_accept
lvis_000000522007,lvis_000000522007_yw_253692,0,unknown_false_accept
lvis_000000022479,lvis_000000022479_yw_010999,0,background_false_accept
lvis_000000343803,lvis_000000343803_yw_167994,0,background_false_accept
lvis_000000396200,lvis_000000396200_yw_193620,0,background_false_accept
lvis_000000136633,lvis_000000136633_yw_062363,0,background_false_accept
lvis_000000496854,lvis_000000496854_yw_241769,0,background_false_accept
lvis_000000336658,lvis_000000336658_yw_164752,0,background_false_accept
lvis_000000463647,lvis_000000463647_yw_227021,0,background_false_accept
lvis_000000350122,lvis_000000350122_yw_171024,0,background_false_accept
lvis_000000414133,lvis_000000414133_yw_202271,0,background_false_accept
lvis_000000569976,lvis_000000569976_yw_276192,0,background_false_accept
lvis_000000255749,lvis_000000255749_yw_123970,0,background_false_accept
lvis_000000019042,lvis_000000019042_yw_009909,0,background_false_accept
lvis_000000466416,lvis_000000466416_yw_228878,0,background_false_accept
lvis_000000226154,lvis_000000226154_yw_110534,0,background_false_accept
lvis_000000335529,lvis_000000335529_yw_163675,0,background_false_accept
lvis_000000283037,lvis_000000283037_yw_137630,0,background_false_accept
lvis_000000278749,lvis_000000278749_yw_134734,0,background_false_accept
lvis_000000319696,lvis_000000319696_yw_156552,0,background_false_accept
lvis_000000125472,lvis_000000125472_yw_055444,0,background_false_accept
lvis_000000232692,lvis_000000232692_yw_115502,0,background_false_accept
lvis_000000279769,lvis_000000279769_yw_135326,0,background_false_accept
lvis_000000211674,lvis_000000211674_yw_103201,0,background_false_accept
lvis_000000475904,lvis_000000475904_yw_232462,0,background_false_accept
lvis_000000423798,lvis_000000423798_yw_206337,1,known_tp
lvis_000000289938,lvis_000000289938_yw_141518,0,background_false_accept
lvis_000000511076,lvis_000000511076_yw_248326,0,background_false_accept
lvis_000000447917,lvis_000000447917_yw_218528,0,background_false_accept
lvis_000000274708,lvis_000000274708_yw_133099,0,background_false_accept
lvis_000000581100,lvis_000000581100_yw_281223,0,background_false_accept
lvis_000000242678,lvis_000000242678_yw_119109,0,background_false_accept
lvis_000000414133,lvis_000000414133_yw_202272,0,background_false_accept
lvis_000000570169,lvis_000000570169_yw_276205,0,background_false_accept
lvis_000000133819,lvis_000000133819_yw_060960,0,background_false_accept
lvis_000000511321,lvis_000000511321_yw_248411,0,background_false_accept
lvis_000000150224,lvis_000000150224_yw_071056,0,background_false_accept
lvis_000000211674,lvis_000000211674_yw_103202,0,background_false_accept
lvis_000000377946,lvis_000000377946_yw_185914,0,background_false_accept
lvis_000000350488,lvis_000000350488_yw_171196,0,background_false_accept
lvis_000000466416,lvis_000000466416_yw_228879,0,background_false_accept
lvis_000000210394,lvis_000000210394_yw_102746,0,background_false_accept
lvis_000000103548,lvis_000000103548_yw_046348,0,background_false_accept
lvis_000000245915,lvis_000000245915_yw_120508,0,background_false_accept
lvis_000000384513,lvis_000000384513_yw_188934,0,background_false_accept
lvis_000000496854,lvis_000000496854_yw_241771,0,background_false_accept
lvis_000000453841,lvis_000000453841_yw_221511,0,background_false_accept
lvis_000000166747,lvis_000000166747_yw_079839,0,background_false_accept
lvis_000000158548,lvis_000000158548_yw_075356,0,background_false_accept
lvis_000000057725,lvis_000000057725_yw_025320,0,background_false_accept
lvis_000000534673,lvis_000000534673_yw_259744,0,background_false_accept
lvis_000000087476,lvis_000000087476_yw_040034,0,background_false_accept
lvis_000000083531,lvis_000000083531_yw_037518,0,background_false_accept
lvis_000000211674,lvis_000000211674_yw_103204,0,background_false_accept
lvis_000000555972,lvis_000000555972_yw_269334,0,background_false_accept
lvis_000000493286,lvis_000000493286_yw_240309,0,background_false_accept
lvis_000000133819,lvis_000000133819_yw_060961,0,background_false_accept
lvis_000000133819,lvis_000000133819_yw_060962,0,background_false_accept
lvis_000000467315,lvis_000000467315_yw_229059,0,background_false_accept
lvis_000000242678,lvis_000000242678_yw_119110,0,background_false_accept
lvis_000000421060,lvis_000000421060_yw_205266,0,background_false_accept
lvis_000000189475,lvis_000000189475_yw_092363,0,background_false_accept
lvis_000000387098,lvis_000000387098_yw_189902,0,background_false_accept
lvis_000000449312,lvis_000000449312_yw_219373,0,background_false_accept
lvis_000000189475,lvis_000000189475_yw_092364,0,background_false_accept
lvis_000000284762,lvis_000000284762_yw_138898,0,background_false_accept
lvis_000000147740,lvis_000000147740_yw_069732,0,background_false_accept
lvis_000000441468,lvis_000000441468_yw_215780,0,background_false_accept
lvis_000000133819,lvis_000000133819_yw_060963,0,background_false_accept
lvis_000000421060,lvis_000000421060_yw_205267,0,background_false_accept
lvis_000000106048,lvis_000000106048_yw_047147,0,background_false_accept
lvis_000000278749,lvis_000000278749_yw_134735,0,background_false_accept
lvis_000000330369,lvis_000000330369_yw_160986,0,background_false_accept
lvis_000000350003,lvis_000000350003_yw_170514,0,background_false_accept
lvis_000000277005,lvis_000000277005_yw_134234,0,background_false_accept
lvis_000000214539,lvis_000000214539_yw_105305,0,background_false_accept
lvis_000000521719,lvis_000000521719_yw_253609,0,background_false_accept
lvis_000000405205,lvis_000000405205_yw_197293,0,background_false_accept
lvis_000000322968,lvis_000000322968_yw_157886,0,background_false_accept
lvis_000000312278,lvis_000000312278_yw_153801,0,background_false_accept
lvis_000000324258,lvis_000000324258_yw_158636,0,background_false_accept
lvis_000000534041,lvis_000000534041_yw_259017,0,background_false_accept
lvis_000000133819,lvis_000000133819_yw_060964,0,background_false_accept
lvis_000000425226,lvis_000000425226_yw_207119,0,background_false_accept
lvis_000000378139,lvis_000000378139_yw_186117,0,background_false_accept
lvis_000000463037,lvis_000000463037_yw_226289,0,background_false_accept
lvis_000000421060,lvis_000000421060_yw_205268,0,background_false_accept
lvis_000000167486,lvis_000000167486_yw_080370,0,background_false_accept
lvis_000000009891,lvis_000000009891_yw_004695,0,background_false_accept
lvis_000000242678,lvis_000000242678_yw_119112,0,background_false_accept
lvis_000000009891,lvis_000000009891_yw_004696,0,background_false_accept
lvis_000000378139,lvis_000000378139_yw_186118,0,background_false_accept
lvis_000000335529,lvis_000000335529_yw_163676,0,background_false_accept
lvis_000000085157,lvis_000000085157_yw_038663,0,background_false_accept
lvis_000000211674,lvis_000000211674_yw_103205,0,background_false_accept
lvis_000000120420,lvis_000000120420_yw_052698,0,background_false_accept
lvis_000000425925,lvis_000000425925_yw_207418,0,background_false_accept
lvis_000000166166,lvis_000000166166_yw_079279,0,background_false_accept
lvis_000000356612,lvis_000000356612_yw_173882,0,background_false_accept
lvis_000000060052,lvis_000000060052_yw_026395,0,wrong_known_class_or_duplicate
lvis_000000336658,lvis_000000336658_yw_164755,0,background_false_accept
lvis_000000025603,lvis_000000025603_yw_012527,0,background_false_accept
lvis_000000150649,lvis_000000150649_yw_071338,0,unknown_false_accept
lvis_000000226154,lvis_000000226154_yw_110535,0,background_false_accept
lvis_000000022479,lvis_000000022479_yw_011000,0,background_false_accept
lvis_000000021839,lvis_000000021839_yw_010850,0,background_false_accept
lvis_000000421060,lvis_000000421060_yw_205269,0,background_false_accept
lvis_000000021839,lvis_000000021839_yw_010851,0,background_false_accept
lvis_000000105264,lvis_000000105264_yw_046653,0,background_false_accept
lvis_000000185292,lvis_000000185292_yw_090125,0,background_false_accept
lvis_000000356261,lvis_000000356261_yw_172996,0,background_false_accept
lvis_000000393115,lvis_000000393115_yw_192242,0,background_false_accept
lvis_000000484978,lvis_000000484978_yw_236815,0,background_false_accept
lvis_000000239347,lvis_000000239347_yw_117763,0,background_false_accept
lvis_000000466416,lvis_000000466416_yw_228881,0,background_false_accept
lvis_000000330369,lvis_000000330369_yw_160987,0,background_false_accept
lvis_000000278749,lvis_000000278749_yw_134737,0,background_false_accept
lvis_000000450202,lvis_000000450202_yw_219951,0,background_false_accept
lvis_000000088040,lvis_000000088040_yw_040064,0,background_false_accept
lvis_000000384513,lvis_000000384513_yw_188935,0,background_false_accept
lvis_000000378515,lvis_000000378515_yw_186381,0,background_false_accept
lvis_000000211674,lvis_000000211674_yw_103206,0,background_false_accept
lvis_000000335529,lvis_000000335529_yw_163677,0,background_false_accept
lvis_000000210394,lvis_000000210394_yw_102748,0,background_false_accept
lvis_000000312278,lvis_000000312278_yw_153803,0,background_false_accept
lvis_000000212573,lvis_000000212573_yw_103735,0,background_false_accept
lvis_000000196442,lvis_000000196442_yw_096336,0,background_false_accept
lvis_000000133969,lvis_000000133969_yw_061184,0,background_false_accept
lvis_000000162732,lvis_000000162732_yw_077516,0,background_false_accept
lvis_000000210394,lvis_000000210394_yw_102749,0,background_false_accept
lvis_000000453841,lvis_000000453841_yw_221513,0,background_false_accept
lvis_000000135890,lvis_000000135890_yw_062129,0,background_false_accept
lvis_000000019042,lvis_000000019042_yw_009910,0,background_false_accept
lvis_000000396200,lvis_000000396200_yw_193622,0,background_false_accept
lvis_000000466416,lvis_000000466416_yw_228882,0,background_false_accept
lvis_000000455937,lvis_000000455937_yw_222578,0,background_false_accept
lvis_000000376625,lvis_000000376625_yw_183957,0,background_false_accept
lvis_000000356612,lvis_000000356612_yw_173884,0,background_false_accept
lvis_000000581100,lvis_000000581100_yw_281224,0,background_false_accept
lvis_000000166478,lvis_000000166478_yw_079530,0,background_false_accept
lvis_000000189475,lvis_000000189475_yw_092366,0,background_false_accept
lvis_000000455937,lvis_000000455937_yw_222579,0,background_false_accept
lvis_000000164637,lvis_000000164637_yw_078587,0,background_false_accept
lvis_000000078823,lvis_000000078823_yw_034876,0,background_false_accept
lvis_000000094157,lvis_000000094157_yw_042156,0,background_false_accept
lvis_000000212573,lvis_000000212573_yw_103736,0,background_false_accept
lvis_000000377946,lvis_000000377946_yw_185915,0,background_false_accept
lvis_000000221872,lvis_000000221872_yw_108383,0,unknown_false_accept
lvis_000000556193,lvis_000000556193_yw_269408,0,background_false_accept
lvis_000000368900,lvis_000000368900_yw_179617,0,background_false_accept
lvis_000000336658,lvis_000000336658_yw_164757,0,background_false_accept
lvis_000000498709,lvis_000000498709_yw_242196,0,background_false_accept
lvis_000000144932,lvis_000000144932_yw_067559,0,background_false_accept
lvis_000000522007,lvis_000000522007_yw_253693,0,background_false_accept
lvis_000000331569,lvis_000000331569_yw_161502,0,background_false_accept
lvis_000000349152,lvis_000000349152_yw_170144,0,background_false_accept
lvis_000000356612,lvis_000000356612_yw_173885,0,background_false_accept
lvis_000000121497,lvis_000000121497_yw_053244,0,background_false_accept
lvis_000000289938,lvis_000000289938_yw_141519,0,background_false_accept
lvis_000000231879,lvis_000000231879_yw_115145,0,background_false_accept
lvis_000000378139,lvis_000000378139_yw_186120,0,background_false_accept
lvis_000000009448,lvis_000000009448_yw_004447,0,background_false_accept
lvis_000000392818,lvis_000000392818_yw_192082,0,background_false_accept
lvis_000000167486,lvis_000000167486_yw_080374,0,background_false_accept
lvis_000000323202,lvis_000000323202_yw_157934,0,background_false_accept
lvis_000000106235,lvis_000000106235_yw_047182,0,background_false_accept
lvis_000000436883,lvis_000000436883_yw_213503,0,background_false_accept
lvis_000000493286,lvis_000000493286_yw_240312,0,background_false_accept
lvis_000000421060,lvis_000000421060_yw_205271,0,background_false_accept
lvis_000000466416,lvis_000000466416_yw_228884,0,background_false_accept
lvis_000000336658,lvis_000000336658_yw_164758,0,background_false_accept
lvis_000000511076,lvis_000000511076_yw_248331,0,background_false_accept
lvis_000000581100,lvis_000000581100_yw_281225,0,background_false_accept
lvis_000000212573,lvis_000000212573_yw_103737,0,background_false_accept
lvis_000000349860,lvis_000000349860_yw_170403,0,background_false_accept
lvis_000000193743,lvis_000000193743_yw_095155,0,background_false_accept
lvis_000000021839,lvis_000000021839_yw_010853,0,background_false_accept
lvis_000000415536,lvis_000000415536_yw_202889,0,background_false_accept
lvis_000000140203,lvis_000000140203_yw_064310,0,background_false_accept
lvis_000000211674,lvis_000000211674_yw_103208,0,background_false_accept
lvis_000000436883,lvis_000000436883_yw_213504,0,background_false_accept
lvis_000000167486,lvis_000000167486_yw_080375,0,background_false_accept
lvis_000000322968,lvis_000000322968_yw_157887,0,background_false_accept
lvis_000000019042,lvis_000000019042_yw_009912,0,background_false_accept
lvis_000000495054,lvis_000000495054_yw_241154,0,background_false_accept
lvis_000000368900,lvis_000000368900_yw_179619,0,background_false_accept
lvis_000000170116,lvis_000000170116_yw_081334,0,background_false_accept
lvis_000000156924,lvis_000000156924_yw_074650,0,background_false_accept
lvis_000000320743,lvis_000000320743_yw_157090,0,background_false_accept
lvis_000000057725,lvis_000000057725_yw_025323,0,background_false_accept
lvis_000000150224,lvis_000000150224_yw_071057,0,background_false_accept
lvis_000000189310,lvis_000000189310_yw_092230,0,background_false_accept
lvis_000000148719,lvis_000000148719_yw_070337,0,background_false_accept
lvis_000000440617,lvis_000000440617_yw_215562,0,background_false_accept
lvis_000000335529,lvis_000000335529_yw_163678,0,background_false_accept
lvis_000000378515,lvis_000000378515_yw_186383,0,background_false_accept
lvis_000000360325,lvis_000000360325_yw_175281,0,background_false_accept
lvis_000000233238,lvis_000000233238_yw_115658,0,background_false_accept
lvis_000000312421,lvis_000000312421_yw_154061,0,background_false_accept
lvis_000000361506,lvis_000000361506_yw_176133,0,background_false_accept
lvis_000000278705,lvis_000000278705_yw_134540,0,background_false_accept
lvis_000000478136,lvis_000000478136_yw_233709,0,background_false_accept
lvis_000000247917,lvis_000000247917_yw_120972,0,background_false_accept
lvis_000000350122,lvis_000000350122_yw_171028,0,background_false_accept
lvis_000000413247,lvis_000000413247_yw_201852,0,background_false_accept
lvis_000000387098,lvis_000000387098_yw_189903,0,background_false_accept
lvis_000000480122,lvis_000000480122_yw_234622,0,unknown_false_accept
lvis_000000278749,lvis_000000278749_yw_134739,0,background_false_accept
lvis_000000433103,lvis_000000433103_yw_211636,0,unknown_false_accept
lvis_000000009448,lvis_000000009448_yw_004448,0,background_false_accept
lvis_000000466416,lvis_000000466416_yw_228885,0,background_false_accept
lvis_000000502599,lvis_000000502599_yw_244296,0,background_false_accept
lvis_000000453841,lvis_000000453841_yw_221514,0,background_false_accept
lvis_000000119233,lvis_000000119233_yw_051894,0,background_false_accept
lvis_000000283037,lvis_000000283037_yw_137632,0,background_false_accept
lvis_000000453040,lvis_000000453040_yw_220705,0,background_false_accept
lvis_000000133819,lvis_000000133819_yw_060967,0,background_false_accept
lvis_000000466416,lvis_000000466416_yw_228886,0,background_false_accept
lvis_000000242678,lvis_000000242678_yw_119116,0,background_false_accept
lvis_000000423798,lvis_000000423798_yw_206339,0,background_false_accept
lvis_000000210394,lvis_000000210394_yw_102750,0,background_false_accept
lvis_000000193494,lvis_000000193494_yw_094940,0,background_false_accept
lvis_000000271471,lvis_000000271471_yw_131579,0,background_false_accept
lvis_000000466416,lvis_000000466416_yw_228887,0,background_false_accept
lvis_000000171611,lvis_000000171611_yw_082187,0,background_false_accept
lvis_000000569273,lvis_000000569273_yw_275988,0,background_false_accept
lvis_000000314264,lvis_000000314264_yw_154914,0,background_false_accept
lvis_000000374545,lvis_000000374545_yw_182893,0,background_false_accept
lvis_000000569030,lvis_000000569030_yw_275896,0,background_false_accept
lvis_000000466416,lvis_000000466416_yw_228888,0,background_false_accept
lvis_000000019042,lvis_000000019042_yw_009913,0,background_false_accept
lvis_000000080932,lvis_000000080932_yw_036122,0,background_false_accept
lvis_000000164602,lvis_000000164602_yw_078580,0,background_false_accept
lvis_000000350122,lvis_000000350122_yw_171030,0,background_false_accept
lvis_000000196185,lvis_000000196185_yw_096284,0,background_false_accept
lvis_000000312421,lvis_000000312421_yw_154064,0,background_false_accept
lvis_000000466416,lvis_000000466416_yw_228889,0,background_false_accept
lvis_000000521540,lvis_000000521540_yw_253506,0,unknown_false_accept
lvis_000000234366,lvis_000000234366_yw_116221,0,background_false_accept
lvis_000000043816,lvis_000000043816_yw_019318,0,background_false_accept
lvis_000000057760,lvis_000000057760_yw_025423,0,background_false_accept
lvis_000000441468,lvis_000000441468_yw_215782,0,background_false_accept
lvis_000000486438,lvis_000000486438_yw_237413,0,background_false_accept
lvis_000000212573,lvis_000000212573_yw_103739,0,background_false_accept
lvis_000000415716,lvis_000000415716_yw_202904,0,background_false_accept
lvis_000000350607,lvis_000000350607_yw_171205,0,background_false_accept
lvis_000000405205,lvis_000000405205_yw_197294,0,background_false_accept
lvis_000000529568,lvis_000000529568_yw_256570,0,unknown_false_accept
lvis_000000278749,lvis_000000278749_yw_134740,0,background_false_accept
lvis_000000087476,lvis_000000087476_yw_040039,0,background_false_accept
lvis_000000350122,lvis_000000350122_yw_171032,0,background_false_accept
lvis_000000447917,lvis_000000447917_yw_218529,0,background_false_accept
lvis_000000491090,lvis_000000491090_yw_238888,0,background_false_accept
lvis_000000171611,lvis_000000171611_yw_082188,0,background_false_accept
lvis_000000056545,lvis_000000056545_yw_024404,0,background_false_accept
lvis_000000495054,lvis_000000495054_yw_241157,0,background_false_accept
lvis_000000060363,lvis_000000060363_yw_026545,0,unknown_false_accept
lvis_000000368900,lvis_000000368900_yw_179620,0,background_false_accept
lvis_000000463647,lvis_000000463647_yw_227025,0,background_false_accept
lvis_000000378515,lvis_000000378515_yw_186385,0,background_false_accept
lvis_000000436883,lvis_000000436883_yw_213505,0,background_false_accept
lvis_000000370042,lvis_000000370042_yw_180686,0,background_false_accept
lvis_000000378515,lvis_000000378515_yw_186386,0,background_false_accept
lvis_000000350122,lvis_000000350122_yw_171033,0,background_false_accept
lvis_000000297147,lvis_000000297147_yw_146114,0,wrong_known_class_or_duplicate
lvis_000000091654,lvis_000000091654_yw_041419,0,unknown_false_accept
lvis_000000021839,lvis_000000021839_yw_010855,0,background_false_accept
lvis_000000215259,lvis_000000215259_yw_105710,0,background_false_accept
lvis_000000058705,lvis_000000058705_yw_025788,0,background_false_accept
lvis_000000389684,lvis_000000389684_yw_191554,0,background_false_accept
lvis_000000495054,lvis_000000495054_yw_241158,0,background_false_accept
lvis_000000511076,lvis_000000511076_yw_248332,0,background_false_accept
lvis_000000378139,lvis_000000378139_yw_186121,0,background_false_accept
lvis_000000498919,lvis_000000498919_yw_242310,0,background_false_accept
lvis_000000425925,lvis_000000425925_yw_207422,0,background_false_accept
lvis_000000171611,lvis_000000171611_yw_082189,0,background_false_accept
lvis_000000555972,lvis_000000555972_yw_269335,0,background_false_accept
lvis_000000378515,lvis_000000378515_yw_186388,0,background_false_accept
lvis_000000378139,lvis_000000378139_yw_186122,0,background_false_accept
lvis_000000180487,lvis_000000180487_yw_086652,0,background_false_accept
lvis_000000257370,lvis_000000257370_yw_125022,0,background_false_accept
lvis_000000280930,lvis_000000280930_yw_136252,0,unknown_false_accept
lvis_000000022479,lvis_000000022479_yw_011001,0,background_false_accept
lvis_000000226154,lvis_000000226154_yw_110536,0,background_false_accept
lvis_000000336658,lvis_000000336658_yw_164760,0,background_false_accept
lvis_000000136633,lvis_000000136633_yw_062367,0,background_false_accept
lvis_000000569030,lvis_000000569030_yw_275898,0,background_false_accept
lvis_000000095843,lvis_000000095843_yw_042707,0,background_false_accept
lvis_000000467315,lvis_000000467315_yw_229060,0,background_false_accept
lvis_000000180487,lvis_000000180487_yw_086653,0,background_false_accept
lvis_000000383289,lvis_000000383289_yw_188425,0,background_false_accept
lvis_000000360325,lvis_000000360325_yw_175283,0,background_false_accept
lvis_000000330369,lvis_000000330369_yw_160988,0,background_false_accept
lvis_000000170116,lvis_000000170116_yw_081336,0,background_false_accept
lvis_000000144932,lvis_000000144932_yw_067560,0,background_false_accept
lvis_000000130826,lvis_000000130826_yw_058699,0,background_false_accept
lvis_000000581100,lvis_000000581100_yw_281226,0,background_false_accept
lvis_000000312421,lvis_000000312421_yw_154068,0,background_false_accept
lvis_000000466416,lvis_000000466416_yw_228890,0,background_false_accept
lvis_000000125472,lvis_000000125472_yw_055446,0,background_false_accept
lvis_000000427649,lvis_000000427649_yw_208511,0,background_false_accept
lvis_000000421060,lvis_000000421060_yw_205274,0,background_false_accept
lvis_000000482970,lvis_000000482970_yw_236132,0,background_false_accept
lvis_000000245915,lvis_000000245915_yw_120509,0,background_false_accept
lvis_000000444879,lvis_000000444879_yw_217675,0,background_false_accept
lvis_000000454978,lvis_000000454978_yw_221846,0,background_false_accept
lvis_000000376625,lvis_000000376625_yw_183962,0,background_false_accept
lvis_000000425925,lvis_000000425925_yw_207424,0,background_false_accept
lvis_000000193743,lvis_000000193743_yw_095157,0,background_false_accept
lvis_000000336658,lvis_000000336658_yw_164761,0,background_false_accept
lvis_000000135890,lvis_000000135890_yw_062130,0,background_false_accept
lvis_000000133969,lvis_000000133969_yw_061186,0,background_false_accept
lvis_000000021839,lvis_000000021839_yw_010857,0,background_false_accept
lvis_000000511321,lvis_000000511321_yw_248412,0,background_false_accept
lvis_000000158548,lvis_000000158548_yw_075359,0,background_false_accept
lvis_000000377946,lvis_000000377946_yw_185917,0,background_false_accept
lvis_000000156924,lvis_000000156924_yw_074652,0,background_false_accept
lvis_000000191288,lvis_000000191288_yw_093700,0,background_false_accept
lvis_000000197528,lvis_000000197528_yw_096673,0,background_false_accept
lvis_000000157756,lvis_000000157756_yw_075033,0,background_false_accept
lvis_000000440617,lvis_000000440617_yw_215563,0,background_false_accept
lvis_000000211674,lvis_000000211674_yw_103211,0,background_false_accept
lvis_000000289938,lvis_000000289938_yw_141520,0,background_false_accept
lvis_000000057725,lvis_000000057725_yw_025326,0,background_false_accept
lvis_000000449312,lvis_000000449312_yw_219377,0,background_false_accept
lvis_000000135890,lvis_000000135890_yw_062131,0,background_false_accept
lvis_000000350122,lvis_000000350122_yw_171035,0,background_false_accept
lvis_000000444879,lvis_000000444879_yw_217676,0,background_false_accept
lvis_000000356428,lvis_000000356428_yw_173573,0,background_false_accept
lvis_000000106048,lvis_000000106048_yw_047148,0,background_false_accept
lvis_000000094157,lvis_000000094157_yw_042158,0,background_false_accept
lvis_000000058705,lvis_000000058705_yw_025789,0,background_false_accept
lvis_000000275392,lvis_000000275392_yw_133210,0,background_false_accept
lvis_000000295316,lvis_000000295316_yw_144681,0,wrong_known_class_or_duplicate
lvis_000000371699,lvis_000000371699_yw_181637,0,background_false_accept
lvis_000000211674,lvis_000000211674_yw_103213,0,background_false_accept
lvis_000000378139,lvis_000000378139_yw_186124,0,background_false_accept
lvis_000000252559,lvis_000000252559_yw_122475,0,background_false_accept
lvis_000000466416,lvis_000000466416_yw_228891,0,background_false_accept
lvis_000000537991,lvis_000000537991_yw_260823,0,background_false_accept
lvis_000000336658,lvis_000000336658_yw_164762,0,background_false_accept
lvis_000000191288,lvis_000000191288_yw_093701,0,background_false_accept
lvis_000000196185,lvis_000000196185_yw_096285,0,background_false_accept
lvis_000000210394,lvis_000000210394_yw_102756,0,background_false_accept
lvis_000000371699,lvis_000000371699_yw_181638,0,background_false_accept
lvis_000000151480,lvis_000000151480_yw_071557,0,background_false_accept
lvis_000000156643,lvis_000000156643_yw_074601,0,background_false_accept
lvis_000000257370,lvis_000000257370_yw_125024,0,background_false_accept
lvis_000000222299,lvis_000000222299_yw_108668,0,background_false_accept
lvis_000000169169,lvis_000000169169_yw_080927,0,background_false_accept
lvis_000000019042,lvis_000000019042_yw_009915,0,background_false_accept
lvis_000000343803,lvis_000000343803_yw_167995,0,background_false_accept
lvis_000000057725,lvis_000000057725_yw_025327,0,background_false_accept
lvis_000000268378,lvis_000000268378_yw_130537,0,background_false_accept
lvis_000000450559,lvis_000000450559_yw_220165,0,background_false_accept
lvis_000000211674,lvis_000000211674_yw_103214,0,background_false_accept
lvis_000000226154,lvis_000000226154_yw_110538,0,background_false_accept
lvis_000000031217,lvis_000000031217_yw_014135,0,background_false_accept
lvis_000000569030,lvis_000000569030_yw_275899,0,background_false_accept
lvis_000000278705,lvis_000000278705_yw_134542,0,unknown_false_accept
lvis_000000537991,lvis_000000537991_yw_260824,0,unknown_false_accept
lvis_000000150224,lvis_000000150224_yw_071058,0,background_false_accept
lvis_000000116439,lvis_000000116439_yw_051121,0,background_false_accept
lvis_000000350003,lvis_000000350003_yw_170515,0,background_false_accept
lvis_000000087476,lvis_000000087476_yw_040040,0,background_false_accept
lvis_000000279769,lvis_000000279769_yw_135327,0,background_false_accept
lvis_000000278749,lvis_000000278749_yw_134741,0,background_false_accept
lvis_000000252559,lvis_000000252559_yw_122477,0,background_false_accept
lvis_000000189475,lvis_000000189475_yw_092367,0,wrong_known_class_or_duplicate
lvis_000000085157,lvis_000000085157_yw_038666,0,unknown_false_accept
lvis_000000511076,lvis_000000511076_yw_248334,0,background_false_accept
lvis_000000133819,lvis_000000133819_yw_060969,0,background_false_accept
lvis_000000156924,lvis_000000156924_yw_074653,0,background_false_accept
lvis_000000067315,lvis_000000067315_yw_030385,0,background_false_accept
lvis_000000167486,lvis_000000167486_yw_080379,0,background_false_accept
lvis_000000496854,lvis_000000496854_yw_241778,0,background_false_accept
lvis_000000312278,lvis_000000312278_yw_153806,0,background_false_accept
lvis_000000569030,lvis_000000569030_yw_275900,0,background_false_accept
lvis_000000506656,lvis_000000506656_yw_245574,0,background_false_accept
lvis_000000184338,lvis_000000184338_yw_089742,0,background_false_accept
lvis_000000368752,lvis_000000368752_yw_179583,0,background_false_accept
lvis_000000502599,lvis_000000502599_yw_244297,0,background_false_accept
lvis_000000285349,lvis_000000285349_yw_139060,0,background_false_accept
lvis_000000534673,lvis_000000534673_yw_259749,0,background_false_accept
lvis_000000336658,lvis_000000336658_yw_164764,0,background_false_accept
lvis_000000333402,lvis_000000333402_yw_162164,0,background_false_accept
lvis_000000057725,lvis_000000057725_yw_025328,0,background_false_accept
lvis_000000421060,lvis_000000421060_yw_205276,0,background_false_accept
lvis_000000336658,lvis_000000336658_yw_164765,0,background_false_accept
lvis_000000413247,lvis_000000413247_yw_201857,0,unknown_false_accept
lvis_000000378139,lvis_000000378139_yw_186125,0,background_false_accept
lvis_000000162732,lvis_000000162732_yw_077517,0,background_false_accept
lvis_000000502599,lvis_000000502599_yw_244298,0,background_false_accept
lvis_000000350122,lvis_000000350122_yw_171039,0,background_false_accept
lvis_000000433103,lvis_000000433103_yw_211639,0,unknown_false_accept
lvis_000000349152,lvis_000000349152_yw_170145,0,unknown_false_accept
lvis_000000522007,lvis_000000522007_yw_253694,0,background_false_accept
lvis_000000421060,lvis_000000421060_yw_205277,0,background_false_accept
lvis_000000466416,lvis_000000466416_yw_228892,0,background_false_accept
lvis_000000464522,lvis_000000464522_yw_228052,0,wrong_known_class_or_duplicate
lvis_000000285047,lvis_000000285047_yw_139033,0,wrong_known_class_or_duplicate
lvis_000000498709,lvis_000000498709_yw_242199,0,background_false_accept
lvis_000000388056,lvis_000000388056_yw_190428,0,background_false_accept
lvis_000000356612,lvis_000000356612_yw_173888,0,background_false_accept
lvis_000000312421,lvis_000000312421_yw_154071,0,background_false_accept
lvis_000000336658,lvis_000000336658_yw_164766,0,background_false_accept
lvis_000000575815,lvis_000000575815_yw_279408,0,unknown_false_accept
lvis_000000350122,lvis_000000350122_yw_171040,0,background_false_accept
lvis_000000463647,lvis_000000463647_yw_227026,0,background_false_accept
lvis_000000211674,lvis_000000211674_yw_103216,0,background_false_accept
lvis_000000359677,lvis_000000359677_yw_174846,0,background_false_accept
lvis_000000289938,lvis_000000289938_yw_141523,0,background_false_accept
lvis_000000308430,lvis_000000308430_yw_151530,0,unknown_false_accept
lvis_000000136633,lvis_000000136633_yw_062369,0,background_false_accept
lvis_000000396200,lvis_000000396200_yw_193624,0,background_false_accept
lvis_000000019042,lvis_000000019042_yw_009917,0,background_false_accept
lvis_000000019042,lvis_000000019042_yw_009918,0,background_false_accept
lvis_000000057725,lvis_000000057725_yw_025330,0,background_false_accept
lvis_000000443844,lvis_000000443844_yw_217475,0,background_false_accept
lvis_000000184338,lvis_000000184338_yw_089743,0,background_false_accept
lvis_000000425226,lvis_000000425226_yw_207121,0,unknown_false_accept
lvis_000000212573,lvis_000000212573_yw_103742,0,background_false_accept
lvis_000000144932,lvis_000000144932_yw_067561,0,background_false_accept
lvis_000000534601,lvis_000000534601_yw_259373,0,background_false_accept
lvis_000000580410,lvis_000000580410_yw_281060,0,unknown_false_accept
lvis_000000425925,lvis_000000425925_yw_207428,0,background_false_accept
lvis_000000491613,lvis_000000491613_yw_239212,0,background_false_accept
lvis_000000158548,lvis_000000158548_yw_075362,0,background_false_accept
lvis_000000169169,lvis_000000169169_yw_080930,0,background_false_accept
lvis_000000466416,lvis_000000466416_yw_228894,0,background_false_accept
lvis_000000185292,lvis_000000185292_yw_090126,0,background_false_accept
lvis_000000498709,lvis_000000498709_yw_242200,0,background_false_accept
lvis_000000183049,lvis_000000183049_yw_088397,0,unknown_false_accept
lvis_000000329041,lvis_000000329041_yw_160410,0,background_false_accept
lvis_000000283037,lvis_000000283037_yw_137636,0,background_false_accept
lvis_000000057725,lvis_000000057725_yw_025331,0,background_false_accept
lvis_000000511076,lvis_000000511076_yw_248335,0,background_false_accept
lvis_000000169169,lvis_000000169169_yw_080931,0,background_false_accept
lvis_000000135890,lvis_000000135890_yw_062132,0,background_false_accept
lvis_000000312421,lvis_000000312421_yw_154075,0,background_false_accept
lvis_000000150224,lvis_000000150224_yw_071060,0,background_false_accept
lvis_000000511076,lvis_000000511076_yw_248336,0,background_false_accept
lvis_000000350003,lvis_000000350003_yw_170517,0,background_false_accept
lvis_000000278705,lvis_000000278705_yw_134543,0,background_false_accept
lvis_000000350122,lvis_000000350122_yw_171041,0,background_false_accept
lvis_000000323751,lvis_000000323751_yw_158245,0,background_false_accept
lvis_000000378139,lvis_000000378139_yw_186126,0,background_false_accept
lvis_000000350122,lvis_000000350122_yw_171042,0,background_false_accept
lvis_000000221693,lvis_000000221693_yw_108101,0,background_false_accept
lvis_000000335529,lvis_000000335529_yw_163683,0,background_false_accept
lvis_000000285047,lvis_000000285047_yw_139035,0,background_false_accept
lvis_000000389316,lvis_000000389316_yw_191145,0,background_false_accept
lvis_000000150224,lvis_000000150224_yw_071061,0,background_false_accept
lvis_000000234757,lvis_000000234757_yw_116447,0,background_false_accept
lvis_000000356428,lvis_000000356428_yw_173576,0,background_false_accept
lvis_000000447200,lvis_000000447200_yw_218287,0,background_false_accept
lvis_000000210394,lvis_000000210394_yw_102759,0,background_false_accept
lvis_000000184338,lvis_000000184338_yw_089744,0,background_false_accept
lvis_000000116439,lvis_000000116439_yw_051122,0,background_false_accept
lvis_000000493286,lvis_000000493286_yw_240314,0,background_false_accept
lvis_000000440617,lvis_000000440617_yw_215564,0,background_false_accept
lvis_000000094157,lvis_000000094157_yw_042160,0,background_false_accept
lvis_000000285047,lvis_000000285047_yw_139036,0,wrong_known_class_or_duplicate
lvis_000000234757,lvis_000000234757_yw_116448,0,background_false_accept
lvis_000000436883,lvis_000000436883_yw_213507,0,background_false_accept
lvis_000000133819,lvis_000000133819_yw_060975,0,background_false_accept
lvis_000000491130,lvis_000000491130_yw_238925,0,background_false_accept
lvis_000000449312,lvis_000000449312_yw_219379,0,background_false_accept
lvis_000000318908,lvis_000000318908_yw_155766,0,wrong_known_class_or_duplicate
lvis_000000133819,lvis_000000133819_yw_060976,0,background_false_accept
lvis_000000169169,lvis_000000169169_yw_080932,0,background_false_accept
lvis_000000453040,lvis_000000453040_yw_220706,0,background_false_accept
lvis_000000569030,lvis_000000569030_yw_275903,0,background_false_accept
lvis_000000166747,lvis_000000166747_yw_079847,0,background_false_accept
lvis_000000389804,lvis_000000389804_yw_191561,0,background_false_accept
lvis_000000318455,lvis_000000318455_yw_155749,0,background_false_accept
lvis_000000466416,lvis_000000466416_yw_228895,0,background_false_accept
lvis_000000289938,lvis_000000289938_yw_141524,0,background_false_accept
lvis_000000370042,lvis_000000370042_yw_180689,0,background_false_accept
lvis_000000184338,lvis_000000184338_yw_089745,0,background_false_accept
lvis_000000289938,lvis_000000289938_yw_141525,0,background_false_accept
lvis_000000206218,lvis_000000206218_yw_100228,0,background_false_accept
lvis_000000039769,lvis_000000039769_yw_018157,0,unknown_false_accept
lvis_000000507223,lvis_000000507223_yw_246439,0,background_false_accept
lvis_000000425925,lvis_000000425925_yw_207429,0,background_false_accept
lvis_000000333402,lvis_000000333402_yw_162166,0,background_false_accept
lvis_000000377946,lvis_000000377946_yw_185919,0,background_false_accept
lvis_000000423798,lvis_000000423798_yw_206340,0,background_false_accept
lvis_000000234366,lvis_000000234366_yw_116224,0,background_false_accept
lvis_000000356612,lvis_000000356612_yw_173892,0,background_false_accept
lvis_000000356428,lvis_000000356428_yw_173577,0,background_false_accept
lvis_000000197528,lvis_000000197528_yw_096674,0,background_false_accept
lvis_000000189310,lvis_000000189310_yw_092231,0,background_false_accept
lvis_000000212573,lvis_000000212573_yw_103743,0,background_false_accept
lvis_000000057760,lvis_000000057760_yw_025425,0,background_false_accept
lvis_000000169169,lvis_000000169169_yw_080934,0,background_false_accept
lvis_000000106912,lvis_000000106912_yw_047450,0,background_false_accept
lvis_000000378515,lvis_000000378515_yw_186393,0,background_false_accept
lvis_000000012576,lvis_000000012576_yw_005719,0,background_false_accept
lvis_000000013729,lvis_000000013729_yw_006664,0,background_false_accept
lvis_000000136633,lvis_000000136633_yw_062370,0,background_false_accept
lvis_000000506656,lvis_000000506656_yw_245579,0,background_false_accept
lvis_000000374545,lvis_000000374545_yw_182901,0,background_false_accept
lvis_000000085772,lvis_000000085772_yw_038975,0,background_false_accept
lvis_000000356428,lvis_000000356428_yw_173578,0,background_false_accept
lvis_000000534673,lvis_000000534673_yw_259754,0,background_false_accept
lvis_000000273715,lvis_000000273715_yw_132417,0,background_false_accept
lvis_000000320743,lvis_000000320743_yw_157093,0,background_false_accept
lvis_000000330369,lvis_000000330369_yw_160989,0,background_false_accept
lvis_000000116439,lvis_000000116439_yw_051123,0,background_false_accept
lvis_000000106048,lvis_000000106048_yw_047151,0,background_false_accept
lvis_000000360960,lvis_000000360960_yw_175471,0,background_false_accept
lvis_000000120420,lvis_000000120420_yw_052700,0,background_false_accept
lvis_000000499768,lvis_000000499768_yw_242650,0,background_false_accept
lvis_000000453841,lvis_000000453841_yw_221519,0,background_false_accept
lvis_000000343803,lvis_000000343803_yw_167996,0,background_false_accept
lvis_000000184338,lvis_000000184338_yw_089746,0,background_false_accept
lvis_000000407574,lvis_000000407574_yw_198230,0,background_false_accept
lvis_000000119365,lvis_000000119365_yw_052005,0,background_false_accept
lvis_000000184338,lvis_000000184338_yw_089747,0,background_false_accept
lvis_000000019042,lvis_000000019042_yw_009921,0,background_false_accept
lvis_000000087476,lvis_000000087476_yw_040044,0,background_false_accept
lvis_000000157756,lvis_000000157756_yw_075037,0,background_false_accept
lvis_000000533536,lvis_000000533536_yw_258583,0,background_false_accept
lvis_000000289938,lvis_000000289938_yw_141526,0,background_false_accept
lvis_000000349152,lvis_000000349152_yw_170146,0,unknown_false_accept
lvis_000000534673,lvis_000000534673_yw_259755,0,background_false_accept
lvis_000000360325,lvis_000000360325_yw_175286,0,background_false_accept
lvis_000000332845,lvis_000000332845_yw_161804,0,background_false_accept
lvis_000000088040,lvis_000000088040_yw_040065,0,background_false_accept
lvis_000000158548,lvis_000000158548_yw_075365,0,background_false_accept
lvis_000000349184,lvis_000000349184_yw_170231,0,background_false_accept
lvis_000000277005,lvis_000000277005_yw_134243,0,background_false_accept
lvis_000000295420,lvis_000000295420_yw_144740,0,background_false_accept
lvis_000000270402,lvis_000000270402_yw_131346,0,background_false_accept
lvis_000000507223,lvis_000000507223_yw_246441,0,background_false_accept
lvis_000000475904,lvis_000000475904_yw_232463,0,background_false_accept
lvis_000000043816,lvis_000000043816_yw_019320,0,background_false_accept
lvis_000000374545,lvis_000000374545_yw_182904,0,background_false_accept
lvis_000000440617,lvis_000000440617_yw_215565,0,background_false_accept
lvis_000000180487,lvis_000000180487_yw_086657,0,background_false_accept
lvis_000000278749,lvis_000000278749_yw_134744,0,background_false_accept
lvis_000000043816,lvis_000000043816_yw_019321,0,background_false_accept
lvis_000000377946,lvis_000000377946_yw_185920,0,wrong_known_class_or_duplicate
lvis_000000116439,lvis_000000116439_yw_051124,0,background_false_accept
lvis_000000444275,lvis_000000444275_yw_217658,0,unknown_false_accept
lvis_000000495054,lvis_000000495054_yw_241163,0,background_false_accept
lvis_000000405205,lvis_000000405205_yw_197296,0,background_false_accept
lvis_000000072813,lvis_000000072813_yw_032110,0,background_false_accept
lvis_000000057760,lvis_000000057760_yw_025426,0,background_false_accept
lvis_000000335529,lvis_000000335529_yw_163685,0,background_false_accept
lvis_000000234366,lvis_000000234366_yw_116226,0,background_false_accept
lvis_000000511076,lvis_000000511076_yw_248340,0,background_false_accept
lvis_000000263969,lvis_000000263969_yw_128438,0,background_false_accept
lvis_000000039670,lvis_000000039670_yw_018151,0,background_false_accept
lvis_000000022479,lvis_000000022479_yw_011002,0,background_false_accept
lvis_000000534673,lvis_000000534673_yw_259757,0,background_false_accept
lvis_000000322968,lvis_000000322968_yw_157890,0,background_false_accept
lvis_000000440617,lvis_000000440617_yw_215566,0,background_false_accept
lvis_000000039670,lvis_000000039670_yw_018152,0,background_false_accept
lvis_000000370042,lvis_000000370042_yw_180691,0,background_false_accept
lvis_000000087476,lvis_000000087476_yw_040045,0,background_false_accept
lvis_000000021839,lvis_000000021839_yw_010861,0,background_false_accept
lvis_000000514797,lvis_000000514797_yw_250340,0,background_false_accept
lvis_000000057725,lvis_000000057725_yw_025336,0,background_false_accept
lvis_000000368900,lvis_000000368900_yw_179624,0,background_false_accept
lvis_000000378515,lvis_000000378515_yw_186394,0,background_false_accept
lvis_000000332845,lvis_000000332845_yw_161806,0,background_false_accept
lvis_000000158548,lvis_000000158548_yw_075366,0,background_false_accept
lvis_000000221281,lvis_000000221281_yw_108085,0,background_false_accept
lvis_000000113720,lvis_000000113720_yw_049712,0,background_false_accept
lvis_000000025603,lvis_000000025603_yw_012534,0,background_false_accept
lvis_000000277005,lvis_000000277005_yw_134245,0,background_false_accept
lvis_000000413247,lvis_000000413247_yw_201859,0,background_false_accept
lvis_000000067315,lvis_000000067315_yw_030386,0,background_false_accept
lvis_000000094157,lvis_000000094157_yw_042161,0,background_false_accept
lvis_000000569030,lvis_000000569030_yw_275904,0,background_false_accept
lvis_000000534673,lvis_000000534673_yw_259758,0,background_false_accept
lvis_000000466416,lvis_000000466416_yw_228898,0,background_false_accept
lvis_000000096960,lvis_000000096960_yw_043008,0,background_false_accept
lvis_000000242411,lvis_000000242411_yw_119053,0,background_false_accept
lvis_000000450559,lvis_000000450559_yw_220166,0,background_false_accept
lvis_000000378515,lvis_000000378515_yw_186395,0,background_false_accept
lvis_000000226903,lvis_000000226903_yw_111451,0,background_false_accept
lvis_000000402334,lvis_000000402334_yw_196057,0,background_false_accept
lvis_000000019042,lvis_000000019042_yw_009922,0,background_false_accept
lvis_000000189310,lvis_000000189310_yw_092232,0,background_false_accept
lvis_000000322968,lvis_000000322968_yw_157892,0,background_false_accept
lvis_000000019042,lvis_000000019042_yw_009923,0,background_false_accept
lvis_000000106048,lvis_000000106048_yw_047153,0,background_false_accept
lvis_000000392818,lvis_000000392818_yw_192084,0,background_false_accept
lvis_000000440617,lvis_000000440617_yw_215567,0,background_false_accept
lvis_000000278749,lvis_000000278749_yw_134745,0,background_false_accept
lvis_000000383289,lvis_000000383289_yw_188431,0,background_false_accept
lvis_000000371699,lvis_000000371699_yw_181639,0,background_false_accept
lvis_000000212573,lvis_000000212573_yw_103745,0,background_false_accept
lvis_000000356428,lvis_000000356428_yw_173580,0,background_false_accept
lvis_000000012667,lvis_000000012667_yw_005872,0,background_false_accept
lvis_000000140203,lvis_000000140203_yw_064316,0,background_false_accept
lvis_000000068833,lvis_000000068833_yw_030698,0,background_false_accept
lvis_000000232692,lvis_000000232692_yw_115508,0,background_false_accept
lvis_000000214703,lvis_000000214703_yw_105343,0,wrong_known_class_or_duplicate
lvis_000000478136,lvis_000000478136_yw_233710,0,background_false_accept
lvis_000000169169,lvis_000000169169_yw_080936,0,background_false_accept
lvis_000000377946,lvis_000000377946_yw_185921,0,background_false_accept
lvis_000000032817,lvis_000000032817_yw_014967,0,background_false_accept
lvis_000000348708,lvis_000000348708_yw_169950,0,unknown_false_accept
lvis_000000407574,lvis_000000407574_yw_198231,0,background_false_accept
lvis_000000493286,lvis_000000493286_yw_240317,0,background_false_accept
lvis_000000563702,lvis_000000563702_yw_273186,0,background_false_accept
lvis_000000389804,lvis_000000389804_yw_191562,0,background_false_accept
lvis_000000169169,lvis_000000169169_yw_080937,0,background_false_accept
lvis_000000242411,lvis_000000242411_yw_119054,0,background_false_accept
lvis_000000569273,lvis_000000569273_yw_275989,0,background_false_accept
lvis_000000115885,lvis_000000115885_yw_050898,0,background_false_accept
lvis_000000234366,lvis_000000234366_yw_116227,0,background_false_accept
lvis_000000287347,lvis_000000287347_yw_139826,0,background_false_accept
lvis_000000214539,lvis_000000214539_yw_105318,0,background_false_accept
lvis_000000350003,lvis_000000350003_yw_170518,0,background_false_accept
lvis_000000466416,lvis_000000466416_yw_228900,0,background_false_accept
lvis_000000153568,lvis_000000153568_yw_072621,0,background_false_accept
lvis_000000039670,lvis_000000039670_yw_018153,0,background_false_accept
lvis_000000356428,lvis_000000356428_yw_173581,0,background_false_accept
lvis_000000522007,lvis_000000522007_yw_253695,0,background_false_accept
lvis_000000471893,lvis_000000471893_yw_230728,0,unknown_false_accept
lvis_000000277005,lvis_000000277005_yw_134246,0,background_false_accept
lvis_000000150224,lvis_000000150224_yw_071063,0,unknown_false_accept
lvis_000000242411,lvis_000000242411_yw_119056,0,background_false_accept
lvis_000000376625,lvis_000000376625_yw_183965,0,background_false_accept
lvis_000000534041,lvis_000000534041_yw_259022,0,background_false_accept
lvis_000000161925,lvis_000000161925_yw_077081,0,background_false_accept
lvis_000000458223,lvis_000000458223_yw_223734,0,background_false_accept
lvis_000000214539,lvis_000000214539_yw_105319,0,background_false_accept
lvis_000000157756,lvis_000000157756_yw_075039,0,background_false_accept
lvis_000000283037,lvis_000000283037_yw_137643,0,background_false_accept
lvis_000000356428,lvis_000000356428_yw_173582,0,background_false_accept
lvis_000000360960,lvis_000000360960_yw_175472,0,background_false_accept
lvis_000000130826,lvis_000000130826_yw_058705,0,background_false_accept
lvis_000000383921,lvis_000000383921_yw_188775,0,background_false_accept
lvis_000000480842,lvis_000000480842_yw_234704,0,background_false_accept
lvis_000000087476,lvis_000000087476_yw_040049,0,background_false_accept
lvis_000000166478,lvis_000000166478_yw_079531,0,background_false_accept
lvis_000000515579,lvis_000000515579_yw_250876,0,background_false_accept
lvis_000000581100,lvis_000000581100_yw_281229,0,background_false_accept
lvis_000000211674,lvis_000000211674_yw_103221,0,background_false_accept
lvis_000000085772,lvis_000000085772_yw_038976,0,background_false_accept
lvis_000000234366,lvis_000000234366_yw_116228,0,background_false_accept
lvis_000000213935,lvis_000000213935_yw_104947,0,background_false_accept
lvis_000000495054,lvis_000000495054_yw_241166,0,background_false_accept
lvis_000000383289,lvis_000000383289_yw_188432,0,background_false_accept
lvis_000000511076,lvis_000000511076_yw_248341,0,background_false_accept
lvis_000000057725,lvis_000000057725_yw_025338,0,background_false_accept
lvis_000000356612,lvis_000000356612_yw_173897,0,background_false_accept
lvis_000000493286,lvis_000000493286_yw_240318,0,background_false_accept
lvis_000000563702,lvis_000000563702_yw_273187,0,background_false_accept
lvis_000000378139,lvis_000000378139_yw_186129,0,background_false_accept
lvis_000000563702,lvis_000000563702_yw_273188,0,background_false_accept
lvis_000000515579,lvis_000000515579_yw_250877,0,background_false_accept
lvis_000000551815,lvis_000000551815_yw_267352,0,wrong_known_class_or_duplicate
lvis_000000447917,lvis_000000447917_yw_218532,0,background_false_accept
lvis_000000212573,lvis_000000212573_yw_103749,0,background_false_accept
lvis_000000507223,lvis_000000507223_yw_246443,0,background_false_accept
lvis_000000405205,lvis_000000405205_yw_197300,0,background_false_accept
lvis_000000129492,lvis_000000129492_yw_057846,0,background_false_accept
lvis_000000057725,lvis_000000057725_yw_025340,0,background_false_accept
lvis_000000580410,lvis_000000580410_yw_281061,0,unknown_false_accept
lvis_000000507473,lvis_000000507473_yw_246489,0,background_false_accept
lvis_000000058705,lvis_000000058705_yw_025791,0,background_false_accept
lvis_000000378139,lvis_000000378139_yw_186131,0,background_false_accept
lvis_000000370042,lvis_000000370042_yw_180693,0,background_false_accept
lvis_000000383289,lvis_000000383289_yw_188433,0,background_false_accept
lvis_000000421060,lvis_000000421060_yw_205282,0,background_false_accept
lvis_000000278749,lvis_000000278749_yw_134748,0,background_false_accept
lvis_000000414638,lvis_000000414638_yw_202498,0,unknown_false_accept
lvis_000000465549,lvis_000000465549_yw_228240,0,background_false_accept
lvis_000000493286,lvis_000000493286_yw_240320,0,background_false_accept
lvis_000000350488,lvis_000000350488_yw_171199,0,background_false_accept
lvis_000000278749,lvis_000000278749_yw_134749,0,background_false_accept
lvis_000000421060,lvis_000000421060_yw_205283,0,background_false_accept
lvis_000000425925,lvis_000000425925_yw_207434,0,background_false_accept
lvis_000000476215,lvis_000000476215_yw_232532,0,background_false_accept
lvis_000000169169,lvis_000000169169_yw_080940,0,background_false_accept
lvis_000000019042,lvis_000000019042_yw_009924,0,background_false_accept
lvis_000000169169,lvis_000000169169_yw_080941,0,background_false_accept
lvis_000000361506,lvis_000000361506_yw_176138,0,background_false_accept
lvis_000000402334,lvis_000000402334_yw_196058,0,background_false_accept
lvis_000000278749,lvis_000000278749_yw_134751,0,background_false_accept
lvis_000000158548,lvis_000000158548_yw_075368,0,background_false_accept
lvis_000000492905,lvis_000000492905_yw_240034,0,unknown_false_accept
lvis_000000409424,lvis_000000409424_yw_199114,0,background_false_accept
lvis_000000133969,lvis_000000133969_yw_061193,0,background_false_accept
lvis_000000356428,lvis_000000356428_yw_173585,0,background_false_accept
lvis_000000489091,lvis_000000489091_yw_237878,0,background_false_accept
lvis_000000166747,lvis_000000166747_yw_079851,0,background_false_accept
lvis_000000191288,lvis_000000191288_yw_093704,0,background_false_accept
lvis_000000167486,lvis_000000167486_yw_080386,0,background_false_accept
lvis_000000312278,lvis_000000312278_yw_153808,0,background_false_accept
lvis_000000033368,lvis_000000033368_yw_015673,0,unknown_false_accept
lvis_000000278749,lvis_000000278749_yw_134752,0,background_false_accept
lvis_000000263969,lvis_000000263969_yw_128439,0,background_false_accept
lvis_000000356612,lvis_000000356612_yw_173901,0,background_false_accept
lvis_000000289938,lvis_000000289938_yw_141529,0,background_false_accept
lvis_000000466416,lvis_000000466416_yw_228901,0,background_false_accept
lvis_000000067315,lvis_000000067315_yw_030387,0,background_false_accept
lvis_000000244379,lvis_000000244379_yw_119769,0,background_false_accept
lvis_000000563702,lvis_000000563702_yw_273189,0,background_false_accept
lvis_000000377946,lvis_000000377946_yw_185925,0,background_false_accept
lvis_000000463283,lvis_000000463283_yw_226481,0,unknown_false_accept
lvis_000000278749,lvis_000000278749_yw_134753,0,background_false_accept
lvis_000000458410,lvis_000000458410_yw_224050,0,background_false_accept
lvis_000000502599,lvis_000000502599_yw_244300,0,background_false_accept
lvis_000000080932,lvis_000000080932_yw_036124,0,background_false_accept
lvis_000000078823,lvis_000000078823_yw_034881,0,background_false_accept
lvis_000000009891,lvis_000000009891_yw_004706,0,background_false_accept
lvis_000000374545,lvis_000000374545_yw_182909,0,background_false_accept
lvis_000000140203,lvis_000000140203_yw_064318,0,background_false_accept
lvis_000000211069,lvis_000000211069_yw_102889,0,background_false_accept
lvis_000000060363,lvis_000000060363_yw_026546,1,known_tp
lvis_000000310072,lvis_000000310072_yw_152822,0,background_false_accept
lvis_000000377946,lvis_000000377946_yw_185926,0,background_false_accept
lvis_000000534041,lvis_000000534041_yw_259023,0,background_false_accept
lvis_000000370042,lvis_000000370042_yw_180694,0,background_false_accept
lvis_000000147740,lvis_000000147740_yw_069745,0,background_false_accept
lvis_000000405205,lvis_000000405205_yw_197301,0,background_false_accept
lvis_000000057725,lvis_000000057725_yw_025341,0,background_false_accept
lvis_000000158548,lvis_000000158548_yw_075369,0,background_false_accept
lvis_000000441468,lvis_000000441468_yw_215787,0,background_false_accept
lvis_000000242678,lvis_000000242678_yw_119120,0,background_false_accept
lvis_000000324258,lvis_000000324258_yw_158640,0,background_false_accept
lvis_000000377946,lvis_000000377946_yw_185927,0,background_false_accept
lvis_000000409424,lvis_000000409424_yw_199115,0,background_false_accept
lvis_000000356612,lvis_000000356612_yw_173903,0,background_false_accept
lvis_000000148719,lvis_000000148719_yw_070341,0,background_false_accept
lvis_000000310072,lvis_000000310072_yw_152823,0,background_false_accept
lvis_000000060052,lvis_000000060052_yw_026397,0,background_false_accept
lvis_000000212226,lvis_000000212226_yw_103355,0,background_false_accept
lvis_000000356612,lvis_000000356612_yw_173904,0,background_false_accept
lvis_000000347456,lvis_000000347456_yw_169687,0,background_false_accept
lvis_000000234366,lvis_000000234366_yw_116229,0,background_false_accept
lvis_000000356612,lvis_000000356612_yw_173905,0,background_false_accept
lvis_000000563702,lvis_000000563702_yw_273190,0,background_false_accept
lvis_000000263969,lvis_000000263969_yw_128440,0,background_false_accept
lvis_000000169076,lvis_000000169076_yw_080720,0,background_false_accept
lvis_000000521540,lvis_000000521540_yw_253507,0,unknown_false_accept
lvis_000000252559,lvis_000000252559_yw_122478,0,background_false_accept
lvis_000000377946,lvis_000000377946_yw_185928,0,background_false_accept
lvis_000000064359,lvis_000000064359_yw_028506,0,background_false_accept
lvis_000000257370,lvis_000000257370_yw_125028,0,background_false_accept
lvis_000000377946,lvis_000000377946_yw_185929,0,background_false_accept
lvis_000000323751,lvis_000000323751_yw_158246,0,background_false_accept
lvis_000000120420,lvis_000000120420_yw_052702,0,background_false_accept
lvis_000000376625,lvis_000000376625_yw_183967,0,background_false_accept
lvis_000000163951,lvis_000000163951_yw_078495,0,unknown_false_accept
lvis_000000402334,lvis_000000402334_yw_196059,0,background_false_accept
lvis_000000289938,lvis_000000289938_yw_141531,0,background_false_accept
lvis_000000382125,lvis_000000382125_yw_188288,0,background_false_accept
lvis_000000136633,lvis_000000136633_yw_062372,0,background_false_accept
lvis_000000421060,lvis_000000421060_yw_205285,0,background_false_accept
lvis_000000329041,lvis_000000329041_yw_160415,0,background_false_accept
lvis_000000478136,lvis_000000478136_yw_233711,0,unknown_false_accept
lvis_000000464522,lvis_000000464522_yw_228053,1,known_tp
lvis_000000078823,lvis_000000078823_yw_034882,0,background_false_accept
lvis_000000350003,lvis_000000350003_yw_170520,0,background_false_accept
lvis_000000496854,lvis_000000496854_yw_241788,0,background_false_accept
lvis_000000295420,lvis_000000295420_yw_144742,0,background_false_accept
lvis_000000376625,lvis_000000376625_yw_183968,0,background_false_accept
lvis_000000521719,lvis_000000521719_yw_253614,0,background_false_accept
lvis_000000252559,lvis_000000252559_yw_122479,0,background_false_accept
lvis_000000271471,lvis_000000271471_yw_131583,0,background_false_accept
lvis_000000453841,lvis_000000453841_yw_221523,0,background_false_accept
lvis_000000019042,lvis_000000019042_yw_009926,0,background_false_accept
lvis_000000226154,lvis_000000226154_yw_110541,0,background_false_accept
lvis_000000247917,lvis_000000247917_yw_120973,0,background_false_accept
lvis_000000436883,lvis_000000436883_yw_213511,0,background_false_accept
lvis_000000167486,lvis_000000167486_yw_080390,0,background_false_accept
lvis_000000376625,lvis_000000376625_yw_183969,0,background_false_accept
lvis_000000068833,lvis_000000068833_yw_030699,0,background_false_accept
lvis_000000374545,lvis_000000374545_yw_182910,0,background_false_accept
lvis_000000226154,lvis_000000226154_yw_110543,0,background_false_accept
lvis_000000022479,lvis_000000022479_yw_011004,0,background_false_accept
lvis_000000196442,lvis_000000196442_yw_096338,0,background_false_accept
lvis_000000480122,lvis_000000480122_yw_234624,0,background_false_accept
lvis_000000298738,lvis_000000298738_yw_146811,0,background_false_accept
lvis_000000506656,lvis_000000506656_yw_245586,0,background_false_accept
lvis_000000356612,lvis_000000356612_yw_173906,0,background_false_accept
lvis_000000330369,lvis_000000330369_yw_160991,0,background_false_accept
lvis_000000226154,lvis_000000226154_yw_110544,0,background_false_accept
lvis_000000019042,lvis_000000019042_yw_009927,0,background_false_accept
lvis_000000183049,lvis_000000183049_yw_088398,0,background_false_accept
lvis_000000151480,lvis_000000151480_yw_071562,0,background_false_accept
lvis_000000268996,lvis_000000268996_yw_130677,0,background_false_accept
lvis_000000221281,lvis_000000221281_yw_108086,0,background_false_accept
lvis_000000276921,lvis_000000276921_yw_133962,0,background_false_accept
lvis_000000466416,lvis_000000466416_yw_228903,0,background_false_accept
lvis_000000242411,lvis_000000242411_yw_119058,0,background_false_accept
lvis_000000135890,lvis_000000135890_yw_062134,0,background_false_accept
lvis_000000563702,lvis_000000563702_yw_273191,0,background_false_accept
lvis_000000569030,lvis_000000569030_yw_275907,0,background_false_accept
lvis_000000534673,lvis_000000534673_yw_259761,0,background_false_accept
lvis_000000222299,lvis_000000222299_yw_108671,0,background_false_accept
lvis_000000495054,lvis_000000495054_yw_241171,0,background_false_accept
lvis_000000273715,lvis_000000273715_yw_132420,0,background_false_accept
lvis_000000581100,lvis_000000581100_yw_281230,0,background_false_accept
lvis_000000561335,lvis_000000561335_yw_271676,0,background_false_accept
lvis_000000169169,lvis_000000169169_yw_080944,0,background_false_accept
lvis_000000482978,lvis_000000482978_yw_236170,0,background_false_accept
lvis_000000152120,lvis_000000152120_yw_071787,0,background_false_accept
lvis_000000421060,lvis_000000421060_yw_205287,0,background_false_accept
lvis_000000094157,lvis_000000094157_yw_042163,0,background_false_accept
lvis_000000025603,lvis_000000025603_yw_012537,0,background_false_accept
lvis_000000106235,lvis_000000106235_yw_047185,0,background_false_accept
lvis_000000242411,lvis_000000242411_yw_119059,0,background_false_accept
lvis_000000150649,lvis_000000150649_yw_071339,0,background_false_accept
lvis_000000423798,lvis_000000423798_yw_206344,0,background_false_accept
lvis_000000083531,lvis_000000083531_yw_037523,0,unknown_false_accept
lvis_000000506656,lvis_000000506656_yw_245587,0,background_false_accept
lvis_000000150224,lvis_000000150224_yw_071065,0,background_false_accept
lvis_000000158548,lvis_000000158548_yw_075370,0,background_false_accept
lvis_000000150224,lvis_000000150224_yw_071066,0,background_false_accept
lvis_000000440617,lvis_000000440617_yw_215568,0,background_false_accept
lvis_000000561465,lvis_000000561465_yw_271715,0,background_false_accept
lvis_000000019042,lvis_000000019042_yw_009928,0,background_false_accept
lvis_000000280930,lvis_000000280930_yw_136255,0,background_false_accept
lvis_000000378515,lvis_000000378515_yw_186396,0,background_false_accept
lvis_000000278749,lvis_000000278749_yw_134757,0,background_false_accept
lvis_000000161925,lvis_000000161925_yw_077084,0,background_false_accept
lvis_000000466416,lvis_000000466416_yw_228905,0,background_false_accept
lvis_000000094157,lvis_000000094157_yw_042164,0,background_false_accept
lvis_000000034205,lvis_000000034205_yw_016164,0,background_false_accept
lvis_000000578545,lvis_000000578545_yw_280351,0,background_false_accept
lvis_000000356428,lvis_000000356428_yw_173588,0,background_false_accept
lvis_000000273198,lvis_000000273198_yw_132053,0,background_false_accept
lvis_000000356612,lvis_000000356612_yw_173909,0,background_false_accept
lvis_000000333402,lvis_000000333402_yw_162176,0,background_false_accept
lvis_000000057725,lvis_000000057725_yw_025343,0,background_false_accept
lvis_000000405205,lvis_000000405205_yw_197303,0,background_false_accept
lvis_000000169169,lvis_000000169169_yw_080947,0,background_false_accept
lvis_000000135673,lvis_000000135673_yw_062058,0,background_false_accept
lvis_000000211674,lvis_000000211674_yw_103225,0,background_false_accept
lvis_000000166747,lvis_000000166747_yw_079854,0,background_false_accept
lvis_000000413247,lvis_000000413247_yw_201866,0,background_false_accept
lvis_000000455937,lvis_000000455937_yw_222584,0,background_false_accept
lvis_000000263969,lvis_000000263969_yw_128442,0,unknown_false_accept
lvis_000000211674,lvis_000000211674_yw_103226,0,background_false_accept
lvis_000000147740,lvis_000000147740_yw_069748,0,background_false_accept
lvis_000000312421,lvis_000000312421_yw_154089,0,background_false_accept
