score_col,mode_family,ap_rank_preserving_by_design,threshold,cal_balanced,cal_precision,cal_recall,cal_unknown_reject,cal_num_accepted,cal_unknown_false_accept,cal_background_false_accepts,cal_tp_known,cal_AP50,cal_AP75,cal_AP,stream_hash,acceptance_mask_hash,canonical_stream,alpha,gamma,beta
raw_score,raw,True,0.002119806769769575,0.3401511187006152,0.15795056751882888,0.8412429378531073,0.7693506493506493,9427,444,7097,1489,0.7031008719507358,0.5682894346237968,0.5198666723520451,311ac8bae1936c27365f0a47515fa2d024d3b6c86acabd1c2148f78f21f9207a,bd9d793596588ea4580c76b43eae96aec42b91fd837a32e3c718d4facf886992,raw_score,,,
raw_score,raw,True,0.00606468482874325,0.4501242085031546,0.23436754176610977,0.8322033898305085,0.8358441558441558,6285,316,4228,1473,0.7031008719507358,0.5682894346237968,0.5198666723520451,311ac8bae1936c27365f0a47515fa2d024d3b6c86acabd1c2148f78f21f9207a,2a21e30f486a2d7cd5dcc6aee8bce1b029e2ed67c33fd4376b44cea260c5107c,raw_score,,,
raw_score,raw,True,0.025298735126852958,0.6036162344344169,0.3789445770352692,0.8073446327683615,0.9153246753246753,3771,163,2031,1429,0.7031008719507358,0.5682894346237968,0.5198666723520451,311ac8bae1936c27365f0a47515fa2d024d3b6c86acabd1c2148f78f21f9207a,d395e6c9d65d68eb3c58f51aacb07a57b7e2ed82e92d1e610f9fb7b3c9d439e9,raw_score,,,
raw_score,raw,True,0.05,0.6713156241754082,0.4688026981450253,0.7853107344632768,0.9412987012987013,2965,113,1355,1390,0.7031008719507358,0.5682894346237968,0.5198666723520451,311ac8bae1936c27365f0a47515fa2d024d3b6c86acabd1c2148f78f21f9207a,1d859695ba0cf4ffa8c63750c1b678b1dd02fb0be260afa51143493bc2adb51e,raw_score,,,
raw_score,raw,True,0.08611611574888238,0.7099960530684624,0.5361972951471758,0.7615819209039548,0.9548051948051948,2514,87,996,1348,0.7031008719507358,0.5682894346237968,0.5198666723520451,311ac8bae1936c27365f0a47515fa2d024d3b6c86acabd1c2148f78f21f9207a,8d9a208540327f35bb47d839ec64382b65497e888fda8a94f138a2f746c86f16,raw_score,,,
raw_score,raw,True,0.1,0.7237705411424787,0.5622895622895623,0.7548022598870057,0.96,2376,77,884,1336,0.7031008719507358,0.5682894346237968,0.5198666723520451,311ac8bae1936c27365f0a47515fa2d024d3b6c86acabd1c2148f78f21f9207a,02f292985033ddd9631c73dc700d0f5b1ba75f62c69cd681fa2f6dda7e309063,raw_score,,,
raw_score,raw,True,0.15,0.750429356502072,0.6264591439688716,0.727683615819209,0.9735064935064935,2056,51,652,1288,0.7031008719507358,0.5682894346237968,0.5198666723520451,311ac8bae1936c27365f0a47515fa2d024d3b6c86acabd1c2148f78f21f9207a,60ed8b6104f7c77b532d333d9962d097245a5b9c259f690acb8469547d016231,raw_score,,,
raw_score,raw,True,0.2,0.7614761158697816,0.6719088937093276,0.7,0.9776623376623377,1844,43,510,1239,0.7031008719507358,0.5682894346237968,0.5198666723520451,311ac8bae1936c27365f0a47515fa2d024d3b6c86acabd1c2148f78f21f9207a,91876d41b191576ccc443f7cd322ebaacb78c1735ef9cdd7a5551c9de09bfed3,raw_score,,,
raw_score,raw,True,0.25,0.7671286240989166,0.7123205741626795,0.6728813559322034,0.9797402597402597,1672,39,394,1191,0.7031008719507358,0.5682894346237968,0.5198666723520451,311ac8bae1936c27365f0a47515fa2d024d3b6c86acabd1c2148f78f21f9207a,2cfd3917b3f2568c3873539b60c302be78d1bea0ee025c275fdf5db6c77b6a7f,raw_score,,,
raw_score,raw,True,0.3,0.771966451908514,0.7478937135450421,0.6519774011299435,0.9849350649350649,1543,29,320,1154,0.7031008719507358,0.5682894346237968,0.5198666723520451,311ac8bae1936c27365f0a47515fa2d024d3b6c86acabd1c2148f78f21f9207a,3167cb1edf8278ccb04224c8811026ce062257f05ebb6752dd3501d5da398434,raw_score,,,
raw_score,raw,True,0.35,0.7737878411568285,0.7779319916724496,0.6333333333333333,0.9875324675324675,1441,24,263,1121,0.7031008719507358,0.5682894346237968,0.5198666723520451,311ac8bae1936c27365f0a47515fa2d024d3b6c86acabd1c2148f78f21f9207a,83f3fb91f66285ccc575518687a8e72198481771ba4016706051b9ce23af806b,raw_score,,,
raw_score,raw,True,0.4,0.7702510779324558,0.8055347793567689,0.6084745762711864,0.9901298701298701,1337,19,215,1077,0.7031008719507358,0.5682894346237968,0.5198666723520451,311ac8bae1936c27365f0a47515fa2d024d3b6c86acabd1c2148f78f21f9207a,c709d1c60cfcdad1244b1cfab5b2a2795c6bb6ee780ada69499204014069da15,raw_score,,,
raw_score,raw,True,0.44400383234024043,0.7649627478814359,0.8265712012728719,0.5870056497175141,0.9916883116883117,1257,16,176,1039,0.7031008719507358,0.5682894346237968,0.5198666723520451,311ac8bae1936c27365f0a47515fa2d024d3b6c86acabd1c2148f78f21f9207a,03e25cf2b2e4755e1353477b06289218ed5f77296c4dcfaaa024bac8e97d2938,raw_score,,,
raw_score,raw,True,0.5,0.7568319859313875,0.8556611927398444,0.559322033898305,0.9927272727272727,1157,14,131,990,0.7031008719507358,0.5682894346237968,0.5198666723520451,311ac8bae1936c27365f0a47515fa2d024d3b6c86acabd1c2148f78f21f9207a,380aa92258ca685e1c76cca9b80ada6224458c541eaf9d3af7dec4e8fc0da0dd,raw_score,,,
raw_score,raw,True,0.6,0.7222447540988544,0.8857431749241659,0.49491525423728816,0.9958441558441559,989,8,89,876,0.7031008719507358,0.5682894346237968,0.5198666723520451,311ac8bae1936c27365f0a47515fa2d024d3b6c86acabd1c2148f78f21f9207a,ef4cd61f690ab8e8fdb0f0d20b5c1ad4cbbdffd795712a8be58e249499c22530,raw_score,,,
raw_score,raw,True,0.7,0.6825107045754258,0.9304878048780488,0.43107344632768363,0.9989610389610389,820,2,48,763,0.7031008719507358,0.5682894346237968,0.5198666723520451,311ac8bae1936c27365f0a47515fa2d024d3b6c86acabd1c2148f78f21f9207a,6b33ef783f57a702373c224a07202926bf0c2f371ec5dc0d0b88ea0bd9ec4290,raw_score,,,
raw_score,raw,True,0.7921064376831046,0.6048648168881179,0.9634340222575517,0.3423728813559322,0.9989610389610389,629,2,17,606,0.7031008719507358,0.5682894346237968,0.5198666723520451,311ac8bae1936c27365f0a47515fa2d024d3b6c86acabd1c2148f78f21f9207a,57d1c7783f39ce7e2edf42599d9cbff2667ca5c9a78e0e7c47a295817de22afd,raw_score,,,
raw_score,raw,True,0.8,0.5933957955436259,0.966996699669967,0.3310734463276836,0.9989610389610389,606,2,14,586,0.7031008719507358,0.5682894346237968,0.5198666723520451,311ac8bae1936c27365f0a47515fa2d024d3b6c86acabd1c2148f78f21f9207a,9f053733c9e335d54947135c8300664da24cd48e556828320312b42f9c46446b,raw_score,,,
raw_score,raw,True,0.9,0.39476961394769616,0.984472049689441,0.1790960451977401,1.0,322,0,4,317,0.7031008719507358,0.5682894346237968,0.5198666723520451,311ac8bae1936c27365f0a47515fa2d024d3b6c86acabd1c2148f78f21f9207a,e9af8180e2184c1acbe9ee748885cd35c6ac0638a653e250ee5b0816e5fd7f14,raw_score,,,
raw_score,raw,True,0.9797402024269104,0.001693002257336343,1.0,0.0005649717514124294,1.0,1,0,0,1,0.7031008719507358,0.5682894346237968,0.5198666723520451,311ac8bae1936c27365f0a47515fa2d024d3b6c86acabd1c2148f78f21f9207a,3bc84dbea1efbb2ed1e12876be81779c7cc248038773b482c76aa917a6211173,raw_score,,,
geometry_risk_score,geometry,False,0.0248520364577197,0.34117822042721646,0.1581627240903787,0.8423728813559322,0.7792207792207793,9427,425,7191,1491,0.697035744013022,0.5627048847566735,0.514118376776685,8f5ebf05ee8447359c022e6e02d31ce06a2e2378704b55a8da067d43a2a569c7,ae7190d09ca484fbb5244e2dfdbf19aabea41ba55c34c2442c6306e5404bf73c,geometry_risk_score,,,
geometry_risk_score,geometry,False,0.05,0.41548992566688236,0.20696406097049364,0.8361581920903954,0.8384415584415584,7151,311,5109,1480,0.697035744013022,0.5627048847566735,0.514118376776685,8f5ebf05ee8447359c022e6e02d31ce06a2e2378704b55a8da067d43a2a569c7,f9b53833b5eae7dff190550623fb6164125da07886b7ef71fd0c8d91c1e20ee1,geometry_risk_score,,,
geometry_risk_score,geometry,False,0.0648507127625143,0.4514297778071253,0.23389021479713604,0.8305084745762712,0.8576623376623377,6285,274,4330,1470,0.697035744013022,0.5627048847566735,0.514118376776685,8f5ebf05ee8447359c022e6e02d31ce06a2e2378704b55a8da067d43a2a569c7,46cba0c99fa74d2798bb53e994ec6fe0caf3ab280d54fb49009b9eaec9e93fab,geometry_risk_score,,,
geometry_risk_score,geometry,False,0.1,0.5181084131042161,0.28856409243531506,0.8254237288135593,0.8981818181818182,5063,196,3241,1461,0.697035744013022,0.5627048847566735,0.514118376776685,8f5ebf05ee8447359c022e6e02d31ce06a2e2378704b55a8da067d43a2a569c7,1a417d6a8becc42e3ede12cea2d26a17bec1de1ad5a0c9f09ba91d315256fb96,geometry_risk_score,,,
geometry_risk_score,geometry,False,0.15,0.5779705735249465,0.3471552555448409,0.8135593220338984,0.9251948051948052,4148,144,2418,1440,0.697035744013022,0.5627048847566735,0.514118376776685,8f5ebf05ee8447359c022e6e02d31ce06a2e2378704b55a8da067d43a2a569c7,b6a32c8811abea1968ac0ac392e78219d95d8729228db19e86ecfe5f51aff681,geometry_risk_score,,,
geometry_risk_score,geometry,False,0.17980087977220546,0.6071684690831235,0.3794749403341289,0.8084745762711865,0.9355844155844156,3771,124,2086,1431,0.697035744013022,0.5627048847566735,0.514118376776685,8f5ebf05ee8447359c022e6e02d31ce06a2e2378704b55a8da067d43a2a569c7,14e11c7103a30e7d018131fa4fa1490e3b1b5f68fb443a76c33ec37131604cdb,geometry_risk_score,,,
geometry_risk_score,geometry,False,0.2,0.6210889507369859,0.39637883008356545,0.803954802259887,0.9402597402597402,3590,115,1928,1423,0.697035744013022,0.5627048847566735,0.514118376776685,8f5ebf05ee8447359c022e6e02d31ce06a2e2378704b55a8da067d43a2a569c7,29eb427a052a3dd3288a296bdafdc072ab8531c8f356f0865efcb48057d7a4fc,geometry_risk_score,,,
geometry_risk_score,geometry,False,0.25,0.6489622921162884,0.4327485380116959,0.7943502824858757,0.9496103896103896,3249,97,1637,1406,0.697035744013022,0.5627048847566735,0.514118376776685,8f5ebf05ee8447359c022e6e02d31ce06a2e2378704b55a8da067d43a2a569c7,28a35635eb8c6a1d1cf9b346da07333a5ef3c12738949328a6a3042a43608097,geometry_risk_score,,,
geometry_risk_score,geometry,False,0.3,0.6723225535489291,0.4663316582914573,0.7864406779661017,0.9558441558441558,2985,85,1411,1392,0.697035744013022,0.5627048847566735,0.514118376776685,8f5ebf05ee8447359c022e6e02d31ce06a2e2378704b55a8da067d43a2a569c7,a08a8e7cf6fe47c12d93e81a43c507d65c62c280940f16b2f1444b23e473c300,geometry_risk_score,,,
geometry_risk_score,geometry,False,0.35,0.6901135267758537,0.4953136265320836,0.7762711864406779,0.9615584415584415,2774,74,1238,1374,0.697035744013022,0.5627048847566735,0.514118376776685,8f5ebf05ee8447359c022e6e02d31ce06a2e2378704b55a8da067d43a2a569c7,8f60fe2d9247df1c2e678efffa2cc2c92a782ab723576e3079b89a16d384cb26,geometry_risk_score,,,
geometry_risk_score,geometry,False,0.4,0.706025437334617,0.5218390804597701,0.7694915254237288,0.9677922077922078,2610,62,1111,1362,0.697035744013022,0.5627048847566735,0.514118376776685,8f5ebf05ee8447359c022e6e02d31ce06a2e2378704b55a8da067d43a2a569c7,e153023f500d227b86c867a59883e470146c6e8187657f44772041c2576912b6,geometry_risk_score,,,
geometry_risk_score,geometry,False,0.4287830584398052,0.7110490132257912,0.5346062052505967,0.7593220338983051,0.9693506493506494,2514,59,1042,1344,0.697035744013022,0.5627048847566735,0.514118376776685,8f5ebf05ee8447359c022e6e02d31ce06a2e2378704b55a8da067d43a2a569c7,2766650ce265feb2aafb61675d7831540716ebaa54b9bb27c7e78af035e79de5,geometry_risk_score,,,
geometry_risk_score,geometry,False,0.5,0.7298972910250978,0.5760631302060499,0.7423728813559322,0.9735064935064935,2281,51,857,1314,0.697035744013022,0.5627048847566735,0.514118376776685,8f5ebf05ee8447359c022e6e02d31ce06a2e2378704b55a8da067d43a2a569c7,37fb8b55ff258ab9c6b62d6443485834a1d79092d1951fca7e8e626884035df5,geometry_risk_score,,,
geometry_risk_score,geometry,False,0.6,0.7484880056048634,0.6274703557312253,0.7175141242937854,0.9797402597402597,2024,39,663,1270,0.697035744013022,0.5627048847566735,0.514118376776685,8f5ebf05ee8447359c022e6e02d31ce06a2e2378704b55a8da067d43a2a569c7,25bbfdb1d3971bf7bebe71de0d5ad1dff53974581ec55c61b09392a80c610380,geometry_risk_score,,,
geometry_risk_score,geometry,False,0.7,0.7612797836798733,0.6826381059751973,0.6841807909604519,0.985974025974026,1774,27,489,1211,0.697035744013022,0.5627048847566735,0.514118376776685,8f5ebf05ee8447359c022e6e02d31ce06a2e2378704b55a8da067d43a2a569c7,eb7117929498f7d1b67fdda26bc52893e43f2432a67be4a660fca1de05a65d6b,geometry_risk_score,,,
geometry_risk_score,geometry,False,0.8,0.7693616461122035,0.7441558441558441,0.6474576271186441,0.9890909090909091,1540,21,335,1146,0.697035744013022,0.5627048847566735,0.514118376776685,8f5ebf05ee8447359c022e6e02d31ce06a2e2378704b55a8da067d43a2a569c7,04ae9ecaa74356d327afcaa350186b484635f82d0d5e0f287484b3dfe5840e6c,geometry_risk_score,,,
geometry_risk_score,geometry,False,0.9,0.7647931679731665,0.8252581413820492,0.5870056497175141,0.9927272727272727,1259,14,185,1039,0.697035744013022,0.5627048847566735,0.514118376776685,8f5ebf05ee8447359c022e6e02d31ce06a2e2378704b55a8da067d43a2a569c7,31b7751db216cbd5cba508abd1dd81b3e4274a2209f517d3b9a98676883f9ec9,geometry_risk_score,,,
geometry_risk_score,geometry,False,0.9004547013125279,0.7646212834619961,0.8257756563245824,0.5864406779661017,0.9927272727272727,1257,14,184,1038,0.697035744013022,0.5627048847566735,0.514118376776685,8f5ebf05ee8447359c022e6e02d31ce06a2e2378704b55a8da067d43a2a569c7,516cbbd2c112f6e4f04cf83872f1fbde971fbf5ccb9f900caaeaf9bd208770b2,geometry_risk_score,,,
geometry_risk_score,geometry,False,0.9862634272406818,0.6056612251788039,0.9650238473767886,0.34293785310734465,0.9989610389610389,629,2,17,607,0.697035744013022,0.5627048847566735,0.514118376776685,8f5ebf05ee8447359c022e6e02d31ce06a2e2378704b55a8da067d43a2a569c7,64e36d18357c6129cd12682dadc05e222d96e15d223af52145e779b8d187ad42,geometry_risk_score,,,
geometry_risk_score,geometry,False,0.999568737985604,0.001693002257336343,1.0,0.0005649717514124294,1.0,1,0,0,1,0.697035744013022,0.5627048847566735,0.514118376776685,8f5ebf05ee8447359c022e6e02d31ce06a2e2378704b55a8da067d43a2a569c7,3bc84dbea1efbb2ed1e12876be81779c7cc248038773b482c76aa917a6211173,geometry_risk_score,,,
geometry_alpha_0p050,alpha_blend,False,0.0036373624459430367,0.3408107598062644,0.1581627240903787,0.8423728813559322,0.7735064935064935,9427,436,7123,1491,0.703173761209389,0.567841729477819,0.5196957467794963,164f0d55c215a5a5f3ce896256cf936189c751a255fda94780f2cae5446b4127,9ef4fe06947aeb6d917b576d6eff344a31b221ab22bfb50db6940b7effc1115c,geometry_alpha_0p050,0.05,,
geometry_alpha_0p050,alpha_blend,False,0.009294153950624589,0.45052549881147325,0.2345266507557677,0.8327683615819209,0.8374025974025974,6285,313,4245,1474,0.703173761209389,0.567841729477819,0.5196957467794963,164f0d55c215a5a5f3ce896256cf936189c751a255fda94780f2cae5446b4127,26ef13d636e54b88c029d27cc8d8a460cb109a971ceeb795c2e50018c7d4dd12,geometry_alpha_0p050,0.05,,
geometry_alpha_0p050,alpha_blend,False,0.03351401540116533,0.604981356116857,0.3797401219835587,0.8090395480225989,0.9179220779220779,3771,158,2037,1432,0.703173761209389,0.567841729477819,0.5196957467794963,164f0d55c215a5a5f3ce896256cf936189c751a255fda94780f2cae5446b4127,276b6f3042b5c3f4a471fdbc7fa7bab0592fed760aa740ab1bef921cda1dc5a9,geometry_alpha_0p050,0.05,,
geometry_alpha_0p050,alpha_blend,False,0.05,0.649802264762605,0.436183395291202,0.7954802259887006,0.9371428571428572,3228,121,1580,1408,0.703173761209389,0.567841729477819,0.5196957467794963,164f0d55c215a5a5f3ce896256cf936189c751a255fda94780f2cae5446b4127,0d5ba97a3e02364c5fa50c4dda420710c30a1dccadce1528f5c66471f4923a5d,geometry_alpha_0p050,0.05,,
geometry_alpha_0p050,alpha_blend,False,0.1,0.7116376543646998,0.5355169692186267,0.7666666666666667,0.957922077922078,2534,81,1013,1357,0.703173761209389,0.567841729477819,0.5196957467794963,164f0d55c215a5a5f3ce896256cf936189c751a255fda94780f2cae5446b4127,7716f9947631682cb4e5e3ee32b18c3f20d29ff1eabf5ee76df4ce3159ac64d6,geometry_alpha_0p050,0.05,,
geometry_alpha_0p050,alpha_blend,False,0.10188407961160649,0.7137265803893453,0.5389817024661894,0.7655367231638418,0.96,2514,77,999,1355,0.703173761209389,0.567841729477819,0.5196957467794963,164f0d55c215a5a5f3ce896256cf936189c751a255fda94780f2cae5446b4127,c0d0ac0a60b247a3566f0030dc5f07e11ce72ecdecc3c3fcf1c2e922119a9897,geometry_alpha_0p050,0.05,,
geometry_alpha_0p050,alpha_blend,False,0.15,0.743898313295938,0.60677808727948,0.7384180790960452,0.9703896103896104,2154,57,722,1307,0.703173761209389,0.567841729477819,0.5196957467794963,164f0d55c215a5a5f3ce896256cf936189c751a255fda94780f2cae5446b4127,1f47849a074a6025c07dbf48225385fefc3c6fc927ac82d3cd19c1359e80070e,geometry_alpha_0p050,0.05,,
geometry_alpha_0p050,alpha_blend,False,0.2,0.7564472846720465,0.6514759192128431,0.7107344632768362,0.9766233766233766,1931,45,571,1258,0.703173761209389,0.567841729477819,0.5196957467794963,164f0d55c215a5a5f3ce896256cf936189c751a255fda94780f2cae5446b4127,a158e94abc6c342afcd2faf0ddc5b9323274f1586fcfbaf4f109e674a35fe840,geometry_alpha_0p050,0.05,,
geometry_alpha_0p050,alpha_blend,False,0.25,0.7645925677269411,0.6931428571428572,0.6853107344632768,0.9787012987012987,1750,41,446,1213,0.703173761209389,0.567841729477819,0.5196957467794963,164f0d55c215a5a5f3ce896256cf936189c751a255fda94780f2cae5446b4127,7407cb201e92e0da2843954144fe55eb3058e9bb3e5d5f371eef2c8605f9b9e5,geometry_alpha_0p050,0.05,,
geometry_alpha_0p050,alpha_blend,False,0.3,0.7715076587778251,0.7335834896810507,0.6627118644067796,0.9838961038961039,1599,31,353,1173,0.703173761209389,0.567841729477819,0.5196957467794963,164f0d55c215a5a5f3ce896256cf936189c751a255fda94780f2cae5446b4127,e8619c6a311218f279fb7f731e20889807ee912d8e7589f85adcc5de74f6b0c1,geometry_alpha_0p050,0.05,,
geometry_alpha_0p050,alpha_blend,False,0.35,0.7718393547298161,0.761234071093226,0.6412429378531074,0.9864935064935065,1491,26,293,1135,0.703173761209389,0.567841729477819,0.5196957467794963,164f0d55c215a5a5f3ce896256cf936189c751a255fda94780f2cae5446b4127,94d1ebee76a4748783756dfbe7dc500a616bcd9e42d1d559dc26f808b12eea5b,geometry_alpha_0p050,0.05,,
geometry_alpha_0p050,alpha_blend,False,0.4,0.7716247181989437,0.7949090909090909,0.6175141242937853,0.9896103896103896,1375,20,233,1093,0.703173761209389,0.567841729477819,0.5196957467794963,164f0d55c215a5a5f3ce896256cf936189c751a255fda94780f2cae5446b4127,fecb6101fe75646fb4d5ee7abb21642120c478fd214df8c0db3831cac62df850,geometry_alpha_0p050,0.05,,
geometry_alpha_0p050,alpha_blend,False,0.4642137433813136,0.7650657412410872,0.8265712012728719,0.5870056497175141,0.9922077922077922,1257,15,177,1039,0.703173761209389,0.567841729477819,0.5196957467794963,164f0d55c215a5a5f3ce896256cf936189c751a255fda94780f2cae5446b4127,7d9c625c477ceee1ad1f82a91a9f2144e7cd5aea80565830f85ac90656a3e42c,geometry_alpha_0p050,0.05,,
geometry_alpha_0p050,alpha_blend,False,0.5,0.7599164926931106,0.8442211055276382,0.5694915254237288,0.9927272727272727,1194,14,148,1008,0.703173761209389,0.567841729477819,0.5196957467794963,164f0d55c215a5a5f3ce896256cf936189c751a255fda94780f2cae5446b4127,c34ef31b89a7c5678f29148078435892d7b275c54d9d95fdda15b5fe881740ba,geometry_alpha_0p050,0.05,,
geometry_alpha_0p050,alpha_blend,False,0.6,0.7296215430948076,0.8820058997050148,0.5067796610169492,0.9953246753246753,1017,9,95,897,0.703173761209389,0.567841729477819,0.5196957467794963,164f0d55c215a5a5f3ce896256cf936189c751a255fda94780f2cae5446b4127,a13c2a932c089617638491990d1f4128bd478bdd0bf10ef319df68147e54aef8,geometry_alpha_0p050,0.05,,
geometry_alpha_0p050,alpha_blend,False,0.7,0.6903613018994454,0.9254437869822485,0.44180790960451977,0.9984415584415585,845,3,51,782,0.703173761209389,0.567841729477819,0.5196957467794963,164f0d55c215a5a5f3ce896256cf936189c751a255fda94780f2cae5446b4127,9fc5e344c7ca3f2e13dde0f583cc4f3aa7bf8ccc52a198523d7f700de07ca793,geometry_alpha_0p050,0.05,,
geometry_alpha_0p050,alpha_blend,False,0.8,0.6062449430280178,0.9605678233438486,0.3440677966101695,0.9989610389610389,634,2,19,609,0.703173761209389,0.567841729477819,0.5196957467794963,164f0d55c215a5a5f3ce896256cf936189c751a255fda94780f2cae5446b4127,70e4321316057486f871339f5014dbd3d9ebb662a10380023ba08581e12299ac,geometry_alpha_0p050,0.05,,
geometry_alpha_0p050,alpha_blend,False,0.8012151592665342,0.6056612251788039,0.9650238473767886,0.34293785310734465,0.9989610389610389,629,2,16,607,0.703173761209389,0.567841729477819,0.5196957467794963,164f0d55c215a5a5f3ce896256cf936189c751a255fda94780f2cae5446b4127,e06304ccced174396b5f67c8bc2b6a7322badb5b1da61077c8823b9a1cdfeefd,geometry_alpha_0p050,0.05,,
geometry_alpha_0p050,alpha_blend,False,0.9,0.4110429447852761,0.9852941176470589,0.18926553672316385,1.0,340,0,4,335,0.703173761209389,0.567841729477819,0.5196957467794963,164f0d55c215a5a5f3ce896256cf936189c751a255fda94780f2cae5446b4127,33ddb3251e8fae533a9ad19f59c9a6ac451d9b80dbc7cc89b4e6e93ca8258155,geometry_alpha_0p050,0.05,,
geometry_alpha_0p050,alpha_blend,False,0.980731629204845,0.001693002257336343,1.0,0.0005649717514124294,1.0,1,0,0,1,0.703173761209389,0.567841729477819,0.5196957467794963,164f0d55c215a5a5f3ce896256cf936189c751a255fda94780f2cae5446b4127,3bc84dbea1efbb2ed1e12876be81779c7cc248038773b482c76aa917a6211173,geometry_alpha_0p050,0.05,,
geometry_alpha_0p100,alpha_blend,False,0.005001124023797586,0.34126800728017814,0.1583748806619285,0.843502824858757,0.7745454545454545,9427,434,7134,1493,0.7026826653836692,0.5677112982999695,0.5194847417300835,41a57fd6a79011139a562c87aef8d8bdc8d96ba5ca48199adf35c73f80defd59,2a38716d3ca9402bceadb02931ce30d23999f704386b678a35c7612b4372342a,geometry_alpha_0p100,0.1,,
geometry_alpha_0p100,alpha_blend,False,0.012449627331476351,0.4506756319702895,0.2345266507557677,0.8327683615819209,0.8389610389610389,6285,310,4253,1474,0.7026826653836692,0.5677112982999695,0.5194847417300835,41a57fd6a79011139a562c87aef8d8bdc8d96ba5ca48199adf35c73f80defd59,e5ced34a2cc95962d4881e29c6df800156a5457e5f476d79efa847397f83529d,geometry_alpha_0p100,0.1,,
geometry_alpha_0p100,alpha_blend,False,0.04168193440138455,0.6055809797984811,0.3797401219835587,0.8090395480225989,0.922077922077922,3771,150,2043,1432,0.7026826653836692,0.5677112982999695,0.5194847417300835,41a57fd6a79011139a562c87aef8d8bdc8d96ba5ca48199adf35c73f80defd59,6c119011ca64c5391479a908300c8b575fce78681943036180030c0aa879ca48,geometry_alpha_0p100,0.1,,
geometry_alpha_0p100,alpha_blend,False,0.05,0.6267118172142296,0.4055904164289789,0.8033898305084746,0.9288311688311688,3506,137,1816,1422,0.7026826653836692,0.5677112982999695,0.5194847417300835,41a57fd6a79011139a562c87aef8d8bdc8d96ba5ca48199adf35c73f80defd59,8c287bd3bb08a5fa7c0a8bc3ead3a90031e1d5c2fb897d405f34835643076565,geometry_alpha_0p100,0.1,,
geometry_alpha_0p100,alpha_blend,False,0.1,0.6989472669448124,0.5127627627627628,0.7717514124293785,0.9558441558441558,2664,85,1124,1366,0.7026826653836692,0.5677112982999695,0.5194847417300835,41a57fd6a79011139a562c87aef8d8bdc8d96ba5ca48199adf35c73f80defd59,b2bfc2c7a99b99a934e94100be567d0e3514b76b5e78a2fd116f565db8a36ed1,geometry_alpha_0p100,0.1,,
geometry_alpha_0p100,alpha_blend,False,0.11833637891859958,0.715489311702555,0.5401750198886237,0.7672316384180791,0.9631168831168831,2514,71,1002,1358,0.7026826653836692,0.5677112982999695,0.5194847417300835,41a57fd6a79011139a562c87aef8d8bdc8d96ba5ca48199adf35c73f80defd59,d2ba8dff31d5ed2d6f2dfb9199bc2e8c4ed7e3fe48965a8cf41f7b53a7101689,geometry_alpha_0p100,0.1,,
geometry_alpha_0p100,alpha_blend,False,0.15,0.7350958890580127,0.5846221829429961,0.747457627118644,0.9683116883116883,2263,61,805,1323,0.7026826653836692,0.5677112982999695,0.5194847417300835,41a57fd6a79011139a562c87aef8d8bdc8d96ba5ca48199adf35c73f80defd59,b4e680223f2145a43053d807766fbee1841cac72f917dd802954de60d2b4ee63,geometry_alpha_0p100,0.1,,
geometry_alpha_0p100,alpha_blend,False,0.2,0.7534108841038315,0.6346534653465347,0.7242937853107345,0.9750649350649351,2020,48,630,1282,0.7026826653836692,0.5677112982999695,0.5194847417300835,41a57fd6a79011139a562c87aef8d8bdc8d96ba5ca48199adf35c73f80defd59,98248ea6e41b9236a5a961108ea8bb5b709e1a39db9afc686a718642b744d3ff,geometry_alpha_0p100,0.1,,
geometry_alpha_0p100,alpha_blend,False,0.25,0.7613586500798327,0.675068493150685,0.696045197740113,0.9781818181818182,1825,42,497,1232,0.7026826653836692,0.5677112982999695,0.5194847417300835,41a57fd6a79011139a562c87aef8d8bdc8d96ba5ca48199adf35c73f80defd59,25efb5a5bad8d204e103ada8a3476232f93c08399d8b7fd7ee051883cc1079a1,geometry_alpha_0p100,0.1,,
geometry_alpha_0p100,alpha_blend,False,0.3,0.7713084579447977,0.71997585998793,0.6740112994350282,0.9833766233766233,1657,32,387,1193,0.7026826653836692,0.5677112982999695,0.5194847417300835,41a57fd6a79011139a562c87aef8d8bdc8d96ba5ca48199adf35c73f80defd59,95d4fe34179bfeda055fa2ab447366873ebf0999eb2223dd3625d40233e5403c,geometry_alpha_0p100,0.1,,
geometry_alpha_0p100,alpha_blend,False,0.35,0.7729807979584729,0.7519582245430809,0.6508474576271186,0.9854545454545455,1532,28,313,1152,0.7026826653836692,0.5677112982999695,0.5194847417300835,41a57fd6a79011139a562c87aef8d8bdc8d96ba5ca48199adf35c73f80defd59,c74c28f0d30db21319a5f6fc71c39c5e59b60922ecd33f46a21b179ab4be6af3,geometry_alpha_0p100,0.1,,
geometry_alpha_0p100,alpha_blend,False,0.4,0.7736433714096725,0.7790940766550523,0.631638418079096,0.9890909090909091,1435,21,264,1118,0.7026826653836692,0.5677112982999695,0.5194847417300835,41a57fd6a79011139a562c87aef8d8bdc8d96ba5ca48199adf35c73f80defd59,6147f6242e38537497d62b5bd7cd602565e4d7734991c8e294e2a7664f14c561,geometry_alpha_0p100,0.1,,
geometry_alpha_0p100,alpha_blend,False,0.485371502416983,0.7673554342631486,0.8297533810660302,0.5892655367231638,0.9927272727272727,1257,14,174,1043,0.7026826653836692,0.5677112982999695,0.5194847417300835,41a57fd6a79011139a562c87aef8d8bdc8d96ba5ca48199adf35c73f80defd59,d0278d131acbedd179593ed4c26e6b9d9ce1ad36d8f3aa7fa9c30c17aabd2ee9,geometry_alpha_0p100,0.1,,
geometry_alpha_0p100,alpha_blend,False,0.5,0.7632950820118869,0.8348250610252238,0.5796610169491525,0.9927272727272727,1229,14,163,1026,0.7026826653836692,0.5677112982999695,0.5194847417300835,41a57fd6a79011139a562c87aef8d8bdc8d96ba5ca48199adf35c73f80defd59,bec5c88933c4c5910d9793a174d911fb533aba775656ff4e468c612efbc86e8e,geometry_alpha_0p100,0.1,,
geometry_alpha_0p100,alpha_blend,False,0.6,0.7404467332690527,0.8795066413662239,0.523728813559322,0.9948051948051948,1054,10,100,927,0.7026826653836692,0.5677112982999695,0.5194847417300835,41a57fd6a79011139a562c87aef8d8bdc8d96ba5ca48199adf35c73f80defd59,275b7feb3bd277ce6532f9df20bc9599d2ce9e38a1ebfd3ae5f356f82698495f,geometry_alpha_0p100,0.1,,
geometry_alpha_0p100,alpha_blend,False,0.7,0.6936192932465697,0.912743972445465,0.4491525423728814,0.9968831168831169,871,6,58,795,0.7026826653836692,0.5677112982999695,0.5194847417300835,41a57fd6a79011139a562c87aef8d8bdc8d96ba5ca48199adf35c73f80defd59,c408e92a01e9f653fda0e7dbb46909d263d045719b78c1b89670cab043d531fc,geometry_alpha_0p100,0.1,,
geometry_alpha_0p100,alpha_blend,False,0.8,0.6209944176334367,0.959214501510574,0.3587570621468927,0.9989610389610389,662,2,21,635,0.7026826653836692,0.5677112982999695,0.5194847417300835,41a57fd6a79011139a562c87aef8d8bdc8d96ba5ca48199adf35c73f80defd59,362b3b8d082a5fb37aedd186edb6e4e7c4c4c2d661cbde1ac9844f5bc453f488,geometry_alpha_0p100,0.1,,
geometry_alpha_0p100,alpha_blend,False,0.8108729827826336,0.6048648168881179,0.9634340222575517,0.3423728813559322,0.9989610389610389,629,2,17,606,0.7026826653836692,0.5677112982999695,0.5194847417300835,41a57fd6a79011139a562c87aef8d8bdc8d96ba5ca48199adf35c73f80defd59,859ce8589f8b43277ef618547486bfafbbee0a9f18561b2ce136ad38b2e21ef0,geometry_alpha_0p100,0.1,,
geometry_alpha_0p100,alpha_blend,False,0.9,0.42337242215932064,0.9858757062146892,0.19717514124293786,1.0,354,0,4,349,0.7026826653836692,0.5677112982999695,0.5194847417300835,41a57fd6a79011139a562c87aef8d8bdc8d96ba5ca48199adf35c73f80defd59,631a9243b63b47e8daf6232bcf0cf3d1eef075b5995e2c51a1b77bea971eaa32,geometry_alpha_0p100,0.1,,
geometry_alpha_0p100,alpha_blend,False,0.9817230559827799,0.001693002257336343,1.0,0.0005649717514124294,1.0,1,0,0,1,0.7026826653836692,0.5677112982999695,0.5194847417300835,41a57fd6a79011139a562c87aef8d8bdc8d96ba5ca48199adf35c73f80defd59,3bc84dbea1efbb2ed1e12876be81779c7cc248038773b482c76aa917a6211173,geometry_alpha_0p100,0.1,,
geometry_alpha_0p200,alpha_blend,False,0.007547229393382845,0.341402164015267,0.1583748806619285,0.843502824858757,0.7766233766233767,9427,430,7153,1493,0.7021374773744535,0.5671951453948838,0.5190364634953561,c34baae097854bb8b4edcd071e070c1984f9cb3eadc00fb8e333c5929a7f5759,583beb5f1d7912eb2f5a83b7ae627ada20158556987beb72e519262f40d6f482,geometry_alpha_0p200,0.2,,
geometry_alpha_0p200,alpha_blend,False,0.018449147982885834,0.45047448636342563,0.23436754176610977,0.8322033898305085,0.8394805194805195,6285,309,4270,1473,0.7021374773744535,0.5671951453948838,0.5190364634953561,c34baae097854bb8b4edcd071e070c1984f9cb3eadc00fb8e333c5929a7f5759,feb11a73ff09f2823e56b09da7cd67a1a38025da2112a89940b9dab640ee8053,geometry_alpha_0p200,0.2,,
geometry_alpha_0p200,alpha_blend,False,0.05,0.5899952099669801,0.36160040261701054,0.811864406779661,0.9194805194805195,3974,155,2235,1437,0.7021374773744535,0.5671951453948838,0.5190364634953561,c34baae097854bb8b4edcd071e070c1984f9cb3eadc00fb8e333c5929a7f5759,88e21c50946e488ba6385c364b5c81bfc05a9ddbaae8842a17129e8b6f90e933,geometry_alpha_0p200,0.2,,
geometry_alpha_0p200,alpha_blend,False,0.057338940251196534,0.6062505299901658,0.3797401219835587,0.8090395480225989,0.9267532467532468,3771,141,2055,1432,0.7021374773744535,0.5671951453948838,0.5190364634953561,c34baae097854bb8b4edcd071e070c1984f9cb3eadc00fb8e333c5929a7f5759,5644c1d4bb81a79c94f5bc425141466ef515979dc5ae3e5a97b8a2d05cce99cd,geometry_alpha_0p200,0.2,,
geometry_alpha_0p200,alpha_blend,False,0.1,0.6719028574182047,0.46589018302828616,0.7909604519774012,0.9485714285714286,3005,99,1401,1400,0.7021374773744535,0.5671951453948838,0.5190364634953561,c34baae097854bb8b4edcd071e070c1984f9cb3eadc00fb8e333c5929a7f5759,840eb75a035f03add527f47df10fecad72cef46f491e7ba7c14ec0905981d2d6,geometry_alpha_0p200,0.2,,
geometry_alpha_0p200,alpha_blend,False,0.15,0.7118902047130735,0.5352335708630246,0.7638418079096045,0.9646753246753247,2526,68,1024,1352,0.7021374773744535,0.5671951453948838,0.5190364634953561,c34baae097854bb8b4edcd071e070c1984f9cb3eadc00fb8e333c5929a7f5759,7964d6c19784f6a6e46e8bc8953f88f87ae5f01fd414b7ae71c6a03078190da8,geometry_alpha_0p200,0.2,,
geometry_alpha_0p200,alpha_blend,False,0.15097315700701838,0.7133927411169627,0.5377883850437549,0.7638418079096045,0.9646753246753247,2514,68,1012,1352,0.7021374773744535,0.5671951453948838,0.5190364634953561,c34baae097854bb8b4edcd071e070c1984f9cb3eadc00fb8e333c5929a7f5759,e4e2b0348493e91f2444d99a48f464cab6f76ba42b99f02edc2afed33714e0f1,geometry_alpha_0p200,0.2,,
geometry_alpha_0p200,alpha_blend,False,0.2,0.740274570140979,0.596284549161758,0.7435028248587571,0.9703896103896104,2207,57,766,1316,0.7021374773744535,0.5671951453948838,0.5190364634953561,c34baae097854bb8b4edcd071e070c1984f9cb3eadc00fb8e333c5929a7f5759,29cd4b81249a0bab01711b30aa56d3107dc5b4b134213ed6c8aaf4a91e2c6669,geometry_alpha_0p200,0.2,,
geometry_alpha_0p200,alpha_blend,False,0.25,0.7561981547201356,0.6412825651302605,0.7231638418079096,0.9755844155844156,1996,47,611,1280,0.7021374773744535,0.5671951453948838,0.5190364634953561,c34baae097854bb8b4edcd071e070c1984f9cb3eadc00fb8e333c5929a7f5759,2dbf4ec43da539f80370253421de58799bd71932b0ffdd04063b86606038a5a8,geometry_alpha_0p200,0.2,,
geometry_alpha_0p200,alpha_blend,False,0.3,0.7630107487312398,0.6788079470198676,0.6949152542372882,0.9807792207792208,1812,37,494,1230,0.7021374773744535,0.5671951453948838,0.5190364634953561,c34baae097854bb8b4edcd071e070c1984f9cb3eadc00fb8e333c5929a7f5759,0a113541ce5fcd2262b2c76da5d2dc9e732aac7a0d43b041aa31fed0711f2bcb,geometry_alpha_0p200,0.2,,
geometry_alpha_0p200,alpha_blend,False,0.35,0.7701472300427559,0.7185990338164251,0.672316384180791,0.9838961038961039,1656,31,390,1190,0.7021374773744535,0.5671951453948838,0.5190364634953561,c34baae097854bb8b4edcd071e070c1984f9cb3eadc00fb8e333c5929a7f5759,f39a0f26d53663d00b95fb1c772c5cea4bc6770b06f97eff1e5dbb26e9950336,geometry_alpha_0p200,0.2,,
geometry_alpha_0p200,alpha_blend,False,0.4,0.7713638378972166,0.7511460379829732,0.6480225988700565,0.9854545454545455,1527,28,313,1147,0.7021374773744535,0.5671951453948838,0.5190364634953561,c34baae097854bb8b4edcd071e070c1984f9cb3eadc00fb8e333c5929a7f5759,3284a9d494c6f2cde527de063548d23fbd5d780ff0aac4d8960759de216ab474,geometry_alpha_0p200,0.2,,
geometry_alpha_0p200,alpha_blend,False,0.5,0.7694579627835028,0.8126428027418127,0.6028248587570622,0.9906493506493507,1313,18,202,1067,0.7021374773744535,0.5671951453948838,0.5190364634953561,c34baae097854bb8b4edcd071e070c1984f9cb3eadc00fb8e333c5929a7f5759,3435be5ead09e9bafa12ddd17b4c055a6ab50a50fa51962447d2f6a7d669e3fb,geometry_alpha_0p200,0.2,,
geometry_alpha_0p200,alpha_blend,False,0.5318388355615438,0.7673554342631486,0.8297533810660302,0.5892655367231638,0.9927272727272727,1257,14,174,1043,0.7021374773744535,0.5671951453948838,0.5190364634953561,c34baae097854bb8b4edcd071e070c1984f9cb3eadc00fb8e333c5929a7f5759,36c9e3794352332957e63d29717de9d5b99253e1dc178ac6c54a66fcc5829763,geometry_alpha_0p200,0.2,,
geometry_alpha_0p200,alpha_blend,False,0.6,0.7525086707580132,0.8667262969588551,0.5474576271186441,0.9937662337662337,1118,12,118,969,0.7021374773744535,0.5671951453948838,0.5190364634953561,c34baae097854bb8b4edcd071e070c1984f9cb3eadc00fb8e333c5929a7f5759,82e764ea68b04ae18688e3b12d8c5e178cf48e66b38a11fffab0cb4375a42b06,geometry_alpha_0p200,0.2,,
geometry_alpha_0p200,alpha_blend,False,0.7,0.7083661710336803,0.9053318824809575,0.47005649717514125,0.9968831168831169,919,6,69,832,0.7021374773744535,0.5671951453948838,0.5190364634953561,c34baae097854bb8b4edcd071e070c1984f9cb3eadc00fb8e333c5929a7f5759,a16a721708758a703ae98279dda980f3b060e6dcc2cfc01b80b09a868d7e511d,geometry_alpha_0p200,0.2,,
geometry_alpha_0p200,alpha_blend,False,0.8,0.6415583228464073,0.9533239038189534,0.3807909604519774,0.9989610389610389,707,2,25,674,0.7021374773744535,0.5671951453948838,0.5190364634953561,c34baae097854bb8b4edcd071e070c1984f9cb3eadc00fb8e333c5929a7f5759,c4d940ba7e664410337a1dcb9e2a3b09c5b9a7457f1657e5f04d0c34d76ccba1,geometry_alpha_0p200,0.2,,
geometry_alpha_0p200,alpha_blend,False,0.8306052257453989,0.6048648168881179,0.9634340222575517,0.3423728813559322,0.9989610389610389,629,2,17,606,0.7021374773744535,0.5671951453948838,0.5190364634953561,c34baae097854bb8b4edcd071e070c1984f9cb3eadc00fb8e333c5929a7f5759,859ce8589f8b43277ef618547486bfafbbee0a9f18561b2ce136ad38b2e21ef0,geometry_alpha_0p200,0.2,,
geometry_alpha_0p200,alpha_blend,False,0.9,0.46806039488966317,0.9829268292682927,0.22768361581920904,1.0,410,0,5,403,0.7021374773744535,0.5671951453948838,0.5190364634953561,c34baae097854bb8b4edcd071e070c1984f9cb3eadc00fb8e333c5929a7f5759,8204983663eb2749f768bfcb654a62a1ef0d08d63070dc27bcfe5ac43b7210be,geometry_alpha_0p200,0.2,,
geometry_alpha_0p200,alpha_blend,False,0.9837059095386491,0.001693002257336343,1.0,0.0005649717514124294,1.0,1,0,0,1,0.7021374773744535,0.5671951453948838,0.5190364634953561,c34baae097854bb8b4edcd071e070c1984f9cb3eadc00fb8e333c5929a7f5759,3bc84dbea1efbb2ed1e12876be81779c7cc248038773b482c76aa917a6211173,geometry_alpha_0p200,0.2,,
geometry_alpha_0p400,alpha_blend,False,0.012207890842940328,0.341206983718577,0.1582688023761536,0.8429378531073446,0.7766233766233767,9427,430,7169,1492,0.7007783940499033,0.5653374501115206,0.51770485380892,4c328dab9ac936145d75a95be37891aa1bf44172dbbd3e0263b2dcaca4bc944c,b4b06b9d8452b0a3dd855c86c21550df06c9ee2deb207733c7da7591bccc40f6,geometry_alpha_0p400,0.4,,
geometry_alpha_0p400,alpha_blend,False,0.030398345811738926,0.45176277195628783,0.2345266507557677,0.8327683615819209,0.8503896103896104,6285,288,4294,1474,0.7007783940499033,0.5653374501115206,0.51770485380892,4c328dab9ac936145d75a95be37891aa1bf44172dbbd3e0263b2dcaca4bc944c,dde3cb452ffdeaf956411e52979baedc8a2f70405bcd5975416b202588ec4746,geometry_alpha_0p400,0.4,,
geometry_alpha_0p400,alpha_blend,False,0.05,0.5264682013399399,0.2970881694155976,0.8242937853107345,0.8935064935064935,4911,205,3077,1459,0.7007783940499033,0.5653374501115206,0.51770485380892,4c328dab9ac936145d75a95be37891aa1bf44172dbbd3e0263b2dcaca4bc944c,09176a95816a40e167e588919371aa23da4ad9258947f6a2398a4227be15ee49,geometry_alpha_0p400,0.4,,
geometry_alpha_0p400,alpha_blend,False,0.08869041307980546,0.6065095272074661,0.3794749403341289,0.8084745762711865,0.9309090909090909,3771,133,2068,1431,0.7007783940499033,0.5653374501115206,0.51770485380892,4c328dab9ac936145d75a95be37891aa1bf44172dbbd3e0263b2dcaca4bc944c,b3f6815a09b700d426860d53ba6f4866a5a3d4da387c234479ad48adce80c3bd,geometry_alpha_0p400,0.4,,
geometry_alpha_0p400,alpha_blend,False,0.1,0.6214946187661058,0.3971571906354515,0.8050847457627118,0.9371428571428572,3588,121,1909,1425,0.7007783940499033,0.5653374501115206,0.51770485380892,4c328dab9ac936145d75a95be37891aa1bf44172dbbd3e0263b2dcaca4bc944c,e769a85d3d605a3e4cee1a5c00fd1eb284e635331247dfecb68723a3c3aea74b,geometry_alpha_0p400,0.4,,
geometry_alpha_0p400,alpha_blend,False,0.15,0.672141905440058,0.46555740432612314,0.7903954802259887,0.9522077922077922,3005,92,1412,1399,0.7007783940499033,0.5653374501115206,0.51770485380892,4c328dab9ac936145d75a95be37891aa1bf44172dbbd3e0263b2dcaca4bc944c,bd760dadd35a7f9ec2e45ae9c63ae9c2ad8d146fbbcddc6925ce804cd7faf3e6,geometry_alpha_0p400,0.4,,
geometry_alpha_0p400,alpha_blend,False,0.2,0.7029876063983475,0.5182926829268293,0.768361581920904,0.9646753246753247,2624,68,1113,1360,0.7007783940499033,0.5653374501115206,0.51770485380892,4c328dab9ac936145d75a95be37891aa1bf44172dbbd3e0263b2dcaca4bc944c,7b409cc5c12d20468795a853fe0b1bdb73772805b9fa25c8997acee7a0c7164e,geometry_alpha_0p400,0.4,,
geometry_alpha_0p400,alpha_blend,False,0.2207316047756994,0.7112864596009769,0.5354017501988863,0.7604519774011299,0.9662337662337662,2514,65,1022,1346,0.7007783940499033,0.5653374501115206,0.51770485380892,4c328dab9ac936145d75a95be37891aa1bf44172dbbd3e0263b2dcaca4bc944c,e63575b0805bfc4a43320876de10297ff3b4f1cd8e064bd15722c95ba89beb1e,geometry_alpha_0p400,0.4,,
geometry_alpha_0p400,alpha_blend,False,0.25,0.7276980978041571,0.5669927690344534,0.7531073446327684,0.9698701298701299,2351,58,891,1333,0.7007783940499033,0.5653374501115206,0.51770485380892,4c328dab9ac936145d75a95be37891aa1bf44172dbbd3e0263b2dcaca4bc944c,79b5266a3ddbfa703b6754be46c5c65cc79a9fc9677e537227b50105a08e142e,geometry_alpha_0p400,0.4,,
geometry_alpha_0p400,alpha_blend,False,0.3,0.7461049195006039,0.6097902097902098,0.7389830508474576,0.972987012987013,2145,52,725,1308,0.7007783940499033,0.5653374501115206,0.51770485380892,4c328dab9ac936145d75a95be37891aa1bf44172dbbd3e0263b2dcaca4bc944c,b84d371af7394f58dfa4306da3537f41fe70dd64c08a0a5d1c82edfb380b58f4,geometry_alpha_0p400,0.4,,
geometry_alpha_0p400,alpha_blend,False,0.35,0.7579426778586745,0.6473282442748092,0.7186440677966102,0.9787012987012987,1965,41,599,1272,0.7007783940499033,0.5653374501115206,0.51770485380892,4c328dab9ac936145d75a95be37891aa1bf44172dbbd3e0263b2dcaca4bc944c,37415b64e88d458f4ceb74c2624c9cf013156d74b97a7447c78fcf31507b2ac9,geometry_alpha_0p400,0.4,,
geometry_alpha_0p400,alpha_blend,False,0.4,0.7638923695318003,0.6812881732370905,0.6932203389830508,0.9833766233766233,1801,32,494,1227,0.7007783940499033,0.5653374501115206,0.51770485380892,4c328dab9ac936145d75a95be37891aa1bf44172dbbd3e0263b2dcaca4bc944c,009abcd336ffd3395c5cc935e19450fa30119dd90b819e5ac5589b1afa8161d8,geometry_alpha_0p400,0.4,,
geometry_alpha_0p400,alpha_blend,False,0.5,0.7736697336961489,0.7537655533726261,0.6502824858757063,0.987012987012987,1527,25,313,1151,0.7007783940499033,0.5653374501115206,0.51770485380892,4c328dab9ac936145d75a95be37891aa1bf44172dbbd3e0263b2dcaca4bc944c,479ddb99c5f5fa6954e1d17a2b71e0431877d4dba6fc8dd89827d3bd8589f393,geometry_alpha_0p400,0.4,,
geometry_alpha_0p400,alpha_blend,False,0.6,0.7694384408181021,0.8191653786707882,0.5988700564971752,0.9916883116883117,1294,16,192,1060,0.7007783940499033,0.5653374501115206,0.51770485380892,4c328dab9ac936145d75a95be37891aa1bf44172dbbd3e0263b2dcaca4bc944c,c3a8656128b6e6e60f123aaf96d3fffb06b58f6eb61fa34cb941083313baf9f5,geometry_alpha_0p400,0.4,,
geometry_alpha_0p400,alpha_blend,False,0.6178442572347402,0.7677978044657675,0.8305489260143198,0.5898305084745763,0.9922077922077922,1257,15,172,1044,0.7007783940499033,0.5653374501115206,0.51770485380892,4c328dab9ac936145d75a95be37891aa1bf44172dbbd3e0263b2dcaca4bc944c,06161bc2973ae3696df060f3f0b73aab9d2ab8f63ea4cb9110f21b065dac5694,geometry_alpha_0p400,0.4,,
geometry_alpha_0p400,alpha_blend,False,0.7,0.7454711803134935,0.8763940520446096,0.5327683615819209,0.9937662337662337,1076,12,104,943,0.7007783940499033,0.5653374501115206,0.51770485380892,4c328dab9ac936145d75a95be37891aa1bf44172dbbd3e0263b2dcaca4bc944c,b78830a4dc082189e6e2c3648404ecaaf98375439b6979eae7bc48cb22c32bfe,geometry_alpha_0p400,0.4,,
geometry_alpha_0p400,alpha_blend,False,0.8,0.6886653312820153,0.9283154121863799,0.43898305084745765,0.9989610389610389,837,2,50,777,0.7007783940499033,0.5653374501115206,0.51770485380892,4c328dab9ac936145d75a95be37891aa1bf44172dbbd3e0263b2dcaca4bc944c,4cf736a1b3fb54a29e21bd39cd19c782e900cba5c75e61adaa35578959d50cd1,geometry_alpha_0p400,0.4,,
geometry_alpha_0p400,alpha_blend,False,0.8685582806248484,0.6048648168881179,0.9634340222575517,0.3423728813559322,0.9989610389610389,629,2,17,606,0.7007783940499033,0.5653374501115206,0.51770485380892,4c328dab9ac936145d75a95be37891aa1bf44172dbbd3e0263b2dcaca4bc944c,83af9a278c6ed20fd90e25fe65374064e9f90574b1f1e0bad6d5d94529eda5ac,geometry_alpha_0p400,0.4,,
geometry_alpha_0p400,alpha_blend,False,0.9,0.5342713511230022,0.9762376237623762,0.27853107344632766,0.9994805194805195,505,1,9,493,0.7007783940499033,0.5653374501115206,0.51770485380892,4c328dab9ac936145d75a95be37891aa1bf44172dbbd3e0263b2dcaca4bc944c,0b6107fd73c010ef925fb2eefd453e3af29bfb1267840aa6b1ea1dad91cde8b2,geometry_alpha_0p400,0.4,,
geometry_alpha_0p400,alpha_blend,False,0.9876716166503878,0.001693002257336343,1.0,0.0005649717514124294,1.0,1,0,0,1,0.7007783940499033,0.5653374501115206,0.51770485380892,4c328dab9ac936145d75a95be37891aa1bf44172dbbd3e0263b2dcaca4bc944c,3bc84dbea1efbb2ed1e12876be81779c7cc248038773b482c76aa917a6211173,geometry_alpha_0p400,0.4,,
geometry_alpha_0p600,alpha_blend,False,0.016418085755219053,0.34111175215586437,0.1581627240903787,0.8423728813559322,0.7781818181818182,9427,427,7185,1491,0.6999031452542313,0.564151901812153,0.5169828510997396,16dfdb36dc5bd69a2cca50b8aa6f354574363b372fb4b768532e852b57272282,5274cd3984eb22e4b41d84669c0133d4a76f554f62579926dc6555a2ba609721,geometry_alpha_0p600,0.6,,
geometry_alpha_0p600,alpha_blend,False,0.04196123277462942,0.45169508324876817,0.23420843277645187,0.831638418079096,0.8550649350649351,6285,279,4312,1472,0.6999031452542313,0.564151901812153,0.5169828510997396,16dfdb36dc5bd69a2cca50b8aa6f354574363b372fb4b768532e852b57272282,a081fd11b66a0c77cae269e1041f6ee203ba7630dc5236fa107becc7406f2a12,geometry_alpha_0p600,0.6,,
geometry_alpha_0p600,alpha_blend,False,0.05,0.4794671983237385,0.25615505500261915,0.8288135593220339,0.8722077922077922,5727,246,3817,1467,0.6999031452542313,0.564151901812153,0.5169828510997396,16dfdb36dc5bd69a2cca50b8aa6f354574363b372fb4b768532e852b57272282,cf99972f015b5294dc8cf23be62d90ad6d246ec587b2b3077f9eb01f28f55280,geometry_alpha_0p600,0.6,,
geometry_alpha_0p600,alpha_blend,False,0.1,0.5811647898782502,0.35052298710775964,0.8141242937853107,0.9251948051948052,4111,144,2378,1441,0.6999031452542313,0.564151901812153,0.5169828510997396,16dfdb36dc5bd69a2cca50b8aa6f354574363b372fb4b768532e852b57272282,d7c4753101236267f43927768b4746249cf01476f0215e5ba86d1968da04cd31,geometry_alpha_0p600,0.6,,
geometry_alpha_0p600,alpha_blend,False,0.11901819591253056,0.6064304449050562,0.3789445770352692,0.8073446327683615,0.935064935064935,3771,125,2079,1429,0.6999031452542313,0.564151901812153,0.5169828510997396,16dfdb36dc5bd69a2cca50b8aa6f354574363b372fb4b768532e852b57272282,c3c5b148eeb1b586f83fd359feae5c38bc9dbf5688ad317534d8cb069231c9a9,geometry_alpha_0p600,0.6,,
geometry_alpha_0p600,alpha_blend,False,0.15,0.6371507929210479,0.4169361952366951,0.8011299435028248,0.9418181818181818,3401,112,1755,1418,0.6999031452542313,0.564151901812153,0.5169828510997396,16dfdb36dc5bd69a2cca50b8aa6f354574363b372fb4b768532e852b57272282,5aed9bdd8a2a99856acfeb42b9f7acb5c12dbd3de4323ccb730dcf507c6e2691,geometry_alpha_0p600,0.6,,
geometry_alpha_0p600,alpha_blend,False,0.2,0.6724419004314625,0.46568954030646237,0.7898305084745763,0.9542857142857143,3002,88,1418,1398,0.6999031452542313,0.564151901812153,0.5169828510997396,16dfdb36dc5bd69a2cca50b8aa6f354574363b372fb4b768532e852b57272282,fd327b8d45930a2ea4037c09b1afe1f03209528cad97430526f4085b9402ae03,geometry_alpha_0p600,0.6,,
geometry_alpha_0p600,alpha_blend,False,0.25,0.697590429217229,0.5072088724584104,0.7751412429378531,0.9625974025974026,2705,72,1177,1372,0.6999031452542313,0.564151901812153,0.5169828510997396,16dfdb36dc5bd69a2cca50b8aa6f354574363b372fb4b768532e852b57272282,29a7f5e3cda263fc4c838b7054c8fe7eeba4f600e7556b8147fd89e873a59929,geometry_alpha_0p600,0.6,,
geometry_alpha_0p600,alpha_blend,False,0.2885008046061973,0.7120603201765567,0.535799522673031,0.7610169491525424,0.9683116883116883,2514,61,1029,1347,0.6999031452542313,0.564151901812153,0.5169828510997396,16dfdb36dc5bd69a2cca50b8aa6f354574363b372fb4b768532e852b57272282,8034f63bfeaeba783791a02d0c2b15bd1c28350f253129c7cb5fc4ff1bc199c6,geometry_alpha_0p600,0.6,,
geometry_alpha_0p600,alpha_blend,False,0.3,0.7149277439297468,0.5422563687828549,0.7576271186440678,0.9688311688311688,2473,60,997,1341,0.6999031452542313,0.564151901812153,0.5169828510997396,16dfdb36dc5bd69a2cca50b8aa6f354574363b372fb4b768532e852b57272282,a3d32e94865a188f496e01ae106cb7ae3106c576d24901bf14244968e66449b5,geometry_alpha_0p600,0.6,,
geometry_alpha_0p600,alpha_blend,False,0.35,0.7355469537963166,0.5855175477565526,0.7446327683615819,0.972987012987013,2251,52,820,1318,0.6999031452542313,0.564151901812153,0.5169828510997396,16dfdb36dc5bd69a2cca50b8aa6f354574363b372fb4b768532e852b57272282,2a82307e9d43fb503d471db771dccb042575df8990a945a31b54bdff293a19e2,geometry_alpha_0p600,0.6,,
geometry_alpha_0p600,alpha_blend,False,0.4,0.7468741135810005,0.6164122137404581,0.7299435028248588,0.9761038961038961,2096,46,704,1292,0.6999031452542313,0.564151901812153,0.5169828510997396,16dfdb36dc5bd69a2cca50b8aa6f354574363b372fb4b768532e852b57272282,446432a4d97390d2ecc253dbd6f567fbe1e0b0b88bff51e586611f8091b148b5,geometry_alpha_0p600,0.6,,
geometry_alpha_0p600,alpha_blend,False,0.5,0.761840057520364,0.6808272778088318,0.688135593220339,0.9844155844155844,1789,30,493,1218,0.6999031452542313,0.564151901812153,0.5169828510997396,16dfdb36dc5bd69a2cca50b8aa6f354574363b372fb4b768532e852b57272282,07339a406ba968b55951eff54ee483155b97a9ac8986a043dc71f2c5f415a87f,geometry_alpha_0p600,0.6,,
geometry_alpha_0p600,alpha_blend,False,0.6,0.7713325146591119,0.7521367521367521,0.6463276836158192,0.9875324675324675,1521,24,316,1144,0.6999031452542313,0.564151901812153,0.5169828510997396,16dfdb36dc5bd69a2cca50b8aa6f354574363b372fb4b768532e852b57272282,c31049f26002519c71af09cbe884d7d181f6a5de6c16fa3fa6a35f77ab9b3e68,geometry_alpha_0p600,0.6,,
geometry_alpha_0p600,alpha_blend,False,0.7,0.7691679673430184,0.8217898832684825,0.5966101694915255,0.9927272727272727,1285,14,189,1056,0.6999031452542313,0.564151901812153,0.5169828510997396,16dfdb36dc5bd69a2cca50b8aa6f354574363b372fb4b768532e852b57272282,1e9789143f1ef70a2c6253e6f3f3f7dce37b26a81dca8f40108f2e9beca40260,geometry_alpha_0p600,0.6,,
geometry_alpha_0p600,alpha_blend,False,0.7104819042679715,0.7657157549055126,0.8273667462211615,0.5875706214689266,0.9927272727272727,1257,14,180,1040,0.6999031452542313,0.564151901812153,0.5169828510997396,16dfdb36dc5bd69a2cca50b8aa6f354574363b372fb4b768532e852b57272282,67bb148a55e0ec1b5a163a94082d487d7bb074f2d4da3fde35d1180ea6e2481b,geometry_alpha_0p600,0.6,,
geometry_alpha_0p600,alpha_blend,False,0.8,0.7357802110709819,0.8885630498533724,0.5135593220338983,0.9953246753246753,1023,9,91,909,0.6999031452542313,0.564151901812153,0.5169828510997396,16dfdb36dc5bd69a2cca50b8aa6f354574363b372fb4b768532e852b57272282,4d69deaf8994b928530942f3f9adf1149dea56947e6d723df992e3bec9582c16,geometry_alpha_0p600,0.6,,
geometry_alpha_0p600,alpha_blend,False,0.9,0.6223412686853799,0.9607843137254902,0.35988700564971754,0.9989610389610389,663,2,20,637,0.6999031452542313,0.564151901812153,0.5169828510997396,16dfdb36dc5bd69a2cca50b8aa6f354574363b372fb4b768532e852b57272282,78984599f429e9e38f11e8ecd4d9ce11f19701b74a94517f0f5303d8873a6294,geometry_alpha_0p600,0.6,,
geometry_alpha_0p600,alpha_blend,False,0.9068014826463798,0.6056612251788039,0.9650238473767886,0.34293785310734465,0.9989610389610389,629,2,16,607,0.6999031452542313,0.564151901812153,0.5169828510997396,16dfdb36dc5bd69a2cca50b8aa6f354574363b372fb4b768532e852b57272282,389a3d51ef41d5a262a49a434004cb0f13655f09ccf0606578428df951b8345c,geometry_alpha_0p600,0.6,,
geometry_alpha_0p600,alpha_blend,False,0.9916373237621265,0.001693002257336343,1.0,0.0005649717514124294,1.0,1,0,0,1,0.6999031452542313,0.564151901812153,0.5169828510997396,16dfdb36dc5bd69a2cca50b8aa6f354574363b372fb4b768532e852b57272282,3bc84dbea1efbb2ed1e12876be81779c7cc248038773b482c76aa917a6211173,geometry_alpha_0p600,0.6,,
geometry_alpha_0p800,alpha_blend,False,0.020630098395443972,0.34117822042721646,0.1581627240903787,0.8423728813559322,0.7792207792207793,9427,425,7190,1491,0.6979249650263395,0.563415236164073,0.5157569202185055,e53a91e5f1e1774eac325bfd948cd68f3a03c990ef7efcf432ceff05fd68ae28,71a1ca6f5f6f60cb3a196832607e497fc4e24d9cc256dd9da09dd7c63f1399f8,geometry_alpha_0p800,0.8,,
geometry_alpha_0p800,alpha_blend,False,0.05,0.44203355343031997,0.22668513388734995,0.8322033898305085,0.851948051948052,6498,285,4515,1473,0.6979249650263395,0.563415236164073,0.5157569202185055,e53a91e5f1e1774eac325bfd948cd68f3a03c990ef7efcf432ceff05fd68ae28,1e4a916e414f7fa9410f5235d8a1aaf0d6effcf25433f5b2b902ad4b4828dbce,geometry_alpha_0p800,0.8,,
geometry_alpha_0p800,alpha_blend,False,0.05338060493143137,0.45149047164103445,0.23404932378679397,0.8310734463276837,0.8555844155844156,6285,278,4320,1471,0.6979249650263395,0.563415236164073,0.5157569202185055,e53a91e5f1e1774eac325bfd948cd68f3a03c990ef7efcf432ceff05fd68ae28,73133ced519063b2e2b91cd877d05a6f5b591e25a2034bd65f9d529b351cf682,geometry_alpha_0p800,0.8,,
geometry_alpha_0p800,alpha_blend,False,0.1,0.5483194511401445,0.31649978232477144,0.8214689265536723,0.9137662337662338,4594,166,2815,1454,0.6979249650263395,0.563415236164073,0.5157569202185055,e53a91e5f1e1774eac325bfd948cd68f3a03c990ef7efcf432ceff05fd68ae28,a8845d02a5730b0f663f633932d5d5bbf50c2f783ec829305c1c82682a59d7d3,geometry_alpha_0p800,0.8,,
geometry_alpha_0p800,alpha_blend,False,0.15,0.6067415730337079,0.37893622651495107,0.8090395480225989,0.935064935064935,3779,125,2086,1432,0.6979249650263395,0.563415236164073,0.5157569202185055,e53a91e5f1e1774eac325bfd948cd68f3a03c990ef7efcf432ceff05fd68ae28,bc05cd4558d28656d5c36464882bafa5e263261f3a9f7f78faedb13add020fc6,geometry_alpha_0p800,0.8,,
geometry_alpha_0p800,alpha_blend,False,0.15072734552668904,0.6071684690831235,0.3794749403341289,0.8084745762711865,0.9355844155844156,3771,124,2081,1431,0.6979249650263395,0.563415236164073,0.5157569202185055,e53a91e5f1e1774eac325bfd948cd68f3a03c990ef7efcf432ceff05fd68ae28,b2a7440a4c3cf4b6056bc6d7679453ce68b8c5bfa99aa6ca084703d13e9d0924,geometry_alpha_0p800,0.8,,
geometry_alpha_0p800,alpha_blend,False,0.2,0.6446286785912422,0.4265016601267733,0.7983050847457627,0.9464935064935065,3313,103,1685,1413,0.6979249650263395,0.563415236164073,0.5157569202185055,e53a91e5f1e1774eac325bfd948cd68f3a03c990ef7efcf432ceff05fd68ae28,8576c4bfea481ce47fe9c282516da41e7bc6adcaa6498b9680a5aacd66f78eb4,geometry_alpha_0p800,0.8,,
geometry_alpha_0p800,alpha_blend,False,0.25,0.6722186832212662,0.4659090909090909,0.7875706214689265,0.9553246753246754,2992,86,1415,1394,0.6979249650263395,0.563415236164073,0.5157569202185055,e53a91e5f1e1774eac325bfd948cd68f3a03c990ef7efcf432ceff05fd68ae28,2c03412189bd7e87013c4bf1ffd8403ee502b887d1628a2c94e343f19a6b0277,geometry_alpha_0p800,0.8,,
geometry_alpha_0p800,alpha_blend,False,0.3,0.6934471465756753,0.5007293946024799,0.7757062146892655,0.9615584415584415,2742,74,1209,1373,0.6979249650263395,0.563415236164073,0.5157569202185055,e53a91e5f1e1774eac325bfd948cd68f3a03c990ef7efcf432ceff05fd68ae28,c9d6efed5567a4b5834456d429d17b32b16cdb64c57e4dce386dbd942572c62d,geometry_alpha_0p800,0.8,,
geometry_alpha_0p800,alpha_blend,False,0.35,0.7095567560262335,0.5301960784313725,0.7638418079096045,0.9683116883116883,2550,61,1062,1352,0.6979249650263395,0.563415236164073,0.5157569202185055,e53a91e5f1e1774eac325bfd948cd68f3a03c990ef7efcf432ceff05fd68ae28,9bc750e71c805d2eb1357d3923289278125281116e62858e291ddf9febe42cbd,geometry_alpha_0p800,0.8,,
geometry_alpha_0p800,alpha_blend,False,0.3614921198937248,0.7125530017308231,0.5361972951471758,0.7615819209039548,0.9688311688311688,2514,60,1034,1348,0.6979249650263395,0.563415236164073,0.5157569202185055,e53a91e5f1e1774eac325bfd948cd68f3a03c990ef7efcf432ceff05fd68ae28,42df9d6306655d699b3f58e3279ee4b6bc05722ba1b2ac51b8491bb0f0e73b53,geometry_alpha_0p800,0.8,,
geometry_alpha_0p800,alpha_blend,False,0.4,0.7269315283814779,0.5650699448919033,0.7531073446327684,0.9714285714285714,2359,55,909,1333,0.6979249650263395,0.563415236164073,0.5157569202185055,e53a91e5f1e1774eac325bfd948cd68f3a03c990ef7efcf432ceff05fd68ae28,c5ce70d6d285c796a6f6adb598845f1b09749278c9746e3ea04f4a9ea7221c80,geometry_alpha_0p800,0.8,,
geometry_alpha_0p800,alpha_blend,False,0.5,0.7487359963984555,0.6218568665377177,0.7265536723163842,0.9781818181818182,2068,42,687,1286,0.6979249650263395,0.563415236164073,0.5157569202185055,e53a91e5f1e1774eac325bfd948cd68f3a03c990ef7efcf432ceff05fd68ae28,a3b6fa826c5153b8329cd01170c2d422d2f04685512a407de084cdd331273582,geometry_alpha_0p800,0.8,,
geometry_alpha_0p800,alpha_blend,False,0.6,0.7609939377851308,0.6810780460415496,0.6853107344632768,0.9854545454545455,1781,28,492,1213,0.6979249650263395,0.563415236164073,0.5157569202185055,e53a91e5f1e1774eac325bfd948cd68f3a03c990ef7efcf432ceff05fd68ae28,7e793d94e02a622c0326c67c33f53e065375823b2f9787f80673074245126377,geometry_alpha_0p800,0.8,,
geometry_alpha_0p800,alpha_blend,False,0.7,0.7717201655368363,0.7506544502617801,0.6480225988700565,0.9880519480519481,1528,23,320,1147,0.6979249650263395,0.563415236164073,0.5157569202185055,e53a91e5f1e1774eac325bfd948cd68f3a03c990ef7efcf432ceff05fd68ae28,6d7a0adff79404f0bef09534321f84c7790650c0e18b6acde00944812237a645,geometry_alpha_0p800,0.8,,
geometry_alpha_0p800,alpha_blend,False,0.8,0.7671309371966474,0.8267405063291139,0.5903954802259888,0.9927272727272727,1264,14,181,1045,0.6979249650263395,0.563415236164073,0.5157569202185055,e53a91e5f1e1774eac325bfd948cd68f3a03c990ef7efcf432ceff05fd68ae28,f1a1836f1f0a2eae4e9e9f8e1d5567ff37a0abe8adf41b087156b3f5d374d52d,geometry_alpha_0p800,0.8,,
geometry_alpha_0p800,alpha_blend,False,0.803224412542122,0.7651686545046471,0.8265712012728719,0.5870056497175141,0.9927272727272727,1257,14,180,1039,0.6979249650263395,0.563415236164073,0.5157569202185055,e53a91e5f1e1774eac325bfd948cd68f3a03c990ef7efcf432ceff05fd68ae28,e5a9fe113b10fb1d548bc273e01103d8808c31eece18fa6f937f2dee3b16e016,geometry_alpha_0p800,0.8,,
geometry_alpha_0p800,alpha_blend,False,0.9,0.7099064428077297,0.9141914191419142,0.4694915254237288,0.9979220779220779,909,4,63,831,0.6979249650263395,0.563415236164073,0.5157569202185055,e53a91e5f1e1774eac325bfd948cd68f3a03c990ef7efcf432ceff05fd68ae28,8532a8c3dd01d27c90c56a2ab72f746269eac2ae1298267cce6dee56bea2c4cb,geometry_alpha_0p800,0.8,,
geometry_alpha_0p800,alpha_blend,False,0.9458672880182165,0.6073164120047665,0.9682034976152624,0.3440677966101695,0.9994805194805195,629,1,16,609,0.6979249650263395,0.563415236164073,0.5157569202185055,e53a91e5f1e1774eac325bfd948cd68f3a03c990ef7efcf432ceff05fd68ae28,db803a88415492e92af654b27547efb5b223c0a901e71ab33d477c280217d93a,geometry_alpha_0p800,0.8,,
geometry_alpha_0p800,alpha_blend,False,0.9956030308738653,0.001693002257336343,1.0,0.0005649717514124294,1.0,1,0,0,1,0.6979249650263395,0.563415236164073,0.5157569202185055,e53a91e5f1e1774eac325bfd948cd68f3a03c990ef7efcf432ceff05fd68ae28,3bc84dbea1efbb2ed1e12876be81779c7cc248038773b482c76aa917a6211173,geometry_alpha_0p800,0.8,,
geometry_alpha_1p000,alpha_blend,False,0.0248520364577197,0.34117822042721646,0.1581627240903787,0.8423728813559322,0.7792207792207793,9427,425,7191,1491,0.697035744013022,0.5627048847566735,0.514118376776685,8f5ebf05ee8447359c022e6e02d31ce06a2e2378704b55a8da067d43a2a569c7,ae7190d09ca484fbb5244e2dfdbf19aabea41ba55c34c2442c6306e5404bf73c,geometry_risk_score,1.0,,
geometry_alpha_1p000,alpha_blend,False,0.05,0.41548992566688236,0.20696406097049364,0.8361581920903954,0.8384415584415584,7151,311,5109,1480,0.697035744013022,0.5627048847566735,0.514118376776685,8f5ebf05ee8447359c022e6e02d31ce06a2e2378704b55a8da067d43a2a569c7,f9b53833b5eae7dff190550623fb6164125da07886b7ef71fd0c8d91c1e20ee1,geometry_risk_score,1.0,,
geometry_alpha_1p000,alpha_blend,False,0.0648507127625143,0.4514297778071253,0.23389021479713604,0.8305084745762712,0.8576623376623377,6285,274,4330,1470,0.697035744013022,0.5627048847566735,0.514118376776685,8f5ebf05ee8447359c022e6e02d31ce06a2e2378704b55a8da067d43a2a569c7,46cba0c99fa74d2798bb53e994ec6fe0caf3ab280d54fb49009b9eaec9e93fab,geometry_risk_score,1.0,,
geometry_alpha_1p000,alpha_blend,False,0.1,0.5181084131042161,0.28856409243531506,0.8254237288135593,0.8981818181818182,5063,196,3241,1461,0.697035744013022,0.5627048847566735,0.514118376776685,8f5ebf05ee8447359c022e6e02d31ce06a2e2378704b55a8da067d43a2a569c7,1a417d6a8becc42e3ede12cea2d26a17bec1de1ad5a0c9f09ba91d315256fb96,geometry_risk_score,1.0,,
geometry_alpha_1p000,alpha_blend,False,0.15,0.5779705735249465,0.3471552555448409,0.8135593220338984,0.9251948051948052,4148,144,2418,1440,0.697035744013022,0.5627048847566735,0.514118376776685,8f5ebf05ee8447359c022e6e02d31ce06a2e2378704b55a8da067d43a2a569c7,b6a32c8811abea1968ac0ac392e78219d95d8729228db19e86ecfe5f51aff681,geometry_risk_score,1.0,,
geometry_alpha_1p000,alpha_blend,False,0.17980087977220546,0.6071684690831235,0.3794749403341289,0.8084745762711865,0.9355844155844156,3771,124,2086,1431,0.697035744013022,0.5627048847566735,0.514118376776685,8f5ebf05ee8447359c022e6e02d31ce06a2e2378704b55a8da067d43a2a569c7,14e11c7103a30e7d018131fa4fa1490e3b1b5f68fb443a76c33ec37131604cdb,geometry_risk_score,1.0,,
geometry_alpha_1p000,alpha_blend,False,0.2,0.6210889507369859,0.39637883008356545,0.803954802259887,0.9402597402597402,3590,115,1928,1423,0.697035744013022,0.5627048847566735,0.514118376776685,8f5ebf05ee8447359c022e6e02d31ce06a2e2378704b55a8da067d43a2a569c7,29eb427a052a3dd3288a296bdafdc072ab8531c8f356f0865efcb48057d7a4fc,geometry_risk_score,1.0,,
geometry_alpha_1p000,alpha_blend,False,0.25,0.6489622921162884,0.4327485380116959,0.7943502824858757,0.9496103896103896,3249,97,1637,1406,0.697035744013022,0.5627048847566735,0.514118376776685,8f5ebf05ee8447359c022e6e02d31ce06a2e2378704b55a8da067d43a2a569c7,28a35635eb8c6a1d1cf9b346da07333a5ef3c12738949328a6a3042a43608097,geometry_risk_score,1.0,,
geometry_alpha_1p000,alpha_blend,False,0.3,0.6723225535489291,0.4663316582914573,0.7864406779661017,0.9558441558441558,2985,85,1411,1392,0.697035744013022,0.5627048847566735,0.514118376776685,8f5ebf05ee8447359c022e6e02d31ce06a2e2378704b55a8da067d43a2a569c7,a08a8e7cf6fe47c12d93e81a43c507d65c62c280940f16b2f1444b23e473c300,geometry_risk_score,1.0,,
geometry_alpha_1p000,alpha_blend,False,0.35,0.6901135267758537,0.4953136265320836,0.7762711864406779,0.9615584415584415,2774,74,1238,1374,0.697035744013022,0.5627048847566735,0.514118376776685,8f5ebf05ee8447359c022e6e02d31ce06a2e2378704b55a8da067d43a2a569c7,8f60fe2d9247df1c2e678efffa2cc2c92a782ab723576e3079b89a16d384cb26,geometry_risk_score,1.0,,
geometry_alpha_1p000,alpha_blend,False,0.4,0.706025437334617,0.5218390804597701,0.7694915254237288,0.9677922077922078,2610,62,1111,1362,0.697035744013022,0.5627048847566735,0.514118376776685,8f5ebf05ee8447359c022e6e02d31ce06a2e2378704b55a8da067d43a2a569c7,e153023f500d227b86c867a59883e470146c6e8187657f44772041c2576912b6,geometry_risk_score,1.0,,
geometry_alpha_1p000,alpha_blend,False,0.4287830584398052,0.7110490132257912,0.5346062052505967,0.7593220338983051,0.9693506493506494,2514,59,1042,1344,0.697035744013022,0.5627048847566735,0.514118376776685,8f5ebf05ee8447359c022e6e02d31ce06a2e2378704b55a8da067d43a2a569c7,2766650ce265feb2aafb61675d7831540716ebaa54b9bb27c7e78af035e79de5,geometry_risk_score,1.0,,
geometry_alpha_1p000,alpha_blend,False,0.5,0.7298972910250978,0.5760631302060499,0.7423728813559322,0.9735064935064935,2281,51,857,1314,0.697035744013022,0.5627048847566735,0.514118376776685,8f5ebf05ee8447359c022e6e02d31ce06a2e2378704b55a8da067d43a2a569c7,37fb8b55ff258ab9c6b62d6443485834a1d79092d1951fca7e8e626884035df5,geometry_risk_score,1.0,,
geometry_alpha_1p000,alpha_blend,False,0.6,0.7484880056048634,0.6274703557312253,0.7175141242937854,0.9797402597402597,2024,39,663,1270,0.697035744013022,0.5627048847566735,0.514118376776685,8f5ebf05ee8447359c022e6e02d31ce06a2e2378704b55a8da067d43a2a569c7,25bbfdb1d3971bf7bebe71de0d5ad1dff53974581ec55c61b09392a80c610380,geometry_risk_score,1.0,,
geometry_alpha_1p000,alpha_blend,False,0.7,0.7612797836798733,0.6826381059751973,0.6841807909604519,0.985974025974026,1774,27,489,1211,0.697035744013022,0.5627048847566735,0.514118376776685,8f5ebf05ee8447359c022e6e02d31ce06a2e2378704b55a8da067d43a2a569c7,eb7117929498f7d1b67fdda26bc52893e43f2432a67be4a660fca1de05a65d6b,geometry_risk_score,1.0,,
geometry_alpha_1p000,alpha_blend,False,0.8,0.7693616461122035,0.7441558441558441,0.6474576271186441,0.9890909090909091,1540,21,335,1146,0.697035744013022,0.5627048847566735,0.514118376776685,8f5ebf05ee8447359c022e6e02d31ce06a2e2378704b55a8da067d43a2a569c7,04ae9ecaa74356d327afcaa350186b484635f82d0d5e0f287484b3dfe5840e6c,geometry_risk_score,1.0,,
geometry_alpha_1p000,alpha_blend,False,0.9,0.7647931679731665,0.8252581413820492,0.5870056497175141,0.9927272727272727,1259,14,185,1039,0.697035744013022,0.5627048847566735,0.514118376776685,8f5ebf05ee8447359c022e6e02d31ce06a2e2378704b55a8da067d43a2a569c7,31b7751db216cbd5cba508abd1dd81b3e4274a2209f517d3b9a98676883f9ec9,geometry_risk_score,1.0,,
geometry_alpha_1p000,alpha_blend,False,0.9004547013125279,0.7646212834619961,0.8257756563245824,0.5864406779661017,0.9927272727272727,1257,14,184,1038,0.697035744013022,0.5627048847566735,0.514118376776685,8f5ebf05ee8447359c022e6e02d31ce06a2e2378704b55a8da067d43a2a569c7,516cbbd2c112f6e4f04cf83872f1fbde971fbf5ccb9f900caaeaf9bd208770b2,geometry_risk_score,1.0,,
geometry_alpha_1p000,alpha_blend,False,0.9862634272406818,0.6056612251788039,0.9650238473767886,0.34293785310734465,0.9989610389610389,629,2,17,607,0.697035744013022,0.5627048847566735,0.514118376776685,8f5ebf05ee8447359c022e6e02d31ce06a2e2378704b55a8da067d43a2a569c7,64e36d18357c6129cd12682dadc05e222d96e15d223af52145e779b8d187ad42,geometry_risk_score,1.0,,
geometry_alpha_1p000,alpha_blend,False,0.999568737985604,0.001693002257336343,1.0,0.0005649717514124294,1.0,1,0,0,1,0.697035744013022,0.5627048847566735,0.514118376776685,8f5ebf05ee8447359c022e6e02d31ce06a2e2378704b55a8da067d43a2a569c7,3bc84dbea1efbb2ed1e12876be81779c7cc248038773b482c76aa917a6211173,geometry_risk_score,1.0,,
class_reliability_gamma_0p250,class_scaled_raw,True,0.001945839988900608,0.3403458751518623,0.1580566458046038,0.8418079096045198,0.7693506493506493,9427,444,7100,1490,0.7031008719507358,0.5682894346237968,0.5198666723520451,2686187fe495a910d6e8289a4e5e13bd62d1e4e056a774f627eff63d8f64bf85,6fdfd5e439372602e4e8a69d09e6fa883e8370c1429bf50daedc3f604a3a05a2,class_reliability_gamma_0p250,,0.25,
class_reliability_gamma_0p250,class_scaled_raw,True,0.005539138323121383,0.45002366933651716,0.23436754176610977,0.8322033898305085,0.8348051948051948,6285,318,4223,1473,0.7031008719507358,0.5682894346237968,0.5198666723520451,2686187fe495a910d6e8289a4e5e13bd62d1e4e056a774f627eff63d8f64bf85,aeb685a613a93b71ea623df2c57a025297e9440adda7d958bc60b793c1aa9bb6,class_reliability_gamma_0p250,,0.25,
class_reliability_gamma_0p250,class_scaled_raw,True,0.023015334952842782,0.6037192757490398,0.379209758684699,0.807909604519774,0.9137662337662338,3771,166,2027,1430,0.7031008719507358,0.5682894346237968,0.5198666723520451,2686187fe495a910d6e8289a4e5e13bd62d1e4e056a774f627eff63d8f64bf85,850934238f91326f94ec32355f74c3fa18e06daa8b7f368629babc78a0f55767,class_reliability_gamma_0p250,,0.25,
class_reliability_gamma_0p250,class_scaled_raw,True,0.05,0.6781187183922105,0.47954230235783635,0.7813559322033898,0.9444155844155844,2884,107,1291,1383,0.7031008719507358,0.5682894346237968,0.5198666723520451,2686187fe495a910d6e8289a4e5e13bd62d1e4e056a774f627eff63d8f64bf85,c58528738b9bb35ba8f55ff9ba7aecfcb1a04b2b2a1e14cd209baef0b993e932,class_reliability_gamma_0p250,,0.25,
class_reliability_gamma_0p250,class_scaled_raw,True,0.07845503508228929,0.7111712834029147,0.5369928400954654,0.7627118644067796,0.9568831168831169,2514,83,1000,1350,0.7031008719507358,0.5682894346237968,0.5198666723520451,2686187fe495a910d6e8289a4e5e13bd62d1e4e056a774f627eff63d8f64bf85,0623a9d768ffa9c16a3fe3297409885d9c0a1023d58688b914c161521cdd0bad,class_reliability_gamma_0p250,,0.25,
class_reliability_gamma_0p250,class_scaled_raw,True,0.1,0.7305480551985408,0.5762049500651324,0.7497175141242938,0.9641558441558442,2303,69,831,1327,0.7031008719507358,0.5682894346237968,0.5198666723520451,2686187fe495a910d6e8289a4e5e13bd62d1e4e056a774f627eff63d8f64bf85,68660471f96c0e319712be476e95c2da6b58954753ecc792150d4aadf60fdea8,class_reliability_gamma_0p250,,0.25,
class_reliability_gamma_0p250,class_scaled_raw,True,0.15,0.7537708112054501,0.6369521912350598,0.7225988700564971,0.9745454545454545,2008,49,618,1279,0.7031008719507358,0.5682894346237968,0.5198666723520451,2686187fe495a910d6e8289a4e5e13bd62d1e4e056a774f627eff63d8f64bf85,315543513c463436a3c2cbce6e5dbbb3a516bcdf37acc3e222982283cc266dd2,class_reliability_gamma_0p250,,0.25,
class_reliability_gamma_0p250,class_scaled_raw,True,0.2,0.764510933172648,0.6858902575587906,0.692090395480226,0.9792207792207792,1786,40,471,1225,0.7031008719507358,0.5682894346237968,0.5198666723520451,2686187fe495a910d6e8289a4e5e13bd62d1e4e056a774f627eff63d8f64bf85,e09bbe658271d17f2b35557b52bfa3767cf60075d8fdd616a37d6f92df2669d0,class_reliability_gamma_0p250,,0.25,
class_reliability_gamma_0p250,class_scaled_raw,True,0.25,0.7697824914387347,0.724095646842428,0.6672316384180791,0.9828571428571429,1631,33,374,1181,0.7031008719507358,0.5682894346237968,0.5198666723520451,2686187fe495a910d6e8289a4e5e13bd62d1e4e056a774f627eff63d8f64bf85,87619b25151b26b7fbe7db76c29b3863af3e462e4174412382c752f2b4b6bb07,class_reliability_gamma_0p250,,0.25,
class_reliability_gamma_0p250,class_scaled_raw,True,0.3,0.7727896020532736,0.7606951871657754,0.6429378531073446,0.9880519480519481,1496,23,297,1138,0.7031008719507358,0.5682894346237968,0.5198666723520451,2686187fe495a910d6e8289a4e5e13bd62d1e4e056a774f627eff63d8f64bf85,b440ac868ab86a9db0c69687812d41cf2e42a7419424939061f8541eea9d3986,class_reliability_gamma_0p250,,0.25,
class_reliability_gamma_0p250,class_scaled_raw,True,0.35,0.7723428235698769,0.7922077922077922,0.6203389830508474,0.9901298701298701,1386,19,239,1098,0.7031008719507358,0.5682894346237968,0.5198666723520451,2686187fe495a910d6e8289a4e5e13bd62d1e4e056a774f627eff63d8f64bf85,2aa9fdff8a0997b8786e08ec2e46582ca4b8c84c23ee6c63843ed36fbf1493d6,class_reliability_gamma_0p250,,0.25,
class_reliability_gamma_0p250,class_scaled_raw,True,0.4,0.7689599029599629,0.8217898832684825,0.5966101694915255,0.9916883116883117,1285,16,187,1056,0.7031008719507358,0.5682894346237968,0.5198666723520451,2686187fe495a910d6e8289a4e5e13bd62d1e4e056a774f627eff63d8f64bf85,4ab72ca55786353f20ea2a0d7405450d47c834c45ba229d160fd94bea555581d,class_reliability_gamma_0p250,,0.25,
class_reliability_gamma_0p250,class_scaled_raw,True,0.41523364179641825,0.7682395296224678,0.8313444709626094,0.5903954802259888,0.9916883116883117,1257,16,170,1045,0.7031008719507358,0.5682894346237968,0.5198666723520451,2686187fe495a910d6e8289a4e5e13bd62d1e4e056a774f627eff63d8f64bf85,a80ae8c61c2e8f648a510ec78641624b64f634da3ac5a08c03d8eddc8dfb5c79,class_reliability_gamma_0p250,,0.25,
class_reliability_gamma_0p250,class_scaled_raw,True,0.5,0.751736327231563,0.8664874551971327,0.5463276836158192,0.9937662337662337,1116,12,118,967,0.7031008719507358,0.5682894346237968,0.5198666723520451,2686187fe495a910d6e8289a4e5e13bd62d1e4e056a774f627eff63d8f64bf85,8b7bb684b014f7fea79192da3cceeed69360a49617ef27601efbfdce8603534d,class_reliability_gamma_0p250,,0.25,
class_reliability_gamma_0p250,class_scaled_raw,True,0.6,0.7113366576938353,0.9032258064516129,0.4745762711864407,0.9968831168831169,930,6,72,840,0.7031008719507358,0.5682894346237968,0.5198666723520451,2686187fe495a910d6e8289a4e5e13bd62d1e4e056a774f627eff63d8f64bf85,bcd557dba218de60e595184bb190be77aee2796d4c59084672dbce963295f335,class_reliability_gamma_0p250,,0.25,
class_reliability_gamma_0p250,class_scaled_raw,True,0.7,0.6568459275917163,0.9500674763832658,0.3977401129943503,0.9994805194805195,741,1,31,704,0.7031008719507358,0.5682894346237968,0.5198666723520451,2686187fe495a910d6e8289a4e5e13bd62d1e4e056a774f627eff63d8f64bf85,1f9011ccc106690a722767e4eb2a1a6b44952d3c2eabbb7a0654b9f47561a669,class_reliability_gamma_0p250,,0.25,
class_reliability_gamma_0p250,class_scaled_raw,True,0.7561049944049375,0.6033335317743255,0.9602543720190779,0.34124293785310733,0.9994805194805195,629,1,20,604,0.7031008719507358,0.5682894346237968,0.5198666723520451,2686187fe495a910d6e8289a4e5e13bd62d1e4e056a774f627eff63d8f64bf85,78cb22cfe1cdebad7e24d86d4319bf6c0d4ef6809644074263a6f7478059d4d7,class_reliability_gamma_0p250,,0.25,
class_reliability_gamma_0p250,class_scaled_raw,True,0.8,0.5449164313759458,0.9732313575525813,0.28757062146892653,0.9994805194805195,523,1,9,509,0.7031008719507358,0.5682894346237968,0.5198666723520451,2686187fe495a910d6e8289a4e5e13bd62d1e4e056a774f627eff63d8f64bf85,828b011ec9ed752fea6192c5660c4764a825d8217516b20b7cdce868bbd9aa53,class_reliability_gamma_0p250,,0.25,
class_reliability_gamma_0p250,class_scaled_raw,True,0.9,0.29181818181818187,0.9907407407407407,0.12090395480225989,1.0,216,0,2,214,0.7031008719507358,0.5682894346237968,0.5198666723520451,2686187fe495a910d6e8289a4e5e13bd62d1e4e056a774f627eff63d8f64bf85,5c8fd4a93a94b4e090d73dca0ee7d79646591026ae5be36f8a773ce9af9b4ab6,class_reliability_gamma_0p250,,0.25,
class_reliability_gamma_0p250,class_scaled_raw,True,0.9592823221206674,0.001693002257336343,1.0,0.0005649717514124294,1.0,1,0,0,1,0.7031008719507358,0.5682894346237968,0.5198666723520451,2686187fe495a910d6e8289a4e5e13bd62d1e4e056a774f627eff63d8f64bf85,3bc84dbea1efbb2ed1e12876be81779c7cc248038773b482c76aa917a6211173,class_reliability_gamma_0p250,,0.25,
class_reliability_gamma_0p500,class_scaled_raw,True,0.0017678019987939207,0.34037974321921605,0.1580566458046038,0.8418079096045198,0.7698701298701298,9427,443,7102,1490,0.7031008719507358,0.5682894346237968,0.5198666723520451,ae00727fc151455e8215787f5cc756f45bc7d365f761c20e229f6e1e5a1b3bbe,a58349b65c60829cb87beef8b45926ccd18847d5653ca75054c6a948145721a2,class_reliability_gamma_0p500,,0.5,
class_reliability_gamma_0p500,class_scaled_raw,True,0.005080129864575537,0.4500739645673144,0.23436754176610977,0.8322033898305085,0.8353246753246754,6285,317,4227,1473,0.7031008719507358,0.5682894346237968,0.5198666723520451,ae00727fc151455e8215787f5cc756f45bc7d365f761c20e229f6e1e5a1b3bbe,1b9918e93b819aa4dfdd2029884ef201739ee0ab3d55f287e61f67f7df1d40b4,class_reliability_gamma_0p500,,0.5,
class_reliability_gamma_0p500,class_scaled_raw,True,0.021388816778681406,0.6030606651872564,0.3786793953858393,0.8067796610169492,0.9137662337662338,3771,166,2030,1428,0.7031008719507358,0.5682894346237968,0.5198666723520451,ae00727fc151455e8215787f5cc756f45bc7d365f761c20e229f6e1e5a1b3bbe,f4cab09350c3920b11f31e677cc3ba77a39d80116862fb48a9831fb5b214aa42,class_reliability_gamma_0p500,,0.5,
class_reliability_gamma_0p500,class_scaled_raw,True,0.05,0.6849071010435225,0.49023090586145646,0.7796610169491526,0.9454545454545454,2815,105,1230,1380,0.7031008719507358,0.5682894346237968,0.5198666723520451,ae00727fc151455e8215787f5cc756f45bc7d365f761c20e229f6e1e5a1b3bbe,d871734c7c71c8886d960cebc73687b8dc4f4681d3d5d3c336db72a2295bf9a6,class_reliability_gamma_0p500,,0.5,
class_reliability_gamma_0p500,class_scaled_raw,True,0.07112848520799214,0.7140268490051364,0.5393794749403341,0.7661016949152543,0.9594805194805195,2514,78,998,1356,0.7031008719507358,0.5682894346237968,0.5198666723520451,ae00727fc151455e8215787f5cc756f45bc7d365f761c20e229f6e1e5a1b3bbe,6c985d140934dfb6379fb51109202b781eabc84f556840ece78031634d8deed9,class_reliability_gamma_0p500,,0.5,
class_reliability_gamma_0p500,class_scaled_raw,True,0.1,0.7341297400475943,0.5854092526690391,0.7435028248587571,0.9677922077922078,2248,62,797,1316,0.7031008719507358,0.5682894346237968,0.5198666723520451,ae00727fc151455e8215787f5cc756f45bc7d365f761c20e229f6e1e5a1b3bbe,a6f4bb5b8e636e50d527b8299d56a7379c2c6158b4eb3310eb8bcf892a6498f4,class_reliability_gamma_0p500,,0.5,
class_reliability_gamma_0p500,class_scaled_raw,True,0.15,0.7570823928960105,0.6479591836734694,0.7175141242937854,0.9750649350649351,1960,48,584,1270,0.7031008719507358,0.5682894346237968,0.5198666723520451,ae00727fc151455e8215787f5cc756f45bc7d365f761c20e229f6e1e5a1b3bbe,f9b0eb3e245903e34459d7bb04960f75736343b529a440dca2f4b04f5f5bcc9b,class_reliability_gamma_0p500,,0.5,
class_reliability_gamma_0p500,class_scaled_raw,True,0.2,0.7661086302441781,0.6946826758147513,0.6864406779661016,0.9807792207792208,1749,37,450,1215,0.7031008719507358,0.5682894346237968,0.5198666723520451,ae00727fc151455e8215787f5cc756f45bc7d365f761c20e229f6e1e5a1b3bbe,02beb9d43fa00bf6d72c503767b5c7eee46c6161475a52d544925f5df87e44a3,class_reliability_gamma_0p500,,0.5,
class_reliability_gamma_0p500,class_scaled_raw,True,0.25,0.7686139666528584,0.7349397590361446,0.6548022598870057,0.9849350649350649,1577,29,348,1159,0.7031008719507358,0.5682894346237968,0.5198666723520451,ae00727fc151455e8215787f5cc756f45bc7d365f761c20e229f6e1e5a1b3bbe,3dee1d53d946b303531a0f6ce61d736a3430c9bc35f902b5b7fa4273eba19ba8,class_reliability_gamma_0p500,,0.5,
class_reliability_gamma_0p500,class_scaled_raw,True,0.3,0.7744967034932158,0.7784722222222222,0.6333333333333333,0.9901298701298701,1440,19,265,1121,0.7031008719507358,0.5682894346237968,0.5198666723520451,ae00727fc151455e8215787f5cc756f45bc7d365f761c20e229f6e1e5a1b3bbe,b914e490ee2d82ee605b980e3d6f8c93a74c7618966c47c72f8666b1685538d9,class_reliability_gamma_0p500,,0.5,
class_reliability_gamma_0p500,class_scaled_raw,True,0.35,0.7731654739067606,0.8071481757259866,0.6124293785310735,0.9916883116883117,1343,16,214,1084,0.7031008719507358,0.5682894346237968,0.5198666723520451,ae00727fc151455e8215787f5cc756f45bc7d365f761c20e229f6e1e5a1b3bbe,048704c0ad343b0297f8c9174cdc1274a897f20c86c7d0bf7e626795fa11344a,class_reliability_gamma_0p500,,0.5,
class_reliability_gamma_0p500,class_scaled_raw,True,0.3915513002675892,0.7683434072931578,0.8313444709626094,0.5903954802259888,0.9922077922077922,1257,15,172,1045,0.7031008719507358,0.5682894346237968,0.5198666723520451,ae00727fc151455e8215787f5cc756f45bc7d365f761c20e229f6e1e5a1b3bbe,ef1637713a92c8a5f41bd0a209a85189f0c3c04b8b18e61340196ee74781567f,class_reliability_gamma_0p500,,0.5,
class_reliability_gamma_0p500,class_scaled_raw,True,0.4,0.7660923062600371,0.83589329021827,0.584180790960452,0.9922077922077922,1237,15,164,1034,0.7031008719507358,0.5682894346237968,0.5198666723520451,ae00727fc151455e8215787f5cc756f45bc7d365f761c20e229f6e1e5a1b3bbe,6f84d147d2094d744f744c7d964e14846341bebccf48788b775550c0b2a31324,class_reliability_gamma_0p500,,0.5,
class_reliability_gamma_0p500,class_scaled_raw,True,0.5,0.7394316757208523,0.88,0.5220338983050847,0.9948051948051948,1050,10,99,924,0.7031008719507358,0.5682894346237968,0.5198666723520451,ae00727fc151455e8215787f5cc756f45bc7d365f761c20e229f6e1e5a1b3bbe,9f4496ea223d8b3257518ce4b90b8db39fc7d90291fecd5c4683b5c62119dd5c,class_reliability_gamma_0p500,,0.5,
class_reliability_gamma_0p500,class_scaled_raw,True,0.6,0.694733409216477,0.9200463499420626,0.4485875706214689,0.9979220779220779,863,4,59,794,0.7031008719507358,0.5682894346237968,0.5198666723520451,ae00727fc151455e8215787f5cc756f45bc7d365f761c20e229f6e1e5a1b3bbe,655d0067bace2e635019e756e6bffa7104e34c84a93b27a427a5130221170c11,class_reliability_gamma_0p500,,0.5,
class_reliability_gamma_0p500,class_scaled_raw,True,0.7,0.627838677318379,0.9557522123893806,0.36610169491525424,0.9994805194805195,678,1,24,648,0.7031008719507358,0.5682894346237968,0.5198666723520451,ae00727fc151455e8215787f5cc756f45bc7d365f761c20e229f6e1e5a1b3bbe,cc82d18fb142e66e14f3952e868140ed19af4227a8d276b67906541b151cd770,class_reliability_gamma_0p500,,0.5,
class_reliability_gamma_0p500,class_scaled_raw,True,0.7271137438358032,0.6017366620221296,0.9570747217806042,0.34011299435028247,0.9994805194805195,629,1,22,602,0.7031008719507358,0.5682894346237968,0.5198666723520451,ae00727fc151455e8215787f5cc756f45bc7d365f761c20e229f6e1e5a1b3bbe,4cafa7563fd53b76164c1f71cb74b0c5315a44de197349a72b4cab1101880461,class_reliability_gamma_0p500,,0.5,
class_reliability_gamma_0p500,class_scaled_raw,True,0.8,0.4986465472556585,0.9715536105032823,0.25084745762711863,0.9994805194805195,457,1,9,444,0.7031008719507358,0.5682894346237968,0.5198666723520451,ae00727fc151455e8215787f5cc756f45bc7d365f761c20e229f6e1e5a1b3bbe,02e966c94ce1cb93461991a465da11c5e1115c1b5f805a86c52c938b3644bbf9,class_reliability_gamma_0p500,,0.5,
class_reliability_gamma_0p500,class_scaled_raw,True,0.9,0.1411764705882353,0.989247311827957,0.0519774011299435,1.0,93,0,1,92,0.7031008719507358,0.5682894346237968,0.5198666723520451,ae00727fc151455e8215787f5cc756f45bc7d365f761c20e229f6e1e5a1b3bbe,5c7ab463106f33a50c664b2d227cbf0a3f6588e6792bae62c5aa5c290fd0cb67,class_reliability_gamma_0p500,,0.5,
class_reliability_gamma_0p500,class_scaled_raw,True,0.9531770348548888,0.001693002257336343,1.0,0.0005649717514124294,1.0,1,0,0,1,0.7031008719507358,0.5682894346237968,0.5198666723520451,ae00727fc151455e8215787f5cc756f45bc7d365f761c20e229f6e1e5a1b3bbe,953bc5844da66e693fabab56a53d6153b4fb0303245934a03302b21a2cb52c43,class_reliability_gamma_0p500,,0.5,
class_reliability_gamma_0p750,class_scaled_raw,True,0.0016070573080519358,0.3406083677366941,0.1581627240903787,0.8423728813559322,0.7703896103896104,9427,442,7109,1491,0.7031008719507358,0.5682894346237968,0.5198666723520451,90e58d9e245d782eed28fdcf7d6695968a62338f4c5b7fc53bdf47d0b61a69ec,984346d1bcea5960aa308bb0e6ac3b383b9afc7039364c7fbb033c2d15e66fbf,class_reliability_gamma_0p750,,0.75,
class_reliability_gamma_0p750,class_scaled_raw,True,0.004670540119006767,0.4501744012224695,0.23436754176610977,0.8322033898305085,0.8363636363636364,6285,315,4231,1473,0.7031008719507358,0.5682894346237968,0.5198666723520451,90e58d9e245d782eed28fdcf7d6695968a62338f4c5b7fc53bdf47d0b61a69ec,10d3fc86f447c476d0c4d501fa09d757e38fb9ba6bffccd4d3cd58c6ac4acad1,class_reliability_gamma_0p750,,0.75,
class_reliability_gamma_0p750,class_scaled_raw,True,0.019636837622813513,0.6027312076893165,0.37841421373640943,0.8062146892655367,0.9137662337662338,3771,166,2031,1427,0.7031008719507358,0.5682894346237968,0.5198666723520451,90e58d9e245d782eed28fdcf7d6695968a62338f4c5b7fc53bdf47d0b61a69ec,376e2ceab3dad3d428bdb028fda466d3f92edee0630cfda1dd465688d769e664,class_reliability_gamma_0p750,,0.75,
class_reliability_gamma_0p750,class_scaled_raw,True,0.05,0.6932253837772231,0.5032967032967033,0.7762711864406779,0.9501298701298702,2730,96,1164,1374,0.7031008719507358,0.5682894346237968,0.5198666723520451,90e58d9e245d782eed28fdcf7d6695968a62338f4c5b7fc53bdf47d0b61a69ec,02630454904b515dba5efa65b042a5e2cef2c43805caa87cd98b613b80ad2834,class_reliability_gamma_0p750,,0.75,
class_reliability_gamma_0p750,class_scaled_raw,True,0.06563322828762308,0.7145186886157041,0.539777247414479,0.7666666666666667,0.96,2514,77,996,1357,0.7031008719507358,0.5682894346237968,0.5198666723520451,90e58d9e245d782eed28fdcf7d6695968a62338f4c5b7fc53bdf47d0b61a69ec,c7d9feb043bf59a820e9b8947f69bfe5c803b17659e4d32a13cc79b0fb046dfd,class_reliability_gamma_0p750,,0.75,
class_reliability_gamma_0p750,class_scaled_raw,True,0.1,0.7391655032533806,0.597985347985348,0.7378531073446327,0.9698701298701299,2184,58,750,1306,0.7031008719507358,0.5682894346237968,0.5198666723520451,90e58d9e245d782eed28fdcf7d6695968a62338f4c5b7fc53bdf47d0b61a69ec,5e7514f0a5a00e7e36e505721d20745c83481b1a8d586367a4ba18399830ef13,class_reliability_gamma_0p750,,0.75,
class_reliability_gamma_0p750,class_scaled_raw,True,0.15,0.759566526460605,0.6606860158311345,0.7073446327683616,0.9781818181818182,1895,42,546,1252,0.7031008719507358,0.5682894346237968,0.5198666723520451,90e58d9e245d782eed28fdcf7d6695968a62338f4c5b7fc53bdf47d0b61a69ec,2b9004912d77d6b75fa612f3dd68b4ac13d5609972066558c8a89c6e745e7be2,class_reliability_gamma_0p750,,0.75,
class_reliability_gamma_0p750,class_scaled_raw,True,0.2,0.7659015969585345,0.7032902467685076,0.676271186440678,0.9838961038961039,1702,31,430,1197,0.7031008719507358,0.5682894346237968,0.5198666723520451,90e58d9e245d782eed28fdcf7d6695968a62338f4c5b7fc53bdf47d0b61a69ec,4e276176ca71ff6ed1afe655ea371be133a54fdf0dd169cfb595060960d96016,class_reliability_gamma_0p750,,0.75,
class_reliability_gamma_0p750,class_scaled_raw,True,0.25,0.7726153237141955,0.7541091387245233,0.6480225988700565,0.9864935064935065,1521,26,311,1147,0.7031008719507358,0.5682894346237968,0.5198666723520451,90e58d9e245d782eed28fdcf7d6695968a62338f4c5b7fc53bdf47d0b61a69ec,91b785ad5ef41308843acb7aaf2f27f912b71ddd41a10d5ad7cf9bc21b2c7267,class_reliability_gamma_0p750,,0.75,
class_reliability_gamma_0p750,class_scaled_raw,True,0.3,0.7725379033648462,0.7888332140300645,0.6225988700564972,0.9906493506493507,1397,18,246,1102,0.7031008719507358,0.5682894346237968,0.5198666723520451,90e58d9e245d782eed28fdcf7d6695968a62338f4c5b7fc53bdf47d0b61a69ec,5d8561639b045fe3cbcfda32f21a6616cebaced7fdf9c0119aec718ae6cb7285,class_reliability_gamma_0p750,,0.75,
class_reliability_gamma_0p750,class_scaled_raw,True,0.35,0.7692944269414169,0.8190255220417634,0.5983050847457627,0.9927272727272727,1293,14,193,1059,0.7031008719507358,0.5682894346237968,0.5198666723520451,90e58d9e245d782eed28fdcf7d6695968a62338f4c5b7fc53bdf47d0b61a69ec,06941c56064fa162ef45f8e7da1fe50a582763fd89f4cc1c13f7bc9a12b69cb1,class_reliability_gamma_0p750,,0.75,
class_reliability_gamma_0p750,class_scaled_raw,True,0.36507787482292003,0.7673554342631486,0.8297533810660302,0.5892655367231638,0.9927272727272727,1257,14,175,1043,0.7031008719507358,0.5682894346237968,0.5198666723520451,90e58d9e245d782eed28fdcf7d6695968a62338f4c5b7fc53bdf47d0b61a69ec,1655b23de6e15d18b10b71f2e27b41b03f6d264667d3e1a67a61960999f624ab,class_reliability_gamma_0p750,,0.75,
class_reliability_gamma_0p750,class_scaled_raw,True,0.4,0.7609618562154098,0.8464765100671141,0.5700564971751413,0.9932467532467533,1192,13,148,1009,0.7031008719507358,0.5682894346237968,0.5198666723520451,90e58d9e245d782eed28fdcf7d6695968a62338f4c5b7fc53bdf47d0b61a69ec,29b3f6b65cd48dd90f3778f8a01e008440badbd937d5520239015b4fdedcc716,class_reliability_gamma_0p750,,0.75,
class_reliability_gamma_0p750,class_scaled_raw,True,0.5,0.7246777544724702,0.8881048387096774,0.4977401129943503,0.9953246753246753,992,9,86,881,0.7031008719507358,0.5682894346237968,0.5198666723520451,90e58d9e245d782eed28fdcf7d6695968a62338f4c5b7fc53bdf47d0b61a69ec,258bbd6eca656f6b1ba8f8051d4c2f7e6710290e260ba7ff19e195914fc31e05,class_reliability_gamma_0p750,,0.75,
class_reliability_gamma_0p750,class_scaled_raw,True,0.6,0.6790559427484487,0.9222357229647631,0.4288135593220339,0.9984415584415585,823,3,55,759,0.7031008719507358,0.5682894346237968,0.5198666723520451,90e58d9e245d782eed28fdcf7d6695968a62338f4c5b7fc53bdf47d0b61a69ec,0241954155f2e177e011732bfe5536c87ffa60d7fbab5639a1dbbb2d083ec9ae,class_reliability_gamma_0p750,,0.75,
class_reliability_gamma_0p750,class_scaled_raw,True,0.6962768866130614,0.6009374283793388,0.9554848966613673,0.33954802259887007,0.9994805194805195,629,1,23,601,0.7031008719507358,0.5682894346237968,0.5198666723520451,90e58d9e245d782eed28fdcf7d6695968a62338f4c5b7fc53bdf47d0b61a69ec,e439f85b74fd1d118466bba41ecbe7f82eac9166336dfe76a3f808884a280e3b,class_reliability_gamma_0p750,,0.75,
class_reliability_gamma_0p750,class_scaled_raw,True,0.7,0.5993363580957539,0.9568,0.33785310734463275,0.9994805194805195,625,1,22,598,0.7031008719507358,0.5682894346237968,0.5198666723520451,90e58d9e245d782eed28fdcf7d6695968a62338f4c5b7fc53bdf47d0b61a69ec,74fc3d70639cf16576a165b2542ca6d70ba9da0d6242c2c6eebcc0ef39316262,class_reliability_gamma_0p750,,0.75,
class_reliability_gamma_0p750,class_scaled_raw,True,0.8,0.46624140542080184,0.980440097799511,0.22655367231638418,0.9994805194805195,409,1,5,401,0.7031008719507358,0.5682894346237968,0.5198666723520451,90e58d9e245d782eed28fdcf7d6695968a62338f4c5b7fc53bdf47d0b61a69ec,c5270915d557f18701d82f3f398598a52da7c166079533d60961229fb60c8064,class_reliability_gamma_0p750,,0.75,
class_reliability_gamma_0p750,class_scaled_raw,True,0.9,0.02990033222591362,1.0,0.010169491525423728,1.0,18,0,0,18,0.7031008719507358,0.5682894346237968,0.5198666723520451,90e58d9e245d782eed28fdcf7d6695968a62338f4c5b7fc53bdf47d0b61a69ec,22ee803cf40b54b4a4ed74be56a9be3edb31aa2e43c2a0cdf2a1e0d10fcbfcf3,class_reliability_gamma_0p750,,0.75,
class_reliability_gamma_0p750,class_scaled_raw,True,0.9531770348548888,0.001693002257336343,1.0,0.0005649717514124294,1.0,1,0,0,1,0.7031008719507358,0.5682894346237968,0.5198666723520451,90e58d9e245d782eed28fdcf7d6695968a62338f4c5b7fc53bdf47d0b61a69ec,953bc5844da66e693fabab56a53d6153b4fb0303245934a03302b21a2cb52c43,class_reliability_gamma_0p750,,0.75,
class_reliability_gamma_1p000,class_scaled_raw,True,0.0014758690280927027,0.3404811140043276,0.1580566458046038,0.8418079096045198,0.7714285714285715,9427,440,7112,1490,0.7031008719507358,0.5682894346237968,0.5198666723520451,fe441a3e7515572ecb374a08a66f3638d79f9958489e6d42db4c44ee1852ee53,1f53570a9f3405ce7941e0e20160468a3ee3b7a7b1f7913ec38c4d740981cbcb,class_reliability_gamma_1p000,,1.0,
class_reliability_gamma_1p000,class_scaled_raw,True,0.004299772771668647,0.45022454280353125,0.23436754176610977,0.8322033898305085,0.8368831168831169,6285,314,4236,1473,0.7031008719507358,0.5682894346237968,0.5198666723520451,fe441a3e7515572ecb374a08a66f3638d79f9958489e6d42db4c44ee1852ee53,929929c7cd607e81117666deec2150692101f0fbde79b97b870295f03be920f6,class_reliability_gamma_1p000,,1.0,
class_reliability_gamma_1p000,class_scaled_raw,True,0.018296158712094175,0.6031360540626155,0.3786793953858393,0.8067796610169492,0.9142857142857143,3771,165,2032,1428,0.7031008719507358,0.5682894346237968,0.5198666723520451,fe441a3e7515572ecb374a08a66f3638d79f9958489e6d42db4c44ee1852ee53,5a805a854568f7a5354e630abaf8a7cfd6d84702e23c1e53882e4c3e3802c82f,class_reliability_gamma_1p000,,1.0,
class_reliability_gamma_1p000,class_scaled_raw,True,0.05,0.7011335386158415,0.5150037509377344,0.7757062146892655,0.9542857142857143,2666,88,1112,1373,0.7031008719507358,0.5682894346237968,0.5198666723520451,fe441a3e7515572ecb374a08a66f3638d79f9958489e6d42db4c44ee1852ee53,465096f785cb1635798c2ae0daf83f58b24e46ea6233be2d47a5a6047d4eadba,class_reliability_gamma_1p000,,1.0,
class_reliability_gamma_1p000,class_scaled_raw,True,0.061174542883236024,0.7144098131458265,0.5393794749403341,0.7661016949152543,0.9615584415584415,2514,74,1000,1356,0.7031008719507358,0.5682894346237968,0.5198666723520451,fe441a3e7515572ecb374a08a66f3638d79f9958489e6d42db4c44ee1852ee53,fa3ad721753b2501cdc801989b5a03a6cab01c5c678201128eb39841d248d3b5,class_reliability_gamma_1p000,,1.0,
class_reliability_gamma_1p000,class_scaled_raw,True,0.1,0.743713453113843,0.6092870544090057,0.7338983050847457,0.9709090909090909,2132,56,710,1299,0.7031008719507358,0.5682894346237968,0.5198666723520451,fe441a3e7515572ecb374a08a66f3638d79f9958489e6d42db4c44ee1852ee53,254d56799ec71fe39b6a7653027cceffd4d101310ef2f81cb30b63ef63a1e71c,class_reliability_gamma_1p000,,1.0,
class_reliability_gamma_1p000,class_scaled_raw,True,0.15,0.7603205670688533,0.6695557963163596,0.6983050847457627,0.9802597402597403,1846,38,519,1236,0.7031008719507358,0.5682894346237968,0.5198666723520451,fe441a3e7515572ecb374a08a66f3638d79f9958489e6d42db4c44ee1852ee53,21637e9e5f97a1e4017b0035322ce2f018d1f951a2fe4265cc48417f8f5ea316,class_reliability_gamma_1p000,,1.0,
class_reliability_gamma_1p000,class_scaled_raw,True,0.2,0.7656834880633426,0.7132486388384754,0.6661016949152543,0.9854545454545455,1653,28,402,1179,0.7031008719507358,0.5682894346237968,0.5198666723520451,fe441a3e7515572ecb374a08a66f3638d79f9958489e6d42db4c44ee1852ee53,66e798374197c57950532578838ffdaaa2af4d44f8202efb63a64f16d9419742,class_reliability_gamma_1p000,,1.0,
class_reliability_gamma_1p000,class_scaled_raw,True,0.25,0.774218245391558,0.7677725118483413,0.6406779661016949,0.9885714285714285,1477,22,287,1134,0.7031008719507358,0.5682894346237968,0.5198666723520451,fe441a3e7515572ecb374a08a66f3638d79f9958489e6d42db4c44ee1852ee53,3626d833bf33a88cf1e0da863bb606ff493b53a17961c20c6b504a2e9b039830,class_reliability_gamma_1p000,,1.0,
class_reliability_gamma_1p000,class_scaled_raw,True,0.3,0.7685105855879104,0.7968980797636632,0.6096045197740113,0.9916883116883117,1354,16,230,1079,0.7031008719507358,0.5682894346237968,0.5198666723520451,fe441a3e7515572ecb374a08a66f3638d79f9958489e6d42db4c44ee1852ee53,25e0441694a907a8922ba386d846cc913d1c357891b66cbcff5eeaf5c98921a8,class_reliability_gamma_1p000,,1.0,
class_reliability_gamma_1p000,class_scaled_raw,True,0.3443484457784294,0.7652714877655132,0.8265712012728719,0.5870056497175141,0.9932467532467533,1257,13,180,1039,0.7031008719507358,0.5682894346237968,0.5198666723520451,fe441a3e7515572ecb374a08a66f3638d79f9958489e6d42db4c44ee1852ee53,ab713cd8a7551abea8a7ff7df7a35a111b38185cfea74003cbb3533ae26ecdf4,class_reliability_gamma_1p000,,1.0,
class_reliability_gamma_1p000,class_scaled_raw,True,0.35,0.7664004664472887,0.8305355715427658,0.5870056497175141,0.9932467532467533,1251,13,174,1039,0.7031008719507358,0.5682894346237968,0.5198666723520451,fe441a3e7515572ecb374a08a66f3638d79f9958489e6d42db4c44ee1852ee53,132b359863c033bbb34f86637f104ce6c1075421ae75d597b76f101476f73969,class_reliability_gamma_1p000,,1.0,
class_reliability_gamma_1p000,class_scaled_raw,True,0.4,0.7498859460425122,0.8505244755244755,0.5497175141242938,0.9942857142857143,1144,11,138,973,0.7031008719507358,0.5682894346237968,0.5198666723520451,fe441a3e7515572ecb374a08a66f3638d79f9958489e6d42db4c44ee1852ee53,0589547a971c0c83a934bf6ef268692a569f564fa8ba5f76c205ee451c1f281e,class_reliability_gamma_1p000,,1.0,
class_reliability_gamma_1p000,class_scaled_raw,True,0.5,0.7122565640058933,0.8944033790918691,0.47853107344632767,0.9958441558441559,947,8,81,847,0.7031008719507358,0.5682894346237968,0.5198666723520451,fe441a3e7515572ecb374a08a66f3638d79f9958489e6d42db4c44ee1852ee53,118434a7916eedc8f6402c7ef923400a886ee3c7fc5742129d3f416154fd70e7,class_reliability_gamma_1p000,,1.0,
class_reliability_gamma_1p000,class_scaled_raw,True,0.6,0.6608032958075053,0.9254498714652957,0.4067796610169492,0.9989610389610389,778,2,50,720,0.7031008719507358,0.5682894346237968,0.5198666723520451,fe441a3e7515572ecb374a08a66f3638d79f9958489e6d42db4c44ee1852ee53,81f7b7a4c0fce40227224ed0dacc065d49dfff42f782c21d46f2ef5a8002d0f8,class_reliability_gamma_1p000,,1.0,
class_reliability_gamma_1p000,class_scaled_raw,True,0.6742818012628393,0.6001376615148728,0.9538950715421304,0.3389830508474576,0.9994805194805195,629,1,23,600,0.7031008719507358,0.5682894346237968,0.5198666723520451,fe441a3e7515572ecb374a08a66f3638d79f9958489e6d42db4c44ee1852ee53,bcfcc967ff48e260506e23695f23064a08e569ff95fbca3da64139444662478b,class_reliability_gamma_1p000,,1.0,
class_reliability_gamma_1p000,class_scaled_raw,True,0.7,0.5781687150068667,0.9574829931972789,0.31807909604519774,0.9994805194805195,588,1,20,563,0.7031008719507358,0.5682894346237968,0.5198666723520451,fe441a3e7515572ecb374a08a66f3638d79f9958489e6d42db4c44ee1852ee53,d195ce53bd6954e40c9528defbaadfd3f7cef9e817694ef01466096005374cd3,class_reliability_gamma_1p000,,1.0,
class_reliability_gamma_1p000,class_scaled_raw,True,0.8,0.41265306122448986,0.9825072886297376,0.1903954802259887,1.0,343,0,5,337,0.7031008719507358,0.5682894346237968,0.5198666723520451,fe441a3e7515572ecb374a08a66f3638d79f9958489e6d42db4c44ee1852ee53,6ceb43a7227d1939d7d2cbbbc65be491440a805261b12e7718668c0f3d152d7a,class_reliability_gamma_1p000,,1.0,
class_reliability_gamma_1p000,class_scaled_raw,True,0.9,0.01675977653631285,1.0,0.005649717514124294,1.0,10,0,0,10,0.7031008719507358,0.5682894346237968,0.5198666723520451,fe441a3e7515572ecb374a08a66f3638d79f9958489e6d42db4c44ee1852ee53,eb9840ab88303460a03df37eaa855334b3ba7bcc23f973ceb727a98356f0c86f,class_reliability_gamma_1p000,,1.0,
class_reliability_gamma_1p000,class_scaled_raw,True,0.9531770348548888,0.001693002257336343,1.0,0.0005649717514124294,1.0,1,0,0,1,0.7031008719507358,0.5682894346237968,0.5198666723520451,fe441a3e7515572ecb374a08a66f3638d79f9958489e6d42db4c44ee1852ee53,953bc5844da66e693fabab56a53d6153b4fb0303245934a03302b21a2cb52c43,class_reliability_gamma_1p000,,1.0,
raw_light_geom_gate_0p050,light_geometry_gate,False,0.0020181139437896465,0.34018494801641846,0.15795056751882888,0.8412429378531073,0.7698701298701298,9427,443,7098,1489,0.7030649528361426,0.5682206271836208,0.5198283469779791,67511782b474984e88e2db1253e08db4adcae33bf02de218cbe8ecae5e7a3202,7f1ce1dd808184a20d64d53f88e47fbb08704e07de0d81759a8aa74fb4554770,raw_light_geom_gate_0p050,,,0.05
raw_light_geom_gate_0p050,light_geometry_gate,False,0.005780769503797863,0.4501242085031546,0.23436754176610977,0.8322033898305085,0.8358441558441558,6285,316,4228,1473,0.7030649528361426,0.5682206271836208,0.5198283469779791,67511782b474984e88e2db1253e08db4adcae33bf02de218cbe8ecae5e7a3202,f43f7ad45913c27ab210540922a0d92adaed404d7ba3d8e3ceb7a62b7f3802f7,raw_light_geom_gate_0p050,,,0.05
raw_light_geom_gate_0p050,light_geometry_gate,False,0.024310951137856744,0.6040210891110538,0.379209758684699,0.807909604519774,0.9158441558441559,3771,162,2031,1430,0.7030649528361426,0.5682206271836208,0.5198283469779791,67511782b474984e88e2db1253e08db4adcae33bf02de218cbe8ecae5e7a3202,30d63e3c35855cc20575b663c790bca9e15c876c21c9eced757f2c804501bff3,raw_light_geom_gate_0p050,,,0.05
raw_light_geom_gate_0p050,light_geometry_gate,False,0.05,0.6747558274857965,0.47388187094571527,0.784180790960452,0.9428571428571428,2929,110,1326,1388,0.7030649528361426,0.5682206271836208,0.5198283469779791,67511782b474984e88e2db1253e08db4adcae33bf02de218cbe8ecae5e7a3202,2695b7f0f444006845f2735544cb6531df0a5d252b9b256cb728228e3d027212,raw_light_geom_gate_0p050,,,0.05
raw_light_geom_gate_0p050,light_geometry_gate,False,0.08361447125905724,0.7104879466078656,0.5365950676213206,0.7621468926553673,0.9553246753246754,2514,86,996,1349,0.7030649528361426,0.5682206271836208,0.5198283469779791,67511782b474984e88e2db1253e08db4adcae33bf02de218cbe8ecae5e7a3202,712e3c1c8cc6bac5296acbda9b1e5d5f952c8cd48d91ae2fbf6aa72cc25e9ce9,raw_light_geom_gate_0p050,,,0.05
raw_light_geom_gate_0p050,light_geometry_gate,False,0.1,0.7276027312739087,0.5683269476372924,0.7542372881355932,0.9636363636363636,2349,70,865,1335,0.7030649528361426,0.5682206271836208,0.5198283469779791,67511782b474984e88e2db1253e08db4adcae33bf02de218cbe8ecae5e7a3202,a9374ac09512c581944dd1420f41f9b009342c99e95d67659d17028c582a5ee9,raw_light_geom_gate_0p050,,,0.05
raw_light_geom_gate_0p050,light_geometry_gate,False,0.15,0.7497238233418062,0.627508565834557,0.7242937853107345,0.9735064935064935,2043,51,645,1282,0.7030649528361426,0.5682206271836208,0.5198283469779791,67511782b474984e88e2db1253e08db4adcae33bf02de218cbe8ecae5e7a3202,490667b170171d5f9b4e3ef19c30acaa874c6e1d0638cc6d16c01d50e3e5986d,raw_light_geom_gate_0p050,,,0.05
raw_light_geom_gate_0p050,light_geometry_gate,False,0.2,0.7621031752100543,0.6752323674138874,0.6977401129943502,0.9781818181818182,1829,42,501,1235,0.7030649528361426,0.5682206271836208,0.5198283469779791,67511782b474984e88e2db1253e08db4adcae33bf02de218cbe8ecae5e7a3202,4615911bd516cf4e0a2bcbc511d1647c3653f93d7c86e315a4a162f6f60b0fb0,raw_light_geom_gate_0p050,,,0.05
raw_light_geom_gate_0p050,light_geometry_gate,False,0.25,0.7684560764302556,0.7155742633794347,0.672316384180791,0.9812987012987013,1663,36,390,1190,0.7030649528361426,0.5682206271836208,0.5198283469779791,67511782b474984e88e2db1253e08db4adcae33bf02de218cbe8ecae5e7a3202,cc4ee44571bee5426d238bca1d3fe50d35de3af0684c2c93cf2444f21d2bb2c8,raw_light_geom_gate_0p050,,,0.05
raw_light_geom_gate_0p050,light_geometry_gate,False,0.3,0.7729346574198109,0.7503250975292588,0.6519774011299435,0.9854545454545455,1538,28,317,1154,0.7030649528361426,0.5682206271836208,0.5198283469779791,67511782b474984e88e2db1253e08db4adcae33bf02de218cbe8ecae5e7a3202,b40655d331a345435a905d962611f5afc0fa717ca7e87158f22c9105572fc9ed,raw_light_geom_gate_0p050,,,0.05
raw_light_geom_gate_0p050,light_geometry_gate,False,0.35,0.773609722248834,0.7796373779637378,0.631638418079096,0.9880519480519481,1434,23,261,1118,0.7030649528361426,0.5682206271836208,0.5198283469779791,67511782b474984e88e2db1253e08db4adcae33bf02de218cbe8ecae5e7a3202,6de18934f4de6ee58178f7d95e07a0aa27b293fb364ac7c89cddbcf8ac041f21,raw_light_geom_gate_0p050,,,0.05
raw_light_geom_gate_0p050,light_geometry_gate,False,0.4,0.7698671992945296,0.8069120961682945,0.6067796610169491,0.9906493506493507,1331,18,213,1074,0.7030649528361426,0.5682206271836208,0.5198283469779791,67511782b474984e88e2db1253e08db4adcae33bf02de218cbe8ecae5e7a3202,15b0a4f1f5943697bdcfd62a00438364e34347bc4c07c2295ae829f7c0481691,raw_light_geom_gate_0p050,,,0.05
raw_light_geom_gate_0p050,light_geometry_gate,False,0.44190024923595134,0.7644156712885541,0.8257756563245824,0.5864406779661017,0.9916883116883117,1257,16,177,1038,0.7030649528361426,0.5682206271836208,0.5198283469779791,67511782b474984e88e2db1253e08db4adcae33bf02de218cbe8ecae5e7a3202,ee69c753b7e93cd01929c6906e287146cb91c4788c7670c3ddbf92bfbdf6398d,raw_light_geom_gate_0p050,,,0.05
raw_light_geom_gate_0p050,light_geometry_gate,False,0.5,0.7561845526529956,0.8567708333333334,0.5576271186440678,0.9932467532467533,1152,13,130,987,0.7030649528361426,0.5682206271836208,0.5198283469779791,67511782b474984e88e2db1253e08db4adcae33bf02de218cbe8ecae5e7a3202,4a28a24a134727252e278214a13e5ca538186bb121ddb76ad1a80bcbbde649a9,raw_light_geom_gate_0p050,,,0.05
raw_light_geom_gate_0p050,light_geometry_gate,False,0.6,0.7217876485273454,0.8873096446700508,0.4937853107344633,0.9958441558441559,985,8,87,874,0.7030649528361426,0.5682206271836208,0.5198283469779791,67511782b474984e88e2db1253e08db4adcae33bf02de218cbe8ecae5e7a3202,90755c1ad409ff4f257bcfc8f8428857bc738e7e8a2dfa4f02cc4ece42176d6d,raw_light_geom_gate_0p050,,,0.05
raw_light_geom_gate_0p050,light_geometry_gate,False,0.7,0.6825107045754258,0.9304878048780488,0.43107344632768363,0.9989610389610389,820,2,48,763,0.7030649528361426,0.5682206271836208,0.5198283469779791,67511782b474984e88e2db1253e08db4adcae33bf02de218cbe8ecae5e7a3202,6b33ef783f57a702373c224a07202926bf0c2f371ec5dc0d0b88ea0bd9ec4290,raw_light_geom_gate_0p050,,,0.05
raw_light_geom_gate_0p050,light_geometry_gate,False,0.7909189821557973,0.6056612251788039,0.9650238473767886,0.34293785310734465,0.9989610389610389,629,2,16,607,0.7030649528361426,0.5682206271836208,0.5198283469779791,67511782b474984e88e2db1253e08db4adcae33bf02de218cbe8ecae5e7a3202,e06304ccced174396b5f67c8bc2b6a7322badb5b1da61077c8823b9a1cdfeefd,raw_light_geom_gate_0p050,,,0.05
raw_light_geom_gate_0p050,light_geometry_gate,False,0.8,0.5915566011685053,0.966832504145937,0.32937853107344633,0.9989610389610389,603,2,14,583,0.7030649528361426,0.5682206271836208,0.5198283469779791,67511782b474984e88e2db1253e08db4adcae33bf02de218cbe8ecae5e7a3202,502b61786f9450d5a5c1fdd4ba53707465048cdd1adbb624c2cb704abe5c0709,raw_light_geom_gate_0p050,,,0.05
raw_light_geom_gate_0p050,light_geometry_gate,False,0.9,0.39385126713751556,0.9844236760124611,0.17853107344632768,1.0,321,0,4,316,0.7030649528361426,0.5682206271836208,0.5198283469779791,67511782b474984e88e2db1253e08db4adcae33bf02de218cbe8ecae5e7a3202,fef11e2eb380bb92dee448045178c8c1adaf8a2294afd93324577d6923302b25,raw_light_geom_gate_0p050,,,0.05
raw_light_geom_gate_0p050,light_geometry_gate,False,0.9797190761902461,0.001693002257336343,1.0,0.0005649717514124294,1.0,1,0,0,1,0.7030649528361426,0.5682206271836208,0.5198283469779791,67511782b474984e88e2db1253e08db4adcae33bf02de218cbe8ecae5e7a3202,3bc84dbea1efbb2ed1e12876be81779c7cc248038773b482c76aa917a6211173,raw_light_geom_gate_0p050,,,0.05
raw_light_geom_gate_0p100,light_geometry_gate,False,0.0019147638858750778,0.34018494801641846,0.15795056751882888,0.8412429378531073,0.7698701298701298,9427,443,7099,1489,0.7030789160844924,0.5680576851086107,0.5197084370531596,1674019e43588fb3dcab90e4bb39222e97419fc8d0cb64664935da884b52da9a,0978ce4df95bb975ac9ab5a7a6e4edea9cd1a0ae4dde70194fe2179322e3304a,raw_light_geom_gate_0p100,,,0.1
raw_light_geom_gate_0p100,light_geometry_gate,False,0.005505199666929245,0.4501242085031546,0.23436754176610977,0.8322033898305085,0.8358441558441558,6285,316,4228,1473,0.7030789160844924,0.5680576851086107,0.5197084370531596,1674019e43588fb3dcab90e4bb39222e97419fc8d0cb64664935da884b52da9a,89beba989e1322bd3fc29c820f409596375e5c42423117ee14d705e0de8ccc97,raw_light_geom_gate_0p100,,,0.1
raw_light_geom_gate_0p100,light_geometry_gate,False,0.02330320351879056,0.6040210891110538,0.379209758684699,0.807909604519774,0.9158441558441559,3771,162,2030,1430,0.7030789160844924,0.5680576851086107,0.5197084370531596,1674019e43588fb3dcab90e4bb39222e97419fc8d0cb64664935da884b52da9a,baeb2678414a94eb0f571de826c23296ee1d1907969e0f2a44107c4125e33b5e,raw_light_geom_gate_0p100,,,0.1
raw_light_geom_gate_0p100,light_geometry_gate,False,0.05,0.6769017463045998,0.47772020725388603,0.7813559322033898,0.9444155844155844,2895,107,1300,1383,0.7030789160844924,0.5680576851086107,0.5197084370531596,1674019e43588fb3dcab90e4bb39222e97419fc8d0cb64664935da884b52da9a,07fe21773bb8c1eefcf87c0d45642693fb8a167e839804b15dc1aea36f78941e,raw_light_geom_gate_0p100,,,0.1
raw_light_geom_gate_0p100,light_geometry_gate,False,0.08072871567882454,0.7108839855890404,0.5369928400954654,0.7627118644067796,0.9553246753246754,2514,86,995,1350,0.7030789160844924,0.5680576851086107,0.5197084370531596,1674019e43588fb3dcab90e4bb39222e97419fc8d0cb64664935da884b52da9a,08af6a2b85742e6041e0a5b8eff5a17626f36aaa3b93b2072be0253ab761de28,raw_light_geom_gate_0p100,,,0.1
raw_light_geom_gate_0p100,light_geometry_gate,False,0.1,0.7294972484169391,0.5735865343116099,0.7508474576271187,0.9641558441558442,2317,69,842,1329,0.7030789160844924,0.5680576851086107,0.5197084370531596,1674019e43588fb3dcab90e4bb39222e97419fc8d0cb64664935da884b52da9a,0d47c88f384b238c4c8d19514ff48d896ee55d7aa3472c9c5d19b282b7b133f6,raw_light_geom_gate_0p100,,,0.1
raw_light_geom_gate_0p100,light_geometry_gate,False,0.15,0.7509089338841257,0.6312931885488647,0.7225988700564971,0.9735064935064935,2026,51,633,1279,0.7030789160844924,0.5680576851086107,0.5197084370531596,1674019e43588fb3dcab90e4bb39222e97419fc8d0cb64664935da884b52da9a,15c63f9cd6573fd6c8e9d10a71de66cf609245a044b5afaaf4d41edf6132510c,raw_light_geom_gate_0p100,,,0.1
raw_light_geom_gate_0p100,light_geometry_gate,False,0.2,0.762629344989832,0.6786108048511577,0.6954802259887005,0.9781818181818182,1814,42,490,1231,0.7030789160844924,0.5680576851086107,0.5197084370531596,1674019e43588fb3dcab90e4bb39222e97419fc8d0cb64664935da884b52da9a,ec19dcb2555a9a9a60fa79ccb81a3c2fe37485216344e50500737c490c2a86ee,raw_light_geom_gate_0p100,,,0.1
raw_light_geom_gate_0p100,light_geometry_gate,False,0.25,0.7690112451418984,0.7189582071471835,0.6706214689265537,0.9812987012987013,1651,36,383,1187,0.7030789160844924,0.5680576851086107,0.5197084370531596,1674019e43588fb3dcab90e4bb39222e97419fc8d0cb64664935da884b52da9a,582352d06f43ee0056d67c6cef3344fab592db15487e5fcb383bc88139226650,raw_light_geom_gate_0p100,,,0.1
raw_light_geom_gate_0p100,light_geometry_gate,False,0.3,0.772011497482653,0.7514715500327012,0.6491525423728813,0.9854545454545455,1529,28,313,1149,0.7030789160844924,0.5680576851086107,0.5197084370531596,1674019e43588fb3dcab90e4bb39222e97419fc8d0cb64664935da884b52da9a,e73d8f869e0ae4df4f05ed1561983baa0dd26b8fb37b192e4d83257e52b107f8,raw_light_geom_gate_0p100,,,0.1
raw_light_geom_gate_0p100,light_geometry_gate,False,0.35,0.7734300446668431,0.7813594954449895,0.6299435028248588,0.9885714285714285,1427,22,258,1115,0.7030789160844924,0.5680576851086107,0.5197084370531596,1674019e43588fb3dcab90e4bb39222e97419fc8d0cb64664935da884b52da9a,a1c4651f32d5410020a646d2309121f0c5597cc219ece059460c2107ac0b3ae1,raw_light_geom_gate_0p100,,,0.1
raw_light_geom_gate_0p100,light_geometry_gate,False,0.4,0.769724456528833,0.808446455505279,0.6056497175141243,0.9906493506493507,1326,18,210,1072,0.7030789160844924,0.5680576851086107,0.5197084370531596,1674019e43588fb3dcab90e4bb39222e97419fc8d0cb64664935da884b52da9a,e5f5805e9a86d4f24690e961c6b26ecc9f99264529d639dcedb4ba3530b69973,raw_light_geom_gate_0p100,,,0.1
raw_light_geom_gate_0p100,light_geometry_gate,False,0.43753283580746405,0.7650657412410872,0.8265712012728719,0.5870056497175141,0.9922077922077922,1257,15,177,1039,0.7030789160844924,0.5680576851086107,0.5197084370531596,1674019e43588fb3dcab90e4bb39222e97419fc8d0cb64664935da884b52da9a,7d9c625c477ceee1ad1f82a91a9f2144e7cd5aea80565830f85ac90656a3e42c,raw_light_geom_gate_0p100,,,0.1
raw_light_geom_gate_0p100,light_geometry_gate,False,0.5,0.7559989252902987,0.8573913043478261,0.5570621468926553,0.9932467532467533,1150,13,129,986,0.7030789160844924,0.5680576851086107,0.5197084370531596,1674019e43588fb3dcab90e4bb39222e97419fc8d0cb64664935da884b52da9a,0867d6cd24ad22935a649272fc329f613897aa205ec2a2340ccaba78436485d0,raw_light_geom_gate_0p100,,,0.1
raw_light_geom_gate_0p100,light_geometry_gate,False,0.6,0.7215585282377502,0.8880976602238047,0.49322033898305084,0.9958441558441559,983,8,87,873,0.7030789160844924,0.5680576851086107,0.5197084370531596,1674019e43588fb3dcab90e4bb39222e97419fc8d0cb64664935da884b52da9a,18be277b51b40d7730a8012c895192bbe8b20f0af1c0301ed7161b54ac8a4b7f,raw_light_geom_gate_0p100,,,0.1
raw_light_geom_gate_0p100,light_geometry_gate,False,0.7,0.6822266648912545,0.9315403422982885,0.43050847457627117,0.9989610389610389,818,2,47,762,0.7030789160844924,0.5680576851086107,0.5197084370531596,1674019e43588fb3dcab90e4bb39222e97419fc8d0cb64664935da884b52da9a,27025ea70a9a08a473be3efac508fac551ae9070275e28fc31f47b4e1d282d96,raw_light_geom_gate_0p100,,,0.1
raw_light_geom_gate_0p100,light_geometry_gate,False,0.7905410763540038,0.6056612251788039,0.9650238473767886,0.34293785310734465,0.9989610389610389,629,2,16,607,0.7030789160844924,0.5680576851086107,0.5197084370531596,1674019e43588fb3dcab90e4bb39222e97419fc8d0cb64664935da884b52da9a,e06304ccced174396b5f67c8bc2b6a7322badb5b1da61077c8823b9a1cdfeefd,raw_light_geom_gate_0p100,,,0.1
raw_light_geom_gate_0p100,light_geometry_gate,False,0.8,0.5903263167201435,0.9667221297836939,0.3282485875706215,0.9989610389610389,601,2,14,581,0.7030789160844924,0.5680576851086107,0.5197084370531596,1674019e43588fb3dcab90e4bb39222e97419fc8d0cb64664935da884b52da9a,41ca77aeace30b44d52fc299ddf25e711e395243e3e16b787a02e30423418814,raw_light_geom_gate_0p100,,,0.1
raw_light_geom_gate_0p100,light_geometry_gate,False,0.9,0.3929313929313929,0.984375,0.17796610169491525,1.0,320,0,4,315,0.7030789160844924,0.5680576851086107,0.5197084370531596,1674019e43588fb3dcab90e4bb39222e97419fc8d0cb64664935da884b52da9a,7d00a77fb6bd9e3a90289337c41e4c9354bac147abe6bc8b91b88b449bd06ba7,raw_light_geom_gate_0p100,,,0.1
raw_light_geom_gate_0p100,light_geometry_gate,False,0.9796979499535822,0.001693002257336343,1.0,0.0005649717514124294,1.0,1,0,0,1,0.7030789160844924,0.5680576851086107,0.5197084370531596,1674019e43588fb3dcab90e4bb39222e97419fc8d0cb64664935da884b52da9a,3bc84dbea1efbb2ed1e12876be81779c7cc248038773b482c76aa917a6211173,raw_light_geom_gate_0p100,,,0.1
raw_light_geom_gate_0p200,light_geometry_gate,False,0.0017084277267049356,0.34018494801641846,0.15795056751882888,0.8412429378531073,0.7698701298701298,9427,443,7099,1489,0.7027474378482661,0.5680884833014974,0.519731504396209,7b7b83cecaaefb6f3ad3de95bf8a79bb17e893b4962884d91401dcd43176e9cc,75bc7870cede31171fc26fc7b03441187bc9eff0170ab62cc6c62e6ea9d539d1,raw_light_geom_gate_0p200,,,0.2
raw_light_geom_gate_0p200,light_geometry_gate,False,0.004946585536172023,0.4501242085031546,0.23436754176610977,0.8322033898305085,0.8358441558441558,6285,316,4229,1473,0.7027474378482661,0.5680884833014974,0.519731504396209,7b7b83cecaaefb6f3ad3de95bf8a79bb17e893b4962884d91401dcd43176e9cc,d011be91065a995b5603c8338fca71f5ff9811324e0cd9c325e72ae7baf876e4,raw_light_geom_gate_0p200,,,0.2
raw_light_geom_gate_0p200,light_geometry_gate,False,0.02123131351847925,0.6039457359832126,0.379209758684699,0.807909604519774,0.9153246753246753,3771,163,2030,1430,0.7027474378482661,0.5680884833014974,0.519731504396209,7b7b83cecaaefb6f3ad3de95bf8a79bb17e893b4962884d91401dcd43176e9cc,debea3ac475408166ee406558b7bb400474482ea5a32fa63b337e4891c309e63,raw_light_geom_gate_0p200,,,0.2
raw_light_geom_gate_0p200,light_geometry_gate,False,0.05,0.6828962318513446,0.48660084626234135,0.7796610169491526,0.9475324675324676,2836,101,1257,1380,0.7027474378482661,0.5680884833014974,0.519731504396209,7b7b83cecaaefb6f3ad3de95bf8a79bb17e893b4962884d91401dcd43176e9cc,53e9f8088f4e29221cd1e3c3855e683ac4039edd8fe3c2439edb4629eb19be64,raw_light_geom_gate_0p200,,,0.2
raw_light_geom_gate_0p200,light_geometry_gate,False,0.0760868684058875,0.7115674970260116,0.5373906125696102,0.7632768361581921,0.9568831168831169,2514,83,997,1351,0.7027474378482661,0.5680884833014974,0.519731504396209,7b7b83cecaaefb6f3ad3de95bf8a79bb17e893b4962884d91401dcd43176e9cc,217695289294a61157f781fee0326b7ff41c963c9afddd759ca3b89a2659ed58,raw_light_geom_gate_0p200,,,0.2
raw_light_geom_gate_0p200,light_geometry_gate,False,0.1,0.7321483578783172,0.5803336259877085,0.7468926553672316,0.9657142857142857,2278,66,815,1322,0.7027474378482661,0.5680884833014974,0.519731504396209,7b7b83cecaaefb6f3ad3de95bf8a79bb17e893b4962884d91401dcd43176e9cc,9ec35ff2f94b601a9c9f7fcb5445d1bca8f1a2c249bc92f38c13f7f50462ff82,raw_light_geom_gate_0p200,,,0.2
raw_light_geom_gate_0p200,light_geometry_gate,False,0.15,0.7524869128260563,0.6377320622177621,0.7180790960451977,0.9745454545454545,1993,49,611,1271,0.7027474378482661,0.5680884833014974,0.519731504396209,7b7b83cecaaefb6f3ad3de95bf8a79bb17e893b4962884d91401dcd43176e9cc,5d03a26fb24163b7470175fe6a9624aa7d89078326550e2e8bb9038697d9a929,raw_light_geom_gate_0p200,,,0.2
raw_light_geom_gate_0p200,light_geometry_gate,False,0.2,0.7628468936351953,0.6832402234636872,0.6909604519774011,0.9787012987012987,1790,41,475,1223,0.7027474378482661,0.5680884833014974,0.519731504396209,7b7b83cecaaefb6f3ad3de95bf8a79bb17e893b4962884d91401dcd43176e9cc,ca0952ee1bf008648a3e0c68e740f0514f1588755c3ce72ada80c0b0751b3c87,raw_light_geom_gate_0p200,,,0.2
raw_light_geom_gate_0p200,light_geometry_gate,False,0.25,0.7718795557613111,0.7287299630086314,0.6677966101694915,0.9833766233766233,1622,32,364,1182,0.7027474378482661,0.5680884833014974,0.519731504396209,7b7b83cecaaefb6f3ad3de95bf8a79bb17e893b4962884d91401dcd43176e9cc,83aad5129731df7a718d0c7e230aa4ee0390b4d0e3afa7dac65fa5d02e075801,raw_light_geom_gate_0p200,,,0.2
raw_light_geom_gate_0p200,light_geometry_gate,False,0.3,0.7716849558076345,0.7552910052910053,0.6451977401129944,0.9864935064935065,1512,26,306,1142,0.7027474378482661,0.5680884833014974,0.519731504396209,7b7b83cecaaefb6f3ad3de95bf8a79bb17e893b4962884d91401dcd43176e9cc,bdf3900a74b994a87bc0bd2e8ac3d07c76dbc310a6477f0657fb89a177188457,raw_light_geom_gate_0p200,,,0.2
raw_light_geom_gate_0p200,light_geometry_gate,False,0.35,0.774096624235427,0.7862703467799009,0.6276836158192091,0.9896103896103896,1413,20,250,1111,0.7027474378482661,0.5680884833014974,0.519731504396209,7b7b83cecaaefb6f3ad3de95bf8a79bb17e893b4962884d91401dcd43176e9cc,188ed7a614e8c0562c535b70503ab8d03b07b538cf2d19cf9973dcad8f41149e,raw_light_geom_gate_0p200,,,0.2
raw_light_geom_gate_0p200,light_geometry_gate,False,0.4,0.7691083236310733,0.8125,0.6022598870056497,0.9906493506493507,1312,18,202,1066,0.7027474378482661,0.5680884833014974,0.519731504396209,7b7b83cecaaefb6f3ad3de95bf8a79bb17e893b4962884d91401dcd43176e9cc,41872b55779cec701e02d8205f8a0ce53bf1f7b30fd78459431d04e62705933f,raw_light_geom_gate_0p200,,,0.2
raw_light_geom_gate_0p200,light_geometry_gate,False,0.43132080339012935,0.7668091445843865,0.8289578361177407,0.5887005649717514,0.9927272727272727,1257,14,175,1042,0.7027474378482661,0.5680884833014974,0.519731504396209,7b7b83cecaaefb6f3ad3de95bf8a79bb17e893b4962884d91401dcd43176e9cc,76e0ab552e89245d0a86a449db2d666be2adf9f1f7b22c1d891e4dbab7c8e92a,raw_light_geom_gate_0p200,,,0.2
raw_light_geom_gate_0p200,light_geometry_gate,False,0.5,0.7558348646160047,0.8621597892888498,0.5548022598870056,0.9932467532467533,1139,13,124,982,0.7027474378482661,0.5680884833014974,0.519731504396209,7b7b83cecaaefb6f3ad3de95bf8a79bb17e893b4962884d91401dcd43176e9cc,5bdb37a7720f8797e50c4c854f7d454ac420312b1b1bf0c89a16c9f996fdb19b,raw_light_geom_gate_0p200,,,0.2
raw_light_geom_gate_0p200,light_geometry_gate,False,0.6,0.7213290283586634,0.8888888888888888,0.49265536723163844,0.9958441558441559,981,8,87,872,0.7027474378482661,0.5680884833014974,0.519731504396209,7b7b83cecaaefb6f3ad3de95bf8a79bb17e893b4962884d91401dcd43176e9cc,670cd335f78f710b79f26aae270be5eb2030e7f9a13140e3a83d9ffa3896f7d5,raw_light_geom_gate_0p200,,,0.2
raw_light_geom_gate_0p200,light_geometry_gate,False,0.7,0.6812497067222218,0.9313725490196079,0.4293785310734463,0.9989610389610389,816,2,47,760,0.7027474378482661,0.5680884833014974,0.519731504396209,7b7b83cecaaefb6f3ad3de95bf8a79bb17e893b4962884d91401dcd43176e9cc,a24c7390f8fff9a734f7e93745f0042e4b906163ee6b28a4fd3595097a551c44,raw_light_geom_gate_0p200,,,0.2
raw_light_geom_gate_0p200,light_geometry_gate,False,0.7892892789992042,0.6048648168881179,0.9634340222575517,0.3423728813559322,0.9989610389610389,629,2,17,606,0.7027474378482661,0.5680884833014974,0.519731504396209,7b7b83cecaaefb6f3ad3de95bf8a79bb17e893b4962884d91401dcd43176e9cc,859ce8589f8b43277ef618547486bfafbbee0a9f18561b2ce136ad38b2e21ef0,raw_light_geom_gate_0p200,,,0.2
raw_light_geom_gate_0p200,light_geometry_gate,False,0.8,0.588055421538181,0.9681208053691275,0.32598870056497176,0.9989610389610389,596,2,13,577,0.7027474378482661,0.5680884833014974,0.519731504396209,7b7b83cecaaefb6f3ad3de95bf8a79bb17e893b4962884d91401dcd43176e9cc,135e518d98c73277f5a5f036cd87c1571d8024ff47a397d39ed88a45c0499d92,raw_light_geom_gate_0p200,,,0.2
raw_light_geom_gate_0p200,light_geometry_gate,False,0.9,0.3920099875156055,0.9843260188087775,0.17740112994350282,1.0,319,0,4,314,0.7027474378482661,0.5680884833014974,0.519731504396209,7b7b83cecaaefb6f3ad3de95bf8a79bb17e893b4962884d91401dcd43176e9cc,1bd3ea76e86cb5cfbc016b4016489b5606e05306eb1c74ec92d63638aca22840,raw_light_geom_gate_0p200,,,0.2
raw_light_geom_gate_0p200,light_geometry_gate,False,0.9796556974802537,0.001693002257336343,1.0,0.0005649717514124294,1.0,1,0,0,1,0.7027474378482661,0.5680884833014974,0.519731504396209,7b7b83cecaaefb6f3ad3de95bf8a79bb17e893b4962884d91401dcd43176e9cc,3bc84dbea1efbb2ed1e12876be81779c7cc248038773b482c76aa917a6211173,raw_light_geom_gate_0p200,,,0.2
