score_col,mode_family,ap_rank_preserving_by_design,threshold,cal_balanced,cal_precision,cal_recall,cal_unknown_reject,cal_num_accepted,cal_unknown_false_accept,cal_background_false_accepts,cal_tp_known,cal_AP50,cal_AP75,cal_AP,stream_hash,acceptance_mask_hash,canonical_stream,alpha,gamma,beta
raw_score,raw,True,0.002119806769769575,0.3401511187006152,0.15795056751882888,0.8412429378531073,0.7693506493506493,9427,444,7097,1489,0.7031008719507358,0.5682894346237968,0.5198666723520451,311ac8bae1936c27365f0a47515fa2d024d3b6c86acabd1c2148f78f21f9207a,bd9d793596588ea4580c76b43eae96aec42b91fd837a32e3c718d4facf886992,raw_score,,,
raw_score,raw,True,0.00606468482874325,0.4501242085031546,0.23436754176610977,0.8322033898305085,0.8358441558441558,6285,316,4228,1473,0.7031008719507358,0.5682894346237968,0.5198666723520451,311ac8bae1936c27365f0a47515fa2d024d3b6c86acabd1c2148f78f21f9207a,2a21e30f486a2d7cd5dcc6aee8bce1b029e2ed67c33fd4376b44cea260c5107c,raw_score,,,
raw_score,raw,True,0.025298735126852958,0.6036162344344169,0.3789445770352692,0.8073446327683615,0.9153246753246753,3771,163,2031,1429,0.7031008719507358,0.5682894346237968,0.5198666723520451,311ac8bae1936c27365f0a47515fa2d024d3b6c86acabd1c2148f78f21f9207a,d395e6c9d65d68eb3c58f51aacb07a57b7e2ed82e92d1e610f9fb7b3c9d439e9,raw_score,,,
raw_score,raw,True,0.05,0.6713156241754082,0.4688026981450253,0.7853107344632768,0.9412987012987013,2965,113,1355,1390,0.7031008719507358,0.5682894346237968,0.5198666723520451,311ac8bae1936c27365f0a47515fa2d024d3b6c86acabd1c2148f78f21f9207a,1d859695ba0cf4ffa8c63750c1b678b1dd02fb0be260afa51143493bc2adb51e,raw_score,,,
raw_score,raw,True,0.08611611574888238,0.7099960530684624,0.5361972951471758,0.7615819209039548,0.9548051948051948,2514,87,996,1348,0.7031008719507358,0.5682894346237968,0.5198666723520451,311ac8bae1936c27365f0a47515fa2d024d3b6c86acabd1c2148f78f21f9207a,8d9a208540327f35bb47d839ec64382b65497e888fda8a94f138a2f746c86f16,raw_score,,,
raw_score,raw,True,0.1,0.7237705411424787,0.5622895622895623,0.7548022598870057,0.96,2376,77,884,1336,0.7031008719507358,0.5682894346237968,0.5198666723520451,311ac8bae1936c27365f0a47515fa2d024d3b6c86acabd1c2148f78f21f9207a,02f292985033ddd9631c73dc700d0f5b1ba75f62c69cd681fa2f6dda7e309063,raw_score,,,
raw_score,raw,True,0.15,0.750429356502072,0.6264591439688716,0.727683615819209,0.9735064935064935,2056,51,652,1288,0.7031008719507358,0.5682894346237968,0.5198666723520451,311ac8bae1936c27365f0a47515fa2d024d3b6c86acabd1c2148f78f21f9207a,60ed8b6104f7c77b532d333d9962d097245a5b9c259f690acb8469547d016231,raw_score,,,
raw_score,raw,True,0.2,0.7614761158697816,0.6719088937093276,0.7,0.9776623376623377,1844,43,510,1239,0.7031008719507358,0.5682894346237968,0.5198666723520451,311ac8bae1936c27365f0a47515fa2d024d3b6c86acabd1c2148f78f21f9207a,91876d41b191576ccc443f7cd322ebaacb78c1735ef9cdd7a5551c9de09bfed3,raw_score,,,
raw_score,raw,True,0.25,0.7671286240989166,0.7123205741626795,0.6728813559322034,0.9797402597402597,1672,39,394,1191,0.7031008719507358,0.5682894346237968,0.5198666723520451,311ac8bae1936c27365f0a47515fa2d024d3b6c86acabd1c2148f78f21f9207a,2cfd3917b3f2568c3873539b60c302be78d1bea0ee025c275fdf5db6c77b6a7f,raw_score,,,
raw_score,raw,True,0.3,0.771966451908514,0.7478937135450421,0.6519774011299435,0.9849350649350649,1543,29,320,1154,0.7031008719507358,0.5682894346237968,0.5198666723520451,311ac8bae1936c27365f0a47515fa2d024d3b6c86acabd1c2148f78f21f9207a,3167cb1edf8278ccb04224c8811026ce062257f05ebb6752dd3501d5da398434,raw_score,,,
raw_score,raw,True,0.35,0.7737878411568285,0.7779319916724496,0.6333333333333333,0.9875324675324675,1441,24,263,1121,0.7031008719507358,0.5682894346237968,0.5198666723520451,311ac8bae1936c27365f0a47515fa2d024d3b6c86acabd1c2148f78f21f9207a,83f3fb91f66285ccc575518687a8e72198481771ba4016706051b9ce23af806b,raw_score,,,
raw_score,raw,True,0.4,0.7702510779324558,0.8055347793567689,0.6084745762711864,0.9901298701298701,1337,19,215,1077,0.7031008719507358,0.5682894346237968,0.5198666723520451,311ac8bae1936c27365f0a47515fa2d024d3b6c86acabd1c2148f78f21f9207a,c709d1c60cfcdad1244b1cfab5b2a2795c6bb6ee780ada69499204014069da15,raw_score,,,
raw_score,raw,True,0.44400383234024043,0.7649627478814359,0.8265712012728719,0.5870056497175141,0.9916883116883117,1257,16,176,1039,0.7031008719507358,0.5682894346237968,0.5198666723520451,311ac8bae1936c27365f0a47515fa2d024d3b6c86acabd1c2148f78f21f9207a,03e25cf2b2e4755e1353477b06289218ed5f77296c4dcfaaa024bac8e97d2938,raw_score,,,
raw_score,raw,True,0.5,0.7568319859313875,0.8556611927398444,0.559322033898305,0.9927272727272727,1157,14,131,990,0.7031008719507358,0.5682894346237968,0.5198666723520451,311ac8bae1936c27365f0a47515fa2d024d3b6c86acabd1c2148f78f21f9207a,380aa92258ca685e1c76cca9b80ada6224458c541eaf9d3af7dec4e8fc0da0dd,raw_score,,,
raw_score,raw,True,0.6,0.7222447540988544,0.8857431749241659,0.49491525423728816,0.9958441558441559,989,8,89,876,0.7031008719507358,0.5682894346237968,0.5198666723520451,311ac8bae1936c27365f0a47515fa2d024d3b6c86acabd1c2148f78f21f9207a,ef4cd61f690ab8e8fdb0f0d20b5c1ad4cbbdffd795712a8be58e249499c22530,raw_score,,,
raw_score,raw,True,0.7,0.6825107045754258,0.9304878048780488,0.43107344632768363,0.9989610389610389,820,2,48,763,0.7031008719507358,0.5682894346237968,0.5198666723520451,311ac8bae1936c27365f0a47515fa2d024d3b6c86acabd1c2148f78f21f9207a,6b33ef783f57a702373c224a07202926bf0c2f371ec5dc0d0b88ea0bd9ec4290,raw_score,,,
raw_score,raw,True,0.7921064376831046,0.6048648168881179,0.9634340222575517,0.3423728813559322,0.9989610389610389,629,2,17,606,0.7031008719507358,0.5682894346237968,0.5198666723520451,311ac8bae1936c27365f0a47515fa2d024d3b6c86acabd1c2148f78f21f9207a,57d1c7783f39ce7e2edf42599d9cbff2667ca5c9a78e0e7c47a295817de22afd,raw_score,,,
raw_score,raw,True,0.8,0.5933957955436259,0.966996699669967,0.3310734463276836,0.9989610389610389,606,2,14,586,0.7031008719507358,0.5682894346237968,0.5198666723520451,311ac8bae1936c27365f0a47515fa2d024d3b6c86acabd1c2148f78f21f9207a,9f053733c9e335d54947135c8300664da24cd48e556828320312b42f9c46446b,raw_score,,,
raw_score,raw,True,0.9,0.39476961394769616,0.984472049689441,0.1790960451977401,1.0,322,0,4,317,0.7031008719507358,0.5682894346237968,0.5198666723520451,311ac8bae1936c27365f0a47515fa2d024d3b6c86acabd1c2148f78f21f9207a,e9af8180e2184c1acbe9ee748885cd35c6ac0638a653e250ee5b0816e5fd7f14,raw_score,,,
raw_score,raw,True,0.9797402024269104,0.001693002257336343,1.0,0.0005649717514124294,1.0,1,0,0,1,0.7031008719507358,0.5682894346237968,0.5198666723520451,311ac8bae1936c27365f0a47515fa2d024d3b6c86acabd1c2148f78f21f9207a,3bc84dbea1efbb2ed1e12876be81779c7cc248038773b482c76aa917a6211173,raw_score,,,
geometry_risk_score,geometry,False,0.0192895002878787,0.3421281395841262,0.1582688023761536,0.8429378531073446,0.7911688311688312,9427,402,7276,1492,0.6576601585431607,0.5248889901256015,0.47708226744285154,831555aabcc6cfc73446dd174bf85197faf90f9ce982f8a3d2c179b2e270786e,305a14604756560a6f003b20c8702638f81669f140ce05383d64c0f12e97e75a,geometry_risk_score,,,
geometry_risk_score,geometry,False,0.05,0.4209606625686944,0.2098976109215017,0.8338983050847457,0.8597402597402597,7032,270,5088,1476,0.6576601585431607,0.5248889901256015,0.47708226744285154,831555aabcc6cfc73446dd174bf85197faf90f9ce982f8a3d2c179b2e270786e,fbcadf53bad87fc2a63074a75ba79db7777eb8c28177f35d6af49489262b5233,geometry_risk_score,,,
geometry_risk_score,geometry,False,0.0619515054499418,0.4533350231120911,0.23404932378679397,0.8310734463276837,0.8758441558441559,6285,239,4394,1471,0.6576601585431607,0.5248889901256015,0.47708226744285154,831555aabcc6cfc73446dd174bf85197faf90f9ce982f8a3d2c179b2e270786e,fd8829ba58ae9b273f8c6bd19963b3f63109346544bbfb892fc4fb208a2467d9,geometry_risk_score,,,
geometry_risk_score,geometry,False,0.1,0.527344041476552,0.2965825874694874,0.823728813559322,0.9064935064935065,4916,180,3127,1458,0.6576601585431607,0.5248889901256015,0.47708226744285154,831555aabcc6cfc73446dd174bf85197faf90f9ce982f8a3d2c179b2e270786e,c9f1bc41ea2de2056cfb52b9e1f981fc350528f71b2101292a1553fc9b1e1890,geometry_risk_score,,,
geometry_risk_score,geometry,False,0.15,0.5870622888271115,0.3571606475716065,0.8101694915254237,0.9293506493506494,4015,136,2328,1434,0.6576601585431607,0.5248889901256015,0.47708226744285154,831555aabcc6cfc73446dd174bf85197faf90f9ce982f8a3d2c179b2e270786e,c39578a502ebd0907aec489b5f12df33210fb389256f6db699378b32a94584fa,geometry_risk_score,,,
geometry_risk_score,geometry,False,0.17014499385295892,0.6056495899288546,0.3781490320869796,0.8056497175141243,0.9366233766233766,3771,122,2114,1426,0.6576601585431607,0.5248889901256015,0.47708226744285154,831555aabcc6cfc73446dd174bf85197faf90f9ce982f8a3d2c179b2e270786e,2cc73520d2831f6ea231f8ae3153c79a3c7e0b371d60b8a2015641070f1dafaa,geometry_risk_score,,,
geometry_risk_score,geometry,False,0.2,0.6261944713291457,0.4037142857142857,0.7983050847457627,0.9423376623376624,3500,111,1874,1413,0.6576601585431607,0.5248889901256015,0.47708226744285154,831555aabcc6cfc73446dd174bf85197faf90f9ce982f8a3d2c179b2e270786e,993cee539a5dd478f3df5cd8a9a08b9f33b998e3afccd1bc76ef180e3bd290ba,geometry_risk_score,,,
geometry_risk_score,geometry,False,0.25,0.6513582146586219,0.43811023622047246,0.7858757062146893,0.9516883116883117,3175,93,1598,1391,0.6576601585431607,0.5248889901256015,0.47708226744285154,831555aabcc6cfc73446dd174bf85197faf90f9ce982f8a3d2c179b2e270786e,e980f99ddf3864f34f5e505883c9d41cf82a1afec3f4a4de03b7b4a59bbbfa67,geometry_risk_score,,,
geometry_risk_score,geometry,False,0.3,0.6736057892128282,0.47032742155525237,0.7790960451977401,0.957922077922078,2932,81,1385,1379,0.6576601585431607,0.5248889901256015,0.47708226744285154,831555aabcc6cfc73446dd174bf85197faf90f9ce982f8a3d2c179b2e270786e,014394160b05398c884bf0c6144876fcb5a66a569a5aa2db12353bc1a7727d47,geometry_risk_score,,,
geometry_risk_score,geometry,False,0.35,0.690358372018569,0.4976234003656307,0.7689265536723164,0.9657142857142857,2735,66,1229,1361,0.6576601585431607,0.5248889901256015,0.47708226744285154,831555aabcc6cfc73446dd174bf85197faf90f9ce982f8a3d2c179b2e270786e,99866c476b0d5adc956867d9dde5824981b1995652de9a86c17e68554ba27acd,geometry_risk_score,,,
geometry_risk_score,geometry,False,0.4,0.703364449787251,0.5225856697819314,0.7581920903954802,0.9683116883116883,2568,61,1094,1342,0.6576601585431607,0.5248889901256015,0.47708226744285154,831555aabcc6cfc73446dd174bf85197faf90f9ce982f8a3d2c179b2e270786e,8f0b4f44b8cdac8d1515a735348ea8e7a6a09b01ab871c4cdb0910b650096713,geometry_risk_score,,,
geometry_risk_score,geometry,False,0.4143833514519806,0.708555641055492,0.5322195704057279,0.7559322033898305,0.9688311688311688,2514,60,1047,1338,0.6576601585431607,0.5248889901256015,0.47708226744285154,831555aabcc6cfc73446dd174bf85197faf90f9ce982f8a3d2c179b2e270786e,1fd57feb02a209302fa5d6cd3293020ef21d9388574fd54568eafa0c2eec64a9,geometry_risk_score,,,
geometry_risk_score,geometry,False,0.5,0.729674862777978,0.5756247259973696,0.7418079096045198,0.9745454545454545,2281,49,858,1313,0.6576601585431607,0.5248889901256015,0.47708226744285154,831555aabcc6cfc73446dd174bf85197faf90f9ce982f8a3d2c179b2e270786e,83f4f833e9bd6334b98a0b72cf97a96a281390e353e0d2b6158f2637a908f5dd,geometry_risk_score,,,
geometry_risk_score,geometry,False,0.6,0.7519010415288169,0.6303597831444061,0.7225988700564971,0.9807792207792208,2029,37,664,1279,0.6576601585431607,0.5248889901256015,0.47708226744285154,831555aabcc6cfc73446dd174bf85197faf90f9ce982f8a3d2c179b2e270786e,0719e6970e683f37ed3046486fb35dc11c5a2223aece4cacd183cee761e4bd6b,geometry_risk_score,,,
geometry_risk_score,geometry,False,0.7,0.7627689569962852,0.6754385964912281,0.696045197740113,0.9844155844155844,1824,30,518,1232,0.6576601585431607,0.5248889901256015,0.47708226744285154,831555aabcc6cfc73446dd174bf85197faf90f9ce982f8a3d2c179b2e270786e,f93fec864e51da1ea7752fc119f587337f27f62ee8a22e6811438e7db4482c75,geometry_risk_score,,,
geometry_risk_score,geometry,False,0.8,0.7680264295544424,0.7327422419252692,0.6536723163841808,0.9885714285714285,1579,22,362,1157,0.6576601585431607,0.5248889901256015,0.47708226744285154,831555aabcc6cfc73446dd174bf85197faf90f9ce982f8a3d2c179b2e270786e,3f6ae37d201d9685285bac4fe9810cac2deee752b686ca5998dde32be78e6cb1,geometry_risk_score,,,
geometry_risk_score,geometry,False,0.9,0.7654879105240721,0.8096699923254029,0.596045197740113,0.9937662337662337,1303,12,213,1055,0.6576601585431607,0.5248889901256015,0.47708226744285154,831555aabcc6cfc73446dd174bf85197faf90f9ce982f8a3d2c179b2e270786e,5d617a34bb810bc7ef530116018ee918571a5be18cd8e76788953486c701f46b,geometry_risk_score,,,
geometry_risk_score,geometry,False,0.9091079545334203,0.763934819705545,0.8241845664280032,0.5853107344632769,0.9948051948051948,1257,10,190,1036,0.6576601585431607,0.5248889901256015,0.47708226744285154,831555aabcc6cfc73446dd174bf85197faf90f9ce982f8a3d2c179b2e270786e,322a3d90854ae71ffbcc37b46798a788990a6e4406a30aae0b191627302a7b1f,geometry_risk_score,,,
geometry_risk_score,geometry,False,0.9874463149353208,0.6000752044327968,0.9538950715421304,0.3389830508474576,0.9989610389610389,629,2,20,600,0.6576601585431607,0.5248889901256015,0.47708226744285154,831555aabcc6cfc73446dd174bf85197faf90f9ce982f8a3d2c179b2e270786e,6ed7130ebb7947d6a756fb0e8985082a2dcf889aadd712953550c53e240678fa,geometry_risk_score,,,
geometry_risk_score,geometry,False,0.9999836577470612,0.001693002257336343,1.0,0.0005649717514124294,1.0,1,0,0,1,0.6576601585431607,0.5248889901256015,0.47708226744285154,831555aabcc6cfc73446dd174bf85197faf90f9ce982f8a3d2c179b2e270786e,ae9940b8dab418d220a54b5adfaa61b8ef9768d37e142e25e7b4a3559366d626,geometry_risk_score,,,
geometry_alpha_0p050,alpha_blend,False,0.0036263100624076327,0.3410729803048803,0.1582688023761536,0.8429378531073446,0.7745454545454545,9427,434,7146,1492,0.7023937558396063,0.5674295577662029,0.51919147917309,43074b0c253ddd96b0fb8dd5d834db062e0db632753a173a2c18a9aa79103c25,c498c18d2d65b72d1a6023e76fe06716fbd2e8e81683d402397e47deadadd893,geometry_alpha_0p050,0.05,,
geometry_alpha_0p050,alpha_blend,False,0.009189657730916272,0.4506735286479851,0.23436754176610977,0.8322033898305085,0.8415584415584416,6285,305,4251,1473,0.7023937558396063,0.5674295577662029,0.51919147917309,43074b0c253ddd96b0fb8dd5d834db062e0db632753a173a2c18a9aa79103c25,efcebe2a8a9e7e2bb35a76d76c9fc874dcbeb24542e0af29e365d8083932ad52,geometry_alpha_0p050,0.05,,
geometry_alpha_0p050,alpha_blend,False,0.03286038744023095,0.6060165503070093,0.38027048528241847,0.8101694915254237,0.9205194805194805,3771,153,2045,1434,0.7023937558396063,0.5674295577662029,0.51919147917309,43074b0c253ddd96b0fb8dd5d834db062e0db632753a173a2c18a9aa79103c25,00e52939b7f4d9f0ab5e046303a4c86f611716508fbdffec94a6533822596237,geometry_alpha_0p050,0.05,,
geometry_alpha_0p050,alpha_blend,False,0.05,0.6518076914391527,0.4389027431421446,0.7954802259887006,0.9371428571428572,3208,121,1565,1408,0.7023937558396063,0.5674295577662029,0.51919147917309,43074b0c253ddd96b0fb8dd5d834db062e0db632753a173a2c18a9aa79103c25,f3976550516e4a2a0864f50d08f22cfe24f15aab3638b370474ca837a2281de5,geometry_alpha_0p050,0.05,,
geometry_alpha_0p050,alpha_blend,False,0.1,0.7129093094356389,0.537911869789599,0.7655367231638418,0.958961038961039,2519,79,1002,1355,0.7023937558396063,0.5674295577662029,0.51919147917309,43074b0c253ddd96b0fb8dd5d834db062e0db632753a173a2c18a9aa79103c25,206cfd593b07c424321a0d32ced514d1661b6e422f50adc818e0abae20317ae9,geometry_alpha_0p050,0.05,,
geometry_alpha_0p050,alpha_blend,False,0.10027748914766096,0.7136308287780455,0.5389817024661894,0.7655367231638418,0.9594805194805195,2514,78,999,1355,0.7023937558396063,0.5674295577662029,0.51919147917309,43074b0c253ddd96b0fb8dd5d834db062e0db632753a173a2c18a9aa79103c25,ec9edc96fe56bccaad74a9e805364533906fb1e8675e7ebfa4ff73ea8cb3d0ae,geometry_alpha_0p050,0.05,,
geometry_alpha_0p050,alpha_blend,False,0.15,0.74446316822641,0.6075243845796563,0.7389830508474576,0.9703896103896104,2153,57,721,1308,0.7023937558396063,0.5674295577662029,0.51919147917309,43074b0c253ddd96b0fb8dd5d834db062e0db632753a173a2c18a9aa79103c25,f5cc3085e18727963ca3711257c7f644f4716f5fd202983bd5d99d49d94b8591,geometry_alpha_0p050,0.05,,
geometry_alpha_0p050,alpha_blend,False,0.2,0.7566466365865133,0.6521513737687922,0.7107344632768362,0.9761038961038961,1929,46,569,1258,0.7023937558396063,0.5674295577662029,0.51919147917309,43074b0c253ddd96b0fb8dd5d834db062e0db632753a173a2c18a9aa79103c25,514261e7277ea509225ee216a8a8beede02f4d776fc98b65ac86f617755ff3cf,geometry_alpha_0p050,0.05,,
geometry_alpha_0p050,alpha_blend,False,0.25,0.76472979258107,0.6943807339449541,0.6841807909604519,0.9792207792207792,1744,40,444,1211,0.7023937558396063,0.5674295577662029,0.51919147917309,43074b0c253ddd96b0fb8dd5d834db062e0db632753a173a2c18a9aa79103c25,0ee38341214317f6b84a812621bf53554d95686f026a5002a363f311eecc182b,geometry_alpha_0p050,0.05,,
geometry_alpha_0p050,alpha_blend,False,0.3,0.7723137233991995,0.7361809045226131,0.6621468926553672,0.9844155844155844,1592,30,347,1172,0.7023937558396063,0.5674295577662029,0.51919147917309,43074b0c253ddd96b0fb8dd5d834db062e0db632753a173a2c18a9aa79103c25,c6c0f3192b99caba166db479736b77a60c772bb207ef47696d0a60e5ab4c0aa9,geometry_alpha_0p050,0.05,,
geometry_alpha_0p050,alpha_blend,False,0.35,0.7726003391578277,0.7615539182853316,0.6423728813559322,0.987012987012987,1493,25,294,1137,0.7023937558396063,0.5674295577662029,0.51919147917309,43074b0c253ddd96b0fb8dd5d834db062e0db632753a173a2c18a9aa79103c25,7140666e07c06a313eb3dba67e41364ecb74ec3dfb528d378cecbf34eff48ef8,geometry_alpha_0p050,0.05,,
geometry_alpha_0p050,alpha_blend,False,0.4,0.7722524542240307,0.7956363636363636,0.6180790960451977,0.9901298701298701,1375,19,234,1094,0.7023937558396063,0.5674295577662029,0.51919147917309,43074b0c253ddd96b0fb8dd5d834db062e0db632753a173a2c18a9aa79103c25,25bfc3c9228f0cfb1aabe5d2d68d46df2d67b9c89f70e7c38bf4895c7c6e5c14,geometry_alpha_0p050,0.05,,
geometry_alpha_0p050,alpha_blend,False,0.46568896671124915,0.7638683237879252,0.8249801113762928,0.5858757062146893,0.9916883116883117,1257,16,178,1037,0.7023937558396063,0.5674295577662029,0.51919147917309,43074b0c253ddd96b0fb8dd5d834db062e0db632753a173a2c18a9aa79103c25,12a044102bb5093319eea2fdb7f2adb9911fe858ea47730ea1b39256c7c6caee,geometry_alpha_0p050,0.05,,
geometry_alpha_0p050,alpha_blend,False,0.5,0.7608478699773269,0.8451882845188284,0.5706214689265536,0.9927272727272727,1195,14,147,1010,0.7023937558396063,0.5674295577662029,0.51919147917309,43074b0c253ddd96b0fb8dd5d834db062e0db632753a173a2c18a9aa79103c25,b6e33531c4650348fec8ea250a2c2f3a67d2dc67d2e5706eab07d34244fca5b0,geometry_alpha_0p050,0.05,,
geometry_alpha_0p050,alpha_blend,False,0.6,0.7287869912387633,0.8817733990147784,0.5056497175141242,0.9953246753246753,1015,9,95,895,0.7023937558396063,0.5674295577662029,0.51919147917309,43074b0c253ddd96b0fb8dd5d834db062e0db632753a173a2c18a9aa79103c25,ad6cd45566310b30bce808e16f57aa22438e03e83251a58ae7bcdc02d874faec,geometry_alpha_0p050,0.05,,
geometry_alpha_0p050,alpha_blend,False,0.7,0.6906473168085102,0.9265402843601895,0.44180790960451977,0.9989610389610389,844,2,51,782,0.7023937558396063,0.5674295577662029,0.51919147917309,43074b0c253ddd96b0fb8dd5d834db062e0db632753a173a2c18a9aa79103c25,f4cf8b1226ca79045ab9ae1c44493458657df6dad7fdb26c0ca1afccabd20d6d,geometry_alpha_0p050,0.05,,
geometry_alpha_0p050,alpha_blend,False,0.8,0.6062449430280178,0.9605678233438486,0.3440677966101695,0.9989610389610389,634,2,19,609,0.7023937558396063,0.5674295577662029,0.51919147917309,43074b0c253ddd96b0fb8dd5d834db062e0db632753a173a2c18a9aa79103c25,58cb9ca9629947d8a8ce11e200152188a4287ec8833cd06bd8e1a194620c4ff1,geometry_alpha_0p050,0.05,,
geometry_alpha_0p050,alpha_blend,False,0.8015641039523899,0.6048648168881179,0.9634340222575517,0.3423728813559322,0.9989610389610389,629,2,17,606,0.7023937558396063,0.5674295577662029,0.51919147917309,43074b0c253ddd96b0fb8dd5d834db062e0db632753a173a2c18a9aa79103c25,57d1c7783f39ce7e2edf42599d9cbff2667ca5c9a78e0e7c47a295817de22afd,geometry_alpha_0p050,0.05,,
geometry_alpha_0p050,alpha_blend,False,0.9,0.4110429447852761,0.9852941176470589,0.18926553672316385,1.0,340,0,4,335,0.7023937558396063,0.5674295577662029,0.51919147917309,43074b0c253ddd96b0fb8dd5d834db062e0db632753a173a2c18a9aa79103c25,33ddb3251e8fae533a9ad19f59c9a6ac451d9b80dbc7cc89b4e6e93ca8258155,geometry_alpha_0p050,0.05,,
geometry_alpha_0p050,alpha_blend,False,0.9806501022028458,0.001693002257336343,1.0,0.0005649717514124294,1.0,1,0,0,1,0.7023937558396063,0.5674295577662029,0.51919147917309,43074b0c253ddd96b0fb8dd5d834db062e0db632753a173a2c18a9aa79103c25,3bc84dbea1efbb2ed1e12876be81779c7cc248038773b482c76aa917a6211173,geometry_alpha_0p050,0.05,,
geometry_alpha_0p100,alpha_blend,False,0.004950314373192308,0.341402164015267,0.1583748806619285,0.843502824858757,0.7766233766233767,9427,430,7168,1493,0.7018108891729475,0.5666561395271942,0.5187351344743507,698493ba03dcd4b43e6b0d8e01431016ed217e06c4544826008638da37905622,9da0ed5772eef51f244e07923f977b091a4fe865372215ff84166d5c23f4c12f,geometry_alpha_0p100,0.1,,
geometry_alpha_0p100,alpha_blend,False,0.012257426805767564,0.45037252801558714,0.23420843277645187,0.831638418079096,0.841038961038961,6285,306,4267,1472,0.7018108891729475,0.5666561395271942,0.5187351344743507,698493ba03dcd4b43e6b0d8e01431016ed217e06c4544826008638da37905622,e632690cd5e670a162997e7c5d32ea4047876bed01afd9af2ca44e1a4bcfa5cf,geometry_alpha_0p100,0.1,,
geometry_alpha_0p100,alpha_blend,False,0.03987208256762162,0.6057302266444295,0.3797401219835587,0.8090395480225989,0.9231168831168831,3771,148,2056,1432,0.7018108891729475,0.5666561395271942,0.5187351344743507,698493ba03dcd4b43e6b0d8e01431016ed217e06c4544826008638da37905622,a006fa223038eb593323b4e938af1b816c215d75d7230a0d3823f0adb4faedcc,geometry_alpha_0p100,0.1,,
geometry_alpha_0p100,alpha_blend,False,0.05,0.6300930448509611,0.4098408104196816,0.8,0.9335064935064935,3455,128,1787,1416,0.7018108891729475,0.5666561395271942,0.5187351344743507,698493ba03dcd4b43e6b0d8e01431016ed217e06c4544826008638da37905622,900d849306e9d0eb4a07f7c94df86ebf5eec297b37012051fbb31b73a10aefb0,geometry_alpha_0p100,0.1,,
geometry_alpha_0p100,alpha_blend,False,0.1,0.6977622807210809,0.511052828774822,0.7706214689265537,0.9568831168831169,2669,83,1134,1364,0.7018108891729475,0.5666561395271942,0.5187351344743507,698493ba03dcd4b43e6b0d8e01431016ed217e06c4544826008638da37905622,991be9b87d5e409d08454c24e5c90234e8a53e22f07748caddeb7a26d6791ce4,geometry_alpha_0p100,0.1,,
geometry_alpha_0p100,alpha_blend,False,0.11615827086996552,0.7137121127454338,0.5385839299920445,0.7649717514124293,0.9620779220779221,2514,73,1006,1354,0.7018108891729475,0.5666561395271942,0.5187351344743507,698493ba03dcd4b43e6b0d8e01431016ed217e06c4544826008638da37905622,db54bf509b14feacaf6421822a765b2a23734295194a768f2d6425e42a8f2ac3,geometry_alpha_0p100,0.1,,
geometry_alpha_0p100,alpha_blend,False,0.15,0.735122498541684,0.5841059602649007,0.747457627118644,0.9698701298701299,2265,58,813,1323,0.7018108891729475,0.5666561395271942,0.5187351344743507,698493ba03dcd4b43e6b0d8e01431016ed217e06c4544826008638da37905622,da12246fbc307782e98bfaf8ab7691443a63b0f2e78f00f123de7627e93cd1b4,geometry_alpha_0p100,0.1,,
geometry_alpha_0p100,alpha_blend,False,0.2,0.7534616068352058,0.6354166666666666,0.7237288135593221,0.9745454545454545,2016,49,627,1281,0.7018108891729475,0.5666561395271942,0.5187351344743507,698493ba03dcd4b43e6b0d8e01431016ed217e06c4544826008638da37905622,059d773e9bb8ab8fc58d9d1658022a9c01408204f5080a6a3c26ffb41c0469dc,geometry_alpha_0p100,0.1,,
geometry_alpha_0p100,alpha_blend,False,0.25,0.763862700723658,0.6764866339334424,0.7005649717514124,0.9787012987012987,1833,41,500,1240,0.7018108891729475,0.5666561395271942,0.5187351344743507,698493ba03dcd4b43e6b0d8e01431016ed217e06c4544826008638da37905622,869495d0dd03daced593d60ad8a05a8e0e5dc12db7444a1e923de6aebf2835af,geometry_alpha_0p100,0.1,,
geometry_alpha_0p100,alpha_blend,False,0.3,0.7701869952888215,0.718335343787696,0.6728813559322034,0.9833766233766233,1658,32,389,1191,0.7018108891729475,0.5666561395271942,0.5187351344743507,698493ba03dcd4b43e6b0d8e01431016ed217e06c4544826008638da37905622,580250034c407e93fb146d061aadb5fe3f476a25b952e59174dec9ba64968870,geometry_alpha_0p100,0.1,,
geometry_alpha_0p100,alpha_blend,False,0.35,0.772051076106638,0.7490247074122237,0.6508474576271186,0.985974025974026,1538,27,319,1152,0.7018108891729475,0.5666561395271942,0.5187351344743507,698493ba03dcd4b43e6b0d8e01431016ed217e06c4544826008638da37905622,5de0f1a06a792f88e4196631312965cb5b527c7a8ce4477cbc970f38a5ffa3a5,geometry_alpha_0p100,0.1,,
geometry_alpha_0p100,alpha_blend,False,0.4,0.7728244409015899,0.7769284225156359,0.631638418079096,0.9885714285714285,1439,22,267,1118,0.7018108891729475,0.5666561395271942,0.5187351344743507,698493ba03dcd4b43e6b0d8e01431016ed217e06c4544826008638da37905622,16034b0740945c34b46c02aff558fff5a7180fe16882465dbcabbec2ae59fd6a,geometry_alpha_0p100,0.1,,
geometry_alpha_0p100,alpha_blend,False,0.4863868223710006,0.7656126944319894,0.8273667462211615,0.5875706214689266,0.9922077922077922,1257,15,176,1040,0.7018108891729475,0.5666561395271942,0.5187351344743507,698493ba03dcd4b43e6b0d8e01431016ed217e06c4544826008638da37905622,5b4b923cc92821bb89c58ee96ea9637a1e3cfdbef0ad286d565a7d212cbfd5db,geometry_alpha_0p100,0.1,,
geometry_alpha_0p100,alpha_blend,False,0.5,0.7622749558940835,0.8338762214983714,0.5785310734463277,0.9922077922077922,1228,15,163,1024,0.7018108891729475,0.5666561395271942,0.5187351344743507,698493ba03dcd4b43e6b0d8e01431016ed217e06c4544826008638da37905622,a397b43195dd51fe9418619f604266c919237902f68ccab3cba1881755a1b56f,geometry_alpha_0p100,0.1,,
geometry_alpha_0p100,alpha_blend,False,0.6,0.740652858565834,0.8787878787878788,0.5242937853107345,0.9948051948051948,1056,10,100,928,0.7018108891729475,0.5666561395271942,0.5187351344743507,698493ba03dcd4b43e6b0d8e01431016ed217e06c4544826008638da37905622,7a5b2e22a42418fcd31dee3d2899da14167ede64c13b53c0244aaeb25bc4e2a3,geometry_alpha_0p100,0.1,,
geometry_alpha_0p100,alpha_blend,False,0.7,0.6941713323663803,0.9128440366972477,0.4497175141242938,0.9974025974025974,872,5,59,796,0.7018108891729475,0.5666561395271942,0.5187351344743507,698493ba03dcd4b43e6b0d8e01431016ed217e06c4544826008638da37905622,d4257099bdd948fd4b6f6fdb2896816420ca5fca433ebeebde3ba4bb0bb88905,geometry_alpha_0p100,0.1,,
geometry_alpha_0p100,alpha_blend,False,0.8,0.6196449278829756,0.9576399394856279,0.3576271186440678,0.9989610389610389,661,2,22,633,0.7018108891729475,0.5666561395271942,0.5187351344743507,698493ba03dcd4b43e6b0d8e01431016ed217e06c4544826008638da37905622,6fe833eb9d54dcc1b8c24965c371477ce293e394117121d4a1f44d9e1c8bd0de,geometry_alpha_0p100,0.1,,
geometry_alpha_0p100,alpha_blend,False,0.8111430099156026,0.6056612251788039,0.9650238473767886,0.34293785310734465,0.9989610389610389,629,2,16,607,0.7018108891729475,0.5666561395271942,0.5187351344743507,698493ba03dcd4b43e6b0d8e01431016ed217e06c4544826008638da37905622,e06304ccced174396b5f67c8bc2b6a7322badb5b1da61077c8823b9a1cdfeefd,geometry_alpha_0p100,0.1,,
geometry_alpha_0p100,alpha_blend,False,0.9,0.42337242215932064,0.9858757062146892,0.19717514124293786,1.0,354,0,4,349,0.7018108891729475,0.5666561395271942,0.5187351344743507,698493ba03dcd4b43e6b0d8e01431016ed217e06c4544826008638da37905622,322c95db67b7009ee9475fc07891952c508a27b9930533577f3a79c99564a3b3,geometry_alpha_0p100,0.1,,
geometry_alpha_0p100,alpha_blend,False,0.9815600019787813,0.001693002257336343,1.0,0.0005649717514124294,1.0,1,0,0,1,0.7018108891729475,0.5666561395271942,0.5187351344743507,698493ba03dcd4b43e6b0d8e01431016ed217e06c4544826008638da37905622,3bc84dbea1efbb2ed1e12876be81779c7cc248038773b482c76aa917a6211173,geometry_alpha_0p100,0.1,,
geometry_alpha_0p200,alpha_blend,False,0.007125699135204551,0.34136868230496736,0.1583748806619285,0.843502824858757,0.7761038961038961,9427,431,7182,1493,0.7011690447347712,0.5659216012073285,0.5180298419319589,82ab03f62a9d7362fb21c67129a946e70c0552958fcdb3b56d83ebe52161bb96,d5027aac215e57dbbcdb09b5c80d82aee07b4757cc9a9608c80ef344290ce39e,geometry_alpha_0p200,0.2,,
geometry_alpha_0p200,alpha_blend,False,0.017879515677324473,0.45186041168745217,0.2345266507557677,0.8327683615819209,0.8514285714285714,6285,286,4306,1474,0.7011690447347712,0.5659216012073285,0.5180298419319589,82ab03f62a9d7362fb21c67129a946e70c0552958fcdb3b56d83ebe52161bb96,ed77c1d4ea1a1cf802f02eee9fb2bf3b10656aca297047496a946ab5c45222c7,geometry_alpha_0p200,0.2,,
geometry_alpha_0p200,alpha_blend,False,0.05,0.5963855773328066,0.36821903787103377,0.8129943502824859,0.922077922077922,3908,150,2184,1439,0.7011690447347712,0.5659216012073285,0.5180298419319589,82ab03f62a9d7362fb21c67129a946e70c0552958fcdb3b56d83ebe52161bb96,d3cfc0ed688f891eedeec93612b9fae2cfd7a054aabdbdce4b37bc396879c65b,geometry_alpha_0p200,0.2,,
geometry_alpha_0p200,alpha_blend,False,0.05467346299894047,0.606507308677361,0.3800053036329886,0.8096045197740113,0.9262337662337662,3771,142,2069,1433,0.7011690447347712,0.5659216012073285,0.5180298419319589,82ab03f62a9d7362fb21c67129a946e70c0552958fcdb3b56d83ebe52161bb96,57440b53343438bd9fc5f6258e44fc995af6949abf741cd53fd9860055a6aeaf,geometry_alpha_0p200,0.2,,
geometry_alpha_0p200,alpha_blend,False,0.1,0.6738659480594964,0.46959459459459457,0.7853107344632768,0.9532467532467532,2960,90,1383,1390,0.7011690447347712,0.5659216012073285,0.5180298419319589,82ab03f62a9d7362fb21c67129a946e70c0552958fcdb3b56d83ebe52161bb96,0705bd0edadcbb46b91ed8bd36a7f7f5c21eb7d49fbde7d499f2d80c0d06e78f,geometry_alpha_0p200,0.2,,
geometry_alpha_0p200,alpha_blend,False,0.14818575977619566,0.7137709212676844,0.5377883850437549,0.7638418079096045,0.9667532467532467,2514,64,1019,1352,0.7011690447347712,0.5659216012073285,0.5180298419319589,82ab03f62a9d7362fb21c67129a946e70c0552958fcdb3b56d83ebe52161bb96,edc0109af252f4ceefb9f5a908173e6db0e022003e43e90e91cac14a0a526cfc,geometry_alpha_0p200,0.2,,
geometry_alpha_0p200,alpha_blend,False,0.15,0.7151350436539935,0.5404,0.7632768361581921,0.9667532467532467,2500,64,1008,1351,0.7011690447347712,0.5659216012073285,0.5180298419319589,82ab03f62a9d7362fb21c67129a946e70c0552958fcdb3b56d83ebe52161bb96,3ecaa77f5978aadb83445a433a7b6eb445955e7c179056b5e75d83728348a1af,geometry_alpha_0p200,0.2,,
geometry_alpha_0p200,alpha_blend,False,0.2,0.7403402608997569,0.5956580732700135,0.7440677966101695,0.9714285714285714,2211,55,774,1317,0.7011690447347712,0.5659216012073285,0.5180298419319589,82ab03f62a9d7362fb21c67129a946e70c0552958fcdb3b56d83ebe52161bb96,0e1330f8e861319039bda0b901ae8c66a4cf997a45095c2c27cd2f806207c3e9,geometry_alpha_0p200,0.2,,
geometry_alpha_0p200,alpha_blend,False,0.25,0.7561981547201356,0.6412825651302605,0.7231638418079096,0.9755844155844156,1996,47,612,1280,0.7011690447347712,0.5659216012073285,0.5180298419319589,82ab03f62a9d7362fb21c67129a946e70c0552958fcdb3b56d83ebe52161bb96,f5185aba263e25e0ddca342cae2a4ab57efce5ef2638f1babaf8056a065068ce,geometry_alpha_0p200,0.2,,
geometry_alpha_0p200,alpha_blend,False,0.3,0.7633749595283699,0.677277716794731,0.6971751412429379,0.9812987012987013,1822,36,502,1234,0.7011690447347712,0.5659216012073285,0.5180298419319589,82ab03f62a9d7362fb21c67129a946e70c0552958fcdb3b56d83ebe52161bb96,d88c5730404ced3d9665bf5a4585c4b2e52a8ec2aa8424dad1c381d8bcca70bb,geometry_alpha_0p200,0.2,,
geometry_alpha_0p200,alpha_blend,False,0.35,0.7710662560608404,0.7217496962332929,0.6711864406779661,0.9849350649350649,1646,29,383,1188,0.7011690447347712,0.5659216012073285,0.5180298419319589,82ab03f62a9d7362fb21c67129a946e70c0552958fcdb3b56d83ebe52161bb96,9cf20f581fb146715a0decb01402edf6246e7e7478d8051aef77021934b14f08,geometry_alpha_0p200,0.2,,
geometry_alpha_0p200,alpha_blend,False,0.4,0.771856090318078,0.7496740547588006,0.6497175141242938,0.9864935064935065,1534,26,321,1150,0.7011690447347712,0.5659216012073285,0.5180298419319589,82ab03f62a9d7362fb21c67129a946e70c0552958fcdb3b56d83ebe52161bb96,95d3e853d199f6c06387b25afccba6fa52d4f1829c1919b33d11268fe33fea76,geometry_alpha_0p200,0.2,,
geometry_alpha_0p200,alpha_blend,False,0.5,0.7708992875217872,0.8136882129277566,0.6045197740112994,0.9916883116883117,1315,16,203,1070,0.7011690447347712,0.5659216012073285,0.5180298419319589,82ab03f62a9d7362fb21c67129a946e70c0552958fcdb3b56d83ebe52161bb96,fbb4417afd3ebc4508da85d42569061845807f5b47ba7eee82474375e7bf4772,geometry_alpha_0p200,0.2,,
geometry_alpha_0p200,alpha_blend,False,0.532491058679842,0.7667057895939863,0.8289578361177407,0.5887005649717514,0.9922077922077922,1257,15,174,1042,0.7011690447347712,0.5659216012073285,0.5180298419319589,82ab03f62a9d7362fb21c67129a946e70c0552958fcdb3b56d83ebe52161bb96,6589818ac8b224dfa3b8ea001837ad9a79d142732118975a200d292b27aa758a,geometry_alpha_0p200,0.2,,
geometry_alpha_0p200,alpha_blend,False,0.6,0.7547161663452404,0.8674377224199288,0.5508474576271186,0.9932467532467533,1124,13,116,975,0.7011690447347712,0.5659216012073285,0.5180298419319589,82ab03f62a9d7362fb21c67129a946e70c0552958fcdb3b56d83ebe52161bb96,b7f0273f49b934b79ff82000165de99e63667a7443d98a71c066d6ca152a3ae4,geometry_alpha_0p200,0.2,,
geometry_alpha_0p200,alpha_blend,False,0.7,0.7098662541127503,0.9084967320261438,0.4711864406779661,0.9968831168831169,918,6,66,834,0.7011690447347712,0.5659216012073285,0.5180298419319589,82ab03f62a9d7362fb21c67129a946e70c0552958fcdb3b56d83ebe52161bb96,0c6144c5f993857f2f64ffd7e4f2846f239f44647a21b0ff27a3e8cdfd9a365a,geometry_alpha_0p200,0.2,,
geometry_alpha_0p200,alpha_blend,False,0.8,0.6417619468416013,0.9546742209631728,0.3807909604519774,0.9989610389610389,706,2,25,674,0.7011690447347712,0.5659216012073285,0.5180298419319589,82ab03f62a9d7362fb21c67129a946e70c0552958fcdb3b56d83ebe52161bb96,47b3a884539bac516aa21b26a6e22b4486a8fa9a076b5aaf190c301aec3c11b3,geometry_alpha_0p200,0.2,,
geometry_alpha_0p200,alpha_blend,False,0.8309779047780107,0.6056612251788039,0.9650238473767886,0.34293785310734465,0.9989610389610389,629,2,16,607,0.7011690447347712,0.5659216012073285,0.5180298419319589,82ab03f62a9d7362fb21c67129a946e70c0552958fcdb3b56d83ebe52161bb96,a4693d10b93f3a79087fb8396f0ae4142d464f0d66cb9d86ec1d20717ebe9d42,geometry_alpha_0p200,0.2,,
geometry_alpha_0p200,alpha_blend,False,0.9,0.46485436893203885,0.9827586206896551,0.22542372881355932,1.0,406,0,5,399,0.7011690447347712,0.5659216012073285,0.5180298419319589,82ab03f62a9d7362fb21c67129a946e70c0552958fcdb3b56d83ebe52161bb96,2966b6802efcace5942b9db4d89a807aa177b8a9638173002a8a6acc437e3031,geometry_alpha_0p200,0.2,,
geometry_alpha_0p200,alpha_blend,False,0.9833798015306522,0.001693002257336343,1.0,0.0005649717514124294,1.0,1,0,0,1,0.7011690447347712,0.5659216012073285,0.5180298419319589,82ab03f62a9d7362fb21c67129a946e70c0552958fcdb3b56d83ebe52161bb96,3bc84dbea1efbb2ed1e12876be81779c7cc248038773b482c76aa917a6211173,geometry_alpha_0p200,0.2,,
geometry_alpha_0p400,alpha_blend,False,0.01063908288625046,0.34176433359005054,0.1584809589477034,0.8440677966101695,0.7792207792207793,9427,425,7217,1494,0.6983062183879223,0.5634949280109853,0.5140568748148848,3f81a467355ca1d8c9dc7f2b63fdda032d6e20928afd17caf255a9868abc0799,54f740c994698081b6258333edda29f5cc959a926c673d3bdb469a4d190b657f,geometry_alpha_0p400,0.4,,
geometry_alpha_0p400,alpha_blend,False,0.02915864506548531,0.4527782992767084,0.2345266507557677,0.8327683615819209,0.8612987012987012,6285,267,4341,1474,0.6983062183879223,0.5634949280109853,0.5140568748148848,3f81a467355ca1d8c9dc7f2b63fdda032d6e20928afd17caf255a9868abc0799,08d99ac1575f13fbc3fdf133f15a3cc89a8e6169c321d6dc0bb48dff1b316228,geometry_alpha_0p400,0.4,,
geometry_alpha_0p400,alpha_blend,False,0.05,0.5315430665354064,0.30153145695364236,0.8231638418079096,0.8987012987012987,4832,195,3017,1457,0.6983062183879223,0.5634949280109853,0.5140568748148848,3f81a467355ca1d8c9dc7f2b63fdda032d6e20928afd17caf255a9868abc0799,37e1d715f26be425af9c123aa60d4fccc6cc7f93efa4d6de83d5af716a70fe86,geometry_alpha_0p400,0.4,,
geometry_alpha_0p400,alpha_blend,False,0.0837559816313746,0.607798908849421,0.38027048528241847,0.8101694915254237,0.932987012987013,3771,129,2088,1434,0.6983062183879223,0.5634949280109853,0.5140568748148848,3f81a467355ca1d8c9dc7f2b63fdda032d6e20928afd17caf255a9868abc0799,0a6095d36213c9de94ecdc6a3cd8c7d2216b3ed3d0f0a65bf73689406bdff6c3,geometry_alpha_0p400,0.4,,
geometry_alpha_0p400,alpha_blend,False,0.1,0.629341570185519,0.40663425793537317,0.8033898305084746,0.9407792207792208,3497,114,1853,1422,0.6983062183879223,0.5634949280109853,0.5140568748148848,3f81a467355ca1d8c9dc7f2b63fdda032d6e20928afd17caf255a9868abc0799,427af7e60aba46ea97bd7871e3da1699d8bd11b418ef80eb383674870d4fa3bb,geometry_alpha_0p400,0.4,,
geometry_alpha_0p400,alpha_blend,False,0.15,0.6740585068526805,0.4695740365111562,0.7847457627118644,0.9553246753246754,2958,86,1394,1389,0.6983062183879223,0.5634949280109853,0.5140568748148848,3f81a467355ca1d8c9dc7f2b63fdda032d6e20928afd17caf255a9868abc0799,c047492ec07ec0a4b28cedb48873c7a2d7677e5b830edd9df48de303bd3012b7,geometry_alpha_0p400,0.4,,
geometry_alpha_0p400,alpha_blend,False,0.2,0.7044903522786945,0.5213379469434832,0.7661016949152543,0.9662337662337662,2601,65,1102,1356,0.6983062183879223,0.5634949280109853,0.5140568748148848,3f81a467355ca1d8c9dc7f2b63fdda032d6e20928afd17caf255a9868abc0799,3063cae90753695ed5443c65002a6096d11b886541088dddbc6dcbfa610b4d18,geometry_alpha_0p400,0.4,,
geometry_alpha_0p400,alpha_blend,False,0.21408534455809125,0.7102763725677975,0.5342084327764519,0.7587570621468926,0.9672727272727273,2514,63,1034,1343,0.6983062183879223,0.5634949280109853,0.5140568748148848,3f81a467355ca1d8c9dc7f2b63fdda032d6e20928afd17caf255a9868abc0799,3d4f44e3ab37f666a8385b3f7ec3976b939d1187afcedd1dbef519f667d2c0a5,geometry_alpha_0p400,0.4,,
geometry_alpha_0p400,alpha_blend,False,0.25,0.728266876330751,0.5683176771989752,0.7519774011299435,0.9709090909090909,2342,56,884,1331,0.6983062183879223,0.5634949280109853,0.5140568748148848,3f81a467355ca1d8c9dc7f2b63fdda032d6e20928afd17caf255a9868abc0799,697db9c2a35e6866e2fbddaaaf4a949a263b382cafec8f5bdfd2a78392a54950,geometry_alpha_0p400,0.4,,
geometry_alpha_0p400,alpha_blend,False,0.3,0.7449921548210282,0.6096532333645736,0.7350282485875707,0.9745454545454545,2134,49,728,1301,0.6983062183879223,0.5634949280109853,0.5140568748148848,3f81a467355ca1d8c9dc7f2b63fdda032d6e20928afd17caf255a9868abc0799,ea47e00bc76c701ee8d19fd862b0cf730c0f59d11fb3c754f72132142bb2e404,geometry_alpha_0p400,0.4,,
geometry_alpha_0p400,alpha_blend,False,0.35,0.7551783657561664,0.6426761277242777,0.7163841807909604,0.9797402597402597,1973,39,614,1268,0.6983062183879223,0.5634949280109853,0.5140568748148848,3f81a467355ca1d8c9dc7f2b63fdda032d6e20928afd17caf255a9868abc0799,70e43cfd7a8dec8405671734a26061ef1f74a74134810e0047165d1173e37638,geometry_alpha_0p400,0.4,,
geometry_alpha_0p400,alpha_blend,False,0.4,0.7646626613490488,0.6799116997792495,0.696045197740113,0.9844155844155844,1812,30,501,1232,0.6983062183879223,0.5634949280109853,0.5140568748148848,3f81a467355ca1d8c9dc7f2b63fdda032d6e20928afd17caf255a9868abc0799,ed02d5656e966256d9e5c02168f32c2d31b1aedc5ddd06445f5a3d39dd9521e3,geometry_alpha_0p400,0.4,,
geometry_alpha_0p400,alpha_blend,False,0.5,0.7730583272419836,0.7490272373540856,0.652542372881356,0.987012987012987,1542,25,327,1155,0.6983062183879223,0.5634949280109853,0.5140568748148848,3f81a467355ca1d8c9dc7f2b63fdda032d6e20928afd17caf255a9868abc0799,2500a54cf40f42cff2e670549ef7d03f8c458f9f3f4a6645cbc0c473e493dd08,geometry_alpha_0p400,0.4,,
geometry_alpha_0p400,alpha_blend,False,0.6,0.7712547581278443,0.8176245210727969,0.6028248587570622,0.9922077922077922,1305,15,197,1067,0.6983062183879223,0.5634949280109853,0.5140568748148848,3f81a467355ca1d8c9dc7f2b63fdda032d6e20928afd17caf255a9868abc0799,c50ba07fd802490c784f7ab1a9aa870b6433ab5d6bd8d1dd7e0deddfd132608b,geometry_alpha_0p400,0.4,,
geometry_alpha_0p400,alpha_blend,False,0.6233963618588306,0.7683434072931578,0.8313444709626094,0.5903954802259888,0.9922077922077922,1257,15,172,1045,0.6983062183879223,0.5634949280109853,0.5140568748148848,3f81a467355ca1d8c9dc7f2b63fdda032d6e20928afd17caf255a9868abc0799,e9fc7eefc7bf627f5b886079edbffabf81fd8444a624b3f789d0fecc96c8fc2b,geometry_alpha_0p400,0.4,,
geometry_alpha_0p400,alpha_blend,False,0.7,0.7481367486774125,0.877890841813136,0.5361581920903955,0.9942857142857143,1081,11,104,949,0.6983062183879223,0.5634949280109853,0.5140568748148848,3f81a467355ca1d8c9dc7f2b63fdda032d6e20928afd17caf255a9868abc0799,9b3a2e73d9098c0d54b5bd36e5701cb5ca010d4575678c2bb7f3e35d6f58694b,geometry_alpha_0p400,0.4,,
geometry_alpha_0p400,alpha_blend,False,0.8,0.692735262261635,0.9258823529411765,0.44463276836158194,0.9984415584415585,850,3,51,787,0.6983062183879223,0.5634949280109853,0.5140568748148848,3f81a467355ca1d8c9dc7f2b63fdda032d6e20928afd17caf255a9868abc0799,313a8996889ec5d9b897b76cae70419aa3d839be06de142b6fa5116adb70f54e,geometry_alpha_0p400,0.4,,
geometry_alpha_0p400,alpha_blend,False,0.8691785173555752,0.6048648168881179,0.9634340222575517,0.3423728813559322,0.9989610389610389,629,2,17,606,0.6983062183879223,0.5634949280109853,0.5140568748148848,3f81a467355ca1d8c9dc7f2b63fdda032d6e20928afd17caf255a9868abc0799,bfe17d02fb827ffe93e266c43d1406e7b3a936b1492df63d8fa42870bd0f16ce,geometry_alpha_0p400,0.4,,
geometry_alpha_0p400,alpha_blend,False,0.9,0.5335732307005498,0.9761904761904762,0.27796610169491526,0.9994805194805195,504,1,9,492,0.6983062183879223,0.5634949280109853,0.5140568748148848,3f81a467355ca1d8c9dc7f2b63fdda032d6e20928afd17caf255a9868abc0799,d3205aadb4b8fb9dc4d53eb5161b7b4bdfc79ae8ebe0b4dbc0696c5c26b82fe0,geometry_alpha_0p400,0.4,,
geometry_alpha_0p400,alpha_blend,False,0.9870194006343939,0.001693002257336343,1.0,0.0005649717514124294,1.0,1,0,0,1,0.6983062183879223,0.5634949280109853,0.5140568748148848,3f81a467355ca1d8c9dc7f2b63fdda032d6e20928afd17caf255a9868abc0799,3bc84dbea1efbb2ed1e12876be81779c7cc248038773b482c76aa917a6211173,geometry_alpha_0p400,0.4,,
geometry_alpha_0p600,alpha_blend,False,0.01379033429957392,0.3420955527406283,0.1584809589477034,0.8440677966101695,0.7844155844155845,9427,415,7235,1494,0.671631934247699,0.5380805064698805,0.4932658980050483,a20fc021faab001181aeb68bbbee9c08667de09c7fdd2b18cd82461a323d37a2,79a54ec8de374514cc71c7bc2ff519bbde354a29278bf8e48cf5e9bcec3c06fd,geometry_alpha_0p600,0.6,,
geometry_alpha_0p600,alpha_blend,False,0.040223605358828546,0.4529531992761577,0.23436754176610977,0.8322033898305085,0.865974025974026,6285,258,4365,1473,0.671631934247699,0.5380805064698805,0.4932658980050483,a20fc021faab001181aeb68bbbee9c08667de09c7fdd2b18cd82461a323d37a2,72999c4f382259e2c1e0ea076876296164374d87d93afd2490d737ca72220a48,geometry_alpha_0p600,0.6,,
geometry_alpha_0p600,alpha_blend,False,0.05,0.4846246914593027,0.2597978364958326,0.827683615819209,0.8825974025974026,5639,226,3771,1465,0.671631934247699,0.5380805064698805,0.4932658980050483,a20fc021faab001181aeb68bbbee9c08667de09c7fdd2b18cd82461a323d37a2,cdf57ffc1ef4f3d3f1fe3d5d77303192e9134e0d5ca1702e4f771bc41be904d1,geometry_alpha_0p600,0.6,,
geometry_alpha_0p600,alpha_blend,False,0.1,0.5917808426834291,0.36178247734138974,0.811864406779661,0.9314285714285714,3972,132,2279,1437,0.671631934247699,0.5380805064698805,0.4932658980050483,a20fc021faab001181aeb68bbbee9c08667de09c7fdd2b18cd82461a323d37a2,ba2e45ea12055ce15d176e809ba80e0018fbe1175b75a1594a497376b40f0520,geometry_alpha_0p600,0.6,,
geometry_alpha_0p600,alpha_blend,False,0.11261345760133569,0.6072413663991613,0.3794749403341289,0.8084745762711865,0.9361038961038961,3771,123,2103,1431,0.671631934247699,0.5380805064698805,0.4932658980050483,a20fc021faab001181aeb68bbbee9c08667de09c7fdd2b18cd82461a323d37a2,fe8350575b099210ea21b2054dec5495c1b67aa36426b4499412d5e18048aff0,geometry_alpha_0p600,0.6,,
geometry_alpha_0p600,alpha_blend,False,0.15,0.6421001578557661,0.42409638554216866,0.7954802259887006,0.945974025974026,3320,104,1710,1408,0.671631934247699,0.5380805064698805,0.4932658980050483,a20fc021faab001181aeb68bbbee9c08667de09c7fdd2b18cd82461a323d37a2,3a6c17b85c64f64e1efa65a86fc6920c83caa5d65911917cd84f03655c8b4b38,geometry_alpha_0p600,0.6,,
geometry_alpha_0p600,alpha_blend,False,0.2,0.673577231720873,0.4698100407055631,0.7824858757062146,0.9548051948051948,2948,87,1386,1385,0.671631934247699,0.5380805064698805,0.4932658980050483,a20fc021faab001181aeb68bbbee9c08667de09c7fdd2b18cd82461a323d37a2,1ba7af804f1c1cd3f972e5fcd19dc3668dbe9418a555a8b7364f7877cb886794,geometry_alpha_0p600,0.6,,
geometry_alpha_0p600,alpha_blend,False,0.25,0.697125938718439,0.5095756665414946,0.7666666666666667,0.9646753246753247,2663,68,1159,1357,0.671631934247699,0.5380805064698805,0.4932658980050483,a20fc021faab001181aeb68bbbee9c08667de09c7fdd2b18cd82461a323d37a2,7745d6d4b074d9595ddfaa13814d5b62e7dac1092cfe34d37d5991abee7f284c,geometry_alpha_0p600,0.6,,
geometry_alpha_0p600,alpha_blend,False,0.2822114220430313,0.7092338654682141,0.5326173428798727,0.7564971751412429,0.9703896103896104,2514,57,1042,1339,0.671631934247699,0.5380805064698805,0.4932658980050483,a20fc021faab001181aeb68bbbee9c08667de09c7fdd2b18cd82461a323d37a2,889588624d2e3bd328eed3754aa9a6ef5f675fb882a24251fe51c4ae09f368a3,geometry_alpha_0p600,0.6,,
geometry_alpha_0p600,alpha_blend,False,0.3,0.7176857419625698,0.5477263416632527,0.7553672316384181,0.9703896103896104,2441,57,975,1337,0.671631934247699,0.5380805064698805,0.4932658980050483,a20fc021faab001181aeb68bbbee9c08667de09c7fdd2b18cd82461a323d37a2,a5deaa67c78c6491282b955b65a64bc323a6f87de1753bf8f8252c76037fae8a,geometry_alpha_0p600,0.6,,
geometry_alpha_0p600,alpha_blend,False,0.35,0.7347932767117054,0.5857908847184986,0.7406779661016949,0.9750649350649351,2238,48,819,1311,0.671631934247699,0.5380805064698805,0.4932658980050483,a20fc021faab001181aeb68bbbee9c08667de09c7fdd2b18cd82461a323d37a2,1cc34561de13c7c06b8dedf3490b59b49900b024d7a2a49fb591213d8f7f768c,geometry_alpha_0p600,0.6,,
geometry_alpha_0p600,alpha_blend,False,0.4,0.7471369546541846,0.6169296987087518,0.7288135593220338,0.9781818181818182,2091,42,705,1290,0.671631934247699,0.5380805064698805,0.4932658980050483,a20fc021faab001181aeb68bbbee9c08667de09c7fdd2b18cd82461a323d37a2,10153ae710d48fef2af502be5cdc9c39e0302d1dd33ca1baf8616ca015893a09,geometry_alpha_0p600,0.6,,
geometry_alpha_0p600,alpha_blend,False,0.5,0.7644651292993281,0.6797349530646052,0.6954802259887005,0.9849350649350649,1811,29,505,1231,0.671631934247699,0.5380805064698805,0.4932658980050483,a20fc021faab001181aeb68bbbee9c08667de09c7fdd2b18cd82461a323d37a2,c34935cf1ce25221a62e2d6b6f1a79d7d816476efde43ff430184cb9ca8ac743,geometry_alpha_0p600,0.6,,
geometry_alpha_0p600,alpha_blend,False,0.6,0.7741061085825264,0.7487080103359173,0.6548022598870057,0.9875324675324675,1548,24,330,1159,0.671631934247699,0.5380805064698805,0.4932658980050483,a20fc021faab001181aeb68bbbee9c08667de09c7fdd2b18cd82461a323d37a2,d4aa733e8530d19562d3933776810590bc2b43037295ef7f13ac9d2c5ee9a2d1,geometry_alpha_0p600,0.6,,
geometry_alpha_0p600,alpha_blend,False,0.7,0.7707571683119907,0.815267175572519,0.6033898305084746,0.9916883116883117,1310,16,200,1068,0.671631934247699,0.5380805064698805,0.4932658980050483,a20fc021faab001181aeb68bbbee9c08667de09c7fdd2b18cd82461a323d37a2,df8310cc02ab0d2f7c5040926f221d5d7397d7724a228a5c15066d18a0fde48a,geometry_alpha_0p600,0.6,,
geometry_alpha_0p600,alpha_blend,False,0.7172420378285511,0.7699785997381706,0.8337311058074781,0.592090395480226,0.9922077922077922,1257,15,169,1048,0.671631934247699,0.5380805064698805,0.4932658980050483,a20fc021faab001181aeb68bbbee9c08667de09c7fdd2b18cd82461a323d37a2,fcda8cff6a75550ebdb6027aad35bf40d83e28509ddd03b9a60f0b836581e47e,geometry_alpha_0p600,0.6,,
geometry_alpha_0p600,alpha_blend,False,0.8,0.7344581174591281,0.8930693069306931,0.5096045197740113,0.9974025974025974,1010,5,89,902,0.671631934247699,0.5380805064698805,0.4932658980050483,a20fc021faab001181aeb68bbbee9c08667de09c7fdd2b18cd82461a323d37a2,a5387fa1cc8632924d0ff9025c084b67fdf6ebd3a93a6bf24ca95760f15d4b0d,geometry_alpha_0p600,0.6,,
geometry_alpha_0p600,alpha_blend,False,0.9,0.6204211754420457,0.9591527987897126,0.3581920903954802,0.9989610389610389,661,2,21,634,0.671631934247699,0.5380805064698805,0.4932658980050483,a20fc021faab001181aeb68bbbee9c08667de09c7fdd2b18cd82461a323d37a2,003434880735c03084b7df03ac6b75701ae9329733837228da53febed0f1143d,geometry_alpha_0p600,0.6,,
geometry_alpha_0p600,alpha_blend,False,0.907924644443431,0.6056612251788039,0.9650238473767886,0.34293785310734465,0.9989610389610389,629,2,16,607,0.671631934247699,0.5380805064698805,0.4932658980050483,a20fc021faab001181aeb68bbbee9c08667de09c7fdd2b18cd82461a323d37a2,7b4d313168b56200b4b7855931c330cb95f3b4863c18f00c6eac757d90f18450,geometry_alpha_0p600,0.6,,
geometry_alpha_0p600,alpha_blend,False,0.9906589997381356,0.001693002257336343,1.0,0.0005649717514124294,1.0,1,0,0,1,0.671631934247699,0.5380805064698805,0.4932658980050483,a20fc021faab001181aeb68bbbee9c08667de09c7fdd2b18cd82461a323d37a2,3bc84dbea1efbb2ed1e12876be81779c7cc248038773b482c76aa917a6211173,geometry_alpha_0p600,0.6,,
geometry_alpha_0p800,alpha_blend,False,0.016741957475712672,0.34235784076039666,0.1584809589477034,0.8440677966101695,0.7885714285714286,9427,407,7257,1494,0.6684755705796536,0.5345607775912024,0.48985148117362226,902f90bc09507db1e9be0f5a7d674415d533233fd2efdf8f8c851cbaf10ac8c9,1635e6582873ff33d4d0858e4e7b2eccc1c735a424686a77cdaf5369ce61e742,geometry_alpha_0p800,0.8,,
geometry_alpha_0p800,alpha_blend,False,0.05,0.4501674078648872,0.23181102362204725,0.831638418079096,0.8711688311688311,6350,248,4445,1472,0.6684755705796536,0.5345607775912024,0.48985148117362226,902f90bc09507db1e9be0f5a7d674415d533233fd2efdf8f8c851cbaf10ac8c9,e91caa3cac73bfc771d5911dbfb200cc9f4dfb4c4ea99681d310129323dec212,geometry_alpha_0p800,0.8,,
geometry_alpha_0p800,alpha_blend,False,0.051021910058718395,0.45305585558609335,0.23404932378679397,0.8310734463276837,0.8727272727272728,6285,245,4386,1471,0.6684755705796536,0.5345607775912024,0.48985148117362226,902f90bc09507db1e9be0f5a7d674415d533233fd2efdf8f8c851cbaf10ac8c9,028eb5817ceb2515ec37ee952e3e4bf5c568dc4630f887bd3ff7ee7feabfa5f8,geometry_alpha_0p800,0.8,,
geometry_alpha_0p800,alpha_blend,False,0.1,0.558044177485995,0.3259991019308487,0.8203389830508474,0.9179220779220779,4454,158,2710,1452,0.6684755705796536,0.5345607775912024,0.48985148117362226,902f90bc09507db1e9be0f5a7d674415d533233fd2efdf8f8c851cbaf10ac8c9,10a88c3c6d6ef2fcf756eb0a2e728d936ccf467cac3a653b81e2b24de88e5950,geometry_alpha_0p800,0.8,,
geometry_alpha_0p800,alpha_blend,False,0.14132031012190027,0.6073142003301976,0.3794749403341289,0.8084745762711865,0.9366233766233766,3771,122,2109,1431,0.6684755705796536,0.5345607775912024,0.48985148117362226,902f90bc09507db1e9be0f5a7d674415d533233fd2efdf8f8c851cbaf10ac8c9,f38fb7c9831b793f32ed4d06fb4f541434613f66b735777985763f5d667d896d,geometry_alpha_0p800,0.8,,
geometry_alpha_0p800,alpha_blend,False,0.15,0.6150120525699333,0.3889798145117294,0.8056497175141243,0.9381818181818182,3666,119,2015,1426,0.6684755705796536,0.5345607775912024,0.48985148117362226,902f90bc09507db1e9be0f5a7d674415d533233fd2efdf8f8c851cbaf10ac8c9,ba23706f6290132a8e8e5b857c51cc5205471188fe066f93c1e74b531f52facf,geometry_alpha_0p800,0.8,,
geometry_alpha_0p800,alpha_blend,False,0.2,0.647219992395116,0.4319234331583822,0.7903954802259887,0.948051948051948,3239,100,1646,1399,0.6684755705796536,0.5345607775912024,0.48985148117362226,902f90bc09507db1e9be0f5a7d674415d533233fd2efdf8f8c851cbaf10ac8c9,1a9a150949e561a73640f48e506744c09bb8e8be773e0fdb2a52193afb8bfdf8,geometry_alpha_0p800,0.8,,
geometry_alpha_0p800,alpha_blend,False,0.25,0.6732558111792126,0.4701467076083248,0.7785310734463277,0.9574025974025974,2931,82,1382,1378,0.6684755705796536,0.5345607775912024,0.48985148117362226,902f90bc09507db1e9be0f5a7d674415d533233fd2efdf8f8c851cbaf10ac8c9,d3ba035ebde00289d5ae8e71ad789eb6427c892fffbb7614a3059f1e46205c0b,geometry_alpha_0p800,0.8,,
geometry_alpha_0p800,alpha_blend,False,0.3,0.6947329900305057,0.5046347793845013,0.7689265536723164,0.9651948051948052,2697,67,1190,1361,0.6684755705796536,0.5345607775912024,0.48985148117362226,902f90bc09507db1e9be0f5a7d674415d533233fd2efdf8f8c851cbaf10ac8c9,a231ba5c318e8471c22f9dd5e90474f17851d155882c51abf532c941f1ddec8e,geometry_alpha_0p800,0.8,,
geometry_alpha_0p800,alpha_blend,False,0.3481710731016709,0.710034838642747,0.5334128878281623,0.7576271186440678,0.9703896103896104,2514,57,1046,1341,0.6684755705796536,0.5345607775912024,0.48985148117362226,902f90bc09507db1e9be0f5a7d674415d533233fd2efdf8f8c851cbaf10ac8c9,a738df379ac0ec7c597b5abc283c37d7a3cb7d58f7c7364fabc4048a68e3adff,geometry_alpha_0p800,0.8,,
geometry_alpha_0p800,alpha_blend,False,0.35,0.7102613227763047,0.5340773216420884,0.7570621468926554,0.9703896103896104,2509,57,1042,1340,0.6684755705796536,0.5345607775912024,0.48985148117362226,902f90bc09507db1e9be0f5a7d674415d533233fd2efdf8f8c851cbaf10ac8c9,2705ca294886f8cc830f7cf0e83640d599a7b1d456bf5786005803068c680293,geometry_alpha_0p800,0.8,,
geometry_alpha_0p800,alpha_blend,False,0.4,0.7249525843921697,0.5644748078565329,0.7468926553672316,0.972987012987013,2342,52,904,1322,0.6684755705796536,0.5345607775912024,0.48985148117362226,902f90bc09507db1e9be0f5a7d674415d533233fd2efdf8f8c851cbaf10ac8c9,f2768422718681b88ca338ab7366289f211d012be51b81d7713af739272d511a,geometry_alpha_0p800,0.8,,
geometry_alpha_0p800,alpha_blend,False,0.5,0.7484536440465839,0.6229348882410107,0.7242937853107345,0.9781818181818182,2058,42,683,1282,0.6684755705796536,0.5345607775912024,0.48985148117362226,902f90bc09507db1e9be0f5a7d674415d533233fd2efdf8f8c851cbaf10ac8c9,f04696243176d706d640593980673152cb7213da932e621fe3180ba652454cdc,geometry_alpha_0p800,0.8,,
geometry_alpha_0p800,alpha_blend,False,0.6,0.7635936921551092,0.6763576522216127,0.6966101694915254,0.9854545454545455,1823,28,517,1233,0.6684755705796536,0.5345607775912024,0.48985148117362226,902f90bc09507db1e9be0f5a7d674415d533233fd2efdf8f8c851cbaf10ac8c9,3b85829be2c86de2943fac3f243efcb4c31878e5ab773e0504d6d38a83ec6eff,geometry_alpha_0p800,0.8,,
geometry_alpha_0p800,alpha_blend,False,0.7,0.7701768194240178,0.7403846153846154,0.652542372881356,0.9880519480519481,1560,23,345,1155,0.6684755705796536,0.5345607775912024,0.48985148117362226,902f90bc09507db1e9be0f5a7d674415d533233fd2efdf8f8c851cbaf10ac8c9,8079d63f9f29d2cf9bc13c014ad2721983ec48197ee109b95d21820604789f62,geometry_alpha_0p800,0.8,,
geometry_alpha_0p800,alpha_blend,False,0.8,0.7689448026101307,0.8150422102839601,0.6,0.9922077922077922,1303,15,199,1062,0.6684755705796536,0.5345607775912024,0.48985148117362226,902f90bc09507db1e9be0f5a7d674415d533233fd2efdf8f8c851cbaf10ac8c9,c50bcb67944095ce3578f19d1741bd9705bacdde3b1d1ce104b9aecfe372d248,geometry_alpha_0p800,0.8,,
geometry_alpha_0p800,alpha_blend,False,0.8136103375383719,0.7675621978076088,0.8297533810660302,0.5892655367231638,0.9937662337662337,1257,12,178,1043,0.6684755705796536,0.5345607775912024,0.48985148117362226,902f90bc09507db1e9be0f5a7d674415d533233fd2efdf8f8c851cbaf10ac8c9,3b3896812d659c54cabe626d4388a92c5b5d81ac68f9c7da13cadad470ae9789,geometry_alpha_0p800,0.8,,
geometry_alpha_0p800,alpha_blend,False,0.9,0.7126784549338004,0.9109663409337676,0.47401129943502823,0.9979220779220779,921,4,65,839,0.6684755705796536,0.5345607775912024,0.48985148117362226,902f90bc09507db1e9be0f5a7d674415d533233fd2efdf8f8c851cbaf10ac8c9,938b570cdba23d1f941885900995353b2ddd52384f19ab599de84899eec93d6d,geometry_alpha_0p800,0.8,,
geometry_alpha_0p800,alpha_blend,False,0.9464838649395352,0.6056612251788039,0.9650238473767886,0.34293785310734465,0.9989610389610389,629,2,16,607,0.6684755705796536,0.5345607775912024,0.48985148117362226,902f90bc09507db1e9be0f5a7d674415d533233fd2efdf8f8c851cbaf10ac8c9,90a24f832cbaf89445f5aa4829c2e11a9d12485a913149f26b5711da83ede05b,geometry_alpha_0p800,0.8,,
geometry_alpha_0p800,alpha_blend,False,0.9948822891752144,0.001693002257336343,1.0,0.0005649717514124294,1.0,1,0,0,1,0.6684755705796536,0.5345607775912024,0.48985148117362226,902f90bc09507db1e9be0f5a7d674415d533233fd2efdf8f8c851cbaf10ac8c9,cf56cd31fed9bc49e7fa5a748684d87a046d366f505b14523bbaf4593a3d1faa,geometry_alpha_0p800,0.8,,
geometry_alpha_1p000,alpha_blend,False,0.0192895002878787,0.3421281395841262,0.1582688023761536,0.8429378531073446,0.7911688311688312,9427,402,7276,1492,0.6576601585431607,0.5248889901256015,0.47708226744285154,831555aabcc6cfc73446dd174bf85197faf90f9ce982f8a3d2c179b2e270786e,305a14604756560a6f003b20c8702638f81669f140ce05383d64c0f12e97e75a,geometry_risk_score,1.0,,
geometry_alpha_1p000,alpha_blend,False,0.05,0.4209606625686944,0.2098976109215017,0.8338983050847457,0.8597402597402597,7032,270,5088,1476,0.6576601585431607,0.5248889901256015,0.47708226744285154,831555aabcc6cfc73446dd174bf85197faf90f9ce982f8a3d2c179b2e270786e,fbcadf53bad87fc2a63074a75ba79db7777eb8c28177f35d6af49489262b5233,geometry_risk_score,1.0,,
geometry_alpha_1p000,alpha_blend,False,0.0619515054499418,0.4533350231120911,0.23404932378679397,0.8310734463276837,0.8758441558441559,6285,239,4394,1471,0.6576601585431607,0.5248889901256015,0.47708226744285154,831555aabcc6cfc73446dd174bf85197faf90f9ce982f8a3d2c179b2e270786e,fd8829ba58ae9b273f8c6bd19963b3f63109346544bbfb892fc4fb208a2467d9,geometry_risk_score,1.0,,
geometry_alpha_1p000,alpha_blend,False,0.1,0.527344041476552,0.2965825874694874,0.823728813559322,0.9064935064935065,4916,180,3127,1458,0.6576601585431607,0.5248889901256015,0.47708226744285154,831555aabcc6cfc73446dd174bf85197faf90f9ce982f8a3d2c179b2e270786e,c9f1bc41ea2de2056cfb52b9e1f981fc350528f71b2101292a1553fc9b1e1890,geometry_risk_score,1.0,,
geometry_alpha_1p000,alpha_blend,False,0.15,0.5870622888271115,0.3571606475716065,0.8101694915254237,0.9293506493506494,4015,136,2328,1434,0.6576601585431607,0.5248889901256015,0.47708226744285154,831555aabcc6cfc73446dd174bf85197faf90f9ce982f8a3d2c179b2e270786e,c39578a502ebd0907aec489b5f12df33210fb389256f6db699378b32a94584fa,geometry_risk_score,1.0,,
geometry_alpha_1p000,alpha_blend,False,0.17014499385295892,0.6056495899288546,0.3781490320869796,0.8056497175141243,0.9366233766233766,3771,122,2114,1426,0.6576601585431607,0.5248889901256015,0.47708226744285154,831555aabcc6cfc73446dd174bf85197faf90f9ce982f8a3d2c179b2e270786e,2cc73520d2831f6ea231f8ae3153c79a3c7e0b371d60b8a2015641070f1dafaa,geometry_risk_score,1.0,,
geometry_alpha_1p000,alpha_blend,False,0.2,0.6261944713291457,0.4037142857142857,0.7983050847457627,0.9423376623376624,3500,111,1874,1413,0.6576601585431607,0.5248889901256015,0.47708226744285154,831555aabcc6cfc73446dd174bf85197faf90f9ce982f8a3d2c179b2e270786e,993cee539a5dd478f3df5cd8a9a08b9f33b998e3afccd1bc76ef180e3bd290ba,geometry_risk_score,1.0,,
geometry_alpha_1p000,alpha_blend,False,0.25,0.6513582146586219,0.43811023622047246,0.7858757062146893,0.9516883116883117,3175,93,1598,1391,0.6576601585431607,0.5248889901256015,0.47708226744285154,831555aabcc6cfc73446dd174bf85197faf90f9ce982f8a3d2c179b2e270786e,e980f99ddf3864f34f5e505883c9d41cf82a1afec3f4a4de03b7b4a59bbbfa67,geometry_risk_score,1.0,,
geometry_alpha_1p000,alpha_blend,False,0.3,0.6736057892128282,0.47032742155525237,0.7790960451977401,0.957922077922078,2932,81,1385,1379,0.6576601585431607,0.5248889901256015,0.47708226744285154,831555aabcc6cfc73446dd174bf85197faf90f9ce982f8a3d2c179b2e270786e,014394160b05398c884bf0c6144876fcb5a66a569a5aa2db12353bc1a7727d47,geometry_risk_score,1.0,,
geometry_alpha_1p000,alpha_blend,False,0.35,0.690358372018569,0.4976234003656307,0.7689265536723164,0.9657142857142857,2735,66,1229,1361,0.6576601585431607,0.5248889901256015,0.47708226744285154,831555aabcc6cfc73446dd174bf85197faf90f9ce982f8a3d2c179b2e270786e,99866c476b0d5adc956867d9dde5824981b1995652de9a86c17e68554ba27acd,geometry_risk_score,1.0,,
geometry_alpha_1p000,alpha_blend,False,0.4,0.703364449787251,0.5225856697819314,0.7581920903954802,0.9683116883116883,2568,61,1094,1342,0.6576601585431607,0.5248889901256015,0.47708226744285154,831555aabcc6cfc73446dd174bf85197faf90f9ce982f8a3d2c179b2e270786e,8f0b4f44b8cdac8d1515a735348ea8e7a6a09b01ab871c4cdb0910b650096713,geometry_risk_score,1.0,,
geometry_alpha_1p000,alpha_blend,False,0.4143833514519806,0.708555641055492,0.5322195704057279,0.7559322033898305,0.9688311688311688,2514,60,1047,1338,0.6576601585431607,0.5248889901256015,0.47708226744285154,831555aabcc6cfc73446dd174bf85197faf90f9ce982f8a3d2c179b2e270786e,1fd57feb02a209302fa5d6cd3293020ef21d9388574fd54568eafa0c2eec64a9,geometry_risk_score,1.0,,
geometry_alpha_1p000,alpha_blend,False,0.5,0.729674862777978,0.5756247259973696,0.7418079096045198,0.9745454545454545,2281,49,858,1313,0.6576601585431607,0.5248889901256015,0.47708226744285154,831555aabcc6cfc73446dd174bf85197faf90f9ce982f8a3d2c179b2e270786e,83f4f833e9bd6334b98a0b72cf97a96a281390e353e0d2b6158f2637a908f5dd,geometry_risk_score,1.0,,
geometry_alpha_1p000,alpha_blend,False,0.6,0.7519010415288169,0.6303597831444061,0.7225988700564971,0.9807792207792208,2029,37,664,1279,0.6576601585431607,0.5248889901256015,0.47708226744285154,831555aabcc6cfc73446dd174bf85197faf90f9ce982f8a3d2c179b2e270786e,0719e6970e683f37ed3046486fb35dc11c5a2223aece4cacd183cee761e4bd6b,geometry_risk_score,1.0,,
geometry_alpha_1p000,alpha_blend,False,0.7,0.7627689569962852,0.6754385964912281,0.696045197740113,0.9844155844155844,1824,30,518,1232,0.6576601585431607,0.5248889901256015,0.47708226744285154,831555aabcc6cfc73446dd174bf85197faf90f9ce982f8a3d2c179b2e270786e,f93fec864e51da1ea7752fc119f587337f27f62ee8a22e6811438e7db4482c75,geometry_risk_score,1.0,,
geometry_alpha_1p000,alpha_blend,False,0.8,0.7680264295544424,0.7327422419252692,0.6536723163841808,0.9885714285714285,1579,22,362,1157,0.6576601585431607,0.5248889901256015,0.47708226744285154,831555aabcc6cfc73446dd174bf85197faf90f9ce982f8a3d2c179b2e270786e,3f6ae37d201d9685285bac4fe9810cac2deee752b686ca5998dde32be78e6cb1,geometry_risk_score,1.0,,
geometry_alpha_1p000,alpha_blend,False,0.9,0.7654879105240721,0.8096699923254029,0.596045197740113,0.9937662337662337,1303,12,213,1055,0.6576601585431607,0.5248889901256015,0.47708226744285154,831555aabcc6cfc73446dd174bf85197faf90f9ce982f8a3d2c179b2e270786e,5d617a34bb810bc7ef530116018ee918571a5be18cd8e76788953486c701f46b,geometry_risk_score,1.0,,
geometry_alpha_1p000,alpha_blend,False,0.9091079545334203,0.763934819705545,0.8241845664280032,0.5853107344632769,0.9948051948051948,1257,10,190,1036,0.6576601585431607,0.5248889901256015,0.47708226744285154,831555aabcc6cfc73446dd174bf85197faf90f9ce982f8a3d2c179b2e270786e,322a3d90854ae71ffbcc37b46798a788990a6e4406a30aae0b191627302a7b1f,geometry_risk_score,1.0,,
geometry_alpha_1p000,alpha_blend,False,0.9874463149353208,0.6000752044327968,0.9538950715421304,0.3389830508474576,0.9989610389610389,629,2,20,600,0.6576601585431607,0.5248889901256015,0.47708226744285154,831555aabcc6cfc73446dd174bf85197faf90f9ce982f8a3d2c179b2e270786e,6ed7130ebb7947d6a756fb0e8985082a2dcf889aadd712953550c53e240678fa,geometry_risk_score,1.0,,
geometry_alpha_1p000,alpha_blend,False,0.9999836577470612,0.001693002257336343,1.0,0.0005649717514124294,1.0,1,0,0,1,0.6576601585431607,0.5248889901256015,0.47708226744285154,831555aabcc6cfc73446dd174bf85197faf90f9ce982f8a3d2c179b2e270786e,ae9940b8dab418d220a54b5adfaa61b8ef9768d37e142e25e7b4a3559366d626,geometry_risk_score,1.0,,
class_reliability_gamma_0p250,class_scaled_raw,True,0.001945839988900608,0.3403458751518623,0.1580566458046038,0.8418079096045198,0.7693506493506493,9427,444,7100,1490,0.7031008719507358,0.5682894346237968,0.5198666723520451,2686187fe495a910d6e8289a4e5e13bd62d1e4e056a774f627eff63d8f64bf85,6fdfd5e439372602e4e8a69d09e6fa883e8370c1429bf50daedc3f604a3a05a2,class_reliability_gamma_0p250,,0.25,
class_reliability_gamma_0p250,class_scaled_raw,True,0.005539138323121383,0.45002366933651716,0.23436754176610977,0.8322033898305085,0.8348051948051948,6285,318,4223,1473,0.7031008719507358,0.5682894346237968,0.5198666723520451,2686187fe495a910d6e8289a4e5e13bd62d1e4e056a774f627eff63d8f64bf85,aeb685a613a93b71ea623df2c57a025297e9440adda7d958bc60b793c1aa9bb6,class_reliability_gamma_0p250,,0.25,
class_reliability_gamma_0p250,class_scaled_raw,True,0.023015334952842782,0.6037192757490398,0.379209758684699,0.807909604519774,0.9137662337662338,3771,166,2027,1430,0.7031008719507358,0.5682894346237968,0.5198666723520451,2686187fe495a910d6e8289a4e5e13bd62d1e4e056a774f627eff63d8f64bf85,850934238f91326f94ec32355f74c3fa18e06daa8b7f368629babc78a0f55767,class_reliability_gamma_0p250,,0.25,
class_reliability_gamma_0p250,class_scaled_raw,True,0.05,0.6781187183922105,0.47954230235783635,0.7813559322033898,0.9444155844155844,2884,107,1291,1383,0.7031008719507358,0.5682894346237968,0.5198666723520451,2686187fe495a910d6e8289a4e5e13bd62d1e4e056a774f627eff63d8f64bf85,c58528738b9bb35ba8f55ff9ba7aecfcb1a04b2b2a1e14cd209baef0b993e932,class_reliability_gamma_0p250,,0.25,
class_reliability_gamma_0p250,class_scaled_raw,True,0.07845503508228929,0.7111712834029147,0.5369928400954654,0.7627118644067796,0.9568831168831169,2514,83,1000,1350,0.7031008719507358,0.5682894346237968,0.5198666723520451,2686187fe495a910d6e8289a4e5e13bd62d1e4e056a774f627eff63d8f64bf85,0623a9d768ffa9c16a3fe3297409885d9c0a1023d58688b914c161521cdd0bad,class_reliability_gamma_0p250,,0.25,
class_reliability_gamma_0p250,class_scaled_raw,True,0.1,0.7305480551985408,0.5762049500651324,0.7497175141242938,0.9641558441558442,2303,69,831,1327,0.7031008719507358,0.5682894346237968,0.5198666723520451,2686187fe495a910d6e8289a4e5e13bd62d1e4e056a774f627eff63d8f64bf85,68660471f96c0e319712be476e95c2da6b58954753ecc792150d4aadf60fdea8,class_reliability_gamma_0p250,,0.25,
class_reliability_gamma_0p250,class_scaled_raw,True,0.15,0.7537708112054501,0.6369521912350598,0.7225988700564971,0.9745454545454545,2008,49,618,1279,0.7031008719507358,0.5682894346237968,0.5198666723520451,2686187fe495a910d6e8289a4e5e13bd62d1e4e056a774f627eff63d8f64bf85,315543513c463436a3c2cbce6e5dbbb3a516bcdf37acc3e222982283cc266dd2,class_reliability_gamma_0p250,,0.25,
class_reliability_gamma_0p250,class_scaled_raw,True,0.2,0.764510933172648,0.6858902575587906,0.692090395480226,0.9792207792207792,1786,40,471,1225,0.7031008719507358,0.5682894346237968,0.5198666723520451,2686187fe495a910d6e8289a4e5e13bd62d1e4e056a774f627eff63d8f64bf85,e09bbe658271d17f2b35557b52bfa3767cf60075d8fdd616a37d6f92df2669d0,class_reliability_gamma_0p250,,0.25,
class_reliability_gamma_0p250,class_scaled_raw,True,0.25,0.7697824914387347,0.724095646842428,0.6672316384180791,0.9828571428571429,1631,33,374,1181,0.7031008719507358,0.5682894346237968,0.5198666723520451,2686187fe495a910d6e8289a4e5e13bd62d1e4e056a774f627eff63d8f64bf85,87619b25151b26b7fbe7db76c29b3863af3e462e4174412382c752f2b4b6bb07,class_reliability_gamma_0p250,,0.25,
class_reliability_gamma_0p250,class_scaled_raw,True,0.3,0.7727896020532736,0.7606951871657754,0.6429378531073446,0.9880519480519481,1496,23,297,1138,0.7031008719507358,0.5682894346237968,0.5198666723520451,2686187fe495a910d6e8289a4e5e13bd62d1e4e056a774f627eff63d8f64bf85,b440ac868ab86a9db0c69687812d41cf2e42a7419424939061f8541eea9d3986,class_reliability_gamma_0p250,,0.25,
class_reliability_gamma_0p250,class_scaled_raw,True,0.35,0.7723428235698769,0.7922077922077922,0.6203389830508474,0.9901298701298701,1386,19,239,1098,0.7031008719507358,0.5682894346237968,0.5198666723520451,2686187fe495a910d6e8289a4e5e13bd62d1e4e056a774f627eff63d8f64bf85,2aa9fdff8a0997b8786e08ec2e46582ca4b8c84c23ee6c63843ed36fbf1493d6,class_reliability_gamma_0p250,,0.25,
class_reliability_gamma_0p250,class_scaled_raw,True,0.4,0.7689599029599629,0.8217898832684825,0.5966101694915255,0.9916883116883117,1285,16,187,1056,0.7031008719507358,0.5682894346237968,0.5198666723520451,2686187fe495a910d6e8289a4e5e13bd62d1e4e056a774f627eff63d8f64bf85,4ab72ca55786353f20ea2a0d7405450d47c834c45ba229d160fd94bea555581d,class_reliability_gamma_0p250,,0.25,
class_reliability_gamma_0p250,class_scaled_raw,True,0.41523364179641825,0.7682395296224678,0.8313444709626094,0.5903954802259888,0.9916883116883117,1257,16,170,1045,0.7031008719507358,0.5682894346237968,0.5198666723520451,2686187fe495a910d6e8289a4e5e13bd62d1e4e056a774f627eff63d8f64bf85,a80ae8c61c2e8f648a510ec78641624b64f634da3ac5a08c03d8eddc8dfb5c79,class_reliability_gamma_0p250,,0.25,
class_reliability_gamma_0p250,class_scaled_raw,True,0.5,0.751736327231563,0.8664874551971327,0.5463276836158192,0.9937662337662337,1116,12,118,967,0.7031008719507358,0.5682894346237968,0.5198666723520451,2686187fe495a910d6e8289a4e5e13bd62d1e4e056a774f627eff63d8f64bf85,8b7bb684b014f7fea79192da3cceeed69360a49617ef27601efbfdce8603534d,class_reliability_gamma_0p250,,0.25,
class_reliability_gamma_0p250,class_scaled_raw,True,0.6,0.7113366576938353,0.9032258064516129,0.4745762711864407,0.9968831168831169,930,6,72,840,0.7031008719507358,0.5682894346237968,0.5198666723520451,2686187fe495a910d6e8289a4e5e13bd62d1e4e056a774f627eff63d8f64bf85,bcd557dba218de60e595184bb190be77aee2796d4c59084672dbce963295f335,class_reliability_gamma_0p250,,0.25,
class_reliability_gamma_0p250,class_scaled_raw,True,0.7,0.6568459275917163,0.9500674763832658,0.3977401129943503,0.9994805194805195,741,1,31,704,0.7031008719507358,0.5682894346237968,0.5198666723520451,2686187fe495a910d6e8289a4e5e13bd62d1e4e056a774f627eff63d8f64bf85,1f9011ccc106690a722767e4eb2a1a6b44952d3c2eabbb7a0654b9f47561a669,class_reliability_gamma_0p250,,0.25,
class_reliability_gamma_0p250,class_scaled_raw,True,0.7561049944049375,0.6033335317743255,0.9602543720190779,0.34124293785310733,0.9994805194805195,629,1,20,604,0.7031008719507358,0.5682894346237968,0.5198666723520451,2686187fe495a910d6e8289a4e5e13bd62d1e4e056a774f627eff63d8f64bf85,78cb22cfe1cdebad7e24d86d4319bf6c0d4ef6809644074263a6f7478059d4d7,class_reliability_gamma_0p250,,0.25,
class_reliability_gamma_0p250,class_scaled_raw,True,0.8,0.5449164313759458,0.9732313575525813,0.28757062146892653,0.9994805194805195,523,1,9,509,0.7031008719507358,0.5682894346237968,0.5198666723520451,2686187fe495a910d6e8289a4e5e13bd62d1e4e056a774f627eff63d8f64bf85,828b011ec9ed752fea6192c5660c4764a825d8217516b20b7cdce868bbd9aa53,class_reliability_gamma_0p250,,0.25,
class_reliability_gamma_0p250,class_scaled_raw,True,0.9,0.29181818181818187,0.9907407407407407,0.12090395480225989,1.0,216,0,2,214,0.7031008719507358,0.5682894346237968,0.5198666723520451,2686187fe495a910d6e8289a4e5e13bd62d1e4e056a774f627eff63d8f64bf85,5c8fd4a93a94b4e090d73dca0ee7d79646591026ae5be36f8a773ce9af9b4ab6,class_reliability_gamma_0p250,,0.25,
class_reliability_gamma_0p250,class_scaled_raw,True,0.9592823221206674,0.001693002257336343,1.0,0.0005649717514124294,1.0,1,0,0,1,0.7031008719507358,0.5682894346237968,0.5198666723520451,2686187fe495a910d6e8289a4e5e13bd62d1e4e056a774f627eff63d8f64bf85,3bc84dbea1efbb2ed1e12876be81779c7cc248038773b482c76aa917a6211173,class_reliability_gamma_0p250,,0.25,
class_reliability_gamma_0p500,class_scaled_raw,True,0.0017678019987939207,0.34037974321921605,0.1580566458046038,0.8418079096045198,0.7698701298701298,9427,443,7102,1490,0.7031008719507358,0.5682894346237968,0.5198666723520451,ae00727fc151455e8215787f5cc756f45bc7d365f761c20e229f6e1e5a1b3bbe,a58349b65c60829cb87beef8b45926ccd18847d5653ca75054c6a948145721a2,class_reliability_gamma_0p500,,0.5,
class_reliability_gamma_0p500,class_scaled_raw,True,0.005080129864575537,0.4500739645673144,0.23436754176610977,0.8322033898305085,0.8353246753246754,6285,317,4227,1473,0.7031008719507358,0.5682894346237968,0.5198666723520451,ae00727fc151455e8215787f5cc756f45bc7d365f761c20e229f6e1e5a1b3bbe,1b9918e93b819aa4dfdd2029884ef201739ee0ab3d55f287e61f67f7df1d40b4,class_reliability_gamma_0p500,,0.5,
class_reliability_gamma_0p500,class_scaled_raw,True,0.021388816778681406,0.6030606651872564,0.3786793953858393,0.8067796610169492,0.9137662337662338,3771,166,2030,1428,0.7031008719507358,0.5682894346237968,0.5198666723520451,ae00727fc151455e8215787f5cc756f45bc7d365f761c20e229f6e1e5a1b3bbe,f4cab09350c3920b11f31e677cc3ba77a39d80116862fb48a9831fb5b214aa42,class_reliability_gamma_0p500,,0.5,
class_reliability_gamma_0p500,class_scaled_raw,True,0.05,0.6849071010435225,0.49023090586145646,0.7796610169491526,0.9454545454545454,2815,105,1230,1380,0.7031008719507358,0.5682894346237968,0.5198666723520451,ae00727fc151455e8215787f5cc756f45bc7d365f761c20e229f6e1e5a1b3bbe,d871734c7c71c8886d960cebc73687b8dc4f4681d3d5d3c336db72a2295bf9a6,class_reliability_gamma_0p500,,0.5,
class_reliability_gamma_0p500,class_scaled_raw,True,0.07112848520799214,0.7140268490051364,0.5393794749403341,0.7661016949152543,0.9594805194805195,2514,78,998,1356,0.7031008719507358,0.5682894346237968,0.5198666723520451,ae00727fc151455e8215787f5cc756f45bc7d365f761c20e229f6e1e5a1b3bbe,6c985d140934dfb6379fb51109202b781eabc84f556840ece78031634d8deed9,class_reliability_gamma_0p500,,0.5,
class_reliability_gamma_0p500,class_scaled_raw,True,0.1,0.7341297400475943,0.5854092526690391,0.7435028248587571,0.9677922077922078,2248,62,797,1316,0.7031008719507358,0.5682894346237968,0.5198666723520451,ae00727fc151455e8215787f5cc756f45bc7d365f761c20e229f6e1e5a1b3bbe,a6f4bb5b8e636e50d527b8299d56a7379c2c6158b4eb3310eb8bcf892a6498f4,class_reliability_gamma_0p500,,0.5,
class_reliability_gamma_0p500,class_scaled_raw,True,0.15,0.7570823928960105,0.6479591836734694,0.7175141242937854,0.9750649350649351,1960,48,584,1270,0.7031008719507358,0.5682894346237968,0.5198666723520451,ae00727fc151455e8215787f5cc756f45bc7d365f761c20e229f6e1e5a1b3bbe,f9b0eb3e245903e34459d7bb04960f75736343b529a440dca2f4b04f5f5bcc9b,class_reliability_gamma_0p500,,0.5,
class_reliability_gamma_0p500,class_scaled_raw,True,0.2,0.7661086302441781,0.6946826758147513,0.6864406779661016,0.9807792207792208,1749,37,450,1215,0.7031008719507358,0.5682894346237968,0.5198666723520451,ae00727fc151455e8215787f5cc756f45bc7d365f761c20e229f6e1e5a1b3bbe,02beb9d43fa00bf6d72c503767b5c7eee46c6161475a52d544925f5df87e44a3,class_reliability_gamma_0p500,,0.5,
class_reliability_gamma_0p500,class_scaled_raw,True,0.25,0.7686139666528584,0.7349397590361446,0.6548022598870057,0.9849350649350649,1577,29,348,1159,0.7031008719507358,0.5682894346237968,0.5198666723520451,ae00727fc151455e8215787f5cc756f45bc7d365f761c20e229f6e1e5a1b3bbe,3dee1d53d946b303531a0f6ce61d736a3430c9bc35f902b5b7fa4273eba19ba8,class_reliability_gamma_0p500,,0.5,
class_reliability_gamma_0p500,class_scaled_raw,True,0.3,0.7744967034932158,0.7784722222222222,0.6333333333333333,0.9901298701298701,1440,19,265,1121,0.7031008719507358,0.5682894346237968,0.5198666723520451,ae00727fc151455e8215787f5cc756f45bc7d365f761c20e229f6e1e5a1b3bbe,b914e490ee2d82ee605b980e3d6f8c93a74c7618966c47c72f8666b1685538d9,class_reliability_gamma_0p500,,0.5,
class_reliability_gamma_0p500,class_scaled_raw,True,0.35,0.7731654739067606,0.8071481757259866,0.6124293785310735,0.9916883116883117,1343,16,214,1084,0.7031008719507358,0.5682894346237968,0.5198666723520451,ae00727fc151455e8215787f5cc756f45bc7d365f761c20e229f6e1e5a1b3bbe,048704c0ad343b0297f8c9174cdc1274a897f20c86c7d0bf7e626795fa11344a,class_reliability_gamma_0p500,,0.5,
class_reliability_gamma_0p500,class_scaled_raw,True,0.3915513002675892,0.7683434072931578,0.8313444709626094,0.5903954802259888,0.9922077922077922,1257,15,172,1045,0.7031008719507358,0.5682894346237968,0.5198666723520451,ae00727fc151455e8215787f5cc756f45bc7d365f761c20e229f6e1e5a1b3bbe,ef1637713a92c8a5f41bd0a209a85189f0c3c04b8b18e61340196ee74781567f,class_reliability_gamma_0p500,,0.5,
class_reliability_gamma_0p500,class_scaled_raw,True,0.4,0.7660923062600371,0.83589329021827,0.584180790960452,0.9922077922077922,1237,15,164,1034,0.7031008719507358,0.5682894346237968,0.5198666723520451,ae00727fc151455e8215787f5cc756f45bc7d365f761c20e229f6e1e5a1b3bbe,6f84d147d2094d744f744c7d964e14846341bebccf48788b775550c0b2a31324,class_reliability_gamma_0p500,,0.5,
class_reliability_gamma_0p500,class_scaled_raw,True,0.5,0.7394316757208523,0.88,0.5220338983050847,0.9948051948051948,1050,10,99,924,0.7031008719507358,0.5682894346237968,0.5198666723520451,ae00727fc151455e8215787f5cc756f45bc7d365f761c20e229f6e1e5a1b3bbe,9f4496ea223d8b3257518ce4b90b8db39fc7d90291fecd5c4683b5c62119dd5c,class_reliability_gamma_0p500,,0.5,
class_reliability_gamma_0p500,class_scaled_raw,True,0.6,0.694733409216477,0.9200463499420626,0.4485875706214689,0.9979220779220779,863,4,59,794,0.7031008719507358,0.5682894346237968,0.5198666723520451,ae00727fc151455e8215787f5cc756f45bc7d365f761c20e229f6e1e5a1b3bbe,655d0067bace2e635019e756e6bffa7104e34c84a93b27a427a5130221170c11,class_reliability_gamma_0p500,,0.5,
class_reliability_gamma_0p500,class_scaled_raw,True,0.7,0.627838677318379,0.9557522123893806,0.36610169491525424,0.9994805194805195,678,1,24,648,0.7031008719507358,0.5682894346237968,0.5198666723520451,ae00727fc151455e8215787f5cc756f45bc7d365f761c20e229f6e1e5a1b3bbe,cc82d18fb142e66e14f3952e868140ed19af4227a8d276b67906541b151cd770,class_reliability_gamma_0p500,,0.5,
class_reliability_gamma_0p500,class_scaled_raw,True,0.7271137438358032,0.6017366620221296,0.9570747217806042,0.34011299435028247,0.9994805194805195,629,1,22,602,0.7031008719507358,0.5682894346237968,0.5198666723520451,ae00727fc151455e8215787f5cc756f45bc7d365f761c20e229f6e1e5a1b3bbe,4cafa7563fd53b76164c1f71cb74b0c5315a44de197349a72b4cab1101880461,class_reliability_gamma_0p500,,0.5,
class_reliability_gamma_0p500,class_scaled_raw,True,0.8,0.4986465472556585,0.9715536105032823,0.25084745762711863,0.9994805194805195,457,1,9,444,0.7031008719507358,0.5682894346237968,0.5198666723520451,ae00727fc151455e8215787f5cc756f45bc7d365f761c20e229f6e1e5a1b3bbe,02e966c94ce1cb93461991a465da11c5e1115c1b5f805a86c52c938b3644bbf9,class_reliability_gamma_0p500,,0.5,
class_reliability_gamma_0p500,class_scaled_raw,True,0.9,0.1411764705882353,0.989247311827957,0.0519774011299435,1.0,93,0,1,92,0.7031008719507358,0.5682894346237968,0.5198666723520451,ae00727fc151455e8215787f5cc756f45bc7d365f761c20e229f6e1e5a1b3bbe,5c7ab463106f33a50c664b2d227cbf0a3f6588e6792bae62c5aa5c290fd0cb67,class_reliability_gamma_0p500,,0.5,
class_reliability_gamma_0p500,class_scaled_raw,True,0.9531770348548888,0.001693002257336343,1.0,0.0005649717514124294,1.0,1,0,0,1,0.7031008719507358,0.5682894346237968,0.5198666723520451,ae00727fc151455e8215787f5cc756f45bc7d365f761c20e229f6e1e5a1b3bbe,953bc5844da66e693fabab56a53d6153b4fb0303245934a03302b21a2cb52c43,class_reliability_gamma_0p500,,0.5,
class_reliability_gamma_0p750,class_scaled_raw,True,0.0016070573080519358,0.3406083677366941,0.1581627240903787,0.8423728813559322,0.7703896103896104,9427,442,7109,1491,0.7031008719507358,0.5682894346237968,0.5198666723520451,90e58d9e245d782eed28fdcf7d6695968a62338f4c5b7fc53bdf47d0b61a69ec,984346d1bcea5960aa308bb0e6ac3b383b9afc7039364c7fbb033c2d15e66fbf,class_reliability_gamma_0p750,,0.75,
class_reliability_gamma_0p750,class_scaled_raw,True,0.004670540119006767,0.4501744012224695,0.23436754176610977,0.8322033898305085,0.8363636363636364,6285,315,4231,1473,0.7031008719507358,0.5682894346237968,0.5198666723520451,90e58d9e245d782eed28fdcf7d6695968a62338f4c5b7fc53bdf47d0b61a69ec,10d3fc86f447c476d0c4d501fa09d757e38fb9ba6bffccd4d3cd58c6ac4acad1,class_reliability_gamma_0p750,,0.75,
class_reliability_gamma_0p750,class_scaled_raw,True,0.019636837622813513,0.6027312076893165,0.37841421373640943,0.8062146892655367,0.9137662337662338,3771,166,2031,1427,0.7031008719507358,0.5682894346237968,0.5198666723520451,90e58d9e245d782eed28fdcf7d6695968a62338f4c5b7fc53bdf47d0b61a69ec,376e2ceab3dad3d428bdb028fda466d3f92edee0630cfda1dd465688d769e664,class_reliability_gamma_0p750,,0.75,
class_reliability_gamma_0p750,class_scaled_raw,True,0.05,0.6932253837772231,0.5032967032967033,0.7762711864406779,0.9501298701298702,2730,96,1164,1374,0.7031008719507358,0.5682894346237968,0.5198666723520451,90e58d9e245d782eed28fdcf7d6695968a62338f4c5b7fc53bdf47d0b61a69ec,02630454904b515dba5efa65b042a5e2cef2c43805caa87cd98b613b80ad2834,class_reliability_gamma_0p750,,0.75,
class_reliability_gamma_0p750,class_scaled_raw,True,0.06563322828762308,0.7145186886157041,0.539777247414479,0.7666666666666667,0.96,2514,77,996,1357,0.7031008719507358,0.5682894346237968,0.5198666723520451,90e58d9e245d782eed28fdcf7d6695968a62338f4c5b7fc53bdf47d0b61a69ec,c7d9feb043bf59a820e9b8947f69bfe5c803b17659e4d32a13cc79b0fb046dfd,class_reliability_gamma_0p750,,0.75,
class_reliability_gamma_0p750,class_scaled_raw,True,0.1,0.7391655032533806,0.597985347985348,0.7378531073446327,0.9698701298701299,2184,58,750,1306,0.7031008719507358,0.5682894346237968,0.5198666723520451,90e58d9e245d782eed28fdcf7d6695968a62338f4c5b7fc53bdf47d0b61a69ec,5e7514f0a5a00e7e36e505721d20745c83481b1a8d586367a4ba18399830ef13,class_reliability_gamma_0p750,,0.75,
class_reliability_gamma_0p750,class_scaled_raw,True,0.15,0.759566526460605,0.6606860158311345,0.7073446327683616,0.9781818181818182,1895,42,546,1252,0.7031008719507358,0.5682894346237968,0.5198666723520451,90e58d9e245d782eed28fdcf7d6695968a62338f4c5b7fc53bdf47d0b61a69ec,2b9004912d77d6b75fa612f3dd68b4ac13d5609972066558c8a89c6e745e7be2,class_reliability_gamma_0p750,,0.75,
class_reliability_gamma_0p750,class_scaled_raw,True,0.2,0.7659015969585345,0.7032902467685076,0.676271186440678,0.9838961038961039,1702,31,430,1197,0.7031008719507358,0.5682894346237968,0.5198666723520451,90e58d9e245d782eed28fdcf7d6695968a62338f4c5b7fc53bdf47d0b61a69ec,4e276176ca71ff6ed1afe655ea371be133a54fdf0dd169cfb595060960d96016,class_reliability_gamma_0p750,,0.75,
class_reliability_gamma_0p750,class_scaled_raw,True,0.25,0.7726153237141955,0.7541091387245233,0.6480225988700565,0.9864935064935065,1521,26,311,1147,0.7031008719507358,0.5682894346237968,0.5198666723520451,90e58d9e245d782eed28fdcf7d6695968a62338f4c5b7fc53bdf47d0b61a69ec,91b785ad5ef41308843acb7aaf2f27f912b71ddd41a10d5ad7cf9bc21b2c7267,class_reliability_gamma_0p750,,0.75,
class_reliability_gamma_0p750,class_scaled_raw,True,0.3,0.7725379033648462,0.7888332140300645,0.6225988700564972,0.9906493506493507,1397,18,246,1102,0.7031008719507358,0.5682894346237968,0.5198666723520451,90e58d9e245d782eed28fdcf7d6695968a62338f4c5b7fc53bdf47d0b61a69ec,5d8561639b045fe3cbcfda32f21a6616cebaced7fdf9c0119aec718ae6cb7285,class_reliability_gamma_0p750,,0.75,
class_reliability_gamma_0p750,class_scaled_raw,True,0.35,0.7692944269414169,0.8190255220417634,0.5983050847457627,0.9927272727272727,1293,14,193,1059,0.7031008719507358,0.5682894346237968,0.5198666723520451,90e58d9e245d782eed28fdcf7d6695968a62338f4c5b7fc53bdf47d0b61a69ec,06941c56064fa162ef45f8e7da1fe50a582763fd89f4cc1c13f7bc9a12b69cb1,class_reliability_gamma_0p750,,0.75,
class_reliability_gamma_0p750,class_scaled_raw,True,0.36507787482292003,0.7673554342631486,0.8297533810660302,0.5892655367231638,0.9927272727272727,1257,14,175,1043,0.7031008719507358,0.5682894346237968,0.5198666723520451,90e58d9e245d782eed28fdcf7d6695968a62338f4c5b7fc53bdf47d0b61a69ec,1655b23de6e15d18b10b71f2e27b41b03f6d264667d3e1a67a61960999f624ab,class_reliability_gamma_0p750,,0.75,
class_reliability_gamma_0p750,class_scaled_raw,True,0.4,0.7609618562154098,0.8464765100671141,0.5700564971751413,0.9932467532467533,1192,13,148,1009,0.7031008719507358,0.5682894346237968,0.5198666723520451,90e58d9e245d782eed28fdcf7d6695968a62338f4c5b7fc53bdf47d0b61a69ec,29b3f6b65cd48dd90f3778f8a01e008440badbd937d5520239015b4fdedcc716,class_reliability_gamma_0p750,,0.75,
class_reliability_gamma_0p750,class_scaled_raw,True,0.5,0.7246777544724702,0.8881048387096774,0.4977401129943503,0.9953246753246753,992,9,86,881,0.7031008719507358,0.5682894346237968,0.5198666723520451,90e58d9e245d782eed28fdcf7d6695968a62338f4c5b7fc53bdf47d0b61a69ec,258bbd6eca656f6b1ba8f8051d4c2f7e6710290e260ba7ff19e195914fc31e05,class_reliability_gamma_0p750,,0.75,
class_reliability_gamma_0p750,class_scaled_raw,True,0.6,0.6790559427484487,0.9222357229647631,0.4288135593220339,0.9984415584415585,823,3,55,759,0.7031008719507358,0.5682894346237968,0.5198666723520451,90e58d9e245d782eed28fdcf7d6695968a62338f4c5b7fc53bdf47d0b61a69ec,0241954155f2e177e011732bfe5536c87ffa60d7fbab5639a1dbbb2d083ec9ae,class_reliability_gamma_0p750,,0.75,
class_reliability_gamma_0p750,class_scaled_raw,True,0.6962768866130614,0.6009374283793388,0.9554848966613673,0.33954802259887007,0.9994805194805195,629,1,23,601,0.7031008719507358,0.5682894346237968,0.5198666723520451,90e58d9e245d782eed28fdcf7d6695968a62338f4c5b7fc53bdf47d0b61a69ec,e439f85b74fd1d118466bba41ecbe7f82eac9166336dfe76a3f808884a280e3b,class_reliability_gamma_0p750,,0.75,
class_reliability_gamma_0p750,class_scaled_raw,True,0.7,0.5993363580957539,0.9568,0.33785310734463275,0.9994805194805195,625,1,22,598,0.7031008719507358,0.5682894346237968,0.5198666723520451,90e58d9e245d782eed28fdcf7d6695968a62338f4c5b7fc53bdf47d0b61a69ec,74fc3d70639cf16576a165b2542ca6d70ba9da0d6242c2c6eebcc0ef39316262,class_reliability_gamma_0p750,,0.75,
class_reliability_gamma_0p750,class_scaled_raw,True,0.8,0.46624140542080184,0.980440097799511,0.22655367231638418,0.9994805194805195,409,1,5,401,0.7031008719507358,0.5682894346237968,0.5198666723520451,90e58d9e245d782eed28fdcf7d6695968a62338f4c5b7fc53bdf47d0b61a69ec,c5270915d557f18701d82f3f398598a52da7c166079533d60961229fb60c8064,class_reliability_gamma_0p750,,0.75,
class_reliability_gamma_0p750,class_scaled_raw,True,0.9,0.02990033222591362,1.0,0.010169491525423728,1.0,18,0,0,18,0.7031008719507358,0.5682894346237968,0.5198666723520451,90e58d9e245d782eed28fdcf7d6695968a62338f4c5b7fc53bdf47d0b61a69ec,22ee803cf40b54b4a4ed74be56a9be3edb31aa2e43c2a0cdf2a1e0d10fcbfcf3,class_reliability_gamma_0p750,,0.75,
class_reliability_gamma_0p750,class_scaled_raw,True,0.9531770348548888,0.001693002257336343,1.0,0.0005649717514124294,1.0,1,0,0,1,0.7031008719507358,0.5682894346237968,0.5198666723520451,90e58d9e245d782eed28fdcf7d6695968a62338f4c5b7fc53bdf47d0b61a69ec,953bc5844da66e693fabab56a53d6153b4fb0303245934a03302b21a2cb52c43,class_reliability_gamma_0p750,,0.75,
class_reliability_gamma_1p000,class_scaled_raw,True,0.0014758690280927027,0.3404811140043276,0.1580566458046038,0.8418079096045198,0.7714285714285715,9427,440,7112,1490,0.7031008719507358,0.5682894346237968,0.5198666723520451,fe441a3e7515572ecb374a08a66f3638d79f9958489e6d42db4c44ee1852ee53,1f53570a9f3405ce7941e0e20160468a3ee3b7a7b1f7913ec38c4d740981cbcb,class_reliability_gamma_1p000,,1.0,
class_reliability_gamma_1p000,class_scaled_raw,True,0.004299772771668647,0.45022454280353125,0.23436754176610977,0.8322033898305085,0.8368831168831169,6285,314,4236,1473,0.7031008719507358,0.5682894346237968,0.5198666723520451,fe441a3e7515572ecb374a08a66f3638d79f9958489e6d42db4c44ee1852ee53,929929c7cd607e81117666deec2150692101f0fbde79b97b870295f03be920f6,class_reliability_gamma_1p000,,1.0,
class_reliability_gamma_1p000,class_scaled_raw,True,0.018296158712094175,0.6031360540626155,0.3786793953858393,0.8067796610169492,0.9142857142857143,3771,165,2032,1428,0.7031008719507358,0.5682894346237968,0.5198666723520451,fe441a3e7515572ecb374a08a66f3638d79f9958489e6d42db4c44ee1852ee53,5a805a854568f7a5354e630abaf8a7cfd6d84702e23c1e53882e4c3e3802c82f,class_reliability_gamma_1p000,,1.0,
class_reliability_gamma_1p000,class_scaled_raw,True,0.05,0.7011335386158415,0.5150037509377344,0.7757062146892655,0.9542857142857143,2666,88,1112,1373,0.7031008719507358,0.5682894346237968,0.5198666723520451,fe441a3e7515572ecb374a08a66f3638d79f9958489e6d42db4c44ee1852ee53,465096f785cb1635798c2ae0daf83f58b24e46ea6233be2d47a5a6047d4eadba,class_reliability_gamma_1p000,,1.0,
class_reliability_gamma_1p000,class_scaled_raw,True,0.061174542883236024,0.7144098131458265,0.5393794749403341,0.7661016949152543,0.9615584415584415,2514,74,1000,1356,0.7031008719507358,0.5682894346237968,0.5198666723520451,fe441a3e7515572ecb374a08a66f3638d79f9958489e6d42db4c44ee1852ee53,fa3ad721753b2501cdc801989b5a03a6cab01c5c678201128eb39841d248d3b5,class_reliability_gamma_1p000,,1.0,
class_reliability_gamma_1p000,class_scaled_raw,True,0.1,0.743713453113843,0.6092870544090057,0.7338983050847457,0.9709090909090909,2132,56,710,1299,0.7031008719507358,0.5682894346237968,0.5198666723520451,fe441a3e7515572ecb374a08a66f3638d79f9958489e6d42db4c44ee1852ee53,254d56799ec71fe39b6a7653027cceffd4d101310ef2f81cb30b63ef63a1e71c,class_reliability_gamma_1p000,,1.0,
class_reliability_gamma_1p000,class_scaled_raw,True,0.15,0.7603205670688533,0.6695557963163596,0.6983050847457627,0.9802597402597403,1846,38,519,1236,0.7031008719507358,0.5682894346237968,0.5198666723520451,fe441a3e7515572ecb374a08a66f3638d79f9958489e6d42db4c44ee1852ee53,21637e9e5f97a1e4017b0035322ce2f018d1f951a2fe4265cc48417f8f5ea316,class_reliability_gamma_1p000,,1.0,
class_reliability_gamma_1p000,class_scaled_raw,True,0.2,0.7656834880633426,0.7132486388384754,0.6661016949152543,0.9854545454545455,1653,28,402,1179,0.7031008719507358,0.5682894346237968,0.5198666723520451,fe441a3e7515572ecb374a08a66f3638d79f9958489e6d42db4c44ee1852ee53,66e798374197c57950532578838ffdaaa2af4d44f8202efb63a64f16d9419742,class_reliability_gamma_1p000,,1.0,
class_reliability_gamma_1p000,class_scaled_raw,True,0.25,0.774218245391558,0.7677725118483413,0.6406779661016949,0.9885714285714285,1477,22,287,1134,0.7031008719507358,0.5682894346237968,0.5198666723520451,fe441a3e7515572ecb374a08a66f3638d79f9958489e6d42db4c44ee1852ee53,3626d833bf33a88cf1e0da863bb606ff493b53a17961c20c6b504a2e9b039830,class_reliability_gamma_1p000,,1.0,
class_reliability_gamma_1p000,class_scaled_raw,True,0.3,0.7685105855879104,0.7968980797636632,0.6096045197740113,0.9916883116883117,1354,16,230,1079,0.7031008719507358,0.5682894346237968,0.5198666723520451,fe441a3e7515572ecb374a08a66f3638d79f9958489e6d42db4c44ee1852ee53,25e0441694a907a8922ba386d846cc913d1c357891b66cbcff5eeaf5c98921a8,class_reliability_gamma_1p000,,1.0,
class_reliability_gamma_1p000,class_scaled_raw,True,0.3443484457784294,0.7652714877655132,0.8265712012728719,0.5870056497175141,0.9932467532467533,1257,13,180,1039,0.7031008719507358,0.5682894346237968,0.5198666723520451,fe441a3e7515572ecb374a08a66f3638d79f9958489e6d42db4c44ee1852ee53,ab713cd8a7551abea8a7ff7df7a35a111b38185cfea74003cbb3533ae26ecdf4,class_reliability_gamma_1p000,,1.0,
class_reliability_gamma_1p000,class_scaled_raw,True,0.35,0.7664004664472887,0.8305355715427658,0.5870056497175141,0.9932467532467533,1251,13,174,1039,0.7031008719507358,0.5682894346237968,0.5198666723520451,fe441a3e7515572ecb374a08a66f3638d79f9958489e6d42db4c44ee1852ee53,132b359863c033bbb34f86637f104ce6c1075421ae75d597b76f101476f73969,class_reliability_gamma_1p000,,1.0,
class_reliability_gamma_1p000,class_scaled_raw,True,0.4,0.7498859460425122,0.8505244755244755,0.5497175141242938,0.9942857142857143,1144,11,138,973,0.7031008719507358,0.5682894346237968,0.5198666723520451,fe441a3e7515572ecb374a08a66f3638d79f9958489e6d42db4c44ee1852ee53,0589547a971c0c83a934bf6ef268692a569f564fa8ba5f76c205ee451c1f281e,class_reliability_gamma_1p000,,1.0,
class_reliability_gamma_1p000,class_scaled_raw,True,0.5,0.7122565640058933,0.8944033790918691,0.47853107344632767,0.9958441558441559,947,8,81,847,0.7031008719507358,0.5682894346237968,0.5198666723520451,fe441a3e7515572ecb374a08a66f3638d79f9958489e6d42db4c44ee1852ee53,118434a7916eedc8f6402c7ef923400a886ee3c7fc5742129d3f416154fd70e7,class_reliability_gamma_1p000,,1.0,
class_reliability_gamma_1p000,class_scaled_raw,True,0.6,0.6608032958075053,0.9254498714652957,0.4067796610169492,0.9989610389610389,778,2,50,720,0.7031008719507358,0.5682894346237968,0.5198666723520451,fe441a3e7515572ecb374a08a66f3638d79f9958489e6d42db4c44ee1852ee53,81f7b7a4c0fce40227224ed0dacc065d49dfff42f782c21d46f2ef5a8002d0f8,class_reliability_gamma_1p000,,1.0,
class_reliability_gamma_1p000,class_scaled_raw,True,0.6742818012628393,0.6001376615148728,0.9538950715421304,0.3389830508474576,0.9994805194805195,629,1,23,600,0.7031008719507358,0.5682894346237968,0.5198666723520451,fe441a3e7515572ecb374a08a66f3638d79f9958489e6d42db4c44ee1852ee53,bcfcc967ff48e260506e23695f23064a08e569ff95fbca3da64139444662478b,class_reliability_gamma_1p000,,1.0,
class_reliability_gamma_1p000,class_scaled_raw,True,0.7,0.5781687150068667,0.9574829931972789,0.31807909604519774,0.9994805194805195,588,1,20,563,0.7031008719507358,0.5682894346237968,0.5198666723520451,fe441a3e7515572ecb374a08a66f3638d79f9958489e6d42db4c44ee1852ee53,d195ce53bd6954e40c9528defbaadfd3f7cef9e817694ef01466096005374cd3,class_reliability_gamma_1p000,,1.0,
class_reliability_gamma_1p000,class_scaled_raw,True,0.8,0.41265306122448986,0.9825072886297376,0.1903954802259887,1.0,343,0,5,337,0.7031008719507358,0.5682894346237968,0.5198666723520451,fe441a3e7515572ecb374a08a66f3638d79f9958489e6d42db4c44ee1852ee53,6ceb43a7227d1939d7d2cbbbc65be491440a805261b12e7718668c0f3d152d7a,class_reliability_gamma_1p000,,1.0,
class_reliability_gamma_1p000,class_scaled_raw,True,0.9,0.01675977653631285,1.0,0.005649717514124294,1.0,10,0,0,10,0.7031008719507358,0.5682894346237968,0.5198666723520451,fe441a3e7515572ecb374a08a66f3638d79f9958489e6d42db4c44ee1852ee53,eb9840ab88303460a03df37eaa855334b3ba7bcc23f973ceb727a98356f0c86f,class_reliability_gamma_1p000,,1.0,
class_reliability_gamma_1p000,class_scaled_raw,True,0.9531770348548888,0.001693002257336343,1.0,0.0005649717514124294,1.0,1,0,0,1,0.7031008719507358,0.5682894346237968,0.5198666723520451,fe441a3e7515572ecb374a08a66f3638d79f9958489e6d42db4c44ee1852ee53,953bc5844da66e693fabab56a53d6153b4fb0303245934a03302b21a2cb52c43,class_reliability_gamma_1p000,,1.0,
raw_light_geom_gate_0p050,light_geometry_gate,False,0.0020175562219715637,0.3401511187006152,0.15795056751882888,0.8412429378531073,0.7693506493506493,9427,444,7098,1489,0.7031180720386767,0.568151795278103,0.5197857766902783,e80e3482dba0257af13533ba45c1a20d8dfd230e5959c41c48c39df86761e9c3,b7394a86e7ad139136608c24c0749e9dbcb58437240c48f5eea09f9cf95fb9a8,raw_light_geom_gate_0p050,,,0.05
raw_light_geom_gate_0p050,light_geometry_gate,False,0.005787727861263048,0.4501242085031546,0.23436754176610977,0.8322033898305085,0.8358441558441558,6285,316,4228,1473,0.7031180720386767,0.568151795278103,0.5197857766902783,e80e3482dba0257af13533ba45c1a20d8dfd230e5959c41c48c39df86761e9c3,2d0fcf043664047b354da48e9afacf5f8d8c7d9d7b734a53971233e0c64c2c7b,raw_light_geom_gate_0p050,,,0.05
raw_light_geom_gate_0p050,light_geometry_gate,False,0.024279707118949338,0.6036915053570368,0.3789445770352692,0.8073446327683615,0.9158441558441559,3771,162,2032,1429,0.7031180720386767,0.568151795278103,0.5197857766902783,e80e3482dba0257af13533ba45c1a20d8dfd230e5959c41c48c39df86761e9c3,b84e2f37fdc8103e0f9f157e5289c5b8488b54773c617e10da09083d76c276d0,raw_light_geom_gate_0p050,,,0.05
raw_light_geom_gate_0p050,light_geometry_gate,False,0.05,0.6753917667095026,0.4746922024623803,0.784180790960452,0.9433766233766234,2924,109,1322,1388,0.7031180720386767,0.568151795278103,0.5197857766902783,e80e3482dba0257af13533ba45c1a20d8dfd230e5959c41c48c39df86761e9c3,717b28edee58e4621862f6b1cb8fb164c41a407b7df15eaf8bb708c2a3800a14,raw_light_geom_gate_0p050,,,0.05
raw_light_geom_gate_0p050,light_geometry_gate,False,0.08350295553021846,0.7099960530684624,0.5361972951471758,0.7615819209039548,0.9548051948051948,2514,87,996,1348,0.7031180720386767,0.568151795278103,0.5197857766902783,e80e3482dba0257af13533ba45c1a20d8dfd230e5959c41c48c39df86761e9c3,b557901ad67310935f82f420c6bfe994ab23807b521af2cb0a1d220776099f36,raw_light_geom_gate_0p050,,,0.05
raw_light_geom_gate_0p050,light_geometry_gate,False,0.1,0.727326968973747,0.5681431005110733,0.7536723163841808,0.9636363636363636,2348,70,865,1334,0.7031180720386767,0.568151795278103,0.5197857766902783,e80e3482dba0257af13533ba45c1a20d8dfd230e5959c41c48c39df86761e9c3,38bb99046a35b474724715358ac1bf4b609fe68dbd64b71f6884c1ec9cbbbe53,raw_light_geom_gate_0p050,,,0.05
raw_light_geom_gate_0p050,light_geometry_gate,False,0.15,0.7497238233418062,0.627508565834557,0.7242937853107345,0.9735064935064935,2043,51,645,1282,0.7031180720386767,0.568151795278103,0.5197857766902783,e80e3482dba0257af13533ba45c1a20d8dfd230e5959c41c48c39df86761e9c3,e88177f82c4c0042db87e06950a300656cc4463c9f164b873ad0e787b4ce3bbf,raw_light_geom_gate_0p050,,,0.05
raw_light_geom_gate_0p050,light_geometry_gate,False,0.2,0.7625737500086077,0.676341730558598,0.6977401129943502,0.9781818181818182,1826,42,498,1235,0.7031180720386767,0.568151795278103,0.5197857766902783,e80e3482dba0257af13533ba45c1a20d8dfd230e5959c41c48c39df86761e9c3,70eeb3683c07becae9751d1f94c0f687928c1fa11460143e2821d046c8b6b37b,raw_light_geom_gate_0p050,,,0.05
raw_light_geom_gate_0p050,light_geometry_gate,False,0.25,0.7682906989355602,0.7151442307692307,0.672316384180791,0.9812987012987013,1664,36,391,1190,0.7031180720386767,0.568151795278103,0.5197857766902783,e80e3482dba0257af13533ba45c1a20d8dfd230e5959c41c48c39df86761e9c3,07c6531caf4a4d7ce52514f5704cbcf864b99240ebb20e8891e5ed5813d59504,raw_light_geom_gate_0p050,,,0.05
raw_light_geom_gate_0p050,light_geometry_gate,False,0.3,0.7719448629651487,0.7490247074122237,0.6508474576271186,0.9854545454545455,1538,28,318,1152,0.7031180720386767,0.568151795278103,0.5197857766902783,e80e3482dba0257af13533ba45c1a20d8dfd230e5959c41c48c39df86761e9c3,c4f697dedfe6d773965180fc0c725261a0e1b011a445fad4c66b3b3ae4a15cbf,raw_light_geom_gate_0p050,,,0.05
raw_light_geom_gate_0p050,light_geometry_gate,False,0.35,0.7728139144697335,0.778397212543554,0.6310734463276836,0.9875324675324675,1435,24,262,1117,0.7031180720386767,0.568151795278103,0.5197857766902783,e80e3482dba0257af13533ba45c1a20d8dfd230e5959c41c48c39df86761e9c3,330f341241708373a84f4f90237247307a70f0a6993f27f11e219842f91395e7,raw_light_geom_gate_0p050,,,0.05
raw_light_geom_gate_0p050,light_geometry_gate,False,0.4,0.7697038538149825,0.8073739653875094,0.6062146892655367,0.9906493506493507,1329,18,212,1073,0.7031180720386767,0.568151795278103,0.5197857766902783,e80e3482dba0257af13533ba45c1a20d8dfd230e5959c41c48c39df86761e9c3,e34ce726d0fde2650d27c2d1d1e5887078a7685c4633ca58a8facaee9aa14634,raw_light_geom_gate_0p050,,,0.05
raw_light_geom_gate_0p050,light_geometry_gate,False,0.44218236601496647,0.7644156712885541,0.8257756563245824,0.5864406779661017,0.9916883116883117,1257,16,177,1038,0.7031180720386767,0.568151795278103,0.5197857766902783,e80e3482dba0257af13533ba45c1a20d8dfd230e5959c41c48c39df86761e9c3,743c87d09416fd27551b6e4660d30a02c8a1a97569e6fc076728df7af1161b00,raw_light_geom_gate_0p050,,,0.05
raw_light_geom_gate_0p050,light_geometry_gate,False,0.5,0.7560765259641664,0.8554112554112554,0.5581920903954802,0.9927272727272727,1155,14,131,988,0.7031180720386767,0.568151795278103,0.5197857766902783,e80e3482dba0257af13533ba45c1a20d8dfd230e5959c41c48c39df86761e9c3,eac873c4f27488145face5cf3b154b200f19592809f93cc2d8e25f641c856514,raw_light_geom_gate_0p050,,,0.05
raw_light_geom_gate_0p050,light_geometry_gate,False,0.6,0.7224433008584352,0.8866396761133604,0.49491525423728816,0.9958441558441559,988,8,88,876,0.7031180720386767,0.568151795278103,0.5197857766902783,e80e3482dba0257af13533ba45c1a20d8dfd230e5959c41c48c39df86761e9c3,41b280c320a37e197fa185eea560bb8e94895cf30008339e3eb64fbc2e9cf297,raw_light_geom_gate_0p050,,,0.05
raw_light_geom_gate_0p050,light_geometry_gate,False,0.7,0.6825107045754258,0.9304878048780488,0.43107344632768363,0.9989610389610389,820,2,48,763,0.7031180720386767,0.568151795278103,0.5197857766902783,e80e3482dba0257af13533ba45c1a20d8dfd230e5959c41c48c39df86761e9c3,6b33ef783f57a702373c224a07202926bf0c2f371ec5dc0d0b88ea0bd9ec4290,raw_light_geom_gate_0p050,,,0.05
raw_light_geom_gate_0p050,light_geometry_gate,False,0.7913603916882243,0.6048648168881179,0.9634340222575517,0.3423728813559322,0.9989610389610389,629,2,17,606,0.7031180720386767,0.568151795278103,0.5197857766902783,e80e3482dba0257af13533ba45c1a20d8dfd230e5959c41c48c39df86761e9c3,57d1c7783f39ce7e2edf42599d9cbff2667ca5c9a78e0e7c47a295817de22afd,raw_light_geom_gate_0p050,,,0.05
raw_light_geom_gate_0p050,light_geometry_gate,False,0.8,0.592170495247128,0.9668874172185431,0.32994350282485874,0.9989610389610389,604,2,14,584,0.7031180720386767,0.568151795278103,0.5197857766902783,e80e3482dba0257af13533ba45c1a20d8dfd230e5959c41c48c39df86761e9c3,f3c4a9ae0aa5e78a7bda6a0c45094e294a43bbe8e164569d5b64e10b624a7422,raw_light_geom_gate_0p050,,,0.05
raw_light_geom_gate_0p050,light_geometry_gate,False,0.9,0.39385126713751556,0.9844236760124611,0.17853107344632768,1.0,321,0,4,316,0.7031180720386767,0.568151795278103,0.5197857766902783,e80e3482dba0257af13533ba45c1a20d8dfd230e5959c41c48c39df86761e9c3,fef11e2eb380bb92dee448045178c8c1adaf8a2294afd93324577d6923302b25,raw_light_geom_gate_0p050,,,0.05
raw_light_geom_gate_0p050,light_geometry_gate,False,0.9796392009088043,0.001693002257336343,1.0,0.0005649717514124294,1.0,1,0,0,1,0.7031180720386767,0.568151795278103,0.5197857766902783,e80e3482dba0257af13533ba45c1a20d8dfd230e5959c41c48c39df86761e9c3,3bc84dbea1efbb2ed1e12876be81779c7cc248038773b482c76aa917a6211173,raw_light_geom_gate_0p050,,,0.05
raw_light_geom_gate_0p100,light_geometry_gate,False,0.0019159541974287288,0.3401511187006152,0.15795056751882888,0.8412429378531073,0.7693506493506493,9427,444,7099,1489,0.7033163099818067,0.5683564118136184,0.5199475617324544,0d64b5aa35c1cf5621e7d20b93705dcc80b73bf45bb567856ed013cf8fc0534b,33311a8e34fe081ef586dc54d8505cd189e1d465a63d9a334aeb953d5c23e6f2,raw_light_geom_gate_0p100,,,0.1
raw_light_geom_gate_0p100,light_geometry_gate,False,0.005511149948315647,0.4501242085031546,0.23436754176610977,0.8322033898305085,0.8358441558441558,6285,316,4228,1473,0.7033163099818067,0.5683564118136184,0.5199475617324544,0d64b5aa35c1cf5621e7d20b93705dcc80b73bf45bb567856ed013cf8fc0534b,978200f578c12829edfcd7d5551ad2517763f13a41459d79830a01928b1eeee1,raw_light_geom_gate_0p100,,,0.1
raw_light_geom_gate_0p100,light_geometry_gate,False,0.02324598998956704,0.6036915053570368,0.3789445770352692,0.8073446327683615,0.9158441558441559,3771,162,2032,1429,0.7033163099818067,0.5683564118136184,0.5199475617324544,0d64b5aa35c1cf5621e7d20b93705dcc80b73bf45bb567856ed013cf8fc0534b,1a5081dce010566f4b4c1e3f7acbe60616a3a1c0c9014a1c6c1884a5875b660c,raw_light_geom_gate_0p100,,,0.1
raw_light_geom_gate_0p100,light_geometry_gate,False,0.05,0.6772116653290587,0.47805046664362255,0.7813559322033898,0.944935064935065,2893,106,1299,1383,0.7033163099818067,0.5683564118136184,0.5199475617324544,0d64b5aa35c1cf5621e7d20b93705dcc80b73bf45bb567856ed013cf8fc0534b,c79602accb60e189b4b60de12add4177d8e89fd8024c351b3afc7eb68873c8df,raw_light_geom_gate_0p100,,,0.1
raw_light_geom_gate_0p100,light_geometry_gate,False,0.08054341052469029,0.7106793432719023,0.5365950676213206,0.7621468926553673,0.9563636363636363,2514,84,998,1349,0.7033163099818067,0.5683564118136184,0.5199475617324544,0d64b5aa35c1cf5621e7d20b93705dcc80b73bf45bb567856ed013cf8fc0534b,44b43ec2662a525a1ff5aa73e20e30124889035ab6b5593e5387994a5d80ff28,raw_light_geom_gate_0p100,,,0.1
raw_light_geom_gate_0p100,light_geometry_gate,False,0.1,0.7290522413886888,0.5729076790336497,0.7502824858757062,0.9646753246753247,2318,68,845,1328,0.7033163099818067,0.5683564118136184,0.5199475617324544,0d64b5aa35c1cf5621e7d20b93705dcc80b73bf45bb567856ed013cf8fc0534b,909816f9a9e901daa0d59bd2cb31aea946c4cc137898ea5bedb106e4a99e3b58,raw_light_geom_gate_0p100,,,0.1
raw_light_geom_gate_0p100,light_geometry_gate,False,0.15,0.7506151399750738,0.6306706114398422,0.7225988700564971,0.9735064935064935,2028,51,634,1279,0.7033163099818067,0.5683564118136184,0.5199475617324544,0d64b5aa35c1cf5621e7d20b93705dcc80b73bf45bb567856ed013cf8fc0534b,ad6ba9b2829487f8ad40ef1dc7a80e390b1306cbccbf5d538fa3926e5f64e4a8,raw_light_geom_gate_0p100,,,0.1
raw_light_geom_gate_0p100,light_geometry_gate,False,0.2,0.7617119189352961,0.6775082690187431,0.6943502824858757,0.9781818181818182,1814,42,492,1229,0.7033163099818067,0.5683564118136184,0.5199475617324544,0d64b5aa35c1cf5621e7d20b93705dcc80b73bf45bb567856ed013cf8fc0534b,c753847d72b0f87e1e48d765ccea8d64f98ce40fee08105033073949e0d8f3fa,raw_light_geom_gate_0p100,,,0.1
raw_light_geom_gate_0p100,light_geometry_gate,False,0.25,0.7690112451418984,0.7189582071471835,0.6706214689265537,0.9812987012987013,1651,36,383,1187,0.7033163099818067,0.5683564118136184,0.5199475617324544,0d64b5aa35c1cf5621e7d20b93705dcc80b73bf45bb567856ed013cf8fc0534b,5d6a6f2e48e805b772ab256aa3adb21a3ea2f8ca51ccf78c8eac964b720f191c,raw_light_geom_gate_0p100,,,0.1
raw_light_geom_gate_0p100,light_geometry_gate,False,0.3,0.7722907197829315,0.7519633507853403,0.6491525423728813,0.985974025974026,1528,27,313,1149,0.7033163099818067,0.5683564118136184,0.5199475617324544,0d64b5aa35c1cf5621e7d20b93705dcc80b73bf45bb567856ed013cf8fc0534b,9a13207d154acda6f319dde242080444ea66b1b5a8817833a2313faf05f32dc8,raw_light_geom_gate_0p100,,,0.1
raw_light_geom_gate_0p100,light_geometry_gate,False,0.35,0.7736336847594236,0.7805730258560447,0.6310734463276836,0.9880519480519481,1431,23,259,1117,0.7033163099818067,0.5683564118136184,0.5199475617324544,0d64b5aa35c1cf5621e7d20b93705dcc80b73bf45bb567856ed013cf8fc0534b,4b67eba16a67d3927251be085a7c1cf4cd9acc3964792433e1978c843baf25d4,raw_light_geom_gate_0p100,,,0.1
raw_light_geom_gate_0p100,light_geometry_gate,False,0.4,0.769724456528833,0.808446455505279,0.6056497175141243,0.9906493506493507,1326,18,210,1072,0.7033163099818067,0.5683564118136184,0.5199475617324544,0d64b5aa35c1cf5621e7d20b93705dcc80b73bf45bb567856ed013cf8fc0534b,aced11e367bd0e77b68dc5a57d48d5480aa10a23e3e98775744190b107ee95a3,raw_light_geom_gate_0p100,,,0.1
raw_light_geom_gate_0p100,light_geometry_gate,False,0.4386568894299436,0.7644156712885541,0.8257756563245824,0.5864406779661017,0.9916883116883117,1257,16,177,1038,0.7033163099818067,0.5683564118136184,0.5199475617324544,0d64b5aa35c1cf5621e7d20b93705dcc80b73bf45bb567856ed013cf8fc0534b,9aea843493ce47ac4fb3b182c026e470f08f3766050bc29554d67b52f6352584,raw_light_geom_gate_0p100,,,0.1
raw_light_geom_gate_0p100,light_geometry_gate,False,0.5,0.7565709810818233,0.8582608695652174,0.5576271186440678,0.9932467532467533,1150,13,128,987,0.7033163099818067,0.5683564118136184,0.5199475617324544,0d64b5aa35c1cf5621e7d20b93705dcc80b73bf45bb567856ed013cf8fc0534b,9b094e4787d8ddbb4942804466e4db9dd14efd2c271610edeea667e86b0643a8,raw_light_geom_gate_0p100,,,0.1
raw_light_geom_gate_0p100,light_geometry_gate,False,0.6,0.7217876485273454,0.8873096446700508,0.4937853107344633,0.9958441558441559,985,8,88,874,0.7033163099818067,0.5683564118136184,0.5199475617324544,0d64b5aa35c1cf5621e7d20b93705dcc80b73bf45bb567856ed013cf8fc0534b,b1ea70cff8c6256ff0f41eb689dc6148f74bd4f697d54667285972dd01a5feea,raw_light_geom_gate_0p100,,,0.1
raw_light_geom_gate_0p100,light_geometry_gate,False,0.7,0.6822266648912545,0.9315403422982885,0.43050847457627117,0.9989610389610389,818,2,47,762,0.7033163099818067,0.5683564118136184,0.5199475617324544,0d64b5aa35c1cf5621e7d20b93705dcc80b73bf45bb567856ed013cf8fc0534b,27025ea70a9a08a473be3efac508fac551ae9070275e28fc31f47b4e1d282d96,raw_light_geom_gate_0p100,,,0.1
raw_light_geom_gate_0p100,light_geometry_gate,False,0.7906459727707391,0.6056612251788039,0.9650238473767886,0.34293785310734465,0.9989610389610389,629,2,16,607,0.7033163099818067,0.5683564118136184,0.5199475617324544,0d64b5aa35c1cf5621e7d20b93705dcc80b73bf45bb567856ed013cf8fc0534b,e06304ccced174396b5f67c8bc2b6a7322badb5b1da61077c8823b9a1cdfeefd,raw_light_geom_gate_0p100,,,0.1
raw_light_geom_gate_0p100,light_geometry_gate,False,0.8,0.5909418755563909,0.9667774086378738,0.3288135593220339,0.9989610389610389,602,2,14,582,0.7033163099818067,0.5683564118136184,0.5199475617324544,0d64b5aa35c1cf5621e7d20b93705dcc80b73bf45bb567856ed013cf8fc0534b,a3c85aab49793e679f4bad27cff873d43a49f043b81bd9735b566cec7ed10b07,raw_light_geom_gate_0p100,,,0.1
raw_light_geom_gate_0p100,light_geometry_gate,False,0.9,0.39108704706372344,0.9842767295597484,0.1768361581920904,1.0,318,0,4,313,0.7033163099818067,0.5683564118136184,0.5199475617324544,0d64b5aa35c1cf5621e7d20b93705dcc80b73bf45bb567856ed013cf8fc0534b,1a6c0d57e239ba7bf8458777e8c28c8063c0033e40bfb79df1a302901210fb06,raw_light_geom_gate_0p100,,,0.1
raw_light_geom_gate_0p100,light_geometry_gate,False,0.9795381993906981,0.001693002257336343,1.0,0.0005649717514124294,1.0,1,0,0,1,0.7033163099818067,0.5683564118136184,0.5199475617324544,0d64b5aa35c1cf5621e7d20b93705dcc80b73bf45bb567856ed013cf8fc0534b,3bc84dbea1efbb2ed1e12876be81779c7cc248038773b482c76aa917a6211173,raw_light_geom_gate_0p100,,,0.1
raw_light_geom_gate_0p200,light_geometry_gate,False,0.0017122162667392597,0.3401511187006152,0.15795056751882888,0.8412429378531073,0.7693506493506493,9427,444,7099,1489,0.7032763354448517,0.5681752664270182,0.5198208160743638,e78c5b2265f28bfdb81e5f5ee4e81a08e826bfc8839f376eee9162074ebdb80c,7571257ac0471cfc8a5fd1dba9c5bd1f7f2e2a044d5fc975a7c3d6a467f0ccd3,raw_light_geom_gate_0p200,,,0.2
raw_light_geom_gate_0p200,light_geometry_gate,False,0.004952446001098652,0.4501242085031546,0.23436754176610977,0.8322033898305085,0.8358441558441558,6285,316,4227,1473,0.7032763354448517,0.5681752664270182,0.5198208160743638,e78c5b2265f28bfdb81e5f5ee4e81a08e826bfc8839f376eee9162074ebdb80c,2e39ecc28ee6f23d883490aec0a9dcad9e5765b4ea079b090494e48808010290,raw_light_geom_gate_0p200,,,0.2
raw_light_geom_gate_0p200,light_geometry_gate,False,0.02115164064787797,0.6040963755782077,0.379209758684699,0.807909604519774,0.9163636363636364,3771,161,2032,1430,0.7032763354448517,0.5681752664270182,0.5198208160743638,e78c5b2265f28bfdb81e5f5ee4e81a08e826bfc8839f376eee9162074ebdb80c,0661d5f5e3bddb269d472b6d1ac10268a0f52c874580ccd667dc8cbbc55cca99,raw_light_geom_gate_0p200,,,0.2
raw_light_geom_gate_0p200,light_geometry_gate,False,0.05,0.6831585697514437,0.48744251857092324,0.7785310734463277,0.9475324675324676,2827,101,1252,1378,0.7032763354448517,0.5681752664270182,0.5198208160743638,e78c5b2265f28bfdb81e5f5ee4e81a08e826bfc8839f376eee9162074ebdb80c,3f2072d20c72e227f7195dd00170534bc9ab76a78da67f5c286f05115c6fb66d,raw_light_geom_gate_0p200,,,0.2
raw_light_geom_gate_0p200,light_geometry_gate,False,0.0751210608296102,0.7107749243346152,0.5365950676213206,0.7621468926553673,0.9568831168831169,2514,83,998,1349,0.7032763354448517,0.5681752664270182,0.5198208160743638,e78c5b2265f28bfdb81e5f5ee4e81a08e826bfc8839f376eee9162074ebdb80c,52d9ecf62a5b91bbb04893ffbf8645ae990929c851b8f4ea57c012ede1c1f6d2,raw_light_geom_gate_0p200,,,0.2
raw_light_geom_gate_0p200,light_geometry_gate,False,0.1,0.7340167070098748,0.5833333333333334,0.747457627118644,0.9662337662337662,2268,65,804,1323,0.7032763354448517,0.5681752664270182,0.5198208160743638,e78c5b2265f28bfdb81e5f5ee4e81a08e826bfc8839f376eee9162074ebdb80c,e40601e668ab680b6b714764252c7df6c819b2c515086e8f9d6ba4a50cd821c3,raw_light_geom_gate_0p200,,,0.2
raw_light_geom_gate_0p200,light_geometry_gate,False,0.15,0.7535726785325338,0.6387355745107878,0.7192090395480226,0.9755844155844156,1993,47,611,1273,0.7032763354448517,0.5681752664270182,0.5198208160743638,e78c5b2265f28bfdb81e5f5ee4e81a08e826bfc8839f376eee9162074ebdb80c,0e5625c0535306e1baca37409f7d8a3e7de59ad227d690792bc8de71ecb7de05,raw_light_geom_gate_0p200,,,0.2
raw_light_geom_gate_0p200,light_geometry_gate,False,0.2,0.7625298080558115,0.6824776785714286,0.6909604519774011,0.9787012987012987,1792,41,477,1223,0.7032763354448517,0.5681752664270182,0.5198208160743638,e78c5b2265f28bfdb81e5f5ee4e81a08e826bfc8839f376eee9162074ebdb80c,9795d598906a658b4295c6e02019b67766d69955470e4914379803d6b54c6862,raw_light_geom_gate_0p200,,,0.2
raw_light_geom_gate_0p200,light_geometry_gate,False,0.25,0.77154366248469,0.7278325123152709,0.6677966101694915,0.9833766233766233,1624,32,365,1182,0.7032763354448517,0.5681752664270182,0.5198208160743638,e78c5b2265f28bfdb81e5f5ee4e81a08e826bfc8839f376eee9162074ebdb80c,32972741fbadbe3dceea59bf8c1cd3e486874b24c4ac46e9c112fa3296063cd5,raw_light_geom_gate_0p200,,,0.2
raw_light_geom_gate_0p200,light_geometry_gate,False,0.3,0.7720943449843706,0.7546174142480211,0.6463276836158192,0.987012987012987,1516,25,308,1144,0.7032763354448517,0.5681752664270182,0.5198208160743638,e78c5b2265f28bfdb81e5f5ee4e81a08e826bfc8839f376eee9162074ebdb80c,dcd20aaa1adb52537e35227262cf0666060bc60995e55c9bea3c209a148d5688,raw_light_geom_gate_0p200,,,0.2
raw_light_geom_gate_0p200,light_geometry_gate,False,0.35,0.7747914916651528,0.7875354107648725,0.6282485875706215,0.9896103896103896,1412,20,251,1112,0.7032763354448517,0.5681752664270182,0.5198208160743638,e78c5b2265f28bfdb81e5f5ee4e81a08e826bfc8839f376eee9162074ebdb80c,4fa0e2b7e5d95a7037f705b6953e77a8a342888be3f100de0575c58833cca3c3,raw_light_geom_gate_0p200,,,0.2
raw_light_geom_gate_0p200,light_geometry_gate,False,0.4,0.7700968372933931,0.8134044173648134,0.6033898305084746,0.9911688311688311,1313,17,202,1068,0.7032763354448517,0.5681752664270182,0.5198208160743638,e78c5b2265f28bfdb81e5f5ee4e81a08e826bfc8839f376eee9162074ebdb80c,7d12355769e634ba6b06fbf2107444fdd63d180a8af09d90bbedffd8056cf6fa,raw_light_geom_gate_0p200,,,0.2
raw_light_geom_gate_0p200,light_geometry_gate,False,0.43306954464463326,0.7644156712885541,0.8257756563245824,0.5864406779661017,0.9916883116883117,1257,16,177,1038,0.7032763354448517,0.5681752664270182,0.5198208160743638,e78c5b2265f28bfdb81e5f5ee4e81a08e826bfc8839f376eee9162074ebdb80c,fd0eb470c2bfba58e2d85293b85b1f2f060e1e226f2011122ba94d8eed8c4a75,raw_light_geom_gate_0p200,,,0.2
raw_light_geom_gate_0p200,light_geometry_gate,False,0.5,0.7567891103924314,0.8631578947368421,0.5559322033898305,0.9932467532467533,1140,13,122,984,0.7032763354448517,0.5681752664270182,0.5198208160743638,e78c5b2265f28bfdb81e5f5ee4e81a08e826bfc8839f376eee9162074ebdb80c,ed29de1fe55ac73fc951abaf61a4d6e01497d51be233fb81bc7a6da3fce2e18b,raw_light_geom_gate_0p200,,,0.2
raw_light_geom_gate_0p200,light_geometry_gate,False,0.6,0.7211301857989377,0.8879837067209776,0.49265536723163844,0.9958441558441559,982,8,88,872,0.7032763354448517,0.5681752664270182,0.5198208160743638,e78c5b2265f28bfdb81e5f5ee4e81a08e826bfc8839f376eee9162074ebdb80c,697b9447ec33b1f710bad55eae819bb656025dd9f926f7ac62c6310c1c4bdfe3,raw_light_geom_gate_0p200,,,0.2
raw_light_geom_gate_0p200,light_geometry_gate,False,0.7,0.6821458759330503,0.9337423312883436,0.42994350282485877,0.9989610389610389,815,2,45,761,0.7032763354448517,0.5681752664270182,0.5198208160743638,e78c5b2265f28bfdb81e5f5ee4e81a08e826bfc8839f376eee9162074ebdb80c,60da84e8285306207efcda1d8bcdfd284d87c5760ae5e4b6ffdb05fe977b1875,raw_light_geom_gate_0p200,,,0.2
raw_light_geom_gate_0p200,light_geometry_gate,False,0.7897784861459909,0.6056612251788039,0.9650238473767886,0.34293785310734465,0.9989610389610389,629,2,16,607,0.7032763354448517,0.5681752664270182,0.5198208160743638,e78c5b2265f28bfdb81e5f5ee4e81a08e826bfc8839f376eee9162074ebdb80c,e06304ccced174396b5f67c8bc2b6a7322badb5b1da61077c8823b9a1cdfeefd,raw_light_geom_gate_0p200,,,0.2
raw_light_geom_gate_0p200,light_geometry_gate,False,0.8,0.5886744047153525,0.9681742043551089,0.32655367231638416,0.9989610389610389,597,2,13,578,0.7032763354448517,0.5681752664270182,0.5198208160743638,e78c5b2265f28bfdb81e5f5ee4e81a08e826bfc8839f376eee9162074ebdb80c,00344ee0c28a682cff84c8950998c30580a6cb3b33cb6fc37cd75a3d86b519f8,raw_light_geom_gate_0p200,,,0.2
raw_light_geom_gate_0p200,light_geometry_gate,False,0.9,0.39108704706372344,0.9842767295597484,0.1768361581920904,1.0,318,0,4,313,0.7032763354448517,0.5681752664270182,0.5198208160743638,e78c5b2265f28bfdb81e5f5ee4e81a08e826bfc8839f376eee9162074ebdb80c,1a6c0d57e239ba7bf8458777e8c28c8063c0033e40bfb79df1a302901210fb06,raw_light_geom_gate_0p200,,,0.2
raw_light_geom_gate_0p200,light_geometry_gate,False,0.9793361963544858,0.001693002257336343,1.0,0.0005649717514124294,1.0,1,0,0,1,0.7032763354448517,0.5681752664270182,0.5198208160743638,e78c5b2265f28bfdb81e5f5ee4e81a08e826bfc8839f376eee9162074ebdb80c,3bc84dbea1efbb2ed1e12876be81779c7cc248038773b482c76aa917a6211173,raw_light_geom_gate_0p200,,,0.2
