score_col,mode_family,ap_rank_preserving_by_design,threshold,cal_balanced,cal_precision,cal_recall,cal_unknown_reject,cal_num_accepted,cal_unknown_false_accept,cal_background_false_accepts,cal_tp_known,cal_AP50,cal_AP75,cal_AP,stream_hash,acceptance_mask_hash,canonical_stream,alpha,gamma,beta
raw_score,raw,True,0.002119806769769575,0.3401511187006152,0.15795056751882888,0.8412429378531073,0.7693506493506493,9427,444,7097,1489,0.7031008719507358,0.5682894346237968,0.5198666723520451,311ac8bae1936c27365f0a47515fa2d024d3b6c86acabd1c2148f78f21f9207a,bd9d793596588ea4580c76b43eae96aec42b91fd837a32e3c718d4facf886992,raw_score,,,
raw_score,raw,True,0.00606468482874325,0.4501242085031546,0.23436754176610977,0.8322033898305085,0.8358441558441558,6285,316,4228,1473,0.7031008719507358,0.5682894346237968,0.5198666723520451,311ac8bae1936c27365f0a47515fa2d024d3b6c86acabd1c2148f78f21f9207a,2a21e30f486a2d7cd5dcc6aee8bce1b029e2ed67c33fd4376b44cea260c5107c,raw_score,,,
raw_score,raw,True,0.025298735126852958,0.6036162344344169,0.3789445770352692,0.8073446327683615,0.9153246753246753,3771,163,2031,1429,0.7031008719507358,0.5682894346237968,0.5198666723520451,311ac8bae1936c27365f0a47515fa2d024d3b6c86acabd1c2148f78f21f9207a,d395e6c9d65d68eb3c58f51aacb07a57b7e2ed82e92d1e610f9fb7b3c9d439e9,raw_score,,,
raw_score,raw,True,0.05,0.6713156241754082,0.4688026981450253,0.7853107344632768,0.9412987012987013,2965,113,1355,1390,0.7031008719507358,0.5682894346237968,0.5198666723520451,311ac8bae1936c27365f0a47515fa2d024d3b6c86acabd1c2148f78f21f9207a,1d859695ba0cf4ffa8c63750c1b678b1dd02fb0be260afa51143493bc2adb51e,raw_score,,,
raw_score,raw,True,0.08611611574888238,0.7099960530684624,0.5361972951471758,0.7615819209039548,0.9548051948051948,2514,87,996,1348,0.7031008719507358,0.5682894346237968,0.5198666723520451,311ac8bae1936c27365f0a47515fa2d024d3b6c86acabd1c2148f78f21f9207a,8d9a208540327f35bb47d839ec64382b65497e888fda8a94f138a2f746c86f16,raw_score,,,
raw_score,raw,True,0.1,0.7237705411424787,0.5622895622895623,0.7548022598870057,0.96,2376,77,884,1336,0.7031008719507358,0.5682894346237968,0.5198666723520451,311ac8bae1936c27365f0a47515fa2d024d3b6c86acabd1c2148f78f21f9207a,02f292985033ddd9631c73dc700d0f5b1ba75f62c69cd681fa2f6dda7e309063,raw_score,,,
raw_score,raw,True,0.15,0.750429356502072,0.6264591439688716,0.727683615819209,0.9735064935064935,2056,51,652,1288,0.7031008719507358,0.5682894346237968,0.5198666723520451,311ac8bae1936c27365f0a47515fa2d024d3b6c86acabd1c2148f78f21f9207a,60ed8b6104f7c77b532d333d9962d097245a5b9c259f690acb8469547d016231,raw_score,,,
raw_score,raw,True,0.2,0.7614761158697816,0.6719088937093276,0.7,0.9776623376623377,1844,43,510,1239,0.7031008719507358,0.5682894346237968,0.5198666723520451,311ac8bae1936c27365f0a47515fa2d024d3b6c86acabd1c2148f78f21f9207a,91876d41b191576ccc443f7cd322ebaacb78c1735ef9cdd7a5551c9de09bfed3,raw_score,,,
raw_score,raw,True,0.25,0.7671286240989166,0.7123205741626795,0.6728813559322034,0.9797402597402597,1672,39,394,1191,0.7031008719507358,0.5682894346237968,0.5198666723520451,311ac8bae1936c27365f0a47515fa2d024d3b6c86acabd1c2148f78f21f9207a,2cfd3917b3f2568c3873539b60c302be78d1bea0ee025c275fdf5db6c77b6a7f,raw_score,,,
raw_score,raw,True,0.3,0.771966451908514,0.7478937135450421,0.6519774011299435,0.9849350649350649,1543,29,320,1154,0.7031008719507358,0.5682894346237968,0.5198666723520451,311ac8bae1936c27365f0a47515fa2d024d3b6c86acabd1c2148f78f21f9207a,3167cb1edf8278ccb04224c8811026ce062257f05ebb6752dd3501d5da398434,raw_score,,,
raw_score,raw,True,0.35,0.7737878411568285,0.7779319916724496,0.6333333333333333,0.9875324675324675,1441,24,263,1121,0.7031008719507358,0.5682894346237968,0.5198666723520451,311ac8bae1936c27365f0a47515fa2d024d3b6c86acabd1c2148f78f21f9207a,83f3fb91f66285ccc575518687a8e72198481771ba4016706051b9ce23af806b,raw_score,,,
raw_score,raw,True,0.4,0.7702510779324558,0.8055347793567689,0.6084745762711864,0.9901298701298701,1337,19,215,1077,0.7031008719507358,0.5682894346237968,0.5198666723520451,311ac8bae1936c27365f0a47515fa2d024d3b6c86acabd1c2148f78f21f9207a,c709d1c60cfcdad1244b1cfab5b2a2795c6bb6ee780ada69499204014069da15,raw_score,,,
raw_score,raw,True,0.44400383234024043,0.7649627478814359,0.8265712012728719,0.5870056497175141,0.9916883116883117,1257,16,176,1039,0.7031008719507358,0.5682894346237968,0.5198666723520451,311ac8bae1936c27365f0a47515fa2d024d3b6c86acabd1c2148f78f21f9207a,03e25cf2b2e4755e1353477b06289218ed5f77296c4dcfaaa024bac8e97d2938,raw_score,,,
raw_score,raw,True,0.5,0.7568319859313875,0.8556611927398444,0.559322033898305,0.9927272727272727,1157,14,131,990,0.7031008719507358,0.5682894346237968,0.5198666723520451,311ac8bae1936c27365f0a47515fa2d024d3b6c86acabd1c2148f78f21f9207a,380aa92258ca685e1c76cca9b80ada6224458c541eaf9d3af7dec4e8fc0da0dd,raw_score,,,
raw_score,raw,True,0.6,0.7222447540988544,0.8857431749241659,0.49491525423728816,0.9958441558441559,989,8,89,876,0.7031008719507358,0.5682894346237968,0.5198666723520451,311ac8bae1936c27365f0a47515fa2d024d3b6c86acabd1c2148f78f21f9207a,ef4cd61f690ab8e8fdb0f0d20b5c1ad4cbbdffd795712a8be58e249499c22530,raw_score,,,
raw_score,raw,True,0.7,0.6825107045754258,0.9304878048780488,0.43107344632768363,0.9989610389610389,820,2,48,763,0.7031008719507358,0.5682894346237968,0.5198666723520451,311ac8bae1936c27365f0a47515fa2d024d3b6c86acabd1c2148f78f21f9207a,6b33ef783f57a702373c224a07202926bf0c2f371ec5dc0d0b88ea0bd9ec4290,raw_score,,,
raw_score,raw,True,0.7921064376831046,0.6048648168881179,0.9634340222575517,0.3423728813559322,0.9989610389610389,629,2,17,606,0.7031008719507358,0.5682894346237968,0.5198666723520451,311ac8bae1936c27365f0a47515fa2d024d3b6c86acabd1c2148f78f21f9207a,57d1c7783f39ce7e2edf42599d9cbff2667ca5c9a78e0e7c47a295817de22afd,raw_score,,,
raw_score,raw,True,0.8,0.5933957955436259,0.966996699669967,0.3310734463276836,0.9989610389610389,606,2,14,586,0.7031008719507358,0.5682894346237968,0.5198666723520451,311ac8bae1936c27365f0a47515fa2d024d3b6c86acabd1c2148f78f21f9207a,9f053733c9e335d54947135c8300664da24cd48e556828320312b42f9c46446b,raw_score,,,
raw_score,raw,True,0.9,0.39476961394769616,0.984472049689441,0.1790960451977401,1.0,322,0,4,317,0.7031008719507358,0.5682894346237968,0.5198666723520451,311ac8bae1936c27365f0a47515fa2d024d3b6c86acabd1c2148f78f21f9207a,e9af8180e2184c1acbe9ee748885cd35c6ac0638a653e250ee5b0816e5fd7f14,raw_score,,,
raw_score,raw,True,0.9797402024269104,0.001693002257336343,1.0,0.0005649717514124294,1.0,1,0,0,1,0.7031008719507358,0.5682894346237968,0.5198666723520451,311ac8bae1936c27365f0a47515fa2d024d3b6c86acabd1c2148f78f21f9207a,3bc84dbea1efbb2ed1e12876be81779c7cc248038773b482c76aa917a6211173,raw_score,,,
geometry_risk_score,geometry,False,0.029626721972204898,0.34114500522476354,0.1581627240903787,0.8423728813559322,0.7787012987012987,9427,426,7183,1491,0.6971600901243062,0.5640147828836483,0.5148017704617917,964cd1231d6407329a6058b143ea9104ca42d95c7a259a1f88916949f0aa2b20,1c441400c5b9dcd9b11ec582719b90e704cab1f3ba9b03c1c14a847bffa471c2,geometry_risk_score,,,
geometry_risk_score,geometry,False,0.05,0.39994109545783746,0.1963173930321897,0.8372881355932204,0.8244155844155844,7549,338,5465,1482,0.6971600901243062,0.5640147828836483,0.5148017704617917,964cd1231d6407329a6058b143ea9104ca42d95c7a259a1f88916949f0aa2b20,8713ad9379b4569b3f76358c62b94386e79f2061a62f86b4a3ef0cd958ebb1ec,geometry_risk_score,,,
geometry_risk_score,geometry,False,0.07043896664768304,0.45203215280166625,0.23420843277645187,0.831638418079096,0.8587012987012987,6285,272,4315,1472,0.6971600901243062,0.5640147828836483,0.5148017704617917,964cd1231d6407329a6058b143ea9104ca42d95c7a259a1f88916949f0aa2b20,24b65c9a8ea53ef15f94067c79af500aa28abd156436a0a8957d6ee4b135f06f,geometry_risk_score,,,
geometry_risk_score,geometry,False,0.1,0.5098043208657208,0.2817009813353858,0.8271186440677966,0.8883116883116883,5197,215,3343,1464,0.6971600901243062,0.5640147828836483,0.5148017704617917,964cd1231d6407329a6058b143ea9104ca42d95c7a259a1f88916949f0aa2b20,5bb91b60fe52488a7b9672067f3ee9c1d59e04254227eb02a13e6ac6abc0f817,geometry_risk_score,,,
geometry_risk_score,geometry,False,0.15,0.5712418393643194,0.3409681227863046,0.8158192090395481,0.9148051948051948,4235,164,2475,1444,0.6971600901243062,0.5640147828836483,0.5148017704617917,964cd1231d6407329a6058b143ea9104ca42d95c7a259a1f88916949f0aa2b20,f3c03024e4255c4327f655ba9b4ec375dda6e66f4f07b5d3a286ef4abea4fcbb,geometry_risk_score,,,
geometry_risk_score,geometry,False,0.1851840107564186,0.6051083482112486,0.37841421373640943,0.8062146892655367,0.9303896103896104,3771,134,2077,1427,0.6971600901243062,0.5640147828836483,0.5148017704617917,964cd1231d6407329a6058b143ea9104ca42d95c7a259a1f88916949f0aa2b20,6a5f5615dd1d118992b37618a098d8a73973eb1dd8f468dea8be518d7da107c3,geometry_risk_score,,,
geometry_risk_score,geometry,False,0.2,0.6165395142516202,0.39157952669235,0.803954802259887,0.9361038961038961,3634,123,1961,1423,0.6971600901243062,0.5640147828836483,0.5148017704617917,964cd1231d6407329a6058b143ea9104ca42d95c7a259a1f88916949f0aa2b20,0e70c68e54c469c6a404720ad634c706dcd634c3206b085286c86f83eb2d2e98,geometry_risk_score,,,
geometry_risk_score,geometry,False,0.25,0.6492882618438911,0.4330055316533497,0.796045197740113,0.948051948051948,3254,100,1633,1409,0.6971600901243062,0.5640147828836483,0.5148017704617917,964cd1231d6407329a6058b143ea9104ca42d95c7a259a1f88916949f0aa2b20,e8d374c93012a1789fa830ad024c7b5865c31bf7217cb9b23add3f3b59c83cc8,geometry_risk_score,,,
geometry_risk_score,geometry,False,0.3,0.6730172456424196,0.4671361502347418,0.7870056497175141,0.9558441558441558,2982,85,1407,1393,0.6971600901243062,0.5640147828836483,0.5148017704617917,964cd1231d6407329a6058b143ea9104ca42d95c7a259a1f88916949f0aa2b20,53dc2eb1e99c70c15d845b6c1323ded2636fb4ebca6ba52e1323b23d477b98a8,geometry_risk_score,,,
geometry_risk_score,geometry,False,0.35,0.6904167509147713,0.496199782844734,0.7745762711864407,0.9625974025974026,2763,72,1234,1371,0.6971600901243062,0.5640147828836483,0.5148017704617917,964cd1231d6407329a6058b143ea9104ca42d95c7a259a1f88916949f0aa2b20,ee219d87deed532c9bf030e9e2736fe8cb29f3d0366c516a082a58e077f8e3e1,geometry_risk_score,,,
geometry_risk_score,geometry,False,0.4,0.7056823920845504,0.5231481481481481,0.7661016949152543,0.9667532467532467,2592,64,1095,1356,0.6971600901243062,0.5640147828836483,0.5148017704617917,964cd1231d6407329a6058b143ea9104ca42d95c7a259a1f88916949f0aa2b20,f9876338fc74c21d52c0f37cba30b438371e8f33e1baff033c4f01cae4b725c7,geometry_risk_score,,,
geometry_risk_score,geometry,False,0.4224173523493174,0.7123408927201187,0.535799522673031,0.7610169491525424,0.9698701298701299,2514,58,1038,1347,0.6971600901243062,0.5640147828836483,0.5148017704617917,964cd1231d6407329a6058b143ea9104ca42d95c7a259a1f88916949f0aa2b20,22a38462a9c51aa06cbcf320fc97f337e642b163e45d49e899f9631923824990,geometry_risk_score,,,
geometry_risk_score,geometry,False,0.5,0.7329627137497549,0.5823346648912561,0.7412429378531074,0.974025974025974,2253,50,832,1312,0.6971600901243062,0.5640147828836483,0.5148017704617917,964cd1231d6407329a6058b143ea9104ca42d95c7a259a1f88916949f0aa2b20,eb92dfa16ae431f9aeb48e5d15241027e8f2cafda6f42d59b5b1904748e409d1,geometry_risk_score,,,
geometry_risk_score,geometry,False,0.6,0.7520705527485826,0.6344139650872818,0.7186440677966102,0.9792207792207792,2005,40,642,1272,0.6971600901243062,0.5640147828836483,0.5148017704617917,964cd1231d6407329a6058b143ea9104ca42d95c7a259a1f88916949f0aa2b20,d5ac2bbe9704138d3b7455659d4cdd9fb7b00292b986f750d393f3638faf26d6,geometry_risk_score,,,
geometry_risk_score,geometry,False,0.7,0.7626224844542807,0.6887492861222159,0.6813559322033899,0.985974025974026,1751,27,472,1206,0.6971600901243062,0.5640147828836483,0.5148017704617917,964cd1231d6407329a6058b143ea9104ca42d95c7a259a1f88916949f0aa2b20,4c4ee5c1c9830ea6ff45ba084278c6d94d2fb58a06d893973f1fb00acdbca5a1,geometry_risk_score,,,
geometry_risk_score,geometry,False,0.8,0.7710401369653986,0.7493455497382199,0.6468926553672316,0.9896103896103896,1528,20,326,1145,0.6971600901243062,0.5640147828836483,0.5148017704617917,964cd1231d6407329a6058b143ea9104ca42d95c7a259a1f88916949f0aa2b20,127478f63b79b022418e4b4add181712c2178bc0d27935610a2f7c2247c94f11,geometry_risk_score,,,
geometry_risk_score,geometry,False,0.8976847129176919,0.7650657412410872,0.8265712012728719,0.5870056497175141,0.9922077922077922,1257,15,181,1039,0.6971600901243062,0.5640147828836483,0.5148017704617917,964cd1231d6407329a6058b143ea9104ca42d95c7a259a1f88916949f0aa2b20,75c03233b5733de1c851b6324ae4b66ba15c007fd95195186d5839ee68bd5c95,geometry_risk_score,,,
geometry_risk_score,geometry,False,0.9,0.7655778726871842,0.8302642113690952,0.5858757062146893,0.9927272727272727,1249,14,177,1037,0.6971600901243062,0.5640147828836483,0.5148017704617917,964cd1231d6407329a6058b143ea9104ca42d95c7a259a1f88916949f0aa2b20,cc4e7f1140acfd1a1fd9dc2790e422b75117982a0b2066d8b122099295a73c96,geometry_risk_score,,,
geometry_risk_score,geometry,False,0.9862464945006165,0.6073164120047665,0.9682034976152624,0.3440677966101695,0.9994805194805195,629,1,17,609,0.6971600901243062,0.5640147828836483,0.5148017704617917,964cd1231d6407329a6058b143ea9104ca42d95c7a259a1f88916949f0aa2b20,8364c0e02dadb4044a73529c81b35e66aed8777fb90487b41c803664347e0237,geometry_risk_score,,,
geometry_risk_score,geometry,False,0.9993767835291122,0.001693002257336343,1.0,0.0005649717514124294,1.0,1,0,0,1,0.6971600901243062,0.5640147828836483,0.5148017704617917,964cd1231d6407329a6058b143ea9104ca42d95c7a259a1f88916949f0aa2b20,a6bee8931c5d3cfef904ea122c487f11a534a7bf366399be36c2ca1a61e6be4e,geometry_risk_score,,,
geometry_alpha_0p050,alpha_blend,False,0.003809295838638576,0.34087791495198905,0.1581627240903787,0.8423728813559322,0.7745454545454545,9427,434,7127,1491,0.7029247585544784,0.5679389380426711,0.519721503634428,79c07b78ce26ff227995709143f6ac2573a27a433b9b7f45984c356bbb9786a3,61aa3db6980bfeb03fe2d91dcae272b3a7325a1216c955ec1265bce73f7afdef,geometry_alpha_0p050,0.05,,
geometry_alpha_0p050,alpha_blend,False,0.009493470262968302,0.45062563848715315,0.2345266507557677,0.8327683615819209,0.8384415584415584,6285,311,4244,1474,0.7029247585544784,0.5679389380426711,0.519721503634428,79c07b78ce26ff227995709143f6ac2573a27a433b9b7f45984c356bbb9786a3,4dac6e59a6dc433d404a45969138a3afd9cb6a34cbeed7a85a551a2ceacd1877,geometry_alpha_0p050,0.05,,
geometry_alpha_0p050,alpha_blend,False,0.03336068708748252,0.6050847656426723,0.3800053036329886,0.8096045197740113,0.9163636363636364,3771,161,2032,1433,0.7029247585544784,0.5679389380426711,0.519721503634428,79c07b78ce26ff227995709143f6ac2573a27a433b9b7f45984c356bbb9786a3,1c4afb66d2e366899ae1196d73ae4f90e8182fb82767e9c67ec2c7c3c583a197,geometry_alpha_0p050,0.05,,
geometry_alpha_0p050,alpha_blend,False,0.05,0.6491019110457763,0.4359133126934985,0.7954802259887006,0.934025974025974,3230,127,1576,1408,0.7029247585544784,0.5679389380426711,0.519721503634428,79c07b78ce26ff227995709143f6ac2573a27a433b9b7f45984c356bbb9786a3,479eb32a637056a06603abac589237a2b38abc9724fedd4315db621838a58dbd,geometry_alpha_0p050,0.05,,
geometry_alpha_0p050,alpha_blend,False,0.1,0.7118942252747326,0.5363924050632911,0.7661016949152543,0.9574025974025974,2528,82,1007,1356,0.7029247585544784,0.5679389380426711,0.519721503634428,79c07b78ce26ff227995709143f6ac2573a27a433b9b7f45984c356bbb9786a3,c7c7aa6d99042314b0859ac255b79fef039435c8aac8d73ddd765c7eca88537a,geometry_alpha_0p050,0.05,,
geometry_alpha_0p050,alpha_blend,False,0.10158384026470378,0.7126470416105811,0.5381861575178998,0.764406779661017,0.9584415584415584,2514,80,1000,1353,0.7029247585544784,0.5679389380426711,0.519721503634428,79c07b78ce26ff227995709143f6ac2573a27a433b9b7f45984c356bbb9786a3,65f17f0b3ea1eeafea96e0575672997ed54c47c4c6e22eed8d4ddda5e71b6a9a,geometry_alpha_0p050,0.05,,
geometry_alpha_0p050,alpha_blend,False,0.15,0.744039473640102,0.6070599163957269,0.7384180790960452,0.9703896103896104,2153,57,721,1307,0.7029247585544784,0.5679389380426711,0.519721503634428,79c07b78ce26ff227995709143f6ac2573a27a433b9b7f45984c356bbb9786a3,5e84c5b70c62af6a8aa7455c96638aae5fba48b4dda66c73fe677db654128c83,geometry_alpha_0p050,0.05,,
geometry_alpha_0p050,alpha_blend,False,0.2,0.7558496015506182,0.6506211180124224,0.7101694915254237,0.9766233766233766,1932,45,573,1257,0.7029247585544784,0.5679389380426711,0.519721503634428,79c07b78ce26ff227995709143f6ac2573a27a433b9b7f45984c356bbb9786a3,63a7da663a920b364068323074f21995518b0e34fd35e26e4e40bebb471116aa,geometry_alpha_0p050,0.05,,
geometry_alpha_0p050,alpha_blend,False,0.25,0.7639809726147319,0.6927917620137299,0.6841807909604519,0.9787012987012987,1748,41,447,1211,0.7029247585544784,0.5679389380426711,0.519721503634428,79c07b78ce26ff227995709143f6ac2573a27a433b9b7f45984c356bbb9786a3,c5f3a6606449a00237cd595c11c220fb824a7caab0d67ad1066c78d628587e26,geometry_alpha_0p050,0.05,,
geometry_alpha_0p050,alpha_blend,False,0.3,0.7714011465638173,0.7335834896810507,0.6627118644067796,0.9833766233766233,1599,32,352,1173,0.7029247585544784,0.5679389380426711,0.519721503634428,79c07b78ce26ff227995709143f6ac2573a27a433b9b7f45984c356bbb9786a3,738ed1d0bb71c82cd957e787518761df377da057d671f09fd988800c029caa49,geometry_alpha_0p050,0.05,,
geometry_alpha_0p050,alpha_blend,False,0.35,0.7723419193098726,0.7619047619047619,0.6418079096045197,0.9864935064935065,1491,26,292,1136,0.7029247585544784,0.5679389380426711,0.519721503634428,79c07b78ce26ff227995709143f6ac2573a27a433b9b7f45984c356bbb9786a3,5c1cdfc19c6c07f59d3ae0c8db95a01b2e3c0a4f033902a056c6edcc17ce3f0c,geometry_alpha_0p050,0.05,,
geometry_alpha_0p050,alpha_blend,False,0.4,0.7714431797341165,0.7943313953488372,0.6175141242937853,0.9896103896103896,1376,20,233,1093,0.7029247585544784,0.5679389380426711,0.519721503634428,79c07b78ce26ff227995709143f6ac2573a27a433b9b7f45984c356bbb9786a3,60eb5583e83d818f21dc92f94d474f30b60588b84d236a2ed27e1ba8fbb1a22a,geometry_alpha_0p050,0.05,,
geometry_alpha_0p050,alpha_blend,False,0.464555743129568,0.7650657412410872,0.8265712012728719,0.5870056497175141,0.9922077922077922,1257,15,177,1039,0.7029247585544784,0.5679389380426711,0.519721503634428,79c07b78ce26ff227995709143f6ac2573a27a433b9b7f45984c356bbb9786a3,7d9c625c477ceee1ad1f82a91a9f2144e7cd5aea80565830f85ac90656a3e42c,geometry_alpha_0p050,0.05,,
geometry_alpha_0p050,alpha_blend,False,0.5,0.760477873679309,0.8450586264656617,0.5700564971751413,0.9927272727272727,1194,14,147,1009,0.7029247585544784,0.5679389380426711,0.519721503634428,79c07b78ce26ff227995709143f6ac2573a27a433b9b7f45984c356bbb9786a3,dfc3a798587adc99a4310f4f68faf8e42a9f26d0325d45a9a1267889e34041b1,geometry_alpha_0p050,0.05,,
geometry_alpha_0p050,alpha_blend,False,0.6,0.7296215430948076,0.8820058997050148,0.5067796610169492,0.9953246753246753,1017,9,95,897,0.7029247585544784,0.5679389380426711,0.519721503634428,79c07b78ce26ff227995709143f6ac2573a27a433b9b7f45984c356bbb9786a3,a13c2a932c089617638491990d1f4128bd478bdd0bf10ef319df68147e54aef8,geometry_alpha_0p050,0.05,,
geometry_alpha_0p050,alpha_blend,False,0.7,0.6903613018994454,0.9254437869822485,0.44180790960451977,0.9984415584415585,845,3,51,782,0.7029247585544784,0.5679389380426711,0.519721503634428,79c07b78ce26ff227995709143f6ac2573a27a433b9b7f45984c356bbb9786a3,9fc5e344c7ca3f2e13dde0f583cc4f3aa7bf8ccc52a198523d7f700de07ca793,geometry_alpha_0p050,0.05,,
geometry_alpha_0p050,alpha_blend,False,0.8,0.6056516170874278,0.9605055292259084,0.34350282485875705,0.9989610389610389,633,2,19,608,0.7029247585544784,0.5679389380426711,0.519721503634428,79c07b78ce26ff227995709143f6ac2573a27a433b9b7f45984c356bbb9786a3,ef6778307631c1acb0d8c61c50629fa54e0b84ddc966f7b58b030252d3d89ee6,geometry_alpha_0p050,0.05,,
geometry_alpha_0p050,alpha_blend,False,0.8012223279635372,0.6056612251788039,0.9650238473767886,0.34293785310734465,0.9989610389610389,629,2,16,607,0.7029247585544784,0.5679389380426711,0.519721503634428,79c07b78ce26ff227995709143f6ac2573a27a433b9b7f45984c356bbb9786a3,e06304ccced174396b5f67c8bc2b6a7322badb5b1da61077c8823b9a1cdfeefd,geometry_alpha_0p050,0.05,,
geometry_alpha_0p050,alpha_blend,False,0.9,0.4110429447852761,0.9852941176470589,0.18926553672316385,1.0,340,0,4,335,0.7029247585544784,0.5679389380426711,0.519721503634428,79c07b78ce26ff227995709143f6ac2573a27a433b9b7f45984c356bbb9786a3,33ddb3251e8fae533a9ad19f59c9a6ac451d9b80dbc7cc89b4e6e93ca8258155,geometry_alpha_0p050,0.05,,
geometry_alpha_0p050,alpha_blend,False,0.9807196949065964,0.001693002257336343,1.0,0.0005649717514124294,1.0,1,0,0,1,0.7029247585544784,0.5679389380426711,0.519721503634428,79c07b78ce26ff227995709143f6ac2573a27a433b9b7f45984c356bbb9786a3,3bc84dbea1efbb2ed1e12876be81779c7cc248038773b482c76aa917a6211173,geometry_alpha_0p050,0.05,,
geometry_alpha_0p100,alpha_blend,False,0.005400792358753104,0.3413016040031565,0.1583748806619285,0.843502824858757,0.775064935064935,9427,433,7139,1493,0.7027723649362277,0.5677675840982201,0.5195922504288749,a46d64259b6d66084492b7ef52782fb3caf22817b6439aedd5167ada93d3c9b7,7db2dbda415f5e112df2b335bf6637acfc8fa57403f9d3d356c67fad353bcad2,geometry_alpha_0p100,0.1,,
geometry_alpha_0p100,alpha_blend,False,0.01280054226056603,0.4508765544759849,0.2346857597454256,0.8333333333333334,0.8384415584415584,6285,311,4249,1475,0.7027723649362277,0.5677675840982201,0.5195922504288749,a46d64259b6d66084492b7ef52782fb3caf22817b6439aedd5167ada93d3c9b7,4834704e7feee5d47776480a0c9e577a37d4c8d9c5592ef9f43faac6cf333c66,geometry_alpha_0p100,0.1,,
geometry_alpha_0p100,alpha_blend,False,0.04173876761405441,0.6048017855641098,0.3794749403341289,0.8084745762711865,0.918961038961039,3771,156,2038,1431,0.7027723649362277,0.5677675840982201,0.5195922504288749,a46d64259b6d66084492b7ef52782fb3caf22817b6439aedd5167ada93d3c9b7,d6b013d3383c8f3d5fb465bae3f8697b34e9feb0a6e9f28885a38f9fbe8f79eb,geometry_alpha_0p100,0.1,,
geometry_alpha_0p100,alpha_blend,False,0.05,0.6269480102269153,0.4055904164289789,0.8033898305084746,0.9303896103896104,3506,134,1820,1422,0.7027723649362277,0.5677675840982201,0.5195922504288749,a46d64259b6d66084492b7ef52782fb3caf22817b6439aedd5167ada93d3c9b7,f3fb4796aaf4a1171c5fdc43e4245df55e5cfe637e3396cfb3a846ce2515f757,geometry_alpha_0p100,0.1,,
geometry_alpha_0p100,alpha_blend,False,0.1,0.6990266867001625,0.5133408493047726,0.7717514124293785,0.9542857142857143,2661,88,1119,1366,0.7027723649362277,0.5677675840982201,0.5195922504288749,a46d64259b6d66084492b7ef52782fb3caf22817b6439aedd5167ada93d3c9b7,e779f3e5817ab2b58f893caea0cc30b5b19449f7df5de6a69a8eb542bb8f7795,geometry_alpha_0p100,0.1,,
geometry_alpha_0p100,alpha_blend,False,0.11726778518956596,0.7148061133898992,0.539777247414479,0.7666666666666667,0.9615584415584415,2514,74,1001,1357,0.7027723649362277,0.5677675840982201,0.5195922504288749,a46d64259b6d66084492b7ef52782fb3caf22817b6439aedd5167ada93d3c9b7,0a5e334c54cdfd113c36f2b81dd7c3135a8994a3df457f94baf00294ffaf56ea,geometry_alpha_0p100,0.1,,
geometry_alpha_0p100,alpha_blend,False,0.15,0.734624095857383,0.5841059602649007,0.747457627118644,0.9672727272727273,2265,63,806,1323,0.7027723649362277,0.5677675840982201,0.5195922504288749,a46d64259b6d66084492b7ef52782fb3caf22817b6439aedd5167ada93d3c9b7,bb2fc0abccfbdff5d57e0b3cc50b69735a39d7da9aadb5dcb907180104c556ba,geometry_alpha_0p100,0.1,,
geometry_alpha_0p100,alpha_blend,False,0.2,0.7534173361448003,0.6351016360932077,0.7237288135593221,0.9750649350649351,2017,48,628,1281,0.7027723649362277,0.5677675840982201,0.5195922504288749,a46d64259b6d66084492b7ef52782fb3caf22817b6439aedd5167ada93d3c9b7,e832fa36c8908f4ab6071563cbc7a7613a633d75bdcc175ab31ab2b94e0f419d,geometry_alpha_0p100,0.1,,
geometry_alpha_0p100,alpha_blend,False,0.25,0.7607688973946928,0.6752747252747253,0.6943502824858757,0.9781818181818182,1820,42,496,1229,0.7027723649362277,0.5677675840982201,0.5195922504288749,a46d64259b6d66084492b7ef52782fb3caf22817b6439aedd5167ada93d3c9b7,b732917e915c78b4428e2c314e5f1fd803887017abfcbad55e01299e465494ed,geometry_alpha_0p100,0.1,,
geometry_alpha_0p100,alpha_blend,False,0.3,0.7699743920899125,0.718335343787696,0.6728813559322034,0.9823376623376623,1658,34,388,1191,0.7027723649362277,0.5677675840982201,0.5195922504288749,a46d64259b6d66084492b7ef52782fb3caf22817b6439aedd5167ada93d3c9b7,720ecfa9f910f250727ad8177d27ac71e83723f63ded9e28b705f73150f93d35,geometry_alpha_0p100,0.1,,
geometry_alpha_0p100,alpha_blend,False,0.35,0.7729807979584729,0.7519582245430809,0.6508474576271186,0.9854545454545455,1532,28,314,1152,0.7027723649362277,0.5677675840982201,0.5195922504288749,a46d64259b6d66084492b7ef52782fb3caf22817b6439aedd5167ada93d3c9b7,84fa9b38bc860fbbd370b8b283929970ef418f03910c0db9ef3667dc3fef3c07,geometry_alpha_0p100,0.1,,
geometry_alpha_0p100,alpha_blend,False,0.4,0.7729765150460567,0.7787857641311933,0.6305084745762712,0.9890909090909091,1433,21,264,1116,0.7027723649362277,0.5677675840982201,0.5195922504288749,a46d64259b6d66084492b7ef52782fb3caf22817b6439aedd5167ada93d3c9b7,31e75650901abe4d8341f22b7cadf553e826c755514580779f2586a3bd319bf2,geometry_alpha_0p100,0.1,,
geometry_alpha_0p100,alpha_blend,False,0.485940479053336,0.7668091445843865,0.8289578361177407,0.5887005649717514,0.9927272727272727,1257,14,175,1042,0.7027723649362277,0.5677675840982201,0.5195922504288749,a46d64259b6d66084492b7ef52782fb3caf22817b6439aedd5167ada93d3c9b7,cfcd359c976e40d832647387a6fa0567207e06bdd78f0429720224c6a15db832,geometry_alpha_0p100,0.1,,
geometry_alpha_0p100,alpha_blend,False,0.5,0.7636588964296253,0.8349593495934959,0.580225988700565,0.9927272727272727,1230,14,163,1027,0.7027723649362277,0.5677675840982201,0.5195922504288749,a46d64259b6d66084492b7ef52782fb3caf22817b6439aedd5167ada93d3c9b7,83ace7083d43ae2ca41cff69ccf85e366e65f7ff49867bf164b0a6259ee169f7,geometry_alpha_0p100,0.1,,
geometry_alpha_0p100,alpha_blend,False,0.6,0.7404467332690527,0.8795066413662239,0.523728813559322,0.9948051948051948,1054,10,100,927,0.7027723649362277,0.5677675840982201,0.5195922504288749,a46d64259b6d66084492b7ef52782fb3caf22817b6439aedd5167ada93d3c9b7,275b7feb3bd277ce6532f9df20bc9599d2ce9e38a1ebfd3ae5f356f82698495f,geometry_alpha_0p100,0.1,,
geometry_alpha_0p100,alpha_blend,False,0.7,0.6942892218765014,0.9138920780711826,0.4497175141242938,0.9968831168831169,871,6,57,796,0.7027723649362277,0.5677675840982201,0.5195922504288749,a46d64259b6d66084492b7ef52782fb3caf22817b6439aedd5167ada93d3c9b7,a710873a9c6bfcf95115e8cafe912b7d640777c92c4a23f6ec1bf5954e73f368,geometry_alpha_0p100,0.1,,
geometry_alpha_0p100,alpha_blend,False,0.8,0.6209944176334367,0.959214501510574,0.3587570621468927,0.9989610389610389,662,2,21,635,0.7027723649362277,0.5677675840982201,0.5195922504288749,a46d64259b6d66084492b7ef52782fb3caf22817b6439aedd5167ada93d3c9b7,362b3b8d082a5fb37aedd186edb6e4e7c4c4c2d661cbde1ac9844f5bc453f488,geometry_alpha_0p100,0.1,,
geometry_alpha_0p100,alpha_blend,False,0.8111778569744192,0.6056612251788039,0.9650238473767886,0.34293785310734465,0.9989610389610389,629,2,16,607,0.7027723649362277,0.5677675840982201,0.5195922504288749,a46d64259b6d66084492b7ef52782fb3caf22817b6439aedd5167ada93d3c9b7,e06304ccced174396b5f67c8bc2b6a7322badb5b1da61077c8823b9a1cdfeefd,geometry_alpha_0p100,0.1,,
geometry_alpha_0p100,alpha_blend,False,0.9,0.42424242424242425,0.9859154929577465,0.1977401129943503,1.0,355,0,4,350,0.7027723649362277,0.5677675840982201,0.5195922504288749,a46d64259b6d66084492b7ef52782fb3caf22817b6439aedd5167ada93d3c9b7,1728601247f38e15487139138d2f52bb174667f6e0f3c4b7478b64e40c737382,geometry_alpha_0p100,0.1,,
geometry_alpha_0p100,alpha_blend,False,0.9816991873862826,0.001693002257336343,1.0,0.0005649717514124294,1.0,1,0,0,1,0.7027723649362277,0.5677675840982201,0.5195922504288749,a46d64259b6d66084492b7ef52782fb3caf22817b6439aedd5167ada93d3c9b7,3bc84dbea1efbb2ed1e12876be81779c7cc248038773b482c76aa917a6211173,geometry_alpha_0p100,0.1,,
geometry_alpha_0p200,alpha_blend,False,0.008368600865406937,0.34146901288219855,0.1583748806619285,0.843502824858757,0.7776623376623377,9427,428,7156,1493,0.7020213469561936,0.5672672610607415,0.5191483412066018,fc2a726be99d5f90db81a398db452c91d9e2a99fee8265af2176fc721378b90b,c88665d94587056d3623afba27abc7ab0e519f3ef21c5c09f8ba89b31f64c133,geometry_alpha_0p200,0.2,,
geometry_alpha_0p200,alpha_blend,False,0.019532810063462663,0.4510241682837965,0.2345266507557677,0.8327683615819209,0.8425974025974026,6285,303,4275,1474,0.7020213469561936,0.5672672610607415,0.5191483412066018,fc2a726be99d5f90db81a398db452c91d9e2a99fee8265af2176fc721378b90b,b50303918ae7be4ad6292a6e6d3bab0adf895f02f3705e63dc1b793d03ff6bef,geometry_alpha_0p200,0.2,,
geometry_alpha_0p200,alpha_blend,False,0.05,0.586179511418209,0.35835411471321693,0.811864406779661,0.9127272727272727,4010,168,2254,1437,0.7020213469561936,0.5672672610607415,0.5191483412066018,fc2a726be99d5f90db81a398db452c91d9e2a99fee8265af2176fc721378b90b,ebe797596ca0aadf14d3b2e02c0b9d574ea8f63c09bf06a97c7a52a134f8d149,geometry_alpha_0p200,0.2,,
geometry_alpha_0p200,alpha_blend,False,0.05775725912409557,0.6062414033332738,0.38027048528241847,0.8101694915254237,0.922077922077922,3771,150,2046,1434,0.7020213469561936,0.5672672610607415,0.5191483412066018,fc2a726be99d5f90db81a398db452c91d9e2a99fee8265af2176fc721378b90b,474bb81db162b9ace79762eee0d7baca7672db9eaf7eeb3863dca85baf84f0de,geometry_alpha_0p200,0.2,,
geometry_alpha_0p200,alpha_blend,False,0.1,0.6707391022103504,0.4647840531561462,0.7903954802259887,0.947012987012987,3010,102,1409,1399,0.7020213469561936,0.5672672610607415,0.5191483412066018,fc2a726be99d5f90db81a398db452c91d9e2a99fee8265af2176fc721378b90b,72a2855252dbb52af7bd0defbb1c4f21b11b9f232ba259954041e85f076b0a6e,geometry_alpha_0p200,0.2,,
geometry_alpha_0p200,alpha_blend,False,0.15,0.7128911914116774,0.5369340746624305,0.7638418079096045,0.9646753246753247,2518,68,1015,1352,0.7020213469561936,0.5672672610607415,0.5191483412066018,fc2a726be99d5f90db81a398db452c91d9e2a99fee8265af2176fc721378b90b,df1998d06dc491073085cf91d955403f3114c55c360e65136419761420f4ccb4,geometry_alpha_0p200,0.2,,
geometry_alpha_0p200,alpha_blend,False,0.15060029086491716,0.7133927411169627,0.5377883850437549,0.7638418079096045,0.9646753246753247,2514,68,1011,1352,0.7020213469561936,0.5672672610607415,0.5191483412066018,fc2a726be99d5f90db81a398db452c91d9e2a99fee8265af2176fc721378b90b,6042c1c7dde2ec39b8181f76655403ec87c84b7088ede01f7c643cd7fd83385e,geometry_alpha_0p200,0.2,,
geometry_alpha_0p200,alpha_blend,False,0.2,0.7412855713771808,0.5984538426557526,0.7435028248587571,0.9698701298701299,2199,58,757,1316,0.7020213469561936,0.5672672610607415,0.5191483412066018,fc2a726be99d5f90db81a398db452c91d9e2a99fee8265af2176fc721378b90b,26138a20fb11f07e4cdbc8439fbc87af2528f8dfb4307e68acaeab731573e795,geometry_alpha_0p200,0.2,,
geometry_alpha_0p200,alpha_blend,False,0.25,0.7553294497854572,0.640742599096839,0.7214689265536723,0.9755844155844156,1993,47,612,1277,0.7020213469561936,0.5672672610607415,0.5191483412066018,fc2a726be99d5f90db81a398db452c91d9e2a99fee8265af2176fc721378b90b,97ae339e6294726d2b16441367cac3d7b84a30f624fb9c0d624bd72139390e1c,geometry_alpha_0p200,0.2,,
geometry_alpha_0p200,alpha_blend,False,0.3,0.7612775778567219,0.6773480662983425,0.6926553672316385,0.9797402597402597,1810,39,493,1226,0.7020213469561936,0.5672672610607415,0.5191483412066018,fc2a726be99d5f90db81a398db452c91d9e2a99fee8265af2176fc721378b90b,2fbeacf361945b438d411b566532999d2c95947631a406bdc84369c2826f2fc3,geometry_alpha_0p200,0.2,,
geometry_alpha_0p200,alpha_blend,False,0.35,0.7697688587353045,0.7181653590826795,0.672316384180791,0.9828571428571429,1657,33,389,1190,0.7020213469561936,0.5672672610607415,0.5191483412066018,fc2a726be99d5f90db81a398db452c91d9e2a99fee8265af2176fc721378b90b,e00bddd388ab2fd3ca6f23271eef597e0113d5d68df777fb36849d48e7616577,geometry_alpha_0p200,0.2,,
geometry_alpha_0p200,alpha_blend,False,0.4,0.7722907197829315,0.7519633507853403,0.6491525423728813,0.985974025974026,1528,27,313,1149,0.7020213469561936,0.5672672610607415,0.5191483412066018,fc2a726be99d5f90db81a398db452c91d9e2a99fee8265af2176fc721378b90b,1cd593046785bc5d70797a0a278006927d289d45a82a450e2cb8e89c452d9c58,geometry_alpha_0p200,0.2,,
geometry_alpha_0p200,alpha_blend,False,0.5,0.7692933361101592,0.813119755911518,0.6022598870056497,0.9906493506493507,1311,18,201,1066,0.7020213469561936,0.5672672610607415,0.5191483412066018,fc2a726be99d5f90db81a398db452c91d9e2a99fee8265af2176fc721378b90b,56369c260b25ededabaa006624e5d41053fd70e2df73bdf1bc992e7549a2c4e2,geometry_alpha_0p200,0.2,,
geometry_alpha_0p200,alpha_blend,False,0.5313612382208831,0.7673554342631486,0.8297533810660302,0.5892655367231638,0.9927272727272727,1257,14,174,1043,0.7020213469561936,0.5672672610607415,0.5191483412066018,fc2a726be99d5f90db81a398db452c91d9e2a99fee8265af2176fc721378b90b,0ab7efa67e67c6554ce61db10fce4cb5b8977e5c649ba227197e9a7e8f173b21,geometry_alpha_0p200,0.2,,
geometry_alpha_0p200,alpha_blend,False,0.6,0.7526954876920109,0.8646482635796973,0.5485875706214689,0.9937662337662337,1123,12,121,971,0.7020213469561936,0.5672672610607415,0.5191483412066018,fc2a726be99d5f90db81a398db452c91d9e2a99fee8265af2176fc721378b90b,60690ceb28a5383322d477eab07c6f70fdc9c264fdacb75d6285a94e6adc0024,geometry_alpha_0p200,0.2,,
geometry_alpha_0p200,alpha_blend,False,0.7,0.7090615556787535,0.9045553145336226,0.4711864406779661,0.9968831168831169,922,6,70,834,0.7020213469561936,0.5672672610607415,0.5191483412066018,fc2a726be99d5f90db81a398db452c91d9e2a99fee8265af2176fc721378b90b,0f680d608dca79bbeab588973245810d46bf9080a1dee7e53d218dd052d18758,geometry_alpha_0p200,0.2,,
geometry_alpha_0p200,alpha_blend,False,0.8,0.6415583228464073,0.9533239038189534,0.3807909604519774,0.9989610389610389,707,2,25,674,0.7020213469561936,0.5672672610607415,0.5191483412066018,fc2a726be99d5f90db81a398db452c91d9e2a99fee8265af2176fc721378b90b,c4d940ba7e664410337a1dcb9e2a3b09c5b9a7457f1657e5f04d0c34d76ccba1,geometry_alpha_0p200,0.2,,
geometry_alpha_0p200,alpha_blend,False,0.8305435768823498,0.6048648168881179,0.9634340222575517,0.3423728813559322,0.9989610389610389,629,2,17,606,0.7020213469561936,0.5672672610607415,0.5191483412066018,fc2a726be99d5f90db81a398db452c91d9e2a99fee8265af2176fc721378b90b,3a520bd349e23f07970113982487a421970ad61762eb1d905f1c5598967460f7,geometry_alpha_0p200,0.2,,
geometry_alpha_0p200,alpha_blend,False,0.9,0.46806039488966317,0.9829268292682927,0.22768361581920904,1.0,410,0,5,403,0.7020213469561936,0.5672672610607415,0.5191483412066018,fc2a726be99d5f90db81a398db452c91d9e2a99fee8265af2176fc721378b90b,8204983663eb2749f768bfcb654a62a1ef0d08d63070dc27bcfe5ac43b7210be,geometry_alpha_0p200,0.2,,
geometry_alpha_0p200,alpha_blend,False,0.9836581723456546,0.001693002257336343,1.0,0.0005649717514124294,1.0,1,0,0,1,0.7020213469561936,0.5672672610607415,0.5191483412066018,fc2a726be99d5f90db81a398db452c91d9e2a99fee8265af2176fc721378b90b,3bc84dbea1efbb2ed1e12876be81779c7cc248038773b482c76aa917a6211173,geometry_alpha_0p200,0.2,,
geometry_alpha_0p400,alpha_blend,False,0.013935427942470609,0.3412737561646223,0.1582688023761536,0.8429378531073446,0.7776623376623377,9427,428,7168,1492,0.7008751467527007,0.5663827885022701,0.5183426444651608,63f50617092adebc45235e78a0edfc21456e2a60d472158d1450c7404d931cda,59da75e4b87c6599c9086b10e482fb5966037901fc9e6a17de9a1e8e05d31fca,geometry_alpha_0p400,0.4,,
geometry_alpha_0p400,alpha_blend,False,0.03262183485299616,0.45146168811887216,0.23436754176610977,0.8322033898305085,0.8498701298701299,6285,289,4294,1473,0.7008751467527007,0.5663827885022701,0.5183426444651608,63f50617092adebc45235e78a0edfc21456e2a60d472158d1450c7404d931cda,7b2a3d3ee17564c15fddd5b462010a1f8108bd2c420d0c91c13f61a2a1c91eed,geometry_alpha_0p400,0.4,,
geometry_alpha_0p400,alpha_blend,False,0.05,0.5210971387051201,0.2922830867652939,0.8259887005649718,0.8888311688311689,5002,214,3151,1462,0.7008751467527007,0.5663827885022701,0.5183426444651608,63f50617092adebc45235e78a0edfc21456e2a60d472158d1450c7404d931cda,e8427e862a472100e6a6ccbc22c7320f166019c8106028f80d286ea24d863d0d,geometry_alpha_0p400,0.4,,
geometry_alpha_0p400,alpha_blend,False,0.09032229459701033,0.6053661315092593,0.379209758684699,0.807909604519774,0.9251948051948052,3771,144,2056,1430,0.7008751467527007,0.5663827885022701,0.5183426444651608,63f50617092adebc45235e78a0edfc21456e2a60d472158d1450c7404d931cda,76f56b727fbda2790cc472c328b5cb286ce2a9874365a2a0ff16a98ff3385d98,geometry_alpha_0p400,0.4,,
geometry_alpha_0p400,alpha_blend,False,0.1,0.6197711799384246,0.39622117254793,0.8056497175141243,0.9298701298701298,3599,135,1906,1426,0.7008751467527007,0.5663827885022701,0.5183426444651608,63f50617092adebc45235e78a0edfc21456e2a60d472158d1450c7404d931cda,5f2b2ec04e767e99555934f841c89ab07a649b3c918df0921470558cbc09ad41,geometry_alpha_0p400,0.4,,
geometry_alpha_0p400,alpha_blend,False,0.15,0.6725727506439322,0.46617794068643786,0.7903954802259887,0.9522077922077922,3001,92,1411,1399,0.7008751467527007,0.5663827885022701,0.5183426444651608,63f50617092adebc45235e78a0edfc21456e2a60d472158d1450c7404d931cda,891232a54d24483a7a2d665744f91134c84d3446de208c48706d1ccc9e84d472,geometry_alpha_0p400,0.4,,
geometry_alpha_0p400,alpha_blend,False,0.2,0.7020850497083927,0.5181505540695452,0.7661016949152543,0.9636363636363636,2617,70,1107,1356,0.7008751467527007,0.5663827885022701,0.5183426444651608,63f50617092adebc45235e78a0edfc21456e2a60d472158d1450c7404d931cda,7e73958f0bb16b072c51b780e2d137a37c279e2e839d9fdaa0d111baae41f33a,geometry_alpha_0p400,0.4,,
geometry_alpha_0p400,alpha_blend,False,0.21704806743102412,0.7120837175309614,0.5361972951471758,0.7615819209039548,0.9662337662337662,2514,65,1019,1348,0.7008751467527007,0.5663827885022701,0.5183426444651608,63f50617092adebc45235e78a0edfc21456e2a60d472158d1450c7404d931cda,45f9cda4234e34ec8e6a858b1cf31904bf87da86a533fb4ac0abdf14a860fbf0,geometry_alpha_0p400,0.4,,
geometry_alpha_0p400,alpha_blend,False,0.25,0.7280834154168201,0.5691648822269807,0.7508474576271187,0.9693506493506494,2335,59,876,1329,0.7008751467527007,0.5663827885022701,0.5183426444651608,63f50617092adebc45235e78a0edfc21456e2a60d472158d1450c7404d931cda,680b55cdff264ee710e6576911f703a4e9d3ed7d95d5e3ebef4694c67453a805,geometry_alpha_0p400,0.4,,
geometry_alpha_0p400,alpha_blend,False,0.3,0.7472434076466141,0.612464854732896,0.7384180790960452,0.972987012987013,2134,52,714,1307,0.7008751467527007,0.5663827885022701,0.5183426444651608,63f50617092adebc45235e78a0edfc21456e2a60d472158d1450c7404d931cda,be5b0d43f1d536593015519894d34a54648828258d68d5f4d0d5ae3dcc389ac6,geometry_alpha_0p400,0.4,,
geometry_alpha_0p400,alpha_blend,False,0.35,0.7562365745805644,0.6465781409601634,0.7152542372881356,0.9781818181818182,1958,42,598,1266,0.7008751467527007,0.5663827885022701,0.5183426444651608,63f50617092adebc45235e78a0edfc21456e2a60d472158d1450c7404d931cda,b88ad3cbc95cc373eed084e8260fdf7664f145a9f9ad9ab33da7adf86a2873ea,geometry_alpha_0p400,0.4,,
geometry_alpha_0p400,alpha_blend,False,0.4,0.7646802038104106,0.6853303471444568,0.6915254237288135,0.9823376623376623,1786,34,481,1224,0.7008751467527007,0.5663827885022701,0.5183426444651608,63f50617092adebc45235e78a0edfc21456e2a60d472158d1450c7404d931cda,8bfbb266eb5f9b25e4db3085b5dd30e2832b3aefc87cbde8154642b51deb31f9,geometry_alpha_0p400,0.4,,
geometry_alpha_0p400,alpha_blend,False,0.5,0.7728950611628478,0.7546052631578948,0.6480225988700565,0.987012987012987,1520,25,310,1147,0.7008751467527007,0.5663827885022701,0.5183426444651608,63f50617092adebc45235e78a0edfc21456e2a60d472158d1450c7404d931cda,2051af9c78eaf97aac83a031aed6fe020e84551ee9041b0716d76595c6b01e46,geometry_alpha_0p400,0.4,,
geometry_alpha_0p400,alpha_blend,False,0.6,0.7717303408226582,0.8206312548113934,0.6022598870056497,0.9916883116883117,1299,16,191,1066,0.7008751467527007,0.5663827885022701,0.5183426444651608,63f50617092adebc45235e78a0edfc21456e2a60d472158d1450c7404d931cda,b35a53b222b107b074a1453c6382cfcd9e382efe6da0533e7dc2afb26f21a3c8,geometry_alpha_0p400,0.4,,
geometry_alpha_0p400,alpha_blend,False,0.6190405510887406,0.7672519319660382,0.8297533810660302,0.5892655367231638,0.9922077922077922,1257,15,173,1043,0.7008751467527007,0.5663827885022701,0.5183426444651608,63f50617092adebc45235e78a0edfc21456e2a60d472158d1450c7404d931cda,f862150f9b560680cf4a5aa4b2bc90c5dc25f6b90f9f368e26818e2041ce7b00,geometry_alpha_0p400,0.4,,
geometry_alpha_0p400,alpha_blend,False,0.7,0.7450745503446536,0.8762790697674419,0.5322033898305085,0.9937662337662337,1075,12,104,942,0.7008751467527007,0.5663827885022701,0.5183426444651608,63f50617092adebc45235e78a0edfc21456e2a60d472158d1450c7404d931cda,50b0056c83839c702443c16aad143756a4156b09e9828e4027888a72b9e37243,geometry_alpha_0p400,0.4,,
geometry_alpha_0p400,alpha_blend,False,0.8,0.6896225717320563,0.9284862932061978,0.4401129943502825,0.9989610389610389,839,2,50,779,0.7008751467527007,0.5663827885022701,0.5183426444651608,63f50617092adebc45235e78a0edfc21456e2a60d472158d1450c7404d931cda,4b50f704ebb1c3ae336f2e5b4899e0a6661f44633f54a5e59309317b3ddc920a,geometry_alpha_0p400,0.4,,
geometry_alpha_0p400,alpha_blend,False,0.8691068148026452,0.6056612251788039,0.9650238473767886,0.34293785310734465,0.9989610389610389,629,2,16,607,0.7008751467527007,0.5663827885022701,0.5183426444651608,63f50617092adebc45235e78a0edfc21456e2a60d472158d1450c7404d931cda,bb62d2d78fb37528247cfde0a572e62b06236f1e166a0ac753ca298712dec415,geometry_alpha_0p400,0.4,,
geometry_alpha_0p400,alpha_blend,False,0.9,0.5349684632607964,0.9762845849802372,0.2790960451977401,0.9994805194805195,506,1,9,494,0.7008751467527007,0.5663827885022701,0.5183426444651608,63f50617092adebc45235e78a0edfc21456e2a60d472158d1450c7404d931cda,7d74e6a27c715c79054bc41c52a3f2d1ae77f11fbe360b7aab110f9af399a467,geometry_alpha_0p400,0.4,,
geometry_alpha_0p400,alpha_blend,False,0.9875761422643986,0.001693002257336343,1.0,0.0005649717514124294,1.0,1,0,0,1,0.7008751467527007,0.5663827885022701,0.5183426444651608,63f50617092adebc45235e78a0edfc21456e2a60d472158d1450c7404d931cda,3bc84dbea1efbb2ed1e12876be81779c7cc248038773b482c76aa917a6211173,geometry_alpha_0p400,0.4,,
geometry_alpha_0p600,alpha_blend,False,0.019208221817200145,0.3411735402785798,0.1582688023761536,0.8429378531073446,0.7761038961038961,9427,431,7172,1492,0.7000643485596365,0.5647886495034038,0.5173730353142529,995f1cee331fc9cbd0612442855bb8991d6a33e0fa9adde1accce5f404e020db,7abae7d8dc7b294cc5735f92f0dd9f410208d6b6a1a33f9fda3ca12fd557be6b,geometry_alpha_0p600,0.6,,
geometry_alpha_0p600,alpha_blend,False,0.0452994613509181,0.45150140941013994,0.23420843277645187,0.831638418079096,0.852987012987013,6285,283,4301,1472,0.7000643485596365,0.5647886495034038,0.5173730353142529,995f1cee331fc9cbd0612442855bb8991d6a33e0fa9adde1accce5f404e020db,4d863724df51fc26c0419fed795ee7bfc33935635fc1adb6028fb9ca026889dc,geometry_alpha_0p600,0.6,,
geometry_alpha_0p600,alpha_blend,False,0.05,0.46741466023922373,0.24660063790498574,0.8299435028248587,0.8633766233766234,5957,263,4010,1469,0.7000643485596365,0.5647886495034038,0.5173730353142529,995f1cee331fc9cbd0612442855bb8991d6a33e0fa9adde1accce5f404e020db,f035df616f1c8e0cc6dddaec35b36c9286d6e7a0290ccf8de3839353bdb42ad8,geometry_alpha_0p600,0.6,,
geometry_alpha_0p600,alpha_blend,False,0.1,0.5746973526672876,0.3451581975071908,0.8135593220338984,0.9142857142857143,4172,165,2413,1440,0.7000643485596365,0.5647886495034038,0.5173730353142529,995f1cee331fc9cbd0612442855bb8991d6a33e0fa9adde1accce5f404e020db,77265967e02a5f3efd3d42af4951b5a66f6b0cf201a4d3f760ea8581f3afc684,geometry_alpha_0p600,0.6,,
geometry_alpha_0p600,alpha_blend,False,0.12208743946949731,0.6054782292829801,0.3789445770352692,0.8073446327683615,0.9283116883116883,3771,138,2066,1429,0.7000643485596365,0.5647886495034038,0.5173730353142529,995f1cee331fc9cbd0612442855bb8991d6a33e0fa9adde1accce5f404e020db,22fe1cae1a411970deba1c441219052de0d6a34181854a8e9a1c38034b232ac8,geometry_alpha_0p600,0.6,,
geometry_alpha_0p600,alpha_blend,False,0.15,0.6347430450901859,0.41420637240572933,0.8005649717514124,0.9407792207792208,3421,114,1771,1417,0.7000643485596365,0.5647886495034038,0.5173730353142529,995f1cee331fc9cbd0612442855bb8991d6a33e0fa9adde1accce5f404e020db,77600973bd57280fe016b3aa5a4298e5b0ca4d1cdd4986b8ace509b85820b13d,geometry_alpha_0p600,0.6,,
geometry_alpha_0p600,alpha_blend,False,0.2,0.6735877614279823,0.4668222740913638,0.7909604519774012,0.9548051948051948,2999,87,1413,1400,0.7000643485596365,0.5647886495034038,0.5173730353142529,995f1cee331fc9cbd0612442855bb8991d6a33e0fa9adde1accce5f404e020db,11c7fcf8fc204373ec4a8861daf883e51d5126f4b60c79461de2fecde4158815,geometry_alpha_0p600,0.6,,
geometry_alpha_0p600,alpha_blend,False,0.25,0.6970167307126679,0.508001488649051,0.7711864406779662,0.9625974025974026,2687,72,1166,1365,0.7000643485596365,0.5647886495034038,0.5173730353142529,995f1cee331fc9cbd0612442855bb8991d6a33e0fa9adde1accce5f404e020db,de83b75739571737ae01395089b8d8ae00796d760197c72e95844d690b53cd0a,geometry_alpha_0p600,0.6,,
geometry_alpha_0p600,alpha_blend,False,0.28709694936474295,0.7115676274495745,0.5354017501988863,0.7604519774011299,0.9677922077922078,2514,62,1025,1346,0.7000643485596365,0.5647886495034038,0.5173730353142529,995f1cee331fc9cbd0612442855bb8991d6a33e0fa9adde1accce5f404e020db,443862e760bde4acec60d6a63130ba0eb96f41199949a2b54454d7cca11b6b6e,geometry_alpha_0p600,0.6,,
geometry_alpha_0p600,alpha_blend,False,0.3,0.7179712593154407,0.5478331970564186,0.7570621468926554,0.9688311688311688,2446,60,972,1340,0.7000643485596365,0.5647886495034038,0.5173730353142529,995f1cee331fc9cbd0612442855bb8991d6a33e0fa9adde1accce5f404e020db,d26f74a5769027a587024c3bb442b9d4bea34a8a6406b53348fc40eb9ad7a8c0,geometry_alpha_0p600,0.6,,
geometry_alpha_0p600,alpha_blend,False,0.35,0.7381228885923292,0.5898926654740608,0.7451977401129943,0.9735064935064935,2236,51,803,1319,0.7000643485596365,0.5647886495034038,0.5173730353142529,995f1cee331fc9cbd0612442855bb8991d6a33e0fa9adde1accce5f404e020db,7ab57fc03e5528d0ff2fb9178e650cdc88b608bbdf4fa0d69c9192bf49e414f2,geometry_alpha_0p600,0.6,,
geometry_alpha_0p600,alpha_blend,False,0.4,0.748112354254252,0.6193672099712368,0.7299435028248588,0.9750649350649351,2086,48,692,1292,0.7000643485596365,0.5647886495034038,0.5173730353142529,995f1cee331fc9cbd0612442855bb8991d6a33e0fa9adde1accce5f404e020db,d2e2331cc066707bf5b506a64e42d9001cfa3b27e7957fa1368252cdd74c940b,geometry_alpha_0p600,0.6,,
geometry_alpha_0p600,alpha_blend,False,0.5,0.7624109069476429,0.6841216216216216,0.6864406779661016,0.9838961038961039,1776,31,483,1215,0.7000643485596365,0.5647886495034038,0.5173730353142529,995f1cee331fc9cbd0612442855bb8991d6a33e0fa9adde1accce5f404e020db,f4050935474aaa2d9a8ab9c4478fbca373389fb5b9fc7e0933246d0456d77ada,geometry_alpha_0p600,0.6,,
geometry_alpha_0p600,alpha_blend,False,0.6,0.7706132855877473,0.7513157894736842,0.6451977401129944,0.9880519480519481,1520,23,317,1142,0.7000643485596365,0.5647886495034038,0.5173730353142529,995f1cee331fc9cbd0612442855bb8991d6a33e0fa9adde1accce5f404e020db,976d9305ad877c53e91bc644580dbbab856e38126e9fb80dc7daf0f1a7abca32,geometry_alpha_0p600,0.6,,
geometry_alpha_0p600,alpha_blend,False,0.7,0.7705786239116099,0.824124513618677,0.5983050847457627,0.9916883116883117,1285,16,185,1059,0.7000643485596365,0.5647886495034038,0.5173730353142529,995f1cee331fc9cbd0612442855bb8991d6a33e0fa9adde1accce5f404e020db,e4cdfd196f701b84bc0637c4ad6fb81da0034ee7b69f78bea1d5b34e784beb32,geometry_alpha_0p600,0.6,,
geometry_alpha_0p600,alpha_blend,False,0.7087715384956311,0.7661593771494298,0.8281622911694511,0.588135593220339,0.9922077922077922,1257,15,177,1041,0.7000643485596365,0.5647886495034038,0.5173730353142529,995f1cee331fc9cbd0612442855bb8991d6a33e0fa9adde1accce5f404e020db,624ce4f072ed9a8278d1897d7975a49d78b4b66d1ca943627e8572ed420d84ad,geometry_alpha_0p600,0.6,,
geometry_alpha_0p600,alpha_blend,False,0.8,0.7345438234958088,0.888235294117647,0.511864406779661,0.9953246753246753,1020,9,91,906,0.7000643485596365,0.5647886495034038,0.5173730353142529,995f1cee331fc9cbd0612442855bb8991d6a33e0fa9adde1accce5f404e020db,dac7158800c4599bf1a377eb1addf5ced354a164aa3232d107ad5f45539b84d6,geometry_alpha_0p600,0.6,,
geometry_alpha_0p600,alpha_blend,False,0.9,0.6240522152893604,0.960960960960961,0.3615819209039548,0.9989610389610389,666,2,20,640,0.7000643485596365,0.5647886495034038,0.5173730353142529,995f1cee331fc9cbd0612442855bb8991d6a33e0fa9adde1accce5f404e020db,ec2848b67f542d2e0e9a9aa5bdf94360d0406882c55e8bb3c923d41a837c940f,geometry_alpha_0p600,0.6,,
geometry_alpha_0p600,alpha_blend,False,0.9082148071276195,0.6056612251788039,0.9650238473767886,0.34293785310734465,0.9989610389610389,629,2,16,607,0.7000643485596365,0.5647886495034038,0.5173730353142529,995f1cee331fc9cbd0612442855bb8991d6a33e0fa9adde1accce5f404e020db,ff8eb85a24109a4ca211eb69ea068c5b17ad41fecb7d35f8248b458c9551155e,geometry_alpha_0p600,0.6,,
geometry_alpha_0p600,alpha_blend,False,0.9914941121831427,0.001693002257336343,1.0,0.0005649717514124294,1.0,1,0,0,1,0.7000643485596365,0.5647886495034038,0.5173730353142529,995f1cee331fc9cbd0612442855bb8991d6a33e0fa9adde1accce5f404e020db,3bc84dbea1efbb2ed1e12876be81779c7cc248038773b482c76aa917a6211173,geometry_alpha_0p600,0.6,,
geometry_alpha_0p800,alpha_blend,False,0.024518764297346833,0.3412403889921587,0.1582688023761536,0.8429378531073446,0.7771428571428571,9427,429,7179,1492,0.6987897309476184,0.5642389218108065,0.5163959554594039,66901f6e9838cb15e04d8c185692f661e3fa0c581e1ed0100d8a6cdae1b8d7df,4ad80a38195aae554a49fe4915f779fe0f6a2787f37193ff696a240440ead944,geometry_alpha_0p800,0.8,,
geometry_alpha_0p800,alpha_blend,False,0.05,0.42844110247975004,0.21680376028202114,0.8338983050847457,0.84,6808,308,4787,1476,0.6987897309476184,0.5642389218108065,0.5163959554594039,66901f6e9838cb15e04d8c185692f661e3fa0c581e1ed0100d8a6cdae1b8d7df,b69fd1c7ad5fcc9574291b2aa135260705d5d1065ada34a4dd1807c42bc9f2b2,geometry_alpha_0p800,0.8,,
geometry_alpha_0p800,alpha_blend,False,0.05812917705537255,0.45169508324876817,0.23420843277645187,0.831638418079096,0.8550649350649351,6285,279,4305,1472,0.6987897309476184,0.5642389218108065,0.5163959554594039,66901f6e9838cb15e04d8c185692f661e3fa0c581e1ed0100d8a6cdae1b8d7df,e061997178530a78da463aa8b51fad43cda3514e3e51536f84cd05e66c576889,geometry_alpha_0p800,0.8,,
geometry_alpha_0p800,alpha_blend,False,0.1,0.5409950613602624,0.31046239079480076,0.8231638418079096,0.9012987012987013,4693,190,2882,1457,0.6987897309476184,0.5642389218108065,0.5163959554594039,66901f6e9838cb15e04d8c185692f661e3fa0c581e1ed0100d8a6cdae1b8d7df,825f612eb83f70e5c7653af585c1439deca54a25472d28130004732631049c53,geometry_alpha_0p800,0.8,,
geometry_alpha_0p800,alpha_blend,False,0.15,0.60206885258905,0.3748361730013106,0.807909604519774,0.9283116883116883,3815,138,2110,1430,0.6987897309476184,0.5642389218108065,0.5163959554594039,66901f6e9838cb15e04d8c185692f661e3fa0c581e1ed0100d8a6cdae1b8d7df,0bb493e064270b48fac79131de642c857793fdd6796bc2b039a81f06fce5e9ea,geometry_alpha_0p800,0.8,,
geometry_alpha_0p800,alpha_blend,False,0.15374989761617425,0.6052201417675817,0.3786793953858393,0.8067796610169492,0.9288311688311688,3771,137,2070,1428,0.6987897309476184,0.5642389218108065,0.5163959554594039,66901f6e9838cb15e04d8c185692f661e3fa0c581e1ed0100d8a6cdae1b8d7df,2eae2cb4952b22eb527ea70122ebb06f72d419b2f12f8ce4bfb5da4af1aa6092,geometry_alpha_0p800,0.8,,
geometry_alpha_0p800,alpha_blend,False,0.2,0.6428065263986702,0.4243243243243243,0.7983050847457627,0.9454545454545454,3330,105,1696,1413,0.6987897309476184,0.5642389218108065,0.5163959554594039,66901f6e9838cb15e04d8c185692f661e3fa0c581e1ed0100d8a6cdae1b8d7df,b5a8c08eb2ae93fa0a3d01ddc163de792baf25efe5dfde6a32aa65300a539f9e,geometry_alpha_0p800,0.8,,
geometry_alpha_0p800,alpha_blend,False,0.25,0.6732145768738327,0.4670237696685638,0.788135593220339,0.9558441558441558,2987,85,1407,1395,0.6987897309476184,0.5642389218108065,0.5163959554594039,66901f6e9838cb15e04d8c185692f661e3fa0c581e1ed0100d8a6cdae1b8d7df,324099e058b39558ed5492761e4262996ef3dfbe134505483406a2251c66caa1,geometry_alpha_0p800,0.8,,
geometry_alpha_0p800,alpha_blend,False,0.3,0.6932633510210503,0.5009134088417976,0.7745762711864407,0.9615584415584415,2737,74,1206,1371,0.6987897309476184,0.5642389218108065,0.5163959554594039,66901f6e9838cb15e04d8c185692f661e3fa0c581e1ed0100d8a6cdae1b8d7df,77758ae4fcb6804f9a1ea52c3c9e33fad2239560c793f84f15e0a2158ba07baa,geometry_alpha_0p800,0.8,,
geometry_alpha_0p800,alpha_blend,False,0.35,0.7108547143452828,0.533201581027668,0.7621468926553673,0.9683116883116883,2530,61,1044,1349,0.6987897309476184,0.5642389218108065,0.5163959554594039,66901f6e9838cb15e04d8c185692f661e3fa0c581e1ed0100d8a6cdae1b8d7df,6b71792481a63bc7775d91a1e65758c870a22de0209fa68e66f237dbe8cbf461,geometry_alpha_0p800,0.8,,
geometry_alpha_0p800,alpha_blend,False,0.3531374494587673,0.7125530017308231,0.5361972951471758,0.7615819209039548,0.9688311688311688,2514,60,1030,1348,0.6987897309476184,0.5642389218108065,0.5163959554594039,66901f6e9838cb15e04d8c185692f661e3fa0c581e1ed0100d8a6cdae1b8d7df,316495665ee7f73dec67e9df0294b96cfc46e857f31adf67dae5a0adb102097c,geometry_alpha_0p800,0.8,,
geometry_alpha_0p800,alpha_blend,False,0.4,0.7289705132340751,0.5698970840480274,0.7508474576271187,0.9719480519480519,2332,54,886,1329,0.6987897309476184,0.5642389218108065,0.5163959554594039,66901f6e9838cb15e04d8c185692f661e3fa0c581e1ed0100d8a6cdae1b8d7df,8e69d8965a63b8cfae72f88427871be400b0ce35f89d7f5f1aa04d96ef6f338f,geometry_alpha_0p800,0.8,,
geometry_alpha_0p800,alpha_blend,False,0.5,0.7500658965304658,0.6271435570798628,0.7231638418079096,0.9781818181818182,2041,42,666,1280,0.6987897309476184,0.5642389218108065,0.5163959554594039,66901f6e9838cb15e04d8c185692f661e3fa0c581e1ed0100d8a6cdae1b8d7df,f6eea8894c5f2dcaab0291e59b315ddbc11bd77d399d0524bb1e0d0ad39a8b8d,geometry_alpha_0p800,0.8,,
geometry_alpha_0p800,alpha_blend,False,0.6,0.7611647988934122,0.6848072562358276,0.6824858757062147,0.9844155844155844,1764,30,480,1208,0.6987897309476184,0.5642389218108065,0.5163959554594039,66901f6e9838cb15e04d8c185692f661e3fa0c581e1ed0100d8a6cdae1b8d7df,970fe91f475e74680c37e63f6c561d6c59c9d37e16f6e17ec6e3745b48f9d045,geometry_alpha_0p800,0.8,,
geometry_alpha_0p800,alpha_blend,False,0.7,0.770633946549477,0.7521423862887278,0.6446327683615819,0.9880519480519481,1517,23,315,1141,0.6987897309476184,0.5642389218108065,0.5163959554594039,66901f6e9838cb15e04d8c185692f661e3fa0c581e1ed0100d8a6cdae1b8d7df,4c8370a46bed3ef609cfee6bc6f4695987ab7cccabeca1f53f43358391c699a0,geometry_alpha_0p800,0.8,,
geometry_alpha_0p800,alpha_blend,False,0.8,0.7682658651821395,0.8266351457840819,0.5926553672316384,0.9922077922077922,1269,15,180,1049,0.6987897309476184,0.5642389218108065,0.5163959554594039,66901f6e9838cb15e04d8c185692f661e3fa0c581e1ed0100d8a6cdae1b8d7df,b3c0c24091128ccc3850a284d970ed7bfc5940762cd8d5729ff7dda8c4ded873,geometry_alpha_0p800,0.8,,
geometry_alpha_0p800,alpha_blend,False,0.8026591744406765,0.7661593771494298,0.8281622911694511,0.588135593220339,0.9922077922077922,1257,15,176,1041,0.6987897309476184,0.5642389218108065,0.5163959554594039,66901f6e9838cb15e04d8c185692f661e3fa0c581e1ed0100d8a6cdae1b8d7df,3e6a86d27ff3990caa2e84cef0eb9a45f94a7f3613ca455441a4263cfc94bc4f,geometry_alpha_0p800,0.8,,
geometry_alpha_0p800,alpha_blend,False,0.9,0.7109188228103642,0.9153846153846154,0.47062146892655365,0.9974025974025974,910,5,61,833,0.6987897309476184,0.5642389218108065,0.5163959554594039,66901f6e9838cb15e04d8c185692f661e3fa0c581e1ed0100d8a6cdae1b8d7df,e6678126ff139c317f5e1c62e012973091205ab6eb499f487cf3b33ed19efa4a,geometry_alpha_0p800,0.8,,
geometry_alpha_0p800,alpha_blend,False,0.9466298135775848,0.6057248505441852,0.9650238473767886,0.34293785310734465,0.9994805194805195,629,1,17,607,0.6987897309476184,0.5642389218108065,0.5163959554594039,66901f6e9838cb15e04d8c185692f661e3fa0c581e1ed0100d8a6cdae1b8d7df,fce4d6b84525906db041fe2ab2698ba8a9dc6dc3438986fc5f4fe5318155eeeb,geometry_alpha_0p800,0.8,,
geometry_alpha_0p800,alpha_blend,False,0.9954120821018869,0.001693002257336343,1.0,0.0005649717514124294,1.0,1,0,0,1,0.6987897309476184,0.5642389218108065,0.5163959554594039,66901f6e9838cb15e04d8c185692f661e3fa0c581e1ed0100d8a6cdae1b8d7df,3bc84dbea1efbb2ed1e12876be81779c7cc248038773b482c76aa917a6211173,geometry_alpha_0p800,0.8,,
geometry_alpha_1p000,alpha_blend,False,0.029626721972204898,0.34114500522476354,0.1581627240903787,0.8423728813559322,0.7787012987012987,9427,426,7183,1491,0.6971600901243062,0.5640147828836483,0.5148017704617917,964cd1231d6407329a6058b143ea9104ca42d95c7a259a1f88916949f0aa2b20,1c441400c5b9dcd9b11ec582719b90e704cab1f3ba9b03c1c14a847bffa471c2,geometry_risk_score,1.0,,
geometry_alpha_1p000,alpha_blend,False,0.05,0.39994109545783746,0.1963173930321897,0.8372881355932204,0.8244155844155844,7549,338,5465,1482,0.6971600901243062,0.5640147828836483,0.5148017704617917,964cd1231d6407329a6058b143ea9104ca42d95c7a259a1f88916949f0aa2b20,8713ad9379b4569b3f76358c62b94386e79f2061a62f86b4a3ef0cd958ebb1ec,geometry_risk_score,1.0,,
geometry_alpha_1p000,alpha_blend,False,0.07043896664768304,0.45203215280166625,0.23420843277645187,0.831638418079096,0.8587012987012987,6285,272,4315,1472,0.6971600901243062,0.5640147828836483,0.5148017704617917,964cd1231d6407329a6058b143ea9104ca42d95c7a259a1f88916949f0aa2b20,24b65c9a8ea53ef15f94067c79af500aa28abd156436a0a8957d6ee4b135f06f,geometry_risk_score,1.0,,
geometry_alpha_1p000,alpha_blend,False,0.1,0.5098043208657208,0.2817009813353858,0.8271186440677966,0.8883116883116883,5197,215,3343,1464,0.6971600901243062,0.5640147828836483,0.5148017704617917,964cd1231d6407329a6058b143ea9104ca42d95c7a259a1f88916949f0aa2b20,5bb91b60fe52488a7b9672067f3ee9c1d59e04254227eb02a13e6ac6abc0f817,geometry_risk_score,1.0,,
geometry_alpha_1p000,alpha_blend,False,0.15,0.5712418393643194,0.3409681227863046,0.8158192090395481,0.9148051948051948,4235,164,2475,1444,0.6971600901243062,0.5640147828836483,0.5148017704617917,964cd1231d6407329a6058b143ea9104ca42d95c7a259a1f88916949f0aa2b20,f3c03024e4255c4327f655ba9b4ec375dda6e66f4f07b5d3a286ef4abea4fcbb,geometry_risk_score,1.0,,
geometry_alpha_1p000,alpha_blend,False,0.1851840107564186,0.6051083482112486,0.37841421373640943,0.8062146892655367,0.9303896103896104,3771,134,2077,1427,0.6971600901243062,0.5640147828836483,0.5148017704617917,964cd1231d6407329a6058b143ea9104ca42d95c7a259a1f88916949f0aa2b20,6a5f5615dd1d118992b37618a098d8a73973eb1dd8f468dea8be518d7da107c3,geometry_risk_score,1.0,,
geometry_alpha_1p000,alpha_blend,False,0.2,0.6165395142516202,0.39157952669235,0.803954802259887,0.9361038961038961,3634,123,1961,1423,0.6971600901243062,0.5640147828836483,0.5148017704617917,964cd1231d6407329a6058b143ea9104ca42d95c7a259a1f88916949f0aa2b20,0e70c68e54c469c6a404720ad634c706dcd634c3206b085286c86f83eb2d2e98,geometry_risk_score,1.0,,
geometry_alpha_1p000,alpha_blend,False,0.25,0.6492882618438911,0.4330055316533497,0.796045197740113,0.948051948051948,3254,100,1633,1409,0.6971600901243062,0.5640147828836483,0.5148017704617917,964cd1231d6407329a6058b143ea9104ca42d95c7a259a1f88916949f0aa2b20,e8d374c93012a1789fa830ad024c7b5865c31bf7217cb9b23add3f3b59c83cc8,geometry_risk_score,1.0,,
geometry_alpha_1p000,alpha_blend,False,0.3,0.6730172456424196,0.4671361502347418,0.7870056497175141,0.9558441558441558,2982,85,1407,1393,0.6971600901243062,0.5640147828836483,0.5148017704617917,964cd1231d6407329a6058b143ea9104ca42d95c7a259a1f88916949f0aa2b20,53dc2eb1e99c70c15d845b6c1323ded2636fb4ebca6ba52e1323b23d477b98a8,geometry_risk_score,1.0,,
geometry_alpha_1p000,alpha_blend,False,0.35,0.6904167509147713,0.496199782844734,0.7745762711864407,0.9625974025974026,2763,72,1234,1371,0.6971600901243062,0.5640147828836483,0.5148017704617917,964cd1231d6407329a6058b143ea9104ca42d95c7a259a1f88916949f0aa2b20,ee219d87deed532c9bf030e9e2736fe8cb29f3d0366c516a082a58e077f8e3e1,geometry_risk_score,1.0,,
geometry_alpha_1p000,alpha_blend,False,0.4,0.7056823920845504,0.5231481481481481,0.7661016949152543,0.9667532467532467,2592,64,1095,1356,0.6971600901243062,0.5640147828836483,0.5148017704617917,964cd1231d6407329a6058b143ea9104ca42d95c7a259a1f88916949f0aa2b20,f9876338fc74c21d52c0f37cba30b438371e8f33e1baff033c4f01cae4b725c7,geometry_risk_score,1.0,,
geometry_alpha_1p000,alpha_blend,False,0.4224173523493174,0.7123408927201187,0.535799522673031,0.7610169491525424,0.9698701298701299,2514,58,1038,1347,0.6971600901243062,0.5640147828836483,0.5148017704617917,964cd1231d6407329a6058b143ea9104ca42d95c7a259a1f88916949f0aa2b20,22a38462a9c51aa06cbcf320fc97f337e642b163e45d49e899f9631923824990,geometry_risk_score,1.0,,
geometry_alpha_1p000,alpha_blend,False,0.5,0.7329627137497549,0.5823346648912561,0.7412429378531074,0.974025974025974,2253,50,832,1312,0.6971600901243062,0.5640147828836483,0.5148017704617917,964cd1231d6407329a6058b143ea9104ca42d95c7a259a1f88916949f0aa2b20,eb92dfa16ae431f9aeb48e5d15241027e8f2cafda6f42d59b5b1904748e409d1,geometry_risk_score,1.0,,
geometry_alpha_1p000,alpha_blend,False,0.6,0.7520705527485826,0.6344139650872818,0.7186440677966102,0.9792207792207792,2005,40,642,1272,0.6971600901243062,0.5640147828836483,0.5148017704617917,964cd1231d6407329a6058b143ea9104ca42d95c7a259a1f88916949f0aa2b20,d5ac2bbe9704138d3b7455659d4cdd9fb7b00292b986f750d393f3638faf26d6,geometry_risk_score,1.0,,
geometry_alpha_1p000,alpha_blend,False,0.7,0.7626224844542807,0.6887492861222159,0.6813559322033899,0.985974025974026,1751,27,472,1206,0.6971600901243062,0.5640147828836483,0.5148017704617917,964cd1231d6407329a6058b143ea9104ca42d95c7a259a1f88916949f0aa2b20,4c4ee5c1c9830ea6ff45ba084278c6d94d2fb58a06d893973f1fb00acdbca5a1,geometry_risk_score,1.0,,
geometry_alpha_1p000,alpha_blend,False,0.8,0.7710401369653986,0.7493455497382199,0.6468926553672316,0.9896103896103896,1528,20,326,1145,0.6971600901243062,0.5640147828836483,0.5148017704617917,964cd1231d6407329a6058b143ea9104ca42d95c7a259a1f88916949f0aa2b20,127478f63b79b022418e4b4add181712c2178bc0d27935610a2f7c2247c94f11,geometry_risk_score,1.0,,
geometry_alpha_1p000,alpha_blend,False,0.8976847129176919,0.7650657412410872,0.8265712012728719,0.5870056497175141,0.9922077922077922,1257,15,181,1039,0.6971600901243062,0.5640147828836483,0.5148017704617917,964cd1231d6407329a6058b143ea9104ca42d95c7a259a1f88916949f0aa2b20,75c03233b5733de1c851b6324ae4b66ba15c007fd95195186d5839ee68bd5c95,geometry_risk_score,1.0,,
geometry_alpha_1p000,alpha_blend,False,0.9,0.7655778726871842,0.8302642113690952,0.5858757062146893,0.9927272727272727,1249,14,177,1037,0.6971600901243062,0.5640147828836483,0.5148017704617917,964cd1231d6407329a6058b143ea9104ca42d95c7a259a1f88916949f0aa2b20,cc4e7f1140acfd1a1fd9dc2790e422b75117982a0b2066d8b122099295a73c96,geometry_risk_score,1.0,,
geometry_alpha_1p000,alpha_blend,False,0.9862464945006165,0.6073164120047665,0.9682034976152624,0.3440677966101695,0.9994805194805195,629,1,17,609,0.6971600901243062,0.5640147828836483,0.5148017704617917,964cd1231d6407329a6058b143ea9104ca42d95c7a259a1f88916949f0aa2b20,8364c0e02dadb4044a73529c81b35e66aed8777fb90487b41c803664347e0237,geometry_risk_score,1.0,,
geometry_alpha_1p000,alpha_blend,False,0.9993767835291122,0.001693002257336343,1.0,0.0005649717514124294,1.0,1,0,0,1,0.6971600901243062,0.5640147828836483,0.5148017704617917,964cd1231d6407329a6058b143ea9104ca42d95c7a259a1f88916949f0aa2b20,a6bee8931c5d3cfef904ea122c487f11a534a7bf366399be36c2ca1a61e6be4e,geometry_risk_score,1.0,,
class_reliability_gamma_0p250,class_scaled_raw,True,0.001945839988900608,0.3403458751518623,0.1580566458046038,0.8418079096045198,0.7693506493506493,9427,444,7100,1490,0.7031008719507358,0.5682894346237968,0.5198666723520451,2686187fe495a910d6e8289a4e5e13bd62d1e4e056a774f627eff63d8f64bf85,6fdfd5e439372602e4e8a69d09e6fa883e8370c1429bf50daedc3f604a3a05a2,class_reliability_gamma_0p250,,0.25,
class_reliability_gamma_0p250,class_scaled_raw,True,0.005539138323121383,0.45002366933651716,0.23436754176610977,0.8322033898305085,0.8348051948051948,6285,318,4223,1473,0.7031008719507358,0.5682894346237968,0.5198666723520451,2686187fe495a910d6e8289a4e5e13bd62d1e4e056a774f627eff63d8f64bf85,aeb685a613a93b71ea623df2c57a025297e9440adda7d958bc60b793c1aa9bb6,class_reliability_gamma_0p250,,0.25,
class_reliability_gamma_0p250,class_scaled_raw,True,0.023015334952842782,0.6037192757490398,0.379209758684699,0.807909604519774,0.9137662337662338,3771,166,2027,1430,0.7031008719507358,0.5682894346237968,0.5198666723520451,2686187fe495a910d6e8289a4e5e13bd62d1e4e056a774f627eff63d8f64bf85,850934238f91326f94ec32355f74c3fa18e06daa8b7f368629babc78a0f55767,class_reliability_gamma_0p250,,0.25,
class_reliability_gamma_0p250,class_scaled_raw,True,0.05,0.6781187183922105,0.47954230235783635,0.7813559322033898,0.9444155844155844,2884,107,1291,1383,0.7031008719507358,0.5682894346237968,0.5198666723520451,2686187fe495a910d6e8289a4e5e13bd62d1e4e056a774f627eff63d8f64bf85,c58528738b9bb35ba8f55ff9ba7aecfcb1a04b2b2a1e14cd209baef0b993e932,class_reliability_gamma_0p250,,0.25,
class_reliability_gamma_0p250,class_scaled_raw,True,0.07845503508228929,0.7111712834029147,0.5369928400954654,0.7627118644067796,0.9568831168831169,2514,83,1000,1350,0.7031008719507358,0.5682894346237968,0.5198666723520451,2686187fe495a910d6e8289a4e5e13bd62d1e4e056a774f627eff63d8f64bf85,0623a9d768ffa9c16a3fe3297409885d9c0a1023d58688b914c161521cdd0bad,class_reliability_gamma_0p250,,0.25,
class_reliability_gamma_0p250,class_scaled_raw,True,0.1,0.7305480551985408,0.5762049500651324,0.7497175141242938,0.9641558441558442,2303,69,831,1327,0.7031008719507358,0.5682894346237968,0.5198666723520451,2686187fe495a910d6e8289a4e5e13bd62d1e4e056a774f627eff63d8f64bf85,68660471f96c0e319712be476e95c2da6b58954753ecc792150d4aadf60fdea8,class_reliability_gamma_0p250,,0.25,
class_reliability_gamma_0p250,class_scaled_raw,True,0.15,0.7537708112054501,0.6369521912350598,0.7225988700564971,0.9745454545454545,2008,49,618,1279,0.7031008719507358,0.5682894346237968,0.5198666723520451,2686187fe495a910d6e8289a4e5e13bd62d1e4e056a774f627eff63d8f64bf85,315543513c463436a3c2cbce6e5dbbb3a516bcdf37acc3e222982283cc266dd2,class_reliability_gamma_0p250,,0.25,
class_reliability_gamma_0p250,class_scaled_raw,True,0.2,0.764510933172648,0.6858902575587906,0.692090395480226,0.9792207792207792,1786,40,471,1225,0.7031008719507358,0.5682894346237968,0.5198666723520451,2686187fe495a910d6e8289a4e5e13bd62d1e4e056a774f627eff63d8f64bf85,e09bbe658271d17f2b35557b52bfa3767cf60075d8fdd616a37d6f92df2669d0,class_reliability_gamma_0p250,,0.25,
class_reliability_gamma_0p250,class_scaled_raw,True,0.25,0.7697824914387347,0.724095646842428,0.6672316384180791,0.9828571428571429,1631,33,374,1181,0.7031008719507358,0.5682894346237968,0.5198666723520451,2686187fe495a910d6e8289a4e5e13bd62d1e4e056a774f627eff63d8f64bf85,87619b25151b26b7fbe7db76c29b3863af3e462e4174412382c752f2b4b6bb07,class_reliability_gamma_0p250,,0.25,
class_reliability_gamma_0p250,class_scaled_raw,True,0.3,0.7727896020532736,0.7606951871657754,0.6429378531073446,0.9880519480519481,1496,23,297,1138,0.7031008719507358,0.5682894346237968,0.5198666723520451,2686187fe495a910d6e8289a4e5e13bd62d1e4e056a774f627eff63d8f64bf85,b440ac868ab86a9db0c69687812d41cf2e42a7419424939061f8541eea9d3986,class_reliability_gamma_0p250,,0.25,
class_reliability_gamma_0p250,class_scaled_raw,True,0.35,0.7723428235698769,0.7922077922077922,0.6203389830508474,0.9901298701298701,1386,19,239,1098,0.7031008719507358,0.5682894346237968,0.5198666723520451,2686187fe495a910d6e8289a4e5e13bd62d1e4e056a774f627eff63d8f64bf85,2aa9fdff8a0997b8786e08ec2e46582ca4b8c84c23ee6c63843ed36fbf1493d6,class_reliability_gamma_0p250,,0.25,
class_reliability_gamma_0p250,class_scaled_raw,True,0.4,0.7689599029599629,0.8217898832684825,0.5966101694915255,0.9916883116883117,1285,16,187,1056,0.7031008719507358,0.5682894346237968,0.5198666723520451,2686187fe495a910d6e8289a4e5e13bd62d1e4e056a774f627eff63d8f64bf85,4ab72ca55786353f20ea2a0d7405450d47c834c45ba229d160fd94bea555581d,class_reliability_gamma_0p250,,0.25,
class_reliability_gamma_0p250,class_scaled_raw,True,0.41523364179641825,0.7682395296224678,0.8313444709626094,0.5903954802259888,0.9916883116883117,1257,16,170,1045,0.7031008719507358,0.5682894346237968,0.5198666723520451,2686187fe495a910d6e8289a4e5e13bd62d1e4e056a774f627eff63d8f64bf85,a80ae8c61c2e8f648a510ec78641624b64f634da3ac5a08c03d8eddc8dfb5c79,class_reliability_gamma_0p250,,0.25,
class_reliability_gamma_0p250,class_scaled_raw,True,0.5,0.751736327231563,0.8664874551971327,0.5463276836158192,0.9937662337662337,1116,12,118,967,0.7031008719507358,0.5682894346237968,0.5198666723520451,2686187fe495a910d6e8289a4e5e13bd62d1e4e056a774f627eff63d8f64bf85,8b7bb684b014f7fea79192da3cceeed69360a49617ef27601efbfdce8603534d,class_reliability_gamma_0p250,,0.25,
class_reliability_gamma_0p250,class_scaled_raw,True,0.6,0.7113366576938353,0.9032258064516129,0.4745762711864407,0.9968831168831169,930,6,72,840,0.7031008719507358,0.5682894346237968,0.5198666723520451,2686187fe495a910d6e8289a4e5e13bd62d1e4e056a774f627eff63d8f64bf85,bcd557dba218de60e595184bb190be77aee2796d4c59084672dbce963295f335,class_reliability_gamma_0p250,,0.25,
class_reliability_gamma_0p250,class_scaled_raw,True,0.7,0.6568459275917163,0.9500674763832658,0.3977401129943503,0.9994805194805195,741,1,31,704,0.7031008719507358,0.5682894346237968,0.5198666723520451,2686187fe495a910d6e8289a4e5e13bd62d1e4e056a774f627eff63d8f64bf85,1f9011ccc106690a722767e4eb2a1a6b44952d3c2eabbb7a0654b9f47561a669,class_reliability_gamma_0p250,,0.25,
class_reliability_gamma_0p250,class_scaled_raw,True,0.7561049944049375,0.6033335317743255,0.9602543720190779,0.34124293785310733,0.9994805194805195,629,1,20,604,0.7031008719507358,0.5682894346237968,0.5198666723520451,2686187fe495a910d6e8289a4e5e13bd62d1e4e056a774f627eff63d8f64bf85,78cb22cfe1cdebad7e24d86d4319bf6c0d4ef6809644074263a6f7478059d4d7,class_reliability_gamma_0p250,,0.25,
class_reliability_gamma_0p250,class_scaled_raw,True,0.8,0.5449164313759458,0.9732313575525813,0.28757062146892653,0.9994805194805195,523,1,9,509,0.7031008719507358,0.5682894346237968,0.5198666723520451,2686187fe495a910d6e8289a4e5e13bd62d1e4e056a774f627eff63d8f64bf85,828b011ec9ed752fea6192c5660c4764a825d8217516b20b7cdce868bbd9aa53,class_reliability_gamma_0p250,,0.25,
class_reliability_gamma_0p250,class_scaled_raw,True,0.9,0.29181818181818187,0.9907407407407407,0.12090395480225989,1.0,216,0,2,214,0.7031008719507358,0.5682894346237968,0.5198666723520451,2686187fe495a910d6e8289a4e5e13bd62d1e4e056a774f627eff63d8f64bf85,5c8fd4a93a94b4e090d73dca0ee7d79646591026ae5be36f8a773ce9af9b4ab6,class_reliability_gamma_0p250,,0.25,
class_reliability_gamma_0p250,class_scaled_raw,True,0.9592823221206674,0.001693002257336343,1.0,0.0005649717514124294,1.0,1,0,0,1,0.7031008719507358,0.5682894346237968,0.5198666723520451,2686187fe495a910d6e8289a4e5e13bd62d1e4e056a774f627eff63d8f64bf85,3bc84dbea1efbb2ed1e12876be81779c7cc248038773b482c76aa917a6211173,class_reliability_gamma_0p250,,0.25,
class_reliability_gamma_0p500,class_scaled_raw,True,0.0017678019987939207,0.34037974321921605,0.1580566458046038,0.8418079096045198,0.7698701298701298,9427,443,7102,1490,0.7031008719507358,0.5682894346237968,0.5198666723520451,ae00727fc151455e8215787f5cc756f45bc7d365f761c20e229f6e1e5a1b3bbe,a58349b65c60829cb87beef8b45926ccd18847d5653ca75054c6a948145721a2,class_reliability_gamma_0p500,,0.5,
class_reliability_gamma_0p500,class_scaled_raw,True,0.005080129864575537,0.4500739645673144,0.23436754176610977,0.8322033898305085,0.8353246753246754,6285,317,4227,1473,0.7031008719507358,0.5682894346237968,0.5198666723520451,ae00727fc151455e8215787f5cc756f45bc7d365f761c20e229f6e1e5a1b3bbe,1b9918e93b819aa4dfdd2029884ef201739ee0ab3d55f287e61f67f7df1d40b4,class_reliability_gamma_0p500,,0.5,
class_reliability_gamma_0p500,class_scaled_raw,True,0.021388816778681406,0.6030606651872564,0.3786793953858393,0.8067796610169492,0.9137662337662338,3771,166,2030,1428,0.7031008719507358,0.5682894346237968,0.5198666723520451,ae00727fc151455e8215787f5cc756f45bc7d365f761c20e229f6e1e5a1b3bbe,f4cab09350c3920b11f31e677cc3ba77a39d80116862fb48a9831fb5b214aa42,class_reliability_gamma_0p500,,0.5,
class_reliability_gamma_0p500,class_scaled_raw,True,0.05,0.6849071010435225,0.49023090586145646,0.7796610169491526,0.9454545454545454,2815,105,1230,1380,0.7031008719507358,0.5682894346237968,0.5198666723520451,ae00727fc151455e8215787f5cc756f45bc7d365f761c20e229f6e1e5a1b3bbe,d871734c7c71c8886d960cebc73687b8dc4f4681d3d5d3c336db72a2295bf9a6,class_reliability_gamma_0p500,,0.5,
class_reliability_gamma_0p500,class_scaled_raw,True,0.07112848520799214,0.7140268490051364,0.5393794749403341,0.7661016949152543,0.9594805194805195,2514,78,998,1356,0.7031008719507358,0.5682894346237968,0.5198666723520451,ae00727fc151455e8215787f5cc756f45bc7d365f761c20e229f6e1e5a1b3bbe,6c985d140934dfb6379fb51109202b781eabc84f556840ece78031634d8deed9,class_reliability_gamma_0p500,,0.5,
class_reliability_gamma_0p500,class_scaled_raw,True,0.1,0.7341297400475943,0.5854092526690391,0.7435028248587571,0.9677922077922078,2248,62,797,1316,0.7031008719507358,0.5682894346237968,0.5198666723520451,ae00727fc151455e8215787f5cc756f45bc7d365f761c20e229f6e1e5a1b3bbe,a6f4bb5b8e636e50d527b8299d56a7379c2c6158b4eb3310eb8bcf892a6498f4,class_reliability_gamma_0p500,,0.5,
class_reliability_gamma_0p500,class_scaled_raw,True,0.15,0.7570823928960105,0.6479591836734694,0.7175141242937854,0.9750649350649351,1960,48,584,1270,0.7031008719507358,0.5682894346237968,0.5198666723520451,ae00727fc151455e8215787f5cc756f45bc7d365f761c20e229f6e1e5a1b3bbe,f9b0eb3e245903e34459d7bb04960f75736343b529a440dca2f4b04f5f5bcc9b,class_reliability_gamma_0p500,,0.5,
class_reliability_gamma_0p500,class_scaled_raw,True,0.2,0.7661086302441781,0.6946826758147513,0.6864406779661016,0.9807792207792208,1749,37,450,1215,0.7031008719507358,0.5682894346237968,0.5198666723520451,ae00727fc151455e8215787f5cc756f45bc7d365f761c20e229f6e1e5a1b3bbe,02beb9d43fa00bf6d72c503767b5c7eee46c6161475a52d544925f5df87e44a3,class_reliability_gamma_0p500,,0.5,
class_reliability_gamma_0p500,class_scaled_raw,True,0.25,0.7686139666528584,0.7349397590361446,0.6548022598870057,0.9849350649350649,1577,29,348,1159,0.7031008719507358,0.5682894346237968,0.5198666723520451,ae00727fc151455e8215787f5cc756f45bc7d365f761c20e229f6e1e5a1b3bbe,3dee1d53d946b303531a0f6ce61d736a3430c9bc35f902b5b7fa4273eba19ba8,class_reliability_gamma_0p500,,0.5,
class_reliability_gamma_0p500,class_scaled_raw,True,0.3,0.7744967034932158,0.7784722222222222,0.6333333333333333,0.9901298701298701,1440,19,265,1121,0.7031008719507358,0.5682894346237968,0.5198666723520451,ae00727fc151455e8215787f5cc756f45bc7d365f761c20e229f6e1e5a1b3bbe,b914e490ee2d82ee605b980e3d6f8c93a74c7618966c47c72f8666b1685538d9,class_reliability_gamma_0p500,,0.5,
class_reliability_gamma_0p500,class_scaled_raw,True,0.35,0.7731654739067606,0.8071481757259866,0.6124293785310735,0.9916883116883117,1343,16,214,1084,0.7031008719507358,0.5682894346237968,0.5198666723520451,ae00727fc151455e8215787f5cc756f45bc7d365f761c20e229f6e1e5a1b3bbe,048704c0ad343b0297f8c9174cdc1274a897f20c86c7d0bf7e626795fa11344a,class_reliability_gamma_0p500,,0.5,
class_reliability_gamma_0p500,class_scaled_raw,True,0.3915513002675892,0.7683434072931578,0.8313444709626094,0.5903954802259888,0.9922077922077922,1257,15,172,1045,0.7031008719507358,0.5682894346237968,0.5198666723520451,ae00727fc151455e8215787f5cc756f45bc7d365f761c20e229f6e1e5a1b3bbe,ef1637713a92c8a5f41bd0a209a85189f0c3c04b8b18e61340196ee74781567f,class_reliability_gamma_0p500,,0.5,
class_reliability_gamma_0p500,class_scaled_raw,True,0.4,0.7660923062600371,0.83589329021827,0.584180790960452,0.9922077922077922,1237,15,164,1034,0.7031008719507358,0.5682894346237968,0.5198666723520451,ae00727fc151455e8215787f5cc756f45bc7d365f761c20e229f6e1e5a1b3bbe,6f84d147d2094d744f744c7d964e14846341bebccf48788b775550c0b2a31324,class_reliability_gamma_0p500,,0.5,
class_reliability_gamma_0p500,class_scaled_raw,True,0.5,0.7394316757208523,0.88,0.5220338983050847,0.9948051948051948,1050,10,99,924,0.7031008719507358,0.5682894346237968,0.5198666723520451,ae00727fc151455e8215787f5cc756f45bc7d365f761c20e229f6e1e5a1b3bbe,9f4496ea223d8b3257518ce4b90b8db39fc7d90291fecd5c4683b5c62119dd5c,class_reliability_gamma_0p500,,0.5,
class_reliability_gamma_0p500,class_scaled_raw,True,0.6,0.694733409216477,0.9200463499420626,0.4485875706214689,0.9979220779220779,863,4,59,794,0.7031008719507358,0.5682894346237968,0.5198666723520451,ae00727fc151455e8215787f5cc756f45bc7d365f761c20e229f6e1e5a1b3bbe,655d0067bace2e635019e756e6bffa7104e34c84a93b27a427a5130221170c11,class_reliability_gamma_0p500,,0.5,
class_reliability_gamma_0p500,class_scaled_raw,True,0.7,0.627838677318379,0.9557522123893806,0.36610169491525424,0.9994805194805195,678,1,24,648,0.7031008719507358,0.5682894346237968,0.5198666723520451,ae00727fc151455e8215787f5cc756f45bc7d365f761c20e229f6e1e5a1b3bbe,cc82d18fb142e66e14f3952e868140ed19af4227a8d276b67906541b151cd770,class_reliability_gamma_0p500,,0.5,
class_reliability_gamma_0p500,class_scaled_raw,True,0.7271137438358032,0.6017366620221296,0.9570747217806042,0.34011299435028247,0.9994805194805195,629,1,22,602,0.7031008719507358,0.5682894346237968,0.5198666723520451,ae00727fc151455e8215787f5cc756f45bc7d365f761c20e229f6e1e5a1b3bbe,4cafa7563fd53b76164c1f71cb74b0c5315a44de197349a72b4cab1101880461,class_reliability_gamma_0p500,,0.5,
class_reliability_gamma_0p500,class_scaled_raw,True,0.8,0.4986465472556585,0.9715536105032823,0.25084745762711863,0.9994805194805195,457,1,9,444,0.7031008719507358,0.5682894346237968,0.5198666723520451,ae00727fc151455e8215787f5cc756f45bc7d365f761c20e229f6e1e5a1b3bbe,02e966c94ce1cb93461991a465da11c5e1115c1b5f805a86c52c938b3644bbf9,class_reliability_gamma_0p500,,0.5,
class_reliability_gamma_0p500,class_scaled_raw,True,0.9,0.1411764705882353,0.989247311827957,0.0519774011299435,1.0,93,0,1,92,0.7031008719507358,0.5682894346237968,0.5198666723520451,ae00727fc151455e8215787f5cc756f45bc7d365f761c20e229f6e1e5a1b3bbe,5c7ab463106f33a50c664b2d227cbf0a3f6588e6792bae62c5aa5c290fd0cb67,class_reliability_gamma_0p500,,0.5,
class_reliability_gamma_0p500,class_scaled_raw,True,0.9531770348548888,0.001693002257336343,1.0,0.0005649717514124294,1.0,1,0,0,1,0.7031008719507358,0.5682894346237968,0.5198666723520451,ae00727fc151455e8215787f5cc756f45bc7d365f761c20e229f6e1e5a1b3bbe,953bc5844da66e693fabab56a53d6153b4fb0303245934a03302b21a2cb52c43,class_reliability_gamma_0p500,,0.5,
class_reliability_gamma_0p750,class_scaled_raw,True,0.0016070573080519358,0.3406083677366941,0.1581627240903787,0.8423728813559322,0.7703896103896104,9427,442,7109,1491,0.7031008719507358,0.5682894346237968,0.5198666723520451,90e58d9e245d782eed28fdcf7d6695968a62338f4c5b7fc53bdf47d0b61a69ec,984346d1bcea5960aa308bb0e6ac3b383b9afc7039364c7fbb033c2d15e66fbf,class_reliability_gamma_0p750,,0.75,
class_reliability_gamma_0p750,class_scaled_raw,True,0.004670540119006767,0.4501744012224695,0.23436754176610977,0.8322033898305085,0.8363636363636364,6285,315,4231,1473,0.7031008719507358,0.5682894346237968,0.5198666723520451,90e58d9e245d782eed28fdcf7d6695968a62338f4c5b7fc53bdf47d0b61a69ec,10d3fc86f447c476d0c4d501fa09d757e38fb9ba6bffccd4d3cd58c6ac4acad1,class_reliability_gamma_0p750,,0.75,
class_reliability_gamma_0p750,class_scaled_raw,True,0.019636837622813513,0.6027312076893165,0.37841421373640943,0.8062146892655367,0.9137662337662338,3771,166,2031,1427,0.7031008719507358,0.5682894346237968,0.5198666723520451,90e58d9e245d782eed28fdcf7d6695968a62338f4c5b7fc53bdf47d0b61a69ec,376e2ceab3dad3d428bdb028fda466d3f92edee0630cfda1dd465688d769e664,class_reliability_gamma_0p750,,0.75,
class_reliability_gamma_0p750,class_scaled_raw,True,0.05,0.6932253837772231,0.5032967032967033,0.7762711864406779,0.9501298701298702,2730,96,1164,1374,0.7031008719507358,0.5682894346237968,0.5198666723520451,90e58d9e245d782eed28fdcf7d6695968a62338f4c5b7fc53bdf47d0b61a69ec,02630454904b515dba5efa65b042a5e2cef2c43805caa87cd98b613b80ad2834,class_reliability_gamma_0p750,,0.75,
class_reliability_gamma_0p750,class_scaled_raw,True,0.06563322828762308,0.7145186886157041,0.539777247414479,0.7666666666666667,0.96,2514,77,996,1357,0.7031008719507358,0.5682894346237968,0.5198666723520451,90e58d9e245d782eed28fdcf7d6695968a62338f4c5b7fc53bdf47d0b61a69ec,c7d9feb043bf59a820e9b8947f69bfe5c803b17659e4d32a13cc79b0fb046dfd,class_reliability_gamma_0p750,,0.75,
class_reliability_gamma_0p750,class_scaled_raw,True,0.1,0.7391655032533806,0.597985347985348,0.7378531073446327,0.9698701298701299,2184,58,750,1306,0.7031008719507358,0.5682894346237968,0.5198666723520451,90e58d9e245d782eed28fdcf7d6695968a62338f4c5b7fc53bdf47d0b61a69ec,5e7514f0a5a00e7e36e505721d20745c83481b1a8d586367a4ba18399830ef13,class_reliability_gamma_0p750,,0.75,
class_reliability_gamma_0p750,class_scaled_raw,True,0.15,0.759566526460605,0.6606860158311345,0.7073446327683616,0.9781818181818182,1895,42,546,1252,0.7031008719507358,0.5682894346237968,0.5198666723520451,90e58d9e245d782eed28fdcf7d6695968a62338f4c5b7fc53bdf47d0b61a69ec,2b9004912d77d6b75fa612f3dd68b4ac13d5609972066558c8a89c6e745e7be2,class_reliability_gamma_0p750,,0.75,
class_reliability_gamma_0p750,class_scaled_raw,True,0.2,0.7659015969585345,0.7032902467685076,0.676271186440678,0.9838961038961039,1702,31,430,1197,0.7031008719507358,0.5682894346237968,0.5198666723520451,90e58d9e245d782eed28fdcf7d6695968a62338f4c5b7fc53bdf47d0b61a69ec,4e276176ca71ff6ed1afe655ea371be133a54fdf0dd169cfb595060960d96016,class_reliability_gamma_0p750,,0.75,
class_reliability_gamma_0p750,class_scaled_raw,True,0.25,0.7726153237141955,0.7541091387245233,0.6480225988700565,0.9864935064935065,1521,26,311,1147,0.7031008719507358,0.5682894346237968,0.5198666723520451,90e58d9e245d782eed28fdcf7d6695968a62338f4c5b7fc53bdf47d0b61a69ec,91b785ad5ef41308843acb7aaf2f27f912b71ddd41a10d5ad7cf9bc21b2c7267,class_reliability_gamma_0p750,,0.75,
class_reliability_gamma_0p750,class_scaled_raw,True,0.3,0.7725379033648462,0.7888332140300645,0.6225988700564972,0.9906493506493507,1397,18,246,1102,0.7031008719507358,0.5682894346237968,0.5198666723520451,90e58d9e245d782eed28fdcf7d6695968a62338f4c5b7fc53bdf47d0b61a69ec,5d8561639b045fe3cbcfda32f21a6616cebaced7fdf9c0119aec718ae6cb7285,class_reliability_gamma_0p750,,0.75,
class_reliability_gamma_0p750,class_scaled_raw,True,0.35,0.7692944269414169,0.8190255220417634,0.5983050847457627,0.9927272727272727,1293,14,193,1059,0.7031008719507358,0.5682894346237968,0.5198666723520451,90e58d9e245d782eed28fdcf7d6695968a62338f4c5b7fc53bdf47d0b61a69ec,06941c56064fa162ef45f8e7da1fe50a582763fd89f4cc1c13f7bc9a12b69cb1,class_reliability_gamma_0p750,,0.75,
class_reliability_gamma_0p750,class_scaled_raw,True,0.36507787482292003,0.7673554342631486,0.8297533810660302,0.5892655367231638,0.9927272727272727,1257,14,175,1043,0.7031008719507358,0.5682894346237968,0.5198666723520451,90e58d9e245d782eed28fdcf7d6695968a62338f4c5b7fc53bdf47d0b61a69ec,1655b23de6e15d18b10b71f2e27b41b03f6d264667d3e1a67a61960999f624ab,class_reliability_gamma_0p750,,0.75,
class_reliability_gamma_0p750,class_scaled_raw,True,0.4,0.7609618562154098,0.8464765100671141,0.5700564971751413,0.9932467532467533,1192,13,148,1009,0.7031008719507358,0.5682894346237968,0.5198666723520451,90e58d9e245d782eed28fdcf7d6695968a62338f4c5b7fc53bdf47d0b61a69ec,29b3f6b65cd48dd90f3778f8a01e008440badbd937d5520239015b4fdedcc716,class_reliability_gamma_0p750,,0.75,
class_reliability_gamma_0p750,class_scaled_raw,True,0.5,0.7246777544724702,0.8881048387096774,0.4977401129943503,0.9953246753246753,992,9,86,881,0.7031008719507358,0.5682894346237968,0.5198666723520451,90e58d9e245d782eed28fdcf7d6695968a62338f4c5b7fc53bdf47d0b61a69ec,258bbd6eca656f6b1ba8f8051d4c2f7e6710290e260ba7ff19e195914fc31e05,class_reliability_gamma_0p750,,0.75,
class_reliability_gamma_0p750,class_scaled_raw,True,0.6,0.6790559427484487,0.9222357229647631,0.4288135593220339,0.9984415584415585,823,3,55,759,0.7031008719507358,0.5682894346237968,0.5198666723520451,90e58d9e245d782eed28fdcf7d6695968a62338f4c5b7fc53bdf47d0b61a69ec,0241954155f2e177e011732bfe5536c87ffa60d7fbab5639a1dbbb2d083ec9ae,class_reliability_gamma_0p750,,0.75,
class_reliability_gamma_0p750,class_scaled_raw,True,0.6962768866130614,0.6009374283793388,0.9554848966613673,0.33954802259887007,0.9994805194805195,629,1,23,601,0.7031008719507358,0.5682894346237968,0.5198666723520451,90e58d9e245d782eed28fdcf7d6695968a62338f4c5b7fc53bdf47d0b61a69ec,e439f85b74fd1d118466bba41ecbe7f82eac9166336dfe76a3f808884a280e3b,class_reliability_gamma_0p750,,0.75,
class_reliability_gamma_0p750,class_scaled_raw,True,0.7,0.5993363580957539,0.9568,0.33785310734463275,0.9994805194805195,625,1,22,598,0.7031008719507358,0.5682894346237968,0.5198666723520451,90e58d9e245d782eed28fdcf7d6695968a62338f4c5b7fc53bdf47d0b61a69ec,74fc3d70639cf16576a165b2542ca6d70ba9da0d6242c2c6eebcc0ef39316262,class_reliability_gamma_0p750,,0.75,
class_reliability_gamma_0p750,class_scaled_raw,True,0.8,0.46624140542080184,0.980440097799511,0.22655367231638418,0.9994805194805195,409,1,5,401,0.7031008719507358,0.5682894346237968,0.5198666723520451,90e58d9e245d782eed28fdcf7d6695968a62338f4c5b7fc53bdf47d0b61a69ec,c5270915d557f18701d82f3f398598a52da7c166079533d60961229fb60c8064,class_reliability_gamma_0p750,,0.75,
class_reliability_gamma_0p750,class_scaled_raw,True,0.9,0.02990033222591362,1.0,0.010169491525423728,1.0,18,0,0,18,0.7031008719507358,0.5682894346237968,0.5198666723520451,90e58d9e245d782eed28fdcf7d6695968a62338f4c5b7fc53bdf47d0b61a69ec,22ee803cf40b54b4a4ed74be56a9be3edb31aa2e43c2a0cdf2a1e0d10fcbfcf3,class_reliability_gamma_0p750,,0.75,
class_reliability_gamma_0p750,class_scaled_raw,True,0.9531770348548888,0.001693002257336343,1.0,0.0005649717514124294,1.0,1,0,0,1,0.7031008719507358,0.5682894346237968,0.5198666723520451,90e58d9e245d782eed28fdcf7d6695968a62338f4c5b7fc53bdf47d0b61a69ec,953bc5844da66e693fabab56a53d6153b4fb0303245934a03302b21a2cb52c43,class_reliability_gamma_0p750,,0.75,
class_reliability_gamma_1p000,class_scaled_raw,True,0.0014758690280927027,0.3404811140043276,0.1580566458046038,0.8418079096045198,0.7714285714285715,9427,440,7112,1490,0.7031008719507358,0.5682894346237968,0.5198666723520451,fe441a3e7515572ecb374a08a66f3638d79f9958489e6d42db4c44ee1852ee53,1f53570a9f3405ce7941e0e20160468a3ee3b7a7b1f7913ec38c4d740981cbcb,class_reliability_gamma_1p000,,1.0,
class_reliability_gamma_1p000,class_scaled_raw,True,0.004299772771668647,0.45022454280353125,0.23436754176610977,0.8322033898305085,0.8368831168831169,6285,314,4236,1473,0.7031008719507358,0.5682894346237968,0.5198666723520451,fe441a3e7515572ecb374a08a66f3638d79f9958489e6d42db4c44ee1852ee53,929929c7cd607e81117666deec2150692101f0fbde79b97b870295f03be920f6,class_reliability_gamma_1p000,,1.0,
class_reliability_gamma_1p000,class_scaled_raw,True,0.018296158712094175,0.6031360540626155,0.3786793953858393,0.8067796610169492,0.9142857142857143,3771,165,2032,1428,0.7031008719507358,0.5682894346237968,0.5198666723520451,fe441a3e7515572ecb374a08a66f3638d79f9958489e6d42db4c44ee1852ee53,5a805a854568f7a5354e630abaf8a7cfd6d84702e23c1e53882e4c3e3802c82f,class_reliability_gamma_1p000,,1.0,
class_reliability_gamma_1p000,class_scaled_raw,True,0.05,0.7011335386158415,0.5150037509377344,0.7757062146892655,0.9542857142857143,2666,88,1112,1373,0.7031008719507358,0.5682894346237968,0.5198666723520451,fe441a3e7515572ecb374a08a66f3638d79f9958489e6d42db4c44ee1852ee53,465096f785cb1635798c2ae0daf83f58b24e46ea6233be2d47a5a6047d4eadba,class_reliability_gamma_1p000,,1.0,
class_reliability_gamma_1p000,class_scaled_raw,True,0.061174542883236024,0.7144098131458265,0.5393794749403341,0.7661016949152543,0.9615584415584415,2514,74,1000,1356,0.7031008719507358,0.5682894346237968,0.5198666723520451,fe441a3e7515572ecb374a08a66f3638d79f9958489e6d42db4c44ee1852ee53,fa3ad721753b2501cdc801989b5a03a6cab01c5c678201128eb39841d248d3b5,class_reliability_gamma_1p000,,1.0,
class_reliability_gamma_1p000,class_scaled_raw,True,0.1,0.743713453113843,0.6092870544090057,0.7338983050847457,0.9709090909090909,2132,56,710,1299,0.7031008719507358,0.5682894346237968,0.5198666723520451,fe441a3e7515572ecb374a08a66f3638d79f9958489e6d42db4c44ee1852ee53,254d56799ec71fe39b6a7653027cceffd4d101310ef2f81cb30b63ef63a1e71c,class_reliability_gamma_1p000,,1.0,
class_reliability_gamma_1p000,class_scaled_raw,True,0.15,0.7603205670688533,0.6695557963163596,0.6983050847457627,0.9802597402597403,1846,38,519,1236,0.7031008719507358,0.5682894346237968,0.5198666723520451,fe441a3e7515572ecb374a08a66f3638d79f9958489e6d42db4c44ee1852ee53,21637e9e5f97a1e4017b0035322ce2f018d1f951a2fe4265cc48417f8f5ea316,class_reliability_gamma_1p000,,1.0,
class_reliability_gamma_1p000,class_scaled_raw,True,0.2,0.7656834880633426,0.7132486388384754,0.6661016949152543,0.9854545454545455,1653,28,402,1179,0.7031008719507358,0.5682894346237968,0.5198666723520451,fe441a3e7515572ecb374a08a66f3638d79f9958489e6d42db4c44ee1852ee53,66e798374197c57950532578838ffdaaa2af4d44f8202efb63a64f16d9419742,class_reliability_gamma_1p000,,1.0,
class_reliability_gamma_1p000,class_scaled_raw,True,0.25,0.774218245391558,0.7677725118483413,0.6406779661016949,0.9885714285714285,1477,22,287,1134,0.7031008719507358,0.5682894346237968,0.5198666723520451,fe441a3e7515572ecb374a08a66f3638d79f9958489e6d42db4c44ee1852ee53,3626d833bf33a88cf1e0da863bb606ff493b53a17961c20c6b504a2e9b039830,class_reliability_gamma_1p000,,1.0,
class_reliability_gamma_1p000,class_scaled_raw,True,0.3,0.7685105855879104,0.7968980797636632,0.6096045197740113,0.9916883116883117,1354,16,230,1079,0.7031008719507358,0.5682894346237968,0.5198666723520451,fe441a3e7515572ecb374a08a66f3638d79f9958489e6d42db4c44ee1852ee53,25e0441694a907a8922ba386d846cc913d1c357891b66cbcff5eeaf5c98921a8,class_reliability_gamma_1p000,,1.0,
class_reliability_gamma_1p000,class_scaled_raw,True,0.3443484457784294,0.7652714877655132,0.8265712012728719,0.5870056497175141,0.9932467532467533,1257,13,180,1039,0.7031008719507358,0.5682894346237968,0.5198666723520451,fe441a3e7515572ecb374a08a66f3638d79f9958489e6d42db4c44ee1852ee53,ab713cd8a7551abea8a7ff7df7a35a111b38185cfea74003cbb3533ae26ecdf4,class_reliability_gamma_1p000,,1.0,
class_reliability_gamma_1p000,class_scaled_raw,True,0.35,0.7664004664472887,0.8305355715427658,0.5870056497175141,0.9932467532467533,1251,13,174,1039,0.7031008719507358,0.5682894346237968,0.5198666723520451,fe441a3e7515572ecb374a08a66f3638d79f9958489e6d42db4c44ee1852ee53,132b359863c033bbb34f86637f104ce6c1075421ae75d597b76f101476f73969,class_reliability_gamma_1p000,,1.0,
class_reliability_gamma_1p000,class_scaled_raw,True,0.4,0.7498859460425122,0.8505244755244755,0.5497175141242938,0.9942857142857143,1144,11,138,973,0.7031008719507358,0.5682894346237968,0.5198666723520451,fe441a3e7515572ecb374a08a66f3638d79f9958489e6d42db4c44ee1852ee53,0589547a971c0c83a934bf6ef268692a569f564fa8ba5f76c205ee451c1f281e,class_reliability_gamma_1p000,,1.0,
class_reliability_gamma_1p000,class_scaled_raw,True,0.5,0.7122565640058933,0.8944033790918691,0.47853107344632767,0.9958441558441559,947,8,81,847,0.7031008719507358,0.5682894346237968,0.5198666723520451,fe441a3e7515572ecb374a08a66f3638d79f9958489e6d42db4c44ee1852ee53,118434a7916eedc8f6402c7ef923400a886ee3c7fc5742129d3f416154fd70e7,class_reliability_gamma_1p000,,1.0,
class_reliability_gamma_1p000,class_scaled_raw,True,0.6,0.6608032958075053,0.9254498714652957,0.4067796610169492,0.9989610389610389,778,2,50,720,0.7031008719507358,0.5682894346237968,0.5198666723520451,fe441a3e7515572ecb374a08a66f3638d79f9958489e6d42db4c44ee1852ee53,81f7b7a4c0fce40227224ed0dacc065d49dfff42f782c21d46f2ef5a8002d0f8,class_reliability_gamma_1p000,,1.0,
class_reliability_gamma_1p000,class_scaled_raw,True,0.6742818012628393,0.6001376615148728,0.9538950715421304,0.3389830508474576,0.9994805194805195,629,1,23,600,0.7031008719507358,0.5682894346237968,0.5198666723520451,fe441a3e7515572ecb374a08a66f3638d79f9958489e6d42db4c44ee1852ee53,bcfcc967ff48e260506e23695f23064a08e569ff95fbca3da64139444662478b,class_reliability_gamma_1p000,,1.0,
class_reliability_gamma_1p000,class_scaled_raw,True,0.7,0.5781687150068667,0.9574829931972789,0.31807909604519774,0.9994805194805195,588,1,20,563,0.7031008719507358,0.5682894346237968,0.5198666723520451,fe441a3e7515572ecb374a08a66f3638d79f9958489e6d42db4c44ee1852ee53,d195ce53bd6954e40c9528defbaadfd3f7cef9e817694ef01466096005374cd3,class_reliability_gamma_1p000,,1.0,
class_reliability_gamma_1p000,class_scaled_raw,True,0.8,0.41265306122448986,0.9825072886297376,0.1903954802259887,1.0,343,0,5,337,0.7031008719507358,0.5682894346237968,0.5198666723520451,fe441a3e7515572ecb374a08a66f3638d79f9958489e6d42db4c44ee1852ee53,6ceb43a7227d1939d7d2cbbbc65be491440a805261b12e7718668c0f3d152d7a,class_reliability_gamma_1p000,,1.0,
class_reliability_gamma_1p000,class_scaled_raw,True,0.9,0.01675977653631285,1.0,0.005649717514124294,1.0,10,0,0,10,0.7031008719507358,0.5682894346237968,0.5198666723520451,fe441a3e7515572ecb374a08a66f3638d79f9958489e6d42db4c44ee1852ee53,eb9840ab88303460a03df37eaa855334b3ba7bcc23f973ceb727a98356f0c86f,class_reliability_gamma_1p000,,1.0,
class_reliability_gamma_1p000,class_scaled_raw,True,0.9531770348548888,0.001693002257336343,1.0,0.0005649717514124294,1.0,1,0,0,1,0.7031008719507358,0.5682894346237968,0.5198666723520451,fe441a3e7515572ecb374a08a66f3638d79f9958489e6d42db4c44ee1852ee53,953bc5844da66e693fabab56a53d6153b4fb0303245934a03302b21a2cb52c43,class_reliability_gamma_1p000,,1.0,
raw_light_geom_gate_0p050,light_geometry_gate,False,0.0020186197647363603,0.34018494801641846,0.15795056751882888,0.8412429378531073,0.7698701298701298,9427,443,7098,1489,0.703069765889375,0.5682223860755812,0.5198319859071148,1e3f7a7a34af80da4c85aeeb0774c0f10a0a8e909cce87fe3abeceecf37cddef,7f1ce1dd808184a20d64d53f88e47fbb08704e07de0d81759a8aa74fb4554770,raw_light_geom_gate_0p050,,,0.05
raw_light_geom_gate_0p050,light_geometry_gate,False,0.005782638863209839,0.4501242085031546,0.23436754176610977,0.8322033898305085,0.8358441558441558,6285,316,4228,1473,0.703069765889375,0.5682223860755812,0.5198319859071148,1e3f7a7a34af80da4c85aeeb0774c0f10a0a8e909cce87fe3abeceecf37cddef,532ee27ce5e57b8ba9073e1b8612dc16177cba1b79af52ce43784cc3662399d7,raw_light_geom_gate_0p050,,,0.05
raw_light_geom_gate_0p050,light_geometry_gate,False,0.024304920216860953,0.6036915053570368,0.3789445770352692,0.8073446327683615,0.9158441558441559,3771,162,2031,1429,0.703069765889375,0.5682223860755812,0.5198319859071148,1e3f7a7a34af80da4c85aeeb0774c0f10a0a8e909cce87fe3abeceecf37cddef,a9eabf0c5c49c04630fa26bf95cc2741cb117838afe40f0ecc6df3dbf4cb6654,raw_light_geom_gate_0p050,,,0.05
raw_light_geom_gate_0p050,light_geometry_gate,False,0.05,0.6749745801425477,0.47420567133583874,0.784180790960452,0.9428571428571428,2927,110,1324,1388,0.703069765889375,0.5682223860755812,0.5198319859071148,1e3f7a7a34af80da4c85aeeb0774c0f10a0a8e909cce87fe3abeceecf37cddef,91a005626fb39b898d4025f155a8256561a3eccdd77a455987340733c7264a78,raw_light_geom_gate_0p050,,,0.05
raw_light_geom_gate_0p050,light_geometry_gate,False,0.08354397955753115,0.7104879466078656,0.5365950676213206,0.7621468926553673,0.9553246753246754,2514,86,996,1349,0.703069765889375,0.5682223860755812,0.5198319859071148,1e3f7a7a34af80da4c85aeeb0774c0f10a0a8e909cce87fe3abeceecf37cddef,712e3c1c8cc6bac5296acbda9b1e5d5f952c8cd48d91ae2fbf6aa72cc25e9ce9,raw_light_geom_gate_0p050,,,0.05
raw_light_geom_gate_0p050,light_geometry_gate,False,0.1,0.7277349414939025,0.5685689948892675,0.7542372881355932,0.9636363636363636,2348,70,864,1335,0.703069765889375,0.5682223860755812,0.5198319859071148,1e3f7a7a34af80da4c85aeeb0774c0f10a0a8e909cce87fe3abeceecf37cddef,1366d93e6888b456f22822a21e87885e4484fcf7e8797a169c7c9af2a9b91ff6,raw_light_geom_gate_0p050,,,0.05
raw_light_geom_gate_0p050,light_geometry_gate,False,0.15,0.7503046508838698,0.628305582761998,0.7248587570621469,0.9735064935064935,2042,51,643,1283,0.703069765889375,0.5682223860755812,0.5198319859071148,1e3f7a7a34af80da4c85aeeb0774c0f10a0a8e909cce87fe3abeceecf37cddef,709b5c5390f970450152b0d2df33313688537ea8066b4b2c9679e77b1cb51933,raw_light_geom_gate_0p050,,,0.05
raw_light_geom_gate_0p050,light_geometry_gate,False,0.2,0.7622599689327694,0.675601750547046,0.6977401129943502,0.9781818181818182,1828,42,500,1235,0.703069765889375,0.5682223860755812,0.5198319859071148,1e3f7a7a34af80da4c85aeeb0774c0f10a0a8e909cce87fe3abeceecf37cddef,713b5d9efa7af6ba60b6864fb57a71a45864ad3da101645543afeb07acf8e492,raw_light_geom_gate_0p050,,,0.05
raw_light_geom_gate_0p050,light_geometry_gate,False,0.25,0.7686215251365487,0.7160048134777377,0.672316384180791,0.9812987012987013,1662,36,390,1190,0.703069765889375,0.5682223860755812,0.5198319859071148,1e3f7a7a34af80da4c85aeeb0774c0f10a0a8e909cce87fe3abeceecf37cddef,1c1575c8a3fa1f9e59514f71a2f6f9fcd8f69bae996ce235f4dfb7edca7aeb71,raw_light_geom_gate_0p050,,,0.05
raw_light_geom_gate_0p050,light_geometry_gate,False,0.3,0.7729346574198109,0.7503250975292588,0.6519774011299435,0.9854545454545455,1538,28,317,1154,0.703069765889375,0.5682223860755812,0.5198319859071148,1e3f7a7a34af80da4c85aeeb0774c0f10a0a8e909cce87fe3abeceecf37cddef,b40655d331a345435a905d962611f5afc0fa717ca7e87158f22c9105572fc9ed,raw_light_geom_gate_0p050,,,0.05
raw_light_geom_gate_0p050,light_geometry_gate,False,0.35,0.773609722248834,0.7796373779637378,0.631638418079096,0.9880519480519481,1434,23,261,1118,0.703069765889375,0.5682223860755812,0.5198319859071148,1e3f7a7a34af80da4c85aeeb0774c0f10a0a8e909cce87fe3abeceecf37cddef,6de18934f4de6ee58178f7d95e07a0aa27b293fb364ac7c89cddbcf8ac041f21,raw_light_geom_gate_0p050,,,0.05
raw_light_geom_gate_0p050,light_geometry_gate,False,0.4,0.7695198518281733,0.8067669172932331,0.6062146892655367,0.9906493506493507,1330,18,213,1073,0.703069765889375,0.5682223860755812,0.5198319859071148,1e3f7a7a34af80da4c85aeeb0774c0f10a0a8e909cce87fe3abeceecf37cddef,7624eb56b2fdff5650d139fe30d8cc1f1eecd801672d6fd0db53ac39c4ee3a2c,raw_light_geom_gate_0p050,,,0.05
raw_light_geom_gate_0p050,light_geometry_gate,False,0.4419642606729256,0.7644156712885541,0.8257756563245824,0.5864406779661017,0.9916883116883117,1257,16,177,1038,0.703069765889375,0.5682223860755812,0.5198319859071148,1e3f7a7a34af80da4c85aeeb0774c0f10a0a8e909cce87fe3abeceecf37cddef,ee69c753b7e93cd01929c6906e287146cb91c4788c7670c3ddbf92bfbdf6398d,raw_light_geom_gate_0p050,,,0.05
raw_light_geom_gate_0p050,light_geometry_gate,False,0.5,0.7561845526529956,0.8567708333333334,0.5576271186440678,0.9932467532467533,1152,13,130,987,0.703069765889375,0.5682223860755812,0.5198319859071148,1e3f7a7a34af80da4c85aeeb0774c0f10a0a8e909cce87fe3abeceecf37cddef,4a28a24a134727252e278214a13e5ca538186bb121ddb76ad1a80bcbbde649a9,raw_light_geom_gate_0p050,,,0.05
raw_light_geom_gate_0p050,light_geometry_gate,False,0.6,0.721589008545011,0.8864097363083164,0.4937853107344633,0.9958441558441559,986,8,88,874,0.703069765889375,0.5682223860755812,0.5198319859071148,1e3f7a7a34af80da4c85aeeb0774c0f10a0a8e909cce87fe3abeceecf37cddef,1531b63b983cfac72178ba899becdf63b137a88baa730dd4bba9841431b52ea9,raw_light_geom_gate_0p050,,,0.05
raw_light_geom_gate_0p050,light_geometry_gate,False,0.7,0.6825107045754258,0.9304878048780488,0.43107344632768363,0.9989610389610389,820,2,48,763,0.703069765889375,0.5682223860755812,0.5198319859071148,1e3f7a7a34af80da4c85aeeb0774c0f10a0a8e909cce87fe3abeceecf37cddef,6b33ef783f57a702373c224a07202926bf0c2f371ec5dc0d0b88ea0bd9ec4290,raw_light_geom_gate_0p050,,,0.05
raw_light_geom_gate_0p050,light_geometry_gate,False,0.7909311923135994,0.6056612251788039,0.9650238473767886,0.34293785310734465,0.9989610389610389,629,2,16,607,0.703069765889375,0.5682223860755812,0.5198319859071148,1e3f7a7a34af80da4c85aeeb0774c0f10a0a8e909cce87fe3abeceecf37cddef,e06304ccced174396b5f67c8bc2b6a7322badb5b1da61077c8823b9a1cdfeefd,raw_light_geom_gate_0p050,,,0.05
raw_light_geom_gate_0p050,light_geometry_gate,False,0.8,0.5915566011685053,0.966832504145937,0.32937853107344633,0.9989610389610389,603,2,14,583,0.703069765889375,0.5682223860755812,0.5198319859071148,1e3f7a7a34af80da4c85aeeb0774c0f10a0a8e909cce87fe3abeceecf37cddef,502b61786f9450d5a5c1fdd4ba53707465048cdd1adbb624c2cb704abe5c0709,raw_light_geom_gate_0p050,,,0.05
raw_light_geom_gate_0p050,light_geometry_gate,False,0.9,0.3929313929313929,0.984375,0.17796610169491525,1.0,320,0,4,315,0.703069765889375,0.5682223860755812,0.5198319859071148,1e3f7a7a34af80da4c85aeeb0774c0f10a0a8e909cce87fe3abeceecf37cddef,7d00a77fb6bd9e3a90289337c41e4c9354bac147abe6bc8b91b88b449bd06ba7,raw_light_geom_gate_0p050,,,0.05
raw_light_geom_gate_0p050,light_geometry_gate,False,0.9797073836784642,0.001693002257336343,1.0,0.0005649717514124294,1.0,1,0,0,1,0.703069765889375,0.5682223860755812,0.5198319859071148,1e3f7a7a34af80da4c85aeeb0774c0f10a0a8e909cce87fe3abeceecf37cddef,3bc84dbea1efbb2ed1e12876be81779c7cc248038773b482c76aa917a6211173,raw_light_geom_gate_0p050,,,0.05
raw_light_geom_gate_0p100,light_geometry_gate,False,0.0019165373733311555,0.34018494801641846,0.15795056751882888,0.8412429378531073,0.7698701298701298,9427,443,7099,1489,0.7029410612122758,0.5682992130630898,0.5199355547872402,360bdb01d20c0e17a1d3973d37a4b462047a4a57826b7e1f9be7f78b4f9647f0,cb7b62553173b3cd149c0aed04f97317a70ea6a8195a9578379b5df318d83669,raw_light_geom_gate_0p100,,,0.1
raw_light_geom_gate_0p100,light_geometry_gate,False,0.005504835755607835,0.4501242085031546,0.23436754176610977,0.8322033898305085,0.8358441558441558,6285,316,4228,1473,0.7029410612122758,0.5682992130630898,0.5199355547872402,360bdb01d20c0e17a1d3973d37a4b462047a4a57826b7e1f9be7f78b4f9647f0,72d60f3dccdb4bcd8e93e762b3def1c7d846a82d90d0f55309f7d0e941742643,raw_light_geom_gate_0p100,,,0.1
raw_light_geom_gate_0p100,light_geometry_gate,False,0.023321066954762753,0.6040210891110538,0.379209758684699,0.807909604519774,0.9158441558441559,3771,162,2030,1430,0.7029410612122758,0.5682992130630898,0.5199355547872402,360bdb01d20c0e17a1d3973d37a4b462047a4a57826b7e1f9be7f78b4f9647f0,3468bb741d2318df7077e26c03b109c55ca1dcf5183f16a51d427b83c780176e,raw_light_geom_gate_0p100,,,0.1
raw_light_geom_gate_0p100,light_geometry_gate,False,0.05,0.6767913290395935,0.4775552486187845,0.7813559322033898,0.9444155844155844,2896,107,1301,1383,0.7029410612122758,0.5682992130630898,0.5199355547872402,360bdb01d20c0e17a1d3973d37a4b462047a4a57826b7e1f9be7f78b4f9647f0,5ae5b8920806850c92aaf0d3d21526f0b130e21c0f84a2e1a30aad34b376df3c,raw_light_geom_gate_0p100,,,0.1
raw_light_geom_gate_0p100,light_geometry_gate,False,0.08064436231032222,0.7112798790642308,0.5373906125696102,0.7632768361581921,0.9553246753246754,2514,86,994,1351,0.7029410612122758,0.5682992130630898,0.5199355547872402,360bdb01d20c0e17a1d3973d37a4b462047a4a57826b7e1f9be7f78b4f9647f0,d5c01ac575e7667d84d58717addcfe473b16f28262b2ef68dfafb7855f87531e,raw_light_geom_gate_0p100,,,0.1
raw_light_geom_gate_0p100,light_geometry_gate,False,0.1,0.7293637974805565,0.5733390854184642,0.7508474576271187,0.9641558441558442,2318,69,843,1329,0.7029410612122758,0.5682992130630898,0.5199355547872402,360bdb01d20c0e17a1d3973d37a4b462047a4a57826b7e1f9be7f78b4f9647f0,5aeb0d0f6f4cc274bb9fc8e71ef1cbe56e617191b04f487b0e3d40c74b9a23e9,raw_light_geom_gate_0p100,,,0.1
raw_light_geom_gate_0p100,light_geometry_gate,False,0.15,0.7501790114059865,0.6301775147928994,0.7220338983050848,0.9735064935064935,2028,51,635,1278,0.7029410612122758,0.5682992130630898,0.5199355547872402,360bdb01d20c0e17a1d3973d37a4b462047a4a57826b7e1f9be7f78b4f9647f0,ac67045bb3f096ac270fc6993805b8ae3c03f78ddafa5da37db213ddc2b97881,raw_light_geom_gate_0p100,,,0.1
raw_light_geom_gate_0p100,light_geometry_gate,False,0.2,0.762433316860643,0.6784335355763927,0.6949152542372882,0.9787012987012987,1813,41,491,1230,0.7029410612122758,0.5682992130630898,0.5199355547872402,360bdb01d20c0e17a1d3973d37a4b462047a4a57826b7e1f9be7f78b4f9647f0,eb20a737cb5c1153350093580397f589c57a157b0c74dcd40842d8f244aa64ed,raw_light_geom_gate_0p100,,,0.1
raw_light_geom_gate_0p100,light_geometry_gate,False,0.25,0.7688452101482514,0.7185230024213075,0.6706214689265537,0.9812987012987013,1652,36,384,1187,0.7029410612122758,0.5682992130630898,0.5199355547872402,360bdb01d20c0e17a1d3973d37a4b462047a4a57826b7e1f9be7f78b4f9647f0,f8e3eb77247ce15dfbdeb00a3853b6815abbd90cc8414bc45c7fda035bfd2ee0,raw_light_geom_gate_0p100,,,0.1
raw_light_geom_gate_0p100,light_geometry_gate,False,0.3,0.7722907197829315,0.7519633507853403,0.6491525423728813,0.985974025974026,1528,27,313,1149,0.7029410612122758,0.5682992130630898,0.5199355547872402,360bdb01d20c0e17a1d3973d37a4b462047a4a57826b7e1f9be7f78b4f9647f0,92a5cda14c5470990d99a1c510e21731b2956096f7cb2bf40e11f61e2e15dc41,raw_light_geom_gate_0p100,,,0.1
raw_light_geom_gate_0p100,light_geometry_gate,False,0.35,0.773763816638479,0.7815126050420168,0.6305084745762712,0.9885714285714285,1428,22,258,1116,0.7029410612122758,0.5682992130630898,0.5199355547872402,360bdb01d20c0e17a1d3973d37a4b462047a4a57826b7e1f9be7f78b4f9647f0,099ca6d4a809b0b099e531d7a0130fb9bcc43037f14e2e8276213878ac27c2b7,raw_light_geom_gate_0p100,,,0.1
raw_light_geom_gate_0p100,light_geometry_gate,False,0.4,0.769724456528833,0.808446455505279,0.6056497175141243,0.9906493506493507,1326,18,210,1072,0.7029410612122758,0.5682992130630898,0.5199355547872402,360bdb01d20c0e17a1d3973d37a4b462047a4a57826b7e1f9be7f78b4f9647f0,e5f5805e9a86d4f24690e961c6b26ecc9f99264529d639dcedb4ba3530b69973,raw_light_geom_gate_0p100,,,0.1
raw_light_geom_gate_0p100,light_geometry_gate,False,0.4379342019730647,0.7650657412410872,0.8265712012728719,0.5870056497175141,0.9922077922077922,1257,15,177,1039,0.7029410612122758,0.5682992130630898,0.5199355547872402,360bdb01d20c0e17a1d3973d37a4b462047a4a57826b7e1f9be7f78b4f9647f0,7d9c625c477ceee1ad1f82a91a9f2144e7cd5aea80565830f85ac90656a3e42c,raw_light_geom_gate_0p100,,,0.1
raw_light_geom_gate_0p100,light_geometry_gate,False,0.5,0.7559989252902987,0.8573913043478261,0.5570621468926553,0.9932467532467533,1150,13,129,986,0.7029410612122758,0.5682992130630898,0.5199355547872402,360bdb01d20c0e17a1d3973d37a4b462047a4a57826b7e1f9be7f78b4f9647f0,0867d6cd24ad22935a649272fc329f613897aa205ec2a2340ccaba78436485d0,raw_light_geom_gate_0p100,,,0.1
raw_light_geom_gate_0p100,light_geometry_gate,False,0.6,0.7215585282377502,0.8880976602238047,0.49322033898305084,0.9958441558441559,983,8,87,873,0.7029410612122758,0.5682992130630898,0.5199355547872402,360bdb01d20c0e17a1d3973d37a4b462047a4a57826b7e1f9be7f78b4f9647f0,18be277b51b40d7730a8012c895192bbe8b20f0af1c0301ed7161b54ac8a4b7f,raw_light_geom_gate_0p100,,,0.1
raw_light_geom_gate_0p100,light_geometry_gate,False,0.7,0.6822266648912545,0.9315403422982885,0.43050847457627117,0.9989610389610389,818,2,47,762,0.7029410612122758,0.5682992130630898,0.5199355547872402,360bdb01d20c0e17a1d3973d37a4b462047a4a57826b7e1f9be7f78b4f9647f0,27025ea70a9a08a473be3efac508fac551ae9070275e28fc31f47b4e1d282d96,raw_light_geom_gate_0p100,,,0.1
raw_light_geom_gate_0p100,light_geometry_gate,False,0.7904786275645056,0.6056612251788039,0.9650238473767886,0.34293785310734465,0.9989610389610389,629,2,16,607,0.7029410612122758,0.5682992130630898,0.5199355547872402,360bdb01d20c0e17a1d3973d37a4b462047a4a57826b7e1f9be7f78b4f9647f0,e06304ccced174396b5f67c8bc2b6a7322badb5b1da61077c8823b9a1cdfeefd,raw_light_geom_gate_0p100,,,0.1
raw_light_geom_gate_0p100,light_geometry_gate,False,0.8,0.5909418755563909,0.9667774086378738,0.3288135593220339,0.9989610389610389,602,2,14,582,0.7029410612122758,0.5682992130630898,0.5199355547872402,360bdb01d20c0e17a1d3973d37a4b462047a4a57826b7e1f9be7f78b4f9647f0,efa4ffee9a3b37219cf6a9e6baaf937fce41e1605d2d1d8b21ba77b5a0264989,raw_light_geom_gate_0p100,,,0.1
raw_light_geom_gate_0p100,light_geometry_gate,False,0.9,0.3920099875156055,0.9843260188087775,0.17740112994350282,1.0,319,0,4,314,0.7029410612122758,0.5682992130630898,0.5199355547872402,360bdb01d20c0e17a1d3973d37a4b462047a4a57826b7e1f9be7f78b4f9647f0,1bd3ea76e86cb5cfbc016b4016489b5606e05306eb1c74ec92d63638aca22840,raw_light_geom_gate_0p100,,,0.1
raw_light_geom_gate_0p100,light_geometry_gate,False,0.9796745649300183,0.001693002257336343,1.0,0.0005649717514124294,1.0,1,0,0,1,0.7029410612122758,0.5682992130630898,0.5199355547872402,360bdb01d20c0e17a1d3973d37a4b462047a4a57826b7e1f9be7f78b4f9647f0,3bc84dbea1efbb2ed1e12876be81779c7cc248038773b482c76aa917a6211173,raw_light_geom_gate_0p100,,,0.1
raw_light_geom_gate_0p200,light_geometry_gate,False,0.0017098835856450322,0.34018494801641846,0.15795056751882888,0.8412429378531073,0.7698701298701298,9427,443,7099,1489,0.70282102945834,0.5681591602895498,0.5197996731709037,82a6af566e059030a22b602539d2cdb17bd3568f0037d0bc76cca2a60ec45c06,1923abacd54faf056652d73b58bb43418eb3bdcfce6e95b6a6d6cb48bba4662c,raw_light_geom_gate_0p200,,,0.2
raw_light_geom_gate_0p200,light_geometry_gate,False,0.004952991917094408,0.4501242085031546,0.23436754176610977,0.8322033898305085,0.8358441558441558,6285,316,4228,1473,0.70282102945834,0.5681591602895498,0.5197996731709037,82a6af566e059030a22b602539d2cdb17bd3568f0037d0bc76cca2a60ec45c06,d99382ae8a11c11b2a404f0f0f23bab691720c8a8ce36fb530e38834266816fa,raw_light_geom_gate_0p200,,,0.2
raw_light_geom_gate_0p200,light_geometry_gate,False,0.021253481962889828,0.6039457359832126,0.379209758684699,0.807909604519774,0.9153246753246753,3771,163,2030,1430,0.70282102945834,0.5681591602895498,0.5197996731709037,82a6af566e059030a22b602539d2cdb17bd3568f0037d0bc76cca2a60ec45c06,a7fc45d0b31326e812b0b5a08c7ac5d2771bd060f8f5fdab5eed5d2dead6dc94,raw_light_geom_gate_0p200,,,0.2
raw_light_geom_gate_0p200,light_geometry_gate,False,0.05,0.6828062509827437,0.48660084626234135,0.7796610169491526,0.947012987012987,2836,102,1256,1380,0.70282102945834,0.5681591602895498,0.5197996731709037,82a6af566e059030a22b602539d2cdb17bd3568f0037d0bc76cca2a60ec45c06,a8b04ab3b2f157b804f29d706f6c091a0bb08ee88aef6afc41f162b62731cb33,raw_light_geom_gate_0p200,,,0.2
raw_light_geom_gate_0p200,light_geometry_gate,False,0.0760281577428427,0.7114717026972729,0.5373906125696102,0.7632768361581921,0.9563636363636363,2514,84,996,1351,0.70282102945834,0.5681591602895498,0.5197996731709037,82a6af566e059030a22b602539d2cdb17bd3568f0037d0bc76cca2a60ec45c06,1605d8f3402a4b48de32c46fd659dd017da06df3a8797ff961b14d9f1e8aadd7,raw_light_geom_gate_0p200,,,0.2
raw_light_geom_gate_0p200,light_geometry_gate,False,0.1,0.7320132236676128,0.5800789820096534,0.7468926553672316,0.9657142857142857,2279,66,816,1322,0.70282102945834,0.5681591602895498,0.5197996731709037,82a6af566e059030a22b602539d2cdb17bd3568f0037d0bc76cca2a60ec45c06,4997b50e0d275ba3e875b80fa4d61c79e701f94b474e196913fb68db59daa329,raw_light_geom_gate_0p200,,,0.2
raw_light_geom_gate_0p200,light_geometry_gate,False,0.15,0.7528812352133172,0.6379137412236711,0.7186440677966102,0.9750649350649351,1994,48,612,1272,0.70282102945834,0.5681591602895498,0.5197996731709037,82a6af566e059030a22b602539d2cdb17bd3568f0037d0bc76cca2a60ec45c06,34f86f575344d4d781568401d9f1bbd35e2e15cce89d6d9b63b40993ae2e467e,raw_light_geom_gate_0p200,,,0.2
raw_light_geom_gate_0p200,light_geometry_gate,False,0.2,0.7628468936351953,0.6832402234636872,0.6909604519774011,0.9787012987012987,1790,41,475,1223,0.70282102945834,0.5681591602895498,0.5197996731709037,82a6af566e059030a22b602539d2cdb17bd3568f0037d0bc76cca2a60ec45c06,ca0952ee1bf008648a3e0c68e740f0514f1588755c3ce72ada80c0b0751b3c87,raw_light_geom_gate_0p200,,,0.2
raw_light_geom_gate_0p200,light_geometry_gate,False,0.25,0.7714370277428544,0.7278325123152709,0.6677966101694915,0.9828571428571429,1624,33,365,1182,0.70282102945834,0.5681591602895498,0.5197996731709037,82a6af566e059030a22b602539d2cdb17bd3568f0037d0bc76cca2a60ec45c06,d6481bce4707f888bf0a98e7d09466fd35b17cead4afd0c232dddc95b09c7620,raw_light_geom_gate_0p200,,,0.2
raw_light_geom_gate_0p200,light_geometry_gate,False,0.3,0.7718588121512845,0.7557908669755129,0.6451977401129944,0.9864935064935065,1511,26,305,1142,0.70282102945834,0.5681591602895498,0.5197996731709037,82a6af566e059030a22b602539d2cdb17bd3568f0037d0bc76cca2a60ec45c06,7103e4827dd8adf14b688030bea884e85490121271137ac8403e7743ecf3ed1b,raw_light_geom_gate_0p200,,,0.2
raw_light_geom_gate_0p200,light_geometry_gate,False,0.35,0.7742764516544041,0.7868271954674221,0.6276836158192091,0.9896103896103896,1412,20,250,1111,0.70282102945834,0.5681591602895498,0.5197996731709037,82a6af566e059030a22b602539d2cdb17bd3568f0037d0bc76cca2a60ec45c06,d8c82a2331c8bae15713aa36f1d7f87fe88d6de5f69ae782077fa7d4ea85f3e5,raw_light_geom_gate_0p200,,,0.2
raw_light_geom_gate_0p200,light_geometry_gate,False,0.4,0.7691083236310733,0.8125,0.6022598870056497,0.9906493506493507,1312,18,202,1066,0.70282102945834,0.5681591602895498,0.5197996731709037,82a6af566e059030a22b602539d2cdb17bd3568f0037d0bc76cca2a60ec45c06,41872b55779cec701e02d8205f8a0ce53bf1f7b30fd78459431d04e62705933f,raw_light_geom_gate_0p200,,,0.2
raw_light_geom_gate_0p200,light_geometry_gate,False,0.4322334324774076,0.7657157549055126,0.8273667462211615,0.5875706214689266,0.9927272727272727,1257,14,177,1040,0.70282102945834,0.5681591602895498,0.5197996731709037,82a6af566e059030a22b602539d2cdb17bd3568f0037d0bc76cca2a60ec45c06,728ea0904dd56cf1994349f553b2229aeabcfb3a90ec087af9d09d604f65b48e,raw_light_geom_gate_0p200,,,0.2
raw_light_geom_gate_0p200,light_geometry_gate,False,0.5,0.7556409950270113,0.8614035087719298,0.5548022598870056,0.9932467532467533,1140,13,124,982,0.70282102945834,0.5681591602895498,0.5197996731709037,82a6af566e059030a22b602539d2cdb17bd3568f0037d0bc76cca2a60ec45c06,0a57b15b1086e79fc60bd98c04dbb6922a66317ad36fcee3366079b26483e552,raw_light_geom_gate_0p200,,,0.2
raw_light_geom_gate_0p200,light_geometry_gate,False,0.6,0.7217573790174938,0.8890020366598778,0.49322033898305084,0.9958441558441559,982,8,87,873,0.70282102945834,0.5681591602895498,0.5197996731709037,82a6af566e059030a22b602539d2cdb17bd3568f0037d0bc76cca2a60ec45c06,f5c12a55d7c2e59eaa742adbf27c1e0dc18a840299117c222bd901e46a066b03,raw_light_geom_gate_0p200,,,0.2
raw_light_geom_gate_0p200,light_geometry_gate,False,0.7,0.681738477692995,0.9314565483476133,0.42994350282485877,0.9989610389610389,817,2,47,761,0.70282102945834,0.5681591602895498,0.5197996731709037,82a6af566e059030a22b602539d2cdb17bd3568f0037d0bc76cca2a60ec45c06,83db722a59906ba04e619b84fef1928e9a12ded2c9e2e056652ee5c6db035e20,raw_light_geom_gate_0p200,,,0.2
raw_light_geom_gate_0p200,light_geometry_gate,False,0.7897039670495468,0.6056612251788039,0.9650238473767886,0.34293785310734465,0.9989610389610389,629,2,16,607,0.70282102945834,0.5681591602895498,0.5197996731709037,82a6af566e059030a22b602539d2cdb17bd3568f0037d0bc76cca2a60ec45c06,e06304ccced174396b5f67c8bc2b6a7322badb5b1da61077c8823b9a1cdfeefd,raw_light_geom_gate_0p200,,,0.2
raw_light_geom_gate_0p200,light_geometry_gate,False,0.8,0.5886744047153525,0.9681742043551089,0.32655367231638416,0.9989610389610389,597,2,13,578,0.70282102945834,0.5681591602895498,0.5197996731709037,82a6af566e059030a22b602539d2cdb17bd3568f0037d0bc76cca2a60ec45c06,81b1a3227d2dbb5469141cbb9de69dc7bb6c896131030d0763b50dbd98b6fcd1,raw_light_geom_gate_0p200,,,0.2
raw_light_geom_gate_0p200,light_geometry_gate,False,0.9,0.3920099875156055,0.9843260188087775,0.17740112994350282,1.0,319,0,4,314,0.70282102945834,0.5681591602895498,0.5197996731709037,82a6af566e059030a22b602539d2cdb17bd3568f0037d0bc76cca2a60ec45c06,1bd3ea76e86cb5cfbc016b4016489b5606e05306eb1c74ec92d63638aca22840,raw_light_geom_gate_0p200,,,0.2
raw_light_geom_gate_0p200,light_geometry_gate,False,0.979608927433126,0.001693002257336343,1.0,0.0005649717514124294,1.0,1,0,0,1,0.70282102945834,0.5681591602895498,0.5197996731709037,82a6af566e059030a22b602539d2cdb17bd3568f0037d0bc76cca2a60ec45c06,3bc84dbea1efbb2ed1e12876be81779c7cc248038773b482c76aa917a6211173,raw_light_geom_gate_0p200,,,0.2
