score_col,mode_family,ap_rank_preserving_by_design,threshold,cal_balanced,cal_precision,cal_recall,cal_unknown_reject,cal_num_accepted,cal_unknown_false_accept,cal_background_false_accepts,cal_tp_known,cal_AP50,cal_AP75,cal_AP,stream_hash,acceptance_mask_hash,canonical_stream,alpha,gamma,beta
raw_score,raw,True,0.002119806769769575,0.3401511187006152,0.15795056751882888,0.8412429378531073,0.7693506493506493,9427,444,7097,1489,0.7031008719507358,0.5682894346237968,0.5198666723520451,311ac8bae1936c27365f0a47515fa2d024d3b6c86acabd1c2148f78f21f9207a,bd9d793596588ea4580c76b43eae96aec42b91fd837a32e3c718d4facf886992,raw_score,,,
raw_score,raw,True,0.00606468482874325,0.4501242085031546,0.23436754176610977,0.8322033898305085,0.8358441558441558,6285,316,4228,1473,0.7031008719507358,0.5682894346237968,0.5198666723520451,311ac8bae1936c27365f0a47515fa2d024d3b6c86acabd1c2148f78f21f9207a,2a21e30f486a2d7cd5dcc6aee8bce1b029e2ed67c33fd4376b44cea260c5107c,raw_score,,,
raw_score,raw,True,0.025298735126852958,0.6036162344344169,0.3789445770352692,0.8073446327683615,0.9153246753246753,3771,163,2031,1429,0.7031008719507358,0.5682894346237968,0.5198666723520451,311ac8bae1936c27365f0a47515fa2d024d3b6c86acabd1c2148f78f21f9207a,d395e6c9d65d68eb3c58f51aacb07a57b7e2ed82e92d1e610f9fb7b3c9d439e9,raw_score,,,
raw_score,raw,True,0.05,0.6713156241754082,0.4688026981450253,0.7853107344632768,0.9412987012987013,2965,113,1355,1390,0.7031008719507358,0.5682894346237968,0.5198666723520451,311ac8bae1936c27365f0a47515fa2d024d3b6c86acabd1c2148f78f21f9207a,1d859695ba0cf4ffa8c63750c1b678b1dd02fb0be260afa51143493bc2adb51e,raw_score,,,
raw_score,raw,True,0.08611611574888238,0.7099960530684624,0.5361972951471758,0.7615819209039548,0.9548051948051948,2514,87,996,1348,0.7031008719507358,0.5682894346237968,0.5198666723520451,311ac8bae1936c27365f0a47515fa2d024d3b6c86acabd1c2148f78f21f9207a,8d9a208540327f35bb47d839ec64382b65497e888fda8a94f138a2f746c86f16,raw_score,,,
raw_score,raw,True,0.1,0.7237705411424787,0.5622895622895623,0.7548022598870057,0.96,2376,77,884,1336,0.7031008719507358,0.5682894346237968,0.5198666723520451,311ac8bae1936c27365f0a47515fa2d024d3b6c86acabd1c2148f78f21f9207a,02f292985033ddd9631c73dc700d0f5b1ba75f62c69cd681fa2f6dda7e309063,raw_score,,,
raw_score,raw,True,0.15,0.750429356502072,0.6264591439688716,0.727683615819209,0.9735064935064935,2056,51,652,1288,0.7031008719507358,0.5682894346237968,0.5198666723520451,311ac8bae1936c27365f0a47515fa2d024d3b6c86acabd1c2148f78f21f9207a,60ed8b6104f7c77b532d333d9962d097245a5b9c259f690acb8469547d016231,raw_score,,,
raw_score,raw,True,0.2,0.7614761158697816,0.6719088937093276,0.7,0.9776623376623377,1844,43,510,1239,0.7031008719507358,0.5682894346237968,0.5198666723520451,311ac8bae1936c27365f0a47515fa2d024d3b6c86acabd1c2148f78f21f9207a,91876d41b191576ccc443f7cd322ebaacb78c1735ef9cdd7a5551c9de09bfed3,raw_score,,,
raw_score,raw,True,0.25,0.7671286240989166,0.7123205741626795,0.6728813559322034,0.9797402597402597,1672,39,394,1191,0.7031008719507358,0.5682894346237968,0.5198666723520451,311ac8bae1936c27365f0a47515fa2d024d3b6c86acabd1c2148f78f21f9207a,2cfd3917b3f2568c3873539b60c302be78d1bea0ee025c275fdf5db6c77b6a7f,raw_score,,,
raw_score,raw,True,0.3,0.771966451908514,0.7478937135450421,0.6519774011299435,0.9849350649350649,1543,29,320,1154,0.7031008719507358,0.5682894346237968,0.5198666723520451,311ac8bae1936c27365f0a47515fa2d024d3b6c86acabd1c2148f78f21f9207a,3167cb1edf8278ccb04224c8811026ce062257f05ebb6752dd3501d5da398434,raw_score,,,
raw_score,raw,True,0.35,0.7737878411568285,0.7779319916724496,0.6333333333333333,0.9875324675324675,1441,24,263,1121,0.7031008719507358,0.5682894346237968,0.5198666723520451,311ac8bae1936c27365f0a47515fa2d024d3b6c86acabd1c2148f78f21f9207a,83f3fb91f66285ccc575518687a8e72198481771ba4016706051b9ce23af806b,raw_score,,,
raw_score,raw,True,0.4,0.7702510779324558,0.8055347793567689,0.6084745762711864,0.9901298701298701,1337,19,215,1077,0.7031008719507358,0.5682894346237968,0.5198666723520451,311ac8bae1936c27365f0a47515fa2d024d3b6c86acabd1c2148f78f21f9207a,c709d1c60cfcdad1244b1cfab5b2a2795c6bb6ee780ada69499204014069da15,raw_score,,,
raw_score,raw,True,0.44400383234024043,0.7649627478814359,0.8265712012728719,0.5870056497175141,0.9916883116883117,1257,16,176,1039,0.7031008719507358,0.5682894346237968,0.5198666723520451,311ac8bae1936c27365f0a47515fa2d024d3b6c86acabd1c2148f78f21f9207a,03e25cf2b2e4755e1353477b06289218ed5f77296c4dcfaaa024bac8e97d2938,raw_score,,,
raw_score,raw,True,0.5,0.7568319859313875,0.8556611927398444,0.559322033898305,0.9927272727272727,1157,14,131,990,0.7031008719507358,0.5682894346237968,0.5198666723520451,311ac8bae1936c27365f0a47515fa2d024d3b6c86acabd1c2148f78f21f9207a,380aa92258ca685e1c76cca9b80ada6224458c541eaf9d3af7dec4e8fc0da0dd,raw_score,,,
raw_score,raw,True,0.6,0.7222447540988544,0.8857431749241659,0.49491525423728816,0.9958441558441559,989,8,89,876,0.7031008719507358,0.5682894346237968,0.5198666723520451,311ac8bae1936c27365f0a47515fa2d024d3b6c86acabd1c2148f78f21f9207a,ef4cd61f690ab8e8fdb0f0d20b5c1ad4cbbdffd795712a8be58e249499c22530,raw_score,,,
raw_score,raw,True,0.7,0.6825107045754258,0.9304878048780488,0.43107344632768363,0.9989610389610389,820,2,48,763,0.7031008719507358,0.5682894346237968,0.5198666723520451,311ac8bae1936c27365f0a47515fa2d024d3b6c86acabd1c2148f78f21f9207a,6b33ef783f57a702373c224a07202926bf0c2f371ec5dc0d0b88ea0bd9ec4290,raw_score,,,
raw_score,raw,True,0.7921064376831046,0.6048648168881179,0.9634340222575517,0.3423728813559322,0.9989610389610389,629,2,17,606,0.7031008719507358,0.5682894346237968,0.5198666723520451,311ac8bae1936c27365f0a47515fa2d024d3b6c86acabd1c2148f78f21f9207a,57d1c7783f39ce7e2edf42599d9cbff2667ca5c9a78e0e7c47a295817de22afd,raw_score,,,
raw_score,raw,True,0.8,0.5933957955436259,0.966996699669967,0.3310734463276836,0.9989610389610389,606,2,14,586,0.7031008719507358,0.5682894346237968,0.5198666723520451,311ac8bae1936c27365f0a47515fa2d024d3b6c86acabd1c2148f78f21f9207a,9f053733c9e335d54947135c8300664da24cd48e556828320312b42f9c46446b,raw_score,,,
raw_score,raw,True,0.9,0.39476961394769616,0.984472049689441,0.1790960451977401,1.0,322,0,4,317,0.7031008719507358,0.5682894346237968,0.5198666723520451,311ac8bae1936c27365f0a47515fa2d024d3b6c86acabd1c2148f78f21f9207a,e9af8180e2184c1acbe9ee748885cd35c6ac0638a653e250ee5b0816e5fd7f14,raw_score,,,
raw_score,raw,True,0.9797402024269104,0.001693002257336343,1.0,0.0005649717514124294,1.0,1,0,0,1,0.7031008719507358,0.5682894346237968,0.5198666723520451,311ac8bae1936c27365f0a47515fa2d024d3b6c86acabd1c2148f78f21f9207a,3bc84dbea1efbb2ed1e12876be81779c7cc248038773b482c76aa917a6211173,raw_score,,,
geometry_risk_score,geometry,False,0.02901282070916485,0.3416686477407939,0.1583748806619285,0.843502824858757,0.7807792207792208,9427,422,7186,1493,0.7031008719507358,0.5682894346237968,0.5198666723520451,2e83da3f07922ca8eae72fe0dd5add7b28b8056c406b9d520c768d5e749ed8bd,fadc5c01320df3bb4e5b90031f86c77cd15ec7b2498981f8e3cb40b462f84f1f,geometry_risk_score,,,
geometry_risk_score,geometry,False,0.05,0.4137967762550593,0.20561267018616283,0.8361581920903954,0.84,7198,308,5167,1480,0.7031008719507358,0.5682894346237968,0.5198666723520451,2e83da3f07922ca8eae72fe0dd5add7b28b8056c406b9d520c768d5e749ed8bd,3408fa93959d7bebd0ff6d85a55060db3ad203d72eb0a675a269153983060941,geometry_risk_score,,,
geometry_risk_score,geometry,False,0.06471865232504405,0.4525571037228277,0.23420843277645187,0.831638418079096,0.8644155844155844,6285,261,4339,1472,0.7031008719507358,0.5682894346237968,0.5198666723520451,2e83da3f07922ca8eae72fe0dd5add7b28b8056c406b9d520c768d5e749ed8bd,de2beefde8ed9f4280628f8e418d4f826609699625e2c9d30285d38a55cc79d7,geometry_risk_score,,,
geometry_risk_score,geometry,False,0.1,0.5185127235260196,0.2888272583201268,0.823728813559322,0.9012987012987013,5048,190,3223,1458,0.7031008719507358,0.5682894346237968,0.5198666723520451,2e83da3f07922ca8eae72fe0dd5add7b28b8056c406b9d520c768d5e749ed8bd,4a6fc28fedcd702c55b002b2cdeceaa4826a2c73c7818748c96cf301ff936f62,geometry_risk_score,,,
geometry_risk_score,geometry,False,0.15,0.5802634896436643,0.3490224475018103,0.8169491525423729,0.9251948051948052,4143,144,2403,1446,0.7031008719507358,0.5682894346237968,0.5198666723520451,2e83da3f07922ca8eae72fe0dd5add7b28b8056c406b9d520c768d5e749ed8bd,91ffbd858032c9fc9515163a02063c7f3d2a9103adc230e01402ad6d8f2ac52c,geometry_risk_score,,,
geometry_risk_score,geometry,False,0.18191230828345498,0.6087488703758155,0.38027048528241847,0.8101694915254237,0.9397402597402598,3771,116,2090,1434,0.7031008719507358,0.5682894346237968,0.5198666723520451,2e83da3f07922ca8eae72fe0dd5add7b28b8056c406b9d520c768d5e749ed8bd,878f0d4962e0612b6673ab7aebf30cb6d075a7c709ac90dec893397e2967cc12,geometry_risk_score,,,
geometry_risk_score,geometry,False,0.2,0.6215826035775851,0.39552238805970147,0.8084745762711865,0.9423376623376624,3618,111,1949,1431,0.7031008719507358,0.5682894346237968,0.5198666723520451,2e83da3f07922ca8eae72fe0dd5add7b28b8056c406b9d520c768d5e749ed8bd,c7a24320c08df7b48af4dabe20f210da55a5f24c71340a00051525b169588930,geometry_risk_score,,,
geometry_risk_score,geometry,False,0.25,0.6536791019860391,0.4372107374267202,0.8005649717514124,0.9496103896103896,3241,97,1618,1417,0.7031008719507358,0.5682894346237968,0.5198666723520451,2e83da3f07922ca8eae72fe0dd5add7b28b8056c406b9d520c768d5e749ed8bd,526964fc6b215e965cb0c5bd5f9a35300e3d63c793f3ead7cc6b8a7627c98f84,geometry_risk_score,,,
geometry_risk_score,geometry,False,0.3,0.6767552951259728,0.47100472016183415,0.7892655367231638,0.958961038961039,2966,79,1388,1397,0.7031008719507358,0.5682894346237968,0.5198666723520451,2e83da3f07922ca8eae72fe0dd5add7b28b8056c406b9d520c768d5e749ed8bd,f2447adef1a17b659bc62a89ec664a51224b7496fb6262185c0b93cd4084f0e4,geometry_risk_score,,,
geometry_risk_score,geometry,False,0.35,0.6944522353733101,0.4998189061934082,0.7796610169491526,0.9646753246753247,2761,68,1222,1380,0.7031008719507358,0.5682894346237968,0.5198666723520451,2e83da3f07922ca8eae72fe0dd5add7b28b8056c406b9d520c768d5e749ed8bd,17dc51ccef50afd5820179ca1625331e6873f9c9c4bb9e41f9b9b02df9e914da,geometry_risk_score,,,
geometry_risk_score,geometry,False,0.4,0.709073844050929,0.5266409266409267,0.7706214689265537,0.9667532467532467,2590,64,1076,1364,0.7031008719507358,0.5682894346237968,0.5198666723520451,2e83da3f07922ca8eae72fe0dd5add7b28b8056c406b9d520c768d5e749ed8bd,e49d3f178ae31f0edd243f055c4f045d311281fd9ef32414277e4a35ce02120b,geometry_risk_score,,,
geometry_risk_score,geometry,False,0.4226292432062679,0.7131628241707202,0.5369928400954654,0.7627118644067796,0.9677922077922078,2514,62,1022,1350,0.7031008719507358,0.5682894346237968,0.5198666723520451,2e83da3f07922ca8eae72fe0dd5add7b28b8056c406b9d520c768d5e749ed8bd,ffd77339fd162921f476e132157509c5e86f97bafff7fce5e31519de4eceaa46,geometry_risk_score,,,
geometry_risk_score,geometry,False,0.5,0.7360734197089204,0.5825667980727114,0.751412429378531,0.9724675324675325,2283,53,834,1330,0.7031008719507358,0.5682894346237968,0.5198666723520451,2e83da3f07922ca8eae72fe0dd5add7b28b8056c406b9d520c768d5e749ed8bd,7e253c554a15256ee6cb5055014b1b2ada43753331fb3328c1dffcb2e02b8f84,geometry_risk_score,,,
geometry_risk_score,geometry,False,0.6,0.753756993588089,0.6295754026354319,0.7288135593220338,0.9807792207792208,2049,37,663,1290,0.7031008719507358,0.5682894346237968,0.5198666723520451,2e83da3f07922ca8eae72fe0dd5add7b28b8056c406b9d520c768d5e749ed8bd,1570f46410f4c776fbb7084b17e31c3691005788329b7a97f421a1e670605dfd,geometry_risk_score,,,
geometry_risk_score,geometry,False,0.7,0.7616272537007339,0.6730453799890651,0.6954802259887005,0.9849350649350649,1829,29,517,1231,0.7031008719507358,0.5682894346237968,0.5198666723520451,2e83da3f07922ca8eae72fe0dd5add7b28b8056c406b9d520c768d5e749ed8bd,ec3eb32538ef9cfcb02d270b4f5a3f4b41c11054892b216af0dd96e5236651c5,geometry_risk_score,,,
geometry_risk_score,geometry,False,0.8,0.7731756599273436,0.7456535737282679,0.6542372881355932,0.9896103896103896,1553,20,335,1158,0.7031008719507358,0.5682894346237968,0.5198666723520451,2e83da3f07922ca8eae72fe0dd5add7b28b8056c406b9d520c768d5e749ed8bd,17832205c87602ca91ec9647a533b2d16a78cb578b38cf7e260330a3096d35df,geometry_risk_score,,,
geometry_risk_score,geometry,False,0.9,0.7681834634314216,0.8223787167449139,0.5937853107344633,0.9948051948051948,1278,10,193,1051,0.7031008719507358,0.5682894346237968,0.5198666723520451,2e83da3f07922ca8eae72fe0dd5add7b28b8056c406b9d520c768d5e749ed8bd,7203082829654e694919d8e0eb8a510885c73a20c3a2591d3680ea8df33f93f8,geometry_risk_score,,,
geometry_risk_score,geometry,False,0.903477270465026,0.7666746147426553,0.8281622911694511,0.588135593220339,0.9948051948051948,1257,10,184,1041,0.7031008719507358,0.5682894346237968,0.5198666723520451,2e83da3f07922ca8eae72fe0dd5add7b28b8056c406b9d520c768d5e749ed8bd,829b233030ce3bde6441938c80fac250ba034a9ad533153b79fff0aed48ed021,geometry_risk_score,,,
geometry_risk_score,geometry,False,0.9860428774523647,0.6017366620221296,0.9570747217806042,0.34011299435028247,0.9994805194805195,629,1,22,602,0.7031008719507358,0.5682894346237968,0.5198666723520451,2e83da3f07922ca8eae72fe0dd5add7b28b8056c406b9d520c768d5e749ed8bd,0e40d0aa27efccb971c6e9399e1035bcdab5a03f244442962b615d89a863c484,geometry_risk_score,,,
geometry_risk_score,geometry,False,0.9992636029623999,0.001693002257336343,1.0,0.0005649717514124294,1.0,1,0,0,1,0.7031008719507358,0.5682894346237968,0.5198666723520451,2e83da3f07922ca8eae72fe0dd5add7b28b8056c406b9d520c768d5e749ed8bd,3bc84dbea1efbb2ed1e12876be81779c7cc248038773b482c76aa917a6211173,geometry_risk_score,,,
geometry_alpha_0p050,alpha_blend,False,0.003623591938690985,0.3411735402785798,0.1582688023761536,0.8429378531073446,0.7761038961038961,9427,431,7122,1492,0.7031008719507358,0.5682894346237968,0.5198666723520451,1e1326f1e47107d7d1945404160f9ec575618cbd1d9d3feb161f818fa9fbfa91,00eb5c1a70a913c2940b2465abe1176fb25cf9d5c059723f10e4f6707dfa252e,geometry_alpha_0p050,0.05,,
geometry_alpha_0p050,alpha_blend,False,0.009129154643826423,0.4499721267964177,0.23404932378679397,0.8310734463276837,0.8394805194805195,6285,309,4249,1471,0.7031008719507358,0.5682894346237968,0.5198666723520451,1e1326f1e47107d7d1945404160f9ec575618cbd1d9d3feb161f818fa9fbfa91,5e669617b0853583a5c2bc63f89a65be6dcc2622367dbd71b72b0c17b2beadc1,geometry_alpha_0p050,0.05,,
geometry_alpha_0p050,alpha_blend,False,0.03339832652484639,0.6056404717339433,0.38027048528241847,0.8101694915254237,0.9179220779220779,3771,158,2037,1434,0.7031008719507358,0.5682894346237968,0.5198666723520451,1e1326f1e47107d7d1945404160f9ec575618cbd1d9d3feb161f818fa9fbfa91,4c4bcf2e648e69911cb610781d690ddd928e5c6f051db73662c0d0d6c01997df,geometry_alpha_0p050,0.05,,
geometry_alpha_0p050,alpha_blend,False,0.05,0.6493524762278711,0.4359133126934985,0.7954802259887006,0.9355844155844156,3230,124,1578,1408,0.7031008719507358,0.5682894346237968,0.5198666723520451,1e1326f1e47107d7d1945404160f9ec575618cbd1d9d3feb161f818fa9fbfa91,87f111d131e4e0ec589b4d0b0538dbf3ba52b014e2c94f4503c533d14a643fb9,geometry_alpha_0p050,0.05,,
geometry_alpha_0p050,alpha_blend,False,0.1,0.7111331020106972,0.5358132172536605,0.7649717514124293,0.9568831168831169,2527,83,1007,1354,0.7031008719507358,0.5682894346237968,0.5198666723520451,1e1326f1e47107d7d1945404160f9ec575618cbd1d9d3feb161f818fa9fbfa91,eda8083c2c802435177020c180d792aee22f0c4492e79514fba1e6e8ee62e64c,geometry_alpha_0p050,0.05,,
geometry_alpha_0p050,alpha_blend,False,0.10150343728654478,0.712155132553872,0.5377883850437549,0.7638418079096045,0.957922077922078,2514,81,1000,1352,0.7031008719507358,0.5682894346237968,0.5198666723520451,1e1326f1e47107d7d1945404160f9ec575618cbd1d9d3feb161f818fa9fbfa91,f78379bfecd546ffcf61c3eb315955f1b83836fd2ac8e6c4f536f72c31165292,geometry_alpha_0p050,0.05,,
geometry_alpha_0p050,alpha_blend,False,0.15,0.7446669459572685,0.607906976744186,0.7384180790960452,0.9714285714285714,2150,55,720,1307,0.7031008719507358,0.5682894346237968,0.5198666723520451,1e1326f1e47107d7d1945404160f9ec575618cbd1d9d3feb161f818fa9fbfa91,286ac222dd4bc9374036c45af6c09d5bd03cd54e25f58b5afe7a71df494fb5fa,geometry_alpha_0p050,0.05,,
geometry_alpha_0p050,alpha_blend,False,0.2,0.7553874342706935,0.6491228070175439,0.7107344632768362,0.9766233766233766,1938,45,575,1258,0.7031008719507358,0.5682894346237968,0.5198666723520451,1e1326f1e47107d7d1945404160f9ec575618cbd1d9d3feb161f818fa9fbfa91,93f6fe50a9320e70998b72abfd29bf8e6b5ca29383839b8692af1461e4a1c2a3,geometry_alpha_0p050,0.05,,
geometry_alpha_0p050,alpha_blend,False,0.25,0.7641262808457097,0.6925714285714286,0.6847457627118644,0.9787012987012987,1750,41,448,1212,0.7031008719507358,0.5682894346237968,0.5198666723520451,1e1326f1e47107d7d1945404160f9ec575618cbd1d9d3feb161f818fa9fbfa91,35f72a3022ce0bb83decf82b9e2fa8fd26621a989669ab36ec94db6f5bb6d557,geometry_alpha_0p050,0.05,,
geometry_alpha_0p050,alpha_blend,False,0.3,0.7720559166072805,0.7346683354192741,0.6632768361581921,0.9833766233766233,1598,32,350,1174,0.7031008719507358,0.5682894346237968,0.5198666723520451,1e1326f1e47107d7d1945404160f9ec575618cbd1d9d3feb161f818fa9fbfa91,f35e1ebea68a9e74c0c10148cde72281a22db0a272869c147da953f4c0529ed8,geometry_alpha_0p050,0.05,,
geometry_alpha_0p050,alpha_blend,False,0.35,0.7708335323700592,0.7598926894701542,0.6401129943502825,0.9864935064935065,1491,26,294,1133,0.7031008719507358,0.5682894346237968,0.5198666723520451,1e1326f1e47107d7d1945404160f9ec575618cbd1d9d3feb161f818fa9fbfa91,bb1d88ae5ee8721b93bf57be8f9f0a357804856af4383166874330317276a575,geometry_alpha_0p050,0.05,,
geometry_alpha_0p050,alpha_blend,False,0.4,0.771421115524822,0.7933284989122552,0.6180790960451977,0.9896103896103896,1379,20,235,1094,0.7031008719507358,0.5682894346237968,0.5198666723520451,1e1326f1e47107d7d1945404160f9ec575618cbd1d9d3feb161f818fa9fbfa91,ac2968fc7c4c7b48a544d3d1251e170e7a25e1422d1df15d4c01e852b11a893a,geometry_alpha_0p050,0.05,,
geometry_alpha_0p050,alpha_blend,False,0.46712442546196264,0.7650657412410872,0.8265712012728719,0.5870056497175141,0.9922077922077922,1257,15,177,1039,0.7031008719507358,0.5682894346237968,0.5198666723520451,1e1326f1e47107d7d1945404160f9ec575618cbd1d9d3feb161f818fa9fbfa91,742f3ce9fba14314adfa87a5631914a3c35c3d48db7f3a3f0b6a79d9f20788e7,geometry_alpha_0p050,0.05,,
geometry_alpha_0p050,alpha_blend,False,0.5,0.7599164926931106,0.8442211055276382,0.5694915254237288,0.9927272727272727,1194,14,148,1008,0.7031008719507358,0.5682894346237968,0.5198666723520451,1e1326f1e47107d7d1945404160f9ec575618cbd1d9d3feb161f818fa9fbfa91,c34ef31b89a7c5678f29148078435892d7b275c54d9d95fdda15b5fe881740ba,geometry_alpha_0p050,0.05,,
geometry_alpha_0p050,alpha_blend,False,0.6,0.7292044940969387,0.8818897637795275,0.5062146892655367,0.9953246753246753,1016,9,95,896,0.7031008719507358,0.5682894346237968,0.5198666723520451,1e1326f1e47107d7d1945404160f9ec575618cbd1d9d3feb161f818fa9fbfa91,99163bc0eecdc6ef9c6fb2a9c0612217b3deb416e0a04b0400e99efd1804c3f6,geometry_alpha_0p050,0.05,,
geometry_alpha_0p050,alpha_blend,False,0.7,0.6898848309154471,0.9253554502369669,0.44124293785310736,0.9984415584415585,844,3,51,781,0.7031008719507358,0.5682894346237968,0.5198666723520451,1e1326f1e47107d7d1945404160f9ec575618cbd1d9d3feb161f818fa9fbfa91,760085d6c6a32355490a37ea642cbda8c4af99e6bd2198ad3a69ebdcbf60b87f,geometry_alpha_0p050,0.05,,
geometry_alpha_0p050,alpha_blend,False,0.8,0.6056516170874278,0.9605055292259084,0.34350282485875705,0.9989610389610389,633,2,19,608,0.7031008719507358,0.5682894346237968,0.5198666723520451,1e1326f1e47107d7d1945404160f9ec575618cbd1d9d3feb161f818fa9fbfa91,f78f80d5da9e90bb8271024cad20d13d85307e563b9164a261595363f0491993,geometry_alpha_0p050,0.05,,
geometry_alpha_0p050,alpha_blend,False,0.8015086167618689,0.6048648168881179,0.9634340222575517,0.3423728813559322,0.9989610389610389,629,2,17,606,0.7031008719507358,0.5682894346237968,0.5198666723520451,1e1326f1e47107d7d1945404160f9ec575618cbd1d9d3feb161f818fa9fbfa91,57d1c7783f39ce7e2edf42599d9cbff2667ca5c9a78e0e7c47a295817de22afd,geometry_alpha_0p050,0.05,,
geometry_alpha_0p050,alpha_blend,False,0.9,0.4110429447852761,0.9852941176470589,0.18926553672316385,1.0,340,0,4,335,0.7031008719507358,0.5682894346237968,0.5198666723520451,1e1326f1e47107d7d1945404160f9ec575618cbd1d9d3feb161f818fa9fbfa91,33ddb3251e8fae533a9ad19f59c9a6ac451d9b80dbc7cc89b4e6e93ca8258155,geometry_alpha_0p050,0.05,,
geometry_alpha_0p050,alpha_blend,False,0.9807163724536848,0.001693002257336343,1.0,0.0005649717514124294,1.0,1,0,0,1,0.7031008719507358,0.5682894346237968,0.5198666723520451,1e1326f1e47107d7d1945404160f9ec575618cbd1d9d3feb161f818fa9fbfa91,3bc84dbea1efbb2ed1e12876be81779c7cc248038773b482c76aa917a6211173,geometry_alpha_0p050,0.05,,
geometry_alpha_0p100,alpha_blend,False,0.005062494434541197,0.341597306003197,0.1584809589477034,0.8440677966101695,0.7766233766233767,9427,430,7136,1494,0.7031008719507358,0.5682894346237968,0.5198666723520451,e9e8b14acdf9527fea8731b32519d720356993ee03d644af90e5591b79f4b94a,fbcac85858e123b6b920fa98291b343627592257e8de9c7f2c72aaf51ea704bd,geometry_alpha_0p100,0.1,,
geometry_alpha_0p100,alpha_blend,False,0.012288173504058805,0.45037252801558714,0.23420843277645187,0.831638418079096,0.841038961038961,6285,306,4261,1472,0.7031008719507358,0.5682894346237968,0.5198666723520451,e9e8b14acdf9527fea8731b32519d720356993ee03d644af90e5591b79f4b94a,51b5b2af59665c4fb5340bd0eb0bae1d51e4a73e175e6811c44e4d8bd54fd002,geometry_alpha_0p100,0.1,,
geometry_alpha_0p100,alpha_blend,False,0.04120165252083244,0.6059859797429088,0.3800053036329886,0.8096045197740113,0.9225974025974026,3771,149,2050,1433,0.7031008719507358,0.5682894346237968,0.5198666723520451,e9e8b14acdf9527fea8731b32519d720356993ee03d644af90e5591b79f4b94a,51e9b4443cedea9537f42f9e071d459e4b92421a82370d0dc51250d73c950c0f,geometry_alpha_0p100,0.1,,
geometry_alpha_0p100,alpha_blend,False,0.05,0.6298755327806549,0.40854357798165136,0.8050847457627118,0.931948051948052,3488,131,1803,1425,0.7031008719507358,0.5682894346237968,0.5198666723520451,e9e8b14acdf9527fea8731b32519d720356993ee03d644af90e5591b79f4b94a,9e28e5bf9af482f096a478a211cea45a61f0ec7f69db561980c34c6d65a9baae,geometry_alpha_0p100,0.1,,
geometry_alpha_0p100,alpha_blend,False,0.1,0.6985003584680616,0.5117933358292774,0.772316384180791,0.9558441558441558,2671,85,1130,1367,0.7031008719507358,0.5682894346237968,0.5198666723520451,e9e8b14acdf9527fea8731b32519d720356993ee03d644af90e5591b79f4b94a,2dcbc9f8a9b298dd1220c1cba80a8ede88760e9e8cc8f685b94c9b8180cc4f50,geometry_alpha_0p100,0.1,,
geometry_alpha_0p100,alpha_blend,False,0.1174709784835747,0.7136167782224485,0.5385839299920445,0.7649717514124293,0.9615584415584415,2514,74,1004,1354,0.7031008719507358,0.5682894346237968,0.5198666723520451,e9e8b14acdf9527fea8731b32519d720356993ee03d644af90e5591b79f4b94a,7d20d11bf7c3dc68e474d907c06ff90a5c808b9d05e7a54dbfd7afe4fe432118,geometry_alpha_0p100,0.1,,
geometry_alpha_0p100,alpha_blend,False,0.15,0.7342305526294045,0.5826737027264732,0.748587570621469,0.9672727272727273,2274,63,809,1325,0.7031008719507358,0.5682894346237968,0.5198666723520451,e9e8b14acdf9527fea8731b32519d720356993ee03d644af90e5591b79f4b94a,ded489230b4f1d271edfbf7ede7be80c389b7cbe2ca9c810a317964e56dfc42b,geometry_alpha_0p100,0.1,,
geometry_alpha_0p100,alpha_blend,False,0.2,0.7532443805969566,0.6330049261083743,0.7259887005649718,0.9750649350649351,2030,48,634,1285,0.7031008719507358,0.5682894346237968,0.5198666723520451,e9e8b14acdf9527fea8731b32519d720356993ee03d644af90e5591b79f4b94a,8c34eb1d55ef5d8b0fcb981d21b0c4d43ccbc035aecd12cb1a0f619e914dbc70,geometry_alpha_0p100,0.1,,
geometry_alpha_0p100,alpha_blend,False,0.25,0.7622569074075103,0.6737357259380098,0.7,0.9776623376623377,1839,43,505,1239,0.7031008719507358,0.5682894346237968,0.5198666723520451,e9e8b14acdf9527fea8731b32519d720356993ee03d644af90e5591b79f4b94a,dd2af236b7af72055697ee2aa1684558eed6838960dafbf4a85a00cfc0a601e8,geometry_alpha_0p100,0.1,,
geometry_alpha_0p100,alpha_blend,False,0.3,0.7695436777054251,0.7156568686262748,0.6740112994350282,0.9828571428571429,1667,33,395,1193,0.7031008719507358,0.5682894346237968,0.5198666723520451,e9e8b14acdf9527fea8731b32519d720356993ee03d644af90e5591b79f4b94a,9e03897f35b693a118c383ec9a18084173d060804578df7a0b51d34c5066b830,geometry_alpha_0p100,0.1,,
geometry_alpha_0p100,alpha_blend,False,0.35,0.7712342855262292,0.7462783171521036,0.651412429378531,0.9854545454545455,1545,28,322,1153,0.7031008719507358,0.5682894346237968,0.5198666723520451,e9e8b14acdf9527fea8731b32519d720356993ee03d644af90e5591b79f4b94a,048182047f6e570be52c1473f41fb1d0185d491186dc78218b66973d23b56ab3,geometry_alpha_0p100,0.1,,
geometry_alpha_0p100,alpha_blend,False,0.4,0.7743089915818298,0.7794015309672929,0.632768361581921,0.9890909090909091,1437,21,264,1120,0.7031008719507358,0.5682894346237968,0.5198666723520451,e9e8b14acdf9527fea8731b32519d720356993ee03d644af90e5591b79f4b94a,a76577c1675295ae0afcbf6189b7ae1a3161cd40ccc5337c077d7b87dffcb3db,geometry_alpha_0p100,0.1,,
geometry_alpha_0p100,alpha_blend,False,0.48520869927200255,0.7661593771494298,0.8281622911694511,0.588135593220339,0.9922077922077922,1257,15,175,1041,0.7031008719507358,0.5682894346237968,0.5198666723520451,e9e8b14acdf9527fea8731b32519d720356993ee03d644af90e5591b79f4b94a,3410260d0d0dbf06308a64338b30dca05775c7b0b5b7db26980edbd7c59133e2,geometry_alpha_0p100,0.1,,
geometry_alpha_0p100,alpha_blend,False,0.5,0.7627416631988675,0.8340113913751017,0.5790960451977402,0.9927272727272727,1229,14,164,1025,0.7031008719507358,0.5682894346237968,0.5198666723520451,e9e8b14acdf9527fea8731b32519d720356993ee03d644af90e5591b79f4b94a,a7b66233e01083683605c45edca7551c2e88186c51f1e427d9afa64865db1754,geometry_alpha_0p100,0.1,,
geometry_alpha_0p100,alpha_blend,False,0.6,0.7404558683519199,0.8779564806054873,0.5242937853107345,0.9948051948051948,1057,10,101,928,0.7031008719507358,0.5682894346237968,0.5198666723520451,e9e8b14acdf9527fea8731b32519d720356993ee03d644af90e5591b79f4b94a,070e70c7c39c0c5f3e4ffa9bc6fbecb059185525004adcf124ee0efdeb79f6e7,geometry_alpha_0p100,0.1,,
geometry_alpha_0p100,alpha_blend,False,0.7,0.6953921860817047,0.9140893470790378,0.45084745762711864,0.9979220779220779,873,4,59,798,0.7031008719507358,0.5682894346237968,0.5198666723520451,e9e8b14acdf9527fea8731b32519d720356993ee03d644af90e5591b79f4b94a,b59f45d2aaa7caf02ab5024c41dd33c93e0695704d3f4f4d3bec7063f5cddf24,geometry_alpha_0p100,0.1,,
geometry_alpha_0p100,alpha_blend,False,0.8,0.6207920510202111,0.9577677224736049,0.3587570621468927,0.9989610389610389,663,2,22,635,0.7031008719507358,0.5682894346237968,0.5198666723520451,e9e8b14acdf9527fea8731b32519d720356993ee03d644af90e5591b79f4b94a,8a107df9a9e39bec3ebcf2326beb1af78bf8443ceb18047d5b8c77fbc408bfb9,geometry_alpha_0p100,0.1,,
geometry_alpha_0p100,alpha_blend,False,0.8110220612042693,0.60406787792524,0.9618441971383148,0.3418079096045198,0.9989610389610389,629,2,18,605,0.7031008719507358,0.5682894346237968,0.5198666723520451,e9e8b14acdf9527fea8731b32519d720356993ee03d644af90e5591b79f4b94a,bc47d4e42ca5cba3406323f1000e758d686e0f8a65d7b622b08673b3cface77e,geometry_alpha_0p100,0.1,,
geometry_alpha_0p100,alpha_blend,False,0.9,0.4225010117361392,0.9858356940509915,0.19661016949152543,1.0,353,0,4,348,0.7031008719507358,0.5682894346237968,0.5198666723520451,e9e8b14acdf9527fea8731b32519d720356993ee03d644af90e5591b79f4b94a,abb59f6983f986c75210a1df0bab114812a03394b35a8b916c8f50b7c69ab6f6,geometry_alpha_0p100,0.1,,
geometry_alpha_0p100,alpha_blend,False,0.9816925424804595,0.001693002257336343,1.0,0.0005649717514124294,1.0,1,0,0,1,0.7031008719507358,0.5682894346237968,0.5198666723520451,e9e8b14acdf9527fea8731b32519d720356993ee03d644af90e5591b79f4b94a,3bc84dbea1efbb2ed1e12876be81779c7cc248038773b482c76aa917a6211173,geometry_alpha_0p100,0.1,,
geometry_alpha_0p200,alpha_blend,False,0.007803932266576066,0.34173100417375096,0.1584809589477034,0.8440677966101695,0.7787012987012987,9427,426,7148,1494,0.7031008719507358,0.5682894346237968,0.5198666723520451,e033611fae6402a3828e70c30119a8366ad7b7f94cf530c7941f3003469420ce,89dd70adcaaa7e4397cc313475fe74307a49dbea1a8cadea7151c05fa13d5bb5,geometry_alpha_0p200,0.2,,
geometry_alpha_0p200,alpha_blend,False,0.01827644309249015,0.4506695513872251,0.23420843277645187,0.831638418079096,0.8441558441558441,6285,300,4280,1472,0.7031008719507358,0.5682894346237968,0.5198666723520451,e033611fae6402a3828e70c30119a8366ad7b7f94cf530c7941f3003469420ce,ec976a5337b4c15d5b1deccf207a877fdeac9c12e21ea9361fad4a8b6b46573f,geometry_alpha_0p200,0.2,,
geometry_alpha_0p200,alpha_blend,False,0.05,0.5882747457769146,0.35953930896344516,0.8112994350282486,0.921038961038961,3994,152,2257,1436,0.7031008719507358,0.5682894346237968,0.5198666723520451,e033611fae6402a3828e70c30119a8366ad7b7f94cf530c7941f3003469420ce,f82ca6775608755cdd1e60b66170936c8dd1d6963d43b01a21e3f50e42fbfe23,geometry_alpha_0p200,0.2,,
geometry_alpha_0p200,alpha_blend,False,0.05731620733182655,0.6068037767217375,0.3800053036329886,0.8096045197740113,0.9283116883116883,3771,138,2063,1433,0.7031008719507358,0.5682894346237968,0.5198666723520451,e033611fae6402a3828e70c30119a8366ad7b7f94cf530c7941f3003469420ce,a4d9382129fc110cad6e5fa1b7b27d0cf8f1b4e15fbb45e44998c6b06c7a886f,geometry_alpha_0p200,0.2,,
geometry_alpha_0p200,alpha_blend,False,0.1,0.674736849060718,0.47048903878583476,0.788135593220339,0.9506493506493506,2965,95,1371,1395,0.7031008719507358,0.5682894346237968,0.5198666723520451,e033611fae6402a3828e70c30119a8366ad7b7f94cf530c7941f3003469420ce,b8881625952e5d740bd5e4cec4eb072837d2aba2609946c9e10cef8bd42cfeba,geometry_alpha_0p200,0.2,,
geometry_alpha_0p200,alpha_blend,False,0.15,0.7142895005367009,0.5385226370135028,0.7661016949152543,0.9636363636363636,2518,70,1010,1356,0.7031008719507358,0.5682894346237968,0.5198666723520451,e033611fae6402a3828e70c30119a8366ad7b7f94cf530c7941f3003469420ce,15d055b79348f9c05623772c1a6d3378e31cb7dda5cd6333cd1d17f295f8a9ef,geometry_alpha_0p200,0.2,,
geometry_alpha_0p200,alpha_blend,False,0.15067736887932937,0.7143946653756753,0.5389817024661894,0.7655367231638418,0.9636363636363636,2514,70,1007,1355,0.7031008719507358,0.5682894346237968,0.5198666723520451,e033611fae6402a3828e70c30119a8366ad7b7f94cf530c7941f3003469420ce,a1b9d1c7118623d8cec4bd3cc151b2710c5ba33f050c1ee316f4ac85eee8edbd,geometry_alpha_0p200,0.2,,
geometry_alpha_0p200,alpha_blend,False,0.2,0.7393905699228771,0.5938766321476813,0.7451977401129943,0.9693506493506494,2221,59,771,1319,0.7031008719507358,0.5682894346237968,0.5198666723520451,e033611fae6402a3828e70c30119a8366ad7b7f94cf530c7941f3003469420ce,f3378034cbbe7a83b68f240b5c96c00c302ae8f623ea6731ff30907be7f94356,geometry_alpha_0p200,0.2,,
geometry_alpha_0p200,alpha_blend,False,0.25,0.7537717570655562,0.6354166666666666,0.7237288135593221,0.9761038961038961,2016,46,629,1281,0.7031008719507358,0.5682894346237968,0.5198666723520451,e033611fae6402a3828e70c30119a8366ad7b7f94cf530c7941f3003469420ce,528b495998917e28a6e45a9b038b08d595ba31829a3688fe91e5ed5246f850eb,geometry_alpha_0p200,0.2,,
geometry_alpha_0p200,alpha_blend,False,0.3,0.7621564107111191,0.674863387978142,0.6977401129943502,0.9792207792207792,1830,40,504,1235,0.7031008719507358,0.5682894346237968,0.5198666723520451,e033611fae6402a3828e70c30119a8366ad7b7f94cf530c7941f3003469420ce,f43cb874df40ce0fd9853b7915a8ec8c3e9121a6a02548900405cc6410fcfc84,geometry_alpha_0p200,0.2,,
geometry_alpha_0p200,alpha_blend,False,0.35,0.7701265155131509,0.7162567486502699,0.6745762711864407,0.9833766233766233,1667,32,395,1194,0.7031008719507358,0.5682894346237968,0.5198666723520451,e033611fae6402a3828e70c30119a8366ad7b7f94cf530c7941f3003469420ce,7442b87864846d4002997b2dfbbb559a8bde6dd02891ae22416564cfec15bdb6,geometry_alpha_0p200,0.2,,
geometry_alpha_0p200,alpha_blend,False,0.4,0.7705434719678496,0.746268656716418,0.6497175141242938,0.985974025974026,1541,27,323,1150,0.7031008719507358,0.5682894346237968,0.5198666723520451,e033611fae6402a3828e70c30119a8366ad7b7f94cf530c7941f3003469420ce,4f8661e71b256654b1a63a8ce44d171bc5fd1756f8c19f3119f2fe1f2392635a,geometry_alpha_0p200,0.2,,
geometry_alpha_0p200,alpha_blend,False,0.5,0.770013276679475,0.8090566037735849,0.6056497175141243,0.9911688311688311,1325,17,210,1072,0.7031008719507358,0.5682894346237968,0.5198666723520451,e033611fae6402a3828e70c30119a8366ad7b7f94cf530c7941f3003469420ce,8c78e3847f0ff66caae3fa943bcc86abade9dbcc3c28997cb588948cac701e98,geometry_alpha_0p200,0.2,,
geometry_alpha_0p200,alpha_blend,False,0.5305646952220546,0.7662625848652671,0.8281622911694511,0.588135593220339,0.9927272727272727,1257,14,176,1041,0.7031008719507358,0.5682894346237968,0.5198666723520451,e033611fae6402a3828e70c30119a8366ad7b7f94cf530c7941f3003469420ce,4dd08af51e7ac1070905e88c69cedccff79bde23a5ae2954a5c37cbce4a785ee,geometry_alpha_0p200,0.2,,
geometry_alpha_0p200,alpha_blend,False,0.6,0.7540485544305989,0.8672014260249554,0.5497175141242938,0.9937662337662337,1122,12,118,973,0.7031008719507358,0.5682894346237968,0.5198666723520451,e033611fae6402a3828e70c30119a8366ad7b7f94cf530c7941f3003469420ce,ddb034df90ebb0dbb95e676fb1f4d269ba65ad1f8df6ad833c6b717115c630a9,geometry_alpha_0p200,0.2,,
geometry_alpha_0p200,alpha_blend,False,0.7,0.7097099902071702,0.9056399132321041,0.4717514124293785,0.9968831168831169,922,6,69,835,0.7031008719507358,0.5682894346237968,0.5198666723520451,e033611fae6402a3828e70c30119a8366ad7b7f94cf530c7941f3003469420ce,2024ce3945196b351d0874df98762de865689ad833240be01e25c9c0f6985597,geometry_alpha_0p200,0.2,,
geometry_alpha_0p200,alpha_blend,False,0.8,0.6421025137977653,0.9533898305084746,0.3813559322033898,0.9989610389610389,708,2,25,675,0.7031008719507358,0.5682894346237968,0.5198666723520451,e033611fae6402a3828e70c30119a8366ad7b7f94cf530c7941f3003469420ce,bcf73d3611fa9ab931cb97c256407129d14f7b3767d2b7ec36754807403bc8d5,geometry_alpha_0p200,0.2,,
geometry_alpha_0p200,alpha_blend,False,0.8302335402140741,0.60406787792524,0.9618441971383148,0.3418079096045198,0.9989610389610389,629,2,18,605,0.7031008719507358,0.5682894346237968,0.5198666723520451,e033611fae6402a3828e70c30119a8366ad7b7f94cf530c7941f3003469420ce,3e1d2b21c4bcbf3a354d1ac2318532c1dad52cd797d756e5e4a1ae3da51fb9e2,geometry_alpha_0p200,0.2,,
geometry_alpha_0p200,alpha_blend,False,0.9,0.46806039488966317,0.9829268292682927,0.22768361581920904,1.0,410,0,5,403,0.7031008719507358,0.5682894346237968,0.5198666723520451,e033611fae6402a3828e70c30119a8366ad7b7f94cf530c7941f3003469420ce,6386d7d7db9c98c8c5818325d8902b7f7dcd61e37a629710607ea3682d39b2de,geometry_alpha_0p200,0.2,,
geometry_alpha_0p200,alpha_blend,False,0.9836448825340083,0.001693002257336343,1.0,0.0005649717514124294,1.0,1,0,0,1,0.7031008719507358,0.5682894346237968,0.5198666723520451,e033611fae6402a3828e70c30119a8366ad7b7f94cf530c7941f3003469420ce,3bc84dbea1efbb2ed1e12876be81779c7cc248038773b482c76aa917a6211173,geometry_alpha_0p200,0.2,,
geometry_alpha_0p400,alpha_blend,False,0.013230178553947926,0.34153570944588985,0.1583748806619285,0.843502824858757,0.7787012987012987,9427,426,7161,1493,0.7031008719507358,0.5682894346237968,0.5198666723520451,5ab460f6aa08fe3525ff11238ef8ce415a39c67f70c30967f347bf442d84aef0,24c2420d07c10eff0c4d8b20d74012bfc11ecfc545cfa75580d4c182b4cca0c9,geometry_alpha_0p400,0.4,,
geometry_alpha_0p400,alpha_blend,False,0.029958526285626265,0.4518994778067885,0.23436754176610977,0.8322033898305085,0.8545454545454545,6285,280,4311,1473,0.7031008719507358,0.5682894346237968,0.5198666723520451,5ab460f6aa08fe3525ff11238ef8ce415a39c67f70c30967f347bf442d84aef0,d9899161ddb9bccf5f9dc440c51d75123ca27b85b4747a4af960a673114c9d31,geometry_alpha_0p400,0.4,,
geometry_alpha_0p400,alpha_blend,False,0.05,0.5255832680992745,0.2965531307362839,0.8214689265536723,0.8940259740259741,4903,204,3069,1454,0.7031008719507358,0.5682894346237968,0.5198666723520451,5ab460f6aa08fe3525ff11238ef8ce415a39c67f70c30967f347bf442d84aef0,dfa32034025e3f2b28db5c35ebf8ebc2caad6041f5eb6eb20df5de5055f0024b,geometry_alpha_0p400,0.4,,
geometry_alpha_0p400,alpha_blend,False,0.0891802869029469,0.6076137371167267,0.3800053036329886,0.8096045197740113,0.934025974025974,3771,127,2073,1433,0.7031008719507358,0.5682894346237968,0.5198666723520451,5ab460f6aa08fe3525ff11238ef8ce415a39c67f70c30967f347bf442d84aef0,f5b9316b04f40f3d54c857aa1e0f8aa8428d32d4bd47882207285cbc016155d3,geometry_alpha_0p400,0.4,,
geometry_alpha_0p400,alpha_blend,False,0.1,0.622405897356624,0.39777468706536856,0.807909604519774,0.9361038961038961,3595,123,1912,1430,0.7031008719507358,0.5682894346237968,0.5198666723520451,5ab460f6aa08fe3525ff11238ef8ce415a39c67f70c30967f347bf442d84aef0,d2b65ec24121cb415a9edb8b19745c7c21a9102c1254e245e5d7a4ee78ac3f09,geometry_alpha_0p400,0.4,,
geometry_alpha_0p400,alpha_blend,False,0.15,0.6768496738685531,0.4721001014541765,0.7887005649717514,0.9558441558441558,2957,85,1375,1396,0.7031008719507358,0.5682894346237968,0.5198666723520451,5ab460f6aa08fe3525ff11238ef8ce415a39c67f70c30967f347bf442d84aef0,d5fd62675e2015cca3e2f537ee393c6a29dbdbeb7095fe86fcd1606c797f482d,geometry_alpha_0p400,0.4,,
geometry_alpha_0p400,alpha_blend,False,0.2,0.7059147395475504,0.5217889908256881,0.7711864406779662,0.9646753246753247,2616,68,1095,1365,0.7031008719507358,0.5682894346237968,0.5198666723520451,5ab460f6aa08fe3525ff11238ef8ce415a39c67f70c30967f347bf442d84aef0,144844cad958c7b927bf480950629f7d4598bb832fdd4109beaf44a919a8f91a,geometry_alpha_0p400,0.4,,
geometry_alpha_0p400,alpha_blend,False,0.21970491040215384,0.7147747265952987,0.5389817024661894,0.7655367231638418,0.9657142857142857,2514,66,1013,1355,0.7031008719507358,0.5682894346237968,0.5198666723520451,5ab460f6aa08fe3525ff11238ef8ce415a39c67f70c30967f347bf442d84aef0,6ea24f7c241b5eac19560e5b08d256aaa9720a738255bbaf6b393025ab0f408d,geometry_alpha_0p400,0.4,,
geometry_alpha_0p400,alpha_blend,False,0.25,0.728637659445141,0.5683851725607159,0.7536723163841808,0.9698701298701299,2347,58,879,1334,0.7031008719507358,0.5682894346237968,0.5198666723520451,5ab460f6aa08fe3525ff11238ef8ce415a39c67f70c30967f347bf442d84aef0,34f32fdb29df2172855acf292c0458c4cd516294c1bd6dfffd783c932217c68d,geometry_alpha_0p400,0.4,,
geometry_alpha_0p400,alpha_blend,False,0.3,0.746385180890658,0.6092007434944238,0.7406779661016949,0.972987012987013,2152,52,722,1311,0.7031008719507358,0.5682894346237968,0.5198666723520451,5ab460f6aa08fe3525ff11238ef8ce415a39c67f70c30967f347bf442d84aef0,f543bc35048acfbbed6953831babdd122679b6a328e96a4f79eb30c07349d096,geometry_alpha_0p400,0.4,,
geometry_alpha_0p400,alpha_blend,False,0.35,0.7573416367073017,0.6439737771053958,0.7214689265536723,0.9781818181818182,1983,42,609,1277,0.7031008719507358,0.5682894346237968,0.5198666723520451,5ab460f6aa08fe3525ff11238ef8ce415a39c67f70c30967f347bf442d84aef0,6567c856635555f51b1bb52c4dd6cdbf3c3f0ad5c58e5ca9913dc3538edf43de,geometry_alpha_0p400,0.4,,
geometry_alpha_0p400,alpha_blend,False,0.4,0.7642237976653102,0.6774370208105148,0.6988700564971752,0.9818181818181818,1826,35,504,1237,0.7031008719507358,0.5682894346237968,0.5198666723520451,5ab460f6aa08fe3525ff11238ef8ce415a39c67f70c30967f347bf442d84aef0,c49466e67e0d897ba94ab7f2117aaa3345eaf07591c070d13aa9d54ae7963b39,geometry_alpha_0p400,0.4,,
geometry_alpha_0p400,alpha_blend,False,0.5,0.7720467843121145,0.7469255663430421,0.6519774011299435,0.987012987012987,1545,25,325,1154,0.7031008719507358,0.5682894346237968,0.5198666723520451,5ab460f6aa08fe3525ff11238ef8ce415a39c67f70c30967f347bf442d84aef0,37b929393e40c0b257f436646bea73047583c39784ee7477c93a28034ddffdbe,geometry_alpha_0p400,0.4,,
geometry_alpha_0p400,alpha_blend,False,0.6,0.7710472369811976,0.8158899923605806,0.6033898305084746,0.9922077922077922,1309,15,200,1068,0.7031008719507358,0.5682894346237968,0.5198666723520451,5ab460f6aa08fe3525ff11238ef8ce415a39c67f70c30967f347bf442d84aef0,78d4d1202bdcdb42ff94b25a2dab8f1a2d1f7cfb973c9432a9c82763db6b8636,geometry_alpha_0p400,0.4,,
geometry_alpha_0p400,alpha_blend,False,0.6230558928509792,0.7679014541016336,0.8305489260143198,0.5898305084745763,0.9927272727272727,1257,14,173,1044,0.7031008719507358,0.5682894346237968,0.5198666723520451,5ab460f6aa08fe3525ff11238ef8ce415a39c67f70c30967f347bf442d84aef0,8ed29dd037a3e8d12e9dc9c9219e82596488a45181391c795e16e6123cff8020,geometry_alpha_0p400,0.4,,
geometry_alpha_0p400,alpha_blend,False,0.7,0.7474509510376134,0.8739650413983441,0.536723163841808,0.9937662337662337,1087,12,107,950,0.7031008719507358,0.5682894346237968,0.5198666723520451,5ab460f6aa08fe3525ff11238ef8ce415a39c67f70c30967f347bf442d84aef0,88c6a087337f6b00b805eed093bd4fcd434fa62e48ed446dc1ad5f39d682f060,geometry_alpha_0p400,0.4,,
geometry_alpha_0p400,alpha_blend,False,0.8,0.6905775539062882,0.9286563614744352,0.44124293785310736,0.9989610389610389,841,2,49,781,0.7031008719507358,0.5682894346237968,0.5198666723520451,5ab460f6aa08fe3525ff11238ef8ce415a39c67f70c30967f347bf442d84aef0,7aa2458f0627ae49d78cdd0c0dde39ef30fefcae73c085ead2471637c28374f7,geometry_alpha_0p400,0.4,,
geometry_alpha_0p400,alpha_blend,False,0.869533985246661,0.60406787792524,0.9618441971383148,0.3418079096045198,0.9989610389610389,629,2,18,605,0.7031008719507358,0.5682894346237968,0.5198666723520451,5ab460f6aa08fe3525ff11238ef8ce415a39c67f70c30967f347bf442d84aef0,5a37fcf31a27bbe7eaeccbe2a8343a4a68c6363bbfaa3eb1702e83443807bec7,geometry_alpha_0p400,0.4,,
geometry_alpha_0p400,alpha_blend,False,0.9,0.5352784013851735,0.9724950884086444,0.2796610169491525,0.9994805194805195,509,1,10,495,0.7031008719507358,0.5682894346237968,0.5198666723520451,5ab460f6aa08fe3525ff11238ef8ce415a39c67f70c30967f347bf442d84aef0,aac2a2aae5c8524dab606a7ed12ddbc00d0a0465856acdef7e9f25bd79263a21,geometry_alpha_0p400,0.4,,
geometry_alpha_0p400,alpha_blend,False,0.9875495626411062,0.001693002257336343,1.0,0.0005649717514124294,1.0,1,0,0,1,0.7031008719507358,0.5682894346237968,0.5198666723520451,5ab460f6aa08fe3525ff11238ef8ce415a39c67f70c30967f347bf442d84aef0,3bc84dbea1efbb2ed1e12876be81779c7cc248038773b482c76aa917a6211173,geometry_alpha_0p400,0.4,,
geometry_alpha_0p600,alpha_blend,False,0.018581377039506623,0.34160225422624235,0.1583748806619285,0.843502824858757,0.7797402597402597,9427,424,7170,1493,0.7031008719507358,0.5682894346237968,0.5198666723520451,288cc0eea73eaa523452fdce29078ed05192c53affc005c966123f1882f3c158,39c04c960ee076bd1a2567a384ed7f877cc0ed3cd3804c358ef3a299e2b0e9b6,geometry_alpha_0p600,0.6,,
geometry_alpha_0p600,alpha_blend,False,0.04147815905297021,0.4525865045586686,0.2345266507557677,0.8327683615819209,0.8592207792207792,6285,271,4321,1474,0.7031008719507358,0.5682894346237968,0.5198666723520451,288cc0eea73eaa523452fdce29078ed05192c53affc005c966123f1882f3c158,7a96d2c8921e9d535d6c447f98b566298cf5e93b7379b538de1ba0411176affa,geometry_alpha_0p600,0.6,,
geometry_alpha_0p600,alpha_blend,False,0.05,0.4797751640241635,0.25651793525809274,0.8282485875706215,0.8716883116883116,5715,247,3802,1466,0.7031008719507358,0.5682894346237968,0.5198666723520451,288cc0eea73eaa523452fdce29078ed05192c53affc005c966123f1882f3c158,d5d420e12f0b76439d26f0145ea3732125b8c385b037e38fd4c9ec745e39eaeb,geometry_alpha_0p600,0.6,,
geometry_alpha_0p600,alpha_blend,False,0.1,0.5816240853028062,0.35094982951777887,0.8141242937853107,0.9257142857142857,4106,143,2372,1441,0.7031008719507358,0.5682894346237968,0.5198666723520451,288cc0eea73eaa523452fdce29078ed05192c53affc005c966123f1882f3c158,e5e2da73a3907fa9f81008119a56c955ba29ddf21f3192aaab06fc373b4f7bcc,geometry_alpha_0p600,0.6,,
geometry_alpha_0p600,alpha_blend,False,0.12102605902281931,0.6080190850462526,0.38027048528241847,0.8101694915254237,0.9345454545454546,3771,126,2076,1434,0.7031008719507358,0.5682894346237968,0.5198666723520451,288cc0eea73eaa523452fdce29078ed05192c53affc005c966123f1882f3c158,b0ac663174a6e6df52af11531a13d75cf41be56c662b5fcaf90a62e603146056,geometry_alpha_0p600,0.6,,
geometry_alpha_0p600,alpha_blend,False,0.15,0.6397306153245482,0.4188235294117647,0.8045197740112995,0.9444155844155844,3400,107,1751,1424,0.7031008719507358,0.5682894346237968,0.5198666723520451,288cc0eea73eaa523452fdce29078ed05192c53affc005c966123f1882f3c158,dacddd89121cc798b6e800d879519c1ccfef584f0150fdefe06d4bacb86f01af,geometry_alpha_0p600,0.6,,
geometry_alpha_0p600,alpha_blend,False,0.2,0.6771292405654545,0.4718000675447484,0.7892655367231638,0.957922077922078,2961,81,1380,1397,0.7031008719507358,0.5682894346237968,0.5198666723520451,288cc0eea73eaa523452fdce29078ed05192c53affc005c966123f1882f3c158,1c3e66be83b582d6ccb212c2b6589dd06f6753bb5e044669dfb2a1d7cbe69263,geometry_alpha_0p600,0.6,,
geometry_alpha_0p600,alpha_blend,False,0.25,0.7011076954089603,0.5119402985074627,0.7751412429378531,0.9657142857142857,2680,66,1153,1372,0.7031008719507358,0.5682894346237968,0.5198666723520451,288cc0eea73eaa523452fdce29078ed05192c53affc005c966123f1882f3c158,a9139a684ac8dba820748ad542b9411f97cb65174de7f700283ac5c06e5e2d94,geometry_alpha_0p600,0.6,,
geometry_alpha_0p600,alpha_blend,False,0.2868202665299133,0.7141688574951294,0.5381861575178998,0.764406779661017,0.9667532467532467,2514,64,1016,1353,0.7031008719507358,0.5682894346237968,0.5198666723520451,288cc0eea73eaa523452fdce29078ed05192c53affc005c966123f1882f3c158,00f33959d90428a88fdd318900de2b901a5a427240ef9dbb4db9ea55d231bfcf,geometry_alpha_0p600,0.6,,
geometry_alpha_0p600,alpha_blend,False,0.3,0.7194303818489379,0.5481903212688085,0.7615819209039548,0.9683116883116883,2459,61,972,1348,0.7031008719507358,0.5682894346237968,0.5198666723520451,288cc0eea73eaa523452fdce29078ed05192c53affc005c966123f1882f3c158,090537da07be2278176e5e728c0dd59e67fed55ccc450a16d07f9f3da06095c4,geometry_alpha_0p600,0.6,,
geometry_alpha_0p600,alpha_blend,False,0.35,0.7377174797151189,0.5875831485587583,0.748587570621469,0.9719480519480519,2255,54,806,1325,0.7031008719507358,0.5682894346237968,0.5198666723520451,288cc0eea73eaa523452fdce29078ed05192c53affc005c966123f1882f3c158,3b7e79046e08cc16f38c4e21d5c3ace6e5fb41aee476b75e2b5769ec68b7034d,geometry_alpha_0p600,0.6,,
geometry_alpha_0p600,alpha_blend,False,0.4,0.750654929078851,0.6197049024274155,0.735593220338983,0.9771428571428571,2101,44,694,1302,0.7031008719507358,0.5682894346237968,0.5198666723520451,288cc0eea73eaa523452fdce29078ed05192c53affc005c966123f1882f3c158,f054cd6fd0b3bb01165e080ad258193989c5dbd9f9b54678044448bbb3b2a857,geometry_alpha_0p600,0.6,,
geometry_alpha_0p600,alpha_blend,False,0.5,0.7629532858429029,0.675054704595186,0.6971751412429379,0.9838961038961039,1828,31,512,1234,0.7031008719507358,0.5682894346237968,0.5198666723520451,288cc0eea73eaa523452fdce29078ed05192c53affc005c966123f1882f3c158,e036d3497037aa03dbaf05d1f5e6d847b66994434ccf16fb14bedcd6a8bbd58c,geometry_alpha_0p600,0.6,,
geometry_alpha_0p600,alpha_blend,False,0.6,0.7727756565817075,0.748378728923476,0.6519774011299435,0.9880519480519481,1542,23,325,1154,0.7031008719507358,0.5682894346237968,0.5198666723520451,288cc0eea73eaa523452fdce29078ed05192c53affc005c966123f1882f3c158,6b531b65c0076c15ab9076d8986fe92a7e0d27bca73e48bd5abd15ecde25590e,geometry_alpha_0p600,0.6,,
geometry_alpha_0p600,alpha_blend,False,0.7,0.7702892608374882,0.8199381761978362,0.5994350282485875,0.9932467532467533,1294,13,194,1061,0.7031008719507358,0.5682894346237968,0.5198666723520451,288cc0eea73eaa523452fdce29078ed05192c53affc005c966123f1882f3c158,43e6c36e46bcba6fc7edf56a99dae0de30ab3b0d2ccb7c3d2a4feba858298bdd,geometry_alpha_0p600,0.6,,
geometry_alpha_0p600,alpha_blend,False,0.7150923143572192,0.7685509207360863,0.8313444709626094,0.5903954802259888,0.9932467532467533,1257,13,174,1045,0.7031008719507358,0.5682894346237968,0.5198666723520451,288cc0eea73eaa523452fdce29078ed05192c53affc005c966123f1882f3c158,5c14c7b9d957a984bf620515f96f77cc6a080bea6940dd0e3a6958346e5ab359,geometry_alpha_0p600,0.6,,
geometry_alpha_0p600,alpha_blend,False,0.8,0.7376704831797675,0.8834296724470135,0.5180790960451978,0.9953246753246753,1038,9,96,917,0.7031008719507358,0.5682894346237968,0.5198666723520451,288cc0eea73eaa523452fdce29078ed05192c53affc005c966123f1882f3c158,bbac3facc4b33b258dfaab15a0bff511b0c2adb3aa433d9d3000096283f15104,geometry_alpha_0p600,0.6,,
geometry_alpha_0p600,alpha_blend,False,0.9,0.6228748929811339,0.9565868263473054,0.3610169491525424,0.9989610389610389,668,2,23,639,0.7031008719507358,0.5682894346237968,0.5198666723520451,288cc0eea73eaa523452fdce29078ed05192c53affc005c966123f1882f3c158,0e9af0d5905449a087c32af4adc1f9416d7e8a237cc8e87caec6582d60f02a1a,geometry_alpha_0p600,0.6,,
geometry_alpha_0p600,alpha_blend,False,0.9077890264981564,0.6049282750276451,0.9634340222575517,0.3423728813559322,0.9994805194805195,629,1,18,606,0.7031008719507358,0.5682894346237968,0.5198666723520451,288cc0eea73eaa523452fdce29078ed05192c53affc005c966123f1882f3c158,dd9e90875ae563f2f735d4e75d120a6193ad1b01ad60426f026f4c425cf05186,geometry_alpha_0p600,0.6,,
geometry_alpha_0p600,alpha_blend,False,0.991454242748204,0.001693002257336343,1.0,0.0005649717514124294,1.0,1,0,0,1,0.7031008719507358,0.5682894346237968,0.5198666723520451,288cc0eea73eaa523452fdce29078ed05192c53affc005c966123f1882f3c158,3bc84dbea1efbb2ed1e12876be81779c7cc248038773b482c76aa917a6211173,geometry_alpha_0p600,0.6,,
geometry_alpha_0p800,alpha_blend,False,0.023787399318759086,0.34160225422624235,0.1583748806619285,0.843502824858757,0.7797402597402597,9427,424,7178,1493,0.7031008719507358,0.5682894346237968,0.5198666723520451,c85d70478d6852ab26706291c684f089eea0a07b8cb64ea856be25ba74de403e,7d96178c7b00c8d30f3c8b03553d6cc7c441b9fa59805291de436eabb4e1b4bf,geometry_alpha_0p800,0.8,,
geometry_alpha_0p800,alpha_blend,False,0.05,0.4440353460972018,0.22785592827330345,0.8327683615819209,0.8571428571428572,6469,275,4495,1474,0.7031008719507358,0.5682894346237968,0.5198666723520451,c85d70478d6852ab26706291c684f089eea0a07b8cb64ea856be25ba74de403e,c2293d2c0aecc1632ee31054514321f0812a5ddd5c406a109d301252c51b9d3b,geometry_alpha_0p800,0.8,,
geometry_alpha_0p800,alpha_blend,False,0.05297887297111674,0.45262042380293493,0.23436754176610977,0.8322033898305085,0.8623376623376624,6285,265,4331,1473,0.7031008719507358,0.5682894346237968,0.5198666723520451,c85d70478d6852ab26706291c684f089eea0a07b8cb64ea856be25ba74de403e,6c3fc5c2568bfe36283a51bb9b80f9d5aae6b5cacd6734a74c8adfb5d1917872,geometry_alpha_0p800,0.8,,
geometry_alpha_0p800,alpha_blend,False,0.1,0.5469384735614505,0.31576655052264807,0.8192090395480226,0.9111688311688312,4592,171,2808,1450,0.7031008719507358,0.5682894346237968,0.5198666723520451,c85d70478d6852ab26706291c684f089eea0a07b8cb64ea856be25ba74de403e,e81d20b0db595776352cc4287100a4d26675b2772dd12f093e65a9a2ada0a142,geometry_alpha_0p800,0.8,,
geometry_alpha_0p800,alpha_blend,False,0.15,0.6067930511135631,0.3786638500132031,0.8101694915254237,0.9355844155844156,3787,124,2097,1434,0.7031008719507358,0.5682894346237968,0.5198666723520451,c85d70478d6852ab26706291c684f089eea0a07b8cb64ea856be25ba74de403e,db5cb83d6f46ede5958881ce72536826210b496d015cf6dfe4082eb6880bd882,geometry_alpha_0p800,0.8,,
geometry_alpha_0p800,alpha_blend,False,0.152044499712269,0.6081655499685984,0.38027048528241847,0.8101694915254237,0.9355844155844156,3771,124,2082,1434,0.7031008719507358,0.5682894346237968,0.5198666723520451,c85d70478d6852ab26706291c684f089eea0a07b8cb64ea856be25ba74de403e,75082debd7f4da7530ac28e81192dad71c57367ab96a520124f9b80209d3e056,geometry_alpha_0p800,0.8,,
geometry_alpha_0p800,alpha_blend,False,0.2,0.6492035623853925,0.43112864077669905,0.8028248587570621,0.947012987012987,3296,102,1662,1421,0.7031008719507358,0.5682894346237968,0.5198666723520451,c85d70478d6852ab26706291c684f089eea0a07b8cb64ea856be25ba74de403e,2db91dfa6b412d067b02bc4e63d11c20e8aba4b1670bea03bc53bd21accb44ac,geometry_alpha_0p800,0.8,,
geometry_alpha_0p800,alpha_blend,False,0.25,0.676691914979688,0.4711635750421585,0.7892655367231638,0.957922077922078,2965,81,1384,1397,0.7031008719507358,0.5682894346237968,0.5198666723520451,c85d70478d6852ab26706291c684f089eea0a07b8cb64ea856be25ba74de403e,fee6ee27d96fc5defedc05d25d59886145a3056f36a5a03301edd29e96fd741b,geometry_alpha_0p800,0.8,,
geometry_alpha_0p800,alpha_blend,False,0.3,0.6978731199846235,0.5060728744939271,0.7768361581920904,0.9657142857142857,2717,66,1185,1375,0.7031008719507358,0.5682894346237968,0.5198666723520451,c85d70478d6852ab26706291c684f089eea0a07b8cb64ea856be25ba74de403e,e206d2697c4ac211a442f65b8c044bc60df554af6ff4c0fac9bc8eeebaa3b5c7,geometry_alpha_0p800,0.8,,
geometry_alpha_0p800,alpha_blend,False,0.35,0.7123640274491312,0.5347277032359905,0.7655367231638418,0.9662337662337662,2534,65,1031,1355,0.7031008719507358,0.5682894346237968,0.5198666723520451,c85d70478d6852ab26706291c684f089eea0a07b8cb64ea856be25ba74de403e,78c2873fe269bc57c60b814eff65b1e373902570e58dc87dba0ef9294623b461,geometry_alpha_0p800,0.8,,
geometry_alpha_0p800,alpha_blend,False,0.3564930435557449,0.7137709212676844,0.5377883850437549,0.7638418079096045,0.9667532467532467,2514,64,1016,1352,0.7031008719507358,0.5682894346237968,0.5198666723520451,c85d70478d6852ab26706291c684f089eea0a07b8cb64ea856be25ba74de403e,6bc7e24624d9c9a26082a01e6a0ada12a7c736bdcb08105a1fc52f4e1a93d7d6,geometry_alpha_0p800,0.8,,
geometry_alpha_0p800,alpha_blend,False,0.4,0.7292073879306189,0.5685689948892675,0.7542372881355932,0.9714285714285714,2348,55,888,1335,0.7031008719507358,0.5682894346237968,0.5198666723520451,c85d70478d6852ab26706291c684f089eea0a07b8cb64ea856be25ba74de403e,342917fe81118f981619bb134843b9c58607534ef51124b127043747e46172a7,geometry_alpha_0p800,0.8,,
geometry_alpha_0p800,alpha_blend,False,0.5,0.7523355107695694,0.6251808972503617,0.7322033898305085,0.9781818181818182,2073,42,675,1296,0.7031008719507358,0.5682894346237968,0.5198666723520451,c85d70478d6852ab26706291c684f089eea0a07b8cb64ea856be25ba74de403e,bcc9e664f6505cc19e69e73d4027d6e98fc11dcfdaeeef09f87bcfc8e553d37b,geometry_alpha_0p800,0.8,,
geometry_alpha_0p800,alpha_blend,False,0.6,0.7614200068559502,0.6730453799890651,0.6954802259887005,0.9838961038961039,1829,31,515,1231,0.7031008719507358,0.5682894346237968,0.5198666723520451,c85d70478d6852ab26706291c684f089eea0a07b8cb64ea856be25ba74de403e,a702d302d4706193ee7a5177e6aaa8b30791b57de11dc4eeebdbb8b43c22f8b6,geometry_alpha_0p800,0.8,,
geometry_alpha_0p800,alpha_blend,False,0.7,0.7737356102262195,0.7467783505154639,0.6548022598870057,0.9890909090909091,1552,21,332,1159,0.7031008719507358,0.5682894346237968,0.5198666723520451,c85d70478d6852ab26706291c684f089eea0a07b8cb64ea856be25ba74de403e,2e63c9b35b3a99ddca1f4675208e1b6e530ba93e1bd9d0f075b57b8d6a77e60d,geometry_alpha_0p800,0.8,,
geometry_alpha_0p800,alpha_blend,False,0.8,0.7695847484372148,0.8196594427244582,0.5983050847457627,0.9932467532467533,1292,13,196,1059,0.7031008719507358,0.5682894346237968,0.5198666723520451,c85d70478d6852ab26706291c684f089eea0a07b8cb64ea856be25ba74de403e,33c4bbe6b06ae43340122b61ae991732e09a6bce7dff71804346e598985d723b,geometry_alpha_0p800,0.8,,
geometry_alpha_0p800,alpha_blend,False,0.8106177408898448,0.7680050232618267,0.8305489260143198,0.5898305084745763,0.9932467532467533,1257,13,176,1044,0.7031008719507358,0.5682894346237968,0.5198666723520451,c85d70478d6852ab26706291c684f089eea0a07b8cb64ea856be25ba74de403e,9dc236711adf506cff7391104ad4434be58bb24fb7beb69c585c190ed4a208e6,geometry_alpha_0p800,0.8,,
geometry_alpha_0p800,alpha_blend,False,0.9,0.7072483087061777,0.9116997792494481,0.4666666666666667,0.9979220779220779,906,4,65,826,0.7031008719507358,0.5682894346237968,0.5198666723520451,c85d70478d6852ab26706291c684f089eea0a07b8cb64ea856be25ba74de403e,aaee227eacad3baf959f73a0edd50d89fad11a01925c89ebb46b242907784f0e,geometry_alpha_0p800,0.8,,
geometry_alpha_0p800,alpha_blend,False,0.946683372026549,0.6049282750276451,0.9634340222575517,0.3423728813559322,0.9994805194805195,629,1,18,606,0.7031008719507358,0.5682894346237968,0.5198666723520451,c85d70478d6852ab26706291c684f089eea0a07b8cb64ea856be25ba74de403e,fffe98d8edb8f0e2e3ad4f966aec538abe1f093278ff93c0339b19ffe70ebc2f,geometry_alpha_0p800,0.8,,
geometry_alpha_0p800,alpha_blend,False,0.995358922855302,0.001693002257336343,1.0,0.0005649717514124294,1.0,1,0,0,1,0.7031008719507358,0.5682894346237968,0.5198666723520451,c85d70478d6852ab26706291c684f089eea0a07b8cb64ea856be25ba74de403e,3bc84dbea1efbb2ed1e12876be81779c7cc248038773b482c76aa917a6211173,geometry_alpha_0p800,0.8,,
geometry_alpha_1p000,alpha_blend,False,0.02901282070916485,0.3416686477407939,0.1583748806619285,0.843502824858757,0.7807792207792208,9427,422,7186,1493,0.7031008719507358,0.5682894346237968,0.5198666723520451,2e83da3f07922ca8eae72fe0dd5add7b28b8056c406b9d520c768d5e749ed8bd,fadc5c01320df3bb4e5b90031f86c77cd15ec7b2498981f8e3cb40b462f84f1f,geometry_risk_score,1.0,,
geometry_alpha_1p000,alpha_blend,False,0.05,0.4137967762550593,0.20561267018616283,0.8361581920903954,0.84,7198,308,5167,1480,0.7031008719507358,0.5682894346237968,0.5198666723520451,2e83da3f07922ca8eae72fe0dd5add7b28b8056c406b9d520c768d5e749ed8bd,3408fa93959d7bebd0ff6d85a55060db3ad203d72eb0a675a269153983060941,geometry_risk_score,1.0,,
geometry_alpha_1p000,alpha_blend,False,0.06471865232504405,0.4525571037228277,0.23420843277645187,0.831638418079096,0.8644155844155844,6285,261,4339,1472,0.7031008719507358,0.5682894346237968,0.5198666723520451,2e83da3f07922ca8eae72fe0dd5add7b28b8056c406b9d520c768d5e749ed8bd,de2beefde8ed9f4280628f8e418d4f826609699625e2c9d30285d38a55cc79d7,geometry_risk_score,1.0,,
geometry_alpha_1p000,alpha_blend,False,0.1,0.5185127235260196,0.2888272583201268,0.823728813559322,0.9012987012987013,5048,190,3223,1458,0.7031008719507358,0.5682894346237968,0.5198666723520451,2e83da3f07922ca8eae72fe0dd5add7b28b8056c406b9d520c768d5e749ed8bd,4a6fc28fedcd702c55b002b2cdeceaa4826a2c73c7818748c96cf301ff936f62,geometry_risk_score,1.0,,
geometry_alpha_1p000,alpha_blend,False,0.15,0.5802634896436643,0.3490224475018103,0.8169491525423729,0.9251948051948052,4143,144,2403,1446,0.7031008719507358,0.5682894346237968,0.5198666723520451,2e83da3f07922ca8eae72fe0dd5add7b28b8056c406b9d520c768d5e749ed8bd,91ffbd858032c9fc9515163a02063c7f3d2a9103adc230e01402ad6d8f2ac52c,geometry_risk_score,1.0,,
geometry_alpha_1p000,alpha_blend,False,0.18191230828345498,0.6087488703758155,0.38027048528241847,0.8101694915254237,0.9397402597402598,3771,116,2090,1434,0.7031008719507358,0.5682894346237968,0.5198666723520451,2e83da3f07922ca8eae72fe0dd5add7b28b8056c406b9d520c768d5e749ed8bd,878f0d4962e0612b6673ab7aebf30cb6d075a7c709ac90dec893397e2967cc12,geometry_risk_score,1.0,,
geometry_alpha_1p000,alpha_blend,False,0.2,0.6215826035775851,0.39552238805970147,0.8084745762711865,0.9423376623376624,3618,111,1949,1431,0.7031008719507358,0.5682894346237968,0.5198666723520451,2e83da3f07922ca8eae72fe0dd5add7b28b8056c406b9d520c768d5e749ed8bd,c7a24320c08df7b48af4dabe20f210da55a5f24c71340a00051525b169588930,geometry_risk_score,1.0,,
geometry_alpha_1p000,alpha_blend,False,0.25,0.6536791019860391,0.4372107374267202,0.8005649717514124,0.9496103896103896,3241,97,1618,1417,0.7031008719507358,0.5682894346237968,0.5198666723520451,2e83da3f07922ca8eae72fe0dd5add7b28b8056c406b9d520c768d5e749ed8bd,526964fc6b215e965cb0c5bd5f9a35300e3d63c793f3ead7cc6b8a7627c98f84,geometry_risk_score,1.0,,
geometry_alpha_1p000,alpha_blend,False,0.3,0.6767552951259728,0.47100472016183415,0.7892655367231638,0.958961038961039,2966,79,1388,1397,0.7031008719507358,0.5682894346237968,0.5198666723520451,2e83da3f07922ca8eae72fe0dd5add7b28b8056c406b9d520c768d5e749ed8bd,f2447adef1a17b659bc62a89ec664a51224b7496fb6262185c0b93cd4084f0e4,geometry_risk_score,1.0,,
geometry_alpha_1p000,alpha_blend,False,0.35,0.6944522353733101,0.4998189061934082,0.7796610169491526,0.9646753246753247,2761,68,1222,1380,0.7031008719507358,0.5682894346237968,0.5198666723520451,2e83da3f07922ca8eae72fe0dd5add7b28b8056c406b9d520c768d5e749ed8bd,17dc51ccef50afd5820179ca1625331e6873f9c9c4bb9e41f9b9b02df9e914da,geometry_risk_score,1.0,,
geometry_alpha_1p000,alpha_blend,False,0.4,0.709073844050929,0.5266409266409267,0.7706214689265537,0.9667532467532467,2590,64,1076,1364,0.7031008719507358,0.5682894346237968,0.5198666723520451,2e83da3f07922ca8eae72fe0dd5add7b28b8056c406b9d520c768d5e749ed8bd,e49d3f178ae31f0edd243f055c4f045d311281fd9ef32414277e4a35ce02120b,geometry_risk_score,1.0,,
geometry_alpha_1p000,alpha_blend,False,0.4226292432062679,0.7131628241707202,0.5369928400954654,0.7627118644067796,0.9677922077922078,2514,62,1022,1350,0.7031008719507358,0.5682894346237968,0.5198666723520451,2e83da3f07922ca8eae72fe0dd5add7b28b8056c406b9d520c768d5e749ed8bd,ffd77339fd162921f476e132157509c5e86f97bafff7fce5e31519de4eceaa46,geometry_risk_score,1.0,,
geometry_alpha_1p000,alpha_blend,False,0.5,0.7360734197089204,0.5825667980727114,0.751412429378531,0.9724675324675325,2283,53,834,1330,0.7031008719507358,0.5682894346237968,0.5198666723520451,2e83da3f07922ca8eae72fe0dd5add7b28b8056c406b9d520c768d5e749ed8bd,7e253c554a15256ee6cb5055014b1b2ada43753331fb3328c1dffcb2e02b8f84,geometry_risk_score,1.0,,
geometry_alpha_1p000,alpha_blend,False,0.6,0.753756993588089,0.6295754026354319,0.7288135593220338,0.9807792207792208,2049,37,663,1290,0.7031008719507358,0.5682894346237968,0.5198666723520451,2e83da3f07922ca8eae72fe0dd5add7b28b8056c406b9d520c768d5e749ed8bd,1570f46410f4c776fbb7084b17e31c3691005788329b7a97f421a1e670605dfd,geometry_risk_score,1.0,,
geometry_alpha_1p000,alpha_blend,False,0.7,0.7616272537007339,0.6730453799890651,0.6954802259887005,0.9849350649350649,1829,29,517,1231,0.7031008719507358,0.5682894346237968,0.5198666723520451,2e83da3f07922ca8eae72fe0dd5add7b28b8056c406b9d520c768d5e749ed8bd,ec3eb32538ef9cfcb02d270b4f5a3f4b41c11054892b216af0dd96e5236651c5,geometry_risk_score,1.0,,
geometry_alpha_1p000,alpha_blend,False,0.8,0.7731756599273436,0.7456535737282679,0.6542372881355932,0.9896103896103896,1553,20,335,1158,0.7031008719507358,0.5682894346237968,0.5198666723520451,2e83da3f07922ca8eae72fe0dd5add7b28b8056c406b9d520c768d5e749ed8bd,17832205c87602ca91ec9647a533b2d16a78cb578b38cf7e260330a3096d35df,geometry_risk_score,1.0,,
geometry_alpha_1p000,alpha_blend,False,0.9,0.7681834634314216,0.8223787167449139,0.5937853107344633,0.9948051948051948,1278,10,193,1051,0.7031008719507358,0.5682894346237968,0.5198666723520451,2e83da3f07922ca8eae72fe0dd5add7b28b8056c406b9d520c768d5e749ed8bd,7203082829654e694919d8e0eb8a510885c73a20c3a2591d3680ea8df33f93f8,geometry_risk_score,1.0,,
geometry_alpha_1p000,alpha_blend,False,0.903477270465026,0.7666746147426553,0.8281622911694511,0.588135593220339,0.9948051948051948,1257,10,184,1041,0.7031008719507358,0.5682894346237968,0.5198666723520451,2e83da3f07922ca8eae72fe0dd5add7b28b8056c406b9d520c768d5e749ed8bd,829b233030ce3bde6441938c80fac250ba034a9ad533153b79fff0aed48ed021,geometry_risk_score,1.0,,
geometry_alpha_1p000,alpha_blend,False,0.9860428774523647,0.6017366620221296,0.9570747217806042,0.34011299435028247,0.9994805194805195,629,1,22,602,0.7031008719507358,0.5682894346237968,0.5198666723520451,2e83da3f07922ca8eae72fe0dd5add7b28b8056c406b9d520c768d5e749ed8bd,0e40d0aa27efccb971c6e9399e1035bcdab5a03f244442962b615d89a863c484,geometry_risk_score,1.0,,
geometry_alpha_1p000,alpha_blend,False,0.9992636029623999,0.001693002257336343,1.0,0.0005649717514124294,1.0,1,0,0,1,0.7031008719507358,0.5682894346237968,0.5198666723520451,2e83da3f07922ca8eae72fe0dd5add7b28b8056c406b9d520c768d5e749ed8bd,3bc84dbea1efbb2ed1e12876be81779c7cc248038773b482c76aa917a6211173,geometry_risk_score,1.0,,
class_reliability_gamma_0p250,class_scaled_raw,True,0.001945839988900608,0.3403458751518623,0.1580566458046038,0.8418079096045198,0.7693506493506493,9427,444,7100,1490,0.7031008719507358,0.5682894346237968,0.5198666723520451,2686187fe495a910d6e8289a4e5e13bd62d1e4e056a774f627eff63d8f64bf85,6fdfd5e439372602e4e8a69d09e6fa883e8370c1429bf50daedc3f604a3a05a2,class_reliability_gamma_0p250,,0.25,
class_reliability_gamma_0p250,class_scaled_raw,True,0.005539138323121383,0.45002366933651716,0.23436754176610977,0.8322033898305085,0.8348051948051948,6285,318,4223,1473,0.7031008719507358,0.5682894346237968,0.5198666723520451,2686187fe495a910d6e8289a4e5e13bd62d1e4e056a774f627eff63d8f64bf85,aeb685a613a93b71ea623df2c57a025297e9440adda7d958bc60b793c1aa9bb6,class_reliability_gamma_0p250,,0.25,
class_reliability_gamma_0p250,class_scaled_raw,True,0.023015334952842782,0.6037192757490398,0.379209758684699,0.807909604519774,0.9137662337662338,3771,166,2027,1430,0.7031008719507358,0.5682894346237968,0.5198666723520451,2686187fe495a910d6e8289a4e5e13bd62d1e4e056a774f627eff63d8f64bf85,850934238f91326f94ec32355f74c3fa18e06daa8b7f368629babc78a0f55767,class_reliability_gamma_0p250,,0.25,
class_reliability_gamma_0p250,class_scaled_raw,True,0.05,0.6781187183922105,0.47954230235783635,0.7813559322033898,0.9444155844155844,2884,107,1291,1383,0.7031008719507358,0.5682894346237968,0.5198666723520451,2686187fe495a910d6e8289a4e5e13bd62d1e4e056a774f627eff63d8f64bf85,c58528738b9bb35ba8f55ff9ba7aecfcb1a04b2b2a1e14cd209baef0b993e932,class_reliability_gamma_0p250,,0.25,
class_reliability_gamma_0p250,class_scaled_raw,True,0.07845503508228929,0.7111712834029147,0.5369928400954654,0.7627118644067796,0.9568831168831169,2514,83,1000,1350,0.7031008719507358,0.5682894346237968,0.5198666723520451,2686187fe495a910d6e8289a4e5e13bd62d1e4e056a774f627eff63d8f64bf85,0623a9d768ffa9c16a3fe3297409885d9c0a1023d58688b914c161521cdd0bad,class_reliability_gamma_0p250,,0.25,
class_reliability_gamma_0p250,class_scaled_raw,True,0.1,0.7305480551985408,0.5762049500651324,0.7497175141242938,0.9641558441558442,2303,69,831,1327,0.7031008719507358,0.5682894346237968,0.5198666723520451,2686187fe495a910d6e8289a4e5e13bd62d1e4e056a774f627eff63d8f64bf85,68660471f96c0e319712be476e95c2da6b58954753ecc792150d4aadf60fdea8,class_reliability_gamma_0p250,,0.25,
class_reliability_gamma_0p250,class_scaled_raw,True,0.15,0.7537708112054501,0.6369521912350598,0.7225988700564971,0.9745454545454545,2008,49,618,1279,0.7031008719507358,0.5682894346237968,0.5198666723520451,2686187fe495a910d6e8289a4e5e13bd62d1e4e056a774f627eff63d8f64bf85,315543513c463436a3c2cbce6e5dbbb3a516bcdf37acc3e222982283cc266dd2,class_reliability_gamma_0p250,,0.25,
class_reliability_gamma_0p250,class_scaled_raw,True,0.2,0.764510933172648,0.6858902575587906,0.692090395480226,0.9792207792207792,1786,40,471,1225,0.7031008719507358,0.5682894346237968,0.5198666723520451,2686187fe495a910d6e8289a4e5e13bd62d1e4e056a774f627eff63d8f64bf85,e09bbe658271d17f2b35557b52bfa3767cf60075d8fdd616a37d6f92df2669d0,class_reliability_gamma_0p250,,0.25,
class_reliability_gamma_0p250,class_scaled_raw,True,0.25,0.7697824914387347,0.724095646842428,0.6672316384180791,0.9828571428571429,1631,33,374,1181,0.7031008719507358,0.5682894346237968,0.5198666723520451,2686187fe495a910d6e8289a4e5e13bd62d1e4e056a774f627eff63d8f64bf85,87619b25151b26b7fbe7db76c29b3863af3e462e4174412382c752f2b4b6bb07,class_reliability_gamma_0p250,,0.25,
class_reliability_gamma_0p250,class_scaled_raw,True,0.3,0.7727896020532736,0.7606951871657754,0.6429378531073446,0.9880519480519481,1496,23,297,1138,0.7031008719507358,0.5682894346237968,0.5198666723520451,2686187fe495a910d6e8289a4e5e13bd62d1e4e056a774f627eff63d8f64bf85,b440ac868ab86a9db0c69687812d41cf2e42a7419424939061f8541eea9d3986,class_reliability_gamma_0p250,,0.25,
class_reliability_gamma_0p250,class_scaled_raw,True,0.35,0.7723428235698769,0.7922077922077922,0.6203389830508474,0.9901298701298701,1386,19,239,1098,0.7031008719507358,0.5682894346237968,0.5198666723520451,2686187fe495a910d6e8289a4e5e13bd62d1e4e056a774f627eff63d8f64bf85,2aa9fdff8a0997b8786e08ec2e46582ca4b8c84c23ee6c63843ed36fbf1493d6,class_reliability_gamma_0p250,,0.25,
class_reliability_gamma_0p250,class_scaled_raw,True,0.4,0.7689599029599629,0.8217898832684825,0.5966101694915255,0.9916883116883117,1285,16,187,1056,0.7031008719507358,0.5682894346237968,0.5198666723520451,2686187fe495a910d6e8289a4e5e13bd62d1e4e056a774f627eff63d8f64bf85,4ab72ca55786353f20ea2a0d7405450d47c834c45ba229d160fd94bea555581d,class_reliability_gamma_0p250,,0.25,
class_reliability_gamma_0p250,class_scaled_raw,True,0.41523364179641825,0.7682395296224678,0.8313444709626094,0.5903954802259888,0.9916883116883117,1257,16,170,1045,0.7031008719507358,0.5682894346237968,0.5198666723520451,2686187fe495a910d6e8289a4e5e13bd62d1e4e056a774f627eff63d8f64bf85,a80ae8c61c2e8f648a510ec78641624b64f634da3ac5a08c03d8eddc8dfb5c79,class_reliability_gamma_0p250,,0.25,
class_reliability_gamma_0p250,class_scaled_raw,True,0.5,0.751736327231563,0.8664874551971327,0.5463276836158192,0.9937662337662337,1116,12,118,967,0.7031008719507358,0.5682894346237968,0.5198666723520451,2686187fe495a910d6e8289a4e5e13bd62d1e4e056a774f627eff63d8f64bf85,8b7bb684b014f7fea79192da3cceeed69360a49617ef27601efbfdce8603534d,class_reliability_gamma_0p250,,0.25,
class_reliability_gamma_0p250,class_scaled_raw,True,0.6,0.7113366576938353,0.9032258064516129,0.4745762711864407,0.9968831168831169,930,6,72,840,0.7031008719507358,0.5682894346237968,0.5198666723520451,2686187fe495a910d6e8289a4e5e13bd62d1e4e056a774f627eff63d8f64bf85,bcd557dba218de60e595184bb190be77aee2796d4c59084672dbce963295f335,class_reliability_gamma_0p250,,0.25,
class_reliability_gamma_0p250,class_scaled_raw,True,0.7,0.6568459275917163,0.9500674763832658,0.3977401129943503,0.9994805194805195,741,1,31,704,0.7031008719507358,0.5682894346237968,0.5198666723520451,2686187fe495a910d6e8289a4e5e13bd62d1e4e056a774f627eff63d8f64bf85,1f9011ccc106690a722767e4eb2a1a6b44952d3c2eabbb7a0654b9f47561a669,class_reliability_gamma_0p250,,0.25,
class_reliability_gamma_0p250,class_scaled_raw,True,0.7561049944049375,0.6033335317743255,0.9602543720190779,0.34124293785310733,0.9994805194805195,629,1,20,604,0.7031008719507358,0.5682894346237968,0.5198666723520451,2686187fe495a910d6e8289a4e5e13bd62d1e4e056a774f627eff63d8f64bf85,78cb22cfe1cdebad7e24d86d4319bf6c0d4ef6809644074263a6f7478059d4d7,class_reliability_gamma_0p250,,0.25,
class_reliability_gamma_0p250,class_scaled_raw,True,0.8,0.5449164313759458,0.9732313575525813,0.28757062146892653,0.9994805194805195,523,1,9,509,0.7031008719507358,0.5682894346237968,0.5198666723520451,2686187fe495a910d6e8289a4e5e13bd62d1e4e056a774f627eff63d8f64bf85,828b011ec9ed752fea6192c5660c4764a825d8217516b20b7cdce868bbd9aa53,class_reliability_gamma_0p250,,0.25,
class_reliability_gamma_0p250,class_scaled_raw,True,0.9,0.29181818181818187,0.9907407407407407,0.12090395480225989,1.0,216,0,2,214,0.7031008719507358,0.5682894346237968,0.5198666723520451,2686187fe495a910d6e8289a4e5e13bd62d1e4e056a774f627eff63d8f64bf85,5c8fd4a93a94b4e090d73dca0ee7d79646591026ae5be36f8a773ce9af9b4ab6,class_reliability_gamma_0p250,,0.25,
class_reliability_gamma_0p250,class_scaled_raw,True,0.9592823221206674,0.001693002257336343,1.0,0.0005649717514124294,1.0,1,0,0,1,0.7031008719507358,0.5682894346237968,0.5198666723520451,2686187fe495a910d6e8289a4e5e13bd62d1e4e056a774f627eff63d8f64bf85,3bc84dbea1efbb2ed1e12876be81779c7cc248038773b482c76aa917a6211173,class_reliability_gamma_0p250,,0.25,
class_reliability_gamma_0p500,class_scaled_raw,True,0.0017678019987939207,0.34037974321921605,0.1580566458046038,0.8418079096045198,0.7698701298701298,9427,443,7102,1490,0.7031008719507358,0.5682894346237968,0.5198666723520451,ae00727fc151455e8215787f5cc756f45bc7d365f761c20e229f6e1e5a1b3bbe,a58349b65c60829cb87beef8b45926ccd18847d5653ca75054c6a948145721a2,class_reliability_gamma_0p500,,0.5,
class_reliability_gamma_0p500,class_scaled_raw,True,0.005080129864575537,0.4500739645673144,0.23436754176610977,0.8322033898305085,0.8353246753246754,6285,317,4227,1473,0.7031008719507358,0.5682894346237968,0.5198666723520451,ae00727fc151455e8215787f5cc756f45bc7d365f761c20e229f6e1e5a1b3bbe,1b9918e93b819aa4dfdd2029884ef201739ee0ab3d55f287e61f67f7df1d40b4,class_reliability_gamma_0p500,,0.5,
class_reliability_gamma_0p500,class_scaled_raw,True,0.021388816778681406,0.6030606651872564,0.3786793953858393,0.8067796610169492,0.9137662337662338,3771,166,2030,1428,0.7031008719507358,0.5682894346237968,0.5198666723520451,ae00727fc151455e8215787f5cc756f45bc7d365f761c20e229f6e1e5a1b3bbe,f4cab09350c3920b11f31e677cc3ba77a39d80116862fb48a9831fb5b214aa42,class_reliability_gamma_0p500,,0.5,
class_reliability_gamma_0p500,class_scaled_raw,True,0.05,0.6849071010435225,0.49023090586145646,0.7796610169491526,0.9454545454545454,2815,105,1230,1380,0.7031008719507358,0.5682894346237968,0.5198666723520451,ae00727fc151455e8215787f5cc756f45bc7d365f761c20e229f6e1e5a1b3bbe,d871734c7c71c8886d960cebc73687b8dc4f4681d3d5d3c336db72a2295bf9a6,class_reliability_gamma_0p500,,0.5,
class_reliability_gamma_0p500,class_scaled_raw,True,0.07112848520799214,0.7140268490051364,0.5393794749403341,0.7661016949152543,0.9594805194805195,2514,78,998,1356,0.7031008719507358,0.5682894346237968,0.5198666723520451,ae00727fc151455e8215787f5cc756f45bc7d365f761c20e229f6e1e5a1b3bbe,6c985d140934dfb6379fb51109202b781eabc84f556840ece78031634d8deed9,class_reliability_gamma_0p500,,0.5,
class_reliability_gamma_0p500,class_scaled_raw,True,0.1,0.7341297400475943,0.5854092526690391,0.7435028248587571,0.9677922077922078,2248,62,797,1316,0.7031008719507358,0.5682894346237968,0.5198666723520451,ae00727fc151455e8215787f5cc756f45bc7d365f761c20e229f6e1e5a1b3bbe,a6f4bb5b8e636e50d527b8299d56a7379c2c6158b4eb3310eb8bcf892a6498f4,class_reliability_gamma_0p500,,0.5,
class_reliability_gamma_0p500,class_scaled_raw,True,0.15,0.7570823928960105,0.6479591836734694,0.7175141242937854,0.9750649350649351,1960,48,584,1270,0.7031008719507358,0.5682894346237968,0.5198666723520451,ae00727fc151455e8215787f5cc756f45bc7d365f761c20e229f6e1e5a1b3bbe,f9b0eb3e245903e34459d7bb04960f75736343b529a440dca2f4b04f5f5bcc9b,class_reliability_gamma_0p500,,0.5,
class_reliability_gamma_0p500,class_scaled_raw,True,0.2,0.7661086302441781,0.6946826758147513,0.6864406779661016,0.9807792207792208,1749,37,450,1215,0.7031008719507358,0.5682894346237968,0.5198666723520451,ae00727fc151455e8215787f5cc756f45bc7d365f761c20e229f6e1e5a1b3bbe,02beb9d43fa00bf6d72c503767b5c7eee46c6161475a52d544925f5df87e44a3,class_reliability_gamma_0p500,,0.5,
class_reliability_gamma_0p500,class_scaled_raw,True,0.25,0.7686139666528584,0.7349397590361446,0.6548022598870057,0.9849350649350649,1577,29,348,1159,0.7031008719507358,0.5682894346237968,0.5198666723520451,ae00727fc151455e8215787f5cc756f45bc7d365f761c20e229f6e1e5a1b3bbe,3dee1d53d946b303531a0f6ce61d736a3430c9bc35f902b5b7fa4273eba19ba8,class_reliability_gamma_0p500,,0.5,
class_reliability_gamma_0p500,class_scaled_raw,True,0.3,0.7744967034932158,0.7784722222222222,0.6333333333333333,0.9901298701298701,1440,19,265,1121,0.7031008719507358,0.5682894346237968,0.5198666723520451,ae00727fc151455e8215787f5cc756f45bc7d365f761c20e229f6e1e5a1b3bbe,b914e490ee2d82ee605b980e3d6f8c93a74c7618966c47c72f8666b1685538d9,class_reliability_gamma_0p500,,0.5,
class_reliability_gamma_0p500,class_scaled_raw,True,0.35,0.7731654739067606,0.8071481757259866,0.6124293785310735,0.9916883116883117,1343,16,214,1084,0.7031008719507358,0.5682894346237968,0.5198666723520451,ae00727fc151455e8215787f5cc756f45bc7d365f761c20e229f6e1e5a1b3bbe,048704c0ad343b0297f8c9174cdc1274a897f20c86c7d0bf7e626795fa11344a,class_reliability_gamma_0p500,,0.5,
class_reliability_gamma_0p500,class_scaled_raw,True,0.3915513002675892,0.7683434072931578,0.8313444709626094,0.5903954802259888,0.9922077922077922,1257,15,172,1045,0.7031008719507358,0.5682894346237968,0.5198666723520451,ae00727fc151455e8215787f5cc756f45bc7d365f761c20e229f6e1e5a1b3bbe,ef1637713a92c8a5f41bd0a209a85189f0c3c04b8b18e61340196ee74781567f,class_reliability_gamma_0p500,,0.5,
class_reliability_gamma_0p500,class_scaled_raw,True,0.4,0.7660923062600371,0.83589329021827,0.584180790960452,0.9922077922077922,1237,15,164,1034,0.7031008719507358,0.5682894346237968,0.5198666723520451,ae00727fc151455e8215787f5cc756f45bc7d365f761c20e229f6e1e5a1b3bbe,6f84d147d2094d744f744c7d964e14846341bebccf48788b775550c0b2a31324,class_reliability_gamma_0p500,,0.5,
class_reliability_gamma_0p500,class_scaled_raw,True,0.5,0.7394316757208523,0.88,0.5220338983050847,0.9948051948051948,1050,10,99,924,0.7031008719507358,0.5682894346237968,0.5198666723520451,ae00727fc151455e8215787f5cc756f45bc7d365f761c20e229f6e1e5a1b3bbe,9f4496ea223d8b3257518ce4b90b8db39fc7d90291fecd5c4683b5c62119dd5c,class_reliability_gamma_0p500,,0.5,
class_reliability_gamma_0p500,class_scaled_raw,True,0.6,0.694733409216477,0.9200463499420626,0.4485875706214689,0.9979220779220779,863,4,59,794,0.7031008719507358,0.5682894346237968,0.5198666723520451,ae00727fc151455e8215787f5cc756f45bc7d365f761c20e229f6e1e5a1b3bbe,655d0067bace2e635019e756e6bffa7104e34c84a93b27a427a5130221170c11,class_reliability_gamma_0p500,,0.5,
class_reliability_gamma_0p500,class_scaled_raw,True,0.7,0.627838677318379,0.9557522123893806,0.36610169491525424,0.9994805194805195,678,1,24,648,0.7031008719507358,0.5682894346237968,0.5198666723520451,ae00727fc151455e8215787f5cc756f45bc7d365f761c20e229f6e1e5a1b3bbe,cc82d18fb142e66e14f3952e868140ed19af4227a8d276b67906541b151cd770,class_reliability_gamma_0p500,,0.5,
class_reliability_gamma_0p500,class_scaled_raw,True,0.7271137438358032,0.6017366620221296,0.9570747217806042,0.34011299435028247,0.9994805194805195,629,1,22,602,0.7031008719507358,0.5682894346237968,0.5198666723520451,ae00727fc151455e8215787f5cc756f45bc7d365f761c20e229f6e1e5a1b3bbe,4cafa7563fd53b76164c1f71cb74b0c5315a44de197349a72b4cab1101880461,class_reliability_gamma_0p500,,0.5,
class_reliability_gamma_0p500,class_scaled_raw,True,0.8,0.4986465472556585,0.9715536105032823,0.25084745762711863,0.9994805194805195,457,1,9,444,0.7031008719507358,0.5682894346237968,0.5198666723520451,ae00727fc151455e8215787f5cc756f45bc7d365f761c20e229f6e1e5a1b3bbe,02e966c94ce1cb93461991a465da11c5e1115c1b5f805a86c52c938b3644bbf9,class_reliability_gamma_0p500,,0.5,
class_reliability_gamma_0p500,class_scaled_raw,True,0.9,0.1411764705882353,0.989247311827957,0.0519774011299435,1.0,93,0,1,92,0.7031008719507358,0.5682894346237968,0.5198666723520451,ae00727fc151455e8215787f5cc756f45bc7d365f761c20e229f6e1e5a1b3bbe,5c7ab463106f33a50c664b2d227cbf0a3f6588e6792bae62c5aa5c290fd0cb67,class_reliability_gamma_0p500,,0.5,
class_reliability_gamma_0p500,class_scaled_raw,True,0.9531770348548888,0.001693002257336343,1.0,0.0005649717514124294,1.0,1,0,0,1,0.7031008719507358,0.5682894346237968,0.5198666723520451,ae00727fc151455e8215787f5cc756f45bc7d365f761c20e229f6e1e5a1b3bbe,953bc5844da66e693fabab56a53d6153b4fb0303245934a03302b21a2cb52c43,class_reliability_gamma_0p500,,0.5,
class_reliability_gamma_0p750,class_scaled_raw,True,0.0016070573080519358,0.3406083677366941,0.1581627240903787,0.8423728813559322,0.7703896103896104,9427,442,7109,1491,0.7031008719507358,0.5682894346237968,0.5198666723520451,90e58d9e245d782eed28fdcf7d6695968a62338f4c5b7fc53bdf47d0b61a69ec,984346d1bcea5960aa308bb0e6ac3b383b9afc7039364c7fbb033c2d15e66fbf,class_reliability_gamma_0p750,,0.75,
class_reliability_gamma_0p750,class_scaled_raw,True,0.004670540119006767,0.4501744012224695,0.23436754176610977,0.8322033898305085,0.8363636363636364,6285,315,4231,1473,0.7031008719507358,0.5682894346237968,0.5198666723520451,90e58d9e245d782eed28fdcf7d6695968a62338f4c5b7fc53bdf47d0b61a69ec,10d3fc86f447c476d0c4d501fa09d757e38fb9ba6bffccd4d3cd58c6ac4acad1,class_reliability_gamma_0p750,,0.75,
class_reliability_gamma_0p750,class_scaled_raw,True,0.019636837622813513,0.6027312076893165,0.37841421373640943,0.8062146892655367,0.9137662337662338,3771,166,2031,1427,0.7031008719507358,0.5682894346237968,0.5198666723520451,90e58d9e245d782eed28fdcf7d6695968a62338f4c5b7fc53bdf47d0b61a69ec,376e2ceab3dad3d428bdb028fda466d3f92edee0630cfda1dd465688d769e664,class_reliability_gamma_0p750,,0.75,
class_reliability_gamma_0p750,class_scaled_raw,True,0.05,0.6932253837772231,0.5032967032967033,0.7762711864406779,0.9501298701298702,2730,96,1164,1374,0.7031008719507358,0.5682894346237968,0.5198666723520451,90e58d9e245d782eed28fdcf7d6695968a62338f4c5b7fc53bdf47d0b61a69ec,02630454904b515dba5efa65b042a5e2cef2c43805caa87cd98b613b80ad2834,class_reliability_gamma_0p750,,0.75,
class_reliability_gamma_0p750,class_scaled_raw,True,0.06563322828762308,0.7145186886157041,0.539777247414479,0.7666666666666667,0.96,2514,77,996,1357,0.7031008719507358,0.5682894346237968,0.5198666723520451,90e58d9e245d782eed28fdcf7d6695968a62338f4c5b7fc53bdf47d0b61a69ec,c7d9feb043bf59a820e9b8947f69bfe5c803b17659e4d32a13cc79b0fb046dfd,class_reliability_gamma_0p750,,0.75,
class_reliability_gamma_0p750,class_scaled_raw,True,0.1,0.7391655032533806,0.597985347985348,0.7378531073446327,0.9698701298701299,2184,58,750,1306,0.7031008719507358,0.5682894346237968,0.5198666723520451,90e58d9e245d782eed28fdcf7d6695968a62338f4c5b7fc53bdf47d0b61a69ec,5e7514f0a5a00e7e36e505721d20745c83481b1a8d586367a4ba18399830ef13,class_reliability_gamma_0p750,,0.75,
class_reliability_gamma_0p750,class_scaled_raw,True,0.15,0.759566526460605,0.6606860158311345,0.7073446327683616,0.9781818181818182,1895,42,546,1252,0.7031008719507358,0.5682894346237968,0.5198666723520451,90e58d9e245d782eed28fdcf7d6695968a62338f4c5b7fc53bdf47d0b61a69ec,2b9004912d77d6b75fa612f3dd68b4ac13d5609972066558c8a89c6e745e7be2,class_reliability_gamma_0p750,,0.75,
class_reliability_gamma_0p750,class_scaled_raw,True,0.2,0.7659015969585345,0.7032902467685076,0.676271186440678,0.9838961038961039,1702,31,430,1197,0.7031008719507358,0.5682894346237968,0.5198666723520451,90e58d9e245d782eed28fdcf7d6695968a62338f4c5b7fc53bdf47d0b61a69ec,4e276176ca71ff6ed1afe655ea371be133a54fdf0dd169cfb595060960d96016,class_reliability_gamma_0p750,,0.75,
class_reliability_gamma_0p750,class_scaled_raw,True,0.25,0.7726153237141955,0.7541091387245233,0.6480225988700565,0.9864935064935065,1521,26,311,1147,0.7031008719507358,0.5682894346237968,0.5198666723520451,90e58d9e245d782eed28fdcf7d6695968a62338f4c5b7fc53bdf47d0b61a69ec,91b785ad5ef41308843acb7aaf2f27f912b71ddd41a10d5ad7cf9bc21b2c7267,class_reliability_gamma_0p750,,0.75,
class_reliability_gamma_0p750,class_scaled_raw,True,0.3,0.7725379033648462,0.7888332140300645,0.6225988700564972,0.9906493506493507,1397,18,246,1102,0.7031008719507358,0.5682894346237968,0.5198666723520451,90e58d9e245d782eed28fdcf7d6695968a62338f4c5b7fc53bdf47d0b61a69ec,5d8561639b045fe3cbcfda32f21a6616cebaced7fdf9c0119aec718ae6cb7285,class_reliability_gamma_0p750,,0.75,
class_reliability_gamma_0p750,class_scaled_raw,True,0.35,0.7692944269414169,0.8190255220417634,0.5983050847457627,0.9927272727272727,1293,14,193,1059,0.7031008719507358,0.5682894346237968,0.5198666723520451,90e58d9e245d782eed28fdcf7d6695968a62338f4c5b7fc53bdf47d0b61a69ec,06941c56064fa162ef45f8e7da1fe50a582763fd89f4cc1c13f7bc9a12b69cb1,class_reliability_gamma_0p750,,0.75,
class_reliability_gamma_0p750,class_scaled_raw,True,0.36507787482292003,0.7673554342631486,0.8297533810660302,0.5892655367231638,0.9927272727272727,1257,14,175,1043,0.7031008719507358,0.5682894346237968,0.5198666723520451,90e58d9e245d782eed28fdcf7d6695968a62338f4c5b7fc53bdf47d0b61a69ec,1655b23de6e15d18b10b71f2e27b41b03f6d264667d3e1a67a61960999f624ab,class_reliability_gamma_0p750,,0.75,
class_reliability_gamma_0p750,class_scaled_raw,True,0.4,0.7609618562154098,0.8464765100671141,0.5700564971751413,0.9932467532467533,1192,13,148,1009,0.7031008719507358,0.5682894346237968,0.5198666723520451,90e58d9e245d782eed28fdcf7d6695968a62338f4c5b7fc53bdf47d0b61a69ec,29b3f6b65cd48dd90f3778f8a01e008440badbd937d5520239015b4fdedcc716,class_reliability_gamma_0p750,,0.75,
class_reliability_gamma_0p750,class_scaled_raw,True,0.5,0.7246777544724702,0.8881048387096774,0.4977401129943503,0.9953246753246753,992,9,86,881,0.7031008719507358,0.5682894346237968,0.5198666723520451,90e58d9e245d782eed28fdcf7d6695968a62338f4c5b7fc53bdf47d0b61a69ec,258bbd6eca656f6b1ba8f8051d4c2f7e6710290e260ba7ff19e195914fc31e05,class_reliability_gamma_0p750,,0.75,
class_reliability_gamma_0p750,class_scaled_raw,True,0.6,0.6790559427484487,0.9222357229647631,0.4288135593220339,0.9984415584415585,823,3,55,759,0.7031008719507358,0.5682894346237968,0.5198666723520451,90e58d9e245d782eed28fdcf7d6695968a62338f4c5b7fc53bdf47d0b61a69ec,0241954155f2e177e011732bfe5536c87ffa60d7fbab5639a1dbbb2d083ec9ae,class_reliability_gamma_0p750,,0.75,
class_reliability_gamma_0p750,class_scaled_raw,True,0.6962768866130614,0.6009374283793388,0.9554848966613673,0.33954802259887007,0.9994805194805195,629,1,23,601,0.7031008719507358,0.5682894346237968,0.5198666723520451,90e58d9e245d782eed28fdcf7d6695968a62338f4c5b7fc53bdf47d0b61a69ec,e439f85b74fd1d118466bba41ecbe7f82eac9166336dfe76a3f808884a280e3b,class_reliability_gamma_0p750,,0.75,
class_reliability_gamma_0p750,class_scaled_raw,True,0.7,0.5993363580957539,0.9568,0.33785310734463275,0.9994805194805195,625,1,22,598,0.7031008719507358,0.5682894346237968,0.5198666723520451,90e58d9e245d782eed28fdcf7d6695968a62338f4c5b7fc53bdf47d0b61a69ec,74fc3d70639cf16576a165b2542ca6d70ba9da0d6242c2c6eebcc0ef39316262,class_reliability_gamma_0p750,,0.75,
class_reliability_gamma_0p750,class_scaled_raw,True,0.8,0.46624140542080184,0.980440097799511,0.22655367231638418,0.9994805194805195,409,1,5,401,0.7031008719507358,0.5682894346237968,0.5198666723520451,90e58d9e245d782eed28fdcf7d6695968a62338f4c5b7fc53bdf47d0b61a69ec,c5270915d557f18701d82f3f398598a52da7c166079533d60961229fb60c8064,class_reliability_gamma_0p750,,0.75,
class_reliability_gamma_0p750,class_scaled_raw,True,0.9,0.02990033222591362,1.0,0.010169491525423728,1.0,18,0,0,18,0.7031008719507358,0.5682894346237968,0.5198666723520451,90e58d9e245d782eed28fdcf7d6695968a62338f4c5b7fc53bdf47d0b61a69ec,22ee803cf40b54b4a4ed74be56a9be3edb31aa2e43c2a0cdf2a1e0d10fcbfcf3,class_reliability_gamma_0p750,,0.75,
class_reliability_gamma_0p750,class_scaled_raw,True,0.9531770348548888,0.001693002257336343,1.0,0.0005649717514124294,1.0,1,0,0,1,0.7031008719507358,0.5682894346237968,0.5198666723520451,90e58d9e245d782eed28fdcf7d6695968a62338f4c5b7fc53bdf47d0b61a69ec,953bc5844da66e693fabab56a53d6153b4fb0303245934a03302b21a2cb52c43,class_reliability_gamma_0p750,,0.75,
class_reliability_gamma_1p000,class_scaled_raw,True,0.0014758690280927027,0.3404811140043276,0.1580566458046038,0.8418079096045198,0.7714285714285715,9427,440,7112,1490,0.7031008719507358,0.5682894346237968,0.5198666723520451,fe441a3e7515572ecb374a08a66f3638d79f9958489e6d42db4c44ee1852ee53,1f53570a9f3405ce7941e0e20160468a3ee3b7a7b1f7913ec38c4d740981cbcb,class_reliability_gamma_1p000,,1.0,
class_reliability_gamma_1p000,class_scaled_raw,True,0.004299772771668647,0.45022454280353125,0.23436754176610977,0.8322033898305085,0.8368831168831169,6285,314,4236,1473,0.7031008719507358,0.5682894346237968,0.5198666723520451,fe441a3e7515572ecb374a08a66f3638d79f9958489e6d42db4c44ee1852ee53,929929c7cd607e81117666deec2150692101f0fbde79b97b870295f03be920f6,class_reliability_gamma_1p000,,1.0,
class_reliability_gamma_1p000,class_scaled_raw,True,0.018296158712094175,0.6031360540626155,0.3786793953858393,0.8067796610169492,0.9142857142857143,3771,165,2032,1428,0.7031008719507358,0.5682894346237968,0.5198666723520451,fe441a3e7515572ecb374a08a66f3638d79f9958489e6d42db4c44ee1852ee53,5a805a854568f7a5354e630abaf8a7cfd6d84702e23c1e53882e4c3e3802c82f,class_reliability_gamma_1p000,,1.0,
class_reliability_gamma_1p000,class_scaled_raw,True,0.05,0.7011335386158415,0.5150037509377344,0.7757062146892655,0.9542857142857143,2666,88,1112,1373,0.7031008719507358,0.5682894346237968,0.5198666723520451,fe441a3e7515572ecb374a08a66f3638d79f9958489e6d42db4c44ee1852ee53,465096f785cb1635798c2ae0daf83f58b24e46ea6233be2d47a5a6047d4eadba,class_reliability_gamma_1p000,,1.0,
class_reliability_gamma_1p000,class_scaled_raw,True,0.061174542883236024,0.7144098131458265,0.5393794749403341,0.7661016949152543,0.9615584415584415,2514,74,1000,1356,0.7031008719507358,0.5682894346237968,0.5198666723520451,fe441a3e7515572ecb374a08a66f3638d79f9958489e6d42db4c44ee1852ee53,fa3ad721753b2501cdc801989b5a03a6cab01c5c678201128eb39841d248d3b5,class_reliability_gamma_1p000,,1.0,
class_reliability_gamma_1p000,class_scaled_raw,True,0.1,0.743713453113843,0.6092870544090057,0.7338983050847457,0.9709090909090909,2132,56,710,1299,0.7031008719507358,0.5682894346237968,0.5198666723520451,fe441a3e7515572ecb374a08a66f3638d79f9958489e6d42db4c44ee1852ee53,254d56799ec71fe39b6a7653027cceffd4d101310ef2f81cb30b63ef63a1e71c,class_reliability_gamma_1p000,,1.0,
class_reliability_gamma_1p000,class_scaled_raw,True,0.15,0.7603205670688533,0.6695557963163596,0.6983050847457627,0.9802597402597403,1846,38,519,1236,0.7031008719507358,0.5682894346237968,0.5198666723520451,fe441a3e7515572ecb374a08a66f3638d79f9958489e6d42db4c44ee1852ee53,21637e9e5f97a1e4017b0035322ce2f018d1f951a2fe4265cc48417f8f5ea316,class_reliability_gamma_1p000,,1.0,
class_reliability_gamma_1p000,class_scaled_raw,True,0.2,0.7656834880633426,0.7132486388384754,0.6661016949152543,0.9854545454545455,1653,28,402,1179,0.7031008719507358,0.5682894346237968,0.5198666723520451,fe441a3e7515572ecb374a08a66f3638d79f9958489e6d42db4c44ee1852ee53,66e798374197c57950532578838ffdaaa2af4d44f8202efb63a64f16d9419742,class_reliability_gamma_1p000,,1.0,
class_reliability_gamma_1p000,class_scaled_raw,True,0.25,0.774218245391558,0.7677725118483413,0.6406779661016949,0.9885714285714285,1477,22,287,1134,0.7031008719507358,0.5682894346237968,0.5198666723520451,fe441a3e7515572ecb374a08a66f3638d79f9958489e6d42db4c44ee1852ee53,3626d833bf33a88cf1e0da863bb606ff493b53a17961c20c6b504a2e9b039830,class_reliability_gamma_1p000,,1.0,
class_reliability_gamma_1p000,class_scaled_raw,True,0.3,0.7685105855879104,0.7968980797636632,0.6096045197740113,0.9916883116883117,1354,16,230,1079,0.7031008719507358,0.5682894346237968,0.5198666723520451,fe441a3e7515572ecb374a08a66f3638d79f9958489e6d42db4c44ee1852ee53,25e0441694a907a8922ba386d846cc913d1c357891b66cbcff5eeaf5c98921a8,class_reliability_gamma_1p000,,1.0,
class_reliability_gamma_1p000,class_scaled_raw,True,0.3443484457784294,0.7652714877655132,0.8265712012728719,0.5870056497175141,0.9932467532467533,1257,13,180,1039,0.7031008719507358,0.5682894346237968,0.5198666723520451,fe441a3e7515572ecb374a08a66f3638d79f9958489e6d42db4c44ee1852ee53,ab713cd8a7551abea8a7ff7df7a35a111b38185cfea74003cbb3533ae26ecdf4,class_reliability_gamma_1p000,,1.0,
class_reliability_gamma_1p000,class_scaled_raw,True,0.35,0.7664004664472887,0.8305355715427658,0.5870056497175141,0.9932467532467533,1251,13,174,1039,0.7031008719507358,0.5682894346237968,0.5198666723520451,fe441a3e7515572ecb374a08a66f3638d79f9958489e6d42db4c44ee1852ee53,132b359863c033bbb34f86637f104ce6c1075421ae75d597b76f101476f73969,class_reliability_gamma_1p000,,1.0,
class_reliability_gamma_1p000,class_scaled_raw,True,0.4,0.7498859460425122,0.8505244755244755,0.5497175141242938,0.9942857142857143,1144,11,138,973,0.7031008719507358,0.5682894346237968,0.5198666723520451,fe441a3e7515572ecb374a08a66f3638d79f9958489e6d42db4c44ee1852ee53,0589547a971c0c83a934bf6ef268692a569f564fa8ba5f76c205ee451c1f281e,class_reliability_gamma_1p000,,1.0,
class_reliability_gamma_1p000,class_scaled_raw,True,0.5,0.7122565640058933,0.8944033790918691,0.47853107344632767,0.9958441558441559,947,8,81,847,0.7031008719507358,0.5682894346237968,0.5198666723520451,fe441a3e7515572ecb374a08a66f3638d79f9958489e6d42db4c44ee1852ee53,118434a7916eedc8f6402c7ef923400a886ee3c7fc5742129d3f416154fd70e7,class_reliability_gamma_1p000,,1.0,
class_reliability_gamma_1p000,class_scaled_raw,True,0.6,0.6608032958075053,0.9254498714652957,0.4067796610169492,0.9989610389610389,778,2,50,720,0.7031008719507358,0.5682894346237968,0.5198666723520451,fe441a3e7515572ecb374a08a66f3638d79f9958489e6d42db4c44ee1852ee53,81f7b7a4c0fce40227224ed0dacc065d49dfff42f782c21d46f2ef5a8002d0f8,class_reliability_gamma_1p000,,1.0,
class_reliability_gamma_1p000,class_scaled_raw,True,0.6742818012628393,0.6001376615148728,0.9538950715421304,0.3389830508474576,0.9994805194805195,629,1,23,600,0.7031008719507358,0.5682894346237968,0.5198666723520451,fe441a3e7515572ecb374a08a66f3638d79f9958489e6d42db4c44ee1852ee53,bcfcc967ff48e260506e23695f23064a08e569ff95fbca3da64139444662478b,class_reliability_gamma_1p000,,1.0,
class_reliability_gamma_1p000,class_scaled_raw,True,0.7,0.5781687150068667,0.9574829931972789,0.31807909604519774,0.9994805194805195,588,1,20,563,0.7031008719507358,0.5682894346237968,0.5198666723520451,fe441a3e7515572ecb374a08a66f3638d79f9958489e6d42db4c44ee1852ee53,d195ce53bd6954e40c9528defbaadfd3f7cef9e817694ef01466096005374cd3,class_reliability_gamma_1p000,,1.0,
class_reliability_gamma_1p000,class_scaled_raw,True,0.8,0.41265306122448986,0.9825072886297376,0.1903954802259887,1.0,343,0,5,337,0.7031008719507358,0.5682894346237968,0.5198666723520451,fe441a3e7515572ecb374a08a66f3638d79f9958489e6d42db4c44ee1852ee53,6ceb43a7227d1939d7d2cbbbc65be491440a805261b12e7718668c0f3d152d7a,class_reliability_gamma_1p000,,1.0,
class_reliability_gamma_1p000,class_scaled_raw,True,0.9,0.01675977653631285,1.0,0.005649717514124294,1.0,10,0,0,10,0.7031008719507358,0.5682894346237968,0.5198666723520451,fe441a3e7515572ecb374a08a66f3638d79f9958489e6d42db4c44ee1852ee53,eb9840ab88303460a03df37eaa855334b3ba7bcc23f973ceb727a98356f0c86f,class_reliability_gamma_1p000,,1.0,
class_reliability_gamma_1p000,class_scaled_raw,True,0.9531770348548888,0.001693002257336343,1.0,0.0005649717514124294,1.0,1,0,0,1,0.7031008719507358,0.5682894346237968,0.5198666723520451,fe441a3e7515572ecb374a08a66f3638d79f9958489e6d42db4c44ee1852ee53,953bc5844da66e693fabab56a53d6153b4fb0303245934a03302b21a2cb52c43,class_reliability_gamma_1p000,,1.0,
raw_light_geom_gate_0p050,light_geometry_gate,False,0.002017468725020257,0.3401511187006152,0.15795056751882888,0.8412429378531073,0.7693506493506493,9427,444,7097,1489,0.7031008719507358,0.5682894346237968,0.5198666723520451,fbdd545852792f345a82aad2146cd371b1583ed3f8d447a00080187f7f15d309,3c46eb9d680b9446ce0a155301a9c8044a8f104b36e54ba53b3cc913b0d4c0d0,raw_light_geom_gate_0p050,,,0.05
raw_light_geom_gate_0p050,light_geometry_gate,False,0.005778352840981615,0.4501242085031546,0.23436754176610977,0.8322033898305085,0.8358441558441558,6285,316,4228,1473,0.7031008719507358,0.5682894346237968,0.5198666723520451,fbdd545852792f345a82aad2146cd371b1583ed3f8d447a00080187f7f15d309,4714122d2f74dd36d7d1f9bf25e085206b2a9dc011df01d2fe94cfdccf5d9517,raw_light_geom_gate_0p050,,,0.05
raw_light_geom_gate_0p050,light_geometry_gate,False,0.024289870779583222,0.6036162344344169,0.3789445770352692,0.8073446327683615,0.9153246753246753,3771,163,2031,1429,0.7031008719507358,0.5682894346237968,0.5198666723520451,fbdd545852792f345a82aad2146cd371b1583ed3f8d447a00080187f7f15d309,9bd3bdfbba41be628edfa59363f70e3fb9cf7318decce8444e8d57123d373b0c,raw_light_geom_gate_0p050,,,0.05
raw_light_geom_gate_0p050,light_geometry_gate,False,0.05,0.6749745801425477,0.47420567133583874,0.784180790960452,0.9428571428571428,2927,110,1324,1388,0.7031008719507358,0.5682894346237968,0.5198666723520451,fbdd545852792f345a82aad2146cd371b1583ed3f8d447a00080187f7f15d309,08b657c3f82eb094339dc51c7fae0b095a2ad37a08f73385467e6c786e24dee3,raw_light_geom_gate_0p050,,,0.05
raw_light_geom_gate_0p050,light_geometry_gate,False,0.08346965387804002,0.7099960530684624,0.5361972951471758,0.7615819209039548,0.9548051948051948,2514,87,996,1348,0.7031008719507358,0.5682894346237968,0.5198666723520451,fbdd545852792f345a82aad2146cd371b1583ed3f8d447a00080187f7f15d309,e139ae2140a468e6d34ea219429f20459e3bcf8097b4e4fd254b657f4f98f646,raw_light_geom_gate_0p050,,,0.05
raw_light_geom_gate_0p050,light_geometry_gate,False,0.1,0.7273384548962094,0.5678434708634623,0.7542372881355932,0.9636363636363636,2351,70,867,1335,0.7031008719507358,0.5682894346237968,0.5198666723520451,fbdd545852792f345a82aad2146cd371b1583ed3f8d447a00080187f7f15d309,cabb78bc4949d61c9e8aa7c0eb2589106b68e603a0a867202292cf3226e1316a,raw_light_geom_gate_0p050,,,0.05
raw_light_geom_gate_0p050,light_geometry_gate,False,0.15,0.7505884012867163,0.6280547409579668,0.7259887005649718,0.9735064935064935,2046,51,645,1285,0.7031008719507358,0.5682894346237968,0.5198666723520451,fbdd545852792f345a82aad2146cd371b1583ed3f8d447a00080187f7f15d309,02a46ec23381f540136db528bbaefba5023192f6981b82dac8428f409b026dd2,raw_light_geom_gate_0p050,,,0.05
raw_light_geom_gate_0p050,light_geometry_gate,False,0.2,0.7622978862854334,0.6754098360655738,0.6983050847457627,0.9776623376623377,1830,43,500,1236,0.7031008719507358,0.5682894346237968,0.5198666723520451,fbdd545852792f345a82aad2146cd371b1583ed3f8d447a00080187f7f15d309,4910f243ddb549406bb090a3ea6be44e670d02216a6a92a38c1d651368a00e47,raw_light_geom_gate_0p050,,,0.05
raw_light_geom_gate_0p050,light_geometry_gate,False,0.25,0.7678134647788524,0.7145432692307693,0.6717514124293785,0.9812987012987013,1664,36,392,1189,0.7031008719507358,0.5682894346237968,0.5198666723520451,fbdd545852792f345a82aad2146cd371b1583ed3f8d447a00080187f7f15d309,b0b8696fa1d27e7730600540fc8f4cacb9e8e44736bc24c33432009e13182630,raw_light_geom_gate_0p050,,,0.05
raw_light_geom_gate_0p050,light_geometry_gate,False,0.3,0.772589676866827,0.7493506493506493,0.6519774011299435,0.9854545454545455,1540,28,319,1154,0.7031008719507358,0.5682894346237968,0.5198666723520451,fbdd545852792f345a82aad2146cd371b1583ed3f8d447a00080187f7f15d309,b2b1d894e5e2c1fa45906688aa40996752c1ad30008a6074c20d3b03daf5e51c,raw_light_geom_gate_0p050,,,0.05
raw_light_geom_gate_0p050,light_geometry_gate,False,0.35,0.773609722248834,0.7796373779637378,0.631638418079096,0.9880519480519481,1434,23,261,1118,0.7031008719507358,0.5682894346237968,0.5198666723520451,fbdd545852792f345a82aad2146cd371b1583ed3f8d447a00080187f7f15d309,181c4eeb600acc9050950292b7e9b50310c7e881f1fb23b379e421244b2e15f0,raw_light_geom_gate_0p050,,,0.05
raw_light_geom_gate_0p050,light_geometry_gate,False,0.4,0.7696832905672629,0.8063063063063063,0.6067796610169491,0.9906493506493507,1332,18,214,1074,0.7031008719507358,0.5682894346237968,0.5198666723520451,fbdd545852792f345a82aad2146cd371b1583ed3f8d447a00080187f7f15d309,d0b30cf16c2e4f875e00267b688df512e4c7261918355e1b8b9d8ae07feeab5c,raw_light_geom_gate_0p050,,,0.05
raw_light_geom_gate_0p050,light_geometry_gate,False,0.4422254944259976,0.7649627478814359,0.8265712012728719,0.5870056497175141,0.9916883116883117,1257,16,176,1039,0.7031008719507358,0.5682894346237968,0.5198666723520451,fbdd545852792f345a82aad2146cd371b1583ed3f8d447a00080187f7f15d309,a506b5cd705e3310924adb147bf7fbb9a9177023498ab53f11eaf6becf73ec2e,raw_light_geom_gate_0p050,,,0.05
raw_light_geom_gate_0p050,light_geometry_gate,False,0.5,0.7571255510807489,0.856401384083045,0.559322033898305,0.9932467532467533,1156,13,131,990,0.7031008719507358,0.5682894346237968,0.5198666723520451,fbdd545852792f345a82aad2146cd371b1583ed3f8d447a00080187f7f15d309,a723e1c411d714013b0f9c7e3b3d45378560055b4e1c75b3c2bbc67041388729,raw_light_geom_gate_0p050,,,0.05
raw_light_geom_gate_0p050,light_geometry_gate,False,0.6,0.7222150382045424,0.8874239350912779,0.4943502824858757,0.9958441558441559,986,8,87,875,0.7031008719507358,0.5682894346237968,0.5198666723520451,fbdd545852792f345a82aad2146cd371b1583ed3f8d447a00080187f7f15d309,3f33ab68f9d95a31f31becc8cbbf6087d094f1d32090a2f38c1a34526fa6258d,raw_light_geom_gate_0p050,,,0.05
raw_light_geom_gate_0p050,light_geometry_gate,False,0.7,0.6825107045754258,0.9304878048780488,0.43107344632768363,0.9989610389610389,820,2,48,763,0.7031008719507358,0.5682894346237968,0.5198666723520451,fbdd545852792f345a82aad2146cd371b1583ed3f8d447a00080187f7f15d309,6b33ef783f57a702373c224a07202926bf0c2f371ec5dc0d0b88ea0bd9ec4290,raw_light_geom_gate_0p050,,,0.05
raw_light_geom_gate_0p050,light_geometry_gate,False,0.791599906401021,0.6048648168881179,0.9634340222575517,0.3423728813559322,0.9989610389610389,629,2,17,606,0.7031008719507358,0.5682894346237968,0.5198666723520451,fbdd545852792f345a82aad2146cd371b1583ed3f8d447a00080187f7f15d309,57d1c7783f39ce7e2edf42599d9cbff2667ca5c9a78e0e7c47a295817de22afd,raw_light_geom_gate_0p050,,,0.05
raw_light_geom_gate_0p050,light_geometry_gate,False,0.8,0.5915566011685053,0.966832504145937,0.32937853107344633,0.9989610389610389,603,2,14,583,0.7031008719507358,0.5682894346237968,0.5198666723520451,fbdd545852792f345a82aad2146cd371b1583ed3f8d447a00080187f7f15d309,502b61786f9450d5a5c1fdd4ba53707465048cdd1adbb624c2cb704abe5c0709,raw_light_geom_gate_0p050,,,0.05
raw_light_geom_gate_0p050,light_geometry_gate,False,0.9,0.39385126713751556,0.9844236760124611,0.17853107344632768,1.0,321,0,4,316,0.7031008719507358,0.5682894346237968,0.5198666723520451,fbdd545852792f345a82aad2146cd371b1583ed3f8d447a00080187f7f15d309,fef11e2eb380bb92dee448045178c8c1adaf8a2294afd93324577d6923302b25,raw_light_geom_gate_0p050,,,0.05
raw_light_geom_gate_0p050,light_geometry_gate,False,0.9797041285377761,0.001693002257336343,1.0,0.0005649717514124294,1.0,1,0,0,1,0.7031008719507358,0.5682894346237968,0.5198666723520451,fbdd545852792f345a82aad2146cd371b1583ed3f8d447a00080187f7f15d309,3bc84dbea1efbb2ed1e12876be81779c7cc248038773b482c76aa917a6211173,raw_light_geom_gate_0p050,,,0.05
raw_light_geom_gate_0p100,light_geometry_gate,False,0.001913906426581027,0.3401511187006152,0.15795056751882888,0.8412429378531073,0.7693506493506493,9427,444,7098,1489,0.7031008719507358,0.5682894346237968,0.5198666723520451,47596efe9fd95df143387b43bb828c4704617f6fa1dab5932dddba7b64f400fe,fa66380b0894d6e83e02d8399e4ff57089def567cbe198705626ec9ad25de8cc,raw_light_geom_gate_0p100,,,0.1
raw_light_geom_gate_0p100,light_geometry_gate,False,0.005493210764000318,0.4501242085031546,0.23436754176610977,0.8322033898305085,0.8358441558441558,6285,316,4228,1473,0.7031008719507358,0.5682894346237968,0.5198666723520451,47596efe9fd95df143387b43bb828c4704617f6fa1dab5932dddba7b64f400fe,fb44ff8afa2b588b542a93382e274f76a0afe116690a8a27f19307f415244710,raw_light_geom_gate_0p100,,,0.1
raw_light_geom_gate_0p100,light_geometry_gate,False,0.023282146597401503,0.6039457359832126,0.379209758684699,0.807909604519774,0.9153246753246753,3771,163,2030,1430,0.7031008719507358,0.5682894346237968,0.5198666723520451,47596efe9fd95df143387b43bb828c4704617f6fa1dab5932dddba7b64f400fe,e4823f53dfa4e31ee976276a44cfd61a93d5f5a362080fa162db50178bddd0ae,raw_light_geom_gate_0p100,,,0.1
raw_light_geom_gate_0p100,light_geometry_gate,False,0.05,0.6769710351527137,0.47803528190937394,0.7807909604519774,0.9444155844155844,2891,107,1297,1382,0.7031008719507358,0.5682894346237968,0.5198666723520451,47596efe9fd95df143387b43bb828c4704617f6fa1dab5932dddba7b64f400fe,de19aa8c59d34033907258023f31214e4172ca1a071c609e0a29aecabfec5665,raw_light_geom_gate_0p100,,,0.1
raw_light_geom_gate_0p100,light_geometry_gate,False,0.08066115086327978,0.7105836840616124,0.5365950676213206,0.7621468926553673,0.9558441558441558,2514,85,997,1349,0.7031008719507358,0.5682894346237968,0.5198666723520451,47596efe9fd95df143387b43bb828c4704617f6fa1dab5932dddba7b64f400fe,731485310fb01c4d3706d93cf149b092f72f47d65e3ae4aab8d2aafd83d194f7,raw_light_geom_gate_0p100,,,0.1
raw_light_geom_gate_0p100,light_geometry_gate,False,0.1,0.7288304816362566,0.5723514211886305,0.7508474576271187,0.9641558441558442,2322,69,847,1329,0.7031008719507358,0.5682894346237968,0.5198666723520451,47596efe9fd95df143387b43bb828c4704617f6fa1dab5932dddba7b64f400fe,7471e6bcb9c9d5b4626d4042e958c43c527171f68bd2b1b9e5c4c1da3ba36a9c,raw_light_geom_gate_0p100,,,0.1
raw_light_geom_gate_0p100,light_geometry_gate,False,0.15,0.7511930844752729,0.6310344827586207,0.7237288135593221,0.9735064935064935,2030,51,634,1281,0.7031008719507358,0.5682894346237968,0.5198666723520451,47596efe9fd95df143387b43bb828c4704617f6fa1dab5932dddba7b64f400fe,79bc96d07b627e4edfec6561d210b076d51fd16294958975db8c5d137d1d7280,raw_light_geom_gate_0p100,,,0.1
raw_light_geom_gate_0p100,light_geometry_gate,False,0.2,0.7625908845293421,0.6788079470198676,0.6949152542372882,0.9787012987012987,1812,41,490,1230,0.7031008719507358,0.5682894346237968,0.5198666723520451,47596efe9fd95df143387b43bb828c4704617f6fa1dab5932dddba7b64f400fe,1ab4c7ba7a580f05107d3c4fed241c2413478522774b18bdfe3b9613553bf3f9,raw_light_geom_gate_0p100,,,0.1
raw_light_geom_gate_0p100,light_geometry_gate,False,0.25,0.7693038310698566,0.718429003021148,0.6717514124293785,0.9812987012987013,1655,36,385,1189,0.7031008719507358,0.5682894346237968,0.5198666723520451,47596efe9fd95df143387b43bb828c4704617f6fa1dab5932dddba7b64f400fe,cabb37a991b3ee8ff5f9f0ea123eeb78cb9bcfbf24b0ed0e93b4762f31c452aa,raw_light_geom_gate_0p100,,,0.1
raw_light_geom_gate_0p100,light_geometry_gate,False,0.3,0.7719227183713386,0.7501630789302022,0.6497175141242938,0.985974025974026,1533,27,317,1150,0.7031008719507358,0.5682894346237968,0.5198666723520451,47596efe9fd95df143387b43bb828c4704617f6fa1dab5932dddba7b64f400fe,4a13efee73c45eed5a9a1e14c627d4ebf3e4f8469606d9fdc4c6be01a156e00c,raw_light_geom_gate_0p100,,,0.1
raw_light_geom_gate_0p100,light_geometry_gate,False,0.35,0.7733003023789573,0.7804195804195804,0.6305084745762712,0.9880519480519481,1430,23,259,1116,0.7031008719507358,0.5682894346237968,0.5198666723520451,47596efe9fd95df143387b43bb828c4704617f6fa1dab5932dddba7b64f400fe,263daa3790822866d2ad2793f0ec264ca17c5d5045a293941cecf4c6adf26333,raw_light_geom_gate_0p100,,,0.1
raw_light_geom_gate_0p100,light_geometry_gate,False,0.4,0.7691721704925369,0.8066215199398044,0.6056497175141243,0.9906493506493507,1329,18,213,1072,0.7031008719507358,0.5682894346237968,0.5198666723520451,47596efe9fd95df143387b43bb828c4704617f6fa1dab5932dddba7b64f400fe,42f6a15ba7b7c373d10c95a6fad87561816777ad7ed769ea1e357b043e824462,raw_light_geom_gate_0p100,,,0.1
raw_light_geom_gate_0p100,light_geometry_gate,False,0.4398524428126728,0.7650657412410872,0.8265712012728719,0.5870056497175141,0.9922077922077922,1257,15,177,1039,0.7031008719507358,0.5682894346237968,0.5198666723520451,47596efe9fd95df143387b43bb828c4704617f6fa1dab5932dddba7b64f400fe,742f3ce9fba14314adfa87a5631914a3c35c3d48db7f3a3f0b6a79d9f20788e7,raw_light_geom_gate_0p100,,,0.1
raw_light_geom_gate_0p100,light_geometry_gate,False,0.5,0.7563777175114734,0.8575152041702867,0.5576271186440678,0.9932467532467533,1151,13,129,987,0.7031008719507358,0.5682894346237968,0.5198666723520451,47596efe9fd95df143387b43bb828c4704617f6fa1dab5932dddba7b64f400fe,ab9bb7d55b4d2312144b2475a3aed0a55c51e394edeb7d74c35af3065e436d12,raw_light_geom_gate_0p100,,,0.1
raw_light_geom_gate_0p100,light_geometry_gate,False,0.6,0.7219863979035513,0.8882113821138211,0.4937853107344633,0.9958441558441559,984,8,87,874,0.7031008719507358,0.5682894346237968,0.5198666723520451,47596efe9fd95df143387b43bb828c4704617f6fa1dab5932dddba7b64f400fe,02242f0ec8765a3cb68b704b1fa355da9ff6e428ca7fd7376a5646fd902de304,raw_light_geom_gate_0p100,,,0.1
raw_light_geom_gate_0p100,light_geometry_gate,False,0.7,0.6822266648912545,0.9315403422982885,0.43050847457627117,0.9989610389610389,818,2,47,762,0.7031008719507358,0.5682894346237968,0.5198666723520451,47596efe9fd95df143387b43bb828c4704617f6fa1dab5932dddba7b64f400fe,6c356a658840fb10898d9014a22759c9ed9260a9ff722637104a05d4779fc152,raw_light_geom_gate_0p100,,,0.1
raw_light_geom_gate_0p100,light_geometry_gate,False,0.7904352317537274,0.60406787792524,0.9618441971383148,0.3418079096045198,0.9989610389610389,629,2,18,605,0.7031008719507358,0.5682894346237968,0.5198666723520451,47596efe9fd95df143387b43bb828c4704617f6fa1dab5932dddba7b64f400fe,bc47d4e42ca5cba3406323f1000e758d686e0f8a65d7b622b08673b3cface77e,raw_light_geom_gate_0p100,,,0.1
raw_light_geom_gate_0p100,light_geometry_gate,False,0.8,0.5911419503174682,0.9683860232945092,0.3288135593220339,0.9989610389610389,601,2,13,582,0.7031008719507358,0.5682894346237968,0.5198666723520451,47596efe9fd95df143387b43bb828c4704617f6fa1dab5932dddba7b64f400fe,c5bb2d8d29bf4c1a7911bb44685f7977fcc72af4f257195539950707a5824ff4,raw_light_geom_gate_0p100,,,0.1
raw_light_geom_gate_0p100,light_geometry_gate,False,0.9,0.39385126713751556,0.9844236760124611,0.17853107344632768,1.0,321,0,4,316,0.7031008719507358,0.5682894346237968,0.5198666723520451,47596efe9fd95df143387b43bb828c4704617f6fa1dab5932dddba7b64f400fe,fef11e2eb380bb92dee448045178c8c1adaf8a2294afd93324577d6923302b25,raw_light_geom_gate_0p100,,,0.1
raw_light_geom_gate_0p100,light_geometry_gate,False,0.9796680546486419,0.001693002257336343,1.0,0.0005649717514124294,1.0,1,0,0,1,0.7031008719507358,0.5682894346237968,0.5198666723520451,47596efe9fd95df143387b43bb828c4704617f6fa1dab5932dddba7b64f400fe,3bc84dbea1efbb2ed1e12876be81779c7cc248038773b482c76aa917a6211173,raw_light_geom_gate_0p100,,,0.1
raw_light_geom_gate_0p200,light_geometry_gate,False,0.0017091769121940943,0.3401511187006152,0.15795056751882888,0.8412429378531073,0.7693506493506493,9427,444,7098,1489,0.7031008719507358,0.5682894346237968,0.5198666723520451,50d48be23718c0ca5f19e2b31b545270ee6eecbcadbdbb51d3fb4c56fae537a2,73ea9f38e8dca37c5b67a0ab159604af12b371d83cf9dc5ced4a8460c643ff3a,raw_light_geom_gate_0p200,,,0.2
raw_light_geom_gate_0p200,light_geometry_gate,False,0.004926520070173857,0.4501242085031546,0.23436754176610977,0.8322033898305085,0.8358441558441558,6285,316,4228,1473,0.7031008719507358,0.5682894346237968,0.5198666723520451,50d48be23718c0ca5f19e2b31b545270ee6eecbcadbdbb51d3fb4c56fae537a2,fcc2e6ce14680df049958d6be64e064ae46351302f2bd588118a1fbfc20eaa7f,raw_light_geom_gate_0p200,,,0.2
raw_light_geom_gate_0p200,light_geometry_gate,False,0.02118310148230711,0.6039457359832126,0.379209758684699,0.807909604519774,0.9153246753246753,3771,163,2031,1430,0.7031008719507358,0.5682894346237968,0.5198666723520451,50d48be23718c0ca5f19e2b31b545270ee6eecbcadbdbb51d3fb4c56fae537a2,d2e7ce3ad46104915b3444a579a30038e9c0fd0aca69f834ea67b68cf297cfe5,raw_light_geom_gate_0p200,,,0.2
raw_light_geom_gate_0p200,light_geometry_gate,False,0.05,0.6833384449321486,0.48744251857092324,0.7785310734463277,0.9485714285714286,2827,99,1253,1378,0.7031008719507358,0.5682894346237968,0.5198666723520451,50d48be23718c0ca5f19e2b31b545270ee6eecbcadbdbb51d3fb4c56fae537a2,40283c5d1cc9335f7c4a45996ead967243209576f08b9dd08d608d6cd420f377,raw_light_geom_gate_0p200,,,0.2
raw_light_geom_gate_0p200,light_geometry_gate,False,0.07549278525427519,0.7110755957173243,0.5369928400954654,0.7627118644067796,0.9563636363636363,2514,84,997,1350,0.7031008719507358,0.5682894346237968,0.5198666723520451,50d48be23718c0ca5f19e2b31b545270ee6eecbcadbdbb51d3fb4c56fae537a2,652d5990ce2c225982a12b059e08628f01dc76afa333057b013fa7316042ef67,raw_light_geom_gate_0p200,,,0.2
raw_light_geom_gate_0p200,light_geometry_gate,False,0.1,0.7326973744576545,0.5810276679841897,0.747457627118644,0.9657142857142857,2277,66,813,1323,0.7031008719507358,0.5682894346237968,0.5198666723520451,50d48be23718c0ca5f19e2b31b545270ee6eecbcadbdbb51d3fb4c56fae537a2,dcf3df5a8d5741e516307d92fab54dafaae78e4fac3f698088fa3004693834d1,raw_light_geom_gate_0p200,,,0.2
raw_light_geom_gate_0p200,light_geometry_gate,False,0.15,0.7521337918019375,0.6358641358641358,0.7192090395480226,0.9750649350649351,2002,48,618,1273,0.7031008719507358,0.5682894346237968,0.5198666723520451,50d48be23718c0ca5f19e2b31b545270ee6eecbcadbdbb51d3fb4c56fae537a2,732e784b60e4a8a2964d25235a56884308199ac0a213d730605c257022f649ce,raw_light_geom_gate_0p200,,,0.2
raw_light_geom_gate_0p200,light_geometry_gate,False,0.2,0.7625021241185664,0.6813125695216907,0.692090395480226,0.9787012987012987,1798,41,481,1225,0.7031008719507358,0.5682894346237968,0.5198666723520451,50d48be23718c0ca5f19e2b31b545270ee6eecbcadbdbb51d3fb4c56fae537a2,0c666a212e576438c3d80a3b223636f05a8759e2413d01b722972835abcf3b52,raw_light_geom_gate_0p200,,,0.2
raw_light_geom_gate_0p200,light_geometry_gate,False,0.25,0.7713939393939394,0.7263803680981595,0.6689265536723163,0.9828571428571429,1630,33,369,1184,0.7031008719507358,0.5682894346237968,0.5198666723520451,50d48be23718c0ca5f19e2b31b545270ee6eecbcadbdbb51d3fb4c56fae537a2,086cbce57259dd44030dca98fb24221edd8f501453379aadbd2e3e9d53faf90b,raw_light_geom_gate_0p200,,,0.2
raw_light_geom_gate_0p200,light_geometry_gate,False,0.3,0.771315903935047,0.7534607778510217,0.6457627118644068,0.9864935064935065,1517,26,309,1143,0.7031008719507358,0.5682894346237968,0.5198666723520451,50d48be23718c0ca5f19e2b31b545270ee6eecbcadbdbb51d3fb4c56fae537a2,4871c45716f8a2cb69856ef9bb6f8bb8cc8b248721ab36e05efbc970f8644b42,raw_light_geom_gate_0p200,,,0.2
raw_light_geom_gate_0p200,light_geometry_gate,False,0.35,0.7752809194002588,0.7872791519434629,0.6293785310734463,0.9896103896103896,1415,20,250,1114,0.7031008719507358,0.5682894346237968,0.5198666723520451,50d48be23718c0ca5f19e2b31b545270ee6eecbcadbdbb51d3fb4c56fae537a2,8e8727c74dbbb9537781320651c1aa2aecbeb9e302704cdd3e4cf2b6c9279dd0,raw_light_geom_gate_0p200,,,0.2
raw_light_geom_gate_0p200,light_geometry_gate,False,0.4,0.7701351413575731,0.8118361153262519,0.6045197740112994,0.9906493506493507,1318,18,204,1070,0.7031008719507358,0.5682894346237968,0.5198666723520451,50d48be23718c0ca5f19e2b31b545270ee6eecbcadbdbb51d3fb4c56fae537a2,4cea6fab44d84707aa95ff83e6cf06cbb8620c24b40885f44734a4911fa0f07d,raw_light_geom_gate_0p200,,,0.2
raw_light_geom_gate_0p200,light_geometry_gate,False,0.4327093794085387,0.7661593771494298,0.8281622911694511,0.588135593220339,0.9922077922077922,1257,15,175,1041,0.7031008719507358,0.5682894346237968,0.5198666723520451,50d48be23718c0ca5f19e2b31b545270ee6eecbcadbdbb51d3fb4c56fae537a2,e7bca3c163e07fb2daa5b927cc570fdca2e5f7b755b30465fa79c4c62cb4fe34,raw_light_geom_gate_0p200,,,0.2
raw_light_geom_gate_0p200,light_geometry_gate,False,0.5,0.7556338969095264,0.8600174978127734,0.5553672316384181,0.9932467532467533,1143,13,126,983,0.7031008719507358,0.5682894346237968,0.5198666723520451,50d48be23718c0ca5f19e2b31b545270ee6eecbcadbdbb51d3fb4c56fae537a2,3271de70968e615f73a032482b86e0f05f0ecd0a916e21ca704ceec5e7aad71c,raw_light_geom_gate_0p200,,,0.2
raw_light_geom_gate_0p200,light_geometry_gate,False,0.6,0.7198423139955907,0.8876404494382022,0.4909604519774011,0.9958441558441559,979,8,87,869,0.7031008719507358,0.5682894346237968,0.5198666723520451,50d48be23718c0ca5f19e2b31b545270ee6eecbcadbdbb51d3fb4c56fae537a2,4f391cbb378e514347b75ba5fe83dffe7f39b7397a9648859311e30942f9fc72,raw_light_geom_gate_0p200,,,0.2
raw_light_geom_gate_0p200,light_geometry_gate,False,0.7,0.6819421159672018,0.9325980392156863,0.42994350282485877,0.9989610389610389,816,2,46,761,0.7031008719507358,0.5682894346237968,0.5198666723520451,50d48be23718c0ca5f19e2b31b545270ee6eecbcadbdbb51d3fb4c56fae537a2,84f23e55dcdd74eaf39582b73dc0ff82ece576b352ff59c7c74f5d47150b654a,raw_light_geom_gate_0p200,,,0.2
raw_light_geom_gate_0p200,light_geometry_gate,False,0.7894183209112101,0.60406787792524,0.9618441971383148,0.3418079096045198,0.9989610389610389,629,2,18,605,0.7031008719507358,0.5682894346237968,0.5198666723520451,50d48be23718c0ca5f19e2b31b545270ee6eecbcadbdbb51d3fb4c56fae537a2,bc47d4e42ca5cba3406323f1000e758d686e0f8a65d7b622b08673b3cface77e,raw_light_geom_gate_0p200,,,0.2
raw_light_geom_gate_0p200,light_geometry_gate,False,0.8,0.5892925474737393,0.9682274247491639,0.3271186440677966,0.9989610389610389,598,2,13,579,0.7031008719507358,0.5682894346237968,0.5198666723520451,50d48be23718c0ca5f19e2b31b545270ee6eecbcadbdbb51d3fb4c56fae537a2,c844817d610d66696326753bb28c6ef401fcffbcf274efacdd5a1c9aabb62c5e,raw_light_geom_gate_0p200,,,0.2
raw_light_geom_gate_0p200,light_geometry_gate,False,0.9,0.39125,0.9873817034700315,0.1768361581920904,1.0,317,0,3,313,0.7031008719507358,0.5682894346237968,0.5198666723520451,50d48be23718c0ca5f19e2b31b545270ee6eecbcadbdbb51d3fb4c56fae537a2,ceff46178ac7a97b4e3b5cc9f8580d3fa1f113ad0b630e51d4e4b7ee3767e0c7,raw_light_geom_gate_0p200,,,0.2
raw_light_geom_gate_0p200,light_geometry_gate,False,0.9795959068703736,0.001693002257336343,1.0,0.0005649717514124294,1.0,1,0,0,1,0.7031008719507358,0.5682894346237968,0.5198666723520451,50d48be23718c0ca5f19e2b31b545270ee6eecbcadbdbb51d3fb4c56fae537a2,3bc84dbea1efbb2ed1e12876be81779c7cc248038773b482c76aa917a6211173,raw_light_geom_gate_0p200,,,0.2
