score_col,mode_family,ap_rank_preserving_by_design,threshold,cal_balanced,cal_precision,cal_recall,cal_unknown_reject,cal_num_accepted,cal_unknown_false_accept,cal_background_false_accepts,cal_tp_known,cal_AP50,cal_AP75,cal_AP,stream_hash,acceptance_mask_hash,canonical_stream,alpha,gamma,beta
raw_score,raw,True,0.002119806769769575,0.3401511187006152,0.15795056751882888,0.8412429378531073,0.7693506493506493,9427,444,7097,1489,0.7031008719507358,0.5682894346237968,0.5198666723520451,311ac8bae1936c27365f0a47515fa2d024d3b6c86acabd1c2148f78f21f9207a,bd9d793596588ea4580c76b43eae96aec42b91fd837a32e3c718d4facf886992,raw_score,,,
raw_score,raw,True,0.00606468482874325,0.4501242085031546,0.23436754176610977,0.8322033898305085,0.8358441558441558,6285,316,4228,1473,0.7031008719507358,0.5682894346237968,0.5198666723520451,311ac8bae1936c27365f0a47515fa2d024d3b6c86acabd1c2148f78f21f9207a,2a21e30f486a2d7cd5dcc6aee8bce1b029e2ed67c33fd4376b44cea260c5107c,raw_score,,,
raw_score,raw,True,0.025298735126852958,0.6036162344344169,0.3789445770352692,0.8073446327683615,0.9153246753246753,3771,163,2031,1429,0.7031008719507358,0.5682894346237968,0.5198666723520451,311ac8bae1936c27365f0a47515fa2d024d3b6c86acabd1c2148f78f21f9207a,d395e6c9d65d68eb3c58f51aacb07a57b7e2ed82e92d1e610f9fb7b3c9d439e9,raw_score,,,
raw_score,raw,True,0.05,0.6713156241754082,0.4688026981450253,0.7853107344632768,0.9412987012987013,2965,113,1355,1390,0.7031008719507358,0.5682894346237968,0.5198666723520451,311ac8bae1936c27365f0a47515fa2d024d3b6c86acabd1c2148f78f21f9207a,1d859695ba0cf4ffa8c63750c1b678b1dd02fb0be260afa51143493bc2adb51e,raw_score,,,
raw_score,raw,True,0.08611611574888238,0.7099960530684624,0.5361972951471758,0.7615819209039548,0.9548051948051948,2514,87,996,1348,0.7031008719507358,0.5682894346237968,0.5198666723520451,311ac8bae1936c27365f0a47515fa2d024d3b6c86acabd1c2148f78f21f9207a,8d9a208540327f35bb47d839ec64382b65497e888fda8a94f138a2f746c86f16,raw_score,,,
raw_score,raw,True,0.1,0.7237705411424787,0.5622895622895623,0.7548022598870057,0.96,2376,77,884,1336,0.7031008719507358,0.5682894346237968,0.5198666723520451,311ac8bae1936c27365f0a47515fa2d024d3b6c86acabd1c2148f78f21f9207a,02f292985033ddd9631c73dc700d0f5b1ba75f62c69cd681fa2f6dda7e309063,raw_score,,,
raw_score,raw,True,0.15,0.750429356502072,0.6264591439688716,0.727683615819209,0.9735064935064935,2056,51,652,1288,0.7031008719507358,0.5682894346237968,0.5198666723520451,311ac8bae1936c27365f0a47515fa2d024d3b6c86acabd1c2148f78f21f9207a,60ed8b6104f7c77b532d333d9962d097245a5b9c259f690acb8469547d016231,raw_score,,,
raw_score,raw,True,0.2,0.7614761158697816,0.6719088937093276,0.7,0.9776623376623377,1844,43,510,1239,0.7031008719507358,0.5682894346237968,0.5198666723520451,311ac8bae1936c27365f0a47515fa2d024d3b6c86acabd1c2148f78f21f9207a,91876d41b191576ccc443f7cd322ebaacb78c1735ef9cdd7a5551c9de09bfed3,raw_score,,,
raw_score,raw,True,0.25,0.7671286240989166,0.7123205741626795,0.6728813559322034,0.9797402597402597,1672,39,394,1191,0.7031008719507358,0.5682894346237968,0.5198666723520451,311ac8bae1936c27365f0a47515fa2d024d3b6c86acabd1c2148f78f21f9207a,2cfd3917b3f2568c3873539b60c302be78d1bea0ee025c275fdf5db6c77b6a7f,raw_score,,,
raw_score,raw,True,0.3,0.771966451908514,0.7478937135450421,0.6519774011299435,0.9849350649350649,1543,29,320,1154,0.7031008719507358,0.5682894346237968,0.5198666723520451,311ac8bae1936c27365f0a47515fa2d024d3b6c86acabd1c2148f78f21f9207a,3167cb1edf8278ccb04224c8811026ce062257f05ebb6752dd3501d5da398434,raw_score,,,
raw_score,raw,True,0.35,0.7737878411568285,0.7779319916724496,0.6333333333333333,0.9875324675324675,1441,24,263,1121,0.7031008719507358,0.5682894346237968,0.5198666723520451,311ac8bae1936c27365f0a47515fa2d024d3b6c86acabd1c2148f78f21f9207a,83f3fb91f66285ccc575518687a8e72198481771ba4016706051b9ce23af806b,raw_score,,,
raw_score,raw,True,0.4,0.7702510779324558,0.8055347793567689,0.6084745762711864,0.9901298701298701,1337,19,215,1077,0.7031008719507358,0.5682894346237968,0.5198666723520451,311ac8bae1936c27365f0a47515fa2d024d3b6c86acabd1c2148f78f21f9207a,c709d1c60cfcdad1244b1cfab5b2a2795c6bb6ee780ada69499204014069da15,raw_score,,,
raw_score,raw,True,0.44400383234024043,0.7649627478814359,0.8265712012728719,0.5870056497175141,0.9916883116883117,1257,16,176,1039,0.7031008719507358,0.5682894346237968,0.5198666723520451,311ac8bae1936c27365f0a47515fa2d024d3b6c86acabd1c2148f78f21f9207a,03e25cf2b2e4755e1353477b06289218ed5f77296c4dcfaaa024bac8e97d2938,raw_score,,,
raw_score,raw,True,0.5,0.7568319859313875,0.8556611927398444,0.559322033898305,0.9927272727272727,1157,14,131,990,0.7031008719507358,0.5682894346237968,0.5198666723520451,311ac8bae1936c27365f0a47515fa2d024d3b6c86acabd1c2148f78f21f9207a,380aa92258ca685e1c76cca9b80ada6224458c541eaf9d3af7dec4e8fc0da0dd,raw_score,,,
raw_score,raw,True,0.6,0.7222447540988544,0.8857431749241659,0.49491525423728816,0.9958441558441559,989,8,89,876,0.7031008719507358,0.5682894346237968,0.5198666723520451,311ac8bae1936c27365f0a47515fa2d024d3b6c86acabd1c2148f78f21f9207a,ef4cd61f690ab8e8fdb0f0d20b5c1ad4cbbdffd795712a8be58e249499c22530,raw_score,,,
raw_score,raw,True,0.7,0.6825107045754258,0.9304878048780488,0.43107344632768363,0.9989610389610389,820,2,48,763,0.7031008719507358,0.5682894346237968,0.5198666723520451,311ac8bae1936c27365f0a47515fa2d024d3b6c86acabd1c2148f78f21f9207a,6b33ef783f57a702373c224a07202926bf0c2f371ec5dc0d0b88ea0bd9ec4290,raw_score,,,
raw_score,raw,True,0.7921064376831046,0.6048648168881179,0.9634340222575517,0.3423728813559322,0.9989610389610389,629,2,17,606,0.7031008719507358,0.5682894346237968,0.5198666723520451,311ac8bae1936c27365f0a47515fa2d024d3b6c86acabd1c2148f78f21f9207a,57d1c7783f39ce7e2edf42599d9cbff2667ca5c9a78e0e7c47a295817de22afd,raw_score,,,
raw_score,raw,True,0.8,0.5933957955436259,0.966996699669967,0.3310734463276836,0.9989610389610389,606,2,14,586,0.7031008719507358,0.5682894346237968,0.5198666723520451,311ac8bae1936c27365f0a47515fa2d024d3b6c86acabd1c2148f78f21f9207a,9f053733c9e335d54947135c8300664da24cd48e556828320312b42f9c46446b,raw_score,,,
raw_score,raw,True,0.9,0.39476961394769616,0.984472049689441,0.1790960451977401,1.0,322,0,4,317,0.7031008719507358,0.5682894346237968,0.5198666723520451,311ac8bae1936c27365f0a47515fa2d024d3b6c86acabd1c2148f78f21f9207a,e9af8180e2184c1acbe9ee748885cd35c6ac0638a653e250ee5b0816e5fd7f14,raw_score,,,
raw_score,raw,True,0.9797402024269104,0.001693002257336343,1.0,0.0005649717514124294,1.0,1,0,0,1,0.7031008719507358,0.5682894346237968,0.5198666723520451,311ac8bae1936c27365f0a47515fa2d024d3b6c86acabd1c2148f78f21f9207a,3bc84dbea1efbb2ed1e12876be81779c7cc248038773b482c76aa917a6211173,raw_score,,,
geometry_risk_score,geometry,False,0.031094481134396872,0.34238602643546073,0.1582688023761536,0.8429378531073446,0.7953246753246753,9427,394,7251,1492,0.7031008719507358,0.5682894346237968,0.5198666723520451,4476ba8adb54acd048373eead8c32d5548bbfcceda82914623d33fc835f2efcc,f1f4c536299141bea4c966fc5823ead4b6070b34db284ce3aa31416fef9a0c95,geometry_risk_score,,,
geometry_risk_score,geometry,False,0.05,0.40506352708580823,0.19940836358746805,0.8378531073446328,0.8348051948051948,7437,318,5398,1483,0.7031008719507358,0.5682894346237968,0.5198666723520451,4476ba8adb54acd048373eead8c32d5548bbfcceda82914623d33fc835f2efcc,d964c762172aff8c0fe1b1f34caa633ae4fc3311dc706c4fee44b8a52fbe8dd7,geometry_risk_score,,,
geometry_risk_score,geometry,False,0.06884335634274794,0.45230328308344925,0.23404932378679397,0.8310734463276837,0.8644155844155844,6285,261,4357,1471,0.7031008719507358,0.5682894346237968,0.5198666723520451,4476ba8adb54acd048373eead8c32d5548bbfcceda82914623d33fc835f2efcc,cd7689376dab783f8fdf815e64ae07bd2e2710d56476e7524e4f571ffa23dc7c,geometry_risk_score,,,
geometry_risk_score,geometry,False,0.1,0.5137761406763652,0.28443579766536964,0.8259887005649718,0.8987012987012987,5140,195,3313,1462,0.7031008719507358,0.5682894346237968,0.5198666723520451,4476ba8adb54acd048373eead8c32d5548bbfcceda82914623d33fc835f2efcc,21c311f6ed056e8b911e31554c0049819dfe0e60123093addd79bfe61229bc37,geometry_risk_score,,,
geometry_risk_score,geometry,False,0.15,0.578683069329904,0.3475024015369837,0.8175141242937853,0.9231168831168831,4164,148,2431,1447,0.7031008719507358,0.5682894346237968,0.5198666723520451,4476ba8adb54acd048373eead8c32d5548bbfcceda82914623d33fc835f2efcc,f8fedcc03acf82b39dfd12055330e3d3905d63300ad4641dbea620dafcb4ff15,geometry_risk_score,,,
geometry_risk_score,geometry,False,0.18432248043312421,0.6077601694898613,0.3800053036329886,0.8096045197740113,0.935064935064935,3771,125,2082,1433,0.7031008719507358,0.5682894346237968,0.5198666723520451,4476ba8adb54acd048373eead8c32d5548bbfcceda82914623d33fc835f2efcc,f5e2670de4a069a1be8e83d60cb692e5e9a8037ada7f9ce88952898ec5cde04e,geometry_risk_score,,,
geometry_risk_score,geometry,False,0.2,0.6223420595793074,0.39727928928373124,0.8084745762711865,0.9376623376623376,3602,120,1926,1431,0.7031008719507358,0.5682894346237968,0.5198666723520451,4476ba8adb54acd048373eead8c32d5548bbfcceda82914623d33fc835f2efcc,6ee33d62d9c91e1ec278bf9176e56c083dba7f7733ee8c20c78424f6afe2fc75,geometry_risk_score,,,
geometry_risk_score,geometry,False,0.25,0.655060031269359,0.4390092879256966,0.8011299435028248,0.9490909090909091,3230,98,1606,1418,0.7031008719507358,0.5682894346237968,0.5198666723520451,4476ba8adb54acd048373eead8c32d5548bbfcceda82914623d33fc835f2efcc,cee84ccfe4f7e43b6f0a07256479ab9a5e54b5f9eea4f65cb723d928affc75ce,geometry_risk_score,,,
geometry_risk_score,geometry,False,0.3,0.6784592856099143,0.4731328151402501,0.7909604519774012,0.957922077922078,2959,81,1378,1400,0.7031008719507358,0.5682894346237968,0.5198666723520451,4476ba8adb54acd048373eead8c32d5548bbfcceda82914623d33fc835f2efcc,80129f46076eecca5d31db24e8b9ed2534b670cec479b3b2b4edc9f642fd3d29,geometry_risk_score,,,
geometry_risk_score,geometry,False,0.35,0.693680364597795,0.499455930359086,0.7779661016949152,0.9641558441558442,2757,69,1216,1377,0.7031008719507358,0.5682894346237968,0.5198666723520451,4476ba8adb54acd048373eead8c32d5548bbfcceda82914623d33fc835f2efcc,a4d5e9c3743a8e3b5de446fb3b92d0580b444df2123be6beb572e83e691a8f7a,geometry_risk_score,,,
geometry_risk_score,geometry,False,0.4,0.7075739870610428,0.5257452574525745,0.7672316384180791,0.9667532467532467,2583,64,1076,1358,0.7031008719507358,0.5682894346237968,0.5198666723520451,4476ba8adb54acd048373eead8c32d5548bbfcceda82914623d33fc835f2efcc,66c1774a494f8c5778499789d58f75a4376959cfbd216972d339294df24fd631,geometry_risk_score,,,
geometry_risk_score,geometry,False,0.4235325639344344,0.71236551616151,0.5361972951471758,0.7615819209039548,0.9677922077922078,2514,62,1023,1348,0.7031008719507358,0.5682894346237968,0.5198666723520451,4476ba8adb54acd048373eead8c32d5548bbfcceda82914623d33fc835f2efcc,d5e5ff8edb97119c6bc8c9cae0d84f14943f0de27f11e25ba1233d5c8b1f83f4,geometry_risk_score,,,
geometry_risk_score,geometry,False,0.5,0.7340235244222167,0.5789473684210527,0.7519774011299435,0.9709090909090909,2299,56,839,1331,0.7031008719507358,0.5682894346237968,0.5198666723520451,4476ba8adb54acd048373eead8c32d5548bbfcceda82914623d33fc835f2efcc,f230325a29fcf01163256d10023cb420722540a40cafde2437397558fb9063c1,geometry_risk_score,,,
geometry_risk_score,geometry,False,0.6,0.7508080191483697,0.6251212415130941,0.7282485875706215,0.9776623376623377,2062,43,667,1289,0.7031008719507358,0.5682894346237968,0.5198666723520451,4476ba8adb54acd048373eead8c32d5548bbfcceda82914623d33fc835f2efcc,3c2bcacc5acb79c8320ba27176666875af0369bf9a035570b8209ace4f461200,geometry_risk_score,,,
geometry_risk_score,geometry,False,0.7,0.7629796324455185,0.67430441898527,0.6983050847457627,0.9833766233766233,1833,32,511,1236,0.7031008719507358,0.5682894346237968,0.5198666723520451,4476ba8adb54acd048373eead8c32d5548bbfcceda82914623d33fc835f2efcc,e690198b14e1b12a4c62f8d95c2cc8abd610fbe264ffba0f6698b1dc9b0b4ac0,geometry_risk_score,,,
geometry_risk_score,geometry,False,0.8,0.7738524641565615,0.7417302798982188,0.6587570621468927,0.9896103896103896,1572,20,341,1166,0.7031008719507358,0.5682894346237968,0.5198666723520451,4476ba8adb54acd048373eead8c32d5548bbfcceda82914623d33fc835f2efcc,b4835947974354c7dc15cc3dc7432eee27e2abe7e895c092144a3dee8c3b8775,geometry_risk_score,,,
geometry_risk_score,geometry,False,0.9,0.766569044315336,0.8161365399534523,0.5943502824858757,0.9942857142857143,1289,11,199,1052,0.7031008719507358,0.5682894346237968,0.5198666723520451,4476ba8adb54acd048373eead8c32d5548bbfcceda82914623d33fc835f2efcc,7742863cb91555a3beb93dca1969e48ac07ac0eecf93695b71b8dc1fba5b9fbd,geometry_risk_score,,,
geometry_risk_score,geometry,False,0.9088843272510944,0.7638326661939724,0.8241845664280032,0.5853107344632769,0.9942857142857143,1257,11,185,1036,0.7031008719507358,0.5682894346237968,0.5198666723520451,4476ba8adb54acd048373eead8c32d5548bbfcceda82914623d33fc835f2efcc,8d679e8b82039cf8f8dbbbd372ffa321ea4fe185912eb7da3ca974b40c300a4c,geometry_risk_score,,,
geometry_risk_score,geometry,False,0.986292292183281,0.6009374283793388,0.9554848966613673,0.33954802259887007,0.9994805194805195,629,1,21,601,0.7031008719507358,0.5682894346237968,0.5198666723520451,4476ba8adb54acd048373eead8c32d5548bbfcceda82914623d33fc835f2efcc,1de8a26d022eeaec50005691ce9f182b72d4041837ba3abc6bd3d26ae702172e,geometry_risk_score,,,
geometry_risk_score,geometry,False,0.9998725386682128,0.001693002257336343,1.0,0.0005649717514124294,1.0,1,0,0,1,0.7031008719507358,0.5682894346237968,0.5198666723520451,4476ba8adb54acd048373eead8c32d5548bbfcceda82914623d33fc835f2efcc,bf9a6d1cdb503e868a5c65ea9be3801cfd0b0c0e423794b74ef94148db2eb1e9,geometry_risk_score,,,
geometry_alpha_0p050,alpha_blend,False,0.0036896895803711378,0.3404473625783811,0.1580566458046038,0.8418079096045198,0.7709090909090909,9427,441,7127,1490,0.7031008719507358,0.5682894346237968,0.5198666723520451,91c8df4a9225f131e8633c2db50ddd5abbf12be1a2d6c9e9fe5c04ae01d088d9,78a497b933323a95af5cd46ea0eb8bc23ce7eaf2cb81ba8b8ce137e9deebbb14,geometry_alpha_0p050,0.05,,
geometry_alpha_0p050,alpha_blend,False,0.00918521150591505,0.4502233370850599,0.23420843277645187,0.831638418079096,0.8394805194805195,6285,309,4251,1472,0.7031008719507358,0.5682894346237968,0.5198666723520451,91c8df4a9225f131e8633c2db50ddd5abbf12be1a2d6c9e9fe5c04ae01d088d9,3778dd4cd4b5c837c2632812df41ab001d72b145a51773103a09ffacae87cb28,geometry_alpha_0p050,0.05,,
geometry_alpha_0p050,alpha_blend,False,0.03311714378551424,0.6055365648596481,0.3800053036329886,0.8096045197740113,0.9194805194805195,3771,155,2045,1433,0.7031008719507358,0.5682894346237968,0.5198666723520451,91c8df4a9225f131e8633c2db50ddd5abbf12be1a2d6c9e9fe5c04ae01d088d9,a2dbb74e70c99524fb23fc44aed7b8de7ffb3a5faf4f5fece9a7f69809a8440e,geometry_alpha_0p050,0.05,,
geometry_alpha_0p050,alpha_blend,False,0.05,0.6499354901510409,0.4365891472868217,0.7954802259887006,0.9361038961038961,3225,123,1574,1408,0.7031008719507358,0.5682894346237968,0.5198666723520451,91c8df4a9225f131e8633c2db50ddd5abbf12be1a2d6c9e9fe5c04ae01d088d9,4f256386686628f17e410a8441e006eb59fcc946fc4054aef48dda924ce82f8e,geometry_alpha_0p050,0.05,,
geometry_alpha_0p050,alpha_blend,False,0.1,0.7105111571520085,0.5347551342812006,0.7649717514124293,0.9568831168831169,2532,83,1009,1354,0.7031008719507358,0.5682894346237968,0.5198666723520451,91c8df4a9225f131e8633c2db50ddd5abbf12be1a2d6c9e9fe5c04ae01d088d9,d826540d783293400d3402957265cfa9c3c29074cd2981173ea320947353caeb,geometry_alpha_0p050,0.05,,
geometry_alpha_0p050,alpha_blend,False,0.10221662139210508,0.7111712834029147,0.5369928400954654,0.7627118644067796,0.9568831168831169,2514,83,997,1350,0.7031008719507358,0.5682894346237968,0.5198666723520451,91c8df4a9225f131e8633c2db50ddd5abbf12be1a2d6c9e9fe5c04ae01d088d9,8969570111a74d009412376ce9bc5f4bc75148d5f5a5d6a5d2dbe9ebcc2a1e6d,geometry_alpha_0p050,0.05,,
geometry_alpha_0p050,alpha_blend,False,0.15,0.7435535986951254,0.6064965197215777,0.7384180790960452,0.9693506493506494,2155,59,720,1307,0.7031008719507358,0.5682894346237968,0.5198666723520451,91c8df4a9225f131e8633c2db50ddd5abbf12be1a2d6c9e9fe5c04ae01d088d9,fe2cb4ec7b75e2c8332069b572b17bac7168cf551604411b3ed9677fcb9b932c,geometry_alpha_0p050,0.05,,
geometry_alpha_0p050,alpha_blend,False,0.2,0.7549341212747371,0.6481195260175168,0.7107344632768362,0.9766233766233766,1941,45,578,1258,0.7031008719507358,0.5682894346237968,0.5198666723520451,91c8df4a9225f131e8633c2db50ddd5abbf12be1a2d6c9e9fe5c04ae01d088d9,0eb66e82aefe7d982a345b50625260be3cd7f5ced7c49c62f2524b9cbd3562b3,geometry_alpha_0p050,0.05,,
geometry_alpha_0p050,alpha_blend,False,0.25,0.7636597936706552,0.692,0.6841807909604519,0.9787012987012987,1750,41,447,1211,0.7031008719507358,0.5682894346237968,0.5198666723520451,91c8df4a9225f131e8633c2db50ddd5abbf12be1a2d6c9e9fe5c04ae01d088d9,85ce0dcd56408b258c5b07019ef792bf74752417bb04db324af16b8c1c59e054,geometry_alpha_0p050,0.05,,
geometry_alpha_0p050,alpha_blend,False,0.3,0.772501335818678,0.7355889724310777,0.6632768361581921,0.9838961038961039,1596,31,349,1174,0.7031008719507358,0.5682894346237968,0.5198666723520451,91c8df4a9225f131e8633c2db50ddd5abbf12be1a2d6c9e9fe5c04ae01d088d9,c6621ea9673c7900f63304e8521b65b2b8b49d08db728d6e5d1cf36ace010423,geometry_alpha_0p050,0.05,,
geometry_alpha_0p050,alpha_blend,False,0.35,0.770791025482697,0.758183032732131,0.6412429378531074,0.9864935064935065,1497,26,297,1135,0.7031008719507358,0.5682894346237968,0.5198666723520451,91c8df4a9225f131e8633c2db50ddd5abbf12be1a2d6c9e9fe5c04ae01d088d9,47ba5f3089fb93134306c8f9e90d9f0488fc4c4b2e70ab3e4be64d3dde7c8c04,geometry_alpha_0p050,0.05,,
geometry_alpha_0p050,alpha_blend,False,0.4,0.7719429066256143,0.7940536620739667,0.6186440677966102,0.9896103896103896,1379,20,235,1095,0.7031008719507358,0.5682894346237968,0.5198666723520451,91c8df4a9225f131e8633c2db50ddd5abbf12be1a2d6c9e9fe5c04ae01d088d9,031db5ec980ed385dad88541ebe8eb013d80adcc486d1fd1238e04528fc41e33,geometry_alpha_0p050,0.05,,
geometry_alpha_0p050,alpha_blend,False,0.4668155255416196,0.7650657412410872,0.8265712012728719,0.5870056497175141,0.9922077922077922,1257,15,177,1039,0.7031008719507358,0.5682894346237968,0.5198666723520451,91c8df4a9225f131e8633c2db50ddd5abbf12be1a2d6c9e9fe5c04ae01d088d9,742f3ce9fba14314adfa87a5631914a3c35c3d48db7f3a3f0b6a79d9f20788e7,geometry_alpha_0p050,0.05,,
geometry_alpha_0p050,alpha_blend,False,0.5,0.7600959535243513,0.8436454849498328,0.5700564971751413,0.9927272727272727,1196,14,149,1009,0.7031008719507358,0.5682894346237968,0.5198666723520451,91c8df4a9225f131e8633c2db50ddd5abbf12be1a2d6c9e9fe5c04ae01d088d9,f0f53cb1bc7e0bfa392d9c602d9d7125e386cd33b0d7ffd49b6e5762324ee96c,geometry_alpha_0p050,0.05,,
geometry_alpha_0p050,alpha_blend,False,0.6,0.7292044940969387,0.8818897637795275,0.5062146892655367,0.9953246753246753,1016,9,95,896,0.7031008719507358,0.5682894346237968,0.5198666723520451,91c8df4a9225f131e8633c2db50ddd5abbf12be1a2d6c9e9fe5c04ae01d088d9,99163bc0eecdc6ef9c6fb2a9c0612217b3deb416e0a04b0400e99efd1804c3f6,geometry_alpha_0p050,0.05,,
geometry_alpha_0p050,alpha_blend,False,0.7,0.6898848309154471,0.9253554502369669,0.44124293785310736,0.9984415584415585,844,3,51,781,0.7031008719507358,0.5682894346237968,0.5198666723520451,91c8df4a9225f131e8633c2db50ddd5abbf12be1a2d6c9e9fe5c04ae01d088d9,760085d6c6a32355490a37ea642cbda8c4af99e6bd2198ad3a69ebdcbf60b87f,geometry_alpha_0p050,0.05,,
geometry_alpha_0p050,alpha_blend,False,0.8,0.6056516170874278,0.9605055292259084,0.34350282485875705,0.9989610389610389,633,2,19,608,0.7031008719507358,0.5682894346237968,0.5198666723520451,91c8df4a9225f131e8633c2db50ddd5abbf12be1a2d6c9e9fe5c04ae01d088d9,f78f80d5da9e90bb8271024cad20d13d85307e563b9164a261595363f0491993,geometry_alpha_0p050,0.05,,
geometry_alpha_0p050,alpha_blend,False,0.8017872661464902,0.6048648168881179,0.9634340222575517,0.3423728813559322,0.9989610389610389,629,2,17,606,0.7031008719507358,0.5682894346237968,0.5198666723520451,91c8df4a9225f131e8633c2db50ddd5abbf12be1a2d6c9e9fe5c04ae01d088d9,57d1c7783f39ce7e2edf42599d9cbff2667ca5c9a78e0e7c47a295817de22afd,geometry_alpha_0p050,0.05,,
geometry_alpha_0p050,alpha_blend,False,0.9,0.4110429447852761,0.9852941176470589,0.18926553672316385,1.0,340,0,4,335,0.7031008719507358,0.5682894346237968,0.5198666723520451,91c8df4a9225f131e8633c2db50ddd5abbf12be1a2d6c9e9fe5c04ae01d088d9,33ddb3251e8fae533a9ad19f59c9a6ac451d9b80dbc7cc89b4e6e93ca8258155,geometry_alpha_0p050,0.05,,
geometry_alpha_0p050,alpha_blend,False,0.9806396356336634,0.001693002257336343,1.0,0.0005649717514124294,1.0,1,0,0,1,0.7031008719507358,0.5682894346237968,0.5198666723520451,91c8df4a9225f131e8633c2db50ddd5abbf12be1a2d6c9e9fe5c04ae01d088d9,3bc84dbea1efbb2ed1e12876be81779c7cc248038773b482c76aa917a6211173,geometry_alpha_0p050,0.05,,
geometry_alpha_0p100,alpha_blend,False,0.005247604757222952,0.3411735402785798,0.1582688023761536,0.8429378531073446,0.7761038961038961,9427,431,7151,1492,0.7031008719507358,0.5682894346237968,0.5198666723520451,5cd9ee8cab98919b87ee4fa2f44f97f302e8333f42df1bbe8cb677a507d221cb,185de7b898400d4a7291fe8c709c5a79f4954b3acb7596f7fc04377b29afb25a,geometry_alpha_0p100,0.1,,
geometry_alpha_0p100,alpha_blend,False,0.012385776582991462,0.4502233370850599,0.23420843277645187,0.831638418079096,0.8394805194805195,6285,309,4265,1472,0.7031008719507358,0.5682894346237968,0.5198666723520451,5cd9ee8cab98919b87ee4fa2f44f97f302e8333f42df1bbe8cb677a507d221cb,5b117e292a2abc9271ceb209ae5d0b2b5dfdcf8bd713a16497f6e5f9cb7fac82,geometry_alpha_0p100,0.1,,
geometry_alpha_0p100,alpha_blend,False,0.04045471179008433,0.6062097989499653,0.3800053036329886,0.8096045197740113,0.9241558441558442,3771,146,2056,1433,0.7031008719507358,0.5682894346237968,0.5198666723520451,5cd9ee8cab98919b87ee4fa2f44f97f302e8333f42df1bbe8cb677a507d221cb,5dd9e71c88b9956cd047d241dcbdb723b4f0734a1d6c737568d7697c017e9031,geometry_alpha_0p100,0.1,,
geometry_alpha_0p100,alpha_blend,False,0.05,0.6305912005017855,0.4092475588742102,0.8050847457627118,0.932987012987013,3482,129,1801,1425,0.7031008719507358,0.5682894346237968,0.5198666723520451,5cd9ee8cab98919b87ee4fa2f44f97f302e8333f42df1bbe8cb677a507d221cb,503965315ac8cbebf468772d68fd36041cce2ba96bbcd468348ca7db91d03722,geometry_alpha_0p100,0.1,,
geometry_alpha_0p100,alpha_blend,False,0.1,0.697757185252223,0.5108451757666418,0.7717514124293785,0.9558441558441558,2674,85,1133,1366,0.7031008719507358,0.5682894346237968,0.5198666723520451,5cd9ee8cab98919b87ee4fa2f44f97f302e8333f42df1bbe8cb677a507d221cb,5b92fae6778e547c70de11e32f8d98f8410ba1aa57db0124e4fb9ea3e201d94d,geometry_alpha_0p100,0.1,,
geometry_alpha_0p100,alpha_blend,False,0.11892415887490654,0.713220043384368,0.5381861575178998,0.764406779661017,0.9615584415584415,2514,74,1004,1353,0.7031008719507358,0.5682894346237968,0.5198666723520451,5cd9ee8cab98919b87ee4fa2f44f97f302e8333f42df1bbe8cb677a507d221cb,903cebbe9eed0407fce681290ec4517fbf9ebde4eb81dcfc02b1f1016a185901,geometry_alpha_0p100,0.1,,
geometry_alpha_0p100,alpha_blend,False,0.15,0.7345156007555007,0.5825285338015803,0.7497175141242938,0.9672727272727273,2278,63,811,1327,0.7031008719507358,0.5682894346237968,0.5198666723520451,5cd9ee8cab98919b87ee4fa2f44f97f302e8333f42df1bbe8cb677a507d221cb,934ee84bc620e1cbc1b5627c6f4296b294f42a21c4cb16297bb8f84d4ec0ec92,geometry_alpha_0p100,0.1,,
geometry_alpha_0p100,alpha_blend,False,0.2,0.7521448107657422,0.6302644466209598,0.7271186440677966,0.974025974025974,2042,50,641,1287,0.7031008719507358,0.5682894346237968,0.5198666723520451,5cd9ee8cab98919b87ee4fa2f44f97f302e8333f42df1bbe8cb677a507d221cb,22ec55c95cfc0d244ccc16df8a5598afd28974063bf46aceb6ce5a288ffcc461,geometry_alpha_0p100,0.1,,
geometry_alpha_0p100,alpha_blend,False,0.25,0.7622667513701507,0.6724417975094749,0.7016949152542373,0.9771428571428571,1847,44,507,1242,0.7031008719507358,0.5682894346237968,0.5198666723520451,5cd9ee8cab98919b87ee4fa2f44f97f302e8333f42df1bbe8cb677a507d221cb,e2751f234b97d88899ce4dac27b6e49fdf2e7085356f0c22de8ed2da08ea59c7,geometry_alpha_0p100,0.1,,
geometry_alpha_0p100,alpha_blend,False,0.3,0.7687763760050598,0.7139437462597247,0.6740112994350282,0.9823376623376623,1671,34,396,1193,0.7031008719507358,0.5682894346237968,0.5198666723520451,5cd9ee8cab98919b87ee4fa2f44f97f302e8333f42df1bbe8cb677a507d221cb,2cdded3f27c28a35f242a3351005f560652c537bc342be6b8a3fa3e5a5fea7e4,geometry_alpha_0p100,0.1,,
geometry_alpha_0p100,alpha_blend,False,0.35,0.7711896787955899,0.7465975372650681,0.6508474576271186,0.985974025974026,1543,27,322,1152,0.7031008719507358,0.5682894346237968,0.5198666723520451,5cd9ee8cab98919b87ee4fa2f44f97f302e8333f42df1bbe8cb677a507d221cb,6044be1715f6f989f226d7ab64d0b2e33f0ec99a6aeef61094f2e0ba166f9640,geometry_alpha_0p100,0.1,,
geometry_alpha_0p100,alpha_blend,False,0.4,0.7739522783626682,0.778318276580959,0.632768361581921,0.9890909090909091,1439,21,264,1120,0.7031008719507358,0.5682894346237968,0.5198666723520451,5cd9ee8cab98919b87ee4fa2f44f97f302e8333f42df1bbe8cb677a507d221cb,442ec065417c0c98d54c74d9bd2a1f70c86e11bad96a34450f2a61662888cc98,geometry_alpha_0p100,0.1,,
geometry_alpha_0p100,alpha_blend,False,0.48735590515035393,0.7656126944319894,0.8273667462211615,0.5875706214689266,0.9922077922077922,1257,15,176,1040,0.7031008719507358,0.5682894346237968,0.5198666723520451,5cd9ee8cab98919b87ee4fa2f44f97f302e8333f42df1bbe8cb677a507d221cb,ba0409b832e103f184fa1245ab3bb5279e0f7b3b2a383f6a0d6d4f3de3e388f9,geometry_alpha_0p100,0.1,,
geometry_alpha_0p100,alpha_blend,False,0.5,0.7625525150448507,0.8333333333333334,0.5790960451977402,0.9927272727272727,1230,14,165,1025,0.7031008719507358,0.5682894346237968,0.5198666723520451,5cd9ee8cab98919b87ee4fa2f44f97f302e8333f42df1bbe8cb677a507d221cb,2881f44830e5bb952aabdfe68cb04737bbd6e662722230e2675281c57826745c,geometry_alpha_0p100,0.1,,
geometry_alpha_0p100,alpha_blend,False,0.6,0.7407488054463425,0.8787878787878788,0.5242937853107345,0.9953246753246753,1056,9,101,928,0.7031008719507358,0.5682894346237968,0.5198666723520451,5cd9ee8cab98919b87ee4fa2f44f97f302e8333f42df1bbe8cb677a507d221cb,3c331ba188e996d4e638a20c7e970faaa485f1c4391c7ca8e6d741e11a4c977b,geometry_alpha_0p100,0.1,,
geometry_alpha_0p100,alpha_blend,False,0.7,0.6953921860817047,0.9140893470790378,0.45084745762711864,0.9979220779220779,873,4,59,798,0.7031008719507358,0.5682894346237968,0.5198666723520451,5cd9ee8cab98919b87ee4fa2f44f97f302e8333f42df1bbe8cb677a507d221cb,b59f45d2aaa7caf02ab5024c41dd33c93e0695704d3f4f4d3bec7063f5cddf24,geometry_alpha_0p100,0.1,,
geometry_alpha_0p100,alpha_blend,False,0.8,0.6207920510202111,0.9577677224736049,0.3587570621468927,0.9989610389610389,663,2,22,635,0.7031008719507358,0.5682894346237968,0.5198666723520451,5cd9ee8cab98919b87ee4fa2f44f97f302e8333f42df1bbe8cb677a507d221cb,8a107df9a9e39bec3ebcf2326beb1af78bf8443ceb18047d5b8c77fbc408bfb9,geometry_alpha_0p100,0.1,,
geometry_alpha_0p100,alpha_blend,False,0.8114680946098758,0.6048648168881179,0.9634340222575517,0.3423728813559322,0.9989610389610389,629,2,17,606,0.7031008719507358,0.5682894346237968,0.5198666723520451,5cd9ee8cab98919b87ee4fa2f44f97f302e8333f42df1bbe8cb677a507d221cb,57d1c7783f39ce7e2edf42599d9cbff2667ca5c9a78e0e7c47a295817de22afd,geometry_alpha_0p100,0.1,,
geometry_alpha_0p100,alpha_blend,False,0.9,0.4225010117361392,0.9858356940509915,0.19661016949152543,1.0,353,0,4,348,0.7031008719507358,0.5682894346237968,0.5198666723520451,5cd9ee8cab98919b87ee4fa2f44f97f302e8333f42df1bbe8cb677a507d221cb,abb59f6983f986c75210a1df0bab114812a03394b35a8b916c8f50b7c69ab6f6,geometry_alpha_0p100,0.1,,
geometry_alpha_0p100,alpha_blend,False,0.9815390688404165,0.001693002257336343,1.0,0.0005649717514124294,1.0,1,0,0,1,0.7031008719507358,0.5682894346237968,0.5198666723520451,5cd9ee8cab98919b87ee4fa2f44f97f302e8333f42df1bbe8cb677a507d221cb,3bc84dbea1efbb2ed1e12876be81779c7cc248038773b482c76aa917a6211173,geometry_alpha_0p100,0.1,,
geometry_alpha_0p200,alpha_blend,False,0.008213657456458015,0.34121139782786614,0.1581627240903787,0.8423728813559322,0.7797402597402597,9427,424,7172,1491,0.7031008719507358,0.5682894346237968,0.5198666723520451,25818e8db66215dcd461f25e6344ab05800a4bde95e45b2fe921519a00f43768,327973597138bd8fd33d9873ba6e9c9fc890f437472eaaaa377f5fa24cc35f01,geometry_alpha_0p200,0.2,,
geometry_alpha_0p200,alpha_blend,False,0.018822680960396188,0.4508173879454247,0.23420843277645187,0.831638418079096,0.8457142857142858,6285,297,4287,1472,0.7031008719507358,0.5682894346237968,0.5198666723520451,25818e8db66215dcd461f25e6344ab05800a4bde95e45b2fe921519a00f43768,8ba5dcffe21b5af295c1127a99f992f9be8ab83b37d399106466797a9ba50322,geometry_alpha_0p200,0.2,,
geometry_alpha_0p200,alpha_blend,False,0.05,0.5904118584148549,0.36150943396226415,0.811864406779661,0.9231168831168831,3975,148,2249,1437,0.7031008719507358,0.5682894346237968,0.5198666723520451,25818e8db66215dcd461f25e6344ab05800a4bde95e45b2fe921519a00f43768,ca2f6140c350b1850ba0b08e94ab74cbbd4b5f69482981182738cee7dc0cd9aa,geometry_alpha_0p200,0.2,,
geometry_alpha_0p200,alpha_blend,False,0.0561666458055475,0.6074306661081846,0.38027048528241847,0.8101694915254237,0.9303896103896104,3771,134,2071,1434,0.7031008719507358,0.5682894346237968,0.5198666723520451,25818e8db66215dcd461f25e6344ab05800a4bde95e45b2fe921519a00f43768,a0b4fa99f0ec66a94dcafadc075c6884b8e2cf35efe0845fa02edd578604006c,geometry_alpha_0p200,0.2,,
geometry_alpha_0p200,alpha_blend,False,0.1,0.673390250920152,0.468728984532616,0.7875706214689265,0.9506493506493506,2974,95,1380,1394,0.7031008719507358,0.5682894346237968,0.5198666723520451,25818e8db66215dcd461f25e6344ab05800a4bde95e45b2fe921519a00f43768,0da12cc1ef39add0692ce71192c78df6572d0aac83eb01ea4c4a856d005182f7,geometry_alpha_0p200,0.2,,
geometry_alpha_0p200,alpha_blend,False,0.15,0.711974396137319,0.5349112426035503,0.7661016949152543,0.9625974025974026,2535,72,1024,1356,0.7031008719507358,0.5682894346237968,0.5198666723520451,25818e8db66215dcd461f25e6344ab05800a4bde95e45b2fe921519a00f43768,11136bd8ad9520baffdea4b25350f338a8914befb47c8c5d5650a92759a1d4e7,geometry_alpha_0p200,0.2,,
geometry_alpha_0p200,alpha_blend,False,0.1517010992677274,0.7142994571748355,0.5389817024661894,0.7655367231638418,0.9631168831168831,2514,71,1005,1355,0.7031008719507358,0.5682894346237968,0.5198666723520451,25818e8db66215dcd461f25e6344ab05800a4bde95e45b2fe921519a00f43768,ee5b1061ce961e67eb12cd1c577343e75964bfafe9ebf7aaa046057c0dfb513d,geometry_alpha_0p200,0.2,,
geometry_alpha_0p200,alpha_blend,False,0.2,0.7395322108684022,0.5937921727395412,0.7457627118644068,0.9693506493506494,2223,59,771,1320,0.7031008719507358,0.5682894346237968,0.5198666723520451,25818e8db66215dcd461f25e6344ab05800a4bde95e45b2fe921519a00f43768,d66ef9158f57b57d91f64647c8da132716f6fe7e8c8494984937bb51e47f71c6,geometry_alpha_0p200,0.2,,
geometry_alpha_0p200,alpha_blend,False,0.25,0.7522095381845807,0.6336142786316311,0.7220338983050848,0.9755844155844156,2017,47,629,1278,0.7031008719507358,0.5682894346237968,0.5198666723520451,25818e8db66215dcd461f25e6344ab05800a4bde95e45b2fe921519a00f43768,85f42d8c4e5f9eada37144a6b57a3be575248d13510a1de1b2c098ac2ea6a008,geometry_alpha_0p200,0.2,,
geometry_alpha_0p200,alpha_blend,False,0.3,0.7624910445158937,0.6729934924078091,0.7011299435028249,0.9781818181818182,1844,42,507,1241,0.7031008719507358,0.5682894346237968,0.5198666723520451,25818e8db66215dcd461f25e6344ab05800a4bde95e45b2fe921519a00f43768,f51ca5a1f40d02db6645c9651bc9581181a582ebc4982364c38de37f2fefeb81,geometry_alpha_0p200,0.2,,
geometry_alpha_0p200,alpha_blend,False,0.35,0.7703902000763204,0.7168566286742651,0.6751412429378532,0.9823376623376623,1667,34,392,1195,0.7031008719507358,0.5682894346237968,0.5198666723520451,25818e8db66215dcd461f25e6344ab05800a4bde95e45b2fe921519a00f43768,5f6983c416c17c4f52906dfe88c988bd376cd6476bd32c774d69f826843df1f5,geometry_alpha_0p200,0.2,,
geometry_alpha_0p200,alpha_blend,False,0.4,0.7708456578376797,0.7456310679611651,0.6508474576271186,0.985974025974026,1545,27,324,1152,0.7031008719507358,0.5682894346237968,0.5198666723520451,25818e8db66215dcd461f25e6344ab05800a4bde95e45b2fe921519a00f43768,69f2203540352752189187479833c7df4138e661abb4367209bccfca45bf4de9,geometry_alpha_0p200,0.2,,
geometry_alpha_0p200,alpha_blend,False,0.5,0.7709145096460146,0.8110355253212396,0.6062146892655367,0.9911688311688311,1323,17,207,1073,0.7031008719507358,0.5682894346237968,0.5198666723520451,25818e8db66215dcd461f25e6344ab05800a4bde95e45b2fe921519a00f43768,ea6163370ba809cba68467e0047041aea986f225dca32f9af2316dca21f7fa1f,geometry_alpha_0p200,0.2,,
geometry_alpha_0p200,alpha_blend,False,0.5312274456195387,0.7667057895939863,0.8289578361177407,0.5887005649717514,0.9922077922077922,1257,15,174,1042,0.7031008719507358,0.5682894346237968,0.5198666723520451,25818e8db66215dcd461f25e6344ab05800a4bde95e45b2fe921519a00f43768,6d106ffa225d575861ca346bba98fe5198bd0f6bf7aab439c9349bc6fe3ffe1a,geometry_alpha_0p200,0.2,,
geometry_alpha_0p200,alpha_blend,False,0.6,0.7538538156913136,0.8664292074799644,0.5497175141242938,0.9937662337662337,1123,12,118,973,0.7031008719507358,0.5682894346237968,0.5198666723520451,25818e8db66215dcd461f25e6344ab05800a4bde95e45b2fe921519a00f43768,5baa1de1ebb328d74991c8627f0e610490d6d8a5a782ccbbd5520fc92d910fe6,geometry_alpha_0p200,0.2,,
geometry_alpha_0p200,alpha_blend,False,0.7,0.7097099902071702,0.9056399132321041,0.4717514124293785,0.9968831168831169,922,6,69,835,0.7031008719507358,0.5682894346237968,0.5198666723520451,25818e8db66215dcd461f25e6344ab05800a4bde95e45b2fe921519a00f43768,1c9710fb533702463288d584a8762b3f55a5e083607b13063e3aa6355f836e32,geometry_alpha_0p200,0.2,,
geometry_alpha_0p200,alpha_blend,False,0.8,0.6410134404337023,0.953257790368272,0.38022598870056495,0.9989610389610389,706,2,25,673,0.7031008719507358,0.5682894346237968,0.5198666723520451,25818e8db66215dcd461f25e6344ab05800a4bde95e45b2fe921519a00f43768,f9d15812577ddb40d5780d1b9af11c88f834f51be5e6ad154b30d26692107682,geometry_alpha_0p200,0.2,,
geometry_alpha_0p200,alpha_blend,False,0.8304135607775319,0.6048648168881179,0.9634340222575517,0.3423728813559322,0.9989610389610389,629,2,17,606,0.7031008719507358,0.5682894346237968,0.5198666723520451,25818e8db66215dcd461f25e6344ab05800a4bde95e45b2fe921519a00f43768,8cbc25f9514c4bd47a3eab1e34b622fff3df6d7d634581a5a5082cb765bffb1e,geometry_alpha_0p200,0.2,,
geometry_alpha_0p200,alpha_blend,False,0.9,0.46806039488966317,0.9829268292682927,0.22768361581920904,1.0,410,0,5,403,0.7031008719507358,0.5682894346237968,0.5198666723520451,25818e8db66215dcd461f25e6344ab05800a4bde95e45b2fe921519a00f43768,df077cc4e6ab5993100d4dc4771c606753167df3e993a1fcf098a64a1ba650cc,geometry_alpha_0p200,0.2,,
geometry_alpha_0p200,alpha_blend,False,0.9833379352539227,0.001693002257336343,1.0,0.0005649717514124294,1.0,1,0,0,1,0.7031008719507358,0.5682894346237968,0.5198666723520451,25818e8db66215dcd461f25e6344ab05800a4bde95e45b2fe921519a00f43768,3bc84dbea1efbb2ed1e12876be81779c7cc248038773b482c76aa917a6211173,geometry_alpha_0p200,0.2,,
geometry_alpha_0p400,alpha_blend,False,0.013934261274305953,0.3412403889921587,0.1582688023761536,0.8429378531073446,0.7771428571428571,9427,429,7194,1492,0.7031008719507358,0.5682894346237968,0.5198666723520451,d3a6d766280980b2381297076b3122cbb59a661c31438a23af05208b27676aeb,5e1c21807d46decbf027f97c03f044929d22262bf1765a2178a8beacc7d17eec,geometry_alpha_0p400,0.4,,
geometry_alpha_0p400,alpha_blend,False,0.031385050320312614,0.4518398304324908,0.23420843277645187,0.831638418079096,0.8566233766233766,6285,276,4325,1472,0.7031008719507358,0.5682894346237968,0.5198666723520451,d3a6d766280980b2381297076b3122cbb59a661c31438a23af05208b27676aeb,8d54de1127e0335fb59abd272a03ea98e311c3d59c0ce844b0f20fd482b33e13,geometry_alpha_0p400,0.4,,
geometry_alpha_0p400,alpha_blend,False,0.05,0.5246499574270196,0.2952014577849767,0.823728813559322,0.8955844155844156,4939,201,3108,1458,0.7031008719507358,0.5682894346237968,0.5198666723520451,d3a6d766280980b2381297076b3122cbb59a661c31438a23af05208b27676aeb,9b2da166d8499ece4b2832b6ec072cd9d7bd5b2140df41ffd40116a4c303d787,geometry_alpha_0p400,0.4,,
geometry_alpha_0p400,alpha_blend,False,0.08824221759001324,0.6074278891472381,0.3797401219835587,0.8090395480225989,0.935064935064935,3771,125,2078,1432,0.7031008719507358,0.5682894346237968,0.5198666723520451,d3a6d766280980b2381297076b3122cbb59a661c31438a23af05208b27676aeb,0b530684c6aa9d21d0ebbdec257d394b0667bf4a5b793a479b82ec645c54b7cb,geometry_alpha_0p400,0.4,,
geometry_alpha_0p400,alpha_blend,False,0.1,0.624835777459987,0.4006167647883375,0.8073446327683615,0.9376623376623376,3567,120,1893,1429,0.7031008719507358,0.5682894346237968,0.5198666723520451,d3a6d766280980b2381297076b3122cbb59a661c31438a23af05208b27676aeb,6490aee3e8b4de51a2c55c3f4cd0c13d5f749302b9b7f34b3e6775d34b0926ea,geometry_alpha_0p400,0.4,,
geometry_alpha_0p400,alpha_blend,False,0.15,0.6768270651188056,0.4719405003380663,0.7887005649717514,0.9563636363636363,2958,84,1376,1396,0.7031008719507358,0.5682894346237968,0.5198666723520451,d3a6d766280980b2381297076b3122cbb59a661c31438a23af05208b27676aeb,0a9fd0eadc7e55dafa949dab384215e88f831dee4576bf8681f7f2a94755fbc1,geometry_alpha_0p400,0.4,,
geometry_alpha_0p400,alpha_blend,False,0.2,0.7055432402193497,0.5217889908256881,0.7711864406779662,0.9625974025974026,2616,72,1089,1365,0.7031008719507358,0.5682894346237968,0.5198666723520451,d3a6d766280980b2381297076b3122cbb59a661c31438a23af05208b27676aeb,93b5e497107e941fb1571f20e6b69c2f94d217fe82903390693cfe140997ef0e,geometry_alpha_0p400,0.4,,
geometry_alpha_0p400,alpha_blend,False,0.22018130490665763,0.7150589649701853,0.5389817024661894,0.7655367231638418,0.9672727272727273,2514,63,1014,1355,0.7031008719507358,0.5682894346237968,0.5198666723520451,d3a6d766280980b2381297076b3122cbb59a661c31438a23af05208b27676aeb,2cd8dfe3870cc5e78eaac58c21823e7f842eee8284742e918bb49ce2a234e110,geometry_alpha_0p400,0.4,,
geometry_alpha_0p400,alpha_blend,False,0.25,0.7271432594557602,0.5653829877274651,0.7548022598870057,0.9688311688311688,2363,60,891,1336,0.7031008719507358,0.5682894346237968,0.5198666723520451,d3a6d766280980b2381297076b3122cbb59a661c31438a23af05208b27676aeb,7687a865f9a3b2fb7fb441d585286ded2d9778b3482681ddbec8434174b0d7ec,geometry_alpha_0p400,0.4,,
geometry_alpha_0p400,alpha_blend,False,0.3,0.7434598868509227,0.6043397968605725,0.7395480225988701,0.9724675324675325,2166,53,733,1309,0.7031008719507358,0.5682894346237968,0.5198666723520451,d3a6d766280980b2381297076b3122cbb59a661c31438a23af05208b27676aeb,72a1b2e1f4e062e32ff012dbe4c68774b8129e85fb5072c825fdd5e33c7786a6,geometry_alpha_0p400,0.4,,
geometry_alpha_0p400,alpha_blend,False,0.35,0.7537726081113828,0.6382765531062125,0.7197740112994351,0.9766233766233766,1996,45,617,1274,0.7031008719507358,0.5682894346237968,0.5198666723520451,d3a6d766280980b2381297076b3122cbb59a661c31438a23af05208b27676aeb,ba52f9f5d4bf1ec8c77c98dfd231c56bb3933a185435c28ded2c1e40c1c4cbdf,geometry_alpha_0p400,0.4,,
geometry_alpha_0p400,alpha_blend,False,0.4,0.763576277629464,0.6735357917570499,0.7016949152542373,0.9812987012987013,1844,36,512,1242,0.7031008719507358,0.5682894346237968,0.5198666723520451,d3a6d766280980b2381297076b3122cbb59a661c31438a23af05208b27676aeb,0c160cc35b92def860afadc9f6ab87f88f26070202d5975ef8164a8e1f01f876,geometry_alpha_0p400,0.4,,
geometry_alpha_0p400,alpha_blend,False,0.5,0.7721702099156009,0.7456423499031634,0.652542372881356,0.9885714285714285,1549,22,328,1155,0.7031008719507358,0.5682894346237968,0.5198666723520451,d3a6d766280980b2381297076b3122cbb59a661c31438a23af05208b27676aeb,14a6e48cfb9eab487dfc030cb16ed53ca995302605001026c26812c12bfb6d3a,geometry_alpha_0p400,0.4,,
geometry_alpha_0p400,alpha_blend,False,0.6,0.7697511207296337,0.8153256704980842,0.6011299435028249,0.9927272727272727,1305,14,200,1064,0.7031008719507358,0.5682894346237968,0.5198666723520451,d3a6d766280980b2381297076b3122cbb59a661c31438a23af05208b27676aeb,43936900bd0b57084cf64c91e7816eb701a56ded68a95f2b4273afceb11c681a,geometry_alpha_0p400,0.4,,
geometry_alpha_0p400,alpha_blend,False,0.6221018222594982,0.7673554342631486,0.8297533810660302,0.5892655367231638,0.9927272727272727,1257,14,174,1043,0.7031008719507358,0.5682894346237968,0.5198666723520451,d3a6d766280980b2381297076b3122cbb59a661c31438a23af05208b27676aeb,e9a0f93dc71cce87cae7881b663df31c369b38ffee0c12794fd48be295340d3f,geometry_alpha_0p400,0.4,,
geometry_alpha_0p400,alpha_blend,False,0.7,0.7469548911376416,0.876040703052729,0.5350282485875706,0.9942857142857143,1081,11,105,947,0.7031008719507358,0.5682894346237968,0.5198666723520451,d3a6d766280980b2381297076b3122cbb59a661c31438a23af05208b27676aeb,40e1fae146446a03ad9d2d98e7217710b8d23d34192b20a87c68e0fcf784e9fe,geometry_alpha_0p400,0.4,,
geometry_alpha_0p400,alpha_blend,False,0.8,0.6910542006358236,0.9287410926365796,0.44180790960451977,0.9989610389610389,842,2,49,782,0.7031008719507358,0.5682894346237968,0.5198666723520451,d3a6d766280980b2381297076b3122cbb59a661c31438a23af05208b27676aeb,cecb8d8e9dbcd92e1b000ba8e59e1f28c4474c5c4b9a2c0b79e0931f4f5ee664,geometry_alpha_0p400,0.4,,
geometry_alpha_0p400,alpha_blend,False,0.8690837937517016,0.6048648168881179,0.9634340222575517,0.3423728813559322,0.9989610389610389,629,2,17,606,0.7031008719507358,0.5682894346237968,0.5198666723520451,d3a6d766280980b2381297076b3122cbb59a661c31438a23af05208b27676aeb,97aa085acd7721ad66de9312fbce614372f96ec3f320c412476fb6929cc72e71,geometry_alpha_0p400,0.4,,
geometry_alpha_0p400,alpha_blend,False,0.9,0.5317889164952186,0.9722222222222222,0.2768361581920904,0.9994805194805195,504,1,10,490,0.7031008719507358,0.5682894346237968,0.5198666723520451,d3a6d766280980b2381297076b3122cbb59a661c31438a23af05208b27676aeb,ffa43548ca4ce56f3701dbbe30b88327c469810973458fd66266af3df1e076a6,geometry_alpha_0p400,0.4,,
geometry_alpha_0p400,alpha_blend,False,0.9869356680809347,0.001693002257336343,1.0,0.0005649717514124294,1.0,1,0,0,1,0.7031008719507358,0.5682894346237968,0.5198666723520451,d3a6d766280980b2381297076b3122cbb59a661c31438a23af05208b27676aeb,3bc84dbea1efbb2ed1e12876be81779c7cc248038773b482c76aa917a6211173,geometry_alpha_0p400,0.4,,
geometry_alpha_0p600,alpha_blend,False,0.019683860334239668,0.34180250188246086,0.1582688023761536,0.8429378531073446,0.785974025974026,9427,412,7220,1492,0.7031008719507358,0.5682894346237968,0.5198666723520451,1397eb3a694536a68400d151c6950beb363bd006dfd2789cb546d03540e5c667,d195216d92fea7d26231984baf63922ad4a8d62c0a766e1fd4baf7322adbf364,geometry_alpha_0p600,0.6,,
geometry_alpha_0p600,alpha_blend,False,0.043944370537936345,0.45208011353895045,0.23420843277645187,0.831638418079096,0.8592207792207792,6285,271,4337,1472,0.7031008719507358,0.5682894346237968,0.5198666723520451,1397eb3a694536a68400d151c6950beb363bd006dfd2789cb546d03540e5c667,f59528158242e0a1e4a4ce6af08f094bcb4f7eb5641f47d193b1a9b43a9f5b70,geometry_alpha_0p600,0.6,,
geometry_alpha_0p600,alpha_blend,False,0.05,0.4727917231945895,0.2503408316291752,0.8299435028248587,0.8727272727272728,5868,245,3960,1469,0.7031008719507358,0.5682894346237968,0.5198666723520451,1397eb3a694536a68400d151c6950beb363bd006dfd2789cb546d03540e5c667,d6984eb9d71616aa3dc2e3386f0756b72ed9e89c2b0d4d62ce07f350c59920a3,geometry_alpha_0p600,0.6,,
geometry_alpha_0p600,alpha_blend,False,0.1,0.5832039745874735,0.3518968871595331,0.8175141242937853,0.9267532467532468,4112,141,2382,1447,0.7031008719507358,0.5682894346237968,0.5198666723520451,1397eb3a694536a68400d151c6950beb363bd006dfd2789cb546d03540e5c667,9fc07b85b0191ddc0f7e86092ae2ef420e41e1a26c39463368f84e0b1ac72526,geometry_alpha_0p600,0.6,,
geometry_alpha_0p600,alpha_blend,False,0.12050887718238376,0.6078332901288175,0.3800053036329886,0.8096045197740113,0.9355844155844156,3771,124,2081,1433,0.7031008719507358,0.5682894346237968,0.5198666723520451,1397eb3a694536a68400d151c6950beb363bd006dfd2789cb546d03540e5c667,f0f3c7f23d0042a3530e1e40fb4c4aef49244cdc1fc2487a7fe36a1c640cb6f0,geometry_alpha_0p600,0.6,,
geometry_alpha_0p600,alpha_blend,False,0.15,0.6396599718480614,0.41904202174551863,0.8056497175141243,0.9412987012987013,3403,113,1743,1426,0.7031008719507358,0.5682894346237968,0.5198666723520451,1397eb3a694536a68400d151c6950beb363bd006dfd2789cb546d03540e5c667,bd3ffc0cbaf3c58fda6c785cee9f28d77a35858236c674d9ff6f2f5e8b377066,geometry_alpha_0p600,0.6,,
geometry_alpha_0p600,alpha_blend,False,0.2,0.6779153399632915,0.47279486312943564,0.7903954802259887,0.9568831168831169,2959,83,1377,1399,0.7031008719507358,0.5682894346237968,0.5198666723520451,1397eb3a694536a68400d151c6950beb363bd006dfd2789cb546d03540e5c667,b86e7ead256a22de287b91b1a27d5a4eadf43ba9eb98b0f2fc3835a0f0874578,geometry_alpha_0p600,0.6,,
geometry_alpha_0p600,alpha_blend,False,0.25,0.7013112055989622,0.5127055306427504,0.7751412429378531,0.9641558441558442,2676,69,1144,1372,0.7031008719507358,0.5682894346237968,0.5198666723520451,1397eb3a694536a68400d151c6950beb363bd006dfd2789cb546d03540e5c667,3abafa7fc834824d18462f45a5061d4674ad9a5e1e3daba8b290d6c3ad5c92c4,geometry_alpha_0p600,0.6,,
geometry_alpha_0p600,alpha_blend,False,0.2882568042268608,0.7130687572230232,0.5369928400954654,0.7627118644067796,0.9672727272727273,2514,63,1018,1350,0.7031008719507358,0.5682894346237968,0.5198666723520451,1397eb3a694536a68400d151c6950beb363bd006dfd2789cb546d03540e5c667,7a4e70c6f5c3c01122e9855113c22463378a5b2d66410792960c218369c5ebc0,geometry_alpha_0p600,0.6,,
geometry_alpha_0p600,alpha_blend,False,0.3,0.7163576177518445,0.5443499392466585,0.7593220338983051,0.9672727272727273,2469,63,983,1344,0.7031008719507358,0.5682894346237968,0.5198666723520451,1397eb3a694536a68400d151c6950beb363bd006dfd2789cb546d03540e5c667,3ba153fcebd692d50ba57c3a008ec9e43ce66fda28fcc095b01f8d54152292e3,geometry_alpha_0p600,0.6,,
geometry_alpha_0p600,alpha_blend,False,0.35,0.7357625701280097,0.5832235397452789,0.7502824858757062,0.9709090909090909,2277,56,819,1328,0.7031008719507358,0.5682894346237968,0.5198666723520451,1397eb3a694536a68400d151c6950beb363bd006dfd2789cb546d03540e5c667,41e1901ed8062d8d34e7c139bca42556d90cf5e248532fd759201db8d1230178,geometry_alpha_0p600,0.6,,
geometry_alpha_0p600,alpha_blend,False,0.4,0.7488839485123143,0.616548463356974,0.7367231638418079,0.974025974025974,2115,50,695,1304,0.7031008719507358,0.5682894346237968,0.5198666723520451,1397eb3a694536a68400d151c6950beb363bd006dfd2789cb546d03540e5c667,9dd451b0191b5ee3c51e51d19aeda0eddae938de13d5966a9e7e35c6263a4f48,geometry_alpha_0p600,0.6,,
geometry_alpha_0p600,alpha_blend,False,0.5,0.7614679456099281,0.6699081577525662,0.7005649717514124,0.9807792207792208,1851,37,522,1240,0.7031008719507358,0.5682894346237968,0.5198666723520451,1397eb3a694536a68400d151c6950beb363bd006dfd2789cb546d03540e5c667,a31a1027c129f7ebe653980c3d019772ada4b5b8a96b20dc818d674305d46b0e,geometry_alpha_0p600,0.6,,
geometry_alpha_0p600,alpha_blend,False,0.6,0.7734775705298245,0.745186136071887,0.6559322033898305,0.9880519480519481,1558,23,329,1161,0.7031008719507358,0.5682894346237968,0.5198666723520451,1397eb3a694536a68400d151c6950beb363bd006dfd2789cb546d03540e5c667,5479db0fe8fb47513b6bae2ff91f6497ff945e1fba1d208fa3a5b71e9db4a317,geometry_alpha_0p600,0.6,,
geometry_alpha_0p600,alpha_blend,False,0.7,0.771463847353743,0.8176245210727969,0.6028248587570622,0.9932467532467533,1305,13,198,1067,0.7031008719507358,0.5682894346237968,0.5198666723520451,1397eb3a694536a68400d151c6950beb363bd006dfd2789cb546d03540e5c667,a325d4e229da0dce1397b2be079b58ff1aa90185ef4493193ef1ea11d5604c40,geometry_alpha_0p600,0.6,,
geometry_alpha_0p600,alpha_blend,False,0.7167046286174509,0.7685509207360863,0.8313444709626094,0.5903954802259888,0.9932467532467533,1257,13,175,1045,0.7031008719507358,0.5682894346237968,0.5198666723520451,1397eb3a694536a68400d151c6950beb363bd006dfd2789cb546d03540e5c667,89d809374e515e08600c783ba235db9d3aaef1d473259fa03e8bf07005aaef18,geometry_alpha_0p600,0.6,,
geometry_alpha_0p600,alpha_blend,False,0.8,0.7396667955879546,0.8879227053140096,0.5192090395480226,0.9963636363636363,1035,7,95,919,0.7031008719507358,0.5682894346237968,0.5198666723520451,1397eb3a694536a68400d151c6950beb363bd006dfd2789cb546d03540e5c667,37c414158a2b67d8f6b40a8260a6e8f5838123aae417b7a72df45c70d5ff6432,geometry_alpha_0p600,0.6,,
geometry_alpha_0p600,alpha_blend,False,0.9,0.6233473084647314,0.9594594594594594,0.3610169491525424,0.9994805194805195,666,1,21,639,0.7031008719507358,0.5682894346237968,0.5198666723520451,1397eb3a694536a68400d151c6950beb363bd006dfd2789cb546d03540e5c667,884e011ea3ed4cbd1382990d09a2b864b12c29a5945d69d515a8ab40f0009853,geometry_alpha_0p600,0.6,,
geometry_alpha_0p600,alpha_blend,False,0.9072623338503579,0.6049282750276451,0.9634340222575517,0.3423728813559322,0.9994805194805195,629,1,18,606,0.7031008719507358,0.5682894346237968,0.5198666723520451,1397eb3a694536a68400d151c6950beb363bd006dfd2789cb546d03540e5c667,fb055deeccdb3aca494c105dfd0fca1b8400dfd3d1ac65a6e7ad9dd2e11dd2d7,geometry_alpha_0p600,0.6,,
geometry_alpha_0p600,alpha_blend,False,0.990533400907947,0.001693002257336343,1.0,0.0005649717514124294,1.0,1,0,0,1,0.7031008719507358,0.5682894346237968,0.5198666723520451,1397eb3a694536a68400d151c6950beb363bd006dfd2789cb546d03540e5c667,3bc84dbea1efbb2ed1e12876be81779c7cc248038773b482c76aa917a6211173,geometry_alpha_0p600,0.6,,
geometry_alpha_0p800,alpha_blend,False,0.025401965670601632,0.34186710572412826,0.1581627240903787,0.8423728813559322,0.7901298701298701,9427,404,7237,1491,0.7031008719507358,0.5682894346237968,0.5198666723520451,bcd559baef6c8f1db911dd7f6acded7bb600b1e7aef3ee45057ad60072e29805,0cb61c9c05005772a66b649d43b2cd9c7b48998afb00c93f1d6087167d508b5b,geometry_alpha_0p800,0.8,,
geometry_alpha_0p800,alpha_blend,False,0.05,0.4339961771725911,0.2201042442293373,0.8350282485875706,0.8535064935064935,6715,282,4740,1478,0.7031008719507358,0.5682894346237968,0.5198666723520451,bcd559baef6c8f1db911dd7f6acded7bb600b1e7aef3ee45057ad60072e29805,b082b07211c2a6b98bc23bb3e12df4974c71c4b9a13051e9cbdc8b363bc29b82,geometry_alpha_0p800,0.8,,
geometry_alpha_0p800,alpha_blend,False,0.0565375964055253,0.45216084357378894,0.23404932378679397,0.8310734463276837,0.8628571428571429,6285,264,4350,1471,0.7031008719507358,0.5682894346237968,0.5198666723520451,bcd559baef6c8f1db911dd7f6acded7bb600b1e7aef3ee45057ad60072e29805,e593290901be7845ae81a74c07110e5cf36ab5008ba6e6bdf24efe8f3ab652c5,geometry_alpha_0p800,0.8,,
geometry_alpha_0p800,alpha_blend,False,0.1,0.545684786181753,0.313915857605178,0.8220338983050848,0.9127272727272727,4635,168,2854,1455,0.7031008719507358,0.5682894346237968,0.5198666723520451,bcd559baef6c8f1db911dd7f6acded7bb600b1e7aef3ee45057ad60072e29805,7d36fc4f1984b4f859efdf9e51dfd3ceae64de22d1f064f0da3faeefc22aac3a,geometry_alpha_0p800,0.8,,
geometry_alpha_0p800,alpha_blend,False,0.15,0.6045160979898564,0.3761804826862539,0.8101694915254237,0.9345454545454546,3812,126,2119,1434,0.7031008719507358,0.5682894346237968,0.5198666723520451,bcd559baef6c8f1db911dd7f6acded7bb600b1e7aef3ee45057ad60072e29805,8b727f4c645d5e411eb025edfc22f0972a8ef678bb4fb05b30efbb1d166b7105,geometry_alpha_0p800,0.8,,
geometry_alpha_0p800,alpha_blend,False,0.1528313394233473,0.6077601694898613,0.3800053036329886,0.8096045197740113,0.935064935064935,3771,125,2080,1433,0.7031008719507358,0.5682894346237968,0.5198666723520451,bcd559baef6c8f1db911dd7f6acded7bb600b1e7aef3ee45057ad60072e29805,7f1d9213354917e6990f7d4524fd808a3c3783fe9a4f8f20e8d6e34e46b7a67c,geometry_alpha_0p800,0.8,,
geometry_alpha_0p800,alpha_blend,False,0.2,0.6490058908224878,0.43086719223771985,0.8028248587570621,0.947012987012987,3298,102,1662,1421,0.7031008719507358,0.5682894346237968,0.5198666723520451,bcd559baef6c8f1db911dd7f6acded7bb600b1e7aef3ee45057ad60072e29805,fa9a9cc39ea101fe05380b913a818923b9456a7aed4a1f5f39d9941693f07eed,geometry_alpha_0p800,0.8,,
geometry_alpha_0p800,alpha_blend,False,0.25,0.679030437241529,0.47409414155096513,0.7909604519774012,0.9574025974025974,2953,82,1371,1400,0.7031008719507358,0.5682894346237968,0.5198666723520451,bcd559baef6c8f1db911dd7f6acded7bb600b1e7aef3ee45057ad60072e29805,ae07375661910be7c6ad87908df084f5e6736437a92c9725178b64f9619c5c44,geometry_alpha_0p800,0.8,,
geometry_alpha_0p800,alpha_blend,False,0.3,0.6960391332045416,0.5038503850385039,0.7762711864406779,0.9641558441558442,2727,69,1189,1374,0.7031008719507358,0.5682894346237968,0.5198666723520451,bcd559baef6c8f1db911dd7f6acded7bb600b1e7aef3ee45057ad60072e29805,ad2ba7268db3dbaf5aeaedb89a90729979bf73e5440a031098379670a3f858c9,geometry_alpha_0p800,0.8,,
geometry_alpha_0p800,alpha_blend,False,0.35,0.7102475544562176,0.5320992516738874,0.7632768361581921,0.9667532467532467,2539,64,1039,1351,0.7031008719507358,0.5682894346237968,0.5198666723520451,bcd559baef6c8f1db911dd7f6acded7bb600b1e7aef3ee45057ad60072e29805,289cc0f540f6047c39abdaae8f8368f105f6e0d94b5a1172705756fccdbf5b15,geometry_alpha_0p800,0.8,,
geometry_alpha_0p800,alpha_blend,False,0.3566824971080783,0.7131628241707202,0.5369928400954654,0.7627118644067796,0.9677922077922078,2514,62,1021,1350,0.7031008719507358,0.5682894346237968,0.5198666723520451,bcd559baef6c8f1db911dd7f6acded7bb600b1e7aef3ee45057ad60072e29805,b3efb45ad140d823efd1e9327e8f383dede85ebaa558441aaa801ac37eebba80,geometry_alpha_0p800,0.8,,
geometry_alpha_0p800,alpha_blend,False,0.4,0.7269297871922595,0.5649597968683876,0.7542372881355932,0.9698701298701299,2363,58,895,1335,0.7031008719507358,0.5682894346237968,0.5198666723520451,bcd559baef6c8f1db911dd7f6acded7bb600b1e7aef3ee45057ad60072e29805,f69e4a90056d2dbd5730d566348187b3b5f96dfbddc4dfa6ce68ad38e75713ce,geometry_alpha_0p800,0.8,,
geometry_alpha_0p800,alpha_blend,False,0.5,0.7506105973102531,0.6216475095785441,0.7333333333333333,0.9761038961038961,2088,46,680,1298,0.7031008719507358,0.5682894346237968,0.5198666723520451,bcd559baef6c8f1db911dd7f6acded7bb600b1e7aef3ee45057ad60072e29805,a169911b609bc2a3e9389382fb6ee5e1f2a1c0cd9db8565176199cacd4627df4,geometry_alpha_0p800,0.8,,
geometry_alpha_0p800,alpha_blend,False,0.6,0.7627310990435866,0.6726384364820847,0.7,0.9823376623376623,1842,34,517,1239,0.7031008719507358,0.5682894346237968,0.5198666723520451,bcd559baef6c8f1db911dd7f6acded7bb600b1e7aef3ee45057ad60072e29805,63566d1dca21101d34f46091e71087d3be06c6cb3dc367bfcc199bbe940c9977,geometry_alpha_0p800,0.8,,
geometry_alpha_0p800,alpha_blend,False,0.7,0.7736438317302166,0.7436061381074168,0.6570621468926554,0.9890909090909091,1564,21,335,1163,0.7031008719507358,0.5682894346237968,0.5198666723520451,bcd559baef6c8f1db911dd7f6acded7bb600b1e7aef3ee45057ad60072e29805,b2ff76a7b90bfea954c30bf8a1c6e6d4df4597eae7c710dc09d77a129603f8e7,geometry_alpha_0p800,0.8,,
geometry_alpha_0p800,alpha_blend,False,0.8,0.7703899891455569,0.8178324365872406,0.6011299435028249,0.9922077922077922,1301,15,196,1064,0.7031008719507358,0.5682894346237968,0.5198666723520451,bcd559baef6c8f1db911dd7f6acded7bb600b1e7aef3ee45057ad60072e29805,09774cd7c7e349f55744772e635f578ebda42369ef6b40fb44462dfcc6ff4cbd,geometry_alpha_0p800,0.8,,
geometry_alpha_0p800,alpha_blend,False,0.8145644875973599,0.7668091445843865,0.8289578361177407,0.5887005649717514,0.9927272727272727,1257,14,178,1042,0.7031008719507358,0.5682894346237968,0.5198666723520451,bcd559baef6c8f1db911dd7f6acded7bb600b1e7aef3ee45057ad60072e29805,4793dc40f71c07610bb252c63dda86e9d02973b73bd875e6faad7ea64423633b,geometry_alpha_0p800,0.8,,
geometry_alpha_0p800,alpha_blend,False,0.9,0.7129686356666036,0.9119565217391304,0.47401129943502823,0.9984415584415585,920,3,67,839,0.7031008719507358,0.5682894346237968,0.5198666723520451,bcd559baef6c8f1db911dd7f6acded7bb600b1e7aef3ee45057ad60072e29805,439879b8d9aacdd406be96bc7341566129e6af5922a0018790f582f3d2b1bddd,geometry_alpha_0p800,0.8,,
geometry_alpha_0p800,alpha_blend,False,0.9465483492965148,0.6049282750276451,0.9634340222575517,0.3423728813559322,0.9994805194805195,629,1,18,606,0.7031008719507358,0.5682894346237968,0.5198666723520451,bcd559baef6c8f1db911dd7f6acded7bb600b1e7aef3ee45057ad60072e29805,a4820f23c72eff71df682e77aed2bd8c8026415f1a66cb8d822ac9b775da4b8f,geometry_alpha_0p800,0.8,,
geometry_alpha_0p800,alpha_blend,False,0.9945154192845225,0.001693002257336343,1.0,0.0005649717514124294,1.0,1,0,0,1,0.7031008719507358,0.5682894346237968,0.5198666723520451,bcd559baef6c8f1db911dd7f6acded7bb600b1e7aef3ee45057ad60072e29805,cf56cd31fed9bc49e7fa5a748684d87a046d366f505b14523bbaf4593a3d1faa,geometry_alpha_0p800,0.8,,
geometry_alpha_1p000,alpha_blend,False,0.031094481134396872,0.34238602643546073,0.1582688023761536,0.8429378531073446,0.7953246753246753,9427,394,7251,1492,0.7031008719507358,0.5682894346237968,0.5198666723520451,4476ba8adb54acd048373eead8c32d5548bbfcceda82914623d33fc835f2efcc,f1f4c536299141bea4c966fc5823ead4b6070b34db284ce3aa31416fef9a0c95,geometry_risk_score,1.0,,
geometry_alpha_1p000,alpha_blend,False,0.05,0.40506352708580823,0.19940836358746805,0.8378531073446328,0.8348051948051948,7437,318,5398,1483,0.7031008719507358,0.5682894346237968,0.5198666723520451,4476ba8adb54acd048373eead8c32d5548bbfcceda82914623d33fc835f2efcc,d964c762172aff8c0fe1b1f34caa633ae4fc3311dc706c4fee44b8a52fbe8dd7,geometry_risk_score,1.0,,
geometry_alpha_1p000,alpha_blend,False,0.06884335634274794,0.45230328308344925,0.23404932378679397,0.8310734463276837,0.8644155844155844,6285,261,4357,1471,0.7031008719507358,0.5682894346237968,0.5198666723520451,4476ba8adb54acd048373eead8c32d5548bbfcceda82914623d33fc835f2efcc,cd7689376dab783f8fdf815e64ae07bd2e2710d56476e7524e4f571ffa23dc7c,geometry_risk_score,1.0,,
geometry_alpha_1p000,alpha_blend,False,0.1,0.5137761406763652,0.28443579766536964,0.8259887005649718,0.8987012987012987,5140,195,3313,1462,0.7031008719507358,0.5682894346237968,0.5198666723520451,4476ba8adb54acd048373eead8c32d5548bbfcceda82914623d33fc835f2efcc,21c311f6ed056e8b911e31554c0049819dfe0e60123093addd79bfe61229bc37,geometry_risk_score,1.0,,
geometry_alpha_1p000,alpha_blend,False,0.15,0.578683069329904,0.3475024015369837,0.8175141242937853,0.9231168831168831,4164,148,2431,1447,0.7031008719507358,0.5682894346237968,0.5198666723520451,4476ba8adb54acd048373eead8c32d5548bbfcceda82914623d33fc835f2efcc,f8fedcc03acf82b39dfd12055330e3d3905d63300ad4641dbea620dafcb4ff15,geometry_risk_score,1.0,,
geometry_alpha_1p000,alpha_blend,False,0.18432248043312421,0.6077601694898613,0.3800053036329886,0.8096045197740113,0.935064935064935,3771,125,2082,1433,0.7031008719507358,0.5682894346237968,0.5198666723520451,4476ba8adb54acd048373eead8c32d5548bbfcceda82914623d33fc835f2efcc,f5e2670de4a069a1be8e83d60cb692e5e9a8037ada7f9ce88952898ec5cde04e,geometry_risk_score,1.0,,
geometry_alpha_1p000,alpha_blend,False,0.2,0.6223420595793074,0.39727928928373124,0.8084745762711865,0.9376623376623376,3602,120,1926,1431,0.7031008719507358,0.5682894346237968,0.5198666723520451,4476ba8adb54acd048373eead8c32d5548bbfcceda82914623d33fc835f2efcc,6ee33d62d9c91e1ec278bf9176e56c083dba7f7733ee8c20c78424f6afe2fc75,geometry_risk_score,1.0,,
geometry_alpha_1p000,alpha_blend,False,0.25,0.655060031269359,0.4390092879256966,0.8011299435028248,0.9490909090909091,3230,98,1606,1418,0.7031008719507358,0.5682894346237968,0.5198666723520451,4476ba8adb54acd048373eead8c32d5548bbfcceda82914623d33fc835f2efcc,cee84ccfe4f7e43b6f0a07256479ab9a5e54b5f9eea4f65cb723d928affc75ce,geometry_risk_score,1.0,,
geometry_alpha_1p000,alpha_blend,False,0.3,0.6784592856099143,0.4731328151402501,0.7909604519774012,0.957922077922078,2959,81,1378,1400,0.7031008719507358,0.5682894346237968,0.5198666723520451,4476ba8adb54acd048373eead8c32d5548bbfcceda82914623d33fc835f2efcc,80129f46076eecca5d31db24e8b9ed2534b670cec479b3b2b4edc9f642fd3d29,geometry_risk_score,1.0,,
geometry_alpha_1p000,alpha_blend,False,0.35,0.693680364597795,0.499455930359086,0.7779661016949152,0.9641558441558442,2757,69,1216,1377,0.7031008719507358,0.5682894346237968,0.5198666723520451,4476ba8adb54acd048373eead8c32d5548bbfcceda82914623d33fc835f2efcc,a4d5e9c3743a8e3b5de446fb3b92d0580b444df2123be6beb572e83e691a8f7a,geometry_risk_score,1.0,,
geometry_alpha_1p000,alpha_blend,False,0.4,0.7075739870610428,0.5257452574525745,0.7672316384180791,0.9667532467532467,2583,64,1076,1358,0.7031008719507358,0.5682894346237968,0.5198666723520451,4476ba8adb54acd048373eead8c32d5548bbfcceda82914623d33fc835f2efcc,66c1774a494f8c5778499789d58f75a4376959cfbd216972d339294df24fd631,geometry_risk_score,1.0,,
geometry_alpha_1p000,alpha_blend,False,0.4235325639344344,0.71236551616151,0.5361972951471758,0.7615819209039548,0.9677922077922078,2514,62,1023,1348,0.7031008719507358,0.5682894346237968,0.5198666723520451,4476ba8adb54acd048373eead8c32d5548bbfcceda82914623d33fc835f2efcc,d5e5ff8edb97119c6bc8c9cae0d84f14943f0de27f11e25ba1233d5c8b1f83f4,geometry_risk_score,1.0,,
geometry_alpha_1p000,alpha_blend,False,0.5,0.7340235244222167,0.5789473684210527,0.7519774011299435,0.9709090909090909,2299,56,839,1331,0.7031008719507358,0.5682894346237968,0.5198666723520451,4476ba8adb54acd048373eead8c32d5548bbfcceda82914623d33fc835f2efcc,f230325a29fcf01163256d10023cb420722540a40cafde2437397558fb9063c1,geometry_risk_score,1.0,,
geometry_alpha_1p000,alpha_blend,False,0.6,0.7508080191483697,0.6251212415130941,0.7282485875706215,0.9776623376623377,2062,43,667,1289,0.7031008719507358,0.5682894346237968,0.5198666723520451,4476ba8adb54acd048373eead8c32d5548bbfcceda82914623d33fc835f2efcc,3c2bcacc5acb79c8320ba27176666875af0369bf9a035570b8209ace4f461200,geometry_risk_score,1.0,,
geometry_alpha_1p000,alpha_blend,False,0.7,0.7629796324455185,0.67430441898527,0.6983050847457627,0.9833766233766233,1833,32,511,1236,0.7031008719507358,0.5682894346237968,0.5198666723520451,4476ba8adb54acd048373eead8c32d5548bbfcceda82914623d33fc835f2efcc,e690198b14e1b12a4c62f8d95c2cc8abd610fbe264ffba0f6698b1dc9b0b4ac0,geometry_risk_score,1.0,,
geometry_alpha_1p000,alpha_blend,False,0.8,0.7738524641565615,0.7417302798982188,0.6587570621468927,0.9896103896103896,1572,20,341,1166,0.7031008719507358,0.5682894346237968,0.5198666723520451,4476ba8adb54acd048373eead8c32d5548bbfcceda82914623d33fc835f2efcc,b4835947974354c7dc15cc3dc7432eee27e2abe7e895c092144a3dee8c3b8775,geometry_risk_score,1.0,,
geometry_alpha_1p000,alpha_blend,False,0.9,0.766569044315336,0.8161365399534523,0.5943502824858757,0.9942857142857143,1289,11,199,1052,0.7031008719507358,0.5682894346237968,0.5198666723520451,4476ba8adb54acd048373eead8c32d5548bbfcceda82914623d33fc835f2efcc,7742863cb91555a3beb93dca1969e48ac07ac0eecf93695b71b8dc1fba5b9fbd,geometry_risk_score,1.0,,
geometry_alpha_1p000,alpha_blend,False,0.9088843272510944,0.7638326661939724,0.8241845664280032,0.5853107344632769,0.9942857142857143,1257,11,185,1036,0.7031008719507358,0.5682894346237968,0.5198666723520451,4476ba8adb54acd048373eead8c32d5548bbfcceda82914623d33fc835f2efcc,8d679e8b82039cf8f8dbbbd372ffa321ea4fe185912eb7da3ca974b40c300a4c,geometry_risk_score,1.0,,
geometry_alpha_1p000,alpha_blend,False,0.986292292183281,0.6009374283793388,0.9554848966613673,0.33954802259887007,0.9994805194805195,629,1,21,601,0.7031008719507358,0.5682894346237968,0.5198666723520451,4476ba8adb54acd048373eead8c32d5548bbfcceda82914623d33fc835f2efcc,1de8a26d022eeaec50005691ce9f182b72d4041837ba3abc6bd3d26ae702172e,geometry_risk_score,1.0,,
geometry_alpha_1p000,alpha_blend,False,0.9998725386682128,0.001693002257336343,1.0,0.0005649717514124294,1.0,1,0,0,1,0.7031008719507358,0.5682894346237968,0.5198666723520451,4476ba8adb54acd048373eead8c32d5548bbfcceda82914623d33fc835f2efcc,bf9a6d1cdb503e868a5c65ea9be3801cfd0b0c0e423794b74ef94148db2eb1e9,geometry_risk_score,1.0,,
class_reliability_gamma_0p250,class_scaled_raw,True,0.001945839988900608,0.3403458751518623,0.1580566458046038,0.8418079096045198,0.7693506493506493,9427,444,7100,1490,0.7031008719507358,0.5682894346237968,0.5198666723520451,2686187fe495a910d6e8289a4e5e13bd62d1e4e056a774f627eff63d8f64bf85,6fdfd5e439372602e4e8a69d09e6fa883e8370c1429bf50daedc3f604a3a05a2,class_reliability_gamma_0p250,,0.25,
class_reliability_gamma_0p250,class_scaled_raw,True,0.005539138323121383,0.45002366933651716,0.23436754176610977,0.8322033898305085,0.8348051948051948,6285,318,4223,1473,0.7031008719507358,0.5682894346237968,0.5198666723520451,2686187fe495a910d6e8289a4e5e13bd62d1e4e056a774f627eff63d8f64bf85,aeb685a613a93b71ea623df2c57a025297e9440adda7d958bc60b793c1aa9bb6,class_reliability_gamma_0p250,,0.25,
class_reliability_gamma_0p250,class_scaled_raw,True,0.023015334952842782,0.6037192757490398,0.379209758684699,0.807909604519774,0.9137662337662338,3771,166,2027,1430,0.7031008719507358,0.5682894346237968,0.5198666723520451,2686187fe495a910d6e8289a4e5e13bd62d1e4e056a774f627eff63d8f64bf85,850934238f91326f94ec32355f74c3fa18e06daa8b7f368629babc78a0f55767,class_reliability_gamma_0p250,,0.25,
class_reliability_gamma_0p250,class_scaled_raw,True,0.05,0.6781187183922105,0.47954230235783635,0.7813559322033898,0.9444155844155844,2884,107,1291,1383,0.7031008719507358,0.5682894346237968,0.5198666723520451,2686187fe495a910d6e8289a4e5e13bd62d1e4e056a774f627eff63d8f64bf85,c58528738b9bb35ba8f55ff9ba7aecfcb1a04b2b2a1e14cd209baef0b993e932,class_reliability_gamma_0p250,,0.25,
class_reliability_gamma_0p250,class_scaled_raw,True,0.07845503508228929,0.7111712834029147,0.5369928400954654,0.7627118644067796,0.9568831168831169,2514,83,1000,1350,0.7031008719507358,0.5682894346237968,0.5198666723520451,2686187fe495a910d6e8289a4e5e13bd62d1e4e056a774f627eff63d8f64bf85,0623a9d768ffa9c16a3fe3297409885d9c0a1023d58688b914c161521cdd0bad,class_reliability_gamma_0p250,,0.25,
class_reliability_gamma_0p250,class_scaled_raw,True,0.1,0.7305480551985408,0.5762049500651324,0.7497175141242938,0.9641558441558442,2303,69,831,1327,0.7031008719507358,0.5682894346237968,0.5198666723520451,2686187fe495a910d6e8289a4e5e13bd62d1e4e056a774f627eff63d8f64bf85,68660471f96c0e319712be476e95c2da6b58954753ecc792150d4aadf60fdea8,class_reliability_gamma_0p250,,0.25,
class_reliability_gamma_0p250,class_scaled_raw,True,0.15,0.7537708112054501,0.6369521912350598,0.7225988700564971,0.9745454545454545,2008,49,618,1279,0.7031008719507358,0.5682894346237968,0.5198666723520451,2686187fe495a910d6e8289a4e5e13bd62d1e4e056a774f627eff63d8f64bf85,315543513c463436a3c2cbce6e5dbbb3a516bcdf37acc3e222982283cc266dd2,class_reliability_gamma_0p250,,0.25,
class_reliability_gamma_0p250,class_scaled_raw,True,0.2,0.764510933172648,0.6858902575587906,0.692090395480226,0.9792207792207792,1786,40,471,1225,0.7031008719507358,0.5682894346237968,0.5198666723520451,2686187fe495a910d6e8289a4e5e13bd62d1e4e056a774f627eff63d8f64bf85,e09bbe658271d17f2b35557b52bfa3767cf60075d8fdd616a37d6f92df2669d0,class_reliability_gamma_0p250,,0.25,
class_reliability_gamma_0p250,class_scaled_raw,True,0.25,0.7697824914387347,0.724095646842428,0.6672316384180791,0.9828571428571429,1631,33,374,1181,0.7031008719507358,0.5682894346237968,0.5198666723520451,2686187fe495a910d6e8289a4e5e13bd62d1e4e056a774f627eff63d8f64bf85,87619b25151b26b7fbe7db76c29b3863af3e462e4174412382c752f2b4b6bb07,class_reliability_gamma_0p250,,0.25,
class_reliability_gamma_0p250,class_scaled_raw,True,0.3,0.7727896020532736,0.7606951871657754,0.6429378531073446,0.9880519480519481,1496,23,297,1138,0.7031008719507358,0.5682894346237968,0.5198666723520451,2686187fe495a910d6e8289a4e5e13bd62d1e4e056a774f627eff63d8f64bf85,b440ac868ab86a9db0c69687812d41cf2e42a7419424939061f8541eea9d3986,class_reliability_gamma_0p250,,0.25,
class_reliability_gamma_0p250,class_scaled_raw,True,0.35,0.7723428235698769,0.7922077922077922,0.6203389830508474,0.9901298701298701,1386,19,239,1098,0.7031008719507358,0.5682894346237968,0.5198666723520451,2686187fe495a910d6e8289a4e5e13bd62d1e4e056a774f627eff63d8f64bf85,2aa9fdff8a0997b8786e08ec2e46582ca4b8c84c23ee6c63843ed36fbf1493d6,class_reliability_gamma_0p250,,0.25,
class_reliability_gamma_0p250,class_scaled_raw,True,0.4,0.7689599029599629,0.8217898832684825,0.5966101694915255,0.9916883116883117,1285,16,187,1056,0.7031008719507358,0.5682894346237968,0.5198666723520451,2686187fe495a910d6e8289a4e5e13bd62d1e4e056a774f627eff63d8f64bf85,4ab72ca55786353f20ea2a0d7405450d47c834c45ba229d160fd94bea555581d,class_reliability_gamma_0p250,,0.25,
class_reliability_gamma_0p250,class_scaled_raw,True,0.41523364179641825,0.7682395296224678,0.8313444709626094,0.5903954802259888,0.9916883116883117,1257,16,170,1045,0.7031008719507358,0.5682894346237968,0.5198666723520451,2686187fe495a910d6e8289a4e5e13bd62d1e4e056a774f627eff63d8f64bf85,a80ae8c61c2e8f648a510ec78641624b64f634da3ac5a08c03d8eddc8dfb5c79,class_reliability_gamma_0p250,,0.25,
class_reliability_gamma_0p250,class_scaled_raw,True,0.5,0.751736327231563,0.8664874551971327,0.5463276836158192,0.9937662337662337,1116,12,118,967,0.7031008719507358,0.5682894346237968,0.5198666723520451,2686187fe495a910d6e8289a4e5e13bd62d1e4e056a774f627eff63d8f64bf85,8b7bb684b014f7fea79192da3cceeed69360a49617ef27601efbfdce8603534d,class_reliability_gamma_0p250,,0.25,
class_reliability_gamma_0p250,class_scaled_raw,True,0.6,0.7113366576938353,0.9032258064516129,0.4745762711864407,0.9968831168831169,930,6,72,840,0.7031008719507358,0.5682894346237968,0.5198666723520451,2686187fe495a910d6e8289a4e5e13bd62d1e4e056a774f627eff63d8f64bf85,bcd557dba218de60e595184bb190be77aee2796d4c59084672dbce963295f335,class_reliability_gamma_0p250,,0.25,
class_reliability_gamma_0p250,class_scaled_raw,True,0.7,0.6568459275917163,0.9500674763832658,0.3977401129943503,0.9994805194805195,741,1,31,704,0.7031008719507358,0.5682894346237968,0.5198666723520451,2686187fe495a910d6e8289a4e5e13bd62d1e4e056a774f627eff63d8f64bf85,1f9011ccc106690a722767e4eb2a1a6b44952d3c2eabbb7a0654b9f47561a669,class_reliability_gamma_0p250,,0.25,
class_reliability_gamma_0p250,class_scaled_raw,True,0.7561049944049375,0.6033335317743255,0.9602543720190779,0.34124293785310733,0.9994805194805195,629,1,20,604,0.7031008719507358,0.5682894346237968,0.5198666723520451,2686187fe495a910d6e8289a4e5e13bd62d1e4e056a774f627eff63d8f64bf85,78cb22cfe1cdebad7e24d86d4319bf6c0d4ef6809644074263a6f7478059d4d7,class_reliability_gamma_0p250,,0.25,
class_reliability_gamma_0p250,class_scaled_raw,True,0.8,0.5449164313759458,0.9732313575525813,0.28757062146892653,0.9994805194805195,523,1,9,509,0.7031008719507358,0.5682894346237968,0.5198666723520451,2686187fe495a910d6e8289a4e5e13bd62d1e4e056a774f627eff63d8f64bf85,828b011ec9ed752fea6192c5660c4764a825d8217516b20b7cdce868bbd9aa53,class_reliability_gamma_0p250,,0.25,
class_reliability_gamma_0p250,class_scaled_raw,True,0.9,0.29181818181818187,0.9907407407407407,0.12090395480225989,1.0,216,0,2,214,0.7031008719507358,0.5682894346237968,0.5198666723520451,2686187fe495a910d6e8289a4e5e13bd62d1e4e056a774f627eff63d8f64bf85,5c8fd4a93a94b4e090d73dca0ee7d79646591026ae5be36f8a773ce9af9b4ab6,class_reliability_gamma_0p250,,0.25,
class_reliability_gamma_0p250,class_scaled_raw,True,0.9592823221206674,0.001693002257336343,1.0,0.0005649717514124294,1.0,1,0,0,1,0.7031008719507358,0.5682894346237968,0.5198666723520451,2686187fe495a910d6e8289a4e5e13bd62d1e4e056a774f627eff63d8f64bf85,3bc84dbea1efbb2ed1e12876be81779c7cc248038773b482c76aa917a6211173,class_reliability_gamma_0p250,,0.25,
class_reliability_gamma_0p500,class_scaled_raw,True,0.0017678019987939207,0.34037974321921605,0.1580566458046038,0.8418079096045198,0.7698701298701298,9427,443,7102,1490,0.7031008719507358,0.5682894346237968,0.5198666723520451,ae00727fc151455e8215787f5cc756f45bc7d365f761c20e229f6e1e5a1b3bbe,a58349b65c60829cb87beef8b45926ccd18847d5653ca75054c6a948145721a2,class_reliability_gamma_0p500,,0.5,
class_reliability_gamma_0p500,class_scaled_raw,True,0.005080129864575537,0.4500739645673144,0.23436754176610977,0.8322033898305085,0.8353246753246754,6285,317,4227,1473,0.7031008719507358,0.5682894346237968,0.5198666723520451,ae00727fc151455e8215787f5cc756f45bc7d365f761c20e229f6e1e5a1b3bbe,1b9918e93b819aa4dfdd2029884ef201739ee0ab3d55f287e61f67f7df1d40b4,class_reliability_gamma_0p500,,0.5,
class_reliability_gamma_0p500,class_scaled_raw,True,0.021388816778681406,0.6030606651872564,0.3786793953858393,0.8067796610169492,0.9137662337662338,3771,166,2030,1428,0.7031008719507358,0.5682894346237968,0.5198666723520451,ae00727fc151455e8215787f5cc756f45bc7d365f761c20e229f6e1e5a1b3bbe,f4cab09350c3920b11f31e677cc3ba77a39d80116862fb48a9831fb5b214aa42,class_reliability_gamma_0p500,,0.5,
class_reliability_gamma_0p500,class_scaled_raw,True,0.05,0.6849071010435225,0.49023090586145646,0.7796610169491526,0.9454545454545454,2815,105,1230,1380,0.7031008719507358,0.5682894346237968,0.5198666723520451,ae00727fc151455e8215787f5cc756f45bc7d365f761c20e229f6e1e5a1b3bbe,d871734c7c71c8886d960cebc73687b8dc4f4681d3d5d3c336db72a2295bf9a6,class_reliability_gamma_0p500,,0.5,
class_reliability_gamma_0p500,class_scaled_raw,True,0.07112848520799214,0.7140268490051364,0.5393794749403341,0.7661016949152543,0.9594805194805195,2514,78,998,1356,0.7031008719507358,0.5682894346237968,0.5198666723520451,ae00727fc151455e8215787f5cc756f45bc7d365f761c20e229f6e1e5a1b3bbe,6c985d140934dfb6379fb51109202b781eabc84f556840ece78031634d8deed9,class_reliability_gamma_0p500,,0.5,
class_reliability_gamma_0p500,class_scaled_raw,True,0.1,0.7341297400475943,0.5854092526690391,0.7435028248587571,0.9677922077922078,2248,62,797,1316,0.7031008719507358,0.5682894346237968,0.5198666723520451,ae00727fc151455e8215787f5cc756f45bc7d365f761c20e229f6e1e5a1b3bbe,a6f4bb5b8e636e50d527b8299d56a7379c2c6158b4eb3310eb8bcf892a6498f4,class_reliability_gamma_0p500,,0.5,
class_reliability_gamma_0p500,class_scaled_raw,True,0.15,0.7570823928960105,0.6479591836734694,0.7175141242937854,0.9750649350649351,1960,48,584,1270,0.7031008719507358,0.5682894346237968,0.5198666723520451,ae00727fc151455e8215787f5cc756f45bc7d365f761c20e229f6e1e5a1b3bbe,f9b0eb3e245903e34459d7bb04960f75736343b529a440dca2f4b04f5f5bcc9b,class_reliability_gamma_0p500,,0.5,
class_reliability_gamma_0p500,class_scaled_raw,True,0.2,0.7661086302441781,0.6946826758147513,0.6864406779661016,0.9807792207792208,1749,37,450,1215,0.7031008719507358,0.5682894346237968,0.5198666723520451,ae00727fc151455e8215787f5cc756f45bc7d365f761c20e229f6e1e5a1b3bbe,02beb9d43fa00bf6d72c503767b5c7eee46c6161475a52d544925f5df87e44a3,class_reliability_gamma_0p500,,0.5,
class_reliability_gamma_0p500,class_scaled_raw,True,0.25,0.7686139666528584,0.7349397590361446,0.6548022598870057,0.9849350649350649,1577,29,348,1159,0.7031008719507358,0.5682894346237968,0.5198666723520451,ae00727fc151455e8215787f5cc756f45bc7d365f761c20e229f6e1e5a1b3bbe,3dee1d53d946b303531a0f6ce61d736a3430c9bc35f902b5b7fa4273eba19ba8,class_reliability_gamma_0p500,,0.5,
class_reliability_gamma_0p500,class_scaled_raw,True,0.3,0.7744967034932158,0.7784722222222222,0.6333333333333333,0.9901298701298701,1440,19,265,1121,0.7031008719507358,0.5682894346237968,0.5198666723520451,ae00727fc151455e8215787f5cc756f45bc7d365f761c20e229f6e1e5a1b3bbe,b914e490ee2d82ee605b980e3d6f8c93a74c7618966c47c72f8666b1685538d9,class_reliability_gamma_0p500,,0.5,
class_reliability_gamma_0p500,class_scaled_raw,True,0.35,0.7731654739067606,0.8071481757259866,0.6124293785310735,0.9916883116883117,1343,16,214,1084,0.7031008719507358,0.5682894346237968,0.5198666723520451,ae00727fc151455e8215787f5cc756f45bc7d365f761c20e229f6e1e5a1b3bbe,048704c0ad343b0297f8c9174cdc1274a897f20c86c7d0bf7e626795fa11344a,class_reliability_gamma_0p500,,0.5,
class_reliability_gamma_0p500,class_scaled_raw,True,0.3915513002675892,0.7683434072931578,0.8313444709626094,0.5903954802259888,0.9922077922077922,1257,15,172,1045,0.7031008719507358,0.5682894346237968,0.5198666723520451,ae00727fc151455e8215787f5cc756f45bc7d365f761c20e229f6e1e5a1b3bbe,ef1637713a92c8a5f41bd0a209a85189f0c3c04b8b18e61340196ee74781567f,class_reliability_gamma_0p500,,0.5,
class_reliability_gamma_0p500,class_scaled_raw,True,0.4,0.7660923062600371,0.83589329021827,0.584180790960452,0.9922077922077922,1237,15,164,1034,0.7031008719507358,0.5682894346237968,0.5198666723520451,ae00727fc151455e8215787f5cc756f45bc7d365f761c20e229f6e1e5a1b3bbe,6f84d147d2094d744f744c7d964e14846341bebccf48788b775550c0b2a31324,class_reliability_gamma_0p500,,0.5,
class_reliability_gamma_0p500,class_scaled_raw,True,0.5,0.7394316757208523,0.88,0.5220338983050847,0.9948051948051948,1050,10,99,924,0.7031008719507358,0.5682894346237968,0.5198666723520451,ae00727fc151455e8215787f5cc756f45bc7d365f761c20e229f6e1e5a1b3bbe,9f4496ea223d8b3257518ce4b90b8db39fc7d90291fecd5c4683b5c62119dd5c,class_reliability_gamma_0p500,,0.5,
class_reliability_gamma_0p500,class_scaled_raw,True,0.6,0.694733409216477,0.9200463499420626,0.4485875706214689,0.9979220779220779,863,4,59,794,0.7031008719507358,0.5682894346237968,0.5198666723520451,ae00727fc151455e8215787f5cc756f45bc7d365f761c20e229f6e1e5a1b3bbe,655d0067bace2e635019e756e6bffa7104e34c84a93b27a427a5130221170c11,class_reliability_gamma_0p500,,0.5,
class_reliability_gamma_0p500,class_scaled_raw,True,0.7,0.627838677318379,0.9557522123893806,0.36610169491525424,0.9994805194805195,678,1,24,648,0.7031008719507358,0.5682894346237968,0.5198666723520451,ae00727fc151455e8215787f5cc756f45bc7d365f761c20e229f6e1e5a1b3bbe,cc82d18fb142e66e14f3952e868140ed19af4227a8d276b67906541b151cd770,class_reliability_gamma_0p500,,0.5,
class_reliability_gamma_0p500,class_scaled_raw,True,0.7271137438358032,0.6017366620221296,0.9570747217806042,0.34011299435028247,0.9994805194805195,629,1,22,602,0.7031008719507358,0.5682894346237968,0.5198666723520451,ae00727fc151455e8215787f5cc756f45bc7d365f761c20e229f6e1e5a1b3bbe,4cafa7563fd53b76164c1f71cb74b0c5315a44de197349a72b4cab1101880461,class_reliability_gamma_0p500,,0.5,
class_reliability_gamma_0p500,class_scaled_raw,True,0.8,0.4986465472556585,0.9715536105032823,0.25084745762711863,0.9994805194805195,457,1,9,444,0.7031008719507358,0.5682894346237968,0.5198666723520451,ae00727fc151455e8215787f5cc756f45bc7d365f761c20e229f6e1e5a1b3bbe,02e966c94ce1cb93461991a465da11c5e1115c1b5f805a86c52c938b3644bbf9,class_reliability_gamma_0p500,,0.5,
class_reliability_gamma_0p500,class_scaled_raw,True,0.9,0.1411764705882353,0.989247311827957,0.0519774011299435,1.0,93,0,1,92,0.7031008719507358,0.5682894346237968,0.5198666723520451,ae00727fc151455e8215787f5cc756f45bc7d365f761c20e229f6e1e5a1b3bbe,5c7ab463106f33a50c664b2d227cbf0a3f6588e6792bae62c5aa5c290fd0cb67,class_reliability_gamma_0p500,,0.5,
class_reliability_gamma_0p500,class_scaled_raw,True,0.9531770348548888,0.001693002257336343,1.0,0.0005649717514124294,1.0,1,0,0,1,0.7031008719507358,0.5682894346237968,0.5198666723520451,ae00727fc151455e8215787f5cc756f45bc7d365f761c20e229f6e1e5a1b3bbe,953bc5844da66e693fabab56a53d6153b4fb0303245934a03302b21a2cb52c43,class_reliability_gamma_0p500,,0.5,
class_reliability_gamma_0p750,class_scaled_raw,True,0.0016070573080519358,0.3406083677366941,0.1581627240903787,0.8423728813559322,0.7703896103896104,9427,442,7109,1491,0.7031008719507358,0.5682894346237968,0.5198666723520451,90e58d9e245d782eed28fdcf7d6695968a62338f4c5b7fc53bdf47d0b61a69ec,984346d1bcea5960aa308bb0e6ac3b383b9afc7039364c7fbb033c2d15e66fbf,class_reliability_gamma_0p750,,0.75,
class_reliability_gamma_0p750,class_scaled_raw,True,0.004670540119006767,0.4501744012224695,0.23436754176610977,0.8322033898305085,0.8363636363636364,6285,315,4231,1473,0.7031008719507358,0.5682894346237968,0.5198666723520451,90e58d9e245d782eed28fdcf7d6695968a62338f4c5b7fc53bdf47d0b61a69ec,10d3fc86f447c476d0c4d501fa09d757e38fb9ba6bffccd4d3cd58c6ac4acad1,class_reliability_gamma_0p750,,0.75,
class_reliability_gamma_0p750,class_scaled_raw,True,0.019636837622813513,0.6027312076893165,0.37841421373640943,0.8062146892655367,0.9137662337662338,3771,166,2031,1427,0.7031008719507358,0.5682894346237968,0.5198666723520451,90e58d9e245d782eed28fdcf7d6695968a62338f4c5b7fc53bdf47d0b61a69ec,376e2ceab3dad3d428bdb028fda466d3f92edee0630cfda1dd465688d769e664,class_reliability_gamma_0p750,,0.75,
class_reliability_gamma_0p750,class_scaled_raw,True,0.05,0.6932253837772231,0.5032967032967033,0.7762711864406779,0.9501298701298702,2730,96,1164,1374,0.7031008719507358,0.5682894346237968,0.5198666723520451,90e58d9e245d782eed28fdcf7d6695968a62338f4c5b7fc53bdf47d0b61a69ec,02630454904b515dba5efa65b042a5e2cef2c43805caa87cd98b613b80ad2834,class_reliability_gamma_0p750,,0.75,
class_reliability_gamma_0p750,class_scaled_raw,True,0.06563322828762308,0.7145186886157041,0.539777247414479,0.7666666666666667,0.96,2514,77,996,1357,0.7031008719507358,0.5682894346237968,0.5198666723520451,90e58d9e245d782eed28fdcf7d6695968a62338f4c5b7fc53bdf47d0b61a69ec,c7d9feb043bf59a820e9b8947f69bfe5c803b17659e4d32a13cc79b0fb046dfd,class_reliability_gamma_0p750,,0.75,
class_reliability_gamma_0p750,class_scaled_raw,True,0.1,0.7391655032533806,0.597985347985348,0.7378531073446327,0.9698701298701299,2184,58,750,1306,0.7031008719507358,0.5682894346237968,0.5198666723520451,90e58d9e245d782eed28fdcf7d6695968a62338f4c5b7fc53bdf47d0b61a69ec,5e7514f0a5a00e7e36e505721d20745c83481b1a8d586367a4ba18399830ef13,class_reliability_gamma_0p750,,0.75,
class_reliability_gamma_0p750,class_scaled_raw,True,0.15,0.759566526460605,0.6606860158311345,0.7073446327683616,0.9781818181818182,1895,42,546,1252,0.7031008719507358,0.5682894346237968,0.5198666723520451,90e58d9e245d782eed28fdcf7d6695968a62338f4c5b7fc53bdf47d0b61a69ec,2b9004912d77d6b75fa612f3dd68b4ac13d5609972066558c8a89c6e745e7be2,class_reliability_gamma_0p750,,0.75,
class_reliability_gamma_0p750,class_scaled_raw,True,0.2,0.7659015969585345,0.7032902467685076,0.676271186440678,0.9838961038961039,1702,31,430,1197,0.7031008719507358,0.5682894346237968,0.5198666723520451,90e58d9e245d782eed28fdcf7d6695968a62338f4c5b7fc53bdf47d0b61a69ec,4e276176ca71ff6ed1afe655ea371be133a54fdf0dd169cfb595060960d96016,class_reliability_gamma_0p750,,0.75,
class_reliability_gamma_0p750,class_scaled_raw,True,0.25,0.7726153237141955,0.7541091387245233,0.6480225988700565,0.9864935064935065,1521,26,311,1147,0.7031008719507358,0.5682894346237968,0.5198666723520451,90e58d9e245d782eed28fdcf7d6695968a62338f4c5b7fc53bdf47d0b61a69ec,91b785ad5ef41308843acb7aaf2f27f912b71ddd41a10d5ad7cf9bc21b2c7267,class_reliability_gamma_0p750,,0.75,
class_reliability_gamma_0p750,class_scaled_raw,True,0.3,0.7725379033648462,0.7888332140300645,0.6225988700564972,0.9906493506493507,1397,18,246,1102,0.7031008719507358,0.5682894346237968,0.5198666723520451,90e58d9e245d782eed28fdcf7d6695968a62338f4c5b7fc53bdf47d0b61a69ec,5d8561639b045fe3cbcfda32f21a6616cebaced7fdf9c0119aec718ae6cb7285,class_reliability_gamma_0p750,,0.75,
class_reliability_gamma_0p750,class_scaled_raw,True,0.35,0.7692944269414169,0.8190255220417634,0.5983050847457627,0.9927272727272727,1293,14,193,1059,0.7031008719507358,0.5682894346237968,0.5198666723520451,90e58d9e245d782eed28fdcf7d6695968a62338f4c5b7fc53bdf47d0b61a69ec,06941c56064fa162ef45f8e7da1fe50a582763fd89f4cc1c13f7bc9a12b69cb1,class_reliability_gamma_0p750,,0.75,
class_reliability_gamma_0p750,class_scaled_raw,True,0.36507787482292003,0.7673554342631486,0.8297533810660302,0.5892655367231638,0.9927272727272727,1257,14,175,1043,0.7031008719507358,0.5682894346237968,0.5198666723520451,90e58d9e245d782eed28fdcf7d6695968a62338f4c5b7fc53bdf47d0b61a69ec,1655b23de6e15d18b10b71f2e27b41b03f6d264667d3e1a67a61960999f624ab,class_reliability_gamma_0p750,,0.75,
class_reliability_gamma_0p750,class_scaled_raw,True,0.4,0.7609618562154098,0.8464765100671141,0.5700564971751413,0.9932467532467533,1192,13,148,1009,0.7031008719507358,0.5682894346237968,0.5198666723520451,90e58d9e245d782eed28fdcf7d6695968a62338f4c5b7fc53bdf47d0b61a69ec,29b3f6b65cd48dd90f3778f8a01e008440badbd937d5520239015b4fdedcc716,class_reliability_gamma_0p750,,0.75,
class_reliability_gamma_0p750,class_scaled_raw,True,0.5,0.7246777544724702,0.8881048387096774,0.4977401129943503,0.9953246753246753,992,9,86,881,0.7031008719507358,0.5682894346237968,0.5198666723520451,90e58d9e245d782eed28fdcf7d6695968a62338f4c5b7fc53bdf47d0b61a69ec,258bbd6eca656f6b1ba8f8051d4c2f7e6710290e260ba7ff19e195914fc31e05,class_reliability_gamma_0p750,,0.75,
class_reliability_gamma_0p750,class_scaled_raw,True,0.6,0.6790559427484487,0.9222357229647631,0.4288135593220339,0.9984415584415585,823,3,55,759,0.7031008719507358,0.5682894346237968,0.5198666723520451,90e58d9e245d782eed28fdcf7d6695968a62338f4c5b7fc53bdf47d0b61a69ec,0241954155f2e177e011732bfe5536c87ffa60d7fbab5639a1dbbb2d083ec9ae,class_reliability_gamma_0p750,,0.75,
class_reliability_gamma_0p750,class_scaled_raw,True,0.6962768866130614,0.6009374283793388,0.9554848966613673,0.33954802259887007,0.9994805194805195,629,1,23,601,0.7031008719507358,0.5682894346237968,0.5198666723520451,90e58d9e245d782eed28fdcf7d6695968a62338f4c5b7fc53bdf47d0b61a69ec,e439f85b74fd1d118466bba41ecbe7f82eac9166336dfe76a3f808884a280e3b,class_reliability_gamma_0p750,,0.75,
class_reliability_gamma_0p750,class_scaled_raw,True,0.7,0.5993363580957539,0.9568,0.33785310734463275,0.9994805194805195,625,1,22,598,0.7031008719507358,0.5682894346237968,0.5198666723520451,90e58d9e245d782eed28fdcf7d6695968a62338f4c5b7fc53bdf47d0b61a69ec,74fc3d70639cf16576a165b2542ca6d70ba9da0d6242c2c6eebcc0ef39316262,class_reliability_gamma_0p750,,0.75,
class_reliability_gamma_0p750,class_scaled_raw,True,0.8,0.46624140542080184,0.980440097799511,0.22655367231638418,0.9994805194805195,409,1,5,401,0.7031008719507358,0.5682894346237968,0.5198666723520451,90e58d9e245d782eed28fdcf7d6695968a62338f4c5b7fc53bdf47d0b61a69ec,c5270915d557f18701d82f3f398598a52da7c166079533d60961229fb60c8064,class_reliability_gamma_0p750,,0.75,
class_reliability_gamma_0p750,class_scaled_raw,True,0.9,0.02990033222591362,1.0,0.010169491525423728,1.0,18,0,0,18,0.7031008719507358,0.5682894346237968,0.5198666723520451,90e58d9e245d782eed28fdcf7d6695968a62338f4c5b7fc53bdf47d0b61a69ec,22ee803cf40b54b4a4ed74be56a9be3edb31aa2e43c2a0cdf2a1e0d10fcbfcf3,class_reliability_gamma_0p750,,0.75,
class_reliability_gamma_0p750,class_scaled_raw,True,0.9531770348548888,0.001693002257336343,1.0,0.0005649717514124294,1.0,1,0,0,1,0.7031008719507358,0.5682894346237968,0.5198666723520451,90e58d9e245d782eed28fdcf7d6695968a62338f4c5b7fc53bdf47d0b61a69ec,953bc5844da66e693fabab56a53d6153b4fb0303245934a03302b21a2cb52c43,class_reliability_gamma_0p750,,0.75,
class_reliability_gamma_1p000,class_scaled_raw,True,0.0014758690280927027,0.3404811140043276,0.1580566458046038,0.8418079096045198,0.7714285714285715,9427,440,7112,1490,0.7031008719507358,0.5682894346237968,0.5198666723520451,fe441a3e7515572ecb374a08a66f3638d79f9958489e6d42db4c44ee1852ee53,1f53570a9f3405ce7941e0e20160468a3ee3b7a7b1f7913ec38c4d740981cbcb,class_reliability_gamma_1p000,,1.0,
class_reliability_gamma_1p000,class_scaled_raw,True,0.004299772771668647,0.45022454280353125,0.23436754176610977,0.8322033898305085,0.8368831168831169,6285,314,4236,1473,0.7031008719507358,0.5682894346237968,0.5198666723520451,fe441a3e7515572ecb374a08a66f3638d79f9958489e6d42db4c44ee1852ee53,929929c7cd607e81117666deec2150692101f0fbde79b97b870295f03be920f6,class_reliability_gamma_1p000,,1.0,
class_reliability_gamma_1p000,class_scaled_raw,True,0.018296158712094175,0.6031360540626155,0.3786793953858393,0.8067796610169492,0.9142857142857143,3771,165,2032,1428,0.7031008719507358,0.5682894346237968,0.5198666723520451,fe441a3e7515572ecb374a08a66f3638d79f9958489e6d42db4c44ee1852ee53,5a805a854568f7a5354e630abaf8a7cfd6d84702e23c1e53882e4c3e3802c82f,class_reliability_gamma_1p000,,1.0,
class_reliability_gamma_1p000,class_scaled_raw,True,0.05,0.7011335386158415,0.5150037509377344,0.7757062146892655,0.9542857142857143,2666,88,1112,1373,0.7031008719507358,0.5682894346237968,0.5198666723520451,fe441a3e7515572ecb374a08a66f3638d79f9958489e6d42db4c44ee1852ee53,465096f785cb1635798c2ae0daf83f58b24e46ea6233be2d47a5a6047d4eadba,class_reliability_gamma_1p000,,1.0,
class_reliability_gamma_1p000,class_scaled_raw,True,0.061174542883236024,0.7144098131458265,0.5393794749403341,0.7661016949152543,0.9615584415584415,2514,74,1000,1356,0.7031008719507358,0.5682894346237968,0.5198666723520451,fe441a3e7515572ecb374a08a66f3638d79f9958489e6d42db4c44ee1852ee53,fa3ad721753b2501cdc801989b5a03a6cab01c5c678201128eb39841d248d3b5,class_reliability_gamma_1p000,,1.0,
class_reliability_gamma_1p000,class_scaled_raw,True,0.1,0.743713453113843,0.6092870544090057,0.7338983050847457,0.9709090909090909,2132,56,710,1299,0.7031008719507358,0.5682894346237968,0.5198666723520451,fe441a3e7515572ecb374a08a66f3638d79f9958489e6d42db4c44ee1852ee53,254d56799ec71fe39b6a7653027cceffd4d101310ef2f81cb30b63ef63a1e71c,class_reliability_gamma_1p000,,1.0,
class_reliability_gamma_1p000,class_scaled_raw,True,0.15,0.7603205670688533,0.6695557963163596,0.6983050847457627,0.9802597402597403,1846,38,519,1236,0.7031008719507358,0.5682894346237968,0.5198666723520451,fe441a3e7515572ecb374a08a66f3638d79f9958489e6d42db4c44ee1852ee53,21637e9e5f97a1e4017b0035322ce2f018d1f951a2fe4265cc48417f8f5ea316,class_reliability_gamma_1p000,,1.0,
class_reliability_gamma_1p000,class_scaled_raw,True,0.2,0.7656834880633426,0.7132486388384754,0.6661016949152543,0.9854545454545455,1653,28,402,1179,0.7031008719507358,0.5682894346237968,0.5198666723520451,fe441a3e7515572ecb374a08a66f3638d79f9958489e6d42db4c44ee1852ee53,66e798374197c57950532578838ffdaaa2af4d44f8202efb63a64f16d9419742,class_reliability_gamma_1p000,,1.0,
class_reliability_gamma_1p000,class_scaled_raw,True,0.25,0.774218245391558,0.7677725118483413,0.6406779661016949,0.9885714285714285,1477,22,287,1134,0.7031008719507358,0.5682894346237968,0.5198666723520451,fe441a3e7515572ecb374a08a66f3638d79f9958489e6d42db4c44ee1852ee53,3626d833bf33a88cf1e0da863bb606ff493b53a17961c20c6b504a2e9b039830,class_reliability_gamma_1p000,,1.0,
class_reliability_gamma_1p000,class_scaled_raw,True,0.3,0.7685105855879104,0.7968980797636632,0.6096045197740113,0.9916883116883117,1354,16,230,1079,0.7031008719507358,0.5682894346237968,0.5198666723520451,fe441a3e7515572ecb374a08a66f3638d79f9958489e6d42db4c44ee1852ee53,25e0441694a907a8922ba386d846cc913d1c357891b66cbcff5eeaf5c98921a8,class_reliability_gamma_1p000,,1.0,
class_reliability_gamma_1p000,class_scaled_raw,True,0.3443484457784294,0.7652714877655132,0.8265712012728719,0.5870056497175141,0.9932467532467533,1257,13,180,1039,0.7031008719507358,0.5682894346237968,0.5198666723520451,fe441a3e7515572ecb374a08a66f3638d79f9958489e6d42db4c44ee1852ee53,ab713cd8a7551abea8a7ff7df7a35a111b38185cfea74003cbb3533ae26ecdf4,class_reliability_gamma_1p000,,1.0,
class_reliability_gamma_1p000,class_scaled_raw,True,0.35,0.7664004664472887,0.8305355715427658,0.5870056497175141,0.9932467532467533,1251,13,174,1039,0.7031008719507358,0.5682894346237968,0.5198666723520451,fe441a3e7515572ecb374a08a66f3638d79f9958489e6d42db4c44ee1852ee53,132b359863c033bbb34f86637f104ce6c1075421ae75d597b76f101476f73969,class_reliability_gamma_1p000,,1.0,
class_reliability_gamma_1p000,class_scaled_raw,True,0.4,0.7498859460425122,0.8505244755244755,0.5497175141242938,0.9942857142857143,1144,11,138,973,0.7031008719507358,0.5682894346237968,0.5198666723520451,fe441a3e7515572ecb374a08a66f3638d79f9958489e6d42db4c44ee1852ee53,0589547a971c0c83a934bf6ef268692a569f564fa8ba5f76c205ee451c1f281e,class_reliability_gamma_1p000,,1.0,
class_reliability_gamma_1p000,class_scaled_raw,True,0.5,0.7122565640058933,0.8944033790918691,0.47853107344632767,0.9958441558441559,947,8,81,847,0.7031008719507358,0.5682894346237968,0.5198666723520451,fe441a3e7515572ecb374a08a66f3638d79f9958489e6d42db4c44ee1852ee53,118434a7916eedc8f6402c7ef923400a886ee3c7fc5742129d3f416154fd70e7,class_reliability_gamma_1p000,,1.0,
class_reliability_gamma_1p000,class_scaled_raw,True,0.6,0.6608032958075053,0.9254498714652957,0.4067796610169492,0.9989610389610389,778,2,50,720,0.7031008719507358,0.5682894346237968,0.5198666723520451,fe441a3e7515572ecb374a08a66f3638d79f9958489e6d42db4c44ee1852ee53,81f7b7a4c0fce40227224ed0dacc065d49dfff42f782c21d46f2ef5a8002d0f8,class_reliability_gamma_1p000,,1.0,
class_reliability_gamma_1p000,class_scaled_raw,True,0.6742818012628393,0.6001376615148728,0.9538950715421304,0.3389830508474576,0.9994805194805195,629,1,23,600,0.7031008719507358,0.5682894346237968,0.5198666723520451,fe441a3e7515572ecb374a08a66f3638d79f9958489e6d42db4c44ee1852ee53,bcfcc967ff48e260506e23695f23064a08e569ff95fbca3da64139444662478b,class_reliability_gamma_1p000,,1.0,
class_reliability_gamma_1p000,class_scaled_raw,True,0.7,0.5781687150068667,0.9574829931972789,0.31807909604519774,0.9994805194805195,588,1,20,563,0.7031008719507358,0.5682894346237968,0.5198666723520451,fe441a3e7515572ecb374a08a66f3638d79f9958489e6d42db4c44ee1852ee53,d195ce53bd6954e40c9528defbaadfd3f7cef9e817694ef01466096005374cd3,class_reliability_gamma_1p000,,1.0,
class_reliability_gamma_1p000,class_scaled_raw,True,0.8,0.41265306122448986,0.9825072886297376,0.1903954802259887,1.0,343,0,5,337,0.7031008719507358,0.5682894346237968,0.5198666723520451,fe441a3e7515572ecb374a08a66f3638d79f9958489e6d42db4c44ee1852ee53,6ceb43a7227d1939d7d2cbbbc65be491440a805261b12e7718668c0f3d152d7a,class_reliability_gamma_1p000,,1.0,
class_reliability_gamma_1p000,class_scaled_raw,True,0.9,0.01675977653631285,1.0,0.005649717514124294,1.0,10,0,0,10,0.7031008719507358,0.5682894346237968,0.5198666723520451,fe441a3e7515572ecb374a08a66f3638d79f9958489e6d42db4c44ee1852ee53,eb9840ab88303460a03df37eaa855334b3ba7bcc23f973ceb727a98356f0c86f,class_reliability_gamma_1p000,,1.0,
class_reliability_gamma_1p000,class_scaled_raw,True,0.9531770348548888,0.001693002257336343,1.0,0.0005649717514124294,1.0,1,0,0,1,0.7031008719507358,0.5682894346237968,0.5198666723520451,fe441a3e7515572ecb374a08a66f3638d79f9958489e6d42db4c44ee1852ee53,953bc5844da66e693fabab56a53d6153b4fb0303245934a03302b21a2cb52c43,class_reliability_gamma_1p000,,1.0,
raw_light_geom_gate_0p050,light_geometry_gate,False,0.0020179627385093005,0.3401511187006152,0.15795056751882888,0.8412429378531073,0.7693506493506493,9427,444,7098,1489,0.7031008719507358,0.5682894346237968,0.5198666723520451,2151d5a5047ca5f2f0a11f5e5dd5ccb267e844d72b5725305e034d8c08f12050,ee941f7f4dcd1f5e57fd600d83d0dfb5e317c3c2f25bdc9d820fc7323afa6a04,raw_light_geom_gate_0p050,,,0.05
raw_light_geom_gate_0p050,light_geometry_gate,False,0.005778087483820678,0.4501242085031546,0.23436754176610977,0.8322033898305085,0.8358441558441558,6285,316,4228,1473,0.7031008719507358,0.5682894346237968,0.5198666723520451,2151d5a5047ca5f2f0a11f5e5dd5ccb267e844d72b5725305e034d8c08f12050,fb44ff8afa2b588b542a93382e274f76a0afe116690a8a27f19307f415244710,raw_light_geom_gate_0p050,,,0.05
raw_light_geom_gate_0p050,light_geometry_gate,False,0.02428595855813202,0.6036162344344169,0.3789445770352692,0.8073446327683615,0.9153246753246753,3771,163,2031,1429,0.7031008719507358,0.5682894346237968,0.5198666723520451,2151d5a5047ca5f2f0a11f5e5dd5ccb267e844d72b5725305e034d8c08f12050,ecd0de7b5fad3d947e62f7f328b6c24c90186980d8945a136ce352e000a13751,raw_light_geom_gate_0p050,,,0.05
raw_light_geom_gate_0p050,light_geometry_gate,False,0.05,0.6750840096684813,0.47436773752563227,0.784180790960452,0.9428571428571428,2926,110,1323,1388,0.7031008719507358,0.5682894346237968,0.5198666723520451,2151d5a5047ca5f2f0a11f5e5dd5ccb267e844d72b5725305e034d8c08f12050,7af69e73f4ec9a17505b53352f1838232705321098335a4832dbe5b688a00610,raw_light_geom_gate_0p050,,,0.05
raw_light_geom_gate_0p050,light_geometry_gate,False,0.08351902940376613,0.7099960530684624,0.5361972951471758,0.7615819209039548,0.9548051948051948,2514,87,996,1348,0.7031008719507358,0.5682894346237968,0.5198666723520451,2151d5a5047ca5f2f0a11f5e5dd5ccb267e844d72b5725305e034d8c08f12050,e139ae2140a468e6d34ea219429f20459e3bcf8097b4e4fd254b657f4f98f646,raw_light_geom_gate_0p050,,,0.05
raw_light_geom_gate_0p050,light_geometry_gate,False,0.1,0.7273384548962094,0.5678434708634623,0.7542372881355932,0.9636363636363636,2351,70,867,1335,0.7031008719507358,0.5682894346237968,0.5198666723520451,2151d5a5047ca5f2f0a11f5e5dd5ccb267e844d72b5725305e034d8c08f12050,cabb78bc4949d61c9e8aa7c0eb2589106b68e603a0a867202292cf3226e1316a,raw_light_geom_gate_0p050,,,0.05
raw_light_geom_gate_0p050,light_geometry_gate,False,0.15,0.750442286299445,0.6277479237909135,0.7259887005649718,0.9735064935064935,2047,51,646,1285,0.7031008719507358,0.5682894346237968,0.5198666723520451,2151d5a5047ca5f2f0a11f5e5dd5ccb267e844d72b5725305e034d8c08f12050,0b2d50ee8814d2cfafe3633c7e2686acd2185bc41e824ac6db2970c98fb68eea,raw_light_geom_gate_0p050,,,0.05
raw_light_geom_gate_0p050,light_geometry_gate,False,0.2,0.7622978862854334,0.6754098360655738,0.6983050847457627,0.9776623376623377,1830,43,500,1236,0.7031008719507358,0.5682894346237968,0.5198666723520451,2151d5a5047ca5f2f0a11f5e5dd5ccb267e844d72b5725305e034d8c08f12050,4910f243ddb549406bb090a3ea6be44e670d02216a6a92a38c1d651368a00e47,raw_light_geom_gate_0p050,,,0.05
raw_light_geom_gate_0p050,light_geometry_gate,False,0.25,0.7675422165565605,0.7141141141141141,0.6717514124293785,0.9807792207792208,1665,37,392,1189,0.7031008719507358,0.5682894346237968,0.5198666723520451,2151d5a5047ca5f2f0a11f5e5dd5ccb267e844d72b5725305e034d8c08f12050,9a765b32584f6758a250baa4adb314afb3364321bd69b5a83910e6fdce660316,raw_light_geom_gate_0p050,,,0.05
raw_light_geom_gate_0p050,light_geometry_gate,False,0.3,0.7724173020448186,0.7488643737832577,0.6519774011299435,0.9854545454545455,1541,28,319,1154,0.7031008719507358,0.5682894346237968,0.5198666723520451,2151d5a5047ca5f2f0a11f5e5dd5ccb267e844d72b5725305e034d8c08f12050,39a662bc81d567e5cfba9ec6ed6f18296c060734c0ac195a1cc7a8c3ab05552a,raw_light_geom_gate_0p050,,,0.05
raw_light_geom_gate_0p050,light_geometry_gate,False,0.35,0.7739424980772693,0.7797909407665505,0.6322033898305085,0.9880519480519481,1435,23,261,1119,0.7031008719507358,0.5682894346237968,0.5198666723520451,2151d5a5047ca5f2f0a11f5e5dd5ccb267e844d72b5725305e034d8c08f12050,bd6b765d3ee0ae5a7737d2c0010fd4cd86f607bc5403bda4fde20f25fb4e8ae5,raw_light_geom_gate_0p050,,,0.05
raw_light_geom_gate_0p050,light_geometry_gate,False,0.4,0.7700303100266991,0.8064516129032258,0.6073446327683616,0.9906493506493507,1333,18,214,1075,0.7031008719507358,0.5682894346237968,0.5198666723520451,2151d5a5047ca5f2f0a11f5e5dd5ccb267e844d72b5725305e034d8c08f12050,d82aa066079b2297971a02786e3647fb9408a39e4a4132a2f715b4d35a556cea,raw_light_geom_gate_0p050,,,0.05
raw_light_geom_gate_0p050,light_geometry_gate,False,0.4420295469408264,0.7649627478814359,0.8265712012728719,0.5870056497175141,0.9916883116883117,1257,16,176,1039,0.7031008719507358,0.5682894346237968,0.5198666723520451,2151d5a5047ca5f2f0a11f5e5dd5ccb267e844d72b5725305e034d8c08f12050,a506b5cd705e3310924adb147bf7fbb9a9177023498ab53f11eaf6becf73ec2e,raw_light_geom_gate_0p050,,,0.05
raw_light_geom_gate_0p050,light_geometry_gate,False,0.5,0.7571255510807489,0.856401384083045,0.559322033898305,0.9932467532467533,1156,13,131,990,0.7031008719507358,0.5682894346237968,0.5198666723520451,2151d5a5047ca5f2f0a11f5e5dd5ccb267e844d72b5725305e034d8c08f12050,a723e1c411d714013b0f9c7e3b3d45378560055b4e1c75b3c2bbc67041388729,raw_light_geom_gate_0p050,,,0.05
raw_light_geom_gate_0p050,light_geometry_gate,False,0.6,0.7224433008584352,0.8866396761133604,0.49491525423728816,0.9958441558441559,988,8,88,876,0.7031008719507358,0.5682894346237968,0.5198666723520451,2151d5a5047ca5f2f0a11f5e5dd5ccb267e844d72b5725305e034d8c08f12050,279b16a2deb3dc8213b0075986373633caddc563d9e57af18800a84cb20695c1,raw_light_geom_gate_0p050,,,0.05
raw_light_geom_gate_0p050,light_geometry_gate,False,0.7,0.6825107045754258,0.9304878048780488,0.43107344632768363,0.9989610389610389,820,2,48,763,0.7031008719507358,0.5682894346237968,0.5198666723520451,2151d5a5047ca5f2f0a11f5e5dd5ccb267e844d72b5725305e034d8c08f12050,6b33ef783f57a702373c224a07202926bf0c2f371ec5dc0d0b88ea0bd9ec4290,raw_light_geom_gate_0p050,,,0.05
raw_light_geom_gate_0p050,light_geometry_gate,False,0.7915409944264665,0.6048648168881179,0.9634340222575517,0.3423728813559322,0.9989610389610389,629,2,17,606,0.7031008719507358,0.5682894346237968,0.5198666723520451,2151d5a5047ca5f2f0a11f5e5dd5ccb267e844d72b5725305e034d8c08f12050,57d1c7783f39ce7e2edf42599d9cbff2667ca5c9a78e0e7c47a295817de22afd,raw_light_geom_gate_0p050,,,0.05
raw_light_geom_gate_0p050,light_geometry_gate,False,0.8,0.5915566011685053,0.966832504145937,0.32937853107344633,0.9989610389610389,603,2,14,583,0.7031008719507358,0.5682894346237968,0.5198666723520451,2151d5a5047ca5f2f0a11f5e5dd5ccb267e844d72b5725305e034d8c08f12050,502b61786f9450d5a5c1fdd4ba53707465048cdd1adbb624c2cb704abe5c0709,raw_light_geom_gate_0p050,,,0.05
raw_light_geom_gate_0p050,light_geometry_gate,False,0.9,0.39385126713751556,0.9844236760124611,0.17853107344632768,1.0,321,0,4,316,0.7031008719507358,0.5682894346237968,0.5198666723520451,2151d5a5047ca5f2f0a11f5e5dd5ccb267e844d72b5725305e034d8c08f12050,fef11e2eb380bb92dee448045178c8c1adaf8a2294afd93324577d6923302b25,raw_light_geom_gate_0p050,,,0.05
raw_light_geom_gate_0p050,light_geometry_gate,False,0.9796289463901947,0.001693002257336343,1.0,0.0005649717514124294,1.0,1,0,0,1,0.7031008719507358,0.5682894346237968,0.5198666723520451,2151d5a5047ca5f2f0a11f5e5dd5ccb267e844d72b5725305e034d8c08f12050,3bc84dbea1efbb2ed1e12876be81779c7cc248038773b482c76aa917a6211173,raw_light_geom_gate_0p050,,,0.05
raw_light_geom_gate_0p100,light_geometry_gate,False,0.0019154188847967193,0.3401511187006152,0.15795056751882888,0.8412429378531073,0.7693506493506493,9427,444,7098,1489,0.7031008719507358,0.5682894346237968,0.5198666723520451,c20fdf334515f5ba5ad10b1f73a5bb89b7331aa350c459c3265f353b9c0006f4,4ee7ad4ee330a72e237e0141fd3fe91f8c82c8fe36c8a2b09580d532ae86a4d0,raw_light_geom_gate_0p100,,,0.1
raw_light_geom_gate_0p100,light_geometry_gate,False,0.005498684173714724,0.4501242085031546,0.23436754176610977,0.8322033898305085,0.8358441558441558,6285,316,4228,1473,0.7031008719507358,0.5682894346237968,0.5198666723520451,c20fdf334515f5ba5ad10b1f73a5bb89b7331aa350c459c3265f353b9c0006f4,9747f2d42a36ba83dfc69cf8a87e9a4bd08d816b2ee8d12c398a98c826340363,raw_light_geom_gate_0p100,,,0.1
raw_light_geom_gate_0p100,light_geometry_gate,False,0.023287119422810677,0.6039457359832126,0.379209758684699,0.807909604519774,0.9153246753246753,3771,163,2030,1430,0.7031008719507358,0.5682894346237968,0.5198666723520451,c20fdf334515f5ba5ad10b1f73a5bb89b7331aa350c459c3265f353b9c0006f4,23f95faad7f7726bb8077db920815baf67f0f7065c3ef6e3204369a6a7f90a97,raw_light_geom_gate_0p100,,,0.1
raw_light_geom_gate_0p100,light_geometry_gate,False,0.05,0.6768605153833569,0.4778699861687414,0.7807909604519774,0.9444155844155844,2892,107,1298,1382,0.7031008719507358,0.5682894346237968,0.5198666723520451,c20fdf334515f5ba5ad10b1f73a5bb89b7331aa350c459c3265f353b9c0006f4,39faef9745a41c90a05bb7e8515a2a70ebb6788b275888250bef494c5f14814e,raw_light_geom_gate_0p100,,,0.1
raw_light_geom_gate_0p100,light_geometry_gate,False,0.0806395870515274,0.7104879466078656,0.5365950676213206,0.7621468926553673,0.9553246753246754,2514,86,996,1349,0.7031008719507358,0.5682894346237968,0.5198666723520451,c20fdf334515f5ba5ad10b1f73a5bb89b7331aa350c459c3265f353b9c0006f4,598639390593416f995650bb7c94f1dd911d986187e2d3a82ada6e1bf0ccdfc9,raw_light_geom_gate_0p100,,,0.1
raw_light_geom_gate_0p100,light_geometry_gate,False,0.1,0.7285641160803872,0.5718588640275387,0.7508474576271187,0.9641558441558442,2324,69,849,1329,0.7031008719507358,0.5682894346237968,0.5198666723520451,c20fdf334515f5ba5ad10b1f73a5bb89b7331aa350c459c3265f353b9c0006f4,29dbfffc0ed4b7da9e4ef088fe2020e7ac5a0d6ba6176bc58aa4128af934e076,raw_light_geom_gate_0p100,,,0.1
raw_light_geom_gate_0p100,light_geometry_gate,False,0.15,0.7514817133364836,0.6312161496799606,0.7242937853107345,0.9735064935064935,2031,51,634,1282,0.7031008719507358,0.5682894346237968,0.5198666723520451,c20fdf334515f5ba5ad10b1f73a5bb89b7331aa350c459c3265f353b9c0006f4,461b7d477aad3774d8113db41f8f1ca51b950c7afa5d102c5bec5fc117440c35,raw_light_geom_gate_0p100,,,0.1
raw_light_geom_gate_0p100,light_geometry_gate,False,0.2,0.7626154116390006,0.6780407264722069,0.696045197740113,0.9781818181818182,1817,42,492,1232,0.7031008719507358,0.5682894346237968,0.5198666723520451,c20fdf334515f5ba5ad10b1f73a5bb89b7331aa350c459c3265f353b9c0006f4,d0a74883a8a454f4269529d94f82711652a915d2510a3ad80fe49763f50d0bcb,raw_light_geom_gate_0p100,,,0.1
raw_light_geom_gate_0p100,light_geometry_gate,False,0.25,0.7689916750011079,0.7182587666263603,0.6711864406779661,0.9812987012987013,1654,36,385,1188,0.7031008719507358,0.5682894346237968,0.5198666723520451,c20fdf334515f5ba5ad10b1f73a5bb89b7331aa350c459c3265f353b9c0006f4,2f0a4e84998ee2c70b8bce88921e906219269c4fb61877471cf35fc6c51d0fed,raw_light_geom_gate_0p100,,,0.1
raw_light_geom_gate_0p100,light_geometry_gate,False,0.3,0.7727415807003093,0.7509778357235984,0.6508474576271186,0.985974025974026,1534,27,316,1152,0.7031008719507358,0.5682894346237968,0.5198666723520451,c20fdf334515f5ba5ad10b1f73a5bb89b7331aa350c459c3265f353b9c0006f4,577a87940f12f4df76e3bf5d883ff7d26f432616d671a52ef55cd268036fa7bf,raw_light_geom_gate_0p100,,,0.1
raw_light_geom_gate_0p100,light_geometry_gate,False,0.35,0.7733003023789573,0.7804195804195804,0.6305084745762712,0.9880519480519481,1430,23,259,1116,0.7031008719507358,0.5682894346237968,0.5198666723520451,c20fdf334515f5ba5ad10b1f73a5bb89b7331aa350c459c3265f353b9c0006f4,19e5c38c33d8b0e9fe75af1be6290cd13212ef4b94e383df3faf8b8f1df9b293,raw_light_geom_gate_0p100,,,0.1
raw_light_geom_gate_0p100,light_geometry_gate,False,0.4,0.7691721704925369,0.8066215199398044,0.6056497175141243,0.9906493506493507,1329,18,213,1072,0.7031008719507358,0.5682894346237968,0.5198666723520451,c20fdf334515f5ba5ad10b1f73a5bb89b7331aa350c459c3265f353b9c0006f4,42f6a15ba7b7c373d10c95a6fad87561816777ad7ed769ea1e357b043e824462,raw_light_geom_gate_0p100,,,0.1
raw_light_geom_gate_0p100,light_geometry_gate,False,0.4397526957152159,0.7649627478814359,0.8265712012728719,0.5870056497175141,0.9916883116883117,1257,16,176,1039,0.7031008719507358,0.5682894346237968,0.5198666723520451,c20fdf334515f5ba5ad10b1f73a5bb89b7331aa350c459c3265f353b9c0006f4,a506b5cd705e3310924adb147bf7fbb9a9177023498ab53f11eaf6becf73ec2e,raw_light_geom_gate_0p100,,,0.1
raw_light_geom_gate_0p100,light_geometry_gate,False,0.5,0.7561845526529956,0.8567708333333334,0.5576271186440678,0.9932467532467533,1152,13,130,987,0.7031008719507358,0.5682894346237968,0.5198666723520451,c20fdf334515f5ba5ad10b1f73a5bb89b7331aa350c459c3265f353b9c0006f4,94e1d503d9a3a27c66e22e09b47bd537249fdf3c931118885b54b832345f4d51,raw_light_geom_gate_0p100,,,0.1
raw_light_geom_gate_0p100,light_geometry_gate,False,0.6,0.7217876485273454,0.8873096446700508,0.4937853107344633,0.9958441558441559,985,8,88,874,0.7031008719507358,0.5682894346237968,0.5198666723520451,c20fdf334515f5ba5ad10b1f73a5bb89b7331aa350c459c3265f353b9c0006f4,60552ef2a1d96952a7c80c67e858379539109fc8c761d6d1b93ee33f928c7db2,raw_light_geom_gate_0p100,,,0.1
raw_light_geom_gate_0p100,light_geometry_gate,False,0.7,0.6822266648912545,0.9315403422982885,0.43050847457627117,0.9989610389610389,818,2,47,762,0.7031008719507358,0.5682894346237968,0.5198666723520451,c20fdf334515f5ba5ad10b1f73a5bb89b7331aa350c459c3265f353b9c0006f4,27025ea70a9a08a473be3efac508fac551ae9070275e28fc31f47b4e1d282d96,raw_light_geom_gate_0p100,,,0.1
raw_light_geom_gate_0p100,light_geometry_gate,False,0.7909755511698284,0.6048648168881179,0.9634340222575517,0.3423728813559322,0.9989610389610389,629,2,17,606,0.7031008719507358,0.5682894346237968,0.5198666723520451,c20fdf334515f5ba5ad10b1f73a5bb89b7331aa350c459c3265f353b9c0006f4,57d1c7783f39ce7e2edf42599d9cbff2667ca5c9a78e0e7c47a295817de22afd,raw_light_geom_gate_0p100,,,0.1
raw_light_geom_gate_0p100,light_geometry_gate,False,0.8,0.5899098515237866,0.9682804674457429,0.327683615819209,0.9989610389610389,599,2,13,580,0.7031008719507358,0.5682894346237968,0.5198666723520451,c20fdf334515f5ba5ad10b1f73a5bb89b7331aa350c459c3265f353b9c0006f4,ca189494581a541deb86d114710989515fa00e5c778125772700890d63a62cc5,raw_light_geom_gate_0p100,,,0.1
raw_light_geom_gate_0p100,light_geometry_gate,False,0.9,0.3929313929313929,0.984375,0.17796610169491525,1.0,320,0,4,315,0.7031008719507358,0.5682894346237968,0.5198666723520451,c20fdf334515f5ba5ad10b1f73a5bb89b7331aa350c459c3265f353b9c0006f4,fab8518b6a8819db6af1af224a2a33ccc8b093f1a7808c8304bf2b8d4b2e3a22,raw_light_geom_gate_0p100,,,0.1
raw_light_geom_gate_0p100,light_geometry_gate,False,0.9795176903534791,0.001693002257336343,1.0,0.0005649717514124294,1.0,1,0,0,1,0.7031008719507358,0.5682894346237968,0.5198666723520451,c20fdf334515f5ba5ad10b1f73a5bb89b7331aa350c459c3265f353b9c0006f4,3bc84dbea1efbb2ed1e12876be81779c7cc248038773b482c76aa917a6211173,raw_light_geom_gate_0p100,,,0.1
raw_light_geom_gate_0p200,light_geometry_gate,False,0.0017110646592054279,0.3401511187006152,0.15795056751882888,0.8412429378531073,0.7693506493506493,9427,444,7098,1489,0.7031008719507358,0.5682894346237968,0.5198666723520451,9d2938c631ff2d8f4d5c85adcc3bdfaf624e7b374fc311c5a178f79f8657d043,316fcfa1c6dcf2189606b63a764602469a6bf942db88945b06ef30ea1943e178,raw_light_geom_gate_0p200,,,0.2
raw_light_geom_gate_0p200,light_geometry_gate,False,0.004936766240158029,0.4501242085031546,0.23436754176610977,0.8322033898305085,0.8358441558441558,6285,316,4228,1473,0.7031008719507358,0.5682894346237968,0.5198666723520451,9d2938c631ff2d8f4d5c85adcc3bdfaf624e7b374fc311c5a178f79f8657d043,d45496b1d104a9d2c41e32fe418c15c5755ff2f417fe151c01deb3bb1660b1a0,raw_light_geom_gate_0p200,,,0.2
raw_light_geom_gate_0p200,light_geometry_gate,False,0.021176166977728506,0.6039457359832126,0.379209758684699,0.807909604519774,0.9153246753246753,3771,163,2031,1430,0.7031008719507358,0.5682894346237968,0.5198666723520451,9d2938c631ff2d8f4d5c85adcc3bdfaf624e7b374fc311c5a178f79f8657d043,8903f5dd0172c71a39adf5c26fa85a3bd7c191887947f848268751367cf492c6,raw_light_geom_gate_0p200,,,0.2
raw_light_geom_gate_0p200,light_geometry_gate,False,0.05,0.6832255096981535,0.4872701555869873,0.7785310734463277,0.9485714285714286,2828,99,1253,1378,0.7031008719507358,0.5682894346237968,0.5198666723520451,9d2938c631ff2d8f4d5c85adcc3bdfaf624e7b374fc311c5a178f79f8657d043,0bf0fb2c7684dd58990175ccb11369f74fdb0a6ca97849c34ca17e2ca6dcbf6e,raw_light_geom_gate_0p200,,,0.2
raw_light_geom_gate_0p200,light_geometry_gate,False,0.07531463022707555,0.7106793432719023,0.5365950676213206,0.7621468926553673,0.9563636363636363,2514,84,998,1349,0.7031008719507358,0.5682894346237968,0.5198666723520451,9d2938c631ff2d8f4d5c85adcc3bdfaf624e7b374fc311c5a178f79f8657d043,83423081aa0a09285775bba54081ccf31c054570d8412a39022051141584a84b,raw_light_geom_gate_0p200,,,0.2
raw_light_geom_gate_0p200,light_geometry_gate,False,0.1,0.7321567351857351,0.5800087680841736,0.747457627118644,0.9657142857142857,2281,66,815,1323,0.7031008719507358,0.5682894346237968,0.5198666723520451,9d2938c631ff2d8f4d5c85adcc3bdfaf624e7b374fc311c5a178f79f8657d043,3ad9be7e1eade78fa933190cfe8d845e3ad8419d8637bce5fd1cb1ba5e9fcf90,raw_light_geom_gate_0p200,,,0.2
raw_light_geom_gate_0p200,light_geometry_gate,False,0.15,0.7524187724345407,0.635593220338983,0.7203389830508474,0.9750649350649351,2006,48,619,1275,0.7031008719507358,0.5682894346237968,0.5198666723520451,9d2938c631ff2d8f4d5c85adcc3bdfaf624e7b374fc311c5a178f79f8657d043,e52757c7fbe291a662f43ab25f9bd5e53c67b08f16ea8e59c271422839e67516,raw_light_geom_gate_0p200,,,0.2
raw_light_geom_gate_0p200,light_geometry_gate,False,0.2,0.7626603636144134,0.6816917084028937,0.692090395480226,0.9787012987012987,1797,41,480,1225,0.7031008719507358,0.5682894346237968,0.5198666723520451,9d2938c631ff2d8f4d5c85adcc3bdfaf624e7b374fc311c5a178f79f8657d043,18f01c56832dac3404b3dbe991bb27ef6eeb5cab7db060a523774e3a6b39f778,raw_light_geom_gate_0p200,,,0.2
raw_light_geom_gate_0p200,light_geometry_gate,False,0.25,0.7704923175246204,0.7255985267034991,0.6677966101694915,0.9823376623376623,1629,34,368,1182,0.7031008719507358,0.5682894346237968,0.5198666723520451,9d2938c631ff2d8f4d5c85adcc3bdfaf624e7b374fc311c5a178f79f8657d043,caf68c59f077860eee185466c97274719c8244594baab7629e0e35aef1f8a36b,raw_light_geom_gate_0p200,,,0.2
raw_light_geom_gate_0p200,light_geometry_gate,False,0.3,0.7716412001166927,0.7536231884057971,0.6463276836158192,0.9864935064935065,1518,26,309,1144,0.7031008719507358,0.5682894346237968,0.5198666723520451,9d2938c631ff2d8f4d5c85adcc3bdfaf624e7b374fc311c5a178f79f8657d043,9aed7e711b4cc258070d7d4e74e40f3d9bc5b9b752d2e7fd50e0544c560a9f3e,raw_light_geom_gate_0p200,,,0.2
raw_light_geom_gate_0p200,light_geometry_gate,False,0.35,0.774407214235624,0.7854622441778405,0.6288135593220339,0.9896103896103896,1417,20,253,1113,0.7031008719507358,0.5682894346237968,0.5198666723520451,9d2938c631ff2d8f4d5c85adcc3bdfaf624e7b374fc311c5a178f79f8657d043,9788213bb3805be14d26586c9d1bac4f212857e7435f7d9c755c13b7b225830c,raw_light_geom_gate_0p200,,,0.2
raw_light_geom_gate_0p200,light_geometry_gate,False,0.4,0.7690882151726014,0.8114068441064639,0.6028248587570622,0.9906493506493507,1315,18,204,1067,0.7031008719507358,0.5682894346237968,0.5198666723520451,9d2938c631ff2d8f4d5c85adcc3bdfaf624e7b374fc311c5a178f79f8657d043,b7edb73ccdbbcdd6ea617e31a207238e00630e17d41df6f7be15addbdd292b0c,raw_light_geom_gate_0p200,,,0.2
raw_light_geom_gate_0p200,light_geometry_gate,False,0.4329395002279266,0.7656126944319894,0.8273667462211615,0.5875706214689266,0.9922077922077922,1257,15,176,1040,0.7031008719507358,0.5682894346237968,0.5198666723520451,9d2938c631ff2d8f4d5c85adcc3bdfaf624e7b374fc311c5a178f79f8657d043,ba0409b832e103f184fa1245ab3bb5279e0f7b3b2a383f6a0d6d4f3de3e388f9,raw_light_geom_gate_0p200,,,0.2
raw_light_geom_gate_0p200,light_geometry_gate,False,0.5,0.7554472248665605,0.8606485539000877,0.5548022598870056,0.9932467532467533,1141,13,126,982,0.7031008719507358,0.5682894346237968,0.5198666723520451,9d2938c631ff2d8f4d5c85adcc3bdfaf624e7b374fc311c5a178f79f8657d043,53de3bfe0aed6617c27465d7602eac2be70762c7dc77b40a0b7948c1f26271a2,raw_light_geom_gate_0p200,,,0.2
raw_light_geom_gate_0p200,light_geometry_gate,False,0.6,0.7204709051645003,0.8886618998978549,0.4915254237288136,0.9958441558441559,979,8,87,870,0.7031008719507358,0.5682894346237968,0.5198666723520451,9d2938c631ff2d8f4d5c85adcc3bdfaf624e7b374fc311c5a178f79f8657d043,1a157d30113de6adf6f68a620e45fa1b2965ebbefb822a403a689282e52ea396,raw_light_geom_gate_0p200,,,0.2
raw_light_geom_gate_0p200,light_geometry_gate,False,0.7,0.6826341112543884,0.9338235294117647,0.43050847457627117,0.9989610389610389,816,2,45,762,0.7031008719507358,0.5682894346237968,0.5198666723520451,9d2938c631ff2d8f4d5c85adcc3bdfaf624e7b374fc311c5a178f79f8657d043,e9d10bae9fa955d4f7dbd92758404d275c5d4b83edae7a337fb53862cb512dd1,raw_light_geom_gate_0p200,,,0.2
raw_light_geom_gate_0p200,light_geometry_gate,False,0.7898446646565523,0.6048648168881179,0.9634340222575517,0.3423728813559322,0.9989610389610389,629,2,17,606,0.7031008719507358,0.5682894346237968,0.5198666723520451,9d2938c631ff2d8f4d5c85adcc3bdfaf624e7b374fc311c5a178f79f8657d043,57d1c7783f39ce7e2edf42599d9cbff2667ca5c9a78e0e7c47a295817de22afd,raw_light_geom_gate_0p200,,,0.2
raw_light_geom_gate_0p200,light_geometry_gate,False,0.8,0.5892925474737393,0.9682274247491639,0.3271186440677966,0.9989610389610389,598,2,13,579,0.7031008719507358,0.5682894346237968,0.5198666723520451,9d2938c631ff2d8f4d5c85adcc3bdfaf624e7b374fc311c5a178f79f8657d043,c844817d610d66696326753bb28c6ef401fcffbcf274efacdd5a1c9aabb62c5e,raw_light_geom_gate_0p200,,,0.2
raw_light_geom_gate_0p200,light_geometry_gate,False,0.9,0.39125,0.9873817034700315,0.1768361581920904,1.0,317,0,3,313,0.7031008719507358,0.5682894346237968,0.5198666723520451,9d2938c631ff2d8f4d5c85adcc3bdfaf624e7b374fc311c5a178f79f8657d043,ceff46178ac7a97b4e3b5cc9f8580d3fa1f113ad0b630e51d4e4b7ee3767e0c7,raw_light_geom_gate_0p200,,,0.2
raw_light_geom_gate_0p200,light_geometry_gate,False,0.979295178280048,0.001693002257336343,1.0,0.0005649717514124294,1.0,1,0,0,1,0.7031008719507358,0.5682894346237968,0.5198666723520451,9d2938c631ff2d8f4d5c85adcc3bdfaf624e7b374fc311c5a178f79f8657d043,3bc84dbea1efbb2ed1e12876be81779c7cc248038773b482c76aa917a6211173,raw_light_geom_gate_0p200,,,0.2
