score_col,mode_family,ap_rank_preserving_by_design,threshold,cal_balanced,cal_precision,cal_recall,cal_unknown_reject,cal_num_accepted,cal_unknown_false_accept,cal_background_false_accepts,cal_tp_known,cal_AP50,cal_AP75,cal_AP,stream_hash,acceptance_mask_hash,canonical_stream,alpha,gamma,beta
raw_score,raw,True,0.002119806769769575,0.3401511187006152,0.15795056751882888,0.8412429378531073,0.7693506493506493,9427,444,7097,1489,0.7031008719507358,0.5682894346237968,0.5198666723520451,311ac8bae1936c27365f0a47515fa2d024d3b6c86acabd1c2148f78f21f9207a,bd9d793596588ea4580c76b43eae96aec42b91fd837a32e3c718d4facf886992,raw_score,,,
raw_score,raw,True,0.00606468482874325,0.4501242085031546,0.23436754176610977,0.8322033898305085,0.8358441558441558,6285,316,4228,1473,0.7031008719507358,0.5682894346237968,0.5198666723520451,311ac8bae1936c27365f0a47515fa2d024d3b6c86acabd1c2148f78f21f9207a,2a21e30f486a2d7cd5dcc6aee8bce1b029e2ed67c33fd4376b44cea260c5107c,raw_score,,,
raw_score,raw,True,0.025298735126852958,0.6036162344344169,0.3789445770352692,0.8073446327683615,0.9153246753246753,3771,163,2031,1429,0.7031008719507358,0.5682894346237968,0.5198666723520451,311ac8bae1936c27365f0a47515fa2d024d3b6c86acabd1c2148f78f21f9207a,d395e6c9d65d68eb3c58f51aacb07a57b7e2ed82e92d1e610f9fb7b3c9d439e9,raw_score,,,
raw_score,raw,True,0.05,0.6713156241754082,0.4688026981450253,0.7853107344632768,0.9412987012987013,2965,113,1355,1390,0.7031008719507358,0.5682894346237968,0.5198666723520451,311ac8bae1936c27365f0a47515fa2d024d3b6c86acabd1c2148f78f21f9207a,1d859695ba0cf4ffa8c63750c1b678b1dd02fb0be260afa51143493bc2adb51e,raw_score,,,
raw_score,raw,True,0.08611611574888238,0.7099960530684624,0.5361972951471758,0.7615819209039548,0.9548051948051948,2514,87,996,1348,0.7031008719507358,0.5682894346237968,0.5198666723520451,311ac8bae1936c27365f0a47515fa2d024d3b6c86acabd1c2148f78f21f9207a,8d9a208540327f35bb47d839ec64382b65497e888fda8a94f138a2f746c86f16,raw_score,,,
raw_score,raw,True,0.1,0.7237705411424787,0.5622895622895623,0.7548022598870057,0.96,2376,77,884,1336,0.7031008719507358,0.5682894346237968,0.5198666723520451,311ac8bae1936c27365f0a47515fa2d024d3b6c86acabd1c2148f78f21f9207a,02f292985033ddd9631c73dc700d0f5b1ba75f62c69cd681fa2f6dda7e309063,raw_score,,,
raw_score,raw,True,0.15,0.750429356502072,0.6264591439688716,0.727683615819209,0.9735064935064935,2056,51,652,1288,0.7031008719507358,0.5682894346237968,0.5198666723520451,311ac8bae1936c27365f0a47515fa2d024d3b6c86acabd1c2148f78f21f9207a,60ed8b6104f7c77b532d333d9962d097245a5b9c259f690acb8469547d016231,raw_score,,,
raw_score,raw,True,0.2,0.7614761158697816,0.6719088937093276,0.7,0.9776623376623377,1844,43,510,1239,0.7031008719507358,0.5682894346237968,0.5198666723520451,311ac8bae1936c27365f0a47515fa2d024d3b6c86acabd1c2148f78f21f9207a,91876d41b191576ccc443f7cd322ebaacb78c1735ef9cdd7a5551c9de09bfed3,raw_score,,,
raw_score,raw,True,0.25,0.7671286240989166,0.7123205741626795,0.6728813559322034,0.9797402597402597,1672,39,394,1191,0.7031008719507358,0.5682894346237968,0.5198666723520451,311ac8bae1936c27365f0a47515fa2d024d3b6c86acabd1c2148f78f21f9207a,2cfd3917b3f2568c3873539b60c302be78d1bea0ee025c275fdf5db6c77b6a7f,raw_score,,,
raw_score,raw,True,0.3,0.771966451908514,0.7478937135450421,0.6519774011299435,0.9849350649350649,1543,29,320,1154,0.7031008719507358,0.5682894346237968,0.5198666723520451,311ac8bae1936c27365f0a47515fa2d024d3b6c86acabd1c2148f78f21f9207a,3167cb1edf8278ccb04224c8811026ce062257f05ebb6752dd3501d5da398434,raw_score,,,
raw_score,raw,True,0.35,0.7737878411568285,0.7779319916724496,0.6333333333333333,0.9875324675324675,1441,24,263,1121,0.7031008719507358,0.5682894346237968,0.5198666723520451,311ac8bae1936c27365f0a47515fa2d024d3b6c86acabd1c2148f78f21f9207a,83f3fb91f66285ccc575518687a8e72198481771ba4016706051b9ce23af806b,raw_score,,,
raw_score,raw,True,0.4,0.7702510779324558,0.8055347793567689,0.6084745762711864,0.9901298701298701,1337,19,215,1077,0.7031008719507358,0.5682894346237968,0.5198666723520451,311ac8bae1936c27365f0a47515fa2d024d3b6c86acabd1c2148f78f21f9207a,c709d1c60cfcdad1244b1cfab5b2a2795c6bb6ee780ada69499204014069da15,raw_score,,,
raw_score,raw,True,0.44400383234024043,0.7649627478814359,0.8265712012728719,0.5870056497175141,0.9916883116883117,1257,16,176,1039,0.7031008719507358,0.5682894346237968,0.5198666723520451,311ac8bae1936c27365f0a47515fa2d024d3b6c86acabd1c2148f78f21f9207a,03e25cf2b2e4755e1353477b06289218ed5f77296c4dcfaaa024bac8e97d2938,raw_score,,,
raw_score,raw,True,0.5,0.7568319859313875,0.8556611927398444,0.559322033898305,0.9927272727272727,1157,14,131,990,0.7031008719507358,0.5682894346237968,0.5198666723520451,311ac8bae1936c27365f0a47515fa2d024d3b6c86acabd1c2148f78f21f9207a,380aa92258ca685e1c76cca9b80ada6224458c541eaf9d3af7dec4e8fc0da0dd,raw_score,,,
raw_score,raw,True,0.6,0.7222447540988544,0.8857431749241659,0.49491525423728816,0.9958441558441559,989,8,89,876,0.7031008719507358,0.5682894346237968,0.5198666723520451,311ac8bae1936c27365f0a47515fa2d024d3b6c86acabd1c2148f78f21f9207a,ef4cd61f690ab8e8fdb0f0d20b5c1ad4cbbdffd795712a8be58e249499c22530,raw_score,,,
raw_score,raw,True,0.7,0.6825107045754258,0.9304878048780488,0.43107344632768363,0.9989610389610389,820,2,48,763,0.7031008719507358,0.5682894346237968,0.5198666723520451,311ac8bae1936c27365f0a47515fa2d024d3b6c86acabd1c2148f78f21f9207a,6b33ef783f57a702373c224a07202926bf0c2f371ec5dc0d0b88ea0bd9ec4290,raw_score,,,
raw_score,raw,True,0.7921064376831046,0.6048648168881179,0.9634340222575517,0.3423728813559322,0.9989610389610389,629,2,17,606,0.7031008719507358,0.5682894346237968,0.5198666723520451,311ac8bae1936c27365f0a47515fa2d024d3b6c86acabd1c2148f78f21f9207a,57d1c7783f39ce7e2edf42599d9cbff2667ca5c9a78e0e7c47a295817de22afd,raw_score,,,
raw_score,raw,True,0.8,0.5933957955436259,0.966996699669967,0.3310734463276836,0.9989610389610389,606,2,14,586,0.7031008719507358,0.5682894346237968,0.5198666723520451,311ac8bae1936c27365f0a47515fa2d024d3b6c86acabd1c2148f78f21f9207a,9f053733c9e335d54947135c8300664da24cd48e556828320312b42f9c46446b,raw_score,,,
raw_score,raw,True,0.9,0.39476961394769616,0.984472049689441,0.1790960451977401,1.0,322,0,4,317,0.7031008719507358,0.5682894346237968,0.5198666723520451,311ac8bae1936c27365f0a47515fa2d024d3b6c86acabd1c2148f78f21f9207a,e9af8180e2184c1acbe9ee748885cd35c6ac0638a653e250ee5b0816e5fd7f14,raw_score,,,
raw_score,raw,True,0.9797402024269104,0.001693002257336343,1.0,0.0005649717514124294,1.0,1,0,0,1,0.7031008719507358,0.5682894346237968,0.5198666723520451,311ac8bae1936c27365f0a47515fa2d024d3b6c86acabd1c2148f78f21f9207a,3bc84dbea1efbb2ed1e12876be81779c7cc248038773b482c76aa917a6211173,raw_score,,,
geometry_risk_score,geometry,False,0.03439361681827892,0.3415023801693998,0.1583748806619285,0.843502824858757,0.7781818181818182,9427,427,7176,1493,0.7031008719507358,0.5682894346237968,0.5198666723520451,afee32d5445277cb8bf1e2de95138dba4afd5d181f0ef6a3bad801282d99b126,a689d76a50a806ee52a538d95b7cfd702e2ad66c79429de3a61d162cc817d7f1,geometry_risk_score,,,
geometry_risk_score,geometry,False,0.05,0.3949854123805105,0.19309895833333332,0.8378531073446328,0.8176623376623376,7680,351,5570,1483,0.7031008719507358,0.5682894346237968,0.5198666723520451,afee32d5445277cb8bf1e2de95138dba4afd5d181f0ef6a3bad801282d99b126,170cb179ca97c46550680e6090501cc7c1a99b70c1fab0614d75f02b5f576cb9,geometry_risk_score,,,
geometry_risk_score,geometry,False,0.07122624315768072,0.4514128000149949,0.23436754176610977,0.8322033898305085,0.8493506493506493,6285,290,4299,1473,0.7031008719507358,0.5682894346237968,0.5198666723520451,afee32d5445277cb8bf1e2de95138dba4afd5d181f0ef6a3bad801282d99b126,f6273199f503e6082071fe1364e3d80320b5fd1d50085b8ada6805db13b33f75,geometry_risk_score,,,
geometry_risk_score,geometry,False,0.1,0.5089437060947641,0.2812920592193809,0.8265536723163842,0.8851948051948052,5201,221,3334,1463,0.7031008719507358,0.5682894346237968,0.5198666723520451,afee32d5445277cb8bf1e2de95138dba4afd5d181f0ef6a3bad801282d99b126,d20cc353491c02e84fd62f781bed2f53aac1c237be772dfa5bad5c65d99fe9d4,geometry_risk_score,,,
geometry_risk_score,geometry,False,0.15,0.5751997746886205,0.34459781056639693,0.8180790960451978,0.9163636363636364,4202,161,2447,1448,0.7031008719507358,0.5682894346237968,0.5198666723520451,afee32d5445277cb8bf1e2de95138dba4afd5d181f0ef6a3bad801282d99b126,6736bff5753b9b2cab32680119af39fd99a96ab61db3d365d3e4a8e4ce0fa2e0,geometry_risk_score,,,
geometry_risk_score,geometry,False,0.18445414605737784,0.6072083850456084,0.3797401219835587,0.8090395480225989,0.9335064935064935,3771,128,2077,1432,0.7031008719507358,0.5682894346237968,0.5198666723520451,afee32d5445277cb8bf1e2de95138dba4afd5d181f0ef6a3bad801282d99b126,8863c021f59ff880337584b6ef2cbe2b2bb6430f6bb522a48a943d224b591c5a,geometry_risk_score,,,
geometry_risk_score,geometry,False,0.2,0.621607679186509,0.3962839711591791,0.8073446327683615,0.9397402597402598,3606,116,1937,1429,0.7031008719507358,0.5682894346237968,0.5198666723520451,afee32d5445277cb8bf1e2de95138dba4afd5d181f0ef6a3bad801282d99b126,014300d12a7e2dff8dc18f2ef373577aee3635ca062514da73e8dda824fe96d9,geometry_risk_score,,,
geometry_risk_score,geometry,False,0.25,0.6562202796375594,0.44074650077760497,0.8005649717514124,0.9490909090909091,3215,98,1589,1417,0.7031008719507358,0.5682894346237968,0.5198666723520451,afee32d5445277cb8bf1e2de95138dba4afd5d181f0ef6a3bad801282d99b126,d468dbb61dc1f87896c5aefad1aaef52b54eb49a9fc9fb801e3b54cf80a3cae6,geometry_risk_score,,,
geometry_risk_score,geometry,False,0.3,0.6791088489761025,0.47497446373850866,0.788135593220339,0.9584415584415584,2937,80,1361,1395,0.7031008719507358,0.5682894346237968,0.5198666723520451,afee32d5445277cb8bf1e2de95138dba4afd5d181f0ef6a3bad801282d99b126,0e35392ad3e0e3913bee94d336620aa4f9582326a5b4bb9d4d57d6d9bf0d8f60,geometry_risk_score,,,
geometry_risk_score,geometry,False,0.35,0.6969301526951616,0.5043956043956044,0.7779661016949152,0.9646753246753247,2730,68,1193,1377,0.7031008719507358,0.5682894346237968,0.5198666723520451,afee32d5445277cb8bf1e2de95138dba4afd5d181f0ef6a3bad801282d99b126,8f506350783f04054f5cabc7a81c5b62a9543cd39e7cb6f87836b056c07b936f,geometry_risk_score,,,
geometry_risk_score,geometry,False,0.4,0.7098692247363921,0.5301016419077405,0.7661016949152543,0.9667532467532467,2558,64,1054,1356,0.7031008719507358,0.5682894346237968,0.5198666723520451,afee32d5445277cb8bf1e2de95138dba4afd5d181f0ef6a3bad801282d99b126,b82073da0f11c8937614c7af399cf8fa516aa97bc73665ddc2527e3b83e2250d,geometry_risk_score,,,
geometry_risk_score,geometry,False,0.4153844751072325,0.7129746140342215,0.5369928400954654,0.7627118644067796,0.9667532467532467,2514,64,1018,1350,0.7031008719507358,0.5682894346237968,0.5198666723520451,afee32d5445277cb8bf1e2de95138dba4afd5d181f0ef6a3bad801282d99b126,3124e90aaa5bfe4e382dfb12d5822b769815eb7bdf6a3fb9b0dc5bfbb936a1a0,geometry_risk_score,,,
geometry_risk_score,geometry,False,0.5,0.7380161315260731,0.5864197530864198,0.751412429378531,0.9719480519480519,2268,54,812,1330,0.7031008719507358,0.5682894346237968,0.5198666723520451,afee32d5445277cb8bf1e2de95138dba4afd5d181f0ef6a3bad801282d99b126,46b6929a93a1f9d6ded5fdb0d2520cf4bb9d293c4562c425d893a5cc57227747,geometry_risk_score,,,
geometry_risk_score,geometry,False,0.6,0.7524018949190503,0.6307767944936087,0.7248587570621469,0.9781818181818182,2034,42,648,1283,0.7031008719507358,0.5682894346237968,0.5198666723520451,afee32d5445277cb8bf1e2de95138dba4afd5d181f0ef6a3bad801282d99b126,eb2ab12e78abfeb515498de60564f4d676cca2625f50dca75efaf83ad38cde50,geometry_risk_score,,,
geometry_risk_score,geometry,False,0.7,0.764745918501335,0.6814404432132964,0.6949152542372882,0.9838961038961039,1805,31,492,1230,0.7031008719507358,0.5682894346237968,0.5198666723520451,afee32d5445277cb8bf1e2de95138dba4afd5d181f0ef6a3bad801282d99b126,624d3cf6156f821aa6c2e7ce68a061c6db3a85bf2a2258ea954b72753e30d831,geometry_risk_score,,,
geometry_risk_score,geometry,False,0.8,0.773453482947201,0.7461340206185567,0.6542372881355932,0.9901298701298701,1552,19,333,1158,0.7031008719507358,0.5682894346237968,0.5198666723520451,afee32d5445277cb8bf1e2de95138dba4afd5d181f0ef6a3bad801282d99b126,2103ac3e47b339221e8db9aa9613a7096c97761a2bea92ee620e61f29a150221,geometry_risk_score,,,
geometry_risk_score,geometry,False,0.9,0.7666013548455073,0.8201720093823299,0.5926553672316384,0.9932467532467533,1279,13,192,1049,0.7031008719507358,0.5682894346237968,0.5198666723520451,afee32d5445277cb8bf1e2de95138dba4afd5d181f0ef6a3bad801282d99b126,abce2b9b83b657863fb69806820ea3815edbeec48e9b798a9017526372175ea3,geometry_risk_score,,,
geometry_risk_score,geometry,False,0.9045054459506751,0.7665717272346386,0.8281622911694511,0.588135593220339,0.9942857142857143,1257,11,182,1041,0.7031008719507358,0.5682894346237968,0.5198666723520451,afee32d5445277cb8bf1e2de95138dba4afd5d181f0ef6a3bad801282d99b126,9e11d4baf9a000017da160f37b8e05ad0d84fb698bd128e07581ddd70afff018,geometry_risk_score,,,
geometry_risk_score,geometry,False,0.9862901051391167,0.6041311689477762,0.9618441971383148,0.3418079096045198,0.9994805194805195,629,1,19,605,0.7031008719507358,0.5682894346237968,0.5198666723520451,afee32d5445277cb8bf1e2de95138dba4afd5d181f0ef6a3bad801282d99b126,af669db82bfe3e2bf61c2e82b4b6442c97b297800821b59ea988c0340eabf460,geometry_risk_score,,,
geometry_risk_score,geometry,False,0.99964153181263,0.001693002257336343,1.0,0.0005649717514124294,1.0,1,0,0,1,0.7031008719507358,0.5682894346237968,0.5198666723520451,afee32d5445277cb8bf1e2de95138dba4afd5d181f0ef6a3bad801282d99b126,e780767baf53896fa281eeebfee319ccc48ede8e2b12bc81f2c3a7fb7f0796b0,geometry_risk_score,,,
geometry_alpha_0p050,alpha_blend,False,0.0038144532492636763,0.34061573290827607,0.1580566458046038,0.8418079096045198,0.7735064935064935,9427,436,7118,1490,0.7031008719507358,0.5682894346237968,0.5198666723520451,66b7881e707f5724ca79b1be1c0665e4dcca70a7467345e932485041e5bfa061,f93396e9dddb6fa14f4314c558284ef7c37406d0b8bb80db22c932bd565b8386,geometry_alpha_0p050,0.05,,
geometry_alpha_0p050,alpha_blend,False,0.009382601156771572,0.45027311791410746,0.23420843277645187,0.831638418079096,0.84,6285,308,4246,1472,0.7031008719507358,0.5682894346237968,0.5198666723520451,66b7881e707f5724ca79b1be1c0665e4dcca70a7467345e932485041e5bfa061,6da8ced6d7f656c78085f4b708e8de7e00b16e322273587080e5a0a2c6d8f583,geometry_alpha_0p050,0.05,,
geometry_alpha_0p050,alpha_blend,False,0.033478789251395684,0.6052356314778836,0.3800053036329886,0.8096045197740113,0.9174025974025974,3771,159,2036,1433,0.7031008719507358,0.5682894346237968,0.5198666723520451,66b7881e707f5724ca79b1be1c0665e4dcca70a7467345e932485041e5bfa061,20b77d324d00b3076e41d3d8892ab1a1f98295b8516994f1ac5a882b4ad478b7,geometry_alpha_0p050,0.05,,
geometry_alpha_0p050,alpha_blend,False,0.05,0.6497684037807441,0.4365891472868217,0.7954802259887006,0.935064935064935,3225,125,1571,1408,0.7031008719507358,0.5682894346237968,0.5198666723520451,66b7881e707f5724ca79b1be1c0665e4dcca70a7467345e932485041e5bfa061,538afa0c8239a4806d7fcc217213a5a95012ddcb62fb93cfe44a432831cac6b1,geometry_alpha_0p050,0.05,,
geometry_alpha_0p050,alpha_blend,False,0.1,0.7105179610089927,0.5352056962025317,0.764406779661017,0.9563636363636363,2528,84,1006,1353,0.7031008719507358,0.5682894346237968,0.5198666723520451,66b7881e707f5724ca79b1be1c0665e4dcca70a7467345e932485041e5bfa061,73def2e91899640c3070d9877b4d247cf229c892dd84b81ebecb95ebe51f4284,geometry_alpha_0p050,0.05,,
geometry_alpha_0p050,alpha_blend,False,0.10144005486587516,0.7118676642918347,0.5377883850437549,0.7638418079096045,0.9563636363636363,2514,84,996,1352,0.7031008719507358,0.5682894346237968,0.5198666723520451,66b7881e707f5724ca79b1be1c0665e4dcca70a7467345e932485041e5bfa061,fb4551dd0747debcbb80c424e908e3d31acbb2dd0271d496558c63081d77d016,geometry_alpha_0p050,0.05,,
geometry_alpha_0p050,alpha_blend,False,0.15,0.7442824856266782,0.6073420074349443,0.7384180790960452,0.9709090909090909,2152,56,721,1307,0.7031008719507358,0.5682894346237968,0.5198666723520451,66b7881e707f5724ca79b1be1c0665e4dcca70a7467345e932485041e5bfa061,8165e9a458ee3ec9a6297cb28e71129ed09bb8faba7bf30e48e5f72ad49ace1c,geometry_alpha_0p050,0.05,,
geometry_alpha_0p050,alpha_blend,False,0.2,0.755689945499647,0.6497933884297521,0.7107344632768362,0.9766233766233766,1936,45,573,1258,0.7031008719507358,0.5682894346237968,0.5198666723520451,66b7881e707f5724ca79b1be1c0665e4dcca70a7467345e932485041e5bfa061,2b03a08b9c55890b5686f501fb74a541836023d2ef18f11ac655bcf2a20bc4bb,geometry_alpha_0p050,0.05,,
geometry_alpha_0p050,alpha_blend,False,0.25,0.7638203493795482,0.6923956546598056,0.6841807909604519,0.9787012987012987,1749,41,447,1211,0.7031008719507358,0.5682894346237968,0.5198666723520451,66b7881e707f5724ca79b1be1c0665e4dcca70a7467345e932485041e5bfa061,11eb468935db25ed0f303eb4fe3716a14e55fbbcadad8b57c163da9ff2ab664d,geometry_alpha_0p050,0.05,,
geometry_alpha_0p050,alpha_blend,False,0.3,0.7722251957189523,0.7351283656856606,0.6632768361581921,0.9833766233766233,1597,32,349,1174,0.7031008719507358,0.5682894346237968,0.5198666723520451,66b7881e707f5724ca79b1be1c0665e4dcca70a7467345e932485041e5bfa061,96f014f1770bf1e007ccdad0bdb262f3dde021eba9b74af82f200a842cc44954,geometry_alpha_0p050,0.05,,
geometry_alpha_0p050,alpha_blend,False,0.35,0.7706376514415464,0.7585284280936455,0.6406779661016949,0.9864935064935065,1495,26,296,1134,0.7031008719507358,0.5682894346237968,0.5198666723520451,66b7881e707f5724ca79b1be1c0665e4dcca70a7467345e932485041e5bfa061,31d6b8aefc46619469c0b755d39806f3cc8a906e0acc6f4fc0e56713506324e7,geometry_alpha_0p050,0.05,,
geometry_alpha_0p050,alpha_blend,False,0.4,0.7717615502011747,0.7934782608695652,0.6186440677966102,0.9896103896103896,1380,20,236,1095,0.7031008719507358,0.5682894346237968,0.5198666723520451,66b7881e707f5724ca79b1be1c0665e4dcca70a7467345e932485041e5bfa061,a348fc10efd914c4ebb84473b91ca0ec4398c775101d10ba9944245678b26c31,geometry_alpha_0p050,0.05,,
geometry_alpha_0p050,alpha_blend,False,0.4669504599201292,0.7649627478814359,0.8265712012728719,0.5870056497175141,0.9916883116883117,1257,16,176,1039,0.7031008719507358,0.5682894346237968,0.5198666723520451,66b7881e707f5724ca79b1be1c0665e4dcca70a7467345e932485041e5bfa061,a506b5cd705e3310924adb147bf7fbb9a9177023498ab53f11eaf6becf73ec2e,geometry_alpha_0p050,0.05,,
geometry_alpha_0p050,alpha_blend,False,0.5,0.7600959535243513,0.8436454849498328,0.5700564971751413,0.9927272727272727,1196,14,149,1009,0.7031008719507358,0.5682894346237968,0.5198666723520451,66b7881e707f5724ca79b1be1c0665e4dcca70a7467345e932485041e5bfa061,f0f53cb1bc7e0bfa392d9c602d9d7125e386cd33b0d7ffd49b6e5762324ee96c,geometry_alpha_0p050,0.05,,
geometry_alpha_0p050,alpha_blend,False,0.6,0.7292044940969387,0.8818897637795275,0.5062146892655367,0.9953246753246753,1016,9,95,896,0.7031008719507358,0.5682894346237968,0.5198666723520451,66b7881e707f5724ca79b1be1c0665e4dcca70a7467345e932485041e5bfa061,99163bc0eecdc6ef9c6fb2a9c0612217b3deb416e0a04b0400e99efd1804c3f6,geometry_alpha_0p050,0.05,,
geometry_alpha_0p050,alpha_blend,False,0.7,0.6896817575126868,0.9242603550295858,0.44124293785310736,0.9984415584415585,845,3,51,781,0.7031008719507358,0.5682894346237968,0.5198666723520451,66b7881e707f5724ca79b1be1c0665e4dcca70a7467345e932485041e5bfa061,7f82b791a754b3af8abadc48aac4e5220957a39d55fbf62de4f9ba4cdc7f7bd0,geometry_alpha_0p050,0.05,,
geometry_alpha_0p050,alpha_blend,False,0.8,0.6056516170874278,0.9605055292259084,0.34350282485875705,0.9989610389610389,633,2,19,608,0.7031008719507358,0.5682894346237968,0.5198666723520451,66b7881e707f5724ca79b1be1c0665e4dcca70a7467345e932485041e5bfa061,f78f80d5da9e90bb8271024cad20d13d85307e563b9164a261595363f0491993,geometry_alpha_0p050,0.05,,
geometry_alpha_0p050,alpha_blend,False,0.8017821653057453,0.6048648168881179,0.9634340222575517,0.3423728813559322,0.9989610389610389,629,2,17,606,0.7031008719507358,0.5682894346237968,0.5198666723520451,66b7881e707f5724ca79b1be1c0665e4dcca70a7467345e932485041e5bfa061,57d1c7783f39ce7e2edf42599d9cbff2667ca5c9a78e0e7c47a295817de22afd,geometry_alpha_0p050,0.05,,
geometry_alpha_0p050,alpha_blend,False,0.9,0.4110429447852761,0.9852941176470589,0.18926553672316385,1.0,340,0,4,335,0.7031008719507358,0.5682894346237968,0.5198666723520451,66b7881e707f5724ca79b1be1c0665e4dcca70a7467345e932485041e5bfa061,33ddb3251e8fae533a9ad19f59c9a6ac451d9b80dbc7cc89b4e6e93ca8258155,geometry_alpha_0p050,0.05,,
geometry_alpha_0p050,alpha_blend,False,0.9806274323807942,0.001693002257336343,1.0,0.0005649717514124294,1.0,1,0,0,1,0.7031008719507358,0.5682894346237968,0.5198666723520451,66b7881e707f5724ca79b1be1c0665e4dcca70a7467345e932485041e5bfa061,3bc84dbea1efbb2ed1e12876be81779c7cc248038773b482c76aa917a6211173,geometry_alpha_0p050,0.05,,
geometry_alpha_0p100,alpha_blend,False,0.005466622594902645,0.340548500683132,0.1580566458046038,0.8418079096045198,0.7724675324675325,9427,438,7128,1490,0.7031008719507358,0.5682894346237968,0.5198666723520451,01418c048b370af9955eb1cf008fac9ebb1fdb5ddafd52fc50958e75f4cbb58e,f879da459a251f1e713dcf010641acf375af86c8736cbe8bfc717cb6373863d5,geometry_alpha_0p100,0.1,,
geometry_alpha_0p100,alpha_blend,False,0.01256498831145916,0.45032284819863627,0.23420843277645187,0.831638418079096,0.8405194805194806,6285,307,4254,1472,0.7031008719507358,0.5682894346237968,0.5198666723520451,01418c048b370af9955eb1cf008fac9ebb1fdb5ddafd52fc50958e75f4cbb58e,1db8a30e24f53df0c8d98b651ea0bfe049d215c6ab81dade300dcd5673ef13a5,geometry_alpha_0p100,0.1,,
geometry_alpha_0p100,alpha_blend,False,0.041324516516290474,0.6051012698439955,0.3794749403341289,0.8084745762711865,0.921038961038961,3771,152,2050,1431,0.7031008719507358,0.5682894346237968,0.5198666723520451,01418c048b370af9955eb1cf008fac9ebb1fdb5ddafd52fc50958e75f4cbb58e,9adff0169db313120dc1a6893806f2c5d8b3ff89b02e69e9e0313116dfde58d9,geometry_alpha_0p100,0.1,,
geometry_alpha_0p100,alpha_blend,False,0.05,0.6295585870606571,0.40854357798165136,0.8050847457627118,0.9298701298701298,3488,135,1799,1425,0.7031008719507358,0.5682894346237968,0.5198666723520451,01418c048b370af9955eb1cf008fac9ebb1fdb5ddafd52fc50958e75f4cbb58e,f21c337d811657c7b799fe74a9e659de60a428190f075187eeef12ab76c08c56,geometry_alpha_0p100,0.1,,
geometry_alpha_0p100,alpha_blend,False,0.1,0.6987060674018445,0.5127723516153269,0.7711864406779662,0.9553246753246754,2662,86,1122,1365,0.7031008719507358,0.5682894346237968,0.5198666723520451,01418c048b370af9955eb1cf008fac9ebb1fdb5ddafd52fc50958e75f4cbb58e,f3d7fec47f4aae79f905e278de3cf0f9df49f8bbaad2ca2bc71b44c67ef3a172,geometry_alpha_0p100,0.1,,
geometry_alpha_0p100,alpha_blend,False,0.1173098805828111,0.7131247373556793,0.5381861575178998,0.764406779661017,0.961038961038961,2514,75,1003,1353,0.7031008719507358,0.5682894346237968,0.5198666723520451,01418c048b370af9955eb1cf008fac9ebb1fdb5ddafd52fc50958e75f4cbb58e,433632a5fac9fc8b05cfbde1f19a88fd8666affefe227bc2aa88bea3a89abe02,geometry_alpha_0p100,0.1,,
geometry_alpha_0p100,alpha_blend,False,0.15,0.7344020081036162,0.5831866197183099,0.748587570621469,0.9667532467532467,2272,64,806,1325,0.7031008719507358,0.5682894346237968,0.5198666723520451,01418c048b370af9955eb1cf008fac9ebb1fdb5ddafd52fc50958e75f4cbb58e,49bc1d2c3894a8a57ac5ddb0477bfe8deb69cf40f6ad13a50e84aea3f2e68bfb,geometry_alpha_0p100,0.1,,
geometry_alpha_0p100,alpha_blend,False,0.2,0.752503490015656,0.6310107948969578,0.7265536723163842,0.9750649350649351,2038,48,640,1286,0.7031008719507358,0.5682894346237968,0.5198666723520451,01418c048b370af9955eb1cf008fac9ebb1fdb5ddafd52fc50958e75f4cbb58e,94bfe1e44cbab93fc44f147eba10a3dd6ac2c4fbadfbd809ff3fd777b880ab49,geometry_alpha_0p100,0.1,,
geometry_alpha_0p100,alpha_blend,False,0.25,0.762555794454211,0.6739130434782609,0.7005649717514124,0.9776623376623377,1840,43,505,1240,0.7031008719507358,0.5682894346237968,0.5198666723520451,01418c048b370af9955eb1cf008fac9ebb1fdb5ddafd52fc50958e75f4cbb58e,dc644a80002ef32af6ccc5febe4de887e5ea3ce3e61f1a831e7d7386a4c00380,geometry_alpha_0p100,0.1,,
geometry_alpha_0p100,alpha_blend,False,0.3,0.769146347282531,0.7145421903052065,0.6745762711864407,0.9818181818181818,1671,35,396,1194,0.7031008719507358,0.5682894346237968,0.5198666723520451,01418c048b370af9955eb1cf008fac9ebb1fdb5ddafd52fc50958e75f4cbb58e,89d7703853ae393009abeaec5f8a485b1e56d28c8039a502c57d431fa6c10ef1,geometry_alpha_0p100,0.1,,
geometry_alpha_0p100,alpha_blend,False,0.35,0.771512346734478,0.7467616580310881,0.651412429378531,0.985974025974026,1544,27,322,1153,0.7031008719507358,0.5682894346237968,0.5198666723520451,01418c048b370af9955eb1cf008fac9ebb1fdb5ddafd52fc50958e75f4cbb58e,c6f7abba7ccdd4fa1821f3f0819044326f73b0c478ff84b377d26d758dda76a8,geometry_alpha_0p100,0.1,,
geometry_alpha_0p100,alpha_blend,False,0.4,0.7741305938795977,0.7788595271210014,0.632768361581921,0.9890909090909091,1438,21,264,1120,0.7031008719507358,0.5682894346237968,0.5198666723520451,01418c048b370af9955eb1cf008fac9ebb1fdb5ddafd52fc50958e75f4cbb58e,2064d956949315acb1b00af42de67859ede165bb697bb894e4a886f7bbb1d90d,geometry_alpha_0p100,0.1,,
geometry_alpha_0p100,alpha_blend,False,0.4874790081286107,0.7656126944319894,0.8273667462211615,0.5875706214689266,0.9922077922077922,1257,15,176,1040,0.7031008719507358,0.5682894346237968,0.5198666723520451,01418c048b370af9955eb1cf008fac9ebb1fdb5ddafd52fc50958e75f4cbb58e,ba0409b832e103f184fa1245ab3bb5279e0f7b3b2a383f6a0d6d4f3de3e388f9,geometry_alpha_0p100,0.1,,
geometry_alpha_0p100,alpha_blend,False,0.5,0.762916699578636,0.8334687246141349,0.5796610169491525,0.9927272727272727,1231,14,165,1026,0.7031008719507358,0.5682894346237968,0.5198666723520451,01418c048b370af9955eb1cf008fac9ebb1fdb5ddafd52fc50958e75f4cbb58e,2a57c0a7f986569c3874ea5cbf7162755ea8b39ae1e2c80f0e5470e6911f2f93,geometry_alpha_0p100,0.1,,
geometry_alpha_0p100,alpha_blend,False,0.6,0.7407488054463425,0.8787878787878788,0.5242937853107345,0.9953246753246753,1056,9,101,928,0.7031008719507358,0.5682894346237968,0.5198666723520451,01418c048b370af9955eb1cf008fac9ebb1fdb5ddafd52fc50958e75f4cbb58e,3c331ba188e996d4e638a20c7e970faaa485f1c4391c7ca8e6d741e11a4c977b,geometry_alpha_0p100,0.1,,
geometry_alpha_0p100,alpha_blend,False,0.7,0.6953921860817047,0.9140893470790378,0.45084745762711864,0.9979220779220779,873,4,59,798,0.7031008719507358,0.5682894346237968,0.5198666723520451,01418c048b370af9955eb1cf008fac9ebb1fdb5ddafd52fc50958e75f4cbb58e,b59f45d2aaa7caf02ab5024c41dd33c93e0695704d3f4f4d3bec7063f5cddf24,geometry_alpha_0p100,0.1,,
geometry_alpha_0p100,alpha_blend,False,0.8,0.6207920510202111,0.9577677224736049,0.3587570621468927,0.9989610389610389,663,2,22,635,0.7031008719507358,0.5682894346237968,0.5198666723520451,01418c048b370af9955eb1cf008fac9ebb1fdb5ddafd52fc50958e75f4cbb58e,8a107df9a9e39bec3ebcf2326beb1af78bf8443ceb18047d5b8c77fbc408bfb9,geometry_alpha_0p100,0.1,,
geometry_alpha_0p100,alpha_blend,False,0.8114578929283862,0.6048648168881179,0.9634340222575517,0.3423728813559322,0.9989610389610389,629,2,17,606,0.7031008719507358,0.5682894346237968,0.5198666723520451,01418c048b370af9955eb1cf008fac9ebb1fdb5ddafd52fc50958e75f4cbb58e,57d1c7783f39ce7e2edf42599d9cbff2667ca5c9a78e0e7c47a295817de22afd,geometry_alpha_0p100,0.1,,
geometry_alpha_0p100,alpha_blend,False,0.9,0.4225010117361392,0.9858356940509915,0.19661016949152543,1.0,353,0,4,348,0.7031008719507358,0.5682894346237968,0.5198666723520451,01418c048b370af9955eb1cf008fac9ebb1fdb5ddafd52fc50958e75f4cbb58e,abb59f6983f986c75210a1df0bab114812a03394b35a8b916c8f50b7c69ab6f6,geometry_alpha_0p100,0.1,,
geometry_alpha_0p100,alpha_blend,False,0.9815146623346782,0.001693002257336343,1.0,0.0005649717514124294,1.0,1,0,0,1,0.7031008719507358,0.5682894346237968,0.5198666723520451,01418c048b370af9955eb1cf008fac9ebb1fdb5ddafd52fc50958e75f4cbb58e,3bc84dbea1efbb2ed1e12876be81779c7cc248038773b482c76aa917a6211173,geometry_alpha_0p100,0.1,,
geometry_alpha_0p200,alpha_blend,False,0.008762064403993878,0.3412403889921587,0.1582688023761536,0.8429378531073446,0.7771428571428571,9427,429,7152,1492,0.7031008719507358,0.5682894346237968,0.5198666723520451,7ff3873fde04793e10b2136e363a2da38e283ee132ca62e57ddc7b053af1f545,50d6d49b0f80ff86e8ca468d727c68ae49eca5be463fcad55f1ed74825a79ebc,geometry_alpha_0p200,0.2,,
geometry_alpha_0p200,alpha_blend,False,0.01915044272466019,0.45076815889996197,0.23420843277645187,0.831638418079096,0.8451948051948052,6285,298,4272,1472,0.7031008719507358,0.5682894346237968,0.5198666723520451,7ff3873fde04793e10b2136e363a2da38e283ee132ca62e57ddc7b053af1f545,97c71a090d4aad1d72a835720ac2bce4c0d6b1440e097510854802dbb4c399cd,geometry_alpha_0p200,0.2,,
geometry_alpha_0p200,alpha_blend,False,0.05,0.5875395157407373,0.35916020994751313,0.811864406779661,0.9174025974025974,4001,159,2261,1437,0.7031008719507358,0.5682894346237968,0.5198666723520451,7ff3873fde04793e10b2136e363a2da38e283ee132ca62e57ddc7b053af1f545,7e9d94a047023cd46dca5dbbee02f5f7c119b5188d79c99a2e481e1d98627578,geometry_alpha_0p200,0.2,,
geometry_alpha_0p200,alpha_blend,False,0.05688577010647468,0.6066148424002035,0.38027048528241847,0.8101694915254237,0.9246753246753247,3771,145,2054,1434,0.7031008719507358,0.5682894346237968,0.5198666723520451,7ff3873fde04793e10b2136e363a2da38e283ee132ca62e57ddc7b053af1f545,aa8dd916888559d65ccd426ceef2a88713fd258a5a7f99112679eab23c416ecb,geometry_alpha_0p200,0.2,,
geometry_alpha_0p200,alpha_blend,False,0.1,0.6743675496878742,0.4706081081081081,0.7870056497175141,0.9496103896103896,2960,97,1364,1393,0.7031008719507358,0.5682894346237968,0.5198666723520451,7ff3873fde04793e10b2136e363a2da38e283ee132ca62e57ddc7b053af1f545,d4907a033cff391e48a40917e62c5fba2d015d96d26751b5083024e96e1e91a2,geometry_alpha_0p200,0.2,,
geometry_alpha_0p200,alpha_blend,False,0.1495845224970455,0.7138073698052348,0.5385839299920445,0.7649717514124293,0.9625974025974026,2514,72,1005,1354,0.7031008719507358,0.5682894346237968,0.5198666723520451,7ff3873fde04793e10b2136e363a2da38e283ee132ca62e57ddc7b053af1f545,9fdde471b2a36c80f687732dffc51aafae4c9d6f3e8e1ad6af9a0dbb642cb093,geometry_alpha_0p200,0.2,,
geometry_alpha_0p200,alpha_blend,False,0.15,0.7141838762411706,0.5392273994424532,0.7649717514124293,0.9625974025974026,2511,72,1002,1354,0.7031008719507358,0.5682894346237968,0.5198666723520451,7ff3873fde04793e10b2136e363a2da38e283ee132ca62e57ddc7b053af1f545,6d6eb19f2feb0d556123aec69bef31bcb33bf2bdab910f96689611a569b6ab10,geometry_alpha_0p200,0.2,,
geometry_alpha_0p200,alpha_blend,False,0.2,0.7392450953820682,0.5943140794223827,0.7440677966101695,0.9693506493506494,2216,59,766,1317,0.7031008719507358,0.5682894346237968,0.5198666723520451,7ff3873fde04793e10b2136e363a2da38e283ee132ca62e57ddc7b053af1f545,6da51f310912e720aed9e9a54e34bbc49d03671bff4a8afdbfa0734a8f4cfda6,geometry_alpha_0p200,0.2,,
geometry_alpha_0p200,alpha_blend,False,0.25,0.7528974874500951,0.6344246031746031,0.7225988700564971,0.9761038961038961,2016,46,628,1279,0.7031008719507358,0.5682894346237968,0.5198666723520451,7ff3873fde04793e10b2136e363a2da38e283ee132ca62e57ddc7b053af1f545,a7955d504d74200add47e6ebe2647e5c71cf958f2fb10ebda291ac68b57fa60a,geometry_alpha_0p200,0.2,,
geometry_alpha_0p200,alpha_blend,False,0.3,0.7634436904203334,0.6757493188010899,0.7005649717514124,0.9781818181818182,1835,42,501,1240,0.7031008719507358,0.5682894346237968,0.5198666723520451,7ff3873fde04793e10b2136e363a2da38e283ee132ca62e57ddc7b053af1f545,d1c95e4f790fa8fef6e52ee0d4e73fe17b09717b9e9cfac9f2ff1022146a60e5,geometry_alpha_0p200,0.2,,
geometry_alpha_0p200,alpha_blend,False,0.35,0.7702450581558977,0.7171171171171171,0.6745762711864407,0.9823376623376623,1665,34,391,1194,0.7031008719507358,0.5682894346237968,0.5198666723520451,7ff3873fde04793e10b2136e363a2da38e283ee132ca62e57ddc7b053af1f545,336a8b027f3824f548edb7545ef6afb23e0bd414b4df11699d95c0d58c92d9eb,geometry_alpha_0p200,0.2,,
geometry_alpha_0p200,alpha_blend,False,0.4,0.7706946665523641,0.745949449125081,0.6502824858757063,0.985974025974026,1543,27,323,1151,0.7031008719507358,0.5682894346237968,0.5198666723520451,7ff3873fde04793e10b2136e363a2da38e283ee132ca62e57ddc7b053af1f545,c7b78437172cc94256e7ae9f3f25fe3fe2c3c00e7831b4d0e2a7e79f06e53977,geometry_alpha_0p200,0.2,,
geometry_alpha_0p200,alpha_blend,False,0.5,0.7709724999262826,0.810566037735849,0.6067796610169491,0.9906493506493507,1325,18,207,1074,0.7031008719507358,0.5682894346237968,0.5198666723520451,7ff3873fde04793e10b2136e363a2da38e283ee132ca62e57ddc7b053af1f545,a396488e89b28be5c2c4ef63fbf41a10a5c0ac6ed2a28fb8cb73ebcd3d2562e2,geometry_alpha_0p200,0.2,,
geometry_alpha_0p200,alpha_blend,False,0.5326019996359339,0.7667057895939863,0.8289578361177407,0.5887005649717514,0.9922077922077922,1257,15,174,1042,0.7031008719507358,0.5682894346237968,0.5198666723520451,7ff3873fde04793e10b2136e363a2da38e283ee132ca62e57ddc7b053af1f545,1d080df16ded23d5624fd5d836baef6014b975ea6ff2a8e6577aa8387e9465b6,geometry_alpha_0p200,0.2,,
geometry_alpha_0p200,alpha_blend,False,0.6,0.7538538156913136,0.8664292074799644,0.5497175141242938,0.9937662337662337,1123,12,119,973,0.7031008719507358,0.5682894346237968,0.5198666723520451,7ff3873fde04793e10b2136e363a2da38e283ee132ca62e57ddc7b053af1f545,4599eba53e95e15cd64dd8563dc9733c1447e26a65435155a603a2ad1625daed,geometry_alpha_0p200,0.2,,
geometry_alpha_0p200,alpha_blend,False,0.7,0.7101569136484316,0.905742145178765,0.47231638418079097,0.9968831168831169,923,6,69,836,0.7031008719507358,0.5682894346237968,0.5198666723520451,7ff3873fde04793e10b2136e363a2da38e283ee132ca62e57ddc7b053af1f545,a482cd99455f976f067b32fa9addbbfac575c22e9064d556060a3b1a20dba4d5,geometry_alpha_0p200,0.2,,
geometry_alpha_0p200,alpha_blend,False,0.8,0.6415583228464073,0.9533239038189534,0.3807909604519774,0.9989610389610389,707,2,25,674,0.7031008719507358,0.5682894346237968,0.5198666723520451,7ff3873fde04793e10b2136e363a2da38e283ee132ca62e57ddc7b053af1f545,c63b93ea7df4c37f27c8788a6ba2934d68953577fe43171c100c8e6e9b91e33c,geometry_alpha_0p200,0.2,,
geometry_alpha_0p200,alpha_blend,False,0.830932370645469,0.6048648168881179,0.9634340222575517,0.3423728813559322,0.9989610389610389,629,2,17,606,0.7031008719507358,0.5682894346237968,0.5198666723520451,7ff3873fde04793e10b2136e363a2da38e283ee132ca62e57ddc7b053af1f545,d8f8a72f81ead58a1308d6064b2e870f101a17d70a8d767d7d41d0dc9d3449ba,geometry_alpha_0p200,0.2,,
geometry_alpha_0p200,alpha_blend,False,0.9,0.46726075164664854,0.9828850855745721,0.2271186440677966,1.0,409,0,5,402,0.7031008719507358,0.5682894346237968,0.5198666723520451,7ff3873fde04793e10b2136e363a2da38e283ee132ca62e57ddc7b053af1f545,8e41ad85055110b45337f188f02aefdad3b616572045280cb2d4c461b11a1fd5,geometry_alpha_0p200,0.2,,
geometry_alpha_0p200,alpha_blend,False,0.9832891222424458,0.001693002257336343,1.0,0.0005649717514124294,1.0,1,0,0,1,0.7031008719507358,0.5682894346237968,0.5198666723520451,7ff3873fde04793e10b2136e363a2da38e283ee132ca62e57ddc7b053af1f545,3bc84dbea1efbb2ed1e12876be81779c7cc248038773b482c76aa917a6211173,geometry_alpha_0p200,0.2,,
geometry_alpha_0p400,alpha_blend,False,0.015278248619075641,0.3412403889921587,0.1582688023761536,0.8429378531073446,0.7771428571428571,9427,429,7163,1492,0.7031008719507358,0.5682894346237968,0.5198666723520451,659b38a758b0d118395a2e8eaa38e9375c767423edb97ab2c1d7eb29067ce798,463ac2d3bb13c0462ff0db60f2e380f15278541ea9df41202ae32b658f9e8608,geometry_alpha_0p400,0.4,,
geometry_alpha_0p400,alpha_blend,False,0.03221196300347132,0.45106278907503183,0.23420843277645187,0.831638418079096,0.8483116883116883,6285,292,4288,1472,0.7031008719507358,0.5682894346237968,0.5198666723520451,659b38a758b0d118395a2e8eaa38e9375c767423edb97ab2c1d7eb29067ce798,ce92b41e44fe362cdf44a913815cdfd1648a75e39caeb7d5b5b45ef2cf9557ac,geometry_alpha_0p400,0.4,,
geometry_alpha_0p400,alpha_blend,False,0.05,0.5199661384836426,0.2918497802636836,0.8254237288135593,0.8836363636363637,5006,224,3139,1461,0.7031008719507358,0.5682894346237968,0.5198666723520451,659b38a758b0d118395a2e8eaa38e9375c767423edb97ab2c1d7eb29067ce798,55342106ab96c31523c8a773115df05f8b959c7519a12d6a81d9e67fb721c19c,geometry_alpha_0p400,0.4,,
geometry_alpha_0p400,alpha_blend,False,0.08919722865484248,0.6068777316107042,0.3800053036329886,0.8096045197740113,0.9288311688311688,3771,137,2063,1433,0.7031008719507358,0.5682894346237968,0.5198666723520451,659b38a758b0d118395a2e8eaa38e9375c767423edb97ab2c1d7eb29067ce798,a8265e06495b23c476c33a0bef82b90b3143f474349419033c1254415cafc6ae,geometry_alpha_0p400,0.4,,
geometry_alpha_0p400,alpha_blend,False,0.1,0.6232974507236428,0.3993851313583007,0.8073446327683615,0.934025974025974,3578,127,1893,1429,0.7031008719507358,0.5682894346237968,0.5198666723520451,659b38a758b0d118395a2e8eaa38e9375c767423edb97ab2c1d7eb29067ce798,5c063e28dc1c147596e8d3ac992711210964dce98d17e9ca1edc51ce8ec061a7,geometry_alpha_0p400,0.4,,
geometry_alpha_0p400,alpha_blend,False,0.15,0.6781273015168352,0.4746339802519578,0.7875706214689265,0.9548051948051948,2937,87,1356,1394,0.7031008719507358,0.5682894346237968,0.5198666723520451,659b38a758b0d118395a2e8eaa38e9375c767423edb97ab2c1d7eb29067ce798,d2ee0a523e0e488715ef3a080519ca1443246c88a4e562324f6cfa88ccd214c2,geometry_alpha_0p400,0.4,,
geometry_alpha_0p400,alpha_blend,False,0.2,0.7078424762457105,0.5252214093184444,0.7706214689265537,0.9646753246753247,2597,68,1077,1364,0.7031008719507358,0.5682894346237968,0.5198666723520451,659b38a758b0d118395a2e8eaa38e9375c767423edb97ab2c1d7eb29067ce798,782f5a3779f55415e58cb1c969f1f4c04bcc4230c0693c212226988775ed6cc6,geometry_alpha_0p400,0.4,,
geometry_alpha_0p400,alpha_blend,False,0.21704787639683024,0.7142824964542336,0.5385839299920445,0.7649717514124293,0.9651948051948052,2514,67,1011,1354,0.7031008719507358,0.5682894346237968,0.5198666723520451,659b38a758b0d118395a2e8eaa38e9375c767423edb97ab2c1d7eb29067ce798,664a42b5dac116bc85c22c53eae8956a8c01a2a31ae5eb61cf196b5efa235614,geometry_alpha_0p400,0.4,,
geometry_alpha_0p400,alpha_blend,False,0.25,0.729689822845687,0.5706335616438356,0.7531073446327684,0.9698701298701299,2336,58,870,1333,0.7031008719507358,0.5682894346237968,0.5198666723520451,659b38a758b0d118395a2e8eaa38e9375c767423edb97ab2c1d7eb29067ce798,2cc4fbfd2d525e4ea761ed4ee1f0bb0944fa3a2efff375434b94bedeb45ffe57,geometry_alpha_0p400,0.4,,
geometry_alpha_0p400,alpha_blend,False,0.3,0.7462478958525509,0.6104624007473144,0.7384180790960452,0.972987012987013,2141,52,712,1307,0.7031008719507358,0.5682894346237968,0.5198666723520451,659b38a758b0d118395a2e8eaa38e9375c767423edb97ab2c1d7eb29067ce798,e4b0f068b35055595dc551aff50a9edf4bdb0aeca3391305ef9ec5563ee49ae3,geometry_alpha_0p400,0.4,,
geometry_alpha_0p400,alpha_blend,False,0.35,0.7550746924428823,0.6413098236775818,0.7192090395480226,0.9771428571428571,1985,44,609,1273,0.7031008719507358,0.5682894346237968,0.5198666723520451,659b38a758b0d118395a2e8eaa38e9375c767423edb97ab2c1d7eb29067ce798,609fefbdc535ccd5854b1533a250dbfcfcdc5bebd1cf85684e487253468d429b,geometry_alpha_0p400,0.4,,
geometry_alpha_0p400,alpha_blend,False,0.4,0.7640896381893066,0.6763100436681223,0.7,0.9812987012987013,1832,36,503,1239,0.7031008719507358,0.5682894346237968,0.5198666723520451,659b38a758b0d118395a2e8eaa38e9375c767423edb97ab2c1d7eb29067ce798,6f2ccea1818bcd92a91231754583661f1c3b61bbfeb99825a3759aa1a96b63f7,geometry_alpha_0p400,0.4,,
geometry_alpha_0p400,alpha_blend,False,0.5,0.7722804773217917,0.7477302204928664,0.651412429378531,0.9880519480519481,1542,23,323,1153,0.7031008719507358,0.5682894346237968,0.5198666723520451,659b38a758b0d118395a2e8eaa38e9375c767423edb97ab2c1d7eb29067ce798,2be0798479016d6192a1e782126e2d2ff54aea89f6a37bc3f07c7d1fdf42cbad,geometry_alpha_0p400,0.4,,
geometry_alpha_0p400,alpha_blend,False,0.6,0.7702433610314757,0.8156082631981637,0.6022598870056497,0.9916883116883117,1307,16,198,1066,0.7031008719507358,0.5682894346237968,0.5198666723520451,659b38a758b0d118395a2e8eaa38e9375c767423edb97ab2c1d7eb29067ce798,c2726c47c6c3d127343aa393d50567843d41db4850baa6efbb992b0158981024,geometry_alpha_0p400,0.4,,
geometry_alpha_0p400,alpha_blend,False,0.6244562385382806,0.7668091445843865,0.8289578361177407,0.5887005649717514,0.9927272727272727,1257,14,175,1042,0.7031008719507358,0.5682894346237968,0.5198666723520451,659b38a758b0d118395a2e8eaa38e9375c767423edb97ab2c1d7eb29067ce798,3d19fd7a32656c6fa70411ce1372398674c8520ba64a643ce841e1a2f844bf37,geometry_alpha_0p400,0.4,,
geometry_alpha_0p400,alpha_blend,False,0.7,0.7471531973873734,0.8753462603878116,0.535593220338983,0.9942857142857143,1083,11,106,948,0.7031008719507358,0.5682894346237968,0.5198666723520451,659b38a758b0d118395a2e8eaa38e9375c767423edb97ab2c1d7eb29067ce798,9d5cf912cd2ce4535b5e996366c14be401c849f54737d6e078b0d572dcaa2e20,geometry_alpha_0p400,0.4,,
geometry_alpha_0p400,alpha_blend,False,0.8,0.690374072541245,0.9275534441805225,0.44124293785310736,0.9989610389610389,842,2,50,781,0.7031008719507358,0.5682894346237968,0.5198666723520451,659b38a758b0d118395a2e8eaa38e9375c767423edb97ab2c1d7eb29067ce798,c9674247eb77a951250471190591bb6c2a0cac09bc93eaefcfd282425a6e8bc0,geometry_alpha_0p400,0.4,,
geometry_alpha_0p400,alpha_blend,False,0.8690937578627616,0.60406787792524,0.9618441971383148,0.3418079096045198,0.9989610389610389,629,2,18,605,0.7031008719507358,0.5682894346237968,0.5198666723520451,659b38a758b0d118395a2e8eaa38e9375c767423edb97ab2c1d7eb29067ce798,0b44debdd0ba457791696b2a1486f91dc271fc421a94502b9580992311189f9e,geometry_alpha_0p400,0.4,,
geometry_alpha_0p400,alpha_blend,False,0.9,0.5331877365228447,0.9723320158102767,0.27796610169491526,0.9994805194805195,506,1,10,492,0.7031008719507358,0.5682894346237968,0.5198666723520451,659b38a758b0d118395a2e8eaa38e9375c767423edb97ab2c1d7eb29067ce798,c88b9d293d091393f291c52331e893d2db22645ecf2ff2e29a473d3df730d82d,geometry_alpha_0p400,0.4,,
geometry_alpha_0p400,alpha_blend,False,0.9868380420579811,0.001693002257336343,1.0,0.0005649717514124294,1.0,1,0,0,1,0.7031008719507358,0.5682894346237968,0.5198666723520451,659b38a758b0d118395a2e8eaa38e9375c767423edb97ab2c1d7eb29067ce798,3bc84dbea1efbb2ed1e12876be81779c7cc248038773b482c76aa917a6211173,geometry_alpha_0p400,0.4,,
geometry_alpha_0p600,alpha_blend,False,0.02170937150788969,0.341206983718577,0.1582688023761536,0.8429378531073446,0.7766233766233767,9427,430,7167,1492,0.7031008719507358,0.5682894346237968,0.5198666723520451,847df34f1d9206ffbeb0995eab41a65ebff1d17c1c7215bbbb46db92532d6725,f009c92569675d44a181ced76080b25ca3c939a67b2e14e880012c5f9476248d,geometry_alpha_0p600,0.6,,
geometry_alpha_0p600,alpha_blend,False,0.04531347660570144,0.4513069568977189,0.23420843277645187,0.831638418079096,0.850909090909091,6285,287,4296,1472,0.7031008719507358,0.5682894346237968,0.5198666723520451,847df34f1d9206ffbeb0995eab41a65ebff1d17c1c7215bbbb46db92532d6725,c6d2a32c46e1bd72fcac749a592f1c98886e2c8a66a8d7fd1b48f974724bfd3c,geometry_alpha_0p600,0.6,,
geometry_alpha_0p600,alpha_blend,False,0.05,0.4689283679946994,0.2481038260576437,0.831638418079096,0.8587012987012987,5933,272,3975,1472,0.7031008719507358,0.5682894346237968,0.5198666723520451,847df34f1d9206ffbeb0995eab41a65ebff1d17c1c7215bbbb46db92532d6725,a42b4c06361a6c3466ee70c6e3892555a673b7fcb01e04213644af22c1526c39,geometry_alpha_0p600,0.6,,
geometry_alpha_0p600,alpha_blend,False,0.1,0.5794555413131505,0.3488316068417249,0.8180790960451978,0.918961038961039,4151,156,2400,1448,0.7031008719507358,0.5682894346237968,0.5198666723520451,847df34f1d9206ffbeb0995eab41a65ebff1d17c1c7215bbbb46db92532d6725,7488d5b97567c48f5b675ea66cad126704a2091c61e1dba062324d3c32563482,geometry_alpha_0p600,0.6,,
geometry_alpha_0p600,alpha_blend,False,0.12148985029774852,0.6072465375689583,0.3800053036329886,0.8096045197740113,0.9314285714285714,3771,132,2069,1433,0.7031008719507358,0.5682894346237968,0.5198666723520451,847df34f1d9206ffbeb0995eab41a65ebff1d17c1c7215bbbb46db92532d6725,50f1f479190833d98776953a9260cc44b0770c226e2cf378a6d5bab9862d5750,geometry_alpha_0p600,0.6,,
geometry_alpha_0p600,alpha_blend,False,0.15,0.6398226828521072,0.4196113074204947,0.8050847457627118,0.9402597402597402,3396,115,1736,1425,0.7031008719507358,0.5682894346237968,0.5198666723520451,847df34f1d9206ffbeb0995eab41a65ebff1d17c1c7215bbbb46db92532d6725,9c2b176d0b07f78a62ef9ce777bdb9058f9a50c259c13e079f45b7ca59a3bd26,geometry_alpha_0p600,0.6,,
geometry_alpha_0p600,alpha_blend,False,0.2,0.6797007874057345,0.4758174386920981,0.7892655367231638,0.9568831168831169,2936,83,1356,1397,0.7031008719507358,0.5682894346237968,0.5198666723520451,847df34f1d9206ffbeb0995eab41a65ebff1d17c1c7215bbbb46db92532d6725,d7ddfbe379e2bcfa7fedc79017aaea196a3761dce036bf39d6adda7b9587c467,geometry_alpha_0p600,0.6,,
geometry_alpha_0p600,alpha_blend,False,0.25,0.7016182103878291,0.5146948003014318,0.7717514124293785,0.9641558441558442,2654,69,1129,1366,0.7031008719507358,0.5682894346237968,0.5198666723520451,847df34f1d9206ffbeb0995eab41a65ebff1d17c1c7215bbbb46db92532d6725,ab3ed91cd32979e1194b37d89e6775467b385fe7b0ac61bbb2a65727acb7969d,geometry_alpha_0p600,0.6,,
geometry_alpha_0p600,alpha_blend,False,0.28340278352514026,0.7138652748811654,0.5377883850437549,0.7638418079096045,0.9672727272727273,2514,63,1016,1352,0.7031008719507358,0.5682894346237968,0.5198666723520451,847df34f1d9206ffbeb0995eab41a65ebff1d17c1c7215bbbb46db92532d6725,1aeb68602e9d183456bfff6dde40fae60ceda22c926fd29d93ddd4a5ae88e439,geometry_alpha_0p600,0.6,,
geometry_alpha_0p600,alpha_blend,False,0.3,0.7199849753390207,0.5506355063550635,0.7587570621468926,0.9683116883116883,2439,61,957,1343,0.7031008719507358,0.5682894346237968,0.5198666723520451,847df34f1d9206ffbeb0995eab41a65ebff1d17c1c7215bbbb46db92532d6725,9415032d8db37253e30121b7a599c3b293d020d66397fa9e49769e0b8ccdc8a4,geometry_alpha_0p600,0.6,,
geometry_alpha_0p600,alpha_blend,False,0.35,0.7390631287692563,0.5907267053053945,0.748587570621469,0.9703896103896104,2243,57,789,1325,0.7031008719507358,0.5682894346237968,0.5198666723520451,847df34f1d9206ffbeb0995eab41a65ebff1d17c1c7215bbbb46db92532d6725,5e1c8d94dd322d1c76eea5679d3e66f5eb667d3a135e0551ba84f7472723d07d,geometry_alpha_0p600,0.6,,
geometry_alpha_0p600,alpha_blend,False,0.4,0.7517871979208729,0.62225405921681,0.7361581920903955,0.9755844155844156,2094,47,679,1303,0.7031008719507358,0.5682894346237968,0.5198666723520451,847df34f1d9206ffbeb0995eab41a65ebff1d17c1c7215bbbb46db92532d6725,4666a3709bbeb47181c497f38385d3f987c319bc63f4bab2326aaac1a88cd96f,geometry_alpha_0p600,0.6,,
geometry_alpha_0p600,alpha_blend,False,0.5,0.7624053601851922,0.675809105869446,0.696045197740113,0.9818181818181818,1823,35,503,1232,0.7031008719507358,0.5682894346237968,0.5198666723520451,847df34f1d9206ffbeb0995eab41a65ebff1d17c1c7215bbbb46db92532d6725,a578e1d9d4b056a5c9414912bae039b3575d38c9d8b558fc81915a1c16a4ae7a,geometry_alpha_0p600,0.6,,
geometry_alpha_0p600,alpha_blend,False,0.6,0.7739542814514839,0.7488673139158576,0.6536723163841808,0.9890909090909091,1545,21,323,1157,0.7031008719507358,0.5682894346237968,0.5198666723520451,847df34f1d9206ffbeb0995eab41a65ebff1d17c1c7215bbbb46db92532d6725,952f224a153817bdc46e0be303a9dfdc0c919d8d7dc984dd7e59499532eaab7d,geometry_alpha_0p600,0.6,,
geometry_alpha_0p600,alpha_blend,False,0.7,0.7710310114933993,0.8186010760953113,0.6016949152542372,0.9927272727272727,1301,14,195,1065,0.7031008719507358,0.5682894346237968,0.5198666723520451,847df34f1d9206ffbeb0995eab41a65ebff1d17c1c7215bbbb46db92532d6725,0dd44a9ace4d04330f7d4b2055c7367fa27e063b35d872caeeda28c2f0cc6a5c,geometry_alpha_0p600,0.6,,
geometry_alpha_0p600,alpha_blend,False,0.7162992923397385,0.7685509207360863,0.8313444709626094,0.5903954802259888,0.9932467532467533,1257,13,174,1045,0.7031008719507358,0.5682894346237968,0.5198666723520451,847df34f1d9206ffbeb0995eab41a65ebff1d17c1c7215bbbb46db92532d6725,bee7316c0487ae88f1c2422f1d9a904460a1fea0d4dab0e998f76fec23c20714,geometry_alpha_0p600,0.6,,
geometry_alpha_0p600,alpha_blend,False,0.8,0.7391747577024862,0.8862102217936355,0.5192090395480226,0.9958441558441559,1037,8,96,919,0.7031008719507358,0.5682894346237968,0.5198666723520451,847df34f1d9206ffbeb0995eab41a65ebff1d17c1c7215bbbb46db92532d6725,44311807b47287746f1a292b74db56a1ca36d5ca77d9ff869e61d0be728cf268,geometry_alpha_0p600,0.6,,
geometry_alpha_0p600,alpha_blend,False,0.9,0.6240129799891834,0.9567164179104478,0.36214689265536726,0.9989610389610389,670,2,22,641,0.7031008719507358,0.5682894346237968,0.5198666723520451,847df34f1d9206ffbeb0995eab41a65ebff1d17c1c7215bbbb46db92532d6725,4685f17b1563ad906f267565bdabfa1eceda1446738baa311530f922d04f5d78,geometry_alpha_0p600,0.6,,
geometry_alpha_0p600,alpha_blend,False,0.9075788624318485,0.60406787792524,0.9618441971383148,0.3418079096045198,0.9989610389610389,629,2,18,605,0.7031008719507358,0.5682894346237968,0.5198666723520451,847df34f1d9206ffbeb0995eab41a65ebff1d17c1c7215bbbb46db92532d6725,ed3e9d6e799075eacaf0adf3517317aec1bd93ad4535205750b7f03a494678e5,geometry_alpha_0p600,0.6,,
geometry_alpha_0p600,alpha_blend,False,0.9903869618735164,0.001693002257336343,1.0,0.0005649717514124294,1.0,1,0,0,1,0.7031008719507358,0.5682894346237968,0.5198666723520451,847df34f1d9206ffbeb0995eab41a65ebff1d17c1c7215bbbb46db92532d6725,3bc84dbea1efbb2ed1e12876be81779c7cc248038773b482c76aa917a6211173,geometry_alpha_0p600,0.6,,
geometry_alpha_0p800,alpha_blend,False,0.028065021869204697,0.3415023801693998,0.1583748806619285,0.843502824858757,0.7781818181818182,9427,427,7171,1493,0.7031008719507358,0.5682894346237968,0.5198666723520451,cec1fa87b993a89f54d573184bca85b0e2a244ba6e8352aa396d8d28b9e79fdf,4131c02051b19bb850a0b9574621b9b1b778058e7110fd5ad08a9217d7506416,geometry_alpha_0p800,0.8,,
geometry_alpha_0p800,alpha_blend,False,0.05,0.4278917443097852,0.2163307040607654,0.8367231638418079,0.837922077922078,6846,312,4812,1481,0.7031008719507358,0.5682894346237968,0.5198666723520451,cec1fa87b993a89f54d573184bca85b0e2a244ba6e8352aa396d8d28b9e79fdf,6c431e3980382d4dfafe2b17b668295e9c611482ab8bc292e776301e053496ff,geometry_alpha_0p800,0.8,,
geometry_alpha_0p800,alpha_blend,False,0.05813745814827537,0.45125822155124007,0.23420843277645187,0.831638418079096,0.8503896103896104,6285,288,4301,1472,0.7031008719507358,0.5682894346237968,0.5198666723520451,cec1fa87b993a89f54d573184bca85b0e2a244ba6e8352aa396d8d28b9e79fdf,2555fd602a8fe29cc441b69fa11aa9c01e46164fd399b94393a09fbccc459657,geometry_alpha_0p800,0.8,,
geometry_alpha_0p800,alpha_blend,False,0.1,0.5413283792364687,0.3112823806465425,0.8214689265536723,0.8992207792207793,4671,194,2854,1454,0.7031008719507358,0.5682894346237968,0.5198666723520451,cec1fa87b993a89f54d573184bca85b0e2a244ba6e8352aa396d8d28b9e79fdf,3458053ea4cc869a25c028238b7fbb775289b2393a33df12716b3b03ae6f2d77,geometry_alpha_0p800,0.8,,
geometry_alpha_0p800,alpha_blend,False,0.15,0.6032450978995928,0.37529442554305154,0.8101694915254237,0.9309090909090909,3821,133,2116,1434,0.7031008719507358,0.5682894346237968,0.5198666723520451,cec1fa87b993a89f54d573184bca85b0e2a244ba6e8352aa396d8d28b9e79fdf,3249b24421c5ae1d206cb016eae1e18b3116e790a9c0fe97712fad7003dcfd24,geometry_alpha_0p800,0.8,,
geometry_alpha_0p800,alpha_blend,False,0.1531824504245049,0.6073201056549061,0.3800053036329886,0.8096045197740113,0.931948051948052,3771,131,2071,1433,0.7031008719507358,0.5682894346237968,0.5198666723520451,cec1fa87b993a89f54d573184bca85b0e2a244ba6e8352aa396d8d28b9e79fdf,d800e5e9dd9c9c70c621c0ac5e7a3543a63872df0f295d50984f298b346db2d6,geometry_alpha_0p800,0.8,,
geometry_alpha_0p800,alpha_blend,False,0.2,0.6496601674312154,0.4320048676604807,0.8022598870056498,0.9464935064935065,3287,103,1650,1420,0.7031008719507358,0.5682894346237968,0.5198666723520451,cec1fa87b993a89f54d573184bca85b0e2a244ba6e8352aa396d8d28b9e79fdf,26eb8305d73398c57e48b8b20b0bec7a246742dd6e52d2b96c92814bb4f73c38,geometry_alpha_0p800,0.8,,
geometry_alpha_0p800,alpha_blend,False,0.25,0.6794806236350454,0.47531494722505957,0.7887005649717514,0.9584415584415584,2937,80,1361,1396,0.7031008719507358,0.5682894346237968,0.5198666723520451,cec1fa87b993a89f54d573184bca85b0e2a244ba6e8352aa396d8d28b9e79fdf,8e965264016317da2f88cad54bc0f0a0e6ab0b009356eaec89363950b6e07456,geometry_alpha_0p800,0.8,,
geometry_alpha_0p800,alpha_blend,False,0.3,0.6990481454300548,0.509090909090909,0.7751412429378531,0.9641558441558442,2695,69,1164,1372,0.7031008719507358,0.5682894346237968,0.5198666723520451,cec1fa87b993a89f54d573184bca85b0e2a244ba6e8352aa396d8d28b9e79fdf,bcd15e9b273ee552c2205c0e322c12e0a25b6f30c0f48483490424019e1b5005,geometry_alpha_0p800,0.8,,
geometry_alpha_0p800,alpha_blend,False,0.348795221657097,0.7130687572230232,0.5369928400954654,0.7627118644067796,0.9672727272727273,2514,63,1019,1350,0.7031008719507358,0.5682894346237968,0.5198666723520451,cec1fa87b993a89f54d573184bca85b0e2a244ba6e8352aa396d8d28b9e79fdf,bdebe4d100f623234a9988a91966872cfd467cb0851bf88c323a58b581c6e33f,geometry_alpha_0p800,0.8,,
geometry_alpha_0p800,alpha_blend,False,0.35,0.7135498658740854,0.538093338651775,0.7621468926553673,0.9672727272727273,2507,63,1013,1349,0.7031008719507358,0.5682894346237968,0.5198666723520451,cec1fa87b993a89f54d573184bca85b0e2a244ba6e8352aa396d8d28b9e79fdf,9d04e490ac33de7ff2037539f20e35dcd6e3d43ad7b16b77881f41ba54c9c5cc,geometry_alpha_0p800,0.8,,
geometry_alpha_0p800,alpha_blend,False,0.4,0.7302681181543464,0.5715509854327335,0.7536723163841808,0.9693506493506494,2334,59,868,1334,0.7031008719507358,0.5682894346237968,0.5198666723520451,cec1fa87b993a89f54d573184bca85b0e2a244ba6e8352aa396d8d28b9e79fdf,7961c8235dc4ffe703564655fecde98e83caea93be5d0e61d0b18e30790ffb07,geometry_alpha_0p800,0.8,,
geometry_alpha_0p800,alpha_blend,False,0.5,0.7538373795049648,0.6285160038797284,0.7322033898305085,0.9776623376623377,2062,43,661,1296,0.7031008719507358,0.5682894346237968,0.5198666723520451,cec1fa87b993a89f54d573184bca85b0e2a244ba6e8352aa396d8d28b9e79fdf,ab1d4af5a721c34bc9b12493011a2d51bea76a417c43793bc3af0970ac13d546,geometry_alpha_0p800,0.8,,
geometry_alpha_0p800,alpha_blend,False,0.6,0.7641518157933512,0.6797349530646052,0.6954802259887005,0.9833766233766233,1811,32,496,1231,0.7031008719507358,0.5682894346237968,0.5198666723520451,cec1fa87b993a89f54d573184bca85b0e2a244ba6e8352aa396d8d28b9e79fdf,e417715fa83de90be165325b3d977ec597b1966d9ea49340221c60c36e736259,geometry_alpha_0p800,0.8,,
geometry_alpha_0p800,alpha_blend,False,0.7,0.7737980406844867,0.7470967741935484,0.6542372881355932,0.9901298701298701,1550,19,329,1158,0.7031008719507358,0.5682894346237968,0.5198666723520451,cec1fa87b993a89f54d573184bca85b0e2a244ba6e8352aa396d8d28b9e79fdf,7411647e2e46e97c96ba350ba0a1bd044ab98990d3ad5366b4d40a5fc6a6b564,geometry_alpha_0p800,0.8,,
geometry_alpha_0p800,alpha_blend,False,0.8,0.7722765662154817,0.8235294117647058,0.6011299435028249,0.9932467532467533,1292,13,191,1064,0.7031008719507358,0.5682894346237968,0.5198666723520451,cec1fa87b993a89f54d573184bca85b0e2a244ba6e8352aa396d8d28b9e79fdf,556dc62667de8f59bc58497e93b3dc1469a111a85fcee8fb050a843b0881fbfe,geometry_alpha_0p800,0.8,,
geometry_alpha_0p800,alpha_blend,False,0.8124146342728427,0.7669124192882404,0.8289578361177407,0.5887005649717514,0.9932467532467533,1257,13,179,1042,0.7031008719507358,0.5682894346237968,0.5198666723520451,cec1fa87b993a89f54d573184bca85b0e2a244ba6e8352aa396d8d28b9e79fdf,f4d29f1072859cdc197a36778ee932db8ce905651706619d2591f0e9cfe1286a,geometry_alpha_0p800,0.8,,
geometry_alpha_0p800,alpha_blend,False,0.9,0.7132120281124025,0.911062906724512,0.4745762711864407,0.9984415584415585,922,3,67,840,0.7031008719507358,0.5682894346237968,0.5198666723520451,cec1fa87b993a89f54d573184bca85b0e2a244ba6e8352aa396d8d28b9e79fdf,2f877f0aefcd5ac648da6e04abe9b22a4077a79466fec73f9d56b23b0960839c,geometry_alpha_0p800,0.8,,
geometry_alpha_0p800,alpha_blend,False,0.9464131965681299,0.6049282750276451,0.9634340222575517,0.3423728813559322,0.9994805194805195,629,1,18,606,0.7031008719507358,0.5682894346237968,0.5198666723520451,cec1fa87b993a89f54d573184bca85b0e2a244ba6e8352aa396d8d28b9e79fdf,f779c08fcf2f313380426e4d6b2c96bc930c2edcb31321707c11adf89e74771e,geometry_alpha_0p800,0.8,,
geometry_alpha_0p800,alpha_blend,False,0.9945932514952056,0.001693002257336343,1.0,0.0005649717514124294,1.0,1,0,0,1,0.7031008719507358,0.5682894346237968,0.5198666723520451,cec1fa87b993a89f54d573184bca85b0e2a244ba6e8352aa396d8d28b9e79fdf,cf56cd31fed9bc49e7fa5a748684d87a046d366f505b14523bbaf4593a3d1faa,geometry_alpha_0p800,0.8,,
geometry_alpha_1p000,alpha_blend,False,0.03439361681827892,0.3415023801693998,0.1583748806619285,0.843502824858757,0.7781818181818182,9427,427,7176,1493,0.7031008719507358,0.5682894346237968,0.5198666723520451,afee32d5445277cb8bf1e2de95138dba4afd5d181f0ef6a3bad801282d99b126,a689d76a50a806ee52a538d95b7cfd702e2ad66c79429de3a61d162cc817d7f1,geometry_risk_score,1.0,,
geometry_alpha_1p000,alpha_blend,False,0.05,0.3949854123805105,0.19309895833333332,0.8378531073446328,0.8176623376623376,7680,351,5570,1483,0.7031008719507358,0.5682894346237968,0.5198666723520451,afee32d5445277cb8bf1e2de95138dba4afd5d181f0ef6a3bad801282d99b126,170cb179ca97c46550680e6090501cc7c1a99b70c1fab0614d75f02b5f576cb9,geometry_risk_score,1.0,,
geometry_alpha_1p000,alpha_blend,False,0.07122624315768072,0.4514128000149949,0.23436754176610977,0.8322033898305085,0.8493506493506493,6285,290,4299,1473,0.7031008719507358,0.5682894346237968,0.5198666723520451,afee32d5445277cb8bf1e2de95138dba4afd5d181f0ef6a3bad801282d99b126,f6273199f503e6082071fe1364e3d80320b5fd1d50085b8ada6805db13b33f75,geometry_risk_score,1.0,,
geometry_alpha_1p000,alpha_blend,False,0.1,0.5089437060947641,0.2812920592193809,0.8265536723163842,0.8851948051948052,5201,221,3334,1463,0.7031008719507358,0.5682894346237968,0.5198666723520451,afee32d5445277cb8bf1e2de95138dba4afd5d181f0ef6a3bad801282d99b126,d20cc353491c02e84fd62f781bed2f53aac1c237be772dfa5bad5c65d99fe9d4,geometry_risk_score,1.0,,
geometry_alpha_1p000,alpha_blend,False,0.15,0.5751997746886205,0.34459781056639693,0.8180790960451978,0.9163636363636364,4202,161,2447,1448,0.7031008719507358,0.5682894346237968,0.5198666723520451,afee32d5445277cb8bf1e2de95138dba4afd5d181f0ef6a3bad801282d99b126,6736bff5753b9b2cab32680119af39fd99a96ab61db3d365d3e4a8e4ce0fa2e0,geometry_risk_score,1.0,,
geometry_alpha_1p000,alpha_blend,False,0.18445414605737784,0.6072083850456084,0.3797401219835587,0.8090395480225989,0.9335064935064935,3771,128,2077,1432,0.7031008719507358,0.5682894346237968,0.5198666723520451,afee32d5445277cb8bf1e2de95138dba4afd5d181f0ef6a3bad801282d99b126,8863c021f59ff880337584b6ef2cbe2b2bb6430f6bb522a48a943d224b591c5a,geometry_risk_score,1.0,,
geometry_alpha_1p000,alpha_blend,False,0.2,0.621607679186509,0.3962839711591791,0.8073446327683615,0.9397402597402598,3606,116,1937,1429,0.7031008719507358,0.5682894346237968,0.5198666723520451,afee32d5445277cb8bf1e2de95138dba4afd5d181f0ef6a3bad801282d99b126,014300d12a7e2dff8dc18f2ef373577aee3635ca062514da73e8dda824fe96d9,geometry_risk_score,1.0,,
geometry_alpha_1p000,alpha_blend,False,0.25,0.6562202796375594,0.44074650077760497,0.8005649717514124,0.9490909090909091,3215,98,1589,1417,0.7031008719507358,0.5682894346237968,0.5198666723520451,afee32d5445277cb8bf1e2de95138dba4afd5d181f0ef6a3bad801282d99b126,d468dbb61dc1f87896c5aefad1aaef52b54eb49a9fc9fb801e3b54cf80a3cae6,geometry_risk_score,1.0,,
geometry_alpha_1p000,alpha_blend,False,0.3,0.6791088489761025,0.47497446373850866,0.788135593220339,0.9584415584415584,2937,80,1361,1395,0.7031008719507358,0.5682894346237968,0.5198666723520451,afee32d5445277cb8bf1e2de95138dba4afd5d181f0ef6a3bad801282d99b126,0e35392ad3e0e3913bee94d336620aa4f9582326a5b4bb9d4d57d6d9bf0d8f60,geometry_risk_score,1.0,,
geometry_alpha_1p000,alpha_blend,False,0.35,0.6969301526951616,0.5043956043956044,0.7779661016949152,0.9646753246753247,2730,68,1193,1377,0.7031008719507358,0.5682894346237968,0.5198666723520451,afee32d5445277cb8bf1e2de95138dba4afd5d181f0ef6a3bad801282d99b126,8f506350783f04054f5cabc7a81c5b62a9543cd39e7cb6f87836b056c07b936f,geometry_risk_score,1.0,,
geometry_alpha_1p000,alpha_blend,False,0.4,0.7098692247363921,0.5301016419077405,0.7661016949152543,0.9667532467532467,2558,64,1054,1356,0.7031008719507358,0.5682894346237968,0.5198666723520451,afee32d5445277cb8bf1e2de95138dba4afd5d181f0ef6a3bad801282d99b126,b82073da0f11c8937614c7af399cf8fa516aa97bc73665ddc2527e3b83e2250d,geometry_risk_score,1.0,,
geometry_alpha_1p000,alpha_blend,False,0.4153844751072325,0.7129746140342215,0.5369928400954654,0.7627118644067796,0.9667532467532467,2514,64,1018,1350,0.7031008719507358,0.5682894346237968,0.5198666723520451,afee32d5445277cb8bf1e2de95138dba4afd5d181f0ef6a3bad801282d99b126,3124e90aaa5bfe4e382dfb12d5822b769815eb7bdf6a3fb9b0dc5bfbb936a1a0,geometry_risk_score,1.0,,
geometry_alpha_1p000,alpha_blend,False,0.5,0.7380161315260731,0.5864197530864198,0.751412429378531,0.9719480519480519,2268,54,812,1330,0.7031008719507358,0.5682894346237968,0.5198666723520451,afee32d5445277cb8bf1e2de95138dba4afd5d181f0ef6a3bad801282d99b126,46b6929a93a1f9d6ded5fdb0d2520cf4bb9d293c4562c425d893a5cc57227747,geometry_risk_score,1.0,,
geometry_alpha_1p000,alpha_blend,False,0.6,0.7524018949190503,0.6307767944936087,0.7248587570621469,0.9781818181818182,2034,42,648,1283,0.7031008719507358,0.5682894346237968,0.5198666723520451,afee32d5445277cb8bf1e2de95138dba4afd5d181f0ef6a3bad801282d99b126,eb2ab12e78abfeb515498de60564f4d676cca2625f50dca75efaf83ad38cde50,geometry_risk_score,1.0,,
geometry_alpha_1p000,alpha_blend,False,0.7,0.764745918501335,0.6814404432132964,0.6949152542372882,0.9838961038961039,1805,31,492,1230,0.7031008719507358,0.5682894346237968,0.5198666723520451,afee32d5445277cb8bf1e2de95138dba4afd5d181f0ef6a3bad801282d99b126,624d3cf6156f821aa6c2e7ce68a061c6db3a85bf2a2258ea954b72753e30d831,geometry_risk_score,1.0,,
geometry_alpha_1p000,alpha_blend,False,0.8,0.773453482947201,0.7461340206185567,0.6542372881355932,0.9901298701298701,1552,19,333,1158,0.7031008719507358,0.5682894346237968,0.5198666723520451,afee32d5445277cb8bf1e2de95138dba4afd5d181f0ef6a3bad801282d99b126,2103ac3e47b339221e8db9aa9613a7096c97761a2bea92ee620e61f29a150221,geometry_risk_score,1.0,,
geometry_alpha_1p000,alpha_blend,False,0.9,0.7666013548455073,0.8201720093823299,0.5926553672316384,0.9932467532467533,1279,13,192,1049,0.7031008719507358,0.5682894346237968,0.5198666723520451,afee32d5445277cb8bf1e2de95138dba4afd5d181f0ef6a3bad801282d99b126,abce2b9b83b657863fb69806820ea3815edbeec48e9b798a9017526372175ea3,geometry_risk_score,1.0,,
geometry_alpha_1p000,alpha_blend,False,0.9045054459506751,0.7665717272346386,0.8281622911694511,0.588135593220339,0.9942857142857143,1257,11,182,1041,0.7031008719507358,0.5682894346237968,0.5198666723520451,afee32d5445277cb8bf1e2de95138dba4afd5d181f0ef6a3bad801282d99b126,9e11d4baf9a000017da160f37b8e05ad0d84fb698bd128e07581ddd70afff018,geometry_risk_score,1.0,,
geometry_alpha_1p000,alpha_blend,False,0.9862901051391167,0.6041311689477762,0.9618441971383148,0.3418079096045198,0.9994805194805195,629,1,19,605,0.7031008719507358,0.5682894346237968,0.5198666723520451,afee32d5445277cb8bf1e2de95138dba4afd5d181f0ef6a3bad801282d99b126,af669db82bfe3e2bf61c2e82b4b6442c97b297800821b59ea988c0340eabf460,geometry_risk_score,1.0,,
geometry_alpha_1p000,alpha_blend,False,0.99964153181263,0.001693002257336343,1.0,0.0005649717514124294,1.0,1,0,0,1,0.7031008719507358,0.5682894346237968,0.5198666723520451,afee32d5445277cb8bf1e2de95138dba4afd5d181f0ef6a3bad801282d99b126,e780767baf53896fa281eeebfee319ccc48ede8e2b12bc81f2c3a7fb7f0796b0,geometry_risk_score,1.0,,
class_reliability_gamma_0p250,class_scaled_raw,True,0.001945839988900608,0.3403458751518623,0.1580566458046038,0.8418079096045198,0.7693506493506493,9427,444,7100,1490,0.7031008719507358,0.5682894346237968,0.5198666723520451,2686187fe495a910d6e8289a4e5e13bd62d1e4e056a774f627eff63d8f64bf85,6fdfd5e439372602e4e8a69d09e6fa883e8370c1429bf50daedc3f604a3a05a2,class_reliability_gamma_0p250,,0.25,
class_reliability_gamma_0p250,class_scaled_raw,True,0.005539138323121383,0.45002366933651716,0.23436754176610977,0.8322033898305085,0.8348051948051948,6285,318,4223,1473,0.7031008719507358,0.5682894346237968,0.5198666723520451,2686187fe495a910d6e8289a4e5e13bd62d1e4e056a774f627eff63d8f64bf85,aeb685a613a93b71ea623df2c57a025297e9440adda7d958bc60b793c1aa9bb6,class_reliability_gamma_0p250,,0.25,
class_reliability_gamma_0p250,class_scaled_raw,True,0.023015334952842782,0.6037192757490398,0.379209758684699,0.807909604519774,0.9137662337662338,3771,166,2027,1430,0.7031008719507358,0.5682894346237968,0.5198666723520451,2686187fe495a910d6e8289a4e5e13bd62d1e4e056a774f627eff63d8f64bf85,850934238f91326f94ec32355f74c3fa18e06daa8b7f368629babc78a0f55767,class_reliability_gamma_0p250,,0.25,
class_reliability_gamma_0p250,class_scaled_raw,True,0.05,0.6781187183922105,0.47954230235783635,0.7813559322033898,0.9444155844155844,2884,107,1291,1383,0.7031008719507358,0.5682894346237968,0.5198666723520451,2686187fe495a910d6e8289a4e5e13bd62d1e4e056a774f627eff63d8f64bf85,c58528738b9bb35ba8f55ff9ba7aecfcb1a04b2b2a1e14cd209baef0b993e932,class_reliability_gamma_0p250,,0.25,
class_reliability_gamma_0p250,class_scaled_raw,True,0.07845503508228929,0.7111712834029147,0.5369928400954654,0.7627118644067796,0.9568831168831169,2514,83,1000,1350,0.7031008719507358,0.5682894346237968,0.5198666723520451,2686187fe495a910d6e8289a4e5e13bd62d1e4e056a774f627eff63d8f64bf85,0623a9d768ffa9c16a3fe3297409885d9c0a1023d58688b914c161521cdd0bad,class_reliability_gamma_0p250,,0.25,
class_reliability_gamma_0p250,class_scaled_raw,True,0.1,0.7305480551985408,0.5762049500651324,0.7497175141242938,0.9641558441558442,2303,69,831,1327,0.7031008719507358,0.5682894346237968,0.5198666723520451,2686187fe495a910d6e8289a4e5e13bd62d1e4e056a774f627eff63d8f64bf85,68660471f96c0e319712be476e95c2da6b58954753ecc792150d4aadf60fdea8,class_reliability_gamma_0p250,,0.25,
class_reliability_gamma_0p250,class_scaled_raw,True,0.15,0.7537708112054501,0.6369521912350598,0.7225988700564971,0.9745454545454545,2008,49,618,1279,0.7031008719507358,0.5682894346237968,0.5198666723520451,2686187fe495a910d6e8289a4e5e13bd62d1e4e056a774f627eff63d8f64bf85,315543513c463436a3c2cbce6e5dbbb3a516bcdf37acc3e222982283cc266dd2,class_reliability_gamma_0p250,,0.25,
class_reliability_gamma_0p250,class_scaled_raw,True,0.2,0.764510933172648,0.6858902575587906,0.692090395480226,0.9792207792207792,1786,40,471,1225,0.7031008719507358,0.5682894346237968,0.5198666723520451,2686187fe495a910d6e8289a4e5e13bd62d1e4e056a774f627eff63d8f64bf85,e09bbe658271d17f2b35557b52bfa3767cf60075d8fdd616a37d6f92df2669d0,class_reliability_gamma_0p250,,0.25,
class_reliability_gamma_0p250,class_scaled_raw,True,0.25,0.7697824914387347,0.724095646842428,0.6672316384180791,0.9828571428571429,1631,33,374,1181,0.7031008719507358,0.5682894346237968,0.5198666723520451,2686187fe495a910d6e8289a4e5e13bd62d1e4e056a774f627eff63d8f64bf85,87619b25151b26b7fbe7db76c29b3863af3e462e4174412382c752f2b4b6bb07,class_reliability_gamma_0p250,,0.25,
class_reliability_gamma_0p250,class_scaled_raw,True,0.3,0.7727896020532736,0.7606951871657754,0.6429378531073446,0.9880519480519481,1496,23,297,1138,0.7031008719507358,0.5682894346237968,0.5198666723520451,2686187fe495a910d6e8289a4e5e13bd62d1e4e056a774f627eff63d8f64bf85,b440ac868ab86a9db0c69687812d41cf2e42a7419424939061f8541eea9d3986,class_reliability_gamma_0p250,,0.25,
class_reliability_gamma_0p250,class_scaled_raw,True,0.35,0.7723428235698769,0.7922077922077922,0.6203389830508474,0.9901298701298701,1386,19,239,1098,0.7031008719507358,0.5682894346237968,0.5198666723520451,2686187fe495a910d6e8289a4e5e13bd62d1e4e056a774f627eff63d8f64bf85,2aa9fdff8a0997b8786e08ec2e46582ca4b8c84c23ee6c63843ed36fbf1493d6,class_reliability_gamma_0p250,,0.25,
class_reliability_gamma_0p250,class_scaled_raw,True,0.4,0.7689599029599629,0.8217898832684825,0.5966101694915255,0.9916883116883117,1285,16,187,1056,0.7031008719507358,0.5682894346237968,0.5198666723520451,2686187fe495a910d6e8289a4e5e13bd62d1e4e056a774f627eff63d8f64bf85,4ab72ca55786353f20ea2a0d7405450d47c834c45ba229d160fd94bea555581d,class_reliability_gamma_0p250,,0.25,
class_reliability_gamma_0p250,class_scaled_raw,True,0.41523364179641825,0.7682395296224678,0.8313444709626094,0.5903954802259888,0.9916883116883117,1257,16,170,1045,0.7031008719507358,0.5682894346237968,0.5198666723520451,2686187fe495a910d6e8289a4e5e13bd62d1e4e056a774f627eff63d8f64bf85,a80ae8c61c2e8f648a510ec78641624b64f634da3ac5a08c03d8eddc8dfb5c79,class_reliability_gamma_0p250,,0.25,
class_reliability_gamma_0p250,class_scaled_raw,True,0.5,0.751736327231563,0.8664874551971327,0.5463276836158192,0.9937662337662337,1116,12,118,967,0.7031008719507358,0.5682894346237968,0.5198666723520451,2686187fe495a910d6e8289a4e5e13bd62d1e4e056a774f627eff63d8f64bf85,8b7bb684b014f7fea79192da3cceeed69360a49617ef27601efbfdce8603534d,class_reliability_gamma_0p250,,0.25,
class_reliability_gamma_0p250,class_scaled_raw,True,0.6,0.7113366576938353,0.9032258064516129,0.4745762711864407,0.9968831168831169,930,6,72,840,0.7031008719507358,0.5682894346237968,0.5198666723520451,2686187fe495a910d6e8289a4e5e13bd62d1e4e056a774f627eff63d8f64bf85,bcd557dba218de60e595184bb190be77aee2796d4c59084672dbce963295f335,class_reliability_gamma_0p250,,0.25,
class_reliability_gamma_0p250,class_scaled_raw,True,0.7,0.6568459275917163,0.9500674763832658,0.3977401129943503,0.9994805194805195,741,1,31,704,0.7031008719507358,0.5682894346237968,0.5198666723520451,2686187fe495a910d6e8289a4e5e13bd62d1e4e056a774f627eff63d8f64bf85,1f9011ccc106690a722767e4eb2a1a6b44952d3c2eabbb7a0654b9f47561a669,class_reliability_gamma_0p250,,0.25,
class_reliability_gamma_0p250,class_scaled_raw,True,0.7561049944049375,0.6033335317743255,0.9602543720190779,0.34124293785310733,0.9994805194805195,629,1,20,604,0.7031008719507358,0.5682894346237968,0.5198666723520451,2686187fe495a910d6e8289a4e5e13bd62d1e4e056a774f627eff63d8f64bf85,78cb22cfe1cdebad7e24d86d4319bf6c0d4ef6809644074263a6f7478059d4d7,class_reliability_gamma_0p250,,0.25,
class_reliability_gamma_0p250,class_scaled_raw,True,0.8,0.5449164313759458,0.9732313575525813,0.28757062146892653,0.9994805194805195,523,1,9,509,0.7031008719507358,0.5682894346237968,0.5198666723520451,2686187fe495a910d6e8289a4e5e13bd62d1e4e056a774f627eff63d8f64bf85,828b011ec9ed752fea6192c5660c4764a825d8217516b20b7cdce868bbd9aa53,class_reliability_gamma_0p250,,0.25,
class_reliability_gamma_0p250,class_scaled_raw,True,0.9,0.29181818181818187,0.9907407407407407,0.12090395480225989,1.0,216,0,2,214,0.7031008719507358,0.5682894346237968,0.5198666723520451,2686187fe495a910d6e8289a4e5e13bd62d1e4e056a774f627eff63d8f64bf85,5c8fd4a93a94b4e090d73dca0ee7d79646591026ae5be36f8a773ce9af9b4ab6,class_reliability_gamma_0p250,,0.25,
class_reliability_gamma_0p250,class_scaled_raw,True,0.9592823221206674,0.001693002257336343,1.0,0.0005649717514124294,1.0,1,0,0,1,0.7031008719507358,0.5682894346237968,0.5198666723520451,2686187fe495a910d6e8289a4e5e13bd62d1e4e056a774f627eff63d8f64bf85,3bc84dbea1efbb2ed1e12876be81779c7cc248038773b482c76aa917a6211173,class_reliability_gamma_0p250,,0.25,
class_reliability_gamma_0p500,class_scaled_raw,True,0.0017678019987939207,0.34037974321921605,0.1580566458046038,0.8418079096045198,0.7698701298701298,9427,443,7102,1490,0.7031008719507358,0.5682894346237968,0.5198666723520451,ae00727fc151455e8215787f5cc756f45bc7d365f761c20e229f6e1e5a1b3bbe,a58349b65c60829cb87beef8b45926ccd18847d5653ca75054c6a948145721a2,class_reliability_gamma_0p500,,0.5,
class_reliability_gamma_0p500,class_scaled_raw,True,0.005080129864575537,0.4500739645673144,0.23436754176610977,0.8322033898305085,0.8353246753246754,6285,317,4227,1473,0.7031008719507358,0.5682894346237968,0.5198666723520451,ae00727fc151455e8215787f5cc756f45bc7d365f761c20e229f6e1e5a1b3bbe,1b9918e93b819aa4dfdd2029884ef201739ee0ab3d55f287e61f67f7df1d40b4,class_reliability_gamma_0p500,,0.5,
class_reliability_gamma_0p500,class_scaled_raw,True,0.021388816778681406,0.6030606651872564,0.3786793953858393,0.8067796610169492,0.9137662337662338,3771,166,2030,1428,0.7031008719507358,0.5682894346237968,0.5198666723520451,ae00727fc151455e8215787f5cc756f45bc7d365f761c20e229f6e1e5a1b3bbe,f4cab09350c3920b11f31e677cc3ba77a39d80116862fb48a9831fb5b214aa42,class_reliability_gamma_0p500,,0.5,
class_reliability_gamma_0p500,class_scaled_raw,True,0.05,0.6849071010435225,0.49023090586145646,0.7796610169491526,0.9454545454545454,2815,105,1230,1380,0.7031008719507358,0.5682894346237968,0.5198666723520451,ae00727fc151455e8215787f5cc756f45bc7d365f761c20e229f6e1e5a1b3bbe,d871734c7c71c8886d960cebc73687b8dc4f4681d3d5d3c336db72a2295bf9a6,class_reliability_gamma_0p500,,0.5,
class_reliability_gamma_0p500,class_scaled_raw,True,0.07112848520799214,0.7140268490051364,0.5393794749403341,0.7661016949152543,0.9594805194805195,2514,78,998,1356,0.7031008719507358,0.5682894346237968,0.5198666723520451,ae00727fc151455e8215787f5cc756f45bc7d365f761c20e229f6e1e5a1b3bbe,6c985d140934dfb6379fb51109202b781eabc84f556840ece78031634d8deed9,class_reliability_gamma_0p500,,0.5,
class_reliability_gamma_0p500,class_scaled_raw,True,0.1,0.7341297400475943,0.5854092526690391,0.7435028248587571,0.9677922077922078,2248,62,797,1316,0.7031008719507358,0.5682894346237968,0.5198666723520451,ae00727fc151455e8215787f5cc756f45bc7d365f761c20e229f6e1e5a1b3bbe,a6f4bb5b8e636e50d527b8299d56a7379c2c6158b4eb3310eb8bcf892a6498f4,class_reliability_gamma_0p500,,0.5,
class_reliability_gamma_0p500,class_scaled_raw,True,0.15,0.7570823928960105,0.6479591836734694,0.7175141242937854,0.9750649350649351,1960,48,584,1270,0.7031008719507358,0.5682894346237968,0.5198666723520451,ae00727fc151455e8215787f5cc756f45bc7d365f761c20e229f6e1e5a1b3bbe,f9b0eb3e245903e34459d7bb04960f75736343b529a440dca2f4b04f5f5bcc9b,class_reliability_gamma_0p500,,0.5,
class_reliability_gamma_0p500,class_scaled_raw,True,0.2,0.7661086302441781,0.6946826758147513,0.6864406779661016,0.9807792207792208,1749,37,450,1215,0.7031008719507358,0.5682894346237968,0.5198666723520451,ae00727fc151455e8215787f5cc756f45bc7d365f761c20e229f6e1e5a1b3bbe,02beb9d43fa00bf6d72c503767b5c7eee46c6161475a52d544925f5df87e44a3,class_reliability_gamma_0p500,,0.5,
class_reliability_gamma_0p500,class_scaled_raw,True,0.25,0.7686139666528584,0.7349397590361446,0.6548022598870057,0.9849350649350649,1577,29,348,1159,0.7031008719507358,0.5682894346237968,0.5198666723520451,ae00727fc151455e8215787f5cc756f45bc7d365f761c20e229f6e1e5a1b3bbe,3dee1d53d946b303531a0f6ce61d736a3430c9bc35f902b5b7fa4273eba19ba8,class_reliability_gamma_0p500,,0.5,
class_reliability_gamma_0p500,class_scaled_raw,True,0.3,0.7744967034932158,0.7784722222222222,0.6333333333333333,0.9901298701298701,1440,19,265,1121,0.7031008719507358,0.5682894346237968,0.5198666723520451,ae00727fc151455e8215787f5cc756f45bc7d365f761c20e229f6e1e5a1b3bbe,b914e490ee2d82ee605b980e3d6f8c93a74c7618966c47c72f8666b1685538d9,class_reliability_gamma_0p500,,0.5,
class_reliability_gamma_0p500,class_scaled_raw,True,0.35,0.7731654739067606,0.8071481757259866,0.6124293785310735,0.9916883116883117,1343,16,214,1084,0.7031008719507358,0.5682894346237968,0.5198666723520451,ae00727fc151455e8215787f5cc756f45bc7d365f761c20e229f6e1e5a1b3bbe,048704c0ad343b0297f8c9174cdc1274a897f20c86c7d0bf7e626795fa11344a,class_reliability_gamma_0p500,,0.5,
class_reliability_gamma_0p500,class_scaled_raw,True,0.3915513002675892,0.7683434072931578,0.8313444709626094,0.5903954802259888,0.9922077922077922,1257,15,172,1045,0.7031008719507358,0.5682894346237968,0.5198666723520451,ae00727fc151455e8215787f5cc756f45bc7d365f761c20e229f6e1e5a1b3bbe,ef1637713a92c8a5f41bd0a209a85189f0c3c04b8b18e61340196ee74781567f,class_reliability_gamma_0p500,,0.5,
class_reliability_gamma_0p500,class_scaled_raw,True,0.4,0.7660923062600371,0.83589329021827,0.584180790960452,0.9922077922077922,1237,15,164,1034,0.7031008719507358,0.5682894346237968,0.5198666723520451,ae00727fc151455e8215787f5cc756f45bc7d365f761c20e229f6e1e5a1b3bbe,6f84d147d2094d744f744c7d964e14846341bebccf48788b775550c0b2a31324,class_reliability_gamma_0p500,,0.5,
class_reliability_gamma_0p500,class_scaled_raw,True,0.5,0.7394316757208523,0.88,0.5220338983050847,0.9948051948051948,1050,10,99,924,0.7031008719507358,0.5682894346237968,0.5198666723520451,ae00727fc151455e8215787f5cc756f45bc7d365f761c20e229f6e1e5a1b3bbe,9f4496ea223d8b3257518ce4b90b8db39fc7d90291fecd5c4683b5c62119dd5c,class_reliability_gamma_0p500,,0.5,
class_reliability_gamma_0p500,class_scaled_raw,True,0.6,0.694733409216477,0.9200463499420626,0.4485875706214689,0.9979220779220779,863,4,59,794,0.7031008719507358,0.5682894346237968,0.5198666723520451,ae00727fc151455e8215787f5cc756f45bc7d365f761c20e229f6e1e5a1b3bbe,655d0067bace2e635019e756e6bffa7104e34c84a93b27a427a5130221170c11,class_reliability_gamma_0p500,,0.5,
class_reliability_gamma_0p500,class_scaled_raw,True,0.7,0.627838677318379,0.9557522123893806,0.36610169491525424,0.9994805194805195,678,1,24,648,0.7031008719507358,0.5682894346237968,0.5198666723520451,ae00727fc151455e8215787f5cc756f45bc7d365f761c20e229f6e1e5a1b3bbe,cc82d18fb142e66e14f3952e868140ed19af4227a8d276b67906541b151cd770,class_reliability_gamma_0p500,,0.5,
class_reliability_gamma_0p500,class_scaled_raw,True,0.7271137438358032,0.6017366620221296,0.9570747217806042,0.34011299435028247,0.9994805194805195,629,1,22,602,0.7031008719507358,0.5682894346237968,0.5198666723520451,ae00727fc151455e8215787f5cc756f45bc7d365f761c20e229f6e1e5a1b3bbe,4cafa7563fd53b76164c1f71cb74b0c5315a44de197349a72b4cab1101880461,class_reliability_gamma_0p500,,0.5,
class_reliability_gamma_0p500,class_scaled_raw,True,0.8,0.4986465472556585,0.9715536105032823,0.25084745762711863,0.9994805194805195,457,1,9,444,0.7031008719507358,0.5682894346237968,0.5198666723520451,ae00727fc151455e8215787f5cc756f45bc7d365f761c20e229f6e1e5a1b3bbe,02e966c94ce1cb93461991a465da11c5e1115c1b5f805a86c52c938b3644bbf9,class_reliability_gamma_0p500,,0.5,
class_reliability_gamma_0p500,class_scaled_raw,True,0.9,0.1411764705882353,0.989247311827957,0.0519774011299435,1.0,93,0,1,92,0.7031008719507358,0.5682894346237968,0.5198666723520451,ae00727fc151455e8215787f5cc756f45bc7d365f761c20e229f6e1e5a1b3bbe,5c7ab463106f33a50c664b2d227cbf0a3f6588e6792bae62c5aa5c290fd0cb67,class_reliability_gamma_0p500,,0.5,
class_reliability_gamma_0p500,class_scaled_raw,True,0.9531770348548888,0.001693002257336343,1.0,0.0005649717514124294,1.0,1,0,0,1,0.7031008719507358,0.5682894346237968,0.5198666723520451,ae00727fc151455e8215787f5cc756f45bc7d365f761c20e229f6e1e5a1b3bbe,953bc5844da66e693fabab56a53d6153b4fb0303245934a03302b21a2cb52c43,class_reliability_gamma_0p500,,0.5,
class_reliability_gamma_0p750,class_scaled_raw,True,0.0016070573080519358,0.3406083677366941,0.1581627240903787,0.8423728813559322,0.7703896103896104,9427,442,7109,1491,0.7031008719507358,0.5682894346237968,0.5198666723520451,90e58d9e245d782eed28fdcf7d6695968a62338f4c5b7fc53bdf47d0b61a69ec,984346d1bcea5960aa308bb0e6ac3b383b9afc7039364c7fbb033c2d15e66fbf,class_reliability_gamma_0p750,,0.75,
class_reliability_gamma_0p750,class_scaled_raw,True,0.004670540119006767,0.4501744012224695,0.23436754176610977,0.8322033898305085,0.8363636363636364,6285,315,4231,1473,0.7031008719507358,0.5682894346237968,0.5198666723520451,90e58d9e245d782eed28fdcf7d6695968a62338f4c5b7fc53bdf47d0b61a69ec,10d3fc86f447c476d0c4d501fa09d757e38fb9ba6bffccd4d3cd58c6ac4acad1,class_reliability_gamma_0p750,,0.75,
class_reliability_gamma_0p750,class_scaled_raw,True,0.019636837622813513,0.6027312076893165,0.37841421373640943,0.8062146892655367,0.9137662337662338,3771,166,2031,1427,0.7031008719507358,0.5682894346237968,0.5198666723520451,90e58d9e245d782eed28fdcf7d6695968a62338f4c5b7fc53bdf47d0b61a69ec,376e2ceab3dad3d428bdb028fda466d3f92edee0630cfda1dd465688d769e664,class_reliability_gamma_0p750,,0.75,
class_reliability_gamma_0p750,class_scaled_raw,True,0.05,0.6932253837772231,0.5032967032967033,0.7762711864406779,0.9501298701298702,2730,96,1164,1374,0.7031008719507358,0.5682894346237968,0.5198666723520451,90e58d9e245d782eed28fdcf7d6695968a62338f4c5b7fc53bdf47d0b61a69ec,02630454904b515dba5efa65b042a5e2cef2c43805caa87cd98b613b80ad2834,class_reliability_gamma_0p750,,0.75,
class_reliability_gamma_0p750,class_scaled_raw,True,0.06563322828762308,0.7145186886157041,0.539777247414479,0.7666666666666667,0.96,2514,77,996,1357,0.7031008719507358,0.5682894346237968,0.5198666723520451,90e58d9e245d782eed28fdcf7d6695968a62338f4c5b7fc53bdf47d0b61a69ec,c7d9feb043bf59a820e9b8947f69bfe5c803b17659e4d32a13cc79b0fb046dfd,class_reliability_gamma_0p750,,0.75,
class_reliability_gamma_0p750,class_scaled_raw,True,0.1,0.7391655032533806,0.597985347985348,0.7378531073446327,0.9698701298701299,2184,58,750,1306,0.7031008719507358,0.5682894346237968,0.5198666723520451,90e58d9e245d782eed28fdcf7d6695968a62338f4c5b7fc53bdf47d0b61a69ec,5e7514f0a5a00e7e36e505721d20745c83481b1a8d586367a4ba18399830ef13,class_reliability_gamma_0p750,,0.75,
class_reliability_gamma_0p750,class_scaled_raw,True,0.15,0.759566526460605,0.6606860158311345,0.7073446327683616,0.9781818181818182,1895,42,546,1252,0.7031008719507358,0.5682894346237968,0.5198666723520451,90e58d9e245d782eed28fdcf7d6695968a62338f4c5b7fc53bdf47d0b61a69ec,2b9004912d77d6b75fa612f3dd68b4ac13d5609972066558c8a89c6e745e7be2,class_reliability_gamma_0p750,,0.75,
class_reliability_gamma_0p750,class_scaled_raw,True,0.2,0.7659015969585345,0.7032902467685076,0.676271186440678,0.9838961038961039,1702,31,430,1197,0.7031008719507358,0.5682894346237968,0.5198666723520451,90e58d9e245d782eed28fdcf7d6695968a62338f4c5b7fc53bdf47d0b61a69ec,4e276176ca71ff6ed1afe655ea371be133a54fdf0dd169cfb595060960d96016,class_reliability_gamma_0p750,,0.75,
class_reliability_gamma_0p750,class_scaled_raw,True,0.25,0.7726153237141955,0.7541091387245233,0.6480225988700565,0.9864935064935065,1521,26,311,1147,0.7031008719507358,0.5682894346237968,0.5198666723520451,90e58d9e245d782eed28fdcf7d6695968a62338f4c5b7fc53bdf47d0b61a69ec,91b785ad5ef41308843acb7aaf2f27f912b71ddd41a10d5ad7cf9bc21b2c7267,class_reliability_gamma_0p750,,0.75,
class_reliability_gamma_0p750,class_scaled_raw,True,0.3,0.7725379033648462,0.7888332140300645,0.6225988700564972,0.9906493506493507,1397,18,246,1102,0.7031008719507358,0.5682894346237968,0.5198666723520451,90e58d9e245d782eed28fdcf7d6695968a62338f4c5b7fc53bdf47d0b61a69ec,5d8561639b045fe3cbcfda32f21a6616cebaced7fdf9c0119aec718ae6cb7285,class_reliability_gamma_0p750,,0.75,
class_reliability_gamma_0p750,class_scaled_raw,True,0.35,0.7692944269414169,0.8190255220417634,0.5983050847457627,0.9927272727272727,1293,14,193,1059,0.7031008719507358,0.5682894346237968,0.5198666723520451,90e58d9e245d782eed28fdcf7d6695968a62338f4c5b7fc53bdf47d0b61a69ec,06941c56064fa162ef45f8e7da1fe50a582763fd89f4cc1c13f7bc9a12b69cb1,class_reliability_gamma_0p750,,0.75,
class_reliability_gamma_0p750,class_scaled_raw,True,0.36507787482292003,0.7673554342631486,0.8297533810660302,0.5892655367231638,0.9927272727272727,1257,14,175,1043,0.7031008719507358,0.5682894346237968,0.5198666723520451,90e58d9e245d782eed28fdcf7d6695968a62338f4c5b7fc53bdf47d0b61a69ec,1655b23de6e15d18b10b71f2e27b41b03f6d264667d3e1a67a61960999f624ab,class_reliability_gamma_0p750,,0.75,
class_reliability_gamma_0p750,class_scaled_raw,True,0.4,0.7609618562154098,0.8464765100671141,0.5700564971751413,0.9932467532467533,1192,13,148,1009,0.7031008719507358,0.5682894346237968,0.5198666723520451,90e58d9e245d782eed28fdcf7d6695968a62338f4c5b7fc53bdf47d0b61a69ec,29b3f6b65cd48dd90f3778f8a01e008440badbd937d5520239015b4fdedcc716,class_reliability_gamma_0p750,,0.75,
class_reliability_gamma_0p750,class_scaled_raw,True,0.5,0.7246777544724702,0.8881048387096774,0.4977401129943503,0.9953246753246753,992,9,86,881,0.7031008719507358,0.5682894346237968,0.5198666723520451,90e58d9e245d782eed28fdcf7d6695968a62338f4c5b7fc53bdf47d0b61a69ec,258bbd6eca656f6b1ba8f8051d4c2f7e6710290e260ba7ff19e195914fc31e05,class_reliability_gamma_0p750,,0.75,
class_reliability_gamma_0p750,class_scaled_raw,True,0.6,0.6790559427484487,0.9222357229647631,0.4288135593220339,0.9984415584415585,823,3,55,759,0.7031008719507358,0.5682894346237968,0.5198666723520451,90e58d9e245d782eed28fdcf7d6695968a62338f4c5b7fc53bdf47d0b61a69ec,0241954155f2e177e011732bfe5536c87ffa60d7fbab5639a1dbbb2d083ec9ae,class_reliability_gamma_0p750,,0.75,
class_reliability_gamma_0p750,class_scaled_raw,True,0.6962768866130614,0.6009374283793388,0.9554848966613673,0.33954802259887007,0.9994805194805195,629,1,23,601,0.7031008719507358,0.5682894346237968,0.5198666723520451,90e58d9e245d782eed28fdcf7d6695968a62338f4c5b7fc53bdf47d0b61a69ec,e439f85b74fd1d118466bba41ecbe7f82eac9166336dfe76a3f808884a280e3b,class_reliability_gamma_0p750,,0.75,
class_reliability_gamma_0p750,class_scaled_raw,True,0.7,0.5993363580957539,0.9568,0.33785310734463275,0.9994805194805195,625,1,22,598,0.7031008719507358,0.5682894346237968,0.5198666723520451,90e58d9e245d782eed28fdcf7d6695968a62338f4c5b7fc53bdf47d0b61a69ec,74fc3d70639cf16576a165b2542ca6d70ba9da0d6242c2c6eebcc0ef39316262,class_reliability_gamma_0p750,,0.75,
class_reliability_gamma_0p750,class_scaled_raw,True,0.8,0.46624140542080184,0.980440097799511,0.22655367231638418,0.9994805194805195,409,1,5,401,0.7031008719507358,0.5682894346237968,0.5198666723520451,90e58d9e245d782eed28fdcf7d6695968a62338f4c5b7fc53bdf47d0b61a69ec,c5270915d557f18701d82f3f398598a52da7c166079533d60961229fb60c8064,class_reliability_gamma_0p750,,0.75,
class_reliability_gamma_0p750,class_scaled_raw,True,0.9,0.02990033222591362,1.0,0.010169491525423728,1.0,18,0,0,18,0.7031008719507358,0.5682894346237968,0.5198666723520451,90e58d9e245d782eed28fdcf7d6695968a62338f4c5b7fc53bdf47d0b61a69ec,22ee803cf40b54b4a4ed74be56a9be3edb31aa2e43c2a0cdf2a1e0d10fcbfcf3,class_reliability_gamma_0p750,,0.75,
class_reliability_gamma_0p750,class_scaled_raw,True,0.9531770348548888,0.001693002257336343,1.0,0.0005649717514124294,1.0,1,0,0,1,0.7031008719507358,0.5682894346237968,0.5198666723520451,90e58d9e245d782eed28fdcf7d6695968a62338f4c5b7fc53bdf47d0b61a69ec,953bc5844da66e693fabab56a53d6153b4fb0303245934a03302b21a2cb52c43,class_reliability_gamma_0p750,,0.75,
class_reliability_gamma_1p000,class_scaled_raw,True,0.0014758690280927027,0.3404811140043276,0.1580566458046038,0.8418079096045198,0.7714285714285715,9427,440,7112,1490,0.7031008719507358,0.5682894346237968,0.5198666723520451,fe441a3e7515572ecb374a08a66f3638d79f9958489e6d42db4c44ee1852ee53,1f53570a9f3405ce7941e0e20160468a3ee3b7a7b1f7913ec38c4d740981cbcb,class_reliability_gamma_1p000,,1.0,
class_reliability_gamma_1p000,class_scaled_raw,True,0.004299772771668647,0.45022454280353125,0.23436754176610977,0.8322033898305085,0.8368831168831169,6285,314,4236,1473,0.7031008719507358,0.5682894346237968,0.5198666723520451,fe441a3e7515572ecb374a08a66f3638d79f9958489e6d42db4c44ee1852ee53,929929c7cd607e81117666deec2150692101f0fbde79b97b870295f03be920f6,class_reliability_gamma_1p000,,1.0,
class_reliability_gamma_1p000,class_scaled_raw,True,0.018296158712094175,0.6031360540626155,0.3786793953858393,0.8067796610169492,0.9142857142857143,3771,165,2032,1428,0.7031008719507358,0.5682894346237968,0.5198666723520451,fe441a3e7515572ecb374a08a66f3638d79f9958489e6d42db4c44ee1852ee53,5a805a854568f7a5354e630abaf8a7cfd6d84702e23c1e53882e4c3e3802c82f,class_reliability_gamma_1p000,,1.0,
class_reliability_gamma_1p000,class_scaled_raw,True,0.05,0.7011335386158415,0.5150037509377344,0.7757062146892655,0.9542857142857143,2666,88,1112,1373,0.7031008719507358,0.5682894346237968,0.5198666723520451,fe441a3e7515572ecb374a08a66f3638d79f9958489e6d42db4c44ee1852ee53,465096f785cb1635798c2ae0daf83f58b24e46ea6233be2d47a5a6047d4eadba,class_reliability_gamma_1p000,,1.0,
class_reliability_gamma_1p000,class_scaled_raw,True,0.061174542883236024,0.7144098131458265,0.5393794749403341,0.7661016949152543,0.9615584415584415,2514,74,1000,1356,0.7031008719507358,0.5682894346237968,0.5198666723520451,fe441a3e7515572ecb374a08a66f3638d79f9958489e6d42db4c44ee1852ee53,fa3ad721753b2501cdc801989b5a03a6cab01c5c678201128eb39841d248d3b5,class_reliability_gamma_1p000,,1.0,
class_reliability_gamma_1p000,class_scaled_raw,True,0.1,0.743713453113843,0.6092870544090057,0.7338983050847457,0.9709090909090909,2132,56,710,1299,0.7031008719507358,0.5682894346237968,0.5198666723520451,fe441a3e7515572ecb374a08a66f3638d79f9958489e6d42db4c44ee1852ee53,254d56799ec71fe39b6a7653027cceffd4d101310ef2f81cb30b63ef63a1e71c,class_reliability_gamma_1p000,,1.0,
class_reliability_gamma_1p000,class_scaled_raw,True,0.15,0.7603205670688533,0.6695557963163596,0.6983050847457627,0.9802597402597403,1846,38,519,1236,0.7031008719507358,0.5682894346237968,0.5198666723520451,fe441a3e7515572ecb374a08a66f3638d79f9958489e6d42db4c44ee1852ee53,21637e9e5f97a1e4017b0035322ce2f018d1f951a2fe4265cc48417f8f5ea316,class_reliability_gamma_1p000,,1.0,
class_reliability_gamma_1p000,class_scaled_raw,True,0.2,0.7656834880633426,0.7132486388384754,0.6661016949152543,0.9854545454545455,1653,28,402,1179,0.7031008719507358,0.5682894346237968,0.5198666723520451,fe441a3e7515572ecb374a08a66f3638d79f9958489e6d42db4c44ee1852ee53,66e798374197c57950532578838ffdaaa2af4d44f8202efb63a64f16d9419742,class_reliability_gamma_1p000,,1.0,
class_reliability_gamma_1p000,class_scaled_raw,True,0.25,0.774218245391558,0.7677725118483413,0.6406779661016949,0.9885714285714285,1477,22,287,1134,0.7031008719507358,0.5682894346237968,0.5198666723520451,fe441a3e7515572ecb374a08a66f3638d79f9958489e6d42db4c44ee1852ee53,3626d833bf33a88cf1e0da863bb606ff493b53a17961c20c6b504a2e9b039830,class_reliability_gamma_1p000,,1.0,
class_reliability_gamma_1p000,class_scaled_raw,True,0.3,0.7685105855879104,0.7968980797636632,0.6096045197740113,0.9916883116883117,1354,16,230,1079,0.7031008719507358,0.5682894346237968,0.5198666723520451,fe441a3e7515572ecb374a08a66f3638d79f9958489e6d42db4c44ee1852ee53,25e0441694a907a8922ba386d846cc913d1c357891b66cbcff5eeaf5c98921a8,class_reliability_gamma_1p000,,1.0,
class_reliability_gamma_1p000,class_scaled_raw,True,0.3443484457784294,0.7652714877655132,0.8265712012728719,0.5870056497175141,0.9932467532467533,1257,13,180,1039,0.7031008719507358,0.5682894346237968,0.5198666723520451,fe441a3e7515572ecb374a08a66f3638d79f9958489e6d42db4c44ee1852ee53,ab713cd8a7551abea8a7ff7df7a35a111b38185cfea74003cbb3533ae26ecdf4,class_reliability_gamma_1p000,,1.0,
class_reliability_gamma_1p000,class_scaled_raw,True,0.35,0.7664004664472887,0.8305355715427658,0.5870056497175141,0.9932467532467533,1251,13,174,1039,0.7031008719507358,0.5682894346237968,0.5198666723520451,fe441a3e7515572ecb374a08a66f3638d79f9958489e6d42db4c44ee1852ee53,132b359863c033bbb34f86637f104ce6c1075421ae75d597b76f101476f73969,class_reliability_gamma_1p000,,1.0,
class_reliability_gamma_1p000,class_scaled_raw,True,0.4,0.7498859460425122,0.8505244755244755,0.5497175141242938,0.9942857142857143,1144,11,138,973,0.7031008719507358,0.5682894346237968,0.5198666723520451,fe441a3e7515572ecb374a08a66f3638d79f9958489e6d42db4c44ee1852ee53,0589547a971c0c83a934bf6ef268692a569f564fa8ba5f76c205ee451c1f281e,class_reliability_gamma_1p000,,1.0,
class_reliability_gamma_1p000,class_scaled_raw,True,0.5,0.7122565640058933,0.8944033790918691,0.47853107344632767,0.9958441558441559,947,8,81,847,0.7031008719507358,0.5682894346237968,0.5198666723520451,fe441a3e7515572ecb374a08a66f3638d79f9958489e6d42db4c44ee1852ee53,118434a7916eedc8f6402c7ef923400a886ee3c7fc5742129d3f416154fd70e7,class_reliability_gamma_1p000,,1.0,
class_reliability_gamma_1p000,class_scaled_raw,True,0.6,0.6608032958075053,0.9254498714652957,0.4067796610169492,0.9989610389610389,778,2,50,720,0.7031008719507358,0.5682894346237968,0.5198666723520451,fe441a3e7515572ecb374a08a66f3638d79f9958489e6d42db4c44ee1852ee53,81f7b7a4c0fce40227224ed0dacc065d49dfff42f782c21d46f2ef5a8002d0f8,class_reliability_gamma_1p000,,1.0,
class_reliability_gamma_1p000,class_scaled_raw,True,0.6742818012628393,0.6001376615148728,0.9538950715421304,0.3389830508474576,0.9994805194805195,629,1,23,600,0.7031008719507358,0.5682894346237968,0.5198666723520451,fe441a3e7515572ecb374a08a66f3638d79f9958489e6d42db4c44ee1852ee53,bcfcc967ff48e260506e23695f23064a08e569ff95fbca3da64139444662478b,class_reliability_gamma_1p000,,1.0,
class_reliability_gamma_1p000,class_scaled_raw,True,0.7,0.5781687150068667,0.9574829931972789,0.31807909604519774,0.9994805194805195,588,1,20,563,0.7031008719507358,0.5682894346237968,0.5198666723520451,fe441a3e7515572ecb374a08a66f3638d79f9958489e6d42db4c44ee1852ee53,d195ce53bd6954e40c9528defbaadfd3f7cef9e817694ef01466096005374cd3,class_reliability_gamma_1p000,,1.0,
class_reliability_gamma_1p000,class_scaled_raw,True,0.8,0.41265306122448986,0.9825072886297376,0.1903954802259887,1.0,343,0,5,337,0.7031008719507358,0.5682894346237968,0.5198666723520451,fe441a3e7515572ecb374a08a66f3638d79f9958489e6d42db4c44ee1852ee53,6ceb43a7227d1939d7d2cbbbc65be491440a805261b12e7718668c0f3d152d7a,class_reliability_gamma_1p000,,1.0,
class_reliability_gamma_1p000,class_scaled_raw,True,0.9,0.01675977653631285,1.0,0.005649717514124294,1.0,10,0,0,10,0.7031008719507358,0.5682894346237968,0.5198666723520451,fe441a3e7515572ecb374a08a66f3638d79f9958489e6d42db4c44ee1852ee53,eb9840ab88303460a03df37eaa855334b3ba7bcc23f973ceb727a98356f0c86f,class_reliability_gamma_1p000,,1.0,
class_reliability_gamma_1p000,class_scaled_raw,True,0.9531770348548888,0.001693002257336343,1.0,0.0005649717514124294,1.0,1,0,0,1,0.7031008719507358,0.5682894346237968,0.5198666723520451,fe441a3e7515572ecb374a08a66f3638d79f9958489e6d42db4c44ee1852ee53,953bc5844da66e693fabab56a53d6153b4fb0303245934a03302b21a2cb52c43,class_reliability_gamma_1p000,,1.0,
raw_light_geom_gate_0p050,light_geometry_gate,False,0.002018571322240486,0.3401511187006152,0.15795056751882888,0.8412429378531073,0.7693506493506493,9427,444,7097,1489,0.7031008719507358,0.5682894346237968,0.5198666723520451,05d39a4dd527429079523a1ad4e28c5546a584ac3a901d08ebae4eb0fcba6448,85a81bfbbccec4076e9b49a2d9bf8034958fe309603cad0aa262375ac3e292dd,raw_light_geom_gate_0p050,,,0.05
raw_light_geom_gate_0p050,light_geometry_gate,False,0.005779288771199714,0.4501242085031546,0.23436754176610977,0.8322033898305085,0.8358441558441558,6285,316,4228,1473,0.7031008719507358,0.5682894346237968,0.5198666723520451,05d39a4dd527429079523a1ad4e28c5546a584ac3a901d08ebae4eb0fcba6448,2a21e30f486a2d7cd5dcc6aee8bce1b029e2ed67c33fd4376b44cea260c5107c,raw_light_geom_gate_0p050,,,0.05
raw_light_geom_gate_0p050,light_geometry_gate,False,0.02430053705413471,0.6036915053570368,0.3789445770352692,0.8073446327683615,0.9158441558441559,3771,162,2032,1429,0.7031008719507358,0.5682894346237968,0.5198666723520451,05d39a4dd527429079523a1ad4e28c5546a584ac3a901d08ebae4eb0fcba6448,92715f6e2305073a28388ca5d727817de35181f08454d477b0ed5a3f5d49746d,raw_light_geom_gate_0p050,,,0.05
raw_light_geom_gate_0p050,light_geometry_gate,False,0.05,0.6749745801425477,0.47420567133583874,0.784180790960452,0.9428571428571428,2927,110,1324,1388,0.7031008719507358,0.5682894346237968,0.5198666723520451,05d39a4dd527429079523a1ad4e28c5546a584ac3a901d08ebae4eb0fcba6448,08b657c3f82eb094339dc51c7fae0b095a2ad37a08f73385467e6c786e24dee3,raw_light_geom_gate_0p050,,,0.05
raw_light_geom_gate_0p050,light_geometry_gate,False,0.08342347612751055,0.7103921308146252,0.5365950676213206,0.7621468926553673,0.9548051948051948,2514,87,995,1349,0.7031008719507358,0.5682894346237968,0.5198666723520451,05d39a4dd527429079523a1ad4e28c5546a584ac3a901d08ebae4eb0fcba6448,f6cc45ede4c5def59efe241a8df4e99c3c9bdeef0ecb1d9e34fdf682044d2206,raw_light_geom_gate_0p050,,,0.05
raw_light_geom_gate_0p050,light_geometry_gate,False,0.1,0.7273384548962094,0.5678434708634623,0.7542372881355932,0.9636363636363636,2351,70,867,1335,0.7031008719507358,0.5682894346237968,0.5198666723520451,05d39a4dd527429079523a1ad4e28c5546a584ac3a901d08ebae4eb0fcba6448,cabb78bc4949d61c9e8aa7c0eb2589106b68e603a0a867202292cf3226e1316a,raw_light_geom_gate_0p050,,,0.05
raw_light_geom_gate_0p050,light_geometry_gate,False,0.15,0.7505884012867163,0.6280547409579668,0.7259887005649718,0.9735064935064935,2046,51,645,1285,0.7031008719507358,0.5682894346237968,0.5198666723520451,05d39a4dd527429079523a1ad4e28c5546a584ac3a901d08ebae4eb0fcba6448,02a46ec23381f540136db528bbaefba5023192f6981b82dac8428f409b026dd2,raw_light_geom_gate_0p050,,,0.05
raw_light_geom_gate_0p050,light_geometry_gate,False,0.2,0.7622978862854334,0.6754098360655738,0.6983050847457627,0.9776623376623377,1830,43,500,1236,0.7031008719507358,0.5682894346237968,0.5198666723520451,05d39a4dd527429079523a1ad4e28c5546a584ac3a901d08ebae4eb0fcba6448,4910f243ddb549406bb090a3ea6be44e670d02216a6a92a38c1d651368a00e47,raw_light_geom_gate_0p050,,,0.05
raw_light_geom_gate_0p050,light_geometry_gate,False,0.25,0.7675422165565605,0.7141141141141141,0.6717514124293785,0.9807792207792208,1665,37,392,1189,0.7031008719507358,0.5682894346237968,0.5198666723520451,05d39a4dd527429079523a1ad4e28c5546a584ac3a901d08ebae4eb0fcba6448,9a765b32584f6758a250baa4adb314afb3364321bd69b5a83910e6fdce660316,raw_light_geom_gate_0p050,,,0.05
raw_light_geom_gate_0p050,light_geometry_gate,False,0.3,0.7724173020448186,0.7488643737832577,0.6519774011299435,0.9854545454545455,1541,28,319,1154,0.7031008719507358,0.5682894346237968,0.5198666723520451,05d39a4dd527429079523a1ad4e28c5546a584ac3a901d08ebae4eb0fcba6448,39a662bc81d567e5cfba9ec6ed6f18296c060734c0ac195a1cc7a8c3ab05552a,raw_light_geom_gate_0p050,,,0.05
raw_light_geom_gate_0p050,light_geometry_gate,False,0.35,0.7739424980772693,0.7797909407665505,0.6322033898305085,0.9880519480519481,1435,23,261,1119,0.7031008719507358,0.5682894346237968,0.5198666723520451,05d39a4dd527429079523a1ad4e28c5546a584ac3a901d08ebae4eb0fcba6448,bd6b765d3ee0ae5a7737d2c0010fd4cd86f607bc5403bda4fde20f25fb4e8ae5,raw_light_geom_gate_0p050,,,0.05
raw_light_geom_gate_0p050,light_geometry_gate,False,0.4,0.7700303100266991,0.8064516129032258,0.6073446327683616,0.9906493506493507,1333,18,214,1075,0.7031008719507358,0.5682894346237968,0.5198666723520451,05d39a4dd527429079523a1ad4e28c5546a584ac3a901d08ebae4eb0fcba6448,d82aa066079b2297971a02786e3647fb9408a39e4a4132a2f715b4d35a556cea,raw_light_geom_gate_0p050,,,0.05
raw_light_geom_gate_0p050,light_geometry_gate,False,0.44201690459013426,0.7649627478814359,0.8265712012728719,0.5870056497175141,0.9916883116883117,1257,16,176,1039,0.7031008719507358,0.5682894346237968,0.5198666723520451,05d39a4dd527429079523a1ad4e28c5546a584ac3a901d08ebae4eb0fcba6448,a506b5cd705e3310924adb147bf7fbb9a9177023498ab53f11eaf6becf73ec2e,raw_light_geom_gate_0p050,,,0.05
raw_light_geom_gate_0p050,light_geometry_gate,False,0.5,0.7571255510807489,0.856401384083045,0.559322033898305,0.9932467532467533,1156,13,131,990,0.7031008719507358,0.5682894346237968,0.5198666723520451,05d39a4dd527429079523a1ad4e28c5546a584ac3a901d08ebae4eb0fcba6448,a723e1c411d714013b0f9c7e3b3d45378560055b4e1c75b3c2bbc67041388729,raw_light_geom_gate_0p050,,,0.05
raw_light_geom_gate_0p050,light_geometry_gate,False,0.6,0.7222447540988544,0.8857431749241659,0.49491525423728816,0.9958441558441559,989,8,89,876,0.7031008719507358,0.5682894346237968,0.5198666723520451,05d39a4dd527429079523a1ad4e28c5546a584ac3a901d08ebae4eb0fcba6448,ef4cd61f690ab8e8fdb0f0d20b5c1ad4cbbdffd795712a8be58e249499c22530,raw_light_geom_gate_0p050,,,0.05
raw_light_geom_gate_0p050,light_geometry_gate,False,0.7,0.6825107045754258,0.9304878048780488,0.43107344632768363,0.9989610389610389,820,2,48,763,0.7031008719507358,0.5682894346237968,0.5198666723520451,05d39a4dd527429079523a1ad4e28c5546a584ac3a901d08ebae4eb0fcba6448,6b33ef783f57a702373c224a07202926bf0c2f371ec5dc0d0b88ea0bd9ec4290,raw_light_geom_gate_0p050,,,0.05
raw_light_geom_gate_0p050,light_geometry_gate,False,0.7915369540275924,0.6048648168881179,0.9634340222575517,0.3423728813559322,0.9989610389610389,629,2,17,606,0.7031008719507358,0.5682894346237968,0.5198666723520451,05d39a4dd527429079523a1ad4e28c5546a584ac3a901d08ebae4eb0fcba6448,57d1c7783f39ce7e2edf42599d9cbff2667ca5c9a78e0e7c47a295817de22afd,raw_light_geom_gate_0p050,,,0.05
raw_light_geom_gate_0p050,light_geometry_gate,False,0.8,0.5915566011685053,0.966832504145937,0.32937853107344633,0.9989610389610389,603,2,14,583,0.7031008719507358,0.5682894346237968,0.5198666723520451,05d39a4dd527429079523a1ad4e28c5546a584ac3a901d08ebae4eb0fcba6448,502b61786f9450d5a5c1fdd4ba53707465048cdd1adbb624c2cb704abe5c0709,raw_light_geom_gate_0p050,,,0.05
raw_light_geom_gate_0p050,light_geometry_gate,False,0.9,0.39385126713751556,0.9844236760124611,0.17853107344632768,1.0,321,0,4,316,0.7031008719507358,0.5682894346237968,0.5198666723520451,05d39a4dd527429079523a1ad4e28c5546a584ac3a901d08ebae4eb0fcba6448,fef11e2eb380bb92dee448045178c8c1adaf8a2294afd93324577d6923302b25,raw_light_geom_gate_0p050,,,0.05
raw_light_geom_gate_0p050,light_geometry_gate,False,0.9796169903727584,0.001693002257336343,1.0,0.0005649717514124294,1.0,1,0,0,1,0.7031008719507358,0.5682894346237968,0.5198666723520451,05d39a4dd527429079523a1ad4e28c5546a584ac3a901d08ebae4eb0fcba6448,3bc84dbea1efbb2ed1e12876be81779c7cc248038773b482c76aa917a6211173,raw_light_geom_gate_0p050,,,0.05
raw_light_geom_gate_0p100,light_geometry_gate,False,0.0019159991260737752,0.3401511187006152,0.15795056751882888,0.8412429378531073,0.7693506493506493,9427,444,7098,1489,0.7031008719507358,0.5682894346237968,0.5198666723520451,6ea883f0905729cac227dcaa5d8d2bae1c802ec72e8de0426575c37453572f41,474d8c7f0fa6b635bcdfd499c0aa0a659dcc81db64252fc0d6802540068eff40,raw_light_geom_gate_0p100,,,0.1
raw_light_geom_gate_0p100,light_geometry_gate,False,0.005500557215894798,0.4501242085031546,0.23436754176610977,0.8322033898305085,0.8358441558441558,6285,316,4228,1473,0.7031008719507358,0.5682894346237968,0.5198666723520451,6ea883f0905729cac227dcaa5d8d2bae1c802ec72e8de0426575c37453572f41,e91af9fa50f546775a7f21adf8bc11a1a3c5f50d69c261d4251d5df62549ae6e,raw_light_geom_gate_0p100,,,0.1
raw_light_geom_gate_0p100,light_geometry_gate,False,0.023266787589469293,0.6036162344344169,0.3789445770352692,0.8073446327683615,0.9153246753246753,3771,163,2031,1429,0.7031008719507358,0.5682894346237968,0.5198666723520451,6ea883f0905729cac227dcaa5d8d2bae1c802ec72e8de0426575c37453572f41,a2475db36b66bbae30eb8e0b21bb4b7eb8b3c948939c4c6a246cf53824d35286,raw_light_geom_gate_0p100,,,0.1
raw_light_geom_gate_0p100,light_geometry_gate,False,0.05,0.6765506601892187,0.47753973738769867,0.7807909604519774,0.9438961038961039,2894,108,1299,1382,0.7031008719507358,0.5682894346237968,0.5198666723520451,6ea883f0905729cac227dcaa5d8d2bae1c802ec72e8de0426575c37453572f41,e9c740ac45c258ef194f75e3910c04b14629dd4fb4b8c53d53c34b19d8b84984,raw_light_geom_gate_0p100,,,0.1
raw_light_geom_gate_0p100,light_geometry_gate,False,0.08083287909060975,0.7104879466078656,0.5365950676213206,0.7621468926553673,0.9553246753246754,2514,86,996,1349,0.7031008719507358,0.5682894346237968,0.5198666723520451,6ea883f0905729cac227dcaa5d8d2bae1c802ec72e8de0426575c37453572f41,a5550cc067c50de4c7e67d19b3c9f41d3a9e9dbdc197be1d2952c7616b3b2730,raw_light_geom_gate_0p100,,,0.1
raw_light_geom_gate_0p100,light_geometry_gate,False,0.1,0.7288304816362566,0.5723514211886305,0.7508474576271187,0.9641558441558442,2322,69,847,1329,0.7031008719507358,0.5682894346237968,0.5198666723520451,6ea883f0905729cac227dcaa5d8d2bae1c802ec72e8de0426575c37453572f41,7471e6bcb9c9d5b4626d4042e958c43c527171f68bd2b1b9e5c4c1da3ba36a9c,raw_light_geom_gate_0p100,,,0.1
raw_light_geom_gate_0p100,light_geometry_gate,False,0.15,0.7510462770931565,0.6307237813884786,0.7237288135593221,0.9735064935064935,2031,51,634,1281,0.7031008719507358,0.5682894346237968,0.5198666723520451,6ea883f0905729cac227dcaa5d8d2bae1c802ec72e8de0426575c37453572f41,d13d039f51556a05785fd372fef3fe3428a3a63403100879216f4221c9381782,raw_light_geom_gate_0p100,,,0.1
raw_light_geom_gate_0p100,light_geometry_gate,False,0.2,0.7626154116390006,0.6780407264722069,0.696045197740113,0.9781818181818182,1817,42,492,1232,0.7031008719507358,0.5682894346237968,0.5198666723520451,6ea883f0905729cac227dcaa5d8d2bae1c802ec72e8de0426575c37453572f41,d0a74883a8a454f4269529d94f82711652a915d2510a3ad80fe49763f50d0bcb,raw_light_geom_gate_0p100,,,0.1
raw_light_geom_gate_0p100,light_geometry_gate,False,0.25,0.7689916750011079,0.7182587666263603,0.6711864406779661,0.9812987012987013,1654,36,385,1188,0.7031008719507358,0.5682894346237968,0.5198666723520451,6ea883f0905729cac227dcaa5d8d2bae1c802ec72e8de0426575c37453572f41,2dcb1fc07548f6da1608f6ef1a40cabd028bb9ecaee8206b1a5de2f5f4b658c1,raw_light_geom_gate_0p100,,,0.1
raw_light_geom_gate_0p100,light_geometry_gate,False,0.3,0.7727415807003093,0.7509778357235984,0.6508474576271186,0.985974025974026,1534,27,316,1152,0.7031008719507358,0.5682894346237968,0.5198666723520451,6ea883f0905729cac227dcaa5d8d2bae1c802ec72e8de0426575c37453572f41,577a87940f12f4df76e3bf5d883ff7d26f432616d671a52ef55cd268036fa7bf,raw_light_geom_gate_0p100,,,0.1
raw_light_geom_gate_0p100,light_geometry_gate,False,0.35,0.7733003023789573,0.7804195804195804,0.6305084745762712,0.9880519480519481,1430,23,259,1116,0.7031008719507358,0.5682894346237968,0.5198666723520451,6ea883f0905729cac227dcaa5d8d2bae1c802ec72e8de0426575c37453572f41,19e5c38c33d8b0e9fe75af1be6290cd13212ef4b94e383df3faf8b8f1df9b293,raw_light_geom_gate_0p100,,,0.1
raw_light_geom_gate_0p100,light_geometry_gate,False,0.4,0.7691721704925369,0.8066215199398044,0.6056497175141243,0.9906493506493507,1329,18,213,1072,0.7031008719507358,0.5682894346237968,0.5198666723520451,6ea883f0905729cac227dcaa5d8d2bae1c802ec72e8de0426575c37453572f41,42f6a15ba7b7c373d10c95a6fad87561816777ad7ed769ea1e357b043e824462,raw_light_geom_gate_0p100,,,0.1
raw_light_geom_gate_0p100,light_geometry_gate,False,0.43976445906842987,0.7649627478814359,0.8265712012728719,0.5870056497175141,0.9916883116883117,1257,16,176,1039,0.7031008719507358,0.5682894346237968,0.5198666723520451,6ea883f0905729cac227dcaa5d8d2bae1c802ec72e8de0426575c37453572f41,a506b5cd705e3310924adb147bf7fbb9a9177023498ab53f11eaf6becf73ec2e,raw_light_geom_gate_0p100,,,0.1
raw_light_geom_gate_0p100,light_geometry_gate,False,0.5,0.7561845526529956,0.8567708333333334,0.5576271186440678,0.9932467532467533,1152,13,130,987,0.7031008719507358,0.5682894346237968,0.5198666723520451,6ea883f0905729cac227dcaa5d8d2bae1c802ec72e8de0426575c37453572f41,94e1d503d9a3a27c66e22e09b47bd537249fdf3c931118885b54b832345f4d51,raw_light_geom_gate_0p100,,,0.1
raw_light_geom_gate_0p100,light_geometry_gate,False,0.6,0.7217876485273454,0.8873096446700508,0.4937853107344633,0.9958441558441559,985,8,88,874,0.7031008719507358,0.5682894346237968,0.5198666723520451,6ea883f0905729cac227dcaa5d8d2bae1c802ec72e8de0426575c37453572f41,60552ef2a1d96952a7c80c67e858379539109fc8c761d6d1b93ee33f928c7db2,raw_light_geom_gate_0p100,,,0.1
raw_light_geom_gate_0p100,light_geometry_gate,False,0.7,0.6822266648912545,0.9315403422982885,0.43050847457627117,0.9989610389610389,818,2,47,762,0.7031008719507358,0.5682894346237968,0.5198666723520451,6ea883f0905729cac227dcaa5d8d2bae1c802ec72e8de0426575c37453572f41,27025ea70a9a08a473be3efac508fac551ae9070275e28fc31f47b4e1d282d96,raw_light_geom_gate_0p100,,,0.1
raw_light_geom_gate_0p100,light_geometry_gate,False,0.7909674703720802,0.6048648168881179,0.9634340222575517,0.3423728813559322,0.9989610389610389,629,2,17,606,0.7031008719507358,0.5682894346237968,0.5198666723520451,6ea883f0905729cac227dcaa5d8d2bae1c802ec72e8de0426575c37453572f41,57d1c7783f39ce7e2edf42599d9cbff2667ca5c9a78e0e7c47a295817de22afd,raw_light_geom_gate_0p100,,,0.1
raw_light_geom_gate_0p100,light_geometry_gate,False,0.8,0.5905263185713014,0.9683333333333334,0.3282485875706215,0.9989610389610389,600,2,13,581,0.7031008719507358,0.5682894346237968,0.5198666723520451,6ea883f0905729cac227dcaa5d8d2bae1c802ec72e8de0426575c37453572f41,b7ffb5ca66bf2061a9895d9a27f8415ad8d4292417f90848f2058652f64aba2c,raw_light_geom_gate_0p100,,,0.1
raw_light_geom_gate_0p100,light_geometry_gate,False,0.9,0.3929313929313929,0.984375,0.17796610169491525,1.0,320,0,4,315,0.7031008719507358,0.5682894346237968,0.5198666723520451,6ea883f0905729cac227dcaa5d8d2bae1c802ec72e8de0426575c37453572f41,fab8518b6a8819db6af1af224a2a33ccc8b093f1a7808c8304bf2b8d4b2e3a22,raw_light_geom_gate_0p100,,,0.1
raw_light_geom_gate_0p100,light_geometry_gate,False,0.9794937783186065,0.001693002257336343,1.0,0.0005649717514124294,1.0,1,0,0,1,0.7031008719507358,0.5682894346237968,0.5198666723520451,6ea883f0905729cac227dcaa5d8d2bae1c802ec72e8de0426575c37453572f41,3bc84dbea1efbb2ed1e12876be81779c7cc248038773b482c76aa917a6211173,raw_light_geom_gate_0p100,,,0.1
raw_light_geom_gate_0p200,light_geometry_gate,False,0.0017125222700793974,0.3401511187006152,0.15795056751882888,0.8412429378531073,0.7693506493506493,9427,444,7098,1489,0.7031008719507358,0.5682894346237968,0.5198666723520451,b0c73274fafa529ef0ab434129c5026cafc798f7238db2345bbe9c3bb8118c4c,4ee7ad4ee330a72e237e0141fd3fe91f8c82c8fe36c8a2b09580d532ae86a4d0,raw_light_geom_gate_0p200,,,0.2
raw_light_geom_gate_0p200,light_geometry_gate,False,0.004943904526817592,0.4501242085031546,0.23436754176610977,0.8322033898305085,0.8358441558441558,6285,316,4228,1473,0.7031008719507358,0.5682894346237968,0.5198666723520451,b0c73274fafa529ef0ab434129c5026cafc798f7238db2345bbe9c3bb8118c4c,1a2f940a5d83609e9585a208534dab3479d9537725c5adc2c63db058a8fe48e4,raw_light_geom_gate_0p200,,,0.2
raw_light_geom_gate_0p200,light_geometry_gate,False,0.02119408424539641,0.6039457359832126,0.379209758684699,0.807909604519774,0.9153246753246753,3771,163,2031,1430,0.7031008719507358,0.5682894346237968,0.5198666723520451,b0c73274fafa529ef0ab434129c5026cafc798f7238db2345bbe9c3bb8118c4c,915f9a1e2467aac89fe2807a3af84b13693b921b6af7d749b73d5576c672e33a,raw_light_geom_gate_0p200,,,0.2
raw_light_geom_gate_0p200,light_geometry_gate,False,0.05,0.6831585697514437,0.48744251857092324,0.7785310734463277,0.9475324675324676,2827,101,1251,1378,0.7031008719507358,0.5682894346237968,0.5198666723520451,b0c73274fafa529ef0ab434129c5026cafc798f7238db2345bbe9c3bb8118c4c,cc26f1117f30e661be68dde59ed28d41c8eb5e04203f202f36a40d750504dfee,raw_light_geom_gate_0p200,,,0.2
raw_light_geom_gate_0p200,light_geometry_gate,False,0.07538112340147786,0.7106793432719023,0.5365950676213206,0.7621468926553673,0.9563636363636363,2514,84,998,1349,0.7031008719507358,0.5682894346237968,0.5198666723520451,b0c73274fafa529ef0ab434129c5026cafc798f7238db2345bbe9c3bb8118c4c,906ce1349f89bde226cbd8581e3fd374a722110d15966b7f3a73dc1e6081501d,raw_light_geom_gate_0p200,,,0.2
raw_light_geom_gate_0p200,light_geometry_gate,False,0.1,0.7321567351857351,0.5800087680841736,0.747457627118644,0.9657142857142857,2281,66,816,1323,0.7031008719507358,0.5682894346237968,0.5198666723520451,b0c73274fafa529ef0ab434129c5026cafc798f7238db2345bbe9c3bb8118c4c,e0dff92f112f352baaabe85223fa1c0f963c9ca2bced271471bfdfb1356fe430,raw_light_geom_gate_0p200,,,0.2
raw_light_geom_gate_0p200,light_geometry_gate,False,0.15,0.7524244651272748,0.636045931103345,0.7197740112994351,0.9750649350649351,2003,48,618,1274,0.7031008719507358,0.5682894346237968,0.5198666723520451,b0c73274fafa529ef0ab434129c5026cafc798f7238db2345bbe9c3bb8118c4c,98302f030553f92bc7e53b20a06835fe0f7e0682944765bf936405287f3651c1,raw_light_geom_gate_0p200,,,0.2
raw_light_geom_gate_0p200,light_geometry_gate,False,0.2,0.7625021241185664,0.6813125695216907,0.692090395480226,0.9787012987012987,1798,41,481,1225,0.7031008719507358,0.5682894346237968,0.5198666723520451,b0c73274fafa529ef0ab434129c5026cafc798f7238db2345bbe9c3bb8118c4c,4dd36123b6c019345186e23b8d3c676353ec89b8fff22b23e9cae5ce7489b3da,raw_light_geom_gate_0p200,,,0.2
raw_light_geom_gate_0p200,light_geometry_gate,False,0.25,0.7704923175246204,0.7255985267034991,0.6677966101694915,0.9823376623376623,1629,34,368,1182,0.7031008719507358,0.5682894346237968,0.5198666723520451,b0c73274fafa529ef0ab434129c5026cafc798f7238db2345bbe9c3bb8118c4c,caf68c59f077860eee185466c97274719c8244594baab7629e0e35aef1f8a36b,raw_light_geom_gate_0p200,,,0.2
raw_light_geom_gate_0p200,light_geometry_gate,False,0.3,0.7716412001166927,0.7536231884057971,0.6463276836158192,0.9864935064935065,1518,26,309,1144,0.7031008719507358,0.5682894346237968,0.5198666723520451,b0c73274fafa529ef0ab434129c5026cafc798f7238db2345bbe9c3bb8118c4c,0c433db7547fc079d7680585aa0275ec4f023096063a3e77b2c840b0225ba821,raw_light_geom_gate_0p200,,,0.2
raw_light_geom_gate_0p200,light_geometry_gate,False,0.35,0.7747665941936307,0.7865724381625442,0.6288135593220339,0.9896103896103896,1415,20,251,1113,0.7031008719507358,0.5682894346237968,0.5198666723520451,b0c73274fafa529ef0ab434129c5026cafc798f7238db2345bbe9c3bb8118c4c,8dcbd395ebabd942149bf384e6ff6f673f2ea3b8d80e6fe25daf42e20152af15,raw_light_geom_gate_0p200,,,0.2
raw_light_geom_gate_0p200,light_geometry_gate,False,0.4,0.7694375273740942,0.8115501519756839,0.6033898305084746,0.9906493506493507,1316,18,204,1068,0.7031008719507358,0.5682894346237968,0.5198666723520451,b0c73274fafa529ef0ab434129c5026cafc798f7238db2345bbe9c3bb8118c4c,d86c750a7485fadab7bde20efdbbdc469afe54ffd2edf83cdb854a75950bc9ad,raw_light_geom_gate_0p200,,,0.2
raw_light_geom_gate_0p200,light_geometry_gate,False,0.43370909655477924,0.7656126944319894,0.8273667462211615,0.5875706214689266,0.9922077922077922,1257,15,176,1040,0.7031008719507358,0.5682894346237968,0.5198666723520451,b0c73274fafa529ef0ab434129c5026cafc798f7238db2345bbe9c3bb8118c4c,ba0409b832e103f184fa1245ab3bb5279e0f7b3b2a383f6a0d6d4f3de3e388f9,raw_light_geom_gate_0p200,,,0.2
raw_light_geom_gate_0p200,light_geometry_gate,False,0.5,0.7558275655866292,0.8607705779334501,0.5553672316384181,0.9932467532467533,1142,13,126,983,0.7031008719507358,0.5682894346237968,0.5198666723520451,b0c73274fafa529ef0ab434129c5026cafc798f7238db2345bbe9c3bb8118c4c,4faee992380abafd050d4cebd0b0236cb2a70241c0cfc08357e25d509e411baf,raw_light_geom_gate_0p200,,,0.2
raw_light_geom_gate_0p200,light_geometry_gate,False,0.6,0.7204709051645003,0.8886618998978549,0.4915254237288136,0.9958441558441559,979,8,87,870,0.7031008719507358,0.5682894346237968,0.5198666723520451,b0c73274fafa529ef0ab434129c5026cafc798f7238db2345bbe9c3bb8118c4c,1a157d30113de6adf6f68a620e45fa1b2965ebbefb822a403a689282e52ea396,raw_light_geom_gate_0p200,,,0.2
raw_light_geom_gate_0p200,light_geometry_gate,False,0.7,0.6822266648912545,0.9315403422982885,0.43050847457627117,0.9989610389610389,818,2,47,762,0.7031008719507358,0.5682894346237968,0.5198666723520451,b0c73274fafa529ef0ab434129c5026cafc798f7238db2345bbe9c3bb8118c4c,27025ea70a9a08a473be3efac508fac551ae9070275e28fc31f47b4e1d282d96,raw_light_geom_gate_0p200,,,0.2
raw_light_geom_gate_0p200,light_geometry_gate,False,0.7896380183955996,0.6048648168881179,0.9634340222575517,0.3423728813559322,0.9989610389610389,629,2,17,606,0.7031008719507358,0.5682894346237968,0.5198666723520451,b0c73274fafa529ef0ab434129c5026cafc798f7238db2345bbe9c3bb8118c4c,57d1c7783f39ce7e2edf42599d9cbff2667ca5c9a78e0e7c47a295817de22afd,raw_light_geom_gate_0p200,,,0.2
raw_light_geom_gate_0p200,light_geometry_gate,False,0.8,0.5892925474737393,0.9682274247491639,0.3271186440677966,0.9989610389610389,598,2,13,579,0.7031008719507358,0.5682894346237968,0.5198666723520451,b0c73274fafa529ef0ab434129c5026cafc798f7238db2345bbe9c3bb8118c4c,c844817d610d66696326753bb28c6ef401fcffbcf274efacdd5a1c9aabb62c5e,raw_light_geom_gate_0p200,,,0.2
raw_light_geom_gate_0p200,light_geometry_gate,False,0.9,0.39125,0.9873817034700315,0.1768361581920904,1.0,317,0,3,313,0.7031008719507358,0.5682894346237968,0.5198666723520451,b0c73274fafa529ef0ab434129c5026cafc798f7238db2345bbe9c3bb8118c4c,ceff46178ac7a97b4e3b5cc9f8580d3fa1f113ad0b630e51d4e4b7ee3767e0c7,raw_light_geom_gate_0p200,,,0.2
raw_light_geom_gate_0p200,light_geometry_gate,False,0.9792473542103025,0.001693002257336343,1.0,0.0005649717514124294,1.0,1,0,0,1,0.7031008719507358,0.5682894346237968,0.5198666723520451,b0c73274fafa529ef0ab434129c5026cafc798f7238db2345bbe9c3bb8118c4c,3bc84dbea1efbb2ed1e12876be81779c7cc248038773b482c76aa917a6211173,raw_light_geom_gate_0p200,,,0.2
