score_col,mode_family,ap_rank_preserving_by_design,threshold,cal_balanced,cal_precision,cal_recall,cal_unknown_reject,cal_num_accepted,cal_unknown_false_accept,cal_background_false_accepts,cal_tp_known,cal_AP50,cal_AP75,cal_AP,stream_hash,acceptance_mask_hash,canonical_stream,alpha,gamma,beta
raw_score,raw,True,0.002119806769769575,0.3401511187006152,0.15795056751882888,0.8412429378531073,0.7693506493506493,9427,444,7097,1489,0.7031008719507358,0.5682894346237968,0.5198666723520451,311ac8bae1936c27365f0a47515fa2d024d3b6c86acabd1c2148f78f21f9207a,bd9d793596588ea4580c76b43eae96aec42b91fd837a32e3c718d4facf886992,raw_score,,,
raw_score,raw,True,0.00606468482874325,0.4501242085031546,0.23436754176610977,0.8322033898305085,0.8358441558441558,6285,316,4228,1473,0.7031008719507358,0.5682894346237968,0.5198666723520451,311ac8bae1936c27365f0a47515fa2d024d3b6c86acabd1c2148f78f21f9207a,2a21e30f486a2d7cd5dcc6aee8bce1b029e2ed67c33fd4376b44cea260c5107c,raw_score,,,
raw_score,raw,True,0.025298735126852958,0.6036162344344169,0.3789445770352692,0.8073446327683615,0.9153246753246753,3771,163,2031,1429,0.7031008719507358,0.5682894346237968,0.5198666723520451,311ac8bae1936c27365f0a47515fa2d024d3b6c86acabd1c2148f78f21f9207a,d395e6c9d65d68eb3c58f51aacb07a57b7e2ed82e92d1e610f9fb7b3c9d439e9,raw_score,,,
raw_score,raw,True,0.05,0.6713156241754082,0.4688026981450253,0.7853107344632768,0.9412987012987013,2965,113,1355,1390,0.7031008719507358,0.5682894346237968,0.5198666723520451,311ac8bae1936c27365f0a47515fa2d024d3b6c86acabd1c2148f78f21f9207a,1d859695ba0cf4ffa8c63750c1b678b1dd02fb0be260afa51143493bc2adb51e,raw_score,,,
raw_score,raw,True,0.08611611574888238,0.7099960530684624,0.5361972951471758,0.7615819209039548,0.9548051948051948,2514,87,996,1348,0.7031008719507358,0.5682894346237968,0.5198666723520451,311ac8bae1936c27365f0a47515fa2d024d3b6c86acabd1c2148f78f21f9207a,8d9a208540327f35bb47d839ec64382b65497e888fda8a94f138a2f746c86f16,raw_score,,,
raw_score,raw,True,0.1,0.7237705411424787,0.5622895622895623,0.7548022598870057,0.96,2376,77,884,1336,0.7031008719507358,0.5682894346237968,0.5198666723520451,311ac8bae1936c27365f0a47515fa2d024d3b6c86acabd1c2148f78f21f9207a,02f292985033ddd9631c73dc700d0f5b1ba75f62c69cd681fa2f6dda7e309063,raw_score,,,
raw_score,raw,True,0.15,0.750429356502072,0.6264591439688716,0.727683615819209,0.9735064935064935,2056,51,652,1288,0.7031008719507358,0.5682894346237968,0.5198666723520451,311ac8bae1936c27365f0a47515fa2d024d3b6c86acabd1c2148f78f21f9207a,60ed8b6104f7c77b532d333d9962d097245a5b9c259f690acb8469547d016231,raw_score,,,
raw_score,raw,True,0.2,0.7614761158697816,0.6719088937093276,0.7,0.9776623376623377,1844,43,510,1239,0.7031008719507358,0.5682894346237968,0.5198666723520451,311ac8bae1936c27365f0a47515fa2d024d3b6c86acabd1c2148f78f21f9207a,91876d41b191576ccc443f7cd322ebaacb78c1735ef9cdd7a5551c9de09bfed3,raw_score,,,
raw_score,raw,True,0.25,0.7671286240989166,0.7123205741626795,0.6728813559322034,0.9797402597402597,1672,39,394,1191,0.7031008719507358,0.5682894346237968,0.5198666723520451,311ac8bae1936c27365f0a47515fa2d024d3b6c86acabd1c2148f78f21f9207a,2cfd3917b3f2568c3873539b60c302be78d1bea0ee025c275fdf5db6c77b6a7f,raw_score,,,
raw_score,raw,True,0.3,0.771966451908514,0.7478937135450421,0.6519774011299435,0.9849350649350649,1543,29,320,1154,0.7031008719507358,0.5682894346237968,0.5198666723520451,311ac8bae1936c27365f0a47515fa2d024d3b6c86acabd1c2148f78f21f9207a,3167cb1edf8278ccb04224c8811026ce062257f05ebb6752dd3501d5da398434,raw_score,,,
raw_score,raw,True,0.35,0.7737878411568285,0.7779319916724496,0.6333333333333333,0.9875324675324675,1441,24,263,1121,0.7031008719507358,0.5682894346237968,0.5198666723520451,311ac8bae1936c27365f0a47515fa2d024d3b6c86acabd1c2148f78f21f9207a,83f3fb91f66285ccc575518687a8e72198481771ba4016706051b9ce23af806b,raw_score,,,
raw_score,raw,True,0.4,0.7702510779324558,0.8055347793567689,0.6084745762711864,0.9901298701298701,1337,19,215,1077,0.7031008719507358,0.5682894346237968,0.5198666723520451,311ac8bae1936c27365f0a47515fa2d024d3b6c86acabd1c2148f78f21f9207a,c709d1c60cfcdad1244b1cfab5b2a2795c6bb6ee780ada69499204014069da15,raw_score,,,
raw_score,raw,True,0.44400383234024043,0.7649627478814359,0.8265712012728719,0.5870056497175141,0.9916883116883117,1257,16,176,1039,0.7031008719507358,0.5682894346237968,0.5198666723520451,311ac8bae1936c27365f0a47515fa2d024d3b6c86acabd1c2148f78f21f9207a,03e25cf2b2e4755e1353477b06289218ed5f77296c4dcfaaa024bac8e97d2938,raw_score,,,
raw_score,raw,True,0.5,0.7568319859313875,0.8556611927398444,0.559322033898305,0.9927272727272727,1157,14,131,990,0.7031008719507358,0.5682894346237968,0.5198666723520451,311ac8bae1936c27365f0a47515fa2d024d3b6c86acabd1c2148f78f21f9207a,380aa92258ca685e1c76cca9b80ada6224458c541eaf9d3af7dec4e8fc0da0dd,raw_score,,,
raw_score,raw,True,0.6,0.7222447540988544,0.8857431749241659,0.49491525423728816,0.9958441558441559,989,8,89,876,0.7031008719507358,0.5682894346237968,0.5198666723520451,311ac8bae1936c27365f0a47515fa2d024d3b6c86acabd1c2148f78f21f9207a,ef4cd61f690ab8e8fdb0f0d20b5c1ad4cbbdffd795712a8be58e249499c22530,raw_score,,,
raw_score,raw,True,0.7,0.6825107045754258,0.9304878048780488,0.43107344632768363,0.9989610389610389,820,2,48,763,0.7031008719507358,0.5682894346237968,0.5198666723520451,311ac8bae1936c27365f0a47515fa2d024d3b6c86acabd1c2148f78f21f9207a,6b33ef783f57a702373c224a07202926bf0c2f371ec5dc0d0b88ea0bd9ec4290,raw_score,,,
raw_score,raw,True,0.7921064376831046,0.6048648168881179,0.9634340222575517,0.3423728813559322,0.9989610389610389,629,2,17,606,0.7031008719507358,0.5682894346237968,0.5198666723520451,311ac8bae1936c27365f0a47515fa2d024d3b6c86acabd1c2148f78f21f9207a,57d1c7783f39ce7e2edf42599d9cbff2667ca5c9a78e0e7c47a295817de22afd,raw_score,,,
raw_score,raw,True,0.8,0.5933957955436259,0.966996699669967,0.3310734463276836,0.9989610389610389,606,2,14,586,0.7031008719507358,0.5682894346237968,0.5198666723520451,311ac8bae1936c27365f0a47515fa2d024d3b6c86acabd1c2148f78f21f9207a,9f053733c9e335d54947135c8300664da24cd48e556828320312b42f9c46446b,raw_score,,,
raw_score,raw,True,0.9,0.39476961394769616,0.984472049689441,0.1790960451977401,1.0,322,0,4,317,0.7031008719507358,0.5682894346237968,0.5198666723520451,311ac8bae1936c27365f0a47515fa2d024d3b6c86acabd1c2148f78f21f9207a,e9af8180e2184c1acbe9ee748885cd35c6ac0638a653e250ee5b0816e5fd7f14,raw_score,,,
raw_score,raw,True,0.9797402024269104,0.001693002257336343,1.0,0.0005649717514124294,1.0,1,0,0,1,0.7031008719507358,0.5682894346237968,0.5198666723520451,311ac8bae1936c27365f0a47515fa2d024d3b6c86acabd1c2148f78f21f9207a,3bc84dbea1efbb2ed1e12876be81779c7cc248038773b482c76aa917a6211173,raw_score,,,
geometry_risk_score,geometry,False,0.013459195584140143,0.34186710572412826,0.1581627240903787,0.8423728813559322,0.7901298701298701,9427,404,7269,1491,0.6375049285162491,0.5042095667355271,0.45913170506374507,99ef5f2230d792cd865c207b4cad3f806f784bd3e802b368279aac8910ca079b,101751f9dea5a219908337bfca48ec8abdead3ef9d23979a4222bfa55ca4ab95,geometry_risk_score,,,
geometry_risk_score,geometry,False,0.05,0.43076438073208184,0.2171352863241572,0.8333333333333334,0.8628571428571429,6793,264,4874,1475,0.6375049285162491,0.5042095667355271,0.45913170506374507,99ef5f2230d792cd865c207b4cad3f806f784bd3e802b368279aac8910ca079b,9bc4c6e738f4b2939616d1649c5f7244752da44a65279363e1c55d27c7d91c8a,geometry_risk_score,,,
geometry_risk_score,geometry,False,0.059079547377049055,0.4527322190191884,0.23373110580747813,0.8299435028248587,0.8748051948051948,6285,241,4406,1469,0.6375049285162491,0.5042095667355271,0.45913170506374507,99ef5f2230d792cd865c207b4cad3f806f784bd3e802b368279aac8910ca079b,96886b1b42fb8abb6fd293f7701a667e1ec40d7807f99b43fc9df427b9a95feb,geometry_risk_score,,,
geometry_risk_score,geometry,False,0.1,0.5290507616441564,0.29876543209876544,0.8203389830508474,0.9054545454545455,4860,182,3096,1452,0.6375049285162491,0.5042095667355271,0.45913170506374507,99ef5f2230d792cd865c207b4cad3f806f784bd3e802b368279aac8910ca079b,abb9c3139c8216e908a5cdb1a9937eaa6f7d9cb1fed633ee3de081df618875d9,geometry_risk_score,,,
geometry_risk_score,geometry,False,0.15,0.5881512344735013,0.35888414174415684,0.8067796610169492,0.9303896103896104,3979,134,2308,1428,0.6375049285162491,0.5042095667355271,0.45913170506374507,99ef5f2230d792cd865c207b4cad3f806f784bd3e802b368279aac8910ca079b,f365949444fea883043d9ebb6fe8381578b95f6841f9284c38f4a3d6408708c0,geometry_risk_score,,,
geometry_risk_score,geometry,False,0.1662023630272846,0.6039104244889687,0.3768231238398303,0.8028248587570621,0.9361038961038961,3771,123,2122,1421,0.6375049285162491,0.5042095667355271,0.45913170506374507,99ef5f2230d792cd865c207b4cad3f806f784bd3e802b368279aac8910ca079b,7e2772acfa075fdbbb249621f384b75b6705bbebaa6b6be57d8b3534af3ce692,geometry_risk_score,,,
geometry_risk_score,geometry,False,0.2,0.6273625977433281,0.40602374746597164,0.792090395480226,0.9464935064935065,3453,103,1852,1402,0.6375049285162491,0.5042095667355271,0.45913170506374507,99ef5f2230d792cd865c207b4cad3f806f784bd3e802b368279aac8910ca079b,237a42d21b2852c7e61fa4a26ebe4b6e959deb0587dd032eda1ab7aed458ebda,geometry_risk_score,,,
geometry_risk_score,geometry,False,0.25,0.6529126609589986,0.440291415901172,0.7853107344632768,0.9522077922077922,3157,92,1584,1390,0.6375049285162491,0.5042095667355271,0.45913170506374507,99ef5f2230d792cd865c207b4cad3f806f784bd3e802b368279aac8910ca079b,963f62dc49e6b184ad13baf32b2efd8b639975ab31569c34d935cf9bf6961991,geometry_risk_score,,,
geometry_risk_score,geometry,False,0.3,0.6700894481663714,0.4674172637325145,0.7740112994350282,0.9563636363636363,2931,84,1396,1370,0.6375049285162491,0.5042095667355271,0.45913170506374507,99ef5f2230d792cd865c207b4cad3f806f784bd3e802b368279aac8910ca079b,37d8b720b21cd24a051f7ed0b2852fdc727ac758e856bea963284a32cabaccf9,geometry_risk_score,,,
geometry_risk_score,geometry,False,0.35,0.6870698555732804,0.49417758369723436,0.7672316384180791,0.9620779220779221,2748,73,1243,1358,0.6375049285162491,0.5042095667355271,0.45913170506374507,99ef5f2230d792cd865c207b4cad3f806f784bd3e802b368279aac8910ca079b,624342efd8e8860728dda696a6183cd37c71ba94559cccc1c0c6fee0b60abefd,geometry_risk_score,,,
geometry_risk_score,geometry,False,0.4,0.7025344466160589,0.5209464701318852,0.7587570621468926,0.9683116883116883,2578,61,1105,1343,0.6375049285162491,0.5042095667355271,0.45913170506374507,99ef5f2230d792cd865c207b4cad3f806f784bd3e802b368279aac8910ca079b,a3fd2baf526327fe152750c0aa787d1043a271f4c52b7f6b4c9947c2126564e9,geometry_risk_score,,,
geometry_risk_score,geometry,False,0.4190641769092683,0.7073535908541427,0.5310262529832935,0.7542372881355932,0.9688311688311688,2514,60,1052,1335,0.6375049285162491,0.5042095667355271,0.45913170506374507,99ef5f2230d792cd865c207b4cad3f806f784bd3e802b368279aac8910ca079b,c5d07e21703378664ba001699214c37e2fbc57cb6ba776cd3bdb9be0d5565999,geometry_risk_score,,,
geometry_risk_score,geometry,False,0.5,0.7234404106060006,0.5692982456140351,0.7333333333333333,0.974025974025974,2280,50,876,1298,0.6375049285162491,0.5042095667355271,0.45913170506374507,99ef5f2230d792cd865c207b4cad3f806f784bd3e802b368279aac8910ca079b,305188be2320e2a683b72036a56d71bcfeae144ec0c2aa20d10ba50b5cfcb691,geometry_risk_score,,,
geometry_risk_score,geometry,False,0.6,0.7433613681573901,0.6197252208047105,0.7135593220338983,0.9797402597402597,2038,39,684,1263,0.6375049285162491,0.5042095667355271,0.45913170506374507,99ef5f2230d792cd865c207b4cad3f806f784bd3e802b368279aac8910ca079b,6984a3398f097bf4a47bdecfee40944cb6af80f22034f40e0aa4e38a580f52e0,geometry_risk_score,,,
geometry_risk_score,geometry,False,0.7,0.7564453793792113,0.6696035242290749,0.6870056497175141,0.9833766233766233,1816,32,523,1216,0.6375049285162491,0.5042095667355271,0.45913170506374507,99ef5f2230d792cd865c207b4cad3f806f784bd3e802b368279aac8910ca079b,a9c9b3ff6eee6bc467f128dbe2cdc8f9965136ffe42b4261d0765a5bed9747e5,geometry_risk_score,,,
geometry_risk_score,geometry,False,0.8,0.7646940683420657,0.7284810126582278,0.6502824858757063,0.9875324675324675,1580,24,369,1151,0.6375049285162491,0.5042095667355271,0.45913170506374507,99ef5f2230d792cd865c207b4cad3f806f784bd3e802b368279aac8910ca079b,5b8ddbf3a3555bfff61a2cd22b936d7cd447125fe5fe2999014650b58839ac73,geometry_risk_score,,,
geometry_risk_score,geometry,False,0.9,0.7587319904939568,0.8020030816640986,0.588135593220339,0.9932467532467533,1298,13,219,1041,0.6375049285162491,0.5042095667355271,0.45913170506374507,99ef5f2230d792cd865c207b4cad3f806f784bd3e802b368279aac8910ca079b,11ac19833a4302f0ab4d54c8ef1f77a53f03fd7f150c0d04525d78a42333eb64,geometry_risk_score,,,
geometry_risk_score,geometry,False,0.9082754599348092,0.7542694412674136,0.8106603023070803,0.5757062146892655,0.9932467532467533,1257,13,202,1019,0.6375049285162491,0.5042095667355271,0.45913170506374507,99ef5f2230d792cd865c207b4cad3f806f784bd3e802b368279aac8910ca079b,1693376addbe5c5ec4611bd9d9a78761084cc3940401a099d071408f8761f7bd,geometry_risk_score,,,
geometry_risk_score,geometry,False,0.9884836676884915,0.6032704077595877,0.9602543720190779,0.34124293785310733,0.9989610389610389,629,2,18,604,0.6375049285162491,0.5042095667355271,0.45913170506374507,99ef5f2230d792cd865c207b4cad3f806f784bd3e802b368279aac8910ca079b,c44234b7f864b34fb6e532afd21191e09f950e6513683753a963fafcedfee580,geometry_risk_score,,,
geometry_risk_score,geometry,False,0.9999962091129354,0.001693002257336343,1.0,0.0005649717514124294,1.0,1,0,0,1,0.6375049285162491,0.5042095667355271,0.45913170506374507,99ef5f2230d792cd865c207b4cad3f806f784bd3e802b368279aac8910ca079b,ae9940b8dab418d220a54b5adfaa61b8ef9768d37e142e25e7b4a3559366d626,geometry_risk_score,,,
geometry_alpha_0p050,alpha_blend,False,0.003539156682447621,0.3411400586067205,0.1582688023761536,0.8429378531073446,0.7755844155844156,9427,432,7147,1492,0.7018779582201365,0.5669048334116865,0.5187779966270794,e29c05f486e99fcca119ff9bfb60592e9946491327a9574c2b7deffe0174abce,3ba653c548eafa5a7592c8d6b77f6209bbc35436f26b730763977f89a292e57f,geometry_alpha_0p050,0.05,,
geometry_alpha_0p050,alpha_blend,False,0.009131045879711933,0.4504251550044287,0.2345266507557677,0.8327683615819209,0.8363636363636364,6285,315,4244,1474,0.7018779582201365,0.5669048334116865,0.5187779966270794,e29c05f486e99fcca119ff9bfb60592e9946491327a9574c2b7deffe0174abce,6ecc60cb0b04a9af46087df4139e00d939cad658a4aa3512f07113642f41cdcd,geometry_alpha_0p050,0.05,,
geometry_alpha_0p050,alpha_blend,False,0.03258773782225306,0.6049516597434107,0.3794749403341289,0.8084745762711865,0.92,3771,154,2046,1431,0.7018779582201365,0.5669048334116865,0.5187779966270794,e29c05f486e99fcca119ff9bfb60592e9946491327a9574c2b7deffe0174abce,9bbaa13a32334ec6f5c11a4d99bef0c1bd0d30e70b30c80498671f3128a1f5cf,geometry_alpha_0p050,0.05,,
geometry_alpha_0p050,alpha_blend,False,0.05,0.6528683325500862,0.4401749453295845,0.796045197740113,0.9371428571428572,3201,121,1557,1409,0.7018779582201365,0.5669048334116865,0.5187779966270794,e29c05f486e99fcca119ff9bfb60592e9946491327a9574c2b7deffe0174abce,da8c89a5b60ccd5040603e06a32d83d5cc6de35221ed23a5be9aab8caab05237,geometry_alpha_0p050,0.05,,
geometry_alpha_0p050,alpha_blend,False,0.09967098433671388,0.712838353408786,0.5381861575178998,0.764406779661017,0.9594805194805195,2514,78,1001,1353,0.7018779582201365,0.5669048334116865,0.5187779966270794,e29c05f486e99fcca119ff9bfb60592e9946491327a9574c2b7deffe0174abce,600855bacb48e03e3333bf8a097dd55d7d585916c86c569a2c5c8bd37d52a788,geometry_alpha_0p050,0.05,,
geometry_alpha_0p050,alpha_blend,False,0.1,0.7131844237991697,0.5386146496815286,0.764406779661017,0.96,2512,77,1000,1353,0.7018779582201365,0.5669048334116865,0.5187779966270794,e29c05f486e99fcca119ff9bfb60592e9946491327a9574c2b7deffe0174abce,9532d34691b9d88107e36979d5d6f85f4cea0903ab93af914379e416a2feabbc,geometry_alpha_0p050,0.05,,
geometry_alpha_0p050,alpha_blend,False,0.15,0.7441410167948271,0.6074418604651163,0.7378531073446327,0.9709090909090909,2150,56,721,1306,0.7018779582201365,0.5669048334116865,0.5187779966270794,e29c05f486e99fcca119ff9bfb60592e9946491327a9574c2b7deffe0174abce,77913da2fb25cad42c2114907697c3b7eec4e16ea3641408785343731c7aa7c2,geometry_alpha_0p050,0.05,,
geometry_alpha_0p050,alpha_blend,False,0.2,0.7567206984593775,0.6528066528066528,0.7096045197740113,0.9771428571428571,1924,44,568,1256,0.7018779582201365,0.5669048334116865,0.5187779966270794,e29c05f486e99fcca119ff9bfb60592e9946491327a9574c2b7deffe0174abce,c1cc6ecbe40fa9b118c28df3ed1cc20aad1ac7f1386c23bde154df16b00783b4,geometry_alpha_0p050,0.05,,
geometry_alpha_0p050,alpha_blend,False,0.25,0.7638597475756611,0.6934557979334098,0.6824858757062147,0.9802597402597403,1742,38,446,1208,0.7018779582201365,0.5669048334116865,0.5187779966270794,e29c05f486e99fcca119ff9bfb60592e9946491327a9574c2b7deffe0174abce,1641c0202dbd5f692c6f11f1cc4a6e22e360f9e473efd99c66e53fa8266c6e5f,geometry_alpha_0p050,0.05,,
geometry_alpha_0p050,alpha_blend,False,0.3,0.7721441166023582,0.7357187696170747,0.6621468926553672,0.9844155844155844,1593,30,348,1172,0.7018779582201365,0.5669048334116865,0.5187779966270794,e29c05f486e99fcca119ff9bfb60592e9946491327a9574c2b7deffe0174abce,29076b28ecf1385e99ea776f625b1a212ac5cbb41944f567cf978ef5197e9ff1,geometry_alpha_0p050,0.05,,
geometry_alpha_0p050,alpha_blend,False,0.35,0.7731256840705141,0.7630872483221477,0.6423728813559322,0.987012987012987,1490,25,292,1137,0.7018779582201365,0.5669048334116865,0.5187779966270794,e29c05f486e99fcca119ff9bfb60592e9946491327a9574c2b7deffe0174abce,8ef6fd87eb9c7d045265e357200a6fbbc6ad09875f656408e0b999e57acbcad3,geometry_alpha_0p050,0.05,,
geometry_alpha_0p050,alpha_blend,False,0.4,0.7715704778331174,0.7953386744355426,0.6169491525423729,0.9901298701298701,1373,19,234,1092,0.7018779582201365,0.5669048334116865,0.5187779966270794,e29c05f486e99fcca119ff9bfb60592e9946491327a9574c2b7deffe0174abce,f5eb50bd12d1d7d7a180fd43c065e3f510e0f232c969ea750465d2960f655d02,geometry_alpha_0p050,0.05,,
geometry_alpha_0p050,alpha_blend,False,0.46559453326045014,0.7644156712885541,0.8257756563245824,0.5864406779661017,0.9916883116883117,1257,16,177,1038,0.7018779582201365,0.5669048334116865,0.5187779966270794,e29c05f486e99fcca119ff9bfb60592e9946491327a9574c2b7deffe0174abce,9b91dc7aea20200fb9543df7d0fcb2098bb9b4952907847a3c690e3c92a20969,geometry_alpha_0p050,0.05,,
geometry_alpha_0p050,alpha_blend,False,0.5,0.7608478699773269,0.8451882845188284,0.5706214689265536,0.9927272727272727,1195,14,147,1010,0.7018779582201365,0.5669048334116865,0.5187779966270794,e29c05f486e99fcca119ff9bfb60592e9946491327a9574c2b7deffe0174abce,7c54d60e69d7b3dc98c856048607ac8126b282b1614d255ae3314c20ef6d1b51,geometry_alpha_0p050,0.05,,
geometry_alpha_0p050,alpha_blend,False,0.6,0.7292044940969387,0.8818897637795275,0.5062146892655367,0.9953246753246753,1016,9,95,896,0.7018779582201365,0.5669048334116865,0.5187779966270794,e29c05f486e99fcca119ff9bfb60592e9946491327a9574c2b7deffe0174abce,99163bc0eecdc6ef9c6fb2a9c0612217b3deb416e0a04b0400e99efd1804c3f6,geometry_alpha_0p050,0.05,,
geometry_alpha_0p050,alpha_blend,False,0.7,0.6906473168085102,0.9265402843601895,0.44180790960451977,0.9989610389610389,844,2,51,782,0.7018779582201365,0.5669048334116865,0.5187779966270794,e29c05f486e99fcca119ff9bfb60592e9946491327a9574c2b7deffe0174abce,f4cf8b1226ca79045ab9ae1c44493458657df6dad7fdb26c0ca1afccabd20d6d,geometry_alpha_0p050,0.05,,
geometry_alpha_0p050,alpha_blend,False,0.8,0.6064461772525268,0.9620853080568721,0.3440677966101695,0.9989610389610389,633,2,18,609,0.7018779582201365,0.5669048334116865,0.5187779966270794,e29c05f486e99fcca119ff9bfb60592e9946491327a9574c2b7deffe0174abce,b2126b91faada658e3632160e580e73ceb3939244ac7865339efea5c42f51979,geometry_alpha_0p050,0.05,,
geometry_alpha_0p050,alpha_blend,False,0.8012736744196112,0.6056612251788039,0.9650238473767886,0.34293785310734465,0.9989610389610389,629,2,16,607,0.7018779582201365,0.5669048334116865,0.5187779966270794,e29c05f486e99fcca119ff9bfb60592e9946491327a9574c2b7deffe0174abce,e06304ccced174396b5f67c8bc2b6a7322badb5b1da61077c8823b9a1cdfeefd,geometry_alpha_0p050,0.05,,
geometry_alpha_0p050,alpha_blend,False,0.9,0.41015145313139584,0.9852507374631269,0.18870056497175142,1.0,339,0,4,334,0.7018779582201365,0.5669048334116865,0.5187779966270794,e29c05f486e99fcca119ff9bfb60592e9946491327a9574c2b7deffe0174abce,fc5c2ad4d4c522093a7e7d226deaef2359bfcbfc05d087eda8eb51082d557368,geometry_alpha_0p050,0.05,,
geometry_alpha_0p050,alpha_blend,False,0.9806951981957301,0.001693002257336343,1.0,0.0005649717514124294,1.0,1,0,0,1,0.7018779582201365,0.5669048334116865,0.5187779966270794,e29c05f486e99fcca119ff9bfb60592e9946491327a9574c2b7deffe0174abce,3bc84dbea1efbb2ed1e12876be81779c7cc248038773b482c76aa917a6211173,geometry_alpha_0p050,0.05,,
geometry_alpha_0p100,alpha_blend,False,0.004621848927655202,0.341402164015267,0.1583748806619285,0.843502824858757,0.7766233766233767,9427,430,7168,1493,0.7013797538043203,0.5658254218892116,0.5182426032382118,ef1fa17515e1f4b789837c7662df96b04dde995c89de18ba14775d48708f6453,e6026c8bc64a2b9d3ee7b2c2663d45e0f944fcaa07173a9bef5df2510171977f,geometry_alpha_0p100,0.1,,
geometry_alpha_0p100,alpha_blend,False,0.012241865085128574,0.4507247286189371,0.23484486873508353,0.8338983050847457,0.8342857142857143,6285,319,4254,1476,0.7013797538043203,0.5658254218892116,0.5182426032382118,ef1fa17515e1f4b789837c7662df96b04dde995c89de18ba14775d48708f6453,f704d44aa695da46b46c54ac718b1fe0d82f8e818ff5143a31930f895b3f697a,geometry_alpha_0p100,0.1,,
geometry_alpha_0p100,alpha_blend,False,0.03992966444342542,0.6051012698439955,0.3794749403341289,0.8084745762711865,0.921038961038961,3771,152,2052,1431,0.7013797538043203,0.5658254218892116,0.5182426032382118,ef1fa17515e1f4b789837c7662df96b04dde995c89de18ba14775d48708f6453,8eb5d92672811b92eb667b13682961cd6e9284a6e0d12a0fc94c9fcc4f295e2d,geometry_alpha_0p100,0.1,,
geometry_alpha_0p100,alpha_blend,False,0.05,0.6303588435268839,0.4101302460202605,0.8005649717514124,0.932987012987013,3455,129,1787,1417,0.7013797538043203,0.5658254218892116,0.5182426032382118,ef1fa17515e1f4b789837c7662df96b04dde995c89de18ba14775d48708f6453,9215b551ac0b271901e6e8764b0ec92dfac163bc12d80faddcf271df148101aa,geometry_alpha_0p100,0.1,,
geometry_alpha_0p100,alpha_blend,False,0.1,0.6986612781005305,0.5122042808862185,0.7706214689265537,0.957922077922078,2663,81,1129,1364,0.7013797538043203,0.5658254218892116,0.5182426032382118,ef1fa17515e1f4b789837c7662df96b04dde995c89de18ba14775d48708f6453,4cac99b5ec2bfee308e726f649f0688f45419e7cd26861854d8e34146dcada0f,geometry_alpha_0p100,0.1,,
geometry_alpha_0p100,alpha_blend,False,0.11618030637425439,0.7121238791354711,0.5369928400954654,0.7627118644067796,0.9620779220779221,2514,73,1009,1350,0.7013797538043203,0.5658254218892116,0.5182426032382118,ef1fa17515e1f4b789837c7662df96b04dde995c89de18ba14775d48708f6453,bebf0e879afe6cb9c460fb6d58f133a218b4abf8a17fd363b7d0115bb2a17d34,geometry_alpha_0p100,0.1,,
geometry_alpha_0p100,alpha_blend,False,0.15,0.7361704368736679,0.5862527716186253,0.7468926553672316,0.9703896103896104,2255,57,807,1322,0.7013797538043203,0.5658254218892116,0.5182426032382118,ef1fa17515e1f4b789837c7662df96b04dde995c89de18ba14775d48708f6453,cd661b1d957334f3053a0eebea7f16867fb5cb49fda84408a80313a5fc392df1,geometry_alpha_0p100,0.1,,
geometry_alpha_0p100,alpha_blend,False,0.2,0.7544669872917794,0.6366799204771372,0.7237288135593221,0.9766233766233766,2012,45,628,1281,0.7013797538043203,0.5658254218892116,0.5182426032382118,ef1fa17515e1f4b789837c7662df96b04dde995c89de18ba14775d48708f6453,a0cf7aa7a7f16278a48529a5b0d14c58daead5a6d3a8a4634ade978e284d8170,geometry_alpha_0p100,0.1,,
geometry_alpha_0p100,alpha_blend,False,0.25,0.7623786813693716,0.6761643835616439,0.6971751412429379,0.9787012987012987,1825,41,499,1234,0.7013797538043203,0.5658254218892116,0.5182426032382118,ef1fa17515e1f4b789837c7662df96b04dde995c89de18ba14775d48708f6453,86fcd4054af0fe6c7135407359c0329b048457b8aa26dbdfff19f9f6d49a9f8d,geometry_alpha_0p100,0.1,,
geometry_alpha_0p100,alpha_blend,False,0.3,0.7693968051543412,0.7175618587809294,0.6717514124293785,0.9833766233766233,1657,32,390,1189,0.7013797538043203,0.5658254218892116,0.5182426032382118,ef1fa17515e1f4b789837c7662df96b04dde995c89de18ba14775d48708f6453,6b452c2687e37f3f8761e051bc74cc2b141724a5a0c779df029b30ec07cd5262,geometry_alpha_0p100,0.1,,
geometry_alpha_0p100,alpha_blend,False,0.35,0.771989246068837,0.7506527415143603,0.6497175141242938,0.9854545454545455,1532,28,315,1150,0.7013797538043203,0.5658254218892116,0.5182426032382118,ef1fa17515e1f4b789837c7662df96b04dde995c89de18ba14775d48708f6453,8fff4066c5b4ffb18f68049bf3eedbd57d29355b6d79623483498f16245e061d,geometry_alpha_0p100,0.1,,
geometry_alpha_0p100,alpha_blend,False,0.4,0.7734885958904981,0.7794836008374041,0.6310734463276836,0.9890909090909091,1433,21,264,1117,0.7013797538043203,0.5658254218892116,0.5182426032382118,ef1fa17515e1f4b789837c7662df96b04dde995c89de18ba14775d48708f6453,b272866fbedb5da0c1ff6de2c9ee1eb1d6d7993bbaa2489775be3883c1e7220c,geometry_alpha_0p100,0.1,,
geometry_alpha_0p100,alpha_blend,False,0.4872372114973288,0.7656126944319894,0.8273667462211615,0.5875706214689266,0.9922077922077922,1257,15,176,1040,0.7013797538043203,0.5658254218892116,0.5182426032382118,ef1fa17515e1f4b789837c7662df96b04dde995c89de18ba14775d48708f6453,80e050cc4014cd878555a2e05f35e73cbf292a02d20f667ecb89fa81f798f139,geometry_alpha_0p100,0.1,,
geometry_alpha_0p100,alpha_blend,False,0.5,0.7637456660002219,0.8356387306753458,0.580225988700565,0.9922077922077922,1229,15,161,1027,0.7013797538043203,0.5658254218892116,0.5182426032382118,ef1fa17515e1f4b789837c7662df96b04dde995c89de18ba14775d48708f6453,1306f990724239208fa9a3fca4d97205616e8ca6fca3980e49c8ef06f7688f92,geometry_alpha_0p100,0.1,,
geometry_alpha_0p100,alpha_blend,False,0.6,0.7394419112050505,0.8784425451092118,0.5225988700564972,0.9948051948051948,1053,10,100,925,0.7013797538043203,0.5658254218892116,0.5182426032382118,ef1fa17515e1f4b789837c7662df96b04dde995c89de18ba14775d48708f6453,b4f9e844a0f9fd193f683b4f9e72b95431548151e28667dad9f4053b1e9f7096,geometry_alpha_0p100,0.1,,
geometry_alpha_0p100,alpha_blend,False,0.7,0.6938400877495073,0.9158016147635525,0.4485875706214689,0.9974025974025974,867,5,56,794,0.7013797538043203,0.5658254218892116,0.5182426032382118,ef1fa17515e1f4b789837c7662df96b04dde995c89de18ba14775d48708f6453,5de5701054babc7e12a868c936ff4232aa4f09a1dc41a7a6d451289ceb963204,geometry_alpha_0p100,0.1,,
geometry_alpha_0p100,alpha_blend,False,0.8,0.6204211754420457,0.9591527987897126,0.3581920903954802,0.9989610389610389,661,2,21,634,0.7013797538043203,0.5658254218892116,0.5182426032382118,ef1fa17515e1f4b789837c7662df96b04dde995c89de18ba14775d48708f6453,b95c138b75185ac91c6217375ece657b22fb3333e783d1a9c5e76fe2b470467b,geometry_alpha_0p100,0.1,,
geometry_alpha_0p100,alpha_blend,False,0.8113738400759096,0.6056612251788039,0.9650238473767886,0.34293785310734465,0.9989610389610389,629,2,16,607,0.7013797538043203,0.5658254218892116,0.5182426032382118,ef1fa17515e1f4b789837c7662df96b04dde995c89de18ba14775d48708f6453,e06304ccced174396b5f67c8bc2b6a7322badb5b1da61077c8823b9a1cdfeefd,geometry_alpha_0p100,0.1,,
geometry_alpha_0p100,alpha_blend,False,0.9,0.42337242215932064,0.9858757062146892,0.19717514124293786,1.0,354,0,4,349,0.7013797538043203,0.5658254218892116,0.5182426032382118,ef1fa17515e1f4b789837c7662df96b04dde995c89de18ba14775d48708f6453,9ea97d6e9a27f866f49822d2b1dc026961782d654912796de0c1b63474cf3af2,geometry_alpha_0p100,0.1,,
geometry_alpha_0p100,alpha_blend,False,0.98165019396455,0.001693002257336343,1.0,0.0005649717514124294,1.0,1,0,0,1,0.7013797538043203,0.5658254218892116,0.5182426032382118,ef1fa17515e1f4b789837c7662df96b04dde995c89de18ba14775d48708f6453,3bc84dbea1efbb2ed1e12876be81779c7cc248038773b482c76aa917a6211173,geometry_alpha_0p100,0.1,,
geometry_alpha_0p200,alpha_blend,False,0.006284464568388984,0.3415637860082304,0.1584809589477034,0.8440677966101695,0.7761038961038961,9427,431,7180,1494,0.6999077479675432,0.5643690820128695,0.5168235528796601,f684821bbd9cfb438953609125b5b7ae61e5c3d042733b92f13ed3b7ea746baa,10596d0c50eeee7c52f86a6dcfb850cfaca00aa58dedec55bc6b039041c534d4,geometry_alpha_0p200,0.2,,
geometry_alpha_0p200,alpha_blend,False,0.01769040234774643,0.45217470242520513,0.23500397772474144,0.8344632768361582,0.8467532467532468,6285,295,4299,1477,0.6999077479675432,0.5643690820128695,0.5168235528796601,f684821bbd9cfb438953609125b5b7ae61e5c3d042733b92f13ed3b7ea746baa,3bd89162bf01665f873450c7776f5a69f4bd04040218ccc7bcbcc5cfc8012a06,geometry_alpha_0p200,0.2,,
geometry_alpha_0p200,alpha_blend,False,0.05,0.5963596544697748,0.3680573329920655,0.8124293785310734,0.9236363636363636,3907,147,2194,1438,0.6999077479675432,0.5643690820128695,0.5168235528796601,f684821bbd9cfb438953609125b5b7ae61e5c3d042733b92f13ed3b7ea746baa,ceac90e20f642be2ba3675171991e1eec2dc1c1febe03d1b51f796f65e54e1c1,geometry_alpha_0p200,0.2,,
geometry_alpha_0p200,alpha_blend,False,0.05460816590095368,0.6052569454705057,0.3789445770352692,0.8073446327683615,0.9267532467532468,3771,141,2075,1429,0.6999077479675432,0.5643690820128695,0.5168235528796601,f684821bbd9cfb438953609125b5b7ae61e5c3d042733b92f13ed3b7ea746baa,988967a73c9e4b98fc2aa57c8a4eeb08a25274acb6ef4aa5b0375f4877742dc9,geometry_alpha_0p200,0.2,,
geometry_alpha_0p200,alpha_blend,False,0.1,0.6742148290946028,0.4698551700909397,0.788135593220339,0.9501298701298702,2969,96,1384,1395,0.6999077479675432,0.5643690820128695,0.5168235528796601,f684821bbd9cfb438953609125b5b7ae61e5c3d042733b92f13ed3b7ea746baa,673daa211601b7eb26e8f2205c1d57b93a35b044b13994233ab7c63be52c24e6,geometry_alpha_0p200,0.2,,
geometry_alpha_0p200,alpha_blend,False,0.14982822079653238,0.7104180023718802,0.5350039777247414,0.7598870056497176,0.9636363636363636,2514,70,1022,1345,0.6999077479675432,0.5643690820128695,0.5168235528796601,f684821bbd9cfb438953609125b5b7ae61e5c3d042733b92f13ed3b7ea746baa,7d085d9ffe39ee660538ae5c04faefd8efcf29c49b89f64d9c8afe9df0d99c2b,geometry_alpha_0p200,0.2,,
geometry_alpha_0p200,alpha_blend,False,0.15,0.7112323530159955,0.5360701474691112,0.7598870056497176,0.9646753246753247,2509,68,1019,1345,0.6999077479675432,0.5643690820128695,0.5168235528796601,f684821bbd9cfb438953609125b5b7ae61e5c3d042733b92f13ed3b7ea746baa,304448c1b4c7081cd7b85f27a710bb2422bfa29024f3ceec992f9239a1482fc6,geometry_alpha_0p200,0.2,,
geometry_alpha_0p200,alpha_blend,False,0.2,0.7403339312819098,0.5963718820861678,0.7429378531073446,0.9714285714285714,2205,55,769,1315,0.6999077479675432,0.5643690820128695,0.5168235528796601,f684821bbd9cfb438953609125b5b7ae61e5c3d042733b92f13ed3b7ea746baa,64c81aa757e552f98bc5120170392df3c876e6533457fcc93f1a93041992e7fc,geometry_alpha_0p200,0.2,,
geometry_alpha_0p200,alpha_blend,False,0.25,0.7542326551553025,0.6401610468042275,0.7186440677966102,0.9766233766233766,1987,45,616,1272,0.6999077479675432,0.5643690820128695,0.5168235528796601,f684821bbd9cfb438953609125b5b7ae61e5c3d042733b92f13ed3b7ea746baa,0dedc525ba68a5b38eeab552536cc8795ab9ea1b0e630936432680bd2e89dcab,geometry_alpha_0p200,0.2,,
geometry_alpha_0p200,alpha_blend,False,0.3,0.7634061168885989,0.6803324099722992,0.6937853107344633,0.9818181818181818,1805,35,493,1228,0.6999077479675432,0.5643690820128695,0.5168235528796601,f684821bbd9cfb438953609125b5b7ae61e5c3d042733b92f13ed3b7ea746baa,9388c3acf85b3a7f92ef9165d6907450262737e5490ea88fbe03ba64ad8ce3c8,geometry_alpha_0p200,0.2,,
geometry_alpha_0p200,alpha_blend,False,0.35,0.7700865444814363,0.7198302001212856,0.6706214689265537,0.9849350649350649,1649,29,387,1187,0.6999077479675432,0.5643690820128695,0.5168235528796601,f684821bbd9cfb438953609125b5b7ae61e5c3d042733b92f13ed3b7ea746baa,b06f50bfbd37df86d3ef89aef941bd8522f7355e911cd58c9ea24476cab6e1ab,geometry_alpha_0p200,0.2,,
geometry_alpha_0p200,alpha_blend,False,0.4,0.7725474473642318,0.7516339869281046,0.6497175141242938,0.9864935064935065,1530,26,318,1150,0.6999077479675432,0.5643690820128695,0.5168235528796601,f684821bbd9cfb438953609125b5b7ae61e5c3d042733b92f13ed3b7ea746baa,3281ed6c62c61706f2bdcd511f550eddfdc94000220309d9344165241e8973f5,geometry_alpha_0p200,0.2,,
geometry_alpha_0p200,alpha_blend,False,0.5,0.7706145685082157,0.8168582375478928,0.6022598870056497,0.9916883116883117,1305,16,197,1066,0.6999077479675432,0.5643690820128695,0.5168235528796601,f684821bbd9cfb438953609125b5b7ae61e5c3d042733b92f13ed3b7ea746baa,15ca7e24f4db891229e3162627e0263844cf8839063253454f09b48101b3e1c6,geometry_alpha_0p200,0.2,,
geometry_alpha_0p200,alpha_blend,False,0.530373028827701,0.7667057895939863,0.8289578361177407,0.5887005649717514,0.9922077922077922,1257,15,174,1042,0.6999077479675432,0.5643690820128695,0.5168235528796601,f684821bbd9cfb438953609125b5b7ae61e5c3d042733b92f13ed3b7ea746baa,0f16eddb8dc4b0a1027e2daf1df3825edb6f0dc2abb94f53b5345b96ee143ccd,geometry_alpha_0p200,0.2,,
geometry_alpha_0p200,alpha_blend,False,0.6,0.7550109402222371,0.8682101513802315,0.5508474576271186,0.9937662337662337,1123,12,116,975,0.6999077479675432,0.5643690820128695,0.5168235528796601,f684821bbd9cfb438953609125b5b7ae61e5c3d042733b92f13ed3b7ea746baa,fcf484266264fdf45d242c8b142a127d15e2cef819704670489a289d4ba3434c,geometry_alpha_0p200,0.2,,
geometry_alpha_0p200,alpha_blend,False,0.7,0.7094636767165714,0.9065217391304348,0.4711864406779661,0.9968831168831169,920,6,68,834,0.6999077479675432,0.5643690820128695,0.5168235528796601,f684821bbd9cfb438953609125b5b7ae61e5c3d042733b92f13ed3b7ea746baa,17affa6f736d00fc51a8967251a3f2f45f0a2112ab6957fd5ad5b6531b1d5a10,geometry_alpha_0p200,0.2,,
geometry_alpha_0p200,alpha_blend,False,0.8,0.6410134404337023,0.953257790368272,0.38022598870056495,0.9989610389610389,706,2,25,673,0.6999077479675432,0.5643690820128695,0.5168235528796601,f684821bbd9cfb438953609125b5b7ae61e5c3d042733b92f13ed3b7ea746baa,5b1956d57fe6db789a725f8d3b991b12ad4c5ed6139139e956e6a718a2e68afc,geometry_alpha_0p200,0.2,,
geometry_alpha_0p200,alpha_blend,False,0.8309364251002682,0.6048648168881179,0.9634340222575517,0.3423728813559322,0.9989610389610389,629,2,17,606,0.6999077479675432,0.5643690820128695,0.5168235528796601,f684821bbd9cfb438953609125b5b7ae61e5c3d042733b92f13ed3b7ea746baa,e16df6828e646144ead2ca48cead3b5f031f5699aefdbc70d92a81e341a553af,geometry_alpha_0p200,0.2,,
geometry_alpha_0p200,alpha_blend,False,0.9,0.46485436893203885,0.9827586206896551,0.22542372881355932,1.0,406,0,5,399,0.6999077479675432,0.5643690820128695,0.5168235528796601,f684821bbd9cfb438953609125b5b7ae61e5c3d042733b92f13ed3b7ea746baa,2966b6802efcace5942b9db4d89a807aa177b8a9638173002a8a6acc437e3031,geometry_alpha_0p200,0.2,,
geometry_alpha_0p200,alpha_blend,False,0.9835601855021895,0.001693002257336343,1.0,0.0005649717514124294,1.0,1,0,0,1,0.6999077479675432,0.5643690820128695,0.5168235528796601,f684821bbd9cfb438953609125b5b7ae61e5c3d042733b92f13ed3b7ea746baa,3bc84dbea1efbb2ed1e12876be81779c7cc248038773b482c76aa917a6211173,geometry_alpha_0p200,0.2,,
geometry_alpha_0p400,alpha_blend,False,0.008868881040815763,0.34163078775188566,0.1584809589477034,0.8440677966101695,0.7771428571428571,9427,429,7207,1494,0.6725282868781441,0.5370190168831851,0.4945884574916965,1e8873c1a3051a750e2f233c08d088416dae0f56e42d0a5d3fff09732e9c1bc6,1738abf7e12cb962e1b0e18a5a4fbc638412faa1604be124abc67884f18eed38,geometry_alpha_0p400,0.4,,
geometry_alpha_0p400,alpha_blend,False,0.028705932883928025,0.45244215587817616,0.2345266507557677,0.8327683615819209,0.8576623376623377,6285,274,4339,1474,0.6725282868781441,0.5370190168831851,0.4945884574916965,1e8873c1a3051a750e2f233c08d088416dae0f56e42d0a5d3fff09732e9c1bc6,6e793202a3d6a850c0622cb2516e7fe718b7e1dc75836f901470024432dade14,geometry_alpha_0p400,0.4,,
geometry_alpha_0p400,alpha_blend,False,0.05,0.5337778441695087,0.30371297455152274,0.8225988700564971,0.8992207792207793,4794,194,2991,1456,0.6725282868781441,0.5370190168831851,0.4945884574916965,1e8873c1a3051a750e2f233c08d088416dae0f56e42d0a5d3fff09732e9c1bc6,6d6af215246be2b5c80a661e5facb0b13328bb294b4b7c46011d05ce003bdddb,geometry_alpha_0p400,0.4,,
geometry_alpha_0p400,alpha_blend,False,0.08202141039212517,0.605432094882792,0.3781490320869796,0.8056497175141243,0.935064935064935,3771,125,2103,1426,0.6725282868781441,0.5370190168831851,0.4945884574916965,1e8873c1a3051a750e2f233c08d088416dae0f56e42d0a5d3fff09732e9c1bc6,01d859bfb17f24c7130268eef06dbf722821b21cc9e6c29d97b890f7503269f1,geometry_alpha_0p400,0.4,,
geometry_alpha_0p400,alpha_blend,False,0.1,0.6298488853166814,0.4079515989628349,0.8,0.9418181818181818,3471,112,1834,1416,0.6725282868781441,0.5370190168831851,0.4945884574916965,1e8873c1a3051a750e2f233c08d088416dae0f56e42d0a5d3fff09732e9c1bc6,d6da8b41b8b9e5dc634b1f87a09ff79586a1380b918fd14c1e8d2a23169c5eb8,geometry_alpha_0p400,0.4,,
geometry_alpha_0p400,alpha_blend,False,0.15,0.6727117955984955,0.46799191374663074,0.7847457627118644,0.9537662337662338,2968,89,1399,1389,0.6725282868781441,0.5370190168831851,0.4945884574916965,1e8873c1a3051a750e2f233c08d088416dae0f56e42d0a5d3fff09732e9c1bc6,0751e75b91e3ef1a196899029962bd5071b9dcfc22fc5f2c154fab2e75851d70,geometry_alpha_0p400,0.4,,
geometry_alpha_0p400,alpha_blend,False,0.2,0.7033833228817238,0.5199081163859112,0.7672316384180791,0.9631168831168831,2612,71,1105,1358,0.6725282868781441,0.5370190168831851,0.4945884574916965,1e8873c1a3051a750e2f233c08d088416dae0f56e42d0a5d3fff09732e9c1bc6,adb7da39544cedf3556e2447f4df2e4dc392b038f99f47d839c97384ab5bd3b1,geometry_alpha_0p400,0.4,,
geometry_alpha_0p400,alpha_blend,False,0.21691101709651883,0.7084914726837138,0.5326173428798727,0.7564971751412429,0.9662337662337662,2514,65,1034,1339,0.6725282868781441,0.5370190168831851,0.4945884574916965,1e8873c1a3051a750e2f233c08d088416dae0f56e42d0a5d3fff09732e9c1bc6,87f1b8be40afae2da4340b2e4df978cae3c685d4ad5128556f21d99aea1f5c93,geometry_alpha_0p400,0.4,,
geometry_alpha_0p400,alpha_blend,False,0.25,0.7252440639339719,0.5653846153846154,0.747457627118644,0.9709090909090909,2340,56,897,1323,0.6725282868781441,0.5370190168831851,0.4945884574916965,1e8873c1a3051a750e2f233c08d088416dae0f56e42d0a5d3fff09732e9c1bc6,36a8a2da8c47b41b5a7c1a5ea4980b73b442e7e4e2eaee8214e56fd0c06a6f91,geometry_alpha_0p400,0.4,,
geometry_alpha_0p400,alpha_blend,False,0.3,0.7427904918955879,0.6061739943872778,0.7322033898305085,0.9771428571428571,2138,44,741,1296,0.6725282868781441,0.5370190168831851,0.4945884574916965,1e8873c1a3051a750e2f233c08d088416dae0f56e42d0a5d3fff09732e9c1bc6,6f1b34881b513460d4e50d43578801ccfe5b4fb6c12e5395b1ceb5d12a4e8b2b,geometry_alpha_0p400,0.4,,
geometry_alpha_0p400,alpha_blend,False,0.35,0.7559598328964806,0.6450790413054563,0.7146892655367232,0.9812987012987013,1961,36,606,1265,0.6725282868781441,0.5370190168831851,0.4945884574916965,1e8873c1a3051a750e2f233c08d088416dae0f56e42d0a5d3fff09732e9c1bc6,1f73938caf4cb6d101140e7260ac10f5e71f66495c9ba3a0a3223de83527b702,geometry_alpha_0p400,0.4,,
geometry_alpha_0p400,alpha_blend,False,0.4,0.7611579959406046,0.6770083102493075,0.6903954802259887,0.9844155844155844,1805,30,505,1222,0.6725282868781441,0.5370190168831851,0.4945884574916965,1e8873c1a3051a750e2f233c08d088416dae0f56e42d0a5d3fff09732e9c1bc6,8880933ef96c1460e42e282a0cdf7bc296dd3863ec76f36b1c9153b8f887a05a,geometry_alpha_0p400,0.4,,
geometry_alpha_0p400,alpha_blend,False,0.5,0.774464728287425,0.7537557152188112,0.6519774011299435,0.987012987012987,1531,25,317,1154,0.6725282868781441,0.5370190168831851,0.4945884574916965,1e8873c1a3051a750e2f233c08d088416dae0f56e42d0a5d3fff09732e9c1bc6,38b652e26f37c1c3e7cd33875cbb36a418be203dd088244faeb7c09b7aa40012,geometry_alpha_0p400,0.4,,
geometry_alpha_0p400,alpha_blend,False,0.6,0.7717901666635139,0.8183908045977012,0.6033898305084746,0.9922077922077922,1305,15,195,1068,0.6725282868781441,0.5370190168831851,0.4945884574916965,1e8873c1a3051a750e2f233c08d088416dae0f56e42d0a5d3fff09732e9c1bc6,ee59ea224682fe315e057fea4263a95a4b124d894c6539f729e6e48d8bdb3d9f,geometry_alpha_0p400,0.4,,
geometry_alpha_0p400,alpha_blend,False,0.6199450224311651,0.7656126944319894,0.8273667462211615,0.5875706214689266,0.9922077922077922,1257,15,177,1040,0.6725282868781441,0.5370190168831851,0.4945884574916965,1e8873c1a3051a750e2f233c08d088416dae0f56e42d0a5d3fff09732e9c1bc6,ef0a96aa3042813113f67eb47bd4ace2752fa357ebc5e9c5ec7216b953e31980,geometry_alpha_0p400,0.4,,
geometry_alpha_0p400,alpha_blend,False,0.7,0.7451718494271686,0.8762790697674419,0.5322033898305085,0.9942857142857143,1075,11,103,942,0.6725282868781441,0.5370190168831851,0.4945884574916965,1e8873c1a3051a750e2f233c08d088416dae0f56e42d0a5d3fff09732e9c1bc6,83528a90a44833bf26485bea84768a536bc11fca3e7fc0cbcc3775998be0ebd2,geometry_alpha_0p400,0.4,,
geometry_alpha_0p400,alpha_blend,False,0.8,0.6876971143383045,0.9260143198090692,0.4384180790960452,0.9984415584415585,838,3,50,776,0.6725282868781441,0.5370190168831851,0.4945884574916965,1e8873c1a3051a750e2f233c08d088416dae0f56e42d0a5d3fff09732e9c1bc6,ef3c52c572b45e3f5fa808ec74eb77c197dbe88c6c7380df794b15a12ed8ebfe,geometry_alpha_0p400,0.4,,
geometry_alpha_0p400,alpha_blend,False,0.8691656589065351,0.6056612251788039,0.9650238473767886,0.34293785310734465,0.9989610389610389,629,2,16,607,0.6725282868781441,0.5370190168831851,0.4945884574916965,1e8873c1a3051a750e2f233c08d088416dae0f56e42d0a5d3fff09732e9c1bc6,f26ff99540a5cc9179e647811722cea7a2037ad8be0b791da3796bf7c1771e1f,geometry_alpha_0p400,0.4,,
geometry_alpha_0p400,alpha_blend,False,0.9,0.5356645692967313,0.9763313609467456,0.2796610169491525,0.9994805194805195,507,1,9,495,0.6725282868781441,0.5370190168831851,0.4945884574916965,1e8873c1a3051a750e2f233c08d088416dae0f56e42d0a5d3fff09732e9c1bc6,60600976b5ef3ce56bcbaf19f453460ad7b90a287748314bc425e6632103fd33,geometry_alpha_0p400,0.4,,
geometry_alpha_0p400,alpha_blend,False,0.9873801685774686,0.001693002257336343,1.0,0.0005649717514124294,1.0,1,0,0,1,0.6725282868781441,0.5370190168831851,0.4945884574916965,1e8873c1a3051a750e2f233c08d088416dae0f56e42d0a5d3fff09732e9c1bc6,3bc84dbea1efbb2ed1e12876be81779c7cc248038773b482c76aa917a6211173,geometry_alpha_0p400,0.4,,
geometry_alpha_0p600,alpha_blend,False,0.01085978782077883,0.34206259963788593,0.1584809589477034,0.8440677966101695,0.7838961038961039,9427,416,7227,1494,0.6660875163841051,0.5320374781580549,0.48864261976918266,a2834f8de632211acdd30b1ee3acfc1eebe70bc349e125f6fb9d0cdb20efbfdb,f17f9b16a6ee51d58c39b72cdca63bd4453218c48ff1cf240a1b7fabf5682547,geometry_alpha_0p600,0.6,,
geometry_alpha_0p600,alpha_blend,False,0.038987457948658516,0.4522384508551541,0.23389021479713604,0.8305084745762712,0.8664935064935064,6285,257,4374,1470,0.6660875163841051,0.5320374781580549,0.48864261976918266,a2834f8de632211acdd30b1ee3acfc1eebe70bc349e125f6fb9d0cdb20efbfdb,500e6c929eb3b130ab0e278e3158138c0a609d10016dacd9445a9fdc51eb6a1e,geometry_alpha_0p600,0.6,,
geometry_alpha_0p600,alpha_blend,False,0.05,0.48970172311754273,0.26424963924963923,0.827683615819209,0.882077922077922,5544,227,3688,1465,0.6660875163841051,0.5320374781580549,0.48864261976918266,a2834f8de632211acdd30b1ee3acfc1eebe70bc349e125f6fb9d0cdb20efbfdb,5b2cae31af4ed7ee3a93dffa5addd9345ecaeebff9563bb16a528d227033c189,geometry_alpha_0p600,0.6,,
geometry_alpha_0p600,alpha_blend,False,0.1,0.5920694081285783,0.362421185372005,0.811864406779661,0.9293506493506494,3965,136,2280,1437,0.6660875163841051,0.5320374781580549,0.48864261976918266,a2834f8de632211acdd30b1ee3acfc1eebe70bc349e125f6fb9d0cdb20efbfdb,8d0814b557577e4dc277527943f2ca235fe4836898d344e2e3c665bc94532b8e,geometry_alpha_0p600,0.6,,
geometry_alpha_0p600,alpha_blend,False,0.11035700074658246,0.6057219621609394,0.3781490320869796,0.8056497175141243,0.9371428571428572,3771,121,2115,1426,0.6660875163841051,0.5320374781580549,0.48864261976918266,a2834f8de632211acdd30b1ee3acfc1eebe70bc349e125f6fb9d0cdb20efbfdb,1861c83184af86bf9d07a10e45c84e511609cda7b7e88a431d774e4bf0824936,geometry_alpha_0p600,0.6,,
geometry_alpha_0p600,alpha_blend,False,0.15,0.642962870184651,0.4254093389933293,0.7926553672316384,0.9490909090909091,3298,98,1699,1403,0.6660875163841051,0.5320374781580549,0.48864261976918266,a2834f8de632211acdd30b1ee3acfc1eebe70bc349e125f6fb9d0cdb20efbfdb,91ee430ba3276c027ce010bcfa495fadc37f24bb2d4d68531b13b5ca63dcd8e7,geometry_alpha_0p600,0.6,,
geometry_alpha_0p600,alpha_blend,False,0.2,0.6729577661880594,0.4700068166325835,0.7790960451977401,0.9553246753246754,2934,86,1382,1379,0.6660875163841051,0.5320374781580549,0.48864261976918266,a2834f8de632211acdd30b1ee3acfc1eebe70bc349e125f6fb9d0cdb20efbfdb,83dbdff96832915c7932c54d98389bbbd99fe897d01eb869bd780699bdafd138,geometry_alpha_0p600,0.6,,
geometry_alpha_0p600,alpha_blend,False,0.25,0.6961190389762975,0.507451564828614,0.7694915254237288,0.9620779220779221,2684,73,1173,1362,0.6660875163841051,0.5320374781580549,0.48864261976918266,a2834f8de632211acdd30b1ee3acfc1eebe70bc349e125f6fb9d0cdb20efbfdb,480341d9615f4592701298d8879ba2f43ff95dd961098f16a301548c11833fa4,geometry_alpha_0p600,0.6,,
geometry_alpha_0p600,alpha_blend,False,0.28598828747967237,0.7100632564416941,0.5338106603023071,0.7581920903954802,0.9683116883116883,2514,61,1039,1342,0.6660875163841051,0.5320374781580549,0.48864261976918266,a2834f8de632211acdd30b1ee3acfc1eebe70bc349e125f6fb9d0cdb20efbfdb,fb27d5d55e9f1d11507a213ff7c85850d20c63686d8a41f72e1c959e744f7a9a,geometry_alpha_0p600,0.6,,
geometry_alpha_0p600,alpha_blend,False,0.3,0.7128154990168156,0.5407707910750507,0.7531073446327684,0.9693506493506494,2465,59,1003,1333,0.6660875163841051,0.5320374781580549,0.48864261976918266,a2834f8de632211acdd30b1ee3acfc1eebe70bc349e125f6fb9d0cdb20efbfdb,dcdf500a630d9277ed6b4db1c5403fdd79eb4168c1fb6d130c4e3cb2a571c766,geometry_alpha_0p600,0.6,,
geometry_alpha_0p600,alpha_blend,False,0.35,0.7298884240275623,0.5777385159010601,0.7389830508474576,0.9745454545454545,2264,49,847,1308,0.6660875163841051,0.5320374781580549,0.48864261976918266,a2834f8de632211acdd30b1ee3acfc1eebe70bc349e125f6fb9d0cdb20efbfdb,9e0b3b5edfbae2d915f7a0f7326fde8e94795d0edb91ac49e1a13a4bcb8b8313,geometry_alpha_0p600,0.6,,
geometry_alpha_0p600,alpha_blend,False,0.4,0.7425328656723861,0.611376673040153,0.7225988700564971,0.9797402597402597,2092,39,721,1279,0.6660875163841051,0.5320374781580549,0.48864261976918266,a2834f8de632211acdd30b1ee3acfc1eebe70bc349e125f6fb9d0cdb20efbfdb,5a688be293877ef1002b48f0d74ce1616163fef145bf104677d45a66a56ffd58,geometry_alpha_0p600,0.6,,
geometry_alpha_0p600,alpha_blend,False,0.5,0.7590804455145879,0.6736609607951408,0.6892655367231638,0.9833766233766233,1811,32,512,1220,0.6660875163841051,0.5320374781580549,0.48864261976918266,a2834f8de632211acdd30b1ee3acfc1eebe70bc349e125f6fb9d0cdb20efbfdb,2e38ebd30df90c97a063042d2f5b50c55109141217e04762483075e606a7869c,geometry_alpha_0p600,0.6,,
geometry_alpha_0p600,alpha_blend,False,0.6,0.772302870022624,0.746606334841629,0.652542372881356,0.9875324675324675,1547,24,333,1155,0.6660875163841051,0.5320374781580549,0.48864261976918266,a2834f8de632211acdd30b1ee3acfc1eebe70bc349e125f6fb9d0cdb20efbfdb,138b04c3b969946fccaece36c550e0adf4133f2d8a4126e642d516da330cfe4d,geometry_alpha_0p600,0.6,,
geometry_alpha_0p600,alpha_blend,False,0.7,0.7650263316218465,0.8112480739599384,0.5949152542372881,0.9922077922077922,1298,15,203,1053,0.6660875163841051,0.5320374781580549,0.48864261976918266,a2834f8de632211acdd30b1ee3acfc1eebe70bc349e125f6fb9d0cdb20efbfdb,55af1accaac38d5737fb1430d505fee296ffae07d212d4de93bb8feaf26b3baa,geometry_alpha_0p600,0.6,,
geometry_alpha_0p600,alpha_blend,False,0.7130397642966969,0.7646212834619961,0.8257756563245824,0.5864406779661017,0.9927272727272727,1257,14,179,1038,0.6660875163841051,0.5320374781580549,0.48864261976918266,a2834f8de632211acdd30b1ee3acfc1eebe70bc349e125f6fb9d0cdb20efbfdb,36968d3e46e2ee6cbdbccb0b1e912ee77a94b272c9b70803ca5826c909dcf365,geometry_alpha_0p600,0.6,,
geometry_alpha_0p600,alpha_blend,False,0.8,0.732643537921582,0.8893280632411067,0.5084745762711864,0.9963636363636363,1012,7,91,900,0.6660875163841051,0.5320374781580549,0.48864261976918266,a2834f8de632211acdd30b1ee3acfc1eebe70bc349e125f6fb9d0cdb20efbfdb,c3942ec3150d3e77b2f497063fd9ceae3aea0eaa88efa52ff66390674b0e1fca,geometry_alpha_0p600,0.6,,
geometry_alpha_0p600,alpha_blend,False,0.9,0.6246210480727588,0.9610194902548725,0.36214689265536726,0.9989610389610389,667,2,20,641,0.6660875163841051,0.5320374781580549,0.48864261976918266,a2834f8de632211acdd30b1ee3acfc1eebe70bc349e125f6fb9d0cdb20efbfdb,35bdcd5f2050f264c608428c4068a38439560db1e300b6ed7c606138636a18a8,geometry_alpha_0p600,0.6,,
geometry_alpha_0p600,alpha_blend,False,0.9074870587561514,0.6048648168881179,0.9634340222575517,0.3423728813559322,0.9989610389610389,629,2,17,606,0.6660875163841051,0.5320374781580549,0.48864261976918266,a2834f8de632211acdd30b1ee3acfc1eebe70bc349e125f6fb9d0cdb20efbfdb,f474182b52ecdd28e8e6b074a0bd2c6d763fe64626851d6b68bf68abf72efe4d,geometry_alpha_0p600,0.6,,
geometry_alpha_0p600,alpha_blend,False,0.9912001516527476,0.001693002257336343,1.0,0.0005649717514124294,1.0,1,0,0,1,0.6660875163841051,0.5320374781580549,0.48864261976918266,a2834f8de632211acdd30b1ee3acfc1eebe70bc349e125f6fb9d0cdb20efbfdb,3bc84dbea1efbb2ed1e12876be81779c7cc248038773b482c76aa917a6211173,geometry_alpha_0p600,0.6,,
geometry_alpha_0p800,alpha_blend,False,0.0122366211175229,0.34225976031035205,0.1584809589477034,0.8440677966101695,0.787012987012987,9427,410,7245,1494,0.6601663605414558,0.5275925916645441,0.4832700673141259,284f694aaf1bd09be925f17d6a32ebf1ce8afcb3aca1e77dd335ca95698e6b21,6b5f4b63b6c26118fa6a4d300b3b0dd85471afbda96fae3c7384006b2d6ea143,geometry_alpha_0p800,0.8,,
geometry_alpha_0p800,alpha_blend,False,0.048956247008852524,0.4521050981007076,0.2335719968178202,0.8293785310734463,0.8706493506493507,6285,249,4391,1468,0.6601663605414558,0.5275925916645441,0.4832700673141259,284f694aaf1bd09be925f17d6a32ebf1ce8afcb3aca1e77dd335ca95698e6b21,d266879d04114c720085fae2cc1f411618f716d8a028cfc6b9a76905a9ebfbd7,geometry_alpha_0p800,0.8,,
geometry_alpha_0p800,alpha_blend,False,0.05,0.45432299003973436,0.23532242540904716,0.8288135593220339,0.8716883116883116,6234,247,4345,1467,0.6601663605414558,0.5275925916645441,0.4832700673141259,284f694aaf1bd09be925f17d6a32ebf1ce8afcb3aca1e77dd335ca95698e6b21,69b97cbfe37ae15c74e323671c8d9a8b5aae1c7cf8c34fed47d0e9758e64faa2,geometry_alpha_0p800,0.8,,
geometry_alpha_0p800,alpha_blend,False,0.1,0.555805035070638,0.32470747074707473,0.8152542372881356,0.9163636363636364,4444,161,2712,1443,0.6601663605414558,0.5275925916645441,0.4832700673141259,284f694aaf1bd09be925f17d6a32ebf1ce8afcb3aca1e77dd335ca95698e6b21,d4ca632ab52f84c09e775fe9485776768f86e371d6b251c292e53e8d2eaf8772,geometry_alpha_0p800,0.8,,
geometry_alpha_0p800,alpha_blend,False,0.13819541620901937,0.6050552540581247,0.37761866878811984,0.8045197740112995,0.9371428571428572,3771,121,2119,1424,0.6601663605414558,0.5275925916645441,0.4832700673141259,284f694aaf1bd09be925f17d6a32ebf1ce8afcb3aca1e77dd335ca95698e6b21,24b087d3ddd8b8ba5c6b9f7c3bea480c4c3343da7cb5cd4b1f4209baf3277e07,geometry_alpha_0p800,0.8,,
geometry_alpha_0p800,alpha_blend,False,0.15,0.614927158362011,0.3897605284888522,0.8,0.9407792207792208,3633,114,1999,1416,0.6601663605414558,0.5275925916645441,0.4832700673141259,284f694aaf1bd09be925f17d6a32ebf1ce8afcb3aca1e77dd335ca95698e6b21,f4cee1b49dd15ad20727dc1dd01b5ebd03ee5d04ff3c1dbba3cbc5e07d42b9ed,geometry_alpha_0p800,0.8,,
geometry_alpha_0p800,alpha_blend,False,0.2,0.648579266092315,0.4342269326683292,0.7870056497175141,0.9506493506493506,3208,95,1627,1393,0.6601663605414558,0.5275925916645441,0.4832700673141259,284f694aaf1bd09be925f17d6a32ebf1ce8afcb3aca1e77dd335ca95698e6b21,8eeb79d573a597af76e492353f84646f2eea47b1263ee26cb5c9e597d6b5f1c4,geometry_alpha_0p800,0.8,,
geometry_alpha_0p800,alpha_blend,False,0.25,0.6718369450706301,0.46898432174505794,0.7774011299435029,0.9553246753246754,2934,86,1387,1376,0.6601663605414558,0.5275925916645441,0.4832700673141259,284f694aaf1bd09be925f17d6a32ebf1ce8afcb3aca1e77dd335ca95698e6b21,f1a846d5377d9659775ea3402d560c7ff8fa6c826ea5aa50ff3e9af0cfcf8bc7,geometry_alpha_0p800,0.8,,
geometry_alpha_0p800,alpha_blend,False,0.3,0.6915086023000427,0.5007369196757553,0.7677966101694915,0.9625974025974026,2714,72,1207,1359,0.6601663605414558,0.5275925916645441,0.4832700673141259,284f694aaf1bd09be925f17d6a32ebf1ce8afcb3aca1e77dd335ca95698e6b21,132f62f0971dd3f9f9883ce7bd530b0e57d46638a26260022e7c92d02c0e27b7,geometry_alpha_0p800,0.8,,
geometry_alpha_0p800,alpha_blend,False,0.35,0.7076162524392908,0.5303210463733651,0.7559322033898305,0.9698701298701299,2523,58,1057,1338,0.6601663605414558,0.5275925916645441,0.4832700673141259,284f694aaf1bd09be925f17d6a32ebf1ce8afcb3aca1e77dd335ca95698e6b21,bdf17fc4938866f450ce08136d539a463d46485604801e61931ae5f9bd85cda2,geometry_alpha_0p800,0.8,,
geometry_alpha_0p800,alpha_blend,False,0.3539089689582278,0.7079390896599329,0.5314240254574384,0.7548022598870057,0.9698701298701299,2514,58,1050,1336,0.6601663605414558,0.5275925916645441,0.4832700673141259,284f694aaf1bd09be925f17d6a32ebf1ce8afcb3aca1e77dd335ca95698e6b21,12e431871cfb815c4e1912c09afd763c20af03183fd7a60b298288481a8391fa,geometry_alpha_0p800,0.8,,
geometry_alpha_0p800,alpha_blend,False,0.4,0.720181331939911,0.5579126007636827,0.7429378531073446,0.9735064935064935,2357,51,928,1315,0.6601663605414558,0.5275925916645441,0.4832700673141259,284f694aaf1bd09be925f17d6a32ebf1ce8afcb3aca1e77dd335ca95698e6b21,330530a6e8cfb3dfb89fcc73a619ab42a0fd431ba942be8753a1d79ac2faebf3,geometry_alpha_0p800,0.8,,
geometry_alpha_0p800,alpha_blend,False,0.5,0.7420671713391694,0.6149369544131911,0.7163841807909604,0.9797402597402597,2062,39,702,1268,0.6601663605414558,0.5275925916645441,0.4832700673141259,284f694aaf1bd09be925f17d6a32ebf1ce8afcb3aca1e77dd335ca95698e6b21,a834f01d33cf0fcadade77c42c4b3cd59336a40bfd42b9a34fdc6cf0d61b4596,geometry_alpha_0p800,0.8,,
geometry_alpha_0p800,alpha_blend,False,0.6,0.7582681732037335,0.6731194690265486,0.6875706214689266,0.9838961038961039,1808,31,514,1217,0.6601663605414558,0.5275925916645441,0.4832700673141259,284f694aaf1bd09be925f17d6a32ebf1ce8afcb3aca1e77dd335ca95698e6b21,4c3a854d8f99d65340922572ee798f1dd99b8eaa95b4f9c253065f46fa85001d,geometry_alpha_0p800,0.8,,
geometry_alpha_0p800,alpha_blend,False,0.7,0.7693603404307868,0.7395766516998076,0.651412429378531,0.9880519480519481,1559,23,347,1153,0.6601663605414558,0.5275925916645441,0.4832700673141259,284f694aaf1bd09be925f17d6a32ebf1ce8afcb3aca1e77dd335ca95698e6b21,7c10ccf32f0581535ded9c502b0873fcb7bf90636081f31c0b88f6a26424a6f3,geometry_alpha_0p800,0.8,,
geometry_alpha_0p800,alpha_blend,False,0.8,0.7627133095409201,0.8080185042405551,0.592090395480226,0.9932467532467533,1297,13,208,1048,0.6601663605414558,0.5275925916645441,0.4832700673141259,284f694aaf1bd09be925f17d6a32ebf1ce8afcb3aca1e77dd335ca95698e6b21,22c67f05d73c15bca21f9322bc02ffff95e825d6cc72ae2865c12e01463c7a87,geometry_alpha_0p800,0.8,,
geometry_alpha_0p800,alpha_blend,False,0.8127689616147669,0.7614331668344004,0.8210023866348448,0.5830508474576271,0.9932467532467533,1257,13,185,1032,0.6601663605414558,0.5275925916645441,0.4832700673141259,284f694aaf1bd09be925f17d6a32ebf1ce8afcb3aca1e77dd335ca95698e6b21,b3176a734d09ae348591676d3f2cb78bab56a7d8c24d76becba05018294369c0,geometry_alpha_0p800,0.8,,
geometry_alpha_0p800,alpha_blend,False,0.9,0.7108926708446703,0.910577971646674,0.4717514124293785,0.9979220779220779,917,4,66,835,0.6601663605414558,0.5275925916645441,0.4832700673141259,284f694aaf1bd09be925f17d6a32ebf1ce8afcb3aca1e77dd335ca95698e6b21,e9aac6a574e31cd45c190b18351c5fae034a2c4e0739c1d3fe857a45f14ca01b,geometry_alpha_0p800,0.8,,
geometry_alpha_0p800,alpha_blend,False,0.946858636038866,0.6064571033271741,0.9666136724960255,0.34350282485875705,0.9989610389610389,629,2,16,608,0.6601663605414558,0.5275925916645441,0.4832700673141259,284f694aaf1bd09be925f17d6a32ebf1ce8afcb3aca1e77dd335ca95698e6b21,904a927388db81aa8285c114050fb9dd1b2a70aa3901126512276af326bdf198,geometry_alpha_0p800,0.8,,
geometry_alpha_0p800,alpha_blend,False,0.995176054806171,0.001693002257336343,1.0,0.0005649717514124294,1.0,1,0,0,1,0.6601663605414558,0.5275925916645441,0.4832700673141259,284f694aaf1bd09be925f17d6a32ebf1ce8afcb3aca1e77dd335ca95698e6b21,cf56cd31fed9bc49e7fa5a748684d87a046d366f505b14523bbaf4593a3d1faa,geometry_alpha_0p800,0.8,,
geometry_alpha_1p000,alpha_blend,False,0.013459195584140143,0.34186710572412826,0.1581627240903787,0.8423728813559322,0.7901298701298701,9427,404,7269,1491,0.6375049285162491,0.5042095667355271,0.45913170506374507,99ef5f2230d792cd865c207b4cad3f806f784bd3e802b368279aac8910ca079b,101751f9dea5a219908337bfca48ec8abdead3ef9d23979a4222bfa55ca4ab95,geometry_risk_score,1.0,,
geometry_alpha_1p000,alpha_blend,False,0.05,0.43076438073208184,0.2171352863241572,0.8333333333333334,0.8628571428571429,6793,264,4874,1475,0.6375049285162491,0.5042095667355271,0.45913170506374507,99ef5f2230d792cd865c207b4cad3f806f784bd3e802b368279aac8910ca079b,9bc4c6e738f4b2939616d1649c5f7244752da44a65279363e1c55d27c7d91c8a,geometry_risk_score,1.0,,
geometry_alpha_1p000,alpha_blend,False,0.059079547377049055,0.4527322190191884,0.23373110580747813,0.8299435028248587,0.8748051948051948,6285,241,4406,1469,0.6375049285162491,0.5042095667355271,0.45913170506374507,99ef5f2230d792cd865c207b4cad3f806f784bd3e802b368279aac8910ca079b,96886b1b42fb8abb6fd293f7701a667e1ec40d7807f99b43fc9df427b9a95feb,geometry_risk_score,1.0,,
geometry_alpha_1p000,alpha_blend,False,0.1,0.5290507616441564,0.29876543209876544,0.8203389830508474,0.9054545454545455,4860,182,3096,1452,0.6375049285162491,0.5042095667355271,0.45913170506374507,99ef5f2230d792cd865c207b4cad3f806f784bd3e802b368279aac8910ca079b,abb9c3139c8216e908a5cdb1a9937eaa6f7d9cb1fed633ee3de081df618875d9,geometry_risk_score,1.0,,
geometry_alpha_1p000,alpha_blend,False,0.15,0.5881512344735013,0.35888414174415684,0.8067796610169492,0.9303896103896104,3979,134,2308,1428,0.6375049285162491,0.5042095667355271,0.45913170506374507,99ef5f2230d792cd865c207b4cad3f806f784bd3e802b368279aac8910ca079b,f365949444fea883043d9ebb6fe8381578b95f6841f9284c38f4a3d6408708c0,geometry_risk_score,1.0,,
geometry_alpha_1p000,alpha_blend,False,0.1662023630272846,0.6039104244889687,0.3768231238398303,0.8028248587570621,0.9361038961038961,3771,123,2122,1421,0.6375049285162491,0.5042095667355271,0.45913170506374507,99ef5f2230d792cd865c207b4cad3f806f784bd3e802b368279aac8910ca079b,7e2772acfa075fdbbb249621f384b75b6705bbebaa6b6be57d8b3534af3ce692,geometry_risk_score,1.0,,
geometry_alpha_1p000,alpha_blend,False,0.2,0.6273625977433281,0.40602374746597164,0.792090395480226,0.9464935064935065,3453,103,1852,1402,0.6375049285162491,0.5042095667355271,0.45913170506374507,99ef5f2230d792cd865c207b4cad3f806f784bd3e802b368279aac8910ca079b,237a42d21b2852c7e61fa4a26ebe4b6e959deb0587dd032eda1ab7aed458ebda,geometry_risk_score,1.0,,
geometry_alpha_1p000,alpha_blend,False,0.25,0.6529126609589986,0.440291415901172,0.7853107344632768,0.9522077922077922,3157,92,1584,1390,0.6375049285162491,0.5042095667355271,0.45913170506374507,99ef5f2230d792cd865c207b4cad3f806f784bd3e802b368279aac8910ca079b,963f62dc49e6b184ad13baf32b2efd8b639975ab31569c34d935cf9bf6961991,geometry_risk_score,1.0,,
geometry_alpha_1p000,alpha_blend,False,0.3,0.6700894481663714,0.4674172637325145,0.7740112994350282,0.9563636363636363,2931,84,1396,1370,0.6375049285162491,0.5042095667355271,0.45913170506374507,99ef5f2230d792cd865c207b4cad3f806f784bd3e802b368279aac8910ca079b,37d8b720b21cd24a051f7ed0b2852fdc727ac758e856bea963284a32cabaccf9,geometry_risk_score,1.0,,
geometry_alpha_1p000,alpha_blend,False,0.35,0.6870698555732804,0.49417758369723436,0.7672316384180791,0.9620779220779221,2748,73,1243,1358,0.6375049285162491,0.5042095667355271,0.45913170506374507,99ef5f2230d792cd865c207b4cad3f806f784bd3e802b368279aac8910ca079b,624342efd8e8860728dda696a6183cd37c71ba94559cccc1c0c6fee0b60abefd,geometry_risk_score,1.0,,
geometry_alpha_1p000,alpha_blend,False,0.4,0.7025344466160589,0.5209464701318852,0.7587570621468926,0.9683116883116883,2578,61,1105,1343,0.6375049285162491,0.5042095667355271,0.45913170506374507,99ef5f2230d792cd865c207b4cad3f806f784bd3e802b368279aac8910ca079b,a3fd2baf526327fe152750c0aa787d1043a271f4c52b7f6b4c9947c2126564e9,geometry_risk_score,1.0,,
geometry_alpha_1p000,alpha_blend,False,0.4190641769092683,0.7073535908541427,0.5310262529832935,0.7542372881355932,0.9688311688311688,2514,60,1052,1335,0.6375049285162491,0.5042095667355271,0.45913170506374507,99ef5f2230d792cd865c207b4cad3f806f784bd3e802b368279aac8910ca079b,c5d07e21703378664ba001699214c37e2fbc57cb6ba776cd3bdb9be0d5565999,geometry_risk_score,1.0,,
geometry_alpha_1p000,alpha_blend,False,0.5,0.7234404106060006,0.5692982456140351,0.7333333333333333,0.974025974025974,2280,50,876,1298,0.6375049285162491,0.5042095667355271,0.45913170506374507,99ef5f2230d792cd865c207b4cad3f806f784bd3e802b368279aac8910ca079b,305188be2320e2a683b72036a56d71bcfeae144ec0c2aa20d10ba50b5cfcb691,geometry_risk_score,1.0,,
geometry_alpha_1p000,alpha_blend,False,0.6,0.7433613681573901,0.6197252208047105,0.7135593220338983,0.9797402597402597,2038,39,684,1263,0.6375049285162491,0.5042095667355271,0.45913170506374507,99ef5f2230d792cd865c207b4cad3f806f784bd3e802b368279aac8910ca079b,6984a3398f097bf4a47bdecfee40944cb6af80f22034f40e0aa4e38a580f52e0,geometry_risk_score,1.0,,
geometry_alpha_1p000,alpha_blend,False,0.7,0.7564453793792113,0.6696035242290749,0.6870056497175141,0.9833766233766233,1816,32,523,1216,0.6375049285162491,0.5042095667355271,0.45913170506374507,99ef5f2230d792cd865c207b4cad3f806f784bd3e802b368279aac8910ca079b,a9c9b3ff6eee6bc467f128dbe2cdc8f9965136ffe42b4261d0765a5bed9747e5,geometry_risk_score,1.0,,
geometry_alpha_1p000,alpha_blend,False,0.8,0.7646940683420657,0.7284810126582278,0.6502824858757063,0.9875324675324675,1580,24,369,1151,0.6375049285162491,0.5042095667355271,0.45913170506374507,99ef5f2230d792cd865c207b4cad3f806f784bd3e802b368279aac8910ca079b,5b8ddbf3a3555bfff61a2cd22b936d7cd447125fe5fe2999014650b58839ac73,geometry_risk_score,1.0,,
geometry_alpha_1p000,alpha_blend,False,0.9,0.7587319904939568,0.8020030816640986,0.588135593220339,0.9932467532467533,1298,13,219,1041,0.6375049285162491,0.5042095667355271,0.45913170506374507,99ef5f2230d792cd865c207b4cad3f806f784bd3e802b368279aac8910ca079b,11ac19833a4302f0ab4d54c8ef1f77a53f03fd7f150c0d04525d78a42333eb64,geometry_risk_score,1.0,,
geometry_alpha_1p000,alpha_blend,False,0.9082754599348092,0.7542694412674136,0.8106603023070803,0.5757062146892655,0.9932467532467533,1257,13,202,1019,0.6375049285162491,0.5042095667355271,0.45913170506374507,99ef5f2230d792cd865c207b4cad3f806f784bd3e802b368279aac8910ca079b,1693376addbe5c5ec4611bd9d9a78761084cc3940401a099d071408f8761f7bd,geometry_risk_score,1.0,,
geometry_alpha_1p000,alpha_blend,False,0.9884836676884915,0.6032704077595877,0.9602543720190779,0.34124293785310733,0.9989610389610389,629,2,18,604,0.6375049285162491,0.5042095667355271,0.45913170506374507,99ef5f2230d792cd865c207b4cad3f806f784bd3e802b368279aac8910ca079b,c44234b7f864b34fb6e532afd21191e09f950e6513683753a963fafcedfee580,geometry_risk_score,1.0,,
geometry_alpha_1p000,alpha_blend,False,0.9999962091129354,0.001693002257336343,1.0,0.0005649717514124294,1.0,1,0,0,1,0.6375049285162491,0.5042095667355271,0.45913170506374507,99ef5f2230d792cd865c207b4cad3f806f784bd3e802b368279aac8910ca079b,ae9940b8dab418d220a54b5adfaa61b8ef9768d37e142e25e7b4a3559366d626,geometry_risk_score,1.0,,
class_reliability_gamma_0p250,class_scaled_raw,True,0.001945839988900608,0.3403458751518623,0.1580566458046038,0.8418079096045198,0.7693506493506493,9427,444,7100,1490,0.7031008719507358,0.5682894346237968,0.5198666723520451,2686187fe495a910d6e8289a4e5e13bd62d1e4e056a774f627eff63d8f64bf85,6fdfd5e439372602e4e8a69d09e6fa883e8370c1429bf50daedc3f604a3a05a2,class_reliability_gamma_0p250,,0.25,
class_reliability_gamma_0p250,class_scaled_raw,True,0.005539138323121383,0.45002366933651716,0.23436754176610977,0.8322033898305085,0.8348051948051948,6285,318,4223,1473,0.7031008719507358,0.5682894346237968,0.5198666723520451,2686187fe495a910d6e8289a4e5e13bd62d1e4e056a774f627eff63d8f64bf85,aeb685a613a93b71ea623df2c57a025297e9440adda7d958bc60b793c1aa9bb6,class_reliability_gamma_0p250,,0.25,
class_reliability_gamma_0p250,class_scaled_raw,True,0.023015334952842782,0.6037192757490398,0.379209758684699,0.807909604519774,0.9137662337662338,3771,166,2027,1430,0.7031008719507358,0.5682894346237968,0.5198666723520451,2686187fe495a910d6e8289a4e5e13bd62d1e4e056a774f627eff63d8f64bf85,850934238f91326f94ec32355f74c3fa18e06daa8b7f368629babc78a0f55767,class_reliability_gamma_0p250,,0.25,
class_reliability_gamma_0p250,class_scaled_raw,True,0.05,0.6781187183922105,0.47954230235783635,0.7813559322033898,0.9444155844155844,2884,107,1291,1383,0.7031008719507358,0.5682894346237968,0.5198666723520451,2686187fe495a910d6e8289a4e5e13bd62d1e4e056a774f627eff63d8f64bf85,c58528738b9bb35ba8f55ff9ba7aecfcb1a04b2b2a1e14cd209baef0b993e932,class_reliability_gamma_0p250,,0.25,
class_reliability_gamma_0p250,class_scaled_raw,True,0.07845503508228929,0.7111712834029147,0.5369928400954654,0.7627118644067796,0.9568831168831169,2514,83,1000,1350,0.7031008719507358,0.5682894346237968,0.5198666723520451,2686187fe495a910d6e8289a4e5e13bd62d1e4e056a774f627eff63d8f64bf85,0623a9d768ffa9c16a3fe3297409885d9c0a1023d58688b914c161521cdd0bad,class_reliability_gamma_0p250,,0.25,
class_reliability_gamma_0p250,class_scaled_raw,True,0.1,0.7305480551985408,0.5762049500651324,0.7497175141242938,0.9641558441558442,2303,69,831,1327,0.7031008719507358,0.5682894346237968,0.5198666723520451,2686187fe495a910d6e8289a4e5e13bd62d1e4e056a774f627eff63d8f64bf85,68660471f96c0e319712be476e95c2da6b58954753ecc792150d4aadf60fdea8,class_reliability_gamma_0p250,,0.25,
class_reliability_gamma_0p250,class_scaled_raw,True,0.15,0.7537708112054501,0.6369521912350598,0.7225988700564971,0.9745454545454545,2008,49,618,1279,0.7031008719507358,0.5682894346237968,0.5198666723520451,2686187fe495a910d6e8289a4e5e13bd62d1e4e056a774f627eff63d8f64bf85,315543513c463436a3c2cbce6e5dbbb3a516bcdf37acc3e222982283cc266dd2,class_reliability_gamma_0p250,,0.25,
class_reliability_gamma_0p250,class_scaled_raw,True,0.2,0.764510933172648,0.6858902575587906,0.692090395480226,0.9792207792207792,1786,40,471,1225,0.7031008719507358,0.5682894346237968,0.5198666723520451,2686187fe495a910d6e8289a4e5e13bd62d1e4e056a774f627eff63d8f64bf85,e09bbe658271d17f2b35557b52bfa3767cf60075d8fdd616a37d6f92df2669d0,class_reliability_gamma_0p250,,0.25,
class_reliability_gamma_0p250,class_scaled_raw,True,0.25,0.7697824914387347,0.724095646842428,0.6672316384180791,0.9828571428571429,1631,33,374,1181,0.7031008719507358,0.5682894346237968,0.5198666723520451,2686187fe495a910d6e8289a4e5e13bd62d1e4e056a774f627eff63d8f64bf85,87619b25151b26b7fbe7db76c29b3863af3e462e4174412382c752f2b4b6bb07,class_reliability_gamma_0p250,,0.25,
class_reliability_gamma_0p250,class_scaled_raw,True,0.3,0.7727896020532736,0.7606951871657754,0.6429378531073446,0.9880519480519481,1496,23,297,1138,0.7031008719507358,0.5682894346237968,0.5198666723520451,2686187fe495a910d6e8289a4e5e13bd62d1e4e056a774f627eff63d8f64bf85,b440ac868ab86a9db0c69687812d41cf2e42a7419424939061f8541eea9d3986,class_reliability_gamma_0p250,,0.25,
class_reliability_gamma_0p250,class_scaled_raw,True,0.35,0.7723428235698769,0.7922077922077922,0.6203389830508474,0.9901298701298701,1386,19,239,1098,0.7031008719507358,0.5682894346237968,0.5198666723520451,2686187fe495a910d6e8289a4e5e13bd62d1e4e056a774f627eff63d8f64bf85,2aa9fdff8a0997b8786e08ec2e46582ca4b8c84c23ee6c63843ed36fbf1493d6,class_reliability_gamma_0p250,,0.25,
class_reliability_gamma_0p250,class_scaled_raw,True,0.4,0.7689599029599629,0.8217898832684825,0.5966101694915255,0.9916883116883117,1285,16,187,1056,0.7031008719507358,0.5682894346237968,0.5198666723520451,2686187fe495a910d6e8289a4e5e13bd62d1e4e056a774f627eff63d8f64bf85,4ab72ca55786353f20ea2a0d7405450d47c834c45ba229d160fd94bea555581d,class_reliability_gamma_0p250,,0.25,
class_reliability_gamma_0p250,class_scaled_raw,True,0.41523364179641825,0.7682395296224678,0.8313444709626094,0.5903954802259888,0.9916883116883117,1257,16,170,1045,0.7031008719507358,0.5682894346237968,0.5198666723520451,2686187fe495a910d6e8289a4e5e13bd62d1e4e056a774f627eff63d8f64bf85,a80ae8c61c2e8f648a510ec78641624b64f634da3ac5a08c03d8eddc8dfb5c79,class_reliability_gamma_0p250,,0.25,
class_reliability_gamma_0p250,class_scaled_raw,True,0.5,0.751736327231563,0.8664874551971327,0.5463276836158192,0.9937662337662337,1116,12,118,967,0.7031008719507358,0.5682894346237968,0.5198666723520451,2686187fe495a910d6e8289a4e5e13bd62d1e4e056a774f627eff63d8f64bf85,8b7bb684b014f7fea79192da3cceeed69360a49617ef27601efbfdce8603534d,class_reliability_gamma_0p250,,0.25,
class_reliability_gamma_0p250,class_scaled_raw,True,0.6,0.7113366576938353,0.9032258064516129,0.4745762711864407,0.9968831168831169,930,6,72,840,0.7031008719507358,0.5682894346237968,0.5198666723520451,2686187fe495a910d6e8289a4e5e13bd62d1e4e056a774f627eff63d8f64bf85,bcd557dba218de60e595184bb190be77aee2796d4c59084672dbce963295f335,class_reliability_gamma_0p250,,0.25,
class_reliability_gamma_0p250,class_scaled_raw,True,0.7,0.6568459275917163,0.9500674763832658,0.3977401129943503,0.9994805194805195,741,1,31,704,0.7031008719507358,0.5682894346237968,0.5198666723520451,2686187fe495a910d6e8289a4e5e13bd62d1e4e056a774f627eff63d8f64bf85,1f9011ccc106690a722767e4eb2a1a6b44952d3c2eabbb7a0654b9f47561a669,class_reliability_gamma_0p250,,0.25,
class_reliability_gamma_0p250,class_scaled_raw,True,0.7561049944049375,0.6033335317743255,0.9602543720190779,0.34124293785310733,0.9994805194805195,629,1,20,604,0.7031008719507358,0.5682894346237968,0.5198666723520451,2686187fe495a910d6e8289a4e5e13bd62d1e4e056a774f627eff63d8f64bf85,78cb22cfe1cdebad7e24d86d4319bf6c0d4ef6809644074263a6f7478059d4d7,class_reliability_gamma_0p250,,0.25,
class_reliability_gamma_0p250,class_scaled_raw,True,0.8,0.5449164313759458,0.9732313575525813,0.28757062146892653,0.9994805194805195,523,1,9,509,0.7031008719507358,0.5682894346237968,0.5198666723520451,2686187fe495a910d6e8289a4e5e13bd62d1e4e056a774f627eff63d8f64bf85,828b011ec9ed752fea6192c5660c4764a825d8217516b20b7cdce868bbd9aa53,class_reliability_gamma_0p250,,0.25,
class_reliability_gamma_0p250,class_scaled_raw,True,0.9,0.29181818181818187,0.9907407407407407,0.12090395480225989,1.0,216,0,2,214,0.7031008719507358,0.5682894346237968,0.5198666723520451,2686187fe495a910d6e8289a4e5e13bd62d1e4e056a774f627eff63d8f64bf85,5c8fd4a93a94b4e090d73dca0ee7d79646591026ae5be36f8a773ce9af9b4ab6,class_reliability_gamma_0p250,,0.25,
class_reliability_gamma_0p250,class_scaled_raw,True,0.9592823221206674,0.001693002257336343,1.0,0.0005649717514124294,1.0,1,0,0,1,0.7031008719507358,0.5682894346237968,0.5198666723520451,2686187fe495a910d6e8289a4e5e13bd62d1e4e056a774f627eff63d8f64bf85,3bc84dbea1efbb2ed1e12876be81779c7cc248038773b482c76aa917a6211173,class_reliability_gamma_0p250,,0.25,
class_reliability_gamma_0p500,class_scaled_raw,True,0.0017678019987939207,0.34037974321921605,0.1580566458046038,0.8418079096045198,0.7698701298701298,9427,443,7102,1490,0.7031008719507358,0.5682894346237968,0.5198666723520451,ae00727fc151455e8215787f5cc756f45bc7d365f761c20e229f6e1e5a1b3bbe,a58349b65c60829cb87beef8b45926ccd18847d5653ca75054c6a948145721a2,class_reliability_gamma_0p500,,0.5,
class_reliability_gamma_0p500,class_scaled_raw,True,0.005080129864575537,0.4500739645673144,0.23436754176610977,0.8322033898305085,0.8353246753246754,6285,317,4227,1473,0.7031008719507358,0.5682894346237968,0.5198666723520451,ae00727fc151455e8215787f5cc756f45bc7d365f761c20e229f6e1e5a1b3bbe,1b9918e93b819aa4dfdd2029884ef201739ee0ab3d55f287e61f67f7df1d40b4,class_reliability_gamma_0p500,,0.5,
class_reliability_gamma_0p500,class_scaled_raw,True,0.021388816778681406,0.6030606651872564,0.3786793953858393,0.8067796610169492,0.9137662337662338,3771,166,2030,1428,0.7031008719507358,0.5682894346237968,0.5198666723520451,ae00727fc151455e8215787f5cc756f45bc7d365f761c20e229f6e1e5a1b3bbe,f4cab09350c3920b11f31e677cc3ba77a39d80116862fb48a9831fb5b214aa42,class_reliability_gamma_0p500,,0.5,
class_reliability_gamma_0p500,class_scaled_raw,True,0.05,0.6849071010435225,0.49023090586145646,0.7796610169491526,0.9454545454545454,2815,105,1230,1380,0.7031008719507358,0.5682894346237968,0.5198666723520451,ae00727fc151455e8215787f5cc756f45bc7d365f761c20e229f6e1e5a1b3bbe,d871734c7c71c8886d960cebc73687b8dc4f4681d3d5d3c336db72a2295bf9a6,class_reliability_gamma_0p500,,0.5,
class_reliability_gamma_0p500,class_scaled_raw,True,0.07112848520799214,0.7140268490051364,0.5393794749403341,0.7661016949152543,0.9594805194805195,2514,78,998,1356,0.7031008719507358,0.5682894346237968,0.5198666723520451,ae00727fc151455e8215787f5cc756f45bc7d365f761c20e229f6e1e5a1b3bbe,6c985d140934dfb6379fb51109202b781eabc84f556840ece78031634d8deed9,class_reliability_gamma_0p500,,0.5,
class_reliability_gamma_0p500,class_scaled_raw,True,0.1,0.7341297400475943,0.5854092526690391,0.7435028248587571,0.9677922077922078,2248,62,797,1316,0.7031008719507358,0.5682894346237968,0.5198666723520451,ae00727fc151455e8215787f5cc756f45bc7d365f761c20e229f6e1e5a1b3bbe,a6f4bb5b8e636e50d527b8299d56a7379c2c6158b4eb3310eb8bcf892a6498f4,class_reliability_gamma_0p500,,0.5,
class_reliability_gamma_0p500,class_scaled_raw,True,0.15,0.7570823928960105,0.6479591836734694,0.7175141242937854,0.9750649350649351,1960,48,584,1270,0.7031008719507358,0.5682894346237968,0.5198666723520451,ae00727fc151455e8215787f5cc756f45bc7d365f761c20e229f6e1e5a1b3bbe,f9b0eb3e245903e34459d7bb04960f75736343b529a440dca2f4b04f5f5bcc9b,class_reliability_gamma_0p500,,0.5,
class_reliability_gamma_0p500,class_scaled_raw,True,0.2,0.7661086302441781,0.6946826758147513,0.6864406779661016,0.9807792207792208,1749,37,450,1215,0.7031008719507358,0.5682894346237968,0.5198666723520451,ae00727fc151455e8215787f5cc756f45bc7d365f761c20e229f6e1e5a1b3bbe,02beb9d43fa00bf6d72c503767b5c7eee46c6161475a52d544925f5df87e44a3,class_reliability_gamma_0p500,,0.5,
class_reliability_gamma_0p500,class_scaled_raw,True,0.25,0.7686139666528584,0.7349397590361446,0.6548022598870057,0.9849350649350649,1577,29,348,1159,0.7031008719507358,0.5682894346237968,0.5198666723520451,ae00727fc151455e8215787f5cc756f45bc7d365f761c20e229f6e1e5a1b3bbe,3dee1d53d946b303531a0f6ce61d736a3430c9bc35f902b5b7fa4273eba19ba8,class_reliability_gamma_0p500,,0.5,
class_reliability_gamma_0p500,class_scaled_raw,True,0.3,0.7744967034932158,0.7784722222222222,0.6333333333333333,0.9901298701298701,1440,19,265,1121,0.7031008719507358,0.5682894346237968,0.5198666723520451,ae00727fc151455e8215787f5cc756f45bc7d365f761c20e229f6e1e5a1b3bbe,b914e490ee2d82ee605b980e3d6f8c93a74c7618966c47c72f8666b1685538d9,class_reliability_gamma_0p500,,0.5,
class_reliability_gamma_0p500,class_scaled_raw,True,0.35,0.7731654739067606,0.8071481757259866,0.6124293785310735,0.9916883116883117,1343,16,214,1084,0.7031008719507358,0.5682894346237968,0.5198666723520451,ae00727fc151455e8215787f5cc756f45bc7d365f761c20e229f6e1e5a1b3bbe,048704c0ad343b0297f8c9174cdc1274a897f20c86c7d0bf7e626795fa11344a,class_reliability_gamma_0p500,,0.5,
class_reliability_gamma_0p500,class_scaled_raw,True,0.3915513002675892,0.7683434072931578,0.8313444709626094,0.5903954802259888,0.9922077922077922,1257,15,172,1045,0.7031008719507358,0.5682894346237968,0.5198666723520451,ae00727fc151455e8215787f5cc756f45bc7d365f761c20e229f6e1e5a1b3bbe,ef1637713a92c8a5f41bd0a209a85189f0c3c04b8b18e61340196ee74781567f,class_reliability_gamma_0p500,,0.5,
class_reliability_gamma_0p500,class_scaled_raw,True,0.4,0.7660923062600371,0.83589329021827,0.584180790960452,0.9922077922077922,1237,15,164,1034,0.7031008719507358,0.5682894346237968,0.5198666723520451,ae00727fc151455e8215787f5cc756f45bc7d365f761c20e229f6e1e5a1b3bbe,6f84d147d2094d744f744c7d964e14846341bebccf48788b775550c0b2a31324,class_reliability_gamma_0p500,,0.5,
class_reliability_gamma_0p500,class_scaled_raw,True,0.5,0.7394316757208523,0.88,0.5220338983050847,0.9948051948051948,1050,10,99,924,0.7031008719507358,0.5682894346237968,0.5198666723520451,ae00727fc151455e8215787f5cc756f45bc7d365f761c20e229f6e1e5a1b3bbe,9f4496ea223d8b3257518ce4b90b8db39fc7d90291fecd5c4683b5c62119dd5c,class_reliability_gamma_0p500,,0.5,
class_reliability_gamma_0p500,class_scaled_raw,True,0.6,0.694733409216477,0.9200463499420626,0.4485875706214689,0.9979220779220779,863,4,59,794,0.7031008719507358,0.5682894346237968,0.5198666723520451,ae00727fc151455e8215787f5cc756f45bc7d365f761c20e229f6e1e5a1b3bbe,655d0067bace2e635019e756e6bffa7104e34c84a93b27a427a5130221170c11,class_reliability_gamma_0p500,,0.5,
class_reliability_gamma_0p500,class_scaled_raw,True,0.7,0.627838677318379,0.9557522123893806,0.36610169491525424,0.9994805194805195,678,1,24,648,0.7031008719507358,0.5682894346237968,0.5198666723520451,ae00727fc151455e8215787f5cc756f45bc7d365f761c20e229f6e1e5a1b3bbe,cc82d18fb142e66e14f3952e868140ed19af4227a8d276b67906541b151cd770,class_reliability_gamma_0p500,,0.5,
class_reliability_gamma_0p500,class_scaled_raw,True,0.7271137438358032,0.6017366620221296,0.9570747217806042,0.34011299435028247,0.9994805194805195,629,1,22,602,0.7031008719507358,0.5682894346237968,0.5198666723520451,ae00727fc151455e8215787f5cc756f45bc7d365f761c20e229f6e1e5a1b3bbe,4cafa7563fd53b76164c1f71cb74b0c5315a44de197349a72b4cab1101880461,class_reliability_gamma_0p500,,0.5,
class_reliability_gamma_0p500,class_scaled_raw,True,0.8,0.4986465472556585,0.9715536105032823,0.25084745762711863,0.9994805194805195,457,1,9,444,0.7031008719507358,0.5682894346237968,0.5198666723520451,ae00727fc151455e8215787f5cc756f45bc7d365f761c20e229f6e1e5a1b3bbe,02e966c94ce1cb93461991a465da11c5e1115c1b5f805a86c52c938b3644bbf9,class_reliability_gamma_0p500,,0.5,
class_reliability_gamma_0p500,class_scaled_raw,True,0.9,0.1411764705882353,0.989247311827957,0.0519774011299435,1.0,93,0,1,92,0.7031008719507358,0.5682894346237968,0.5198666723520451,ae00727fc151455e8215787f5cc756f45bc7d365f761c20e229f6e1e5a1b3bbe,5c7ab463106f33a50c664b2d227cbf0a3f6588e6792bae62c5aa5c290fd0cb67,class_reliability_gamma_0p500,,0.5,
class_reliability_gamma_0p500,class_scaled_raw,True,0.9531770348548888,0.001693002257336343,1.0,0.0005649717514124294,1.0,1,0,0,1,0.7031008719507358,0.5682894346237968,0.5198666723520451,ae00727fc151455e8215787f5cc756f45bc7d365f761c20e229f6e1e5a1b3bbe,953bc5844da66e693fabab56a53d6153b4fb0303245934a03302b21a2cb52c43,class_reliability_gamma_0p500,,0.5,
class_reliability_gamma_0p750,class_scaled_raw,True,0.0016070573080519358,0.3406083677366941,0.1581627240903787,0.8423728813559322,0.7703896103896104,9427,442,7109,1491,0.7031008719507358,0.5682894346237968,0.5198666723520451,90e58d9e245d782eed28fdcf7d6695968a62338f4c5b7fc53bdf47d0b61a69ec,984346d1bcea5960aa308bb0e6ac3b383b9afc7039364c7fbb033c2d15e66fbf,class_reliability_gamma_0p750,,0.75,
class_reliability_gamma_0p750,class_scaled_raw,True,0.004670540119006767,0.4501744012224695,0.23436754176610977,0.8322033898305085,0.8363636363636364,6285,315,4231,1473,0.7031008719507358,0.5682894346237968,0.5198666723520451,90e58d9e245d782eed28fdcf7d6695968a62338f4c5b7fc53bdf47d0b61a69ec,10d3fc86f447c476d0c4d501fa09d757e38fb9ba6bffccd4d3cd58c6ac4acad1,class_reliability_gamma_0p750,,0.75,
class_reliability_gamma_0p750,class_scaled_raw,True,0.019636837622813513,0.6027312076893165,0.37841421373640943,0.8062146892655367,0.9137662337662338,3771,166,2031,1427,0.7031008719507358,0.5682894346237968,0.5198666723520451,90e58d9e245d782eed28fdcf7d6695968a62338f4c5b7fc53bdf47d0b61a69ec,376e2ceab3dad3d428bdb028fda466d3f92edee0630cfda1dd465688d769e664,class_reliability_gamma_0p750,,0.75,
class_reliability_gamma_0p750,class_scaled_raw,True,0.05,0.6932253837772231,0.5032967032967033,0.7762711864406779,0.9501298701298702,2730,96,1164,1374,0.7031008719507358,0.5682894346237968,0.5198666723520451,90e58d9e245d782eed28fdcf7d6695968a62338f4c5b7fc53bdf47d0b61a69ec,02630454904b515dba5efa65b042a5e2cef2c43805caa87cd98b613b80ad2834,class_reliability_gamma_0p750,,0.75,
class_reliability_gamma_0p750,class_scaled_raw,True,0.06563322828762308,0.7145186886157041,0.539777247414479,0.7666666666666667,0.96,2514,77,996,1357,0.7031008719507358,0.5682894346237968,0.5198666723520451,90e58d9e245d782eed28fdcf7d6695968a62338f4c5b7fc53bdf47d0b61a69ec,c7d9feb043bf59a820e9b8947f69bfe5c803b17659e4d32a13cc79b0fb046dfd,class_reliability_gamma_0p750,,0.75,
class_reliability_gamma_0p750,class_scaled_raw,True,0.1,0.7391655032533806,0.597985347985348,0.7378531073446327,0.9698701298701299,2184,58,750,1306,0.7031008719507358,0.5682894346237968,0.5198666723520451,90e58d9e245d782eed28fdcf7d6695968a62338f4c5b7fc53bdf47d0b61a69ec,5e7514f0a5a00e7e36e505721d20745c83481b1a8d586367a4ba18399830ef13,class_reliability_gamma_0p750,,0.75,
class_reliability_gamma_0p750,class_scaled_raw,True,0.15,0.759566526460605,0.6606860158311345,0.7073446327683616,0.9781818181818182,1895,42,546,1252,0.7031008719507358,0.5682894346237968,0.5198666723520451,90e58d9e245d782eed28fdcf7d6695968a62338f4c5b7fc53bdf47d0b61a69ec,2b9004912d77d6b75fa612f3dd68b4ac13d5609972066558c8a89c6e745e7be2,class_reliability_gamma_0p750,,0.75,
class_reliability_gamma_0p750,class_scaled_raw,True,0.2,0.7659015969585345,0.7032902467685076,0.676271186440678,0.9838961038961039,1702,31,430,1197,0.7031008719507358,0.5682894346237968,0.5198666723520451,90e58d9e245d782eed28fdcf7d6695968a62338f4c5b7fc53bdf47d0b61a69ec,4e276176ca71ff6ed1afe655ea371be133a54fdf0dd169cfb595060960d96016,class_reliability_gamma_0p750,,0.75,
class_reliability_gamma_0p750,class_scaled_raw,True,0.25,0.7726153237141955,0.7541091387245233,0.6480225988700565,0.9864935064935065,1521,26,311,1147,0.7031008719507358,0.5682894346237968,0.5198666723520451,90e58d9e245d782eed28fdcf7d6695968a62338f4c5b7fc53bdf47d0b61a69ec,91b785ad5ef41308843acb7aaf2f27f912b71ddd41a10d5ad7cf9bc21b2c7267,class_reliability_gamma_0p750,,0.75,
class_reliability_gamma_0p750,class_scaled_raw,True,0.3,0.7725379033648462,0.7888332140300645,0.6225988700564972,0.9906493506493507,1397,18,246,1102,0.7031008719507358,0.5682894346237968,0.5198666723520451,90e58d9e245d782eed28fdcf7d6695968a62338f4c5b7fc53bdf47d0b61a69ec,5d8561639b045fe3cbcfda32f21a6616cebaced7fdf9c0119aec718ae6cb7285,class_reliability_gamma_0p750,,0.75,
class_reliability_gamma_0p750,class_scaled_raw,True,0.35,0.7692944269414169,0.8190255220417634,0.5983050847457627,0.9927272727272727,1293,14,193,1059,0.7031008719507358,0.5682894346237968,0.5198666723520451,90e58d9e245d782eed28fdcf7d6695968a62338f4c5b7fc53bdf47d0b61a69ec,06941c56064fa162ef45f8e7da1fe50a582763fd89f4cc1c13f7bc9a12b69cb1,class_reliability_gamma_0p750,,0.75,
class_reliability_gamma_0p750,class_scaled_raw,True,0.36507787482292003,0.7673554342631486,0.8297533810660302,0.5892655367231638,0.9927272727272727,1257,14,175,1043,0.7031008719507358,0.5682894346237968,0.5198666723520451,90e58d9e245d782eed28fdcf7d6695968a62338f4c5b7fc53bdf47d0b61a69ec,1655b23de6e15d18b10b71f2e27b41b03f6d264667d3e1a67a61960999f624ab,class_reliability_gamma_0p750,,0.75,
class_reliability_gamma_0p750,class_scaled_raw,True,0.4,0.7609618562154098,0.8464765100671141,0.5700564971751413,0.9932467532467533,1192,13,148,1009,0.7031008719507358,0.5682894346237968,0.5198666723520451,90e58d9e245d782eed28fdcf7d6695968a62338f4c5b7fc53bdf47d0b61a69ec,29b3f6b65cd48dd90f3778f8a01e008440badbd937d5520239015b4fdedcc716,class_reliability_gamma_0p750,,0.75,
class_reliability_gamma_0p750,class_scaled_raw,True,0.5,0.7246777544724702,0.8881048387096774,0.4977401129943503,0.9953246753246753,992,9,86,881,0.7031008719507358,0.5682894346237968,0.5198666723520451,90e58d9e245d782eed28fdcf7d6695968a62338f4c5b7fc53bdf47d0b61a69ec,258bbd6eca656f6b1ba8f8051d4c2f7e6710290e260ba7ff19e195914fc31e05,class_reliability_gamma_0p750,,0.75,
class_reliability_gamma_0p750,class_scaled_raw,True,0.6,0.6790559427484487,0.9222357229647631,0.4288135593220339,0.9984415584415585,823,3,55,759,0.7031008719507358,0.5682894346237968,0.5198666723520451,90e58d9e245d782eed28fdcf7d6695968a62338f4c5b7fc53bdf47d0b61a69ec,0241954155f2e177e011732bfe5536c87ffa60d7fbab5639a1dbbb2d083ec9ae,class_reliability_gamma_0p750,,0.75,
class_reliability_gamma_0p750,class_scaled_raw,True,0.6962768866130614,0.6009374283793388,0.9554848966613673,0.33954802259887007,0.9994805194805195,629,1,23,601,0.7031008719507358,0.5682894346237968,0.5198666723520451,90e58d9e245d782eed28fdcf7d6695968a62338f4c5b7fc53bdf47d0b61a69ec,e439f85b74fd1d118466bba41ecbe7f82eac9166336dfe76a3f808884a280e3b,class_reliability_gamma_0p750,,0.75,
class_reliability_gamma_0p750,class_scaled_raw,True,0.7,0.5993363580957539,0.9568,0.33785310734463275,0.9994805194805195,625,1,22,598,0.7031008719507358,0.5682894346237968,0.5198666723520451,90e58d9e245d782eed28fdcf7d6695968a62338f4c5b7fc53bdf47d0b61a69ec,74fc3d70639cf16576a165b2542ca6d70ba9da0d6242c2c6eebcc0ef39316262,class_reliability_gamma_0p750,,0.75,
class_reliability_gamma_0p750,class_scaled_raw,True,0.8,0.46624140542080184,0.980440097799511,0.22655367231638418,0.9994805194805195,409,1,5,401,0.7031008719507358,0.5682894346237968,0.5198666723520451,90e58d9e245d782eed28fdcf7d6695968a62338f4c5b7fc53bdf47d0b61a69ec,c5270915d557f18701d82f3f398598a52da7c166079533d60961229fb60c8064,class_reliability_gamma_0p750,,0.75,
class_reliability_gamma_0p750,class_scaled_raw,True,0.9,0.02990033222591362,1.0,0.010169491525423728,1.0,18,0,0,18,0.7031008719507358,0.5682894346237968,0.5198666723520451,90e58d9e245d782eed28fdcf7d6695968a62338f4c5b7fc53bdf47d0b61a69ec,22ee803cf40b54b4a4ed74be56a9be3edb31aa2e43c2a0cdf2a1e0d10fcbfcf3,class_reliability_gamma_0p750,,0.75,
class_reliability_gamma_0p750,class_scaled_raw,True,0.9531770348548888,0.001693002257336343,1.0,0.0005649717514124294,1.0,1,0,0,1,0.7031008719507358,0.5682894346237968,0.5198666723520451,90e58d9e245d782eed28fdcf7d6695968a62338f4c5b7fc53bdf47d0b61a69ec,953bc5844da66e693fabab56a53d6153b4fb0303245934a03302b21a2cb52c43,class_reliability_gamma_0p750,,0.75,
class_reliability_gamma_1p000,class_scaled_raw,True,0.0014758690280927027,0.3404811140043276,0.1580566458046038,0.8418079096045198,0.7714285714285715,9427,440,7112,1490,0.7031008719507358,0.5682894346237968,0.5198666723520451,fe441a3e7515572ecb374a08a66f3638d79f9958489e6d42db4c44ee1852ee53,1f53570a9f3405ce7941e0e20160468a3ee3b7a7b1f7913ec38c4d740981cbcb,class_reliability_gamma_1p000,,1.0,
class_reliability_gamma_1p000,class_scaled_raw,True,0.004299772771668647,0.45022454280353125,0.23436754176610977,0.8322033898305085,0.8368831168831169,6285,314,4236,1473,0.7031008719507358,0.5682894346237968,0.5198666723520451,fe441a3e7515572ecb374a08a66f3638d79f9958489e6d42db4c44ee1852ee53,929929c7cd607e81117666deec2150692101f0fbde79b97b870295f03be920f6,class_reliability_gamma_1p000,,1.0,
class_reliability_gamma_1p000,class_scaled_raw,True,0.018296158712094175,0.6031360540626155,0.3786793953858393,0.8067796610169492,0.9142857142857143,3771,165,2032,1428,0.7031008719507358,0.5682894346237968,0.5198666723520451,fe441a3e7515572ecb374a08a66f3638d79f9958489e6d42db4c44ee1852ee53,5a805a854568f7a5354e630abaf8a7cfd6d84702e23c1e53882e4c3e3802c82f,class_reliability_gamma_1p000,,1.0,
class_reliability_gamma_1p000,class_scaled_raw,True,0.05,0.7011335386158415,0.5150037509377344,0.7757062146892655,0.9542857142857143,2666,88,1112,1373,0.7031008719507358,0.5682894346237968,0.5198666723520451,fe441a3e7515572ecb374a08a66f3638d79f9958489e6d42db4c44ee1852ee53,465096f785cb1635798c2ae0daf83f58b24e46ea6233be2d47a5a6047d4eadba,class_reliability_gamma_1p000,,1.0,
class_reliability_gamma_1p000,class_scaled_raw,True,0.061174542883236024,0.7144098131458265,0.5393794749403341,0.7661016949152543,0.9615584415584415,2514,74,1000,1356,0.7031008719507358,0.5682894346237968,0.5198666723520451,fe441a3e7515572ecb374a08a66f3638d79f9958489e6d42db4c44ee1852ee53,fa3ad721753b2501cdc801989b5a03a6cab01c5c678201128eb39841d248d3b5,class_reliability_gamma_1p000,,1.0,
class_reliability_gamma_1p000,class_scaled_raw,True,0.1,0.743713453113843,0.6092870544090057,0.7338983050847457,0.9709090909090909,2132,56,710,1299,0.7031008719507358,0.5682894346237968,0.5198666723520451,fe441a3e7515572ecb374a08a66f3638d79f9958489e6d42db4c44ee1852ee53,254d56799ec71fe39b6a7653027cceffd4d101310ef2f81cb30b63ef63a1e71c,class_reliability_gamma_1p000,,1.0,
class_reliability_gamma_1p000,class_scaled_raw,True,0.15,0.7603205670688533,0.6695557963163596,0.6983050847457627,0.9802597402597403,1846,38,519,1236,0.7031008719507358,0.5682894346237968,0.5198666723520451,fe441a3e7515572ecb374a08a66f3638d79f9958489e6d42db4c44ee1852ee53,21637e9e5f97a1e4017b0035322ce2f018d1f951a2fe4265cc48417f8f5ea316,class_reliability_gamma_1p000,,1.0,
class_reliability_gamma_1p000,class_scaled_raw,True,0.2,0.7656834880633426,0.7132486388384754,0.6661016949152543,0.9854545454545455,1653,28,402,1179,0.7031008719507358,0.5682894346237968,0.5198666723520451,fe441a3e7515572ecb374a08a66f3638d79f9958489e6d42db4c44ee1852ee53,66e798374197c57950532578838ffdaaa2af4d44f8202efb63a64f16d9419742,class_reliability_gamma_1p000,,1.0,
class_reliability_gamma_1p000,class_scaled_raw,True,0.25,0.774218245391558,0.7677725118483413,0.6406779661016949,0.9885714285714285,1477,22,287,1134,0.7031008719507358,0.5682894346237968,0.5198666723520451,fe441a3e7515572ecb374a08a66f3638d79f9958489e6d42db4c44ee1852ee53,3626d833bf33a88cf1e0da863bb606ff493b53a17961c20c6b504a2e9b039830,class_reliability_gamma_1p000,,1.0,
class_reliability_gamma_1p000,class_scaled_raw,True,0.3,0.7685105855879104,0.7968980797636632,0.6096045197740113,0.9916883116883117,1354,16,230,1079,0.7031008719507358,0.5682894346237968,0.5198666723520451,fe441a3e7515572ecb374a08a66f3638d79f9958489e6d42db4c44ee1852ee53,25e0441694a907a8922ba386d846cc913d1c357891b66cbcff5eeaf5c98921a8,class_reliability_gamma_1p000,,1.0,
class_reliability_gamma_1p000,class_scaled_raw,True,0.3443484457784294,0.7652714877655132,0.8265712012728719,0.5870056497175141,0.9932467532467533,1257,13,180,1039,0.7031008719507358,0.5682894346237968,0.5198666723520451,fe441a3e7515572ecb374a08a66f3638d79f9958489e6d42db4c44ee1852ee53,ab713cd8a7551abea8a7ff7df7a35a111b38185cfea74003cbb3533ae26ecdf4,class_reliability_gamma_1p000,,1.0,
class_reliability_gamma_1p000,class_scaled_raw,True,0.35,0.7664004664472887,0.8305355715427658,0.5870056497175141,0.9932467532467533,1251,13,174,1039,0.7031008719507358,0.5682894346237968,0.5198666723520451,fe441a3e7515572ecb374a08a66f3638d79f9958489e6d42db4c44ee1852ee53,132b359863c033bbb34f86637f104ce6c1075421ae75d597b76f101476f73969,class_reliability_gamma_1p000,,1.0,
class_reliability_gamma_1p000,class_scaled_raw,True,0.4,0.7498859460425122,0.8505244755244755,0.5497175141242938,0.9942857142857143,1144,11,138,973,0.7031008719507358,0.5682894346237968,0.5198666723520451,fe441a3e7515572ecb374a08a66f3638d79f9958489e6d42db4c44ee1852ee53,0589547a971c0c83a934bf6ef268692a569f564fa8ba5f76c205ee451c1f281e,class_reliability_gamma_1p000,,1.0,
class_reliability_gamma_1p000,class_scaled_raw,True,0.5,0.7122565640058933,0.8944033790918691,0.47853107344632767,0.9958441558441559,947,8,81,847,0.7031008719507358,0.5682894346237968,0.5198666723520451,fe441a3e7515572ecb374a08a66f3638d79f9958489e6d42db4c44ee1852ee53,118434a7916eedc8f6402c7ef923400a886ee3c7fc5742129d3f416154fd70e7,class_reliability_gamma_1p000,,1.0,
class_reliability_gamma_1p000,class_scaled_raw,True,0.6,0.6608032958075053,0.9254498714652957,0.4067796610169492,0.9989610389610389,778,2,50,720,0.7031008719507358,0.5682894346237968,0.5198666723520451,fe441a3e7515572ecb374a08a66f3638d79f9958489e6d42db4c44ee1852ee53,81f7b7a4c0fce40227224ed0dacc065d49dfff42f782c21d46f2ef5a8002d0f8,class_reliability_gamma_1p000,,1.0,
class_reliability_gamma_1p000,class_scaled_raw,True,0.6742818012628393,0.6001376615148728,0.9538950715421304,0.3389830508474576,0.9994805194805195,629,1,23,600,0.7031008719507358,0.5682894346237968,0.5198666723520451,fe441a3e7515572ecb374a08a66f3638d79f9958489e6d42db4c44ee1852ee53,bcfcc967ff48e260506e23695f23064a08e569ff95fbca3da64139444662478b,class_reliability_gamma_1p000,,1.0,
class_reliability_gamma_1p000,class_scaled_raw,True,0.7,0.5781687150068667,0.9574829931972789,0.31807909604519774,0.9994805194805195,588,1,20,563,0.7031008719507358,0.5682894346237968,0.5198666723520451,fe441a3e7515572ecb374a08a66f3638d79f9958489e6d42db4c44ee1852ee53,d195ce53bd6954e40c9528defbaadfd3f7cef9e817694ef01466096005374cd3,class_reliability_gamma_1p000,,1.0,
class_reliability_gamma_1p000,class_scaled_raw,True,0.8,0.41265306122448986,0.9825072886297376,0.1903954802259887,1.0,343,0,5,337,0.7031008719507358,0.5682894346237968,0.5198666723520451,fe441a3e7515572ecb374a08a66f3638d79f9958489e6d42db4c44ee1852ee53,6ceb43a7227d1939d7d2cbbbc65be491440a805261b12e7718668c0f3d152d7a,class_reliability_gamma_1p000,,1.0,
class_reliability_gamma_1p000,class_scaled_raw,True,0.9,0.01675977653631285,1.0,0.005649717514124294,1.0,10,0,0,10,0.7031008719507358,0.5682894346237968,0.5198666723520451,fe441a3e7515572ecb374a08a66f3638d79f9958489e6d42db4c44ee1852ee53,eb9840ab88303460a03df37eaa855334b3ba7bcc23f973ceb727a98356f0c86f,class_reliability_gamma_1p000,,1.0,
class_reliability_gamma_1p000,class_scaled_raw,True,0.9531770348548888,0.001693002257336343,1.0,0.0005649717514124294,1.0,1,0,0,1,0.7031008719507358,0.5682894346237968,0.5198666723520451,fe441a3e7515572ecb374a08a66f3638d79f9958489e6d42db4c44ee1852ee53,953bc5844da66e693fabab56a53d6153b4fb0303245934a03302b21a2cb52c43,class_reliability_gamma_1p000,,1.0,
raw_light_geom_gate_0p050,light_geometry_gate,False,0.002017302868971175,0.3401511187006152,0.15795056751882888,0.8412429378531073,0.7693506493506493,9427,444,7098,1489,0.7029985502162843,0.5680104759346463,0.5196709169168812,0e506c1d506005b84af8620c54c9c464ec52483913bcb4572ac67afbbe6e7142,8e53e87b4246edd3c0677ea4094813524777bd2717750f2cc060f9158a8def78,raw_light_geom_gate_0p050,,,0.05
raw_light_geom_gate_0p050,light_geometry_gate,False,0.005785962024334008,0.4501242085031546,0.23436754176610977,0.8322033898305085,0.8358441558441558,6285,316,4228,1473,0.7029985502162843,0.5680104759346463,0.5196709169168812,0e506c1d506005b84af8620c54c9c464ec52483913bcb4572ac67afbbe6e7142,29303b040e7ee9a19a4402e13a9d9ae3d5e1eabfab996cb4cf7d9b3200a5d104,raw_light_geom_gate_0p050,,,0.05
raw_light_geom_gate_0p050,light_geometry_gate,False,0.02427532225514214,0.6036915053570368,0.3789445770352692,0.8073446327683615,0.9158441558441559,3771,162,2032,1429,0.7029985502162843,0.5680104759346463,0.5196709169168812,0e506c1d506005b84af8620c54c9c464ec52483913bcb4572ac67afbbe6e7142,b880bd984f7165a0f68c481544a8b9a21845fadd338189f73c08665896b87208,raw_light_geom_gate_0p050,,,0.05
raw_light_geom_gate_0p050,light_geometry_gate,False,0.05,0.6751934746824558,0.47452991452991455,0.784180790960452,0.9428571428571428,2925,110,1322,1388,0.7029985502162843,0.5680104759346463,0.5196709169168812,0e506c1d506005b84af8620c54c9c464ec52483913bcb4572ac67afbbe6e7142,d6712fee957578169af0ba8b3a3be6f865a41cca90226a364edaec326dd3b255,raw_light_geom_gate_0p050,,,0.05
raw_light_geom_gate_0p050,light_geometry_gate,False,0.0835020671056887,0.71097982981135,0.5369928400954654,0.7627118644067796,0.9558441558441558,2514,85,996,1350,0.7029985502162843,0.5680104759346463,0.5196709169168812,0e506c1d506005b84af8620c54c9c464ec52483913bcb4572ac67afbbe6e7142,cbc3cac1521699cda45e425849ea670c03e51b9f6258533b77ac1e11b6b57722,raw_light_geom_gate_0p050,,,0.05
raw_light_geom_gate_0p050,light_geometry_gate,False,0.1,0.7274591780389681,0.5683851725607159,0.7536723163841808,0.9636363636363636,2347,70,864,1334,0.7029985502162843,0.5680104759346463,0.5196709169168812,0e506c1d506005b84af8620c54c9c464ec52483913bcb4572ac67afbbe6e7142,82fef210d34fb9fb28ac068f01934557dca00372ae6541c3b7888ceb9edd99ff,raw_light_geom_gate_0p050,,,0.05
raw_light_geom_gate_0p050,light_geometry_gate,False,0.15,0.7500122436743876,0.6276908023483366,0.7248587570621469,0.9735064935064935,2044,51,645,1283,0.7029985502162843,0.5680104759346463,0.5196709169168812,0e506c1d506005b84af8620c54c9c464ec52483913bcb4572ac67afbbe6e7142,ba51abe4de40e236037d6acc870c1959bce03e7276f2074c1c730982235a7a79,raw_light_geom_gate_0p050,,,0.05
raw_light_geom_gate_0p050,light_geometry_gate,False,0.2,0.7619597794241982,0.675424192665572,0.6971751412429379,0.9781818181818182,1827,42,500,1234,0.7029985502162843,0.5680104759346463,0.5196709169168812,0e506c1d506005b84af8620c54c9c464ec52483913bcb4572ac67afbbe6e7142,d8e8f69f5e5616a61bd0088143e3a7d0f56f7bc81b36504067bd0a98ac048049,raw_light_geom_gate_0p050,,,0.05
raw_light_geom_gate_0p050,light_geometry_gate,False,0.25,0.7681845130840144,0.7151442307692307,0.672316384180791,0.9807792207792208,1664,37,391,1190,0.7029985502162843,0.5680104759346463,0.5196709169168812,0e506c1d506005b84af8620c54c9c464ec52483913bcb4572ac67afbbe6e7142,d89b83d9ae0f7fceb9a4bd2bc5f9df46099d9ee4f868ce769924b03fc9c6c762,raw_light_geom_gate_0p050,,,0.05
raw_light_geom_gate_0p050,light_geometry_gate,False,0.3,0.7722898659713736,0.75,0.6508474576271186,0.9854545454545455,1536,28,317,1152,0.7029985502162843,0.5680104759346463,0.5196709169168812,0e506c1d506005b84af8620c54c9c464ec52483913bcb4572ac67afbbe6e7142,d0171a3818f0d7dc1a39cd1e01342d9328eed5288376162a6c2fc10cf0e6cf89,raw_light_geom_gate_0p050,,,0.05
raw_light_geom_gate_0p050,light_geometry_gate,False,0.35,0.7731705345517146,0.7794836008374041,0.6310734463276836,0.9875324675324675,1433,24,260,1117,0.7029985502162843,0.5680104759346463,0.5196709169168812,0e506c1d506005b84af8620c54c9c464ec52483913bcb4572ac67afbbe6e7142,197bda7b65b34f083876c1f78f32bb576796a627fc64764b276df6da7abdbbf3,raw_light_geom_gate_0p050,,,0.05
raw_light_geom_gate_0p050,light_geometry_gate,False,0.4,0.7700511959293909,0.8075187969924812,0.6067796610169491,0.9906493506493507,1330,18,212,1074,0.7029985502162843,0.5680104759346463,0.5196709169168812,0e506c1d506005b84af8620c54c9c464ec52483913bcb4572ac67afbbe6e7142,dc440c6b103321244535e8af1d8713fe6817cc2852c1cfb822d4a6f20d64b783,raw_light_geom_gate_0p050,,,0.05
raw_light_geom_gate_0p050,light_geometry_gate,False,0.44123821351547204,0.7644156712885541,0.8257756563245824,0.5864406779661017,0.9916883116883117,1257,16,177,1038,0.7029985502162843,0.5680104759346463,0.5196709169168812,0e506c1d506005b84af8620c54c9c464ec52483913bcb4572ac67afbbe6e7142,ee69c753b7e93cd01929c6906e287146cb91c4788c7670c3ddbf92bfbdf6398d,raw_light_geom_gate_0p050,,,0.05
raw_light_geom_gate_0p050,light_geometry_gate,False,0.5,0.7560765259641664,0.8554112554112554,0.5581920903954802,0.9927272727272727,1155,14,131,988,0.7029985502162843,0.5680104759346463,0.5196709169168812,0e506c1d506005b84af8620c54c9c464ec52483913bcb4572ac67afbbe6e7142,eac873c4f27488145face5cf3b154b200f19592809f93cc2d8e25f641c856514,raw_light_geom_gate_0p050,,,0.05
raw_light_geom_gate_0p050,light_geometry_gate,False,0.6,0.7224433008584352,0.8866396761133604,0.49491525423728816,0.9958441558441559,988,8,88,876,0.7029985502162843,0.5680104759346463,0.5196709169168812,0e506c1d506005b84af8620c54c9c464ec52483913bcb4572ac67afbbe6e7142,41b280c320a37e197fa185eea560bb8e94895cf30008339e3eb64fbc2e9cf297,raw_light_geom_gate_0p050,,,0.05
raw_light_geom_gate_0p050,light_geometry_gate,False,0.7,0.6825107045754258,0.9304878048780488,0.43107344632768363,0.9989610389610389,820,2,48,763,0.7029985502162843,0.5680104759346463,0.5196709169168812,0e506c1d506005b84af8620c54c9c464ec52483913bcb4572ac67afbbe6e7142,6b33ef783f57a702373c224a07202926bf0c2f371ec5dc0d0b88ea0bd9ec4290,raw_light_geom_gate_0p050,,,0.05
raw_light_geom_gate_0p050,light_geometry_gate,False,0.7909035662693654,0.6056612251788039,0.9650238473767886,0.34293785310734465,0.9989610389610389,629,2,16,607,0.7029985502162843,0.5680104759346463,0.5196709169168812,0e506c1d506005b84af8620c54c9c464ec52483913bcb4572ac67afbbe6e7142,e06304ccced174396b5f67c8bc2b6a7322badb5b1da61077c8823b9a1cdfeefd,raw_light_geom_gate_0p050,,,0.05
raw_light_geom_gate_0p050,light_geometry_gate,False,0.8,0.592170495247128,0.9668874172185431,0.32994350282485874,0.9989610389610389,604,2,14,584,0.7029985502162843,0.5680104759346463,0.5196709169168812,0e506c1d506005b84af8620c54c9c464ec52483913bcb4572ac67afbbe6e7142,f3c4a9ae0aa5e78a7bda6a0c45094e294a43bbe8e164569d5b64e10b624a7422,raw_light_geom_gate_0p050,,,0.05
raw_light_geom_gate_0p050,light_geometry_gate,False,0.9,0.39385126713751556,0.9844236760124611,0.17853107344632768,1.0,321,0,4,316,0.7029985502162843,0.5680104759346463,0.5196709169168812,0e506c1d506005b84af8620c54c9c464ec52483913bcb4572ac67afbbe6e7142,fef11e2eb380bb92dee448045178c8c1adaf8a2294afd93324577d6923302b25,raw_light_geom_gate_0p050,,,0.05
raw_light_geom_gate_0p050,light_geometry_gate,False,0.9796833832660014,0.001693002257336343,1.0,0.0005649717514124294,1.0,1,0,0,1,0.7029985502162843,0.5680104759346463,0.5196709169168812,0e506c1d506005b84af8620c54c9c464ec52483913bcb4572ac67afbbe6e7142,3bc84dbea1efbb2ed1e12876be81779c7cc248038773b482c76aa917a6211173,raw_light_geom_gate_0p050,,,0.05
raw_light_geom_gate_0p100,light_geometry_gate,False,0.0019148751068856899,0.34018494801641846,0.15795056751882888,0.8412429378531073,0.7698701298701298,9427,443,7100,1489,0.7031263760404212,0.5681086787636371,0.519758205271198,4e6727f2b195c481284dab6fe25ec401174f6c7c4c2c9b7d6af8fa351de51dd7,d92d7988b109a9996dd15bb4d2b8ebc6177965201b33d7cedc1fa1b5815d1a55,raw_light_geom_gate_0p100,,,0.1
raw_light_geom_gate_0p100,light_geometry_gate,False,0.005513128972113129,0.4501242085031546,0.23436754176610977,0.8322033898305085,0.8358441558441558,6285,316,4228,1473,0.7031263760404212,0.5681086787636371,0.519758205271198,4e6727f2b195c481284dab6fe25ec401174f6c7c4c2c9b7d6af8fa351de51dd7,672253262ac1fc104f25b2ba7ad9808a5bb26924d111c98e4dee9c89cd3ce39b,raw_light_geom_gate_0p100,,,0.1
raw_light_geom_gate_0p100,light_geometry_gate,False,0.023254580278537853,0.6036915053570368,0.3789445770352692,0.8073446327683615,0.9158441558441559,3771,162,2032,1429,0.7031263760404212,0.5681086787636371,0.519758205271198,4e6727f2b195c481284dab6fe25ec401174f6c7c4c2c9b7d6af8fa351de51dd7,315825fba2bdb5f52b53a9a346e6ff9d128486bea4a7ef6f6c100e0de472c224,raw_light_geom_gate_0p100,,,0.1
raw_light_geom_gate_0p100,light_geometry_gate,False,0.05,0.6769906646178522,0.47772020725388603,0.7813559322033898,0.944935064935065,2895,106,1301,1383,0.7031263760404212,0.5681086787636371,0.519758205271198,4e6727f2b195c481284dab6fe25ec401174f6c7c4c2c9b7d6af8fa351de51dd7,a2f773a510f57223a740698910a5a8a160bba4522e3aea9d3260cf701eb599f2,raw_light_geom_gate_0p100,,,0.1
raw_light_geom_gate_0p100,light_geometry_gate,False,0.08063336195568978,0.7111712834029147,0.5369928400954654,0.7627118644067796,0.9568831168831169,2514,83,998,1350,0.7031263760404212,0.5681086787636371,0.519758205271198,4e6727f2b195c481284dab6fe25ec401174f6c7c4c2c9b7d6af8fa351de51dd7,5dccffebf6ed646fbe98614ece159903bf7f702c58da2348dddfe4c1c22182ed,raw_light_geom_gate_0p100,,,0.1
raw_light_geom_gate_0p100,light_geometry_gate,False,0.1,0.7295963375221869,0.5735865343116099,0.7508474576271187,0.9646753246753247,2317,68,843,1329,0.7031263760404212,0.5681086787636371,0.519758205271198,4e6727f2b195c481284dab6fe25ec401174f6c7c4c2c9b7d6af8fa351de51dd7,02923be3c54176942a5d5c89097f1961c8e6f3410e9202075efed0e511f2dea9,raw_light_geom_gate_0p100,,,0.1
raw_light_geom_gate_0p100,light_geometry_gate,False,0.15,0.7509089338841257,0.6312931885488647,0.7225988700564971,0.9735064935064935,2026,51,633,1279,0.7031263760404212,0.5681086787636371,0.519758205271198,4e6727f2b195c481284dab6fe25ec401174f6c7c4c2c9b7d6af8fa351de51dd7,b5f1c380f1719314c69f78247aa52a3ed6c838e2538b9dd49bf15ad47da31fc3,raw_light_geom_gate_0p100,,,0.1
raw_light_geom_gate_0p100,light_geometry_gate,False,0.2,0.7621707288232159,0.6780595369349504,0.6949152542372882,0.9781818181818182,1814,42,491,1230,0.7031263760404212,0.5681086787636371,0.519758205271198,4e6727f2b195c481284dab6fe25ec401174f6c7c4c2c9b7d6af8fa351de51dd7,f672f8a6e327a3510616575e42927e618189a9c124796d57e757a4a807ab96a7,raw_light_geom_gate_0p100,,,0.1
raw_light_geom_gate_0p100,light_geometry_gate,False,0.25,0.7686792468353983,0.7180883242589232,0.6706214689265537,0.9812987012987013,1653,36,385,1187,0.7031263760404212,0.5681086787636371,0.519758205271198,4e6727f2b195c481284dab6fe25ec401174f6c7c4c2c9b7d6af8fa351de51dd7,5cc6b1be40186d457023ff4997a53242d7e2caed470c6f25d8f26063676f04ea,raw_light_geom_gate_0p100,,,0.1
raw_light_geom_gate_0p100,light_geometry_gate,False,0.3,0.7719669526428131,0.7518009168303864,0.6485875706214689,0.985974025974026,1527,27,313,1148,0.7031263760404212,0.5681086787636371,0.519758205271198,4e6727f2b195c481284dab6fe25ec401174f6c7c4c2c9b7d6af8fa351de51dd7,55b04bab5a68a47b442272ec7d75195c9dc72744b4486ff995979fef7f80e4d2,raw_light_geom_gate_0p100,,,0.1
raw_light_geom_gate_0p100,light_geometry_gate,False,0.35,0.7742761399651943,0.7822128851540616,0.6310734463276836,0.9885714285714285,1428,22,257,1117,0.7031263760404212,0.5681086787636371,0.519758205271198,4e6727f2b195c481284dab6fe25ec401174f6c7c4c2c9b7d6af8fa351de51dd7,ec8133de0a23d89a47d7181ebfeca3a95e5e59924b6bc826998a736099085a60,raw_light_geom_gate_0p100,,,0.1
raw_light_geom_gate_0p100,light_geometry_gate,False,0.4,0.7700930880485314,0.8096676737160121,0.6056497175141243,0.9906493506493507,1324,18,208,1072,0.7031263760404212,0.5681086787636371,0.519758205271198,4e6727f2b195c481284dab6fe25ec401174f6c7c4c2c9b7d6af8fa351de51dd7,c130adef3e9b8bc7decbf29d41ade3993ae66faeaeff3531d44c676f26e11210,raw_light_geom_gate_0p100,,,0.1
raw_light_geom_gate_0p100,light_geometry_gate,False,0.438871237302421,0.7644156712885541,0.8257756563245824,0.5864406779661017,0.9916883116883117,1257,16,177,1038,0.7031263760404212,0.5681086787636371,0.519758205271198,4e6727f2b195c481284dab6fe25ec401174f6c7c4c2c9b7d6af8fa351de51dd7,9b91dc7aea20200fb9543df7d0fcb2098bb9b4952907847a3c690e3c92a20969,raw_light_geom_gate_0p100,,,0.1
raw_light_geom_gate_0p100,light_geometry_gate,False,0.5,0.7561921911739499,0.8581375108790252,0.5570621468926553,0.9932467532467533,1149,13,128,986,0.7031263760404212,0.5681086787636371,0.519758205271198,4e6727f2b195c481284dab6fe25ec401174f6c7c4c2c9b7d6af8fa351de51dd7,435de46deba764fdc4fbfa4cf3145e4b6bf38456465c525e0f9e8c6e8d944ec2,raw_light_geom_gate_0p100,,,0.1
raw_light_geom_gate_0p100,light_geometry_gate,False,0.6,0.7217876485273454,0.8873096446700508,0.4937853107344633,0.9958441558441559,985,8,88,874,0.7031263760404212,0.5681086787636371,0.519758205271198,4e6727f2b195c481284dab6fe25ec401174f6c7c4c2c9b7d6af8fa351de51dd7,b1ea70cff8c6256ff0f41eb689dc6148f74bd4f697d54667285972dd01a5feea,raw_light_geom_gate_0p100,,,0.1
raw_light_geom_gate_0p100,light_geometry_gate,False,0.7,0.6822266648912545,0.9315403422982885,0.43050847457627117,0.9989610389610389,818,2,47,762,0.7031263760404212,0.5681086787636371,0.519758205271198,4e6727f2b195c481284dab6fe25ec401174f6c7c4c2c9b7d6af8fa351de51dd7,27025ea70a9a08a473be3efac508fac551ae9070275e28fc31f47b4e1d282d96,raw_light_geom_gate_0p100,,,0.1
raw_light_geom_gate_0p100,light_geometry_gate,False,0.790633623775418,0.6056612251788039,0.9650238473767886,0.34293785310734465,0.9989610389610389,629,2,16,607,0.7031263760404212,0.5681086787636371,0.519758205271198,4e6727f2b195c481284dab6fe25ec401174f6c7c4c2c9b7d6af8fa351de51dd7,e06304ccced174396b5f67c8bc2b6a7322badb5b1da61077c8823b9a1cdfeefd,raw_light_geom_gate_0p100,,,0.1
raw_light_geom_gate_0p100,light_geometry_gate,False,0.8,0.5897099229645347,0.9666666666666667,0.327683615819209,0.9989610389610389,600,2,14,580,0.7031263760404212,0.5681086787636371,0.519758205271198,4e6727f2b195c481284dab6fe25ec401174f6c7c4c2c9b7d6af8fa351de51dd7,6b9d68730eadc3f19905e4bdd755571e122c377d32c2fc33d10dffebb8e4139c,raw_light_geom_gate_0p100,,,0.1
raw_light_geom_gate_0p100,light_geometry_gate,False,0.9,0.39108704706372344,0.9842767295597484,0.1768361581920904,1.0,318,0,4,313,0.7031263760404212,0.5681086787636371,0.519758205271198,4e6727f2b195c481284dab6fe25ec401174f6c7c4c2c9b7d6af8fa351de51dd7,1a6c0d57e239ba7bf8458777e8c28c8063c0033e40bfb79df1a302901210fb06,raw_light_geom_gate_0p100,,,0.1
raw_light_geom_gate_0p100,light_geometry_gate,False,0.9796265641050924,0.001693002257336343,1.0,0.0005649717514124294,1.0,1,0,0,1,0.7031263760404212,0.5681086787636371,0.519758205271198,4e6727f2b195c481284dab6fe25ec401174f6c7c4c2c9b7d6af8fa351de51dd7,3bc84dbea1efbb2ed1e12876be81779c7cc248038773b482c76aa917a6211173,raw_light_geom_gate_0p100,,,0.1
raw_light_geom_gate_0p200,light_geometry_gate,False,0.0017099790824878138,0.3401511187006152,0.15795056751882888,0.8412429378531073,0.7693506493506493,9427,444,7099,1489,0.7029531137570183,0.5677256706255974,0.5194225498845217,270a2811d4b129e3a57ea8f2b2e3221dda1accc1434e8942efbe7711c5f83870,20734f29c8a26b6fdbeed2d087ed06d86fa25c586bee61d52694527435c54b1c,raw_light_geom_gate_0p200,,,0.2
raw_light_geom_gate_0p200,light_geometry_gate,False,0.004939025296718903,0.4501242085031546,0.23436754176610977,0.8322033898305085,0.8358441558441558,6285,316,4227,1473,0.7029531137570183,0.5677256706255974,0.5194225498845217,270a2811d4b129e3a57ea8f2b2e3221dda1accc1434e8942efbe7711c5f83870,35e4b450d2bcaf819192f6bcb5ec9c12ea8580df21e264619d289041240b4656,raw_light_geom_gate_0p200,,,0.2
raw_light_geom_gate_0p200,light_geometry_gate,False,0.021132549268878503,0.6038418474960277,0.3789445770352692,0.8073446327683615,0.9168831168831169,3771,160,2034,1429,0.7029531137570183,0.5677256706255974,0.5194225498845217,270a2811d4b129e3a57ea8f2b2e3221dda1accc1434e8942efbe7711c5f83870,cc0341bd08a60dfea14ee2fb04ff645981684fc8dde880b317ae3a05ba671325,raw_light_geom_gate_0p200,,,0.2
raw_light_geom_gate_0p200,light_geometry_gate,False,0.05,0.6825716709075488,0.4864101659018708,0.7785310734463277,0.948051948051948,2833,100,1256,1378,0.7029531137570183,0.5677256706255974,0.5194225498845217,270a2811d4b129e3a57ea8f2b2e3221dda1accc1434e8942efbe7711c5f83870,1b75fc356a2ae713d32e4102e1777d05bb755e543889ac8237ead5f05a41130d,raw_light_geom_gate_0p200,,,0.2
raw_light_geom_gate_0p200,light_geometry_gate,False,0.0748902918245052,0.7111712834029147,0.5369928400954654,0.7627118644067796,0.9568831168831169,2514,83,998,1350,0.7029531137570183,0.5677256706255974,0.5194225498845217,270a2811d4b129e3a57ea8f2b2e3221dda1accc1434e8942efbe7711c5f83870,2d7d6ffcdbb323011794cd94fbfabd794e151ec6b2ad3fe125e8c59c0d7d4539,raw_light_geom_gate_0p200,,,0.2
raw_light_geom_gate_0p200,light_geometry_gate,False,0.1,0.7336023063926019,0.5828924162257496,0.7468926553672316,0.9662337662337662,2268,65,805,1322,0.7029531137570183,0.5677256706255974,0.5194225498845217,270a2811d4b129e3a57ea8f2b2e3221dda1accc1434e8942efbe7711c5f83870,b02b4caad029286f80d467ed226c9c7db732c59cd60ef7a737e2cf0758789800,raw_light_geom_gate_0p200,,,0.2
raw_light_geom_gate_0p200,light_geometry_gate,False,0.15,0.7537735338756685,0.6398390342052314,0.7186440677966102,0.9750649350649351,1988,48,608,1272,0.7029531137570183,0.5677256706255974,0.5194225498845217,270a2811d4b129e3a57ea8f2b2e3221dda1accc1434e8942efbe7711c5f83870,3f2ecbb61c69eb76b22ca3a1bc4b6b4552cab133c7f604fbdc2bbb755f90db67,raw_light_geom_gate_0p200,,,0.2
raw_light_geom_gate_0p200,light_geometry_gate,False,0.2,0.7625575847059132,0.6836506159014558,0.6898305084745763,0.9787012987012987,1786,41,473,1221,0.7029531137570183,0.5677256706255974,0.5194225498845217,270a2811d4b129e3a57ea8f2b2e3221dda1accc1434e8942efbe7711c5f83870,427c0ed2d268e65cd1c1a2f65b5cd4933826d5686feaf700d1cc8f84d92c01a9,raw_light_geom_gate_0p200,,,0.2
raw_light_geom_gate_0p200,light_geometry_gate,False,0.25,0.7713358300285512,0.7276648182378311,0.6672316384180791,0.9838961038961039,1623,31,366,1181,0.7029531137570183,0.5677256706255974,0.5194225498845217,270a2811d4b129e3a57ea8f2b2e3221dda1accc1434e8942efbe7711c5f83870,da726fae62c18e143d03a586b6bbf3256024c1d6918f31b3945f6b1014730d4e,raw_light_geom_gate_0p200,,,0.2
raw_light_geom_gate_0p200,light_geometry_gate,False,0.3,0.7727897606067788,0.7566137566137566,0.6463276836158192,0.987012987012987,1512,25,305,1144,0.7029531137570183,0.5677256706255974,0.5194225498845217,270a2811d4b129e3a57ea8f2b2e3221dda1accc1434e8942efbe7711c5f83870,21da66dfdefed51f3b799ad4ef8504999b4b396d06a4c6ddfaf3fe49a9d1b3c8,raw_light_geom_gate_0p200,,,0.2
raw_light_geom_gate_0p200,light_geometry_gate,False,0.35,0.7737851643669376,0.78708303761533,0.6265536723163841,0.9896103896103896,1409,20,251,1109,0.7029531137570183,0.5677256706255974,0.5194225498845217,270a2811d4b129e3a57ea8f2b2e3221dda1accc1434e8942efbe7711c5f83870,28a6b98b1e719da2b36a32ddafcb726d62c0f8e2798d69a933705488a9bb6b2c,raw_light_geom_gate_0p200,,,0.2
raw_light_geom_gate_0p200,light_geometry_gate,False,0.4,0.7699534402692081,0.8149847094801224,0.6022598870056497,0.9911688311688311,1308,17,199,1066,0.7029531137570183,0.5677256706255974,0.5194225498845217,270a2811d4b129e3a57ea8f2b2e3221dda1accc1434e8942efbe7711c5f83870,45c5fc481a096ddc7f60c01bd2bc8d6ca8d713809c27054ca379f4b9d356e0f3,raw_light_geom_gate_0p200,,,0.2
raw_light_geom_gate_0p200,light_geometry_gate,False,0.4319812060232719,0.7656126944319894,0.8273667462211615,0.5875706214689266,0.9922077922077922,1257,15,176,1040,0.7029531137570183,0.5677256706255974,0.5194225498845217,270a2811d4b129e3a57ea8f2b2e3221dda1accc1434e8942efbe7711c5f83870,950322bb9a8890074098b542b932ea9688e6c1acca952811a627020e5cdb1982,raw_light_geom_gate_0p200,,,0.2
raw_light_geom_gate_0p200,light_geometry_gate,False,0.5,0.7560288337100893,0.8629173989455184,0.5548022598870056,0.9932467532467533,1138,13,121,982,0.7029531137570183,0.5677256706255974,0.5194225498845217,270a2811d4b129e3a57ea8f2b2e3221dda1accc1434e8942efbe7711c5f83870,3dc3c9ea472a32c70a1c38050a78dc9756e9340eaf2515c87d896740a7b93828,raw_light_geom_gate_0p200,,,0.2
raw_light_geom_gate_0p200,light_geometry_gate,False,0.6,0.7210991479459897,0.8896833503575077,0.492090395480226,0.9958441558441559,979,8,86,871,0.7029531137570183,0.5677256706255974,0.5194225498845217,270a2811d4b129e3a57ea8f2b2e3221dda1accc1434e8942efbe7711c5f83870,a03fdba029c57fb0c2e6c1674f274037f85cc3c4161683ecdc7ba8e9ec603ddc,raw_light_geom_gate_0p200,,,0.2
raw_light_geom_gate_0p200,light_geometry_gate,False,0.7,0.6809639404134333,0.9324324324324325,0.4288135593220339,0.9989610389610389,814,2,46,759,0.7029531137570183,0.5677256706255974,0.5194225498845217,270a2811d4b129e3a57ea8f2b2e3221dda1accc1434e8942efbe7711c5f83870,0613375c221c7d1b37a7909ee6c8a3acfff2d9edb4c269508676869bc68b3777,raw_light_geom_gate_0p200,,,0.2
raw_light_geom_gate_0p200,light_geometry_gate,False,0.7896797585169648,0.6048648168881179,0.9634340222575517,0.3423728813559322,0.9989610389610389,629,2,17,606,0.7029531137570183,0.5677256706255974,0.5194225498845217,270a2811d4b129e3a57ea8f2b2e3221dda1accc1434e8942efbe7711c5f83870,a54ae9b2829fc003f6b6752fce060e0084111c8c53ca761f0d16e2d71187a8b5,raw_light_geom_gate_0p200,,,0.2
raw_light_geom_gate_0p200,light_geometry_gate,False,0.8,0.5892925474737393,0.9682274247491639,0.3271186440677966,0.9989610389610389,598,2,13,579,0.7029531137570183,0.5677256706255974,0.5194225498845217,270a2811d4b129e3a57ea8f2b2e3221dda1accc1434e8942efbe7711c5f83870,3e236fe57d37b8d2fbc8dfdc1088010e5306390f7bb99a959d40f008f2edbd8f,raw_light_geom_gate_0p200,,,0.2
raw_light_geom_gate_0p200,light_geometry_gate,False,0.9,0.3892365456821026,0.9841772151898734,0.17570621468926553,1.0,316,0,4,311,0.7029531137570183,0.5677256706255974,0.5194225498845217,270a2811d4b129e3a57ea8f2b2e3221dda1accc1434e8942efbe7711c5f83870,d01e6ab78b1ba73c0e60f91914ab736d003f2fb545a3373b10cb78d42c0877d6,raw_light_geom_gate_0p200,,,0.2
raw_light_geom_gate_0p200,light_geometry_gate,False,0.9795129257832743,0.001693002257336343,1.0,0.0005649717514124294,1.0,1,0,0,1,0.7029531137570183,0.5677256706255974,0.5194225498845217,270a2811d4b129e3a57ea8f2b2e3221dda1accc1434e8942efbe7711c5f83870,3bc84dbea1efbb2ed1e12876be81779c7cc248038773b482c76aa917a6211173,raw_light_geom_gate_0p200,,,0.2
